"Run.Number","Trial.Number","Task","Stimulus","Current.Trial.Type","Previous.Trial.Type","Previous.Trial.Type.N2","Previous.Trial.Type.N3","StimulusOnsetTime","StimulusOffsetTime","Response","RT","Accuracy","PreviousAccuracy","PreviousAccuracy.N2","Previous.Accuracy.N3"
"practice",1,"1_2_stimuli","1_1","Congruent",NA,NA,NA,1.99998,2.199979,"1!",0.621311,"Correct",NA,NA,NA
"practice",2,"3_4_stimuli","4_3","Incongruent","Congruent",NA,NA,3.999964,4.199967,"3#",0.84558,"Correct","Correct",NA,NA
"practice",3,"5_6_stimuli","6_6","Congruent","Incongruent","Congruent",NA,5.999944,6.19994,"6^",0.893528,"Correct","Correct","Correct",NA
"practice",4,"7_8_stimuli","7_7","Congruent","Congruent","Incongruent","Congruent",7.999924,8.199922,"7&",0.685879,"Correct","Correct","Correct","Correct"
"practice",5,"1_2_stimuli","1_2","Incongruent","Congruent","Congruent","Incongruent",9.999903,10.199904,"2@",0.589727,"Correct","Correct","Correct","Correct"
"practice",6,"3_4_stimuli","4_3","Incongruent","Incongruent","Congruent","Congruent",11.999898,12.199893,"3#",1.181743,"Correct","Correct","Correct","Correct"
"practice",7,"5_6_stimuli","5_6","Incongruent","Incongruent","Incongruent","Congruent",13.999868,14.199873,"6^",0.957657,"Correct","Correct","Correct","Correct"
"practice",8,"7_8_stimuli","8_7","Incongruent","Incongruent","Incongruent","Incongruent",15.999859,16.199853,"7&",0.622526,"Correct","Correct","Correct","Correct"
"practice",9,"1_2_stimuli","2_2","Congruent","Incongruent","Incongruent","Incongruent",17.99984,18.199839,"2@",0.605394,"Correct","Correct","Correct","Correct"
"practice",10,"3_4_stimuli","3_3","Congruent","Congruent","Incongruent","Incongruent",19.999825,20.199817,"3#",0.622709,"Correct","Correct","Correct","Correct"
"practice",11,"5_6_stimuli","5_5","Congruent","Congruent","Congruent","Incongruent",21.999801,22.199804,"4$",0.781896,"Error","Correct","Correct","Correct"
"practice",12,"7_8_stimuli","8_7","Incongruent","Congruent","Congruent","Congruent",23.999776,24.199781,"7&",1.06992,"Correct","Error","Correct","Correct"
"practice",13,"1_2_stimuli","1_1","Congruent","Incongruent","Congruent","Congruent",25.999763,26.199761,"1!",0.749693,"Correct","Correct","Error","Correct"
"practice",14,"3_4_stimuli","3_4","Incongruent","Congruent","Incongruent","Congruent",27.999752,28.199745,"5%",0.893942,"Error","Correct","Correct","Error"
"practice",15,"5_6_stimuli","6_5","Incongruent","Incongruent","Congruent","Incongruent",29.999726,30.19975,"5%",0.701734,"Correct","Error","Correct","Correct"
"practice",16,"7_8_stimuli","8_8","Congruent","Incongruent","Incongruent","Congruent",31.999714,32.199715,"8*",1.213974,"Correct","Correct","Error","Correct"
"practice",17,"1_2_stimuli","1_2","Incongruent","Congruent","Incongruent","Incongruent",33.999691,34.199691,"2@",0.702352,"Correct","Correct","Correct","Error"
"practice",18,"3_4_stimuli","4_3","Incongruent","Incongruent","Congruent","Incongruent",35.99967,36.199683,"3#",0.797757,"Correct","Correct","Correct","Correct"
"practice",19,"5_6_stimuli","6_6","Congruent","Incongruent","Incongruent","Congruent",37.999653,38.199659,"6^",1.005943,"Correct","Correct","Correct","Correct"
"practice",20,"7_8_stimuli","8_7","Incongruent","Congruent","Incongruent","Incongruent",39.999639,40.199643,"7&",0.606076,"Correct","Correct","Correct","Correct"
"practice",21,"1_2_stimuli","2_2","Congruent","Incongruent","Congruent","Incongruent",41.999621,42.199628,"2@",0.510038,"Correct","Correct","Correct","Correct"
"practice",22,"3_4_stimuli","3_3","Congruent","Congruent","Incongruent","Congruent",43.999607,44.199601,"3#",1.021642,"Correct","Correct","Correct","Correct"
"practice",23,"5_6_stimuli","5_6","Incongruent","Congruent","Congruent","Incongruent",45.999582,46.199581,"6^",1.310324,"Correct","Correct","Correct","Correct"
"practice",24,"7_8_stimuli","7_7","Congruent","Incongruent","Congruent","Congruent",47.999574,48.199557,"7&",0.686828,"Correct","Correct","Correct","Correct"
"practice",25,"1_2_stimuli","1_1","Congruent","Congruent","Incongruent","Congruent",49.999548,50.199539,"1!",0.670063,"Correct","Correct","Correct","Correct"
"practice",26,"3_4_stimuli","3_3","Congruent","Congruent","Congruent","Incongruent",51.999528,52.199526,"3#",0.702131,"Correct","Correct","Correct","Correct"
"practice",27,"5_6_stimuli","5_6","Incongruent","Congruent","Congruent","Congruent",53.999515,54.199512,"6^",0.973934,"Correct","Correct","Correct","Correct"
"practice",28,"7_8_stimuli","7_8","Incongruent","Incongruent","Congruent","Congruent",55.999499,56.199497,"8*",0.798201,"Correct","Correct","Correct","Correct"
"practice",29,"1_2_stimuli","2_2","Congruent","Incongruent","Incongruent","Congruent",57.999479,58.199478,"2@",0.558471,"Correct","Correct","Correct","Correct"
"practice",30,"3_4_stimuli","3_4","Incongruent","Congruent","Incongruent","Incongruent",59.999451,60.199462,"3#",0.878392,"Error","Correct","Correct","Correct"
"practice",31,"5_6_stimuli","6_6","Congruent","Incongruent","Congruent","Incongruent",61.999437,62.199431,"6^",0.877916,"Correct","Error","Correct","Correct"
"practice",32,"7_8_stimuli","7_8","Incongruent","Congruent","Incongruent","Congruent",63.999415,64.199432,"7&",0.622012,"Error","Correct","Error","Correct"
"practice",33,"1_2_stimuli","2_1","Incongruent","Incongruent","Congruent","Incongruent",65.999398,66.199408,"1!",0.557858,"Correct","Error","Correct","Error"
"practice",34,"3_4_stimuli","4_4","Congruent","Incongruent","Incongruent","Congruent",67.999386,68.199381,"3#",1.342178,"Error","Correct","Error","Correct"
"practice",35,"5_6_stimuli","5_5","Congruent","Congruent","Incongruent","Incongruent",69.999368,70.19937,"5%",0.942125,"Correct","Error","Correct","Error"
"practice",36,"7_8_stimuli","8_7","Incongruent","Congruent","Congruent","Incongruent",71.999351,72.199354,"7&",0.750231,"Correct","Correct","Error","Correct"
"practice",37,"1_2_stimuli","2_1","Incongruent","Incongruent","Congruent","Congruent",73.999341,74.199329,"1!",0.718173,"Correct","Correct","Correct","Error"
"practice",38,"3_4_stimuli","4_3","Incongruent","Incongruent","Incongruent","Congruent",75.999312,76.199307,"3#",1.022475,"Correct","Correct","Correct","Correct"
"practice",39,"5_6_stimuli","5_6","Incongruent","Incongruent","Incongruent","Incongruent",77.99929,78.199306,"Omission",5000,"Omission","Correct","Correct","Correct"
"practice",40,"7_8_stimuli","7_7","Congruent","Incongruent","Incongruent","Incongruent",79.999279,80.199278,"7&",0.58987,"Correct","Omission","Correct","Correct"
"practice",41,"1_2_stimuli","1_1","Congruent","Congruent","Incongruent","Incongruent",81.999258,82.199253,"1!",0.590108,"Correct","Correct","Omission","Correct"
"practice",42,"3_4_stimuli","3_4","Incongruent","Congruent","Congruent","Incongruent",83.999247,84.199234,"3#",0.798438,"Error","Correct","Correct","Omission"
"practice",43,"5_6_stimuli","6_6","Congruent","Incongruent","Congruent","Congruent",85.999225,86.199226,"6^",0.910591,"Correct","Error","Correct","Correct"
"practice",44,"7_8_stimuli","8_8","Congruent","Congruent","Incongruent","Congruent",87.999206,88.199207,"7&",0.766764,"Error","Correct","Error","Correct"
"practice",45,"1_2_stimuli","1_1","Congruent","Congruent","Congruent","Incongruent",89.999191,90.199202,"1!",0.494698,"Correct","Error","Correct","Error"
"practice",46,"3_4_stimuli","4_4","Congruent","Congruent","Congruent","Congruent",91.999173,92.199168,"Omission",5000,"Omission","Correct","Error","Correct"
"practice",47,"5_6_stimuli","5_5","Congruent","Congruent","Congruent","Congruent",93.999152,94.199156,"5%",1.038266,"Correct","Omission","Correct","Error"
"practice",48,"7_8_stimuli","7_7","Congruent","Congruent","Congruent","Congruent",95.999134,96.199132,"7&",1.390287,"Correct","Correct","Omission","Correct"
"practice",49,"1_2_stimuli","1_2","Incongruent","Congruent","Congruent","Congruent",97.999113,98.199113,"2@",0.702754,"Correct","Correct","Correct","Omission"
"practice",50,"3_4_stimuli","3_3","Congruent","Incongruent","Congruent","Congruent",99.999099,100.199095,"3#",0.57465,"Correct","Correct","Correct","Correct"
"practice",51,"5_6_stimuli","6_5","Incongruent","Congruent","Incongruent","Congruent",101.999076,102.199083,"5%",1.134688,"Correct","Correct","Correct","Correct"
"practice",52,"7_8_stimuli","7_7","Congruent","Incongruent","Congruent","Incongruent",103.999062,104.199061,"7&",0.798297,"Correct","Correct","Correct","Correct"
"practice",53,"1_2_stimuli","1_2","Incongruent","Congruent","Incongruent","Congruent",105.999046,106.199045,"2@",0.558459,"Correct","Correct","Correct","Correct"
"practice",54,"3_4_stimuli","4_4","Congruent","Incongruent","Congruent","Incongruent",107.99903,108.199035,"4$",0.83052,"Correct","Correct","Correct","Correct"
"practice",55,"5_6_stimuli","6_6","Congruent","Congruent","Incongruent","Congruent",109.999015,110.199002,"6^",0.862713,"Correct","Correct","Correct","Correct"
"practice",56,"7_8_stimuli","8_8","Congruent","Congruent","Congruent","Incongruent",111.998989,112.198985,"8*",0.766894,"Correct","Correct","Correct","Correct"
"practice",57,"1_2_stimuli","2_2","Congruent","Congruent","Congruent","Congruent",113.99897,114.198945,"2@",0.718474,"Correct","Correct","Correct","Correct"
"practice",58,"3_4_stimuli","4_3","Incongruent","Congruent","Congruent","Congruent",115.998956,116.198951,"3#",0.878614,"Correct","Correct","Correct","Correct"
"practice",59,"5_6_stimuli","6_5","Incongruent","Incongruent","Congruent","Congruent",117.998939,118.198929,"5%",0.767166,"Correct","Correct","Correct","Correct"
"practice",60,"7_8_stimuli","7_8","Incongruent","Incongruent","Incongruent","Congruent",119.998918,120.198939,"8*",0.654682,"Correct","Correct","Correct","Correct"
"practice",61,"1_2_stimuli","2_1","Incongruent","Incongruent","Incongruent","Incongruent",121.998911,122.198913,"1!",0.494238,"Correct","Correct","Correct","Correct"
"practice",62,"3_4_stimuli","4_4","Congruent","Incongruent","Incongruent","Incongruent",123.99888,124.198877,"4$",0.878367,"Correct","Correct","Correct","Correct"
"practice",63,"5_6_stimuli","6_5","Incongruent","Congruent","Incongruent","Incongruent",125.998877,126.19886,"5%",0.430844,"Correct","Correct","Correct","Correct"
"practice",64,"7_8_stimuli","7_8","Incongruent","Incongruent","Congruent","Incongruent",127.998846,128.19884,"8*",0.590796,"Correct","Correct","Correct","Correct"
"practice",65,"1_2_stimuli","2_1","Incongruent","Incongruent","Incongruent","Congruent",129.998828,130.198832,"1!",0.510634,"Correct","Correct","Correct","Correct"
"practice",66,"3_4_stimuli","3_4","Incongruent","Incongruent","Incongruent","Incongruent",131.998814,132.198803,"4$",0.79886,"Correct","Correct","Correct","Correct"
"practice",67,"5_6_stimuli","5_5","Congruent","Incongruent","Incongruent","Incongruent",133.998795,134.198788,"5%",0.591129,"Correct","Correct","Correct","Correct"
"practice",68,"7_8_stimuli","8_8","Congruent","Congruent","Incongruent","Incongruent",135.998776,136.198774,"8*",0.543131,"Correct","Correct","Correct","Correct"
"1",1,"1_2_stimuli","1_1","Congruent",NA,NA,NA,1.999987,2.199985,"1!",0.582246,"Correct",NA,NA,NA
"1",2,"3_4_stimuli","3_4","Incongruent","Congruent",NA,NA,3.999971,4.199961,"4$",0.838358,"Correct","Correct",NA,NA
"1",3,"5_6_stimuli","5_6","Incongruent","Incongruent","Congruent",NA,5.999948,6.199952,"6^",0.966422,"Correct","Correct","Correct",NA
"1",4,"7_8_stimuli","7_7","Congruent","Incongruent","Incongruent","Congruent",7.999928,8.199937,"7&",0.982324,"Correct","Correct","Correct","Correct"
"1",5,"1_2_stimuli","2_2","Congruent","Congruent","Incongruent","Incongruent",9.999918,10.199914,"2@",0.950324,"Correct","Correct","Correct","Correct"
"1",6,"3_4_stimuli","4_4","Congruent","Congruent","Congruent","Incongruent",11.999892,12.199892,"4$",0.870491,"Correct","Correct","Correct","Correct"
"1",7,"5_6_stimuli","6_6","Congruent","Congruent","Congruent","Congruent",13.999871,14.199884,"6^",0.870211,"Correct","Correct","Correct","Correct"
"1",8,"7_8_stimuli","7_7","Congruent","Congruent","Congruent","Congruent",15.99986,16.199864,"7&",0.822405,"Correct","Correct","Correct","Correct"
"1",9,"1_2_stimuli","1_2","Incongruent","Congruent","Congruent","Congruent",17.999834,18.199839,"2@",0.66251,"Correct","Correct","Correct","Correct"
"1",10,"3_4_stimuli","4_4","Congruent","Incongruent","Congruent","Congruent",19.999833,20.199824,"4$",0.918523,"Correct","Correct","Correct","Correct"
"1",11,"5_6_stimuli","6_6","Congruent","Congruent","Incongruent","Congruent",21.999807,22.19981,"6^",0.918466,"Correct","Correct","Correct","Correct"
"1",12,"7_8_stimuli","7_7","Congruent","Congruent","Congruent","Incongruent",23.999794,24.199787,"7&",0.870503,"Correct","Correct","Correct","Correct"
"1",13,"1_2_stimuli","1_1","Congruent","Congruent","Congruent","Congruent",25.999774,26.199773,"1!",0.502867,"Correct","Correct","Correct","Correct"
"1",14,"3_4_stimuli","3_3","Congruent","Congruent","Congruent","Congruent",27.999753,28.199758,"3#",0.694353,"Correct","Correct","Correct","Correct"
"1",15,"5_6_stimuli","5_6","Incongruent","Congruent","Congruent","Congruent",29.999744,30.199733,"6^",0.67818,"Correct","Correct","Correct","Correct"
"1",16,"7_8_stimuli","7_8","Incongruent","Incongruent","Congruent","Congruent",31.999724,32.199715,"8*",0.902748,"Correct","Correct","Correct","Correct"
"1",17,"1_2_stimuli","2_1","Incongruent","Incongruent","Incongruent","Congruent",33.999702,34.199705,"1!",0.502365,"Correct","Correct","Correct","Correct"
"1",18,"3_4_stimuli","4_4","Congruent","Incongruent","Incongruent","Incongruent",35.999681,36.199678,"4$",1.09496,"Correct","Correct","Correct","Correct"
"1",19,"5_6_stimuli","5_5","Congruent","Congruent","Incongruent","Incongruent",37.999662,38.199664,"5%",1.014543,"Correct","Correct","Correct","Correct"
"1",20,"7_8_stimuli","7_8","Incongruent","Congruent","Congruent","Incongruent",39.999648,40.199647,"8*",0.678921,"Correct","Correct","Correct","Correct"
"1",21,"1_2_stimuli","1_1","Congruent","Incongruent","Congruent","Congruent",41.999626,42.199636,"1!",0.470744,"Correct","Correct","Correct","Correct"
"1",22,"3_4_stimuli","3_3","Congruent","Congruent","Incongruent","Congruent",43.999614,44.199612,"3#",0.806932,"Correct","Correct","Correct","Correct"
"1",23,"5_6_stimuli","6_6","Congruent","Congruent","Congruent","Incongruent",45.999594,46.199593,"6^",0.870707,"Correct","Correct","Correct","Correct"
"1",24,"7_8_stimuli","8_7","Incongruent","Congruent","Congruent","Congruent",47.999577,48.199568,"7&",0.550708,"Correct","Correct","Correct","Correct"
"1",25,"1_2_stimuli","2_1","Incongruent","Incongruent","Congruent","Congruent",49.999549,50.199563,"1!",0.422723,"Correct","Correct","Correct","Correct"
"1",26,"3_4_stimuli","3_3","Congruent","Incongruent","Incongruent","Congruent",51.999531,52.199541,"3#",0.695237,"Correct","Correct","Correct","Correct"
"1",27,"5_6_stimuli","5_6","Incongruent","Congruent","Incongruent","Incongruent",53.999513,54.199527,"6^",0.950907,"Correct","Correct","Correct","Correct"
"1",28,"7_8_stimuli","8_8","Congruent","Incongruent","Congruent","Incongruent",55.999502,56.199503,"7&",0.839271,"Error","Correct","Correct","Correct"
"1",29,"1_2_stimuli","1_2","Incongruent","Congruent","Incongruent","Congruent",57.999487,58.199479,"2@",0.966855,"Correct","Error","Correct","Correct"
"1",30,"3_4_stimuli","4_3","Incongruent","Incongruent","Congruent","Incongruent",59.999468,60.199463,"3#",0.838959,"Correct","Correct","Error","Correct"
"1",31,"5_6_stimuli","5_6","Incongruent","Incongruent","Incongruent","Congruent",61.999466,62.199456,"6^",0.983047,"Correct","Correct","Correct","Error"
"1",32,"7_8_stimuli","8_7","Incongruent","Incongruent","Incongruent","Incongruent",63.999426,64.199438,"Omission",5000,"Omission","Correct","Correct","Correct"
"1",33,"1_2_stimuli","1_2","Incongruent","Incongruent","Incongruent","Incongruent",65.999418,66.199418,"1!",0.486835,"Error","Omission","Correct","Correct"
"1",34,"3_4_stimuli","3_4","Incongruent","Incongruent","Incongruent","Incongruent",67.999391,68.199399,"4$",1.063466,"Correct","Error","Omission","Correct"
"1",35,"5_6_stimuli","5_5","Congruent","Incongruent","Incongruent","Incongruent",69.999374,70.199375,"5%",0.998718,"Correct","Correct","Error","Omission"
"1",36,"7_8_stimuli","8_8","Congruent","Congruent","Incongruent","Incongruent",71.99937,72.199355,"Omission",5000,"Omission","Correct","Correct","Error"
"1",37,"1_2_stimuli","2_2","Congruent","Congruent","Congruent","Incongruent",73.999334,74.199336,"2@",0.887406,"Correct","Omission","Correct","Correct"
"1",38,"3_4_stimuli","4_3","Incongruent","Congruent","Congruent","Congruent",75.999325,76.199321,"3#",0.807118,"Correct","Correct","Omission","Correct"
"1",39,"5_6_stimuli","6_5","Incongruent","Incongruent","Congruent","Congruent",77.999306,78.199305,"5%",0.950922,"Correct","Correct","Correct","Omission"
"1",40,"7_8_stimuli","8_7","Incongruent","Incongruent","Incongruent","Congruent",79.999291,80.199283,"7&",0.775163,"Correct","Correct","Correct","Correct"
"1",41,"1_2_stimuli","1_1","Congruent","Incongruent","Incongruent","Incongruent",81.999267,82.199262,"1!",0.502775,"Correct","Correct","Correct","Correct"
"1",42,"3_4_stimuli","3_4","Incongruent","Congruent","Incongruent","Incongruent",83.999253,84.199246,"4$",1.158875,"Correct","Correct","Correct","Correct"
"1",43,"5_6_stimuli","6_5","Incongruent","Incongruent","Congruent","Incongruent",85.999226,86.199224,"5%",0.614932,"Correct","Correct","Correct","Correct"
"1",44,"7_8_stimuli","7_7","Congruent","Incongruent","Incongruent","Congruent",87.999217,88.199208,"7&",0.887183,"Correct","Correct","Correct","Correct"
"1",45,"1_2_stimuli","2_1","Incongruent","Congruent","Incongruent","Incongruent",89.999196,90.199198,"1!",0.807261,"Correct","Correct","Correct","Correct"
"1",46,"3_4_stimuli","4_4","Congruent","Incongruent","Congruent","Incongruent",91.999181,92.199181,"4$",0.775346,"Correct","Correct","Correct","Correct"
"1",47,"5_6_stimuli","5_6","Incongruent","Congruent","Incongruent","Congruent",93.999155,94.199167,"6^",0.918979,"Correct","Correct","Correct","Correct"
"1",48,"7_8_stimuli","7_8","Incongruent","Incongruent","Congruent","Incongruent",95.999149,96.199139,"8*",0.679101,"Correct","Correct","Correct","Correct"
"1",49,"1_2_stimuli","1_1","Congruent","Incongruent","Incongruent","Congruent",97.999128,98.199117,"1!",0.503026,"Correct","Correct","Correct","Correct"
"1",50,"3_4_stimuli","3_3","Congruent","Congruent","Incongruent","Incongruent",99.999109,100.199106,"3#",0.695066,"Correct","Correct","Correct","Correct"
"1",51,"5_6_stimuli","6_5","Incongruent","Congruent","Congruent","Incongruent",101.999094,102.199085,"5%",0.887263,"Correct","Correct","Correct","Correct"
"1",52,"7_8_stimuli","8_8","Congruent","Incongruent","Congruent","Congruent",103.999068,104.199073,"8*",0.759067,"Correct","Correct","Correct","Correct"
"1",53,"1_2_stimuli","2_2","Congruent","Congruent","Incongruent","Congruent",105.999061,106.199051,"2@",0.74325,"Correct","Correct","Correct","Correct"
"1",54,"3_4_stimuli","3_4","Incongruent","Congruent","Congruent","Incongruent",107.999035,108.199032,"4$",1.111311,"Correct","Correct","Correct","Correct"
"1",55,"5_6_stimuli","5_5","Congruent","Incongruent","Congruent","Congruent",109.999017,110.199016,"5%",0.951136,"Correct","Correct","Correct","Correct"
"1",56,"7_8_stimuli","7_8","Incongruent","Congruent","Incongruent","Congruent",111.999005,112.198993,"8*",0.711433,"Correct","Correct","Correct","Correct"
"1",57,"1_2_stimuli","2_2","Congruent","Incongruent","Congruent","Incongruent",113.998987,114.198979,"2@",0.87135,"Correct","Correct","Correct","Correct"
"1",58,"3_4_stimuli","4_3","Incongruent","Congruent","Incongruent","Congruent",115.998967,116.198963,"3#",0.758924,"Correct","Correct","Correct","Correct"
"1",59,"5_6_stimuli","6_6","Congruent","Incongruent","Congruent","Incongruent",117.998948,118.198944,"5%",1.063476,"Error","Correct","Correct","Correct"
"1",60,"7_8_stimuli","7_7","Congruent","Congruent","Incongruent","Congruent",119.998934,120.198927,"7&",0.75913,"Correct","Error","Correct","Correct"
"1",61,"1_2_stimuli","2_1","Incongruent","Congruent","Congruent","Incongruent",121.998909,122.198908,"1!",0.551551,"Correct","Correct","Error","Correct"
"1",62,"3_4_stimuli","4_3","Incongruent","Incongruent","Congruent","Congruent",123.998903,124.198896,"3#",0.727563,"Correct","Correct","Correct","Error"
"1",63,"5_6_stimuli","5_5","Congruent","Incongruent","Incongruent","Congruent",125.998881,126.198877,"5%",0.871497,"Correct","Correct","Correct","Correct"
"1",64,"7_8_stimuli","8_7","Incongruent","Congruent","Incongruent","Incongruent",127.998861,128.198856,"7&",0.695609,"Correct","Correct","Correct","Correct"
"1",65,"1_2_stimuli","1_2","Incongruent","Incongruent","Congruent","Incongruent",129.998845,130.198837,"2@",0.663588,"Correct","Correct","Correct","Correct"
"1",66,"3_4_stimuli","3_4","Incongruent","Incongruent","Incongruent","Congruent",131.998816,132.198818,"4$",1.095053,"Correct","Correct","Correct","Correct"
"1",67,"5_6_stimuli","6_5","Incongruent","Incongruent","Incongruent","Incongruent",133.998806,134.198798,"5%",0.999684,"Correct","Correct","Correct","Correct"
"1",68,"7_8_stimuli","8_8","Congruent","Incongruent","Incongruent","Incongruent",135.998788,136.198793,"8*",0.711346,"Correct","Correct","Correct","Correct"
"2",1,"1_2_stimuli","2_2","Congruent",NA,NA,NA,1.999977,2.199977,"2@",0.717119,"Correct",NA,NA,NA
"2",2,"3_4_stimuli","4_4","Congruent","Congruent",NA,NA,3.999957,4.199948,"4$",1.164833,"Correct","Correct",NA,NA
"2",3,"5_6_stimuli","5_6","Incongruent","Congruent","Congruent",NA,5.999936,6.199946,"6^",1.212677,"Correct","Correct","Correct",NA
"2",4,"7_8_stimuli","8_7","Incongruent","Incongruent","Congruent","Congruent",7.999926,8.199922,"7&",1.212887,"Correct","Correct","Correct","Correct"
"2",5,"1_2_stimuli","1_2","Incongruent","Incongruent","Incongruent","Congruent",9.999904,10.199909,"2@",0.84503,"Correct","Correct","Correct","Correct"
"2",6,"3_4_stimuli","3_3","Congruent","Incongruent","Incongruent","Incongruent",11.999886,12.19989,"3#",0.733003,"Correct","Correct","Correct","Correct"
"2",7,"5_6_stimuli","6_6","Congruent","Congruent","Incongruent","Incongruent",13.999863,14.199867,"6^",0.940994,"Correct","Correct","Correct","Correct"
"2",8,"7_8_stimuli","7_7","Congruent","Congruent","Congruent","Incongruent",15.999851,16.199856,"7&",0.82915,"Correct","Correct","Correct","Correct"
"2",9,"1_2_stimuli","2_1","Incongruent","Congruent","Congruent","Congruent",17.999833,18.199828,"2@",0.813111,"Error","Correct","Correct","Correct"
"2",10,"3_4_stimuli","3_4","Incongruent","Incongruent","Congruent","Congruent",19.999818,20.199813,"4$",1.357342,"Correct","Error","Correct","Correct"
"2",11,"5_6_stimuli","5_5","Congruent","Incongruent","Incongruent","Congruent",21.999791,22.199799,"5%",1.148989,"Correct","Correct","Error","Correct"
"2",12,"7_8_stimuli","7_8","Incongruent","Congruent","Incongruent","Incongruent",23.999778,24.199787,"8*",0.66874,"Correct","Correct","Correct","Error"
"2",13,"1_2_stimuli","1_1","Congruent","Incongruent","Congruent","Incongruent",25.999764,26.199757,"1!",0.541121,"Correct","Correct","Correct","Correct"
"2",14,"3_4_stimuli","4_3","Incongruent","Congruent","Incongruent","Congruent",27.999753,28.19975,"3#",0.749291,"Correct","Correct","Correct","Correct"
"2",15,"5_6_stimuli","6_5","Incongruent","Incongruent","Congruent","Incongruent",29.999732,30.199721,"6^",0.765023,"Error","Correct","Correct","Correct"
"2",16,"7_8_stimuli","8_8","Congruent","Incongruent","Incongruent","Congruent",31.999709,32.199709,"8*",0.780974,"Correct","Error","Correct","Correct"
"2",17,"1_2_stimuli","1_1","Congruent","Congruent","Incongruent","Incongruent",33.999689,34.199679,"1!",0.492983,"Correct","Correct","Error","Correct"
"2",18,"3_4_stimuli","4_4","Congruent","Congruent","Congruent","Incongruent",35.99967,36.199674,"4$",0.813071,"Correct","Correct","Correct","Error"
"2",19,"5_6_stimuli","5_5","Congruent","Congruent","Congruent","Congruent",37.999664,38.19966,"5%",0.925775,"Correct","Correct","Correct","Correct"
"2",20,"7_8_stimuli","8_8","Congruent","Congruent","Congruent","Congruent",39.999635,40.199637,"8*",0.525472,"Correct","Correct","Correct","Correct"
"2",21,"1_2_stimuli","1_1","Congruent","Congruent","Congruent","Congruent",41.999614,42.199619,"1!",0.429428,"Correct","Correct","Correct","Correct"
"2",22,"3_4_stimuli","3_4","Incongruent","Congruent","Congruent","Congruent",43.99961,44.19961,"3#",0.733244,"Error","Correct","Correct","Correct"
"2",23,"5_6_stimuli","5_6","Incongruent","Incongruent","Congruent","Congruent",45.999584,46.19958,"6^",0.925136,"Correct","Error","Correct","Correct"
"2",24,"7_8_stimuli","7_8","Incongruent","Incongruent","Incongruent","Congruent",47.999573,48.199557,"8*",0.68525,"Correct","Correct","Error","Correct"
"2",25,"1_2_stimuli","1_2","Incongruent","Incongruent","Incongruent","Incongruent",49.999546,50.199551,"2@",0.668946,"Correct","Correct","Correct","Error"
"2",26,"3_4_stimuli","4_3","Incongruent","Incongruent","Incongruent","Incongruent",51.999531,52.199537,"3#",0.909174,"Correct","Correct","Correct","Correct"
"2",27,"5_6_stimuli","5_6","Incongruent","Incongruent","Incongruent","Incongruent",53.999513,54.199501,"6^",0.94141,"Correct","Correct","Correct","Correct"
"2",28,"7_8_stimuli","8_8","Congruent","Incongruent","Incongruent","Incongruent",55.999486,56.199491,"8*",0.701444,"Correct","Correct","Correct","Correct"
"2",29,"1_2_stimuli","1_2","Incongruent","Congruent","Incongruent","Incongruent",57.999485,58.199472,"2@",0.621019,"Correct","Correct","Correct","Correct"
"2",30,"3_4_stimuli","4_4","Congruent","Incongruent","Congruent","Incongruent",59.99946,60.199462,"3#",0.653682,"Error","Correct","Correct","Correct"
"2",31,"5_6_stimuli","6_6","Congruent","Congruent","Incongruent","Congruent",61.999435,62.199438,"6^",1.101237,"Correct","Error","Correct","Correct"
"2",32,"7_8_stimuli","7_8","Incongruent","Congruent","Congruent","Incongruent",63.999424,64.199419,"8*",0.717556,"Correct","Correct","Error","Correct"
"2",33,"1_2_stimuli","2_2","Congruent","Incongruent","Congruent","Congruent",65.9994,66.199409,"2@",0.542384,"Correct","Correct","Correct","Error"
"2",34,"3_4_stimuli","3_3","Congruent","Congruent","Incongruent","Congruent",67.999392,68.1994,"4$",1.0213,"Error","Correct","Correct","Correct"
"2",35,"5_6_stimuli","5_5","Congruent","Congruent","Congruent","Incongruent",69.999371,70.199361,"5%",1.197896,"Correct","Error","Correct","Correct"
"2",36,"7_8_stimuli","8_7","Incongruent","Congruent","Congruent","Congruent",71.999346,72.199353,"7&",0.749409,"Correct","Correct","Error","Correct"
"2",37,"1_2_stimuli","2_1","Incongruent","Incongruent","Congruent","Congruent",73.99933,74.199336,"1!",0.57381,"Correct","Correct","Correct","Error"
"2",38,"3_4_stimuli","4_3","Incongruent","Incongruent","Incongruent","Congruent",75.999311,76.199316,"3#",0.749603,"Correct","Correct","Correct","Correct"
"2",39,"5_6_stimuli","6_6","Congruent","Incongruent","Incongruent","Incongruent",77.999293,78.19929,"6^",0.957258,"Correct","Correct","Correct","Correct"
"2",40,"7_8_stimuli","7_7","Congruent","Congruent","Incongruent","Incongruent",79.999285,80.199273,"7&",1.181415,"Correct","Correct","Correct","Correct"
"2",41,"1_2_stimuli","1_1","Congruent","Congruent","Congruent","Incongruent",81.999263,82.199258,"1!",0.509156,"Correct","Correct","Correct","Correct"
"2",42,"3_4_stimuli","3_3","Congruent","Congruent","Congruent","Congruent",83.999241,84.199243,"3#",0.973664,"Correct","Correct","Correct","Correct"
"2",43,"5_6_stimuli","6_5","Incongruent","Congruent","Congruent","Congruent",85.999224,86.199217,"5%",1.037845,"Correct","Correct","Correct","Correct"
"2",44,"7_8_stimuli","8_8","Congruent","Incongruent","Congruent","Congruent",87.999203,88.199203,"8*",0.797627,"Correct","Correct","Correct","Correct"
"2",45,"1_2_stimuli","2_2","Congruent","Congruent","Incongruent","Congruent",89.999195,90.199196,"2@",0.541485,"Correct","Correct","Correct","Correct"
"2",46,"3_4_stimuli","3_4","Incongruent","Congruent","Congruent","Incongruent",91.999175,92.199178,"4$",1.133823,"Correct","Correct","Correct","Correct"
"2",47,"5_6_stimuli","5_5","Congruent","Incongruent","Congruent","Congruent",93.999154,94.199155,"5%",0.925458,"Correct","Correct","Correct","Correct"
"2",48,"7_8_stimuli","7_7","Congruent","Congruent","Incongruent","Congruent",95.999137,96.199138,"7&",0.717523,"Correct","Correct","Correct","Correct"
"2",49,"1_2_stimuli","2_1","Incongruent","Congruent","Congruent","Incongruent",97.99912,98.199118,"1!",0.685602,"Correct","Correct","Correct","Correct"
"2",50,"3_4_stimuli","4_4","Congruent","Incongruent","Congruent","Congruent",99.9991,100.199097,"4$",0.829753,"Correct","Correct","Correct","Correct"
"2",51,"5_6_stimuli","6_5","Incongruent","Congruent","Incongruent","Congruent",101.999087,102.19909,"5%",0.797577,"Correct","Correct","Correct","Correct"
"2",52,"7_8_stimuli","7_8","Incongruent","Incongruent","Congruent","Incongruent",103.999062,104.199062,"8*",1.054137,"Correct","Correct","Correct","Correct"
"2",53,"1_2_stimuli","2_2","Congruent","Incongruent","Incongruent","Congruent",105.99905,106.19904,"2@",0.701834,"Correct","Correct","Correct","Correct"
"2",54,"3_4_stimuli","4_3","Incongruent","Congruent","Incongruent","Incongruent",107.999031,108.199039,"3#",1.230174,"Correct","Correct","Correct","Correct"
"2",55,"5_6_stimuli","6_6","Congruent","Incongruent","Congruent","Incongruent",109.999006,110.199015,"6^",0.926163,"Correct","Correct","Correct","Correct"
"2",56,"7_8_stimuli","8_7","Incongruent","Congruent","Incongruent","Congruent",111.998997,112.198985,"7&",0.829626,"Correct","Correct","Correct","Correct"
"2",57,"1_2_stimuli","1_2","Incongruent","Incongruent","Congruent","Incongruent",113.998976,114.198981,"2@",0.606895,"Correct","Correct","Correct","Correct"
"2",58,"3_4_stimuli","4_4","Congruent","Incongruent","Incongruent","Congruent",115.998959,116.198956,"4$",0.893757,"Correct","Correct","Correct","Correct"
"2",59,"5_6_stimuli","6_5","Incongruent","Congruent","Incongruent","Incongruent",117.998945,118.198945,"5%",0.734153,"Correct","Correct","Correct","Correct"
"2",60,"7_8_stimuli","7_7","Congruent","Incongruent","Congruent","Incongruent",119.998928,120.198916,"7&",0.702104,"Correct","Correct","Correct","Correct"
"2",61,"1_2_stimuli","2_1","Incongruent","Congruent","Incongruent","Congruent",121.998901,122.198904,"1!",0.525607,"Correct","Correct","Correct","Correct"
"2",62,"3_4_stimuli","3_4","Incongruent","Incongruent","Congruent","Incongruent",123.998886,124.198898,"4$",0.845932,"Correct","Correct","Correct","Correct"
"2",63,"5_6_stimuli","5_6","Incongruent","Incongruent","Incongruent","Congruent",125.998872,126.198874,"6^",0.894056,"Correct","Correct","Correct","Correct"
"2",64,"7_8_stimuli","8_7","Incongruent","Incongruent","Incongruent","Incongruent",127.998862,128.198856,"7&",0.749896,"Correct","Correct","Correct","Correct"
"2",65,"1_2_stimuli","2_2","Congruent","Incongruent","Incongruent","Incongruent",129.998838,130.198827,"2@",0.589844,"Correct","Correct","Correct","Correct"
"2",66,"3_4_stimuli","3_3","Congruent","Congruent","Incongruent","Incongruent",131.998829,132.198819,"3#",0.718354,"Correct","Correct","Correct","Correct"
"2",67,"5_6_stimuli","5_6","Incongruent","Congruent","Congruent","Incongruent",133.998805,134.198797,"6^",0.78193,"Correct","Correct","Correct","Correct"
"2",68,"7_8_stimuli","8_7","Incongruent","Incongruent","Congruent","Congruent",135.998778,136.198786,"7&",0.525968,"Correct","Correct","Correct","Correct"
"3",1,"1_2_stimuli","1_1","Congruent",NA,NA,NA,1.99996,2.199968,"1!",1.275515,"Correct",NA,NA,NA
"3",2,"3_4_stimuli","3_4","Incongruent","Congruent",NA,NA,3.999949,4.199939,"3#",1.387284,"Error","Correct",NA,NA
"3",3,"5_6_stimuli","6_5","Incongruent","Incongruent","Congruent",NA,5.999933,6.19993,"5%",0.891065,"Correct","Error","Correct",NA
"3",4,"7_8_stimuli","7_8","Incongruent","Incongruent","Incongruent","Congruent",7.999913,8.19992,"7&",0.763125,"Error","Correct","Error","Correct"
"3",5,"1_2_stimuli","1_1","Congruent","Incongruent","Incongruent","Incongruent",9.999906,10.199895,"1!",0.523183,"Correct","Error","Correct","Error"
"3",6,"3_4_stimuli","4_3","Incongruent","Congruent","Incongruent","Incongruent",11.999877,12.199876,"3#",1.019306,"Correct","Correct","Error","Correct"
"3",7,"5_6_stimuli","6_5","Incongruent","Incongruent","Congruent","Incongruent",13.999861,14.199864,"5%",0.971657,"Correct","Correct","Correct","Error"
"3",8,"7_8_stimuli","8_8","Congruent","Incongruent","Incongruent","Congruent",15.99984,16.199843,"8*",0.635506,"Correct","Correct","Correct","Correct"
"3",9,"1_2_stimuli","1_2","Incongruent","Congruent","Incongruent","Incongruent",17.999833,18.19982,"2@",0.587919,"Correct","Correct","Correct","Correct"
"3",10,"3_4_stimuli","3_4","Incongruent","Incongruent","Congruent","Incongruent",19.99981,20.1998,"4$",0.987406,"Correct","Correct","Correct","Correct"
"3",11,"5_6_stimuli","5_6","Incongruent","Incongruent","Incongruent","Congruent",21.9998,22.199785,"Omission",5000,"Omission","Correct","Correct","Correct"
"3",12,"7_8_stimuli","8_8","Congruent","Incongruent","Incongruent","Incongruent",23.99977,24.199767,"8*",0.63544,"Correct","Omission","Correct","Correct"
"3",13,"1_2_stimuli","1_1","Congruent","Congruent","Incongruent","Incongruent",25.999751,26.199754,"1!",0.491979,"Correct","Correct","Omission","Correct"
"3",14,"3_4_stimuli","3_4","Incongruent","Congruent","Congruent","Incongruent",27.999739,28.199743,"4$",0.796244,"Correct","Correct","Correct","Omission"
"3",15,"5_6_stimuli","5_6","Incongruent","Incongruent","Congruent","Congruent",29.999725,30.19972,"6^",0.939687,"Correct","Correct","Correct","Correct"
"3",16,"7_8_stimuli","8_7","Incongruent","Incongruent","Incongruent","Congruent",31.999704,32.199706,"7&",0.699636,"Correct","Correct","Correct","Correct"
"3",17,"1_2_stimuli","2_1","Incongruent","Incongruent","Incongruent","Incongruent",33.999682,34.19968,"1!",0.667689,"Correct","Correct","Correct","Correct"
"3",18,"3_4_stimuli","4_4","Congruent","Incongruent","Incongruent","Incongruent",35.999672,36.19967,"4$",0.923463,"Correct","Correct","Correct","Correct"
"3",19,"5_6_stimuli","5_5","Congruent","Congruent","Incongruent","Incongruent",37.99965,38.199653,"5%",1.211816,"Correct","Correct","Correct","Correct"
"3",20,"7_8_stimuli","7_8","Incongruent","Congruent","Congruent","Incongruent",39.999628,40.199647,"8*",0.507431,"Correct","Correct","Correct","Correct"
"3",21,"1_2_stimuli","2_2","Congruent","Incongruent","Congruent","Congruent",41.999619,42.199607,"2@",0.459973,"Correct","Correct","Correct","Correct"
"3",22,"3_4_stimuli","4_3","Incongruent","Congruent","Incongruent","Congruent",43.999592,44.199602,"3#",0.795589,"Correct","Correct","Correct","Correct"
"3",23,"5_6_stimuli","6_6","Congruent","Incongruent","Congruent","Incongruent",45.999582,46.199584,"6^",1.035473,"Correct","Correct","Correct","Correct"
"3",24,"7_8_stimuli","8_8","Congruent","Congruent","Incongruent","Congruent",47.999559,48.199555,"8*",0.635698,"Correct","Correct","Correct","Correct"
"3",25,"1_2_stimuli","1_1","Congruent","Congruent","Congruent","Incongruent",49.999541,50.19956,"1!",0.379643,"Correct","Correct","Correct","Correct"
"3",26,"3_4_stimuli","4_4","Congruent","Congruent","Congruent","Congruent",51.999518,52.199525,"4$",0.875682,"Correct","Correct","Correct","Correct"
"3",27,"5_6_stimuli","5_6","Incongruent","Congruent","Congruent","Congruent",53.999511,54.199518,"6^",1.05185,"Correct","Correct","Correct","Correct"
"3",28,"7_8_stimuli","7_8","Incongruent","Incongruent","Congruent","Congruent",55.999484,56.199482,"8*",0.55581,"Correct","Correct","Correct","Correct"
"3",29,"1_2_stimuli","2_2","Congruent","Incongruent","Incongruent","Congruent",57.999467,58.199462,"2@",0.491947,"Correct","Correct","Correct","Correct"
"3",30,"3_4_stimuli","3_3","Congruent","Congruent","Incongruent","Incongruent",59.999446,60.199455,"3#",0.619669,"Correct","Correct","Correct","Correct"
"3",31,"5_6_stimuli","5_6","Incongruent","Congruent","Congruent","Incongruent",61.999429,62.199425,"6^",0.907764,"Correct","Correct","Correct","Correct"
"3",32,"7_8_stimuli","8_8","Congruent","Incongruent","Congruent","Congruent",63.999419,64.199416,"8*",0.540217,"Correct","Correct","Correct","Correct"
"3",33,"1_2_stimuli","2_2","Congruent","Congruent","Incongruent","Congruent",65.999405,66.199394,"2@",0.539794,"Correct","Correct","Correct","Correct"
"3",34,"3_4_stimuli","3_3","Congruent","Congruent","Congruent","Incongruent",67.999374,68.199376,"3#",0.66795,"Correct","Correct","Correct","Correct"
"3",35,"5_6_stimuli","5_5","Congruent","Congruent","Congruent","Congruent",69.99936,70.199355,"5%",1.371966,"Correct","Correct","Correct","Correct"
"3",36,"7_8_stimuli","7_7","Congruent","Congruent","Congruent","Congruent",71.999341,72.199343,"6^",0.747798,"Error","Correct","Correct","Correct"
"3",37,"1_2_stimuli","1_1","Congruent","Congruent","Congruent","Congruent",73.999336,74.19933,"1!",0.491983,"Correct","Error","Correct","Correct"
"3",38,"3_4_stimuli","3_4","Incongruent","Congruent","Congruent","Congruent",75.999311,76.199301,"4$",1.243804,"Correct","Correct","Error","Correct"
"3",39,"5_6_stimuli","5_5","Congruent","Incongruent","Congruent","Congruent",77.999292,78.199298,"5%",0.844201,"Correct","Correct","Correct","Error"
"3",40,"7_8_stimuli","8_7","Incongruent","Congruent","Incongruent","Congruent",79.999268,80.199269,"7&",0.556181,"Correct","Correct","Correct","Correct"
"3",41,"1_2_stimuli","2_2","Congruent","Incongruent","Congruent","Incongruent",81.999252,82.199253,"2@",0.460093,"Correct","Correct","Correct","Correct"
"3",42,"3_4_stimuli","3_3","Congruent","Congruent","Incongruent","Congruent",83.999232,84.19924,"3#",0.684051,"Correct","Correct","Correct","Correct"
"3",43,"5_6_stimuli","5_5","Congruent","Congruent","Congruent","Incongruent",85.999219,86.199228,"5%",1.212025,"Correct","Correct","Correct","Correct"
"3",44,"7_8_stimuli","8_7","Incongruent","Congruent","Congruent","Congruent",87.999197,88.199193,"7&",0.988147,"Correct","Correct","Correct","Correct"
"3",45,"1_2_stimuli","1_2","Incongruent","Incongruent","Congruent","Congruent",89.999185,90.199179,"2@",0.667997,"Correct","Correct","Correct","Correct"
"3",46,"3_4_stimuli","3_4","Incongruent","Incongruent","Incongruent","Congruent",91.999177,92.199163,"4$",1.052187,"Correct","Correct","Correct","Correct"
"3",47,"5_6_stimuli","6_6","Congruent","Incongruent","Incongruent","Incongruent",93.999154,94.199143,"6^",1.116182,"Correct","Correct","Correct","Correct"
"3",48,"7_8_stimuli","8_7","Incongruent","Congruent","Incongruent","Incongruent",95.999132,96.199126,"7&",0.701016,"Correct","Correct","Correct","Correct"
"3",49,"1_2_stimuli","2_1","Incongruent","Incongruent","Congruent","Incongruent",97.999108,98.19913,"1!",0.588297,"Correct","Correct","Correct","Correct"
"3",50,"3_4_stimuli","4_4","Congruent","Incongruent","Incongruent","Congruent",99.999095,100.199092,"4$",1.003873,"Correct","Correct","Correct","Correct"
"3",51,"5_6_stimuli","6_5","Incongruent","Congruent","Incongruent","Incongruent",101.999087,102.199076,"5%",0.604277,"Correct","Correct","Correct","Correct"
"3",52,"7_8_stimuli","7_7","Congruent","Incongruent","Congruent","Incongruent",103.999053,104.199053,"7&",0.860344,"Correct","Correct","Correct","Correct"
"3",53,"1_2_stimuli","1_2","Incongruent","Congruent","Incongruent","Congruent",105.999037,106.199043,"2@",0.668187,"Correct","Correct","Correct","Correct"
"3",54,"3_4_stimuli","4_4","Congruent","Incongruent","Congruent","Incongruent",107.999021,108.199015,"4$",0.716424,"Correct","Correct","Correct","Correct"
"3",55,"5_6_stimuli","6_6","Congruent","Congruent","Incongruent","Congruent",109.999007,110.199,"7&",0.940434,"Error","Correct","Correct","Correct"
"3",56,"7_8_stimuli","7_7","Congruent","Congruent","Congruent","Incongruent",111.998989,112.19899,"7&",0.572384,"Correct","Error","Correct","Correct"
"3",57,"1_2_stimuli","2_1","Incongruent","Congruent","Congruent","Congruent",113.998973,114.198966,"1!",0.58836,"Correct","Correct","Error","Correct"
"3",58,"3_4_stimuli","4_3","Incongruent","Incongruent","Congruent","Congruent",115.998953,116.198947,"Omission",5000,"Omission","Correct","Correct","Error"
"3",59,"5_6_stimuli","6_6","Congruent","Incongruent","Incongruent","Congruent",117.99893,118.198937,"6^",1.004151,"Correct","Omission","Correct","Correct"
"3",60,"7_8_stimuli","7_7","Congruent","Congruent","Incongruent","Incongruent",119.99892,120.198909,"7&",0.860159,"Correct","Correct","Omission","Correct"
"3",61,"1_2_stimuli","2_1","Incongruent","Congruent","Congruent","Incongruent",121.998898,122.198893,"1!",0.636029,"Correct","Correct","Correct","Omission"
"3",62,"3_4_stimuli","3_3","Congruent","Incongruent","Congruent","Congruent",123.998874,124.198878,"3#",0.844025,"Correct","Correct","Correct","Correct"
"3",63,"5_6_stimuli","6_5","Incongruent","Congruent","Incongruent","Congruent",125.998862,126.198861,"5%",0.940261,"Correct","Correct","Correct","Correct"
"3",64,"7_8_stimuli","7_8","Incongruent","Incongruent","Congruent","Incongruent",127.998848,128.19884,"8*",0.652774,"Correct","Correct","Correct","Correct"
"3",65,"1_2_stimuli","1_2","Incongruent","Incongruent","Incongruent","Congruent",129.998826,130.198827,"2@",0.540527,"Correct","Correct","Correct","Correct"
"3",66,"3_4_stimuli","4_3","Incongruent","Incongruent","Incongruent","Incongruent",131.998813,132.198808,"3#",0.604051,"Correct","Correct","Correct","Correct"
"3",67,"5_6_stimuli","6_5","Incongruent","Incongruent","Incongruent","Incongruent",133.998796,134.198785,"5%",0.860778,"Correct","Correct","Correct","Correct"
"3",68,"7_8_stimuli","7_8","Incongruent","Incongruent","Incongruent","Incongruent",135.998768,136.198769,"8*",0.652152,"Correct","Correct","Correct","Correct"
"4",1,"1_2_stimuli","2_2","Congruent",NA,NA,NA,1.999962,2.199958,"2@",0.421938,"Correct",NA,NA,NA
"4",2,"3_4_stimuli","4_3","Incongruent","Congruent",NA,NA,3.999944,4.199938,"4$",0.918128,"Error","Correct",NA,NA
"4",3,"5_6_stimuli","6_5","Incongruent","Incongruent","Congruent",NA,5.99993,6.199929,"5%",0.502012,"Correct","Error","Correct",NA
"4",4,"7_8_stimuli","7_7","Congruent","Incongruent","Incongruent","Congruent",7.999912,8.199908,"7&",0.470266,"Correct","Correct","Error","Correct"
"4",5,"1_2_stimuli","1_1","Congruent","Congruent","Incongruent","Incongruent",9.999886,10.199897,"1!",0.454016,"Correct","Correct","Correct","Error"
"4",6,"3_4_stimuli","4_4","Congruent","Congruent","Congruent","Incongruent",11.999877,12.199883,"3#",1.318385,"Error","Correct","Correct","Correct"
"4",7,"5_6_stimuli","6_5","Incongruent","Congruent","Congruent","Congruent",13.999864,14.199857,"4$",0.629904,"Error","Error","Correct","Correct"
"4",8,"7_8_stimuli","7_7","Congruent","Incongruent","Congruent","Congruent",15.999837,16.199843,"7&",0.741956,"Correct","Error","Error","Correct"
"4",9,"1_2_stimuli","2_1","Incongruent","Congruent","Incongruent","Congruent",17.999821,18.19982,"1!",0.678124,"Correct","Correct","Error","Error"
"4",10,"3_4_stimuli","4_3","Incongruent","Incongruent","Congruent","Incongruent",19.999793,20.199813,"3#",0.965981,"Correct","Correct","Correct","Error"
"4",11,"5_6_stimuli","5_6","Incongruent","Incongruent","Incongruent","Congruent",21.999794,22.199783,"6^",0.934107,"Correct","Correct","Correct","Correct"
"4",12,"7_8_stimuli","7_8","Incongruent","Incongruent","Incongruent","Incongruent",23.999771,24.19977,"8*",0.821889,"Correct","Correct","Correct","Correct"
"4",13,"1_2_stimuli","1_1","Congruent","Incongruent","Incongruent","Incongruent",25.999749,26.199747,"1!",0.614399,"Correct","Correct","Correct","Correct"
"4",14,"3_4_stimuli","3_3","Congruent","Congruent","Incongruent","Incongruent",27.999735,28.199738,"3#",0.902042,"Correct","Correct","Correct","Correct"
"4",15,"5_6_stimuli","6_6","Congruent","Congruent","Congruent","Incongruent",29.999718,30.199717,"6^",0.886237,"Correct","Correct","Correct","Correct"
"4",16,"7_8_stimuli","8_7","Incongruent","Congruent","Congruent","Congruent",31.999703,32.199707,"7&",0.758202,"Correct","Correct","Correct","Correct"
"4",17,"1_2_stimuli","1_1","Congruent","Incongruent","Congruent","Congruent",33.999679,34.199686,"1!",0.582062,"Correct","Correct","Correct","Correct"
"4",18,"3_4_stimuli","3_4","Incongruent","Congruent","Incongruent","Congruent",35.999663,36.19967,"4$",0.966274,"Correct","Correct","Correct","Correct"
"4",19,"5_6_stimuli","6_6","Congruent","Incongruent","Congruent","Incongruent",37.999655,38.199642,"6^",0.758268,"Correct","Correct","Correct","Correct"
"4",20,"7_8_stimuli","8_8","Congruent","Congruent","Incongruent","Congruent",39.99963,40.199632,"8*",0.934291,"Correct","Correct","Correct","Correct"
"4",21,"1_2_stimuli","1_2","Incongruent","Congruent","Congruent","Incongruent",41.999618,42.199605,"2@",0.614025,"Correct","Correct","Correct","Correct"
"4",22,"3_4_stimuli","3_4","Incongruent","Incongruent","Congruent","Congruent",43.99959,44.199589,"4$",1.077852,"Correct","Correct","Correct","Correct"
"4",23,"5_6_stimuli","6_6","Congruent","Incongruent","Incongruent","Congruent",45.999574,46.199576,"6^",1.046188,"Correct","Correct","Correct","Correct"
"4",24,"7_8_stimuli","7_8","Incongruent","Congruent","Incongruent","Incongruent",47.999551,48.199548,"7&",1.238091,"Error","Correct","Correct","Correct"
"4",25,"1_2_stimuli","2_2","Congruent","Incongruent","Congruent","Incongruent",49.999535,50.199533,"2@",0.438517,"Correct","Error","Correct","Correct"
"4",26,"3_4_stimuli","3_3","Congruent","Congruent","Incongruent","Congruent",51.999523,52.199526,"3#",0.88617,"Correct","Correct","Error","Correct"
"4",27,"5_6_stimuli","6_5","Incongruent","Congruent","Congruent","Incongruent",53.999508,54.199501,"6^",0.790271,"Error","Correct","Correct","Error"
"4",28,"7_8_stimuli","8_7","Incongruent","Incongruent","Congruent","Congruent",55.99948,56.199476,"7&",0.59845,"Correct","Error","Correct","Correct"
"4",29,"1_2_stimuli","2_1","Incongruent","Incongruent","Incongruent","Congruent",57.999467,58.199468,"1!",0.630785,"Correct","Correct","Error","Correct"
"4",30,"3_4_stimuli","3_4","Incongruent","Incongruent","Incongruent","Incongruent",59.999459,60.199447,"4$",0.918768,"Correct","Correct","Correct","Error"
"4",31,"5_6_stimuli","5_5","Congruent","Incongruent","Incongruent","Incongruent",61.999441,62.199441,"5%",1.062638,"Correct","Correct","Correct","Correct"
"4",32,"7_8_stimuli","7_7","Congruent","Congruent","Incongruent","Incongruent",63.999419,64.199411,"7&",0.790284,"Correct","Correct","Correct","Correct"
"4",33,"1_2_stimuli","2_2","Congruent","Congruent","Congruent","Incongruent",65.999398,66.199395,"2@",0.58278,"Correct","Correct","Correct","Correct"
"4",34,"3_4_stimuli","4_4","Congruent","Congruent","Congruent","Congruent",67.999384,68.199376,"4$",0.902186,"Correct","Correct","Correct","Correct"
"4",35,"5_6_stimuli","6_6","Congruent","Congruent","Congruent","Congruent",69.999359,70.19935,"6^",1.478284,"Correct","Correct","Correct","Correct"
"4",36,"7_8_stimuli","8_8","Congruent","Congruent","Congruent","Congruent",71.999341,72.199343,"8*",0.742629,"Correct","Correct","Correct","Correct"
"4",37,"1_2_stimuli","1_1","Congruent","Congruent","Congruent","Congruent",73.999324,74.199326,"1!",0.486169,"Correct","Correct","Correct","Correct"
"4",38,"3_4_stimuli","4_3","Incongruent","Congruent","Congruent","Congruent",75.99931,76.199308,"3#",0.806918,"Correct","Correct","Correct","Correct"
"4",39,"5_6_stimuli","5_5","Congruent","Incongruent","Congruent","Congruent",77.999296,78.199292,"5%",0.88638,"Correct","Correct","Correct","Correct"
"4",40,"7_8_stimuli","7_8","Incongruent","Congruent","Incongruent","Congruent",79.999264,80.199269,"8*",0.806883,"Correct","Correct","Correct","Correct"
"4",41,"1_2_stimuli","1_2","Incongruent","Incongruent","Congruent","Incongruent",81.999247,82.199251,"2@",0.918176,"Correct","Correct","Correct","Correct"
"4",42,"3_4_stimuli","3_4","Incongruent","Incongruent","Incongruent","Congruent",83.999235,84.199235,"4$",0.838992,"Correct","Correct","Correct","Correct"
"4",43,"5_6_stimuli","5_6","Incongruent","Incongruent","Incongruent","Incongruent",85.999215,86.199215,"6^",0.870684,"Correct","Correct","Correct","Correct"
"4",44,"7_8_stimuli","8_8","Congruent","Incongruent","Incongruent","Incongruent",87.999197,88.199199,"8*",0.550971,"Correct","Correct","Correct","Correct"
"4",45,"1_2_stimuli","2_1","Incongruent","Congruent","Incongruent","Incongruent",89.999178,90.199179,"1!",0.470926,"Correct","Correct","Correct","Correct"
"4",46,"3_4_stimuli","3_3","Congruent","Incongruent","Congruent","Incongruent",91.999171,92.199161,"3#",0.966913,"Correct","Correct","Correct","Correct"
"4",47,"5_6_stimuli","5_5","Congruent","Congruent","Incongruent","Congruent",93.999151,94.199145,"5%",1.430437,"Correct","Correct","Correct","Correct"
"4",48,"7_8_stimuli","8_7","Incongruent","Congruent","Congruent","Incongruent",95.99913,96.199133,"7&",0.935008,"Correct","Correct","Correct","Correct"
"4",49,"1_2_stimuli","1_2","Incongruent","Incongruent","Congruent","Congruent",97.999116,98.199108,"2@",0.694796,"Correct","Correct","Correct","Correct"
"4",50,"3_4_stimuli","3_3","Congruent","Incongruent","Incongruent","Congruent",99.999091,100.199091,"3#",0.710539,"Correct","Correct","Correct","Correct"
"4",51,"5_6_stimuli","6_5","Incongruent","Congruent","Incongruent","Incongruent",101.999083,102.199068,"5%",0.934733,"Correct","Correct","Correct","Correct"
"4",52,"7_8_stimuli","8_8","Congruent","Incongruent","Congruent","Incongruent",103.999056,104.199062,"7&",1.030702,"Error","Correct","Correct","Correct"
"4",53,"1_2_stimuli","2_2","Congruent","Congruent","Incongruent","Congruent",105.999046,106.199037,"2@",0.614632,"Correct","Error","Correct","Correct"
"4",54,"3_4_stimuli","4_3","Incongruent","Congruent","Congruent","Incongruent",107.999025,108.199027,"3#",0.678707,"Correct","Correct","Error","Correct"
"4",55,"5_6_stimuli","6_5","Incongruent","Incongruent","Congruent","Congruent",109.999006,110.199009,"5%",0.871106,"Correct","Correct","Correct","Error"
"4",56,"7_8_stimuli","7_8","Incongruent","Incongruent","Incongruent","Congruent",111.998988,112.198979,"8*",0.598738,"Correct","Correct","Correct","Correct"
"4",57,"1_2_stimuli","1_2","Incongruent","Incongruent","Incongruent","Incongruent",113.998967,114.198961,"2@",0.582991,"Correct","Correct","Correct","Correct"
"4",58,"3_4_stimuli","4_4","Congruent","Incongruent","Incongruent","Incongruent",115.998952,116.19895,"3#",0.742466,"Error","Correct","Correct","Correct"
"4",59,"5_6_stimuli","5_5","Congruent","Congruent","Incongruent","Incongruent",117.998941,118.198939,"5%",0.79073,"Correct","Error","Correct","Correct"
"4",60,"7_8_stimuli","7_7","Congruent","Congruent","Congruent","Incongruent",119.998916,120.198916,"7&",0.742713,"Correct","Correct","Error","Correct"
"4",61,"1_2_stimuli","2_1","Incongruent","Congruent","Congruent","Congruent",121.998893,122.198902,"1!",0.614672,"Correct","Correct","Correct","Error"
"4",62,"3_4_stimuli","4_4","Congruent","Incongruent","Congruent","Congruent",123.998879,124.198875,"4$",1.175085,"Correct","Correct","Correct","Correct"
"4",63,"5_6_stimuli","5_6","Incongruent","Congruent","Incongruent","Congruent",125.998859,126.198858,"Omission",5000,"Omission","Correct","Correct","Correct"
"4",64,"7_8_stimuli","8_7","Incongruent","Incongruent","Congruent","Incongruent",127.998847,128.198839,"7&",0.646961,"Correct","Omission","Correct","Correct"
"4",65,"1_2_stimuli","2_2","Congruent","Incongruent","Incongruent","Congruent",129.99883,130.198832,"2@",0.663117,"Correct","Correct","Omission","Correct"
"4",66,"3_4_stimuli","4_3","Incongruent","Congruent","Incongruent","Incongruent",131.998814,132.198802,"3#",1.014935,"Correct","Correct","Correct","Omission"
"4",67,"5_6_stimuli","5_6","Incongruent","Incongruent","Congruent","Incongruent",133.998791,134.198797,"6^",0.838747,"Correct","Correct","Correct","Correct"
"4",68,"7_8_stimuli","7_7","Congruent","Incongruent","Incongruent","Congruent",135.998776,136.198777,"7&",1.286734,"Correct","Correct","Correct","Correct"
"5",1,"1_2_stimuli","1_2","Incongruent",NA,NA,NA,1.999986,2.199983,"2@",0.630396,"Correct",NA,NA,NA
"5",2,"3_4_stimuli","4_3","Incongruent","Incongruent",NA,NA,3.999964,4.199967,"3#",0.646492,"Correct","Correct",NA,NA
"5",3,"5_6_stimuli","5_5","Congruent","Incongruent","Incongruent",NA,5.999954,6.199952,"5%",0.918313,"Correct","Correct","Correct",NA
"5",4,"7_8_stimuli","7_8","Incongruent","Congruent","Incongruent","Incongruent",7.999939,8.199934,"7&",0.790499,"Error","Correct","Correct","Correct"
"5",5,"1_2_stimuli","1_2","Incongruent","Incongruent","Congruent","Incongruent",9.999914,10.199907,"2@",0.710411,"Correct","Error","Correct","Correct"
"5",6,"3_4_stimuli","4_4","Congruent","Incongruent","Incongruent","Congruent",11.999887,12.1999,"Omission",5000,"Omission","Correct","Error","Correct"
"5",7,"5_6_stimuli","5_6","Incongruent","Congruent","Incongruent","Incongruent",13.999872,14.199881,"6^",0.918474,"Correct","Omission","Correct","Error"
"5",8,"7_8_stimuli","7_7","Congruent","Incongruent","Congruent","Incongruent",15.99985,16.199854,"7&",0.550559,"Correct","Correct","Omission","Correct"
"5",9,"1_2_stimuli","2_2","Congruent","Congruent","Incongruent","Congruent",17.999846,18.199845,"2@",0.486397,"Correct","Correct","Correct","Omission"
"5",10,"3_4_stimuli","3_4","Incongruent","Congruent","Congruent","Incongruent",19.999829,20.199816,"4$",1.190545,"Correct","Correct","Correct","Correct"
"5",11,"5_6_stimuli","5_6","Incongruent","Incongruent","Congruent","Congruent",21.999802,22.199807,"6^",0.838496,"Correct","Correct","Correct","Correct"
"5",12,"7_8_stimuli","7_8","Incongruent","Incongruent","Incongruent","Congruent",23.999797,24.19978,"8*",0.806526,"Correct","Correct","Correct","Correct"
"5",13,"1_2_stimuli","2_1","Incongruent","Incongruent","Incongruent","Incongruent",25.999779,26.199776,"1!",0.950192,"Correct","Correct","Correct","Correct"
"5",14,"3_4_stimuli","3_4","Incongruent","Incongruent","Incongruent","Incongruent",27.999748,28.199752,"4$",0.822665,"Correct","Correct","Correct","Correct"
"5",15,"5_6_stimuli","6_5","Incongruent","Incongruent","Incongruent","Incongruent",29.999733,30.19973,"5%",0.550547,"Correct","Correct","Correct","Correct"
"5",16,"7_8_stimuli","8_8","Congruent","Incongruent","Incongruent","Incongruent",31.999728,32.199707,"8*",0.598807,"Correct","Correct","Correct","Correct"
"5",17,"1_2_stimuli","2_1","Incongruent","Congruent","Incongruent","Incongruent",33.99971,34.199708,"1!",0.631014,"Correct","Correct","Correct","Correct"
"5",18,"3_4_stimuli","4_3","Incongruent","Incongruent","Congruent","Incongruent",35.999684,36.199685,"3#",1.238528,"Correct","Correct","Correct","Correct"
"5",19,"5_6_stimuli","5_5","Congruent","Incongruent","Incongruent","Congruent",37.999674,38.199669,"5%",0.950471,"Correct","Correct","Correct","Correct"
"5",20,"7_8_stimuli","8_8","Congruent","Congruent","Incongruent","Incongruent",39.999646,40.199645,"8*",0.710723,"Correct","Correct","Correct","Correct"
"5",21,"1_2_stimuli","1_1","Congruent","Congruent","Congruent","Incongruent",41.999624,42.199636,"1!",0.518973,"Correct","Correct","Correct","Correct"
"5",22,"3_4_stimuli","4_4","Congruent","Congruent","Congruent","Congruent",43.999612,44.199615,"3#",0.678319,"Error","Correct","Correct","Correct"
"5",23,"5_6_stimuli","5_6","Incongruent","Congruent","Congruent","Congruent",45.999598,46.199592,"6^",1.014815,"Correct","Error","Correct","Correct"
"5",24,"7_8_stimuli","8_8","Congruent","Incongruent","Congruent","Congruent",47.999575,48.199571,"8*",0.550361,"Correct","Correct","Error","Correct"
"5",25,"1_2_stimuli","1_2","Incongruent","Congruent","Incongruent","Congruent",49.999568,50.199562,"1!",0.534421,"Error","Correct","Correct","Error"
"5",26,"3_4_stimuli","3_3","Congruent","Incongruent","Congruent","Incongruent",51.999534,52.199541,"3#",0.710362,"Correct","Error","Correct","Correct"
"5",27,"5_6_stimuli","6_5","Incongruent","Congruent","Incongruent","Congruent",53.999529,54.199529,"6^",0.886409,"Error","Correct","Error","Correct"
"5",28,"7_8_stimuli","8_7","Incongruent","Incongruent","Congruent","Incongruent",55.999515,56.199513,"7&",0.662359,"Correct","Error","Correct","Error"
"5",29,"1_2_stimuli","2_2","Congruent","Incongruent","Incongruent","Congruent",57.999493,58.199488,"2@",0.630768,"Correct","Correct","Error","Correct"
"5",30,"3_4_stimuli","3_4","Incongruent","Congruent","Incongruent","Incongruent",59.999462,60.199466,"4$",0.934798,"Correct","Correct","Correct","Error"
"5",31,"5_6_stimuli","5_6","Incongruent","Incongruent","Congruent","Incongruent",61.99945,62.199448,"6^",0.998674,"Correct","Correct","Correct","Correct"
"5",32,"7_8_stimuli","8_8","Congruent","Incongruent","Incongruent","Congruent",63.999432,64.19944,"8*",0.694882,"Correct","Correct","Correct","Correct"
"5",33,"1_2_stimuli","1_1","Congruent","Congruent","Incongruent","Incongruent",65.999416,66.199425,"1!",0.534453,"Correct","Correct","Correct","Correct"
"5",34,"3_4_stimuli","3_3","Congruent","Congruent","Congruent","Incongruent",67.999391,68.199402,"3#",0.806928,"Correct","Correct","Correct","Correct"
"5",35,"5_6_stimuli","6_6","Congruent","Congruent","Congruent","Congruent",69.999387,70.199374,"6^",0.82277,"Correct","Correct","Correct","Correct"
"5",36,"7_8_stimuli","7_7","Congruent","Congruent","Congruent","Congruent",71.999369,72.199363,"7&",0.598485,"Correct","Correct","Correct","Correct"
"5",37,"1_2_stimuli","1_2","Incongruent","Congruent","Congruent","Congruent",73.999347,74.19934,"2@",0.615411,"Correct","Correct","Correct","Correct"
"5",38,"3_4_stimuli","4_4","Congruent","Incongruent","Congruent","Congruent",75.999333,76.199324,"4$",1.09602,"Correct","Correct","Correct","Correct"
"5",39,"5_6_stimuli","6_6","Congruent","Congruent","Incongruent","Congruent",77.999305,78.199305,"6^",0.551097,"Correct","Correct","Correct","Correct"
"5",40,"7_8_stimuli","7_7","Congruent","Congruent","Congruent","Incongruent",79.999299,80.199286,"7&",0.679422,"Correct","Correct","Correct","Correct"
"5",41,"1_2_stimuli","1_1","Congruent","Congruent","Congruent","Congruent",81.999277,82.199272,"1!",0.502758,"Correct","Correct","Correct","Correct"
"5",42,"3_4_stimuli","3_4","Incongruent","Congruent","Congruent","Congruent",83.999256,84.19926,"4$",0.775406,"Correct","Correct","Correct","Correct"
"5",43,"5_6_stimuli","6_6","Congruent","Incongruent","Congruent","Congruent",85.999245,86.199243,"6^",0.759236,"Correct","Correct","Correct","Correct"
"5",44,"7_8_stimuli","7_7","Congruent","Congruent","Incongruent","Congruent",87.999221,88.19922,"7&",0.583427,"Correct","Correct","Correct","Correct"
"5",45,"1_2_stimuli","1_2","Incongruent","Congruent","Congruent","Incongruent",89.999208,90.199219,"2@",0.567321,"Correct","Correct","Correct","Correct"
"5",46,"3_4_stimuli","4_3","Incongruent","Incongruent","Congruent","Congruent",91.99918,92.19918,"3#",0.982701,"Correct","Correct","Correct","Correct"
"5",47,"5_6_stimuli","6_5","Incongruent","Incongruent","Incongruent","Congruent",93.99917,94.19916,"4$",1.111137,"Error","Correct","Correct","Correct"
"5",48,"7_8_stimuli","8_7","Incongruent","Incongruent","Incongruent","Incongruent",95.999149,96.199149,"7&",0.678923,"Correct","Error","Correct","Correct"
"5",49,"1_2_stimuli","2_2","Congruent","Incongruent","Incongruent","Incongruent",97.999136,98.199128,"2@",0.454926,"Correct","Correct","Error","Correct"
"5",50,"3_4_stimuli","3_3","Congruent","Congruent","Incongruent","Incongruent",99.999119,100.199112,"3#",0.871528,"Correct","Correct","Correct","Error"
"5",51,"5_6_stimuli","6_5","Incongruent","Congruent","Congruent","Incongruent",101.999097,102.199098,"5%",1.127068,"Correct","Correct","Correct","Correct"
"5",52,"7_8_stimuli","8_7","Incongruent","Incongruent","Congruent","Congruent",103.999073,104.199075,"7&",1.19134,"Correct","Correct","Correct","Correct"
"5",53,"1_2_stimuli","2_1","Incongruent","Incongruent","Incongruent","Congruent",105.999068,106.199058,"1!",1.047042,"Correct","Correct","Correct","Correct"
"5",54,"3_4_stimuli","3_3","Congruent","Incongruent","Incongruent","Incongruent",107.99905,108.199047,"3#",0.647078,"Correct","Correct","Correct","Correct"
"5",55,"5_6_stimuli","5_5","Congruent","Congruent","Incongruent","Incongruent",109.999022,110.199024,"5%",1.191093,"Correct","Correct","Correct","Correct"
"5",56,"7_8_stimuli","7_8","Incongruent","Congruent","Congruent","Incongruent",111.999015,112.199004,"8*",0.679079,"Correct","Correct","Correct","Correct"
"5",57,"1_2_stimuli","1_1","Congruent","Incongruent","Congruent","Congruent",113.99899,114.198995,"1!",0.647163,"Correct","Correct","Correct","Correct"
"5",58,"3_4_stimuli","4_3","Incongruent","Congruent","Incongruent","Congruent",115.99897,116.198966,"3#",0.775351,"Correct","Correct","Correct","Correct"
"5",59,"5_6_stimuli","5_5","Congruent","Incongruent","Congruent","Incongruent",117.998963,118.198954,"5%",0.695072,"Correct","Correct","Correct","Correct"
"5",60,"7_8_stimuli","7_8","Incongruent","Congruent","Incongruent","Congruent",119.998949,120.19895,"8*",0.663051,"Correct","Correct","Correct","Correct"
"5",61,"1_2_stimuli","2_2","Congruent","Incongruent","Congruent","Incongruent",121.998922,122.198913,"2@",0.631132,"Correct","Correct","Correct","Correct"
"5",62,"3_4_stimuli","4_4","Congruent","Congruent","Incongruent","Congruent",123.998907,124.1989,"4$",1.047324,"Correct","Correct","Correct","Correct"
"5",63,"5_6_stimuli","6_6","Congruent","Congruent","Congruent","Incongruent",125.99888,126.198885,"6^",0.839313,"Correct","Correct","Correct","Correct"
"5",64,"7_8_stimuli","8_7","Incongruent","Congruent","Congruent","Congruent",127.998863,128.198864,"7&",1.031333,"Correct","Correct","Correct","Correct"
"5",65,"1_2_stimuli","2_1","Incongruent","Incongruent","Congruent","Congruent",129.998848,130.198849,"1!",0.743174,"Correct","Correct","Correct","Correct"
"5",66,"3_4_stimuli","4_3","Incongruent","Incongruent","Incongruent","Congruent",131.998835,132.198833,"3#",0.967454,"Correct","Correct","Correct","Correct"
"5",67,"5_6_stimuli","5_5","Congruent","Incongruent","Incongruent","Incongruent",133.998821,134.19882,"5%",1.159263,"Correct","Correct","Correct","Correct"
"5",68,"7_8_stimuli","7_8","Incongruent","Congruent","Incongruent","Incongruent",135.998792,136.198797,"8*",1.223616,"Correct","Correct","Correct","Correct"
"6",1,"1_2_stimuli","2_2","Congruent",NA,NA,NA,1.999969,2.199964,"2@",0.685794,"Correct",NA,NA,NA
"6",2,"3_4_stimuli","3_3","Congruent","Congruent",NA,NA,3.99995,4.199949,"3#",0.701737,"Correct","Correct",NA,NA
"6",3,"5_6_stimuli","6_6","Congruent","Congruent","Congruent",NA,5.999928,6.199937,"6^",0.910228,"Correct","Correct","Correct",NA
"6",4,"7_8_stimuli","7_7","Congruent","Congruent","Congruent","Congruent",7.999936,8.199916,"7&",0.606213,"Correct","Correct","Correct","Correct"
"6",5,"1_2_stimuli","2_2","Congruent","Congruent","Congruent","Congruent",9.999908,10.199909,"2@",0.542446,"Correct","Correct","Correct","Correct"
"6",6,"3_4_stimuli","3_3","Congruent","Congruent","Congruent","Congruent",11.999877,12.199876,"3#",0.622249,"Correct","Correct","Correct","Correct"
"6",7,"5_6_stimuli","6_6","Congruent","Congruent","Congruent","Congruent",13.999855,14.199856,"6^",1.11813,"Correct","Correct","Correct","Correct"
"6",8,"7_8_stimuli","8_8","Congruent","Congruent","Congruent","Congruent",15.999843,16.199844,"8*",0.590238,"Correct","Correct","Correct","Correct"
"6",9,"1_2_stimuli","2_1","Incongruent","Congruent","Congruent","Congruent",17.999828,18.199831,"1!",1.406385,"Correct","Correct","Correct","Correct"
"6",10,"3_4_stimuli","3_3","Congruent","Incongruent","Congruent","Congruent",19.999813,20.199816,"3#",1.07044,"Correct","Correct","Correct","Correct"
"6",11,"5_6_stimuli","5_5","Congruent","Congruent","Incongruent","Congruent",21.999797,22.199786,"5%",0.925909,"Correct","Correct","Correct","Correct"
"6",12,"7_8_stimuli","8_7","Incongruent","Congruent","Congruent","Incongruent",23.999772,24.199775,"7&",0.782217,"Correct","Correct","Correct","Correct"
"6",13,"1_2_stimuli","1_2","Incongruent","Incongruent","Congruent","Congruent",25.999754,26.199751,"2@",0.606733,"Correct","Correct","Correct","Correct"
"6",14,"3_4_stimuli","4_3","Incongruent","Incongruent","Incongruent","Congruent",27.999736,28.199731,"3#",0.718019,"Correct","Correct","Correct","Correct"
"6",15,"5_6_stimuli","6_5","Incongruent","Incongruent","Incongruent","Incongruent",29.999731,30.199727,"5%",1.054712,"Correct","Correct","Correct","Correct"
"6",16,"7_8_stimuli","7_7","Congruent","Incongruent","Incongruent","Incongruent",31.999704,32.199702,"7&",0.638317,"Correct","Correct","Correct","Correct"
"6",17,"1_2_stimuli","2_2","Congruent","Congruent","Incongruent","Incongruent",33.999693,34.199682,"2@",0.510453,"Correct","Correct","Correct","Correct"
"6",18,"3_4_stimuli","4_4","Congruent","Congruent","Congruent","Incongruent",35.999648,36.199667,"4$",1.070765,"Correct","Correct","Correct","Correct"
"6",19,"5_6_stimuli","6_5","Incongruent","Congruent","Congruent","Congruent",37.999645,38.199643,"5%",0.990397,"Correct","Correct","Correct","Correct"
"6",20,"7_8_stimuli","8_7","Incongruent","Incongruent","Congruent","Congruent",39.999631,40.199632,"7&",0.462725,"Correct","Correct","Correct","Correct"
"6",21,"1_2_stimuli","1_1","Congruent","Incongruent","Incongruent","Congruent",41.999612,42.199614,"1!",0.542729,"Correct","Correct","Correct","Correct"
"6",22,"3_4_stimuli","4_3","Incongruent","Congruent","Incongruent","Incongruent",43.999605,44.199591,"3#",0.702439,"Correct","Correct","Correct","Correct"
"6",23,"5_6_stimuli","6_5","Incongruent","Incongruent","Congruent","Incongruent",45.999587,46.199581,"5%",1.118187,"Correct","Correct","Correct","Correct"
"6",24,"7_8_stimuli","7_8","Incongruent","Incongruent","Incongruent","Congruent",47.999561,48.199562,"8*",0.574398,"Correct","Correct","Correct","Correct"
"6",25,"1_2_stimuli","2_1","Incongruent","Incongruent","Incongruent","Incongruent",49.999542,50.199538,"1!",0.494749,"Correct","Correct","Correct","Correct"
"6",26,"3_4_stimuli","3_4","Incongruent","Incongruent","Incongruent","Incongruent",51.99952,52.199529,"4$",0.798375,"Correct","Correct","Correct","Correct"
"6",27,"5_6_stimuli","5_5","Congruent","Incongruent","Incongruent","Incongruent",53.999503,54.19951,"5%",0.590282,"Correct","Correct","Correct","Correct"
"6",28,"7_8_stimuli","8_8","Congruent","Congruent","Incongruent","Incongruent",55.999498,56.199498,"8*",0.574507,"Correct","Correct","Correct","Correct"
"6",29,"1_2_stimuli","2_2","Congruent","Congruent","Congruent","Incongruent",57.999478,58.199473,"2@",0.510331,"Correct","Correct","Correct","Correct"
"6",30,"3_4_stimuli","3_4","Incongruent","Congruent","Congruent","Congruent",59.999449,60.199458,"4$",0.750268,"Correct","Correct","Correct","Correct"
"6",31,"5_6_stimuli","6_6","Congruent","Incongruent","Congruent","Congruent",61.99944,62.199443,"7&",0.87854,"Error","Correct","Correct","Correct"
"6",32,"7_8_stimuli","7_7","Congruent","Congruent","Incongruent","Congruent",63.999431,64.199416,"7&",0.542859,"Correct","Error","Correct","Correct"
"6",33,"1_2_stimuli","2_1","Incongruent","Congruent","Congruent","Incongruent",65.999409,66.199405,"1!",0.670786,"Correct","Correct","Error","Correct"
"6",34,"3_4_stimuli","4_3","Incongruent","Incongruent","Congruent","Congruent",67.999394,68.199392,"3#",0.846869,"Correct","Correct","Correct","Error"
"6",35,"5_6_stimuli","6_5","Incongruent","Incongruent","Incongruent","Congruent",69.999366,70.199356,"4$",0.686706,"Error","Correct","Correct","Correct"
"6",36,"7_8_stimuli","7_8","Incongruent","Incongruent","Incongruent","Incongruent",71.99936,72.199347,"8*",0.670529,"Correct","Error","Correct","Correct"
"6",37,"1_2_stimuli","1_1","Congruent","Incongruent","Incongruent","Incongruent",73.999324,74.199324,"1!",0.559719,"Correct","Correct","Error","Correct"
"6",38,"3_4_stimuli","3_3","Congruent","Congruent","Incongruent","Incongruent",75.999314,76.199311,"3#",1.007088,"Correct","Correct","Correct","Error"
"6",39,"5_6_stimuli","5_5","Congruent","Congruent","Congruent","Incongruent",77.999291,78.199295,"5%",1.358423,"Correct","Correct","Correct","Correct"
"6",40,"7_8_stimuli","8_7","Incongruent","Congruent","Congruent","Congruent",79.999283,80.19928,"7&",0.830832,"Correct","Correct","Correct","Correct"
"6",41,"1_2_stimuli","2_2","Congruent","Incongruent","Congruent","Congruent",81.99926,82.19925,"2@",0.558936,"Correct","Correct","Correct","Correct"
"6",42,"3_4_stimuli","3_4","Incongruent","Congruent","Incongruent","Congruent",83.999239,84.199244,"4$",0.734814,"Correct","Correct","Correct","Correct"
"6",43,"5_6_stimuli","6_6","Congruent","Incongruent","Congruent","Incongruent",85.999219,86.199228,"6^",1.326747,"Correct","Correct","Correct","Correct"
"6",44,"7_8_stimuli","8_7","Incongruent","Congruent","Incongruent","Congruent",87.999208,88.199215,"7&",0.622849,"Correct","Correct","Correct","Correct"
"6",45,"1_2_stimuli","1_1","Congruent","Incongruent","Congruent","Incongruent",89.999187,90.19919,"1!",0.558779,"Correct","Correct","Correct","Correct"
"6",46,"3_4_stimuli","4_4","Congruent","Congruent","Incongruent","Congruent",91.99917,92.199174,"4$",0.863239,"Correct","Correct","Correct","Correct"
"6",47,"5_6_stimuli","5_6","Incongruent","Congruent","Congruent","Incongruent",93.999159,94.199155,"6^",0.991316,"Correct","Correct","Correct","Correct"
"6",48,"7_8_stimuli","8_8","Congruent","Incongruent","Congruent","Congruent",95.999134,96.199135,"8*",0.734756,"Correct","Correct","Correct","Correct"
"6",49,"1_2_stimuli","2_1","Incongruent","Congruent","Incongruent","Congruent",97.999111,98.199114,"1!",0.575043,"Correct","Correct","Correct","Correct"
"6",50,"3_4_stimuli","4_4","Congruent","Incongruent","Congruent","Incongruent",99.999098,100.199099,"4$",0.702665,"Correct","Correct","Correct","Correct"
"6",51,"5_6_stimuli","5_6","Incongruent","Congruent","Incongruent","Congruent",101.999078,102.19908,"7&",0.76715,"Error","Correct","Correct","Correct"
"6",52,"7_8_stimuli","7_7","Congruent","Incongruent","Congruent","Incongruent",103.999061,104.199062,"7&",0.542809,"Correct","Error","Correct","Correct"
"6",53,"1_2_stimuli","1_1","Congruent","Congruent","Incongruent","Congruent",105.999041,106.199049,"1!",0.622825,"Correct","Correct","Error","Correct"
"6",54,"3_4_stimuli","4_3","Incongruent","Congruent","Congruent","Incongruent",107.999029,108.199021,"3#",0.622666,"Correct","Correct","Correct","Error"
"6",55,"5_6_stimuli","5_6","Incongruent","Incongruent","Congruent","Congruent",109.999009,110.199011,"6^",1.199254,"Correct","Correct","Correct","Correct"
"6",56,"7_8_stimuli","8_8","Congruent","Incongruent","Incongruent","Congruent",111.998993,112.198988,"8*",0.591114,"Correct","Correct","Correct","Correct"
"6",57,"1_2_stimuli","1_2","Incongruent","Congruent","Incongruent","Incongruent",113.998974,114.198976,"2@",0.671381,"Correct","Correct","Correct","Correct"
"6",58,"3_4_stimuli","3_4","Incongruent","Incongruent","Congruent","Incongruent",115.998957,116.198961,"4$",0.767369,"Correct","Correct","Correct","Correct"
"6",59,"5_6_stimuli","6_6","Congruent","Incongruent","Incongruent","Congruent",117.99894,118.19895,"6^",0.831378,"Correct","Correct","Correct","Correct"
"6",60,"7_8_stimuli","7_8","Incongruent","Congruent","Incongruent","Incongruent",119.998927,120.198931,"8*",0.622893,"Correct","Correct","Correct","Correct"
"6",61,"1_2_stimuli","1_2","Incongruent","Incongruent","Congruent","Incongruent",121.998907,122.198908,"2@",0.60681,"Correct","Correct","Correct","Correct"
"6",62,"3_4_stimuli","3_3","Congruent","Incongruent","Incongruent","Congruent",123.998883,124.198892,"3#",0.559045,"Correct","Correct","Correct","Correct"
"6",63,"5_6_stimuli","5_6","Incongruent","Congruent","Incongruent","Incongruent",125.998871,126.198873,"6^",1.071445,"Correct","Correct","Correct","Correct"
"6",64,"7_8_stimuli","7_8","Incongruent","Incongruent","Congruent","Incongruent",127.998852,128.198853,"8*",0.718898,"Correct","Correct","Correct","Correct"
"6",65,"1_2_stimuli","1_2","Incongruent","Incongruent","Incongruent","Congruent",129.998836,130.198829,"2@",0.671281,"Correct","Correct","Correct","Correct"
"6",66,"3_4_stimuli","4_4","Congruent","Incongruent","Incongruent","Incongruent",131.998818,132.198811,"4$",1.103206,"Correct","Correct","Correct","Correct"
"6",67,"5_6_stimuli","5_5","Congruent","Congruent","Incongruent","Incongruent",133.9988,134.198801,"5%",0.446858,"Correct","Correct","Correct","Correct"
"6",68,"7_8_stimuli","7_7","Congruent","Congruent","Congruent","Incongruent",135.998783,136.198781,"7&",0.655414,"Correct","Correct","Correct","Correct"
"7",1,"1_2_stimuli","1_2","Incongruent",NA,NA,NA,1.999984,2.199994,"2@",0.738663,"Correct",NA,NA,NA
"7",2,"3_4_stimuli","3_3","Congruent","Incongruent",NA,NA,3.999968,4.199957,"3#",0.514515,"Correct","Correct",NA,NA
"7",3,"5_6_stimuli","5_5","Congruent","Congruent","Incongruent",NA,5.999945,6.199933,"6^",1.026961,"Error","Correct","Correct",NA
"7",4,"7_8_stimuli","8_7","Incongruent","Congruent","Congruent","Incongruent",7.999937,8.199936,"7&",0.562508,"Correct","Error","Correct","Correct"
"7",5,"1_2_stimuli","2_2","Congruent","Incongruent","Congruent","Congruent",9.999905,10.199904,"2@",0.48236,"Correct","Correct","Error","Correct"
"7",6,"3_4_stimuli","3_4","Incongruent","Congruent","Incongruent","Congruent",11.999888,12.199893,"3#",0.61069,"Error","Correct","Correct","Error"
"7",7,"5_6_stimuli","5_6","Incongruent","Incongruent","Congruent","Incongruent",13.999877,14.199867,"6^",0.739136,"Correct","Error","Correct","Correct"
"7",8,"7_8_stimuli","7_8","Incongruent","Incongruent","Incongruent","Congruent",15.99986,16.199854,"8*",0.642573,"Correct","Correct","Error","Correct"
"7",9,"1_2_stimuli","1_1","Congruent","Incongruent","Incongruent","Incongruent",17.999834,18.199848,"1!",0.690715,"Correct","Correct","Correct","Error"
"7",10,"3_4_stimuli","4_4","Congruent","Congruent","Incongruent","Incongruent",19.999835,20.199811,"4$",1.13869,"Correct","Correct","Correct","Correct"
"7",11,"5_6_stimuli","6_6","Congruent","Congruent","Congruent","Incongruent",21.999812,22.199806,"5%",1.314626,"Error","Correct","Correct","Correct"
"7",12,"7_8_stimuli","7_8","Incongruent","Congruent","Congruent","Congruent",23.999793,24.199791,"8*",0.642675,"Correct","Error","Correct","Correct"
"7",13,"1_2_stimuli","1_2","Incongruent","Incongruent","Congruent","Congruent",25.999768,26.199768,"2@",0.658355,"Correct","Correct","Error","Correct"
"7",14,"3_4_stimuli","4_3","Incongruent","Incongruent","Incongruent","Congruent",27.999744,28.199749,"3#",0.786866,"Correct","Correct","Correct","Error"
"7",15,"5_6_stimuli","6_5","Incongruent","Incongruent","Incongruent","Incongruent",29.999735,30.199728,"6^",1.314907,"Error","Correct","Correct","Correct"
"7",16,"7_8_stimuli","8_8","Congruent","Incongruent","Incongruent","Incongruent",31.999725,32.199715,"8*",0.547142,"Correct","Error","Correct","Correct"
"7",17,"1_2_stimuli","1_1","Congruent","Congruent","Incongruent","Incongruent",33.999691,34.199701,"1!",0.530692,"Correct","Correct","Error","Correct"
"7",18,"3_4_stimuli","3_3","Congruent","Congruent","Congruent","Incongruent",35.999683,36.199678,"3#",0.595026,"Correct","Correct","Correct","Error"
"7",19,"5_6_stimuli","5_5","Congruent","Congruent","Congruent","Congruent",37.999672,38.199657,"5%",0.739381,"Correct","Correct","Correct","Correct"
"7",20,"7_8_stimuli","7_7","Congruent","Congruent","Congruent","Congruent",39.99965,40.199645,"7&",0.7387,"Correct","Correct","Correct","Correct"
"7",21,"1_2_stimuli","2_1","Incongruent","Congruent","Congruent","Congruent",41.999633,42.199632,"1!",0.610556,"Correct","Correct","Correct","Correct"
"7",22,"3_4_stimuli","3_3","Congruent","Incongruent","Congruent","Congruent",43.999612,44.199618,"3#",0.787126,"Correct","Correct","Correct","Correct"
"7",23,"5_6_stimuli","6_6","Congruent","Congruent","Incongruent","Congruent",45.999596,46.199587,"6^",0.81926,"Correct","Correct","Correct","Correct"
"7",24,"7_8_stimuli","7_7","Congruent","Congruent","Congruent","Incongruent",47.999584,48.199573,"8*",0.41893,"Error","Correct","Correct","Correct"
"7",25,"1_2_stimuli","2_2","Congruent","Congruent","Congruent","Congruent",49.999557,50.199561,"2@",0.595362,"Correct","Error","Correct","Correct"
"7",26,"3_4_stimuli","4_4","Congruent","Congruent","Congruent","Congruent",51.999534,52.199546,"3#",0.851184,"Error","Correct","Error","Correct"
"7",27,"5_6_stimuli","5_6","Incongruent","Congruent","Congruent","Congruent",53.999522,54.199523,"6^",1.155262,"Correct","Error","Correct","Error"
"7",28,"7_8_stimuli","7_8","Incongruent","Incongruent","Congruent","Congruent",55.999501,56.199494,"8*",0.914828,"Correct","Correct","Error","Correct"
"7",29,"1_2_stimuli","2_2","Congruent","Incongruent","Incongruent","Congruent",57.999491,58.199487,"2@",0.658857,"Correct","Correct","Correct","Error"
"7",30,"3_4_stimuli","3_4","Incongruent","Congruent","Incongruent","Incongruent",59.99947,60.199464,"4$",0.979046,"Correct","Correct","Correct","Correct"
"7",31,"5_6_stimuli","6_6","Congruent","Incongruent","Congruent","Incongruent",61.999453,62.199446,"6^",0.899246,"Correct","Correct","Correct","Correct"
"7",32,"7_8_stimuli","8_8","Congruent","Congruent","Incongruent","Congruent",63.99943,64.199431,"7&",0.675106,"Error","Correct","Correct","Correct"
"7",33,"1_2_stimuli","2_2","Congruent","Congruent","Congruent","Incongruent",65.999412,66.199411,"2@",0.627014,"Correct","Error","Correct","Correct"
"7",34,"3_4_stimuli","4_3","Incongruent","Congruent","Congruent","Congruent",67.999396,68.199397,"3#",1.314927,"Correct","Correct","Error","Correct"
"7",35,"5_6_stimuli","5_5","Congruent","Incongruent","Congruent","Congruent",69.999389,70.199374,"5%",1.042885,"Correct","Correct","Correct","Error"
"7",36,"7_8_stimuli","8_7","Incongruent","Congruent","Incongruent","Congruent",71.999366,72.199359,"7&",0.675236,"Correct","Correct","Correct","Correct"
"7",37,"1_2_stimuli","1_1","Congruent","Incongruent","Congruent","Incongruent",73.999347,74.199347,"1!",0.579265,"Correct","Correct","Correct","Correct"
"7",38,"3_4_stimuli","3_3","Congruent","Congruent","Incongruent","Congruent",75.999324,76.199326,"3#",0.899455,"Correct","Correct","Correct","Correct"
"7",39,"5_6_stimuli","6_5","Incongruent","Congruent","Congruent","Incongruent",77.999309,78.199304,"5%",0.931346,"Correct","Correct","Correct","Correct"
"7",40,"7_8_stimuli","7_7","Congruent","Incongruent","Congruent","Congruent",79.999292,80.199292,"7&",0.899019,"Correct","Correct","Correct","Correct"
"7",41,"1_2_stimuli","1_1","Congruent","Congruent","Incongruent","Congruent",81.99927,82.199275,"1!",0.579221,"Correct","Correct","Correct","Correct"
"7",42,"3_4_stimuli","3_4","Incongruent","Congruent","Congruent","Incongruent",83.999253,84.199253,"4$",1.171356,"Correct","Correct","Correct","Correct"
"7",43,"5_6_stimuli","6_5","Incongruent","Incongruent","Congruent","Congruent",85.999245,86.199238,"5%",0.691223,"Correct","Correct","Correct","Correct"
"7",44,"7_8_stimuli","8_8","Congruent","Incongruent","Incongruent","Congruent",87.999214,88.199222,"8*",0.691101,"Correct","Correct","Correct","Correct"
"7",45,"1_2_stimuli","2_1","Incongruent","Congruent","Incongruent","Incongruent",89.9992,90.199202,"1!",0.579504,"Correct","Correct","Correct","Correct"
"7",46,"3_4_stimuli","3_4","Incongruent","Incongruent","Congruent","Incongruent",91.999185,92.19918,"4$",0.850901,"Correct","Correct","Correct","Correct"
"7",47,"5_6_stimuli","5_5","Congruent","Incongruent","Incongruent","Congruent",93.999172,94.199164,"5%",0.578934,"Correct","Correct","Correct","Correct"
"7",48,"7_8_stimuli","8_8","Congruent","Congruent","Incongruent","Incongruent",95.999143,96.199145,"8*",0.563176,"Correct","Correct","Correct","Correct"
"7",49,"1_2_stimuli","2_1","Incongruent","Congruent","Congruent","Incongruent",97.999136,98.199123,"1!",0.515525,"Correct","Correct","Correct","Correct"
"7",50,"3_4_stimuli","4_3","Incongruent","Incongruent","Congruent","Congruent",99.999108,100.199112,"3#",0.97929,"Correct","Correct","Correct","Correct"
"7",51,"5_6_stimuli","6_5","Incongruent","Incongruent","Incongruent","Congruent",101.999095,102.199094,"5%",0.739351,"Correct","Correct","Correct","Correct"
"7",52,"7_8_stimuli","8_7","Incongruent","Incongruent","Incongruent","Incongruent",103.999084,104.199083,"7&",1.283232,"Correct","Correct","Correct","Correct"
"7",53,"1_2_stimuli","1_2","Incongruent","Incongruent","Incongruent","Incongruent",105.999059,106.199057,"2@",0.691501,"Correct","Correct","Correct","Correct"
"7",54,"3_4_stimuli","4_3","Incongruent","Incongruent","Incongruent","Incongruent",107.999046,108.199039,"3#",0.627375,"Correct","Correct","Correct","Correct"
"7",55,"5_6_stimuli","5_5","Congruent","Incongruent","Incongruent","Incongruent",109.999031,110.199027,"5%",0.963136,"Correct","Correct","Correct","Correct"
"7",56,"7_8_stimuli","7_8","Incongruent","Congruent","Incongruent","Incongruent",111.999012,112.199005,"8*",0.595769,"Correct","Correct","Correct","Correct"
"7",57,"1_2_stimuli","1_2","Incongruent","Incongruent","Congruent","Incongruent",113.998986,114.198988,"2@",0.483345,"Correct","Correct","Correct","Correct"
"7",58,"3_4_stimuli","4_4","Congruent","Incongruent","Incongruent","Congruent",115.998973,116.198968,"3#",1.219402,"Error","Correct","Correct","Correct"
"7",59,"5_6_stimuli","5_6","Incongruent","Congruent","Incongruent","Incongruent",117.998961,118.19895,"6^",0.723318,"Correct","Error","Correct","Correct"
"7",60,"7_8_stimuli","7_7","Congruent","Incongruent","Congruent","Incongruent",119.99894,120.198934,"7&",0.963098,"Correct","Correct","Error","Correct"
"7",61,"1_2_stimuli","1_2","Incongruent","Congruent","Incongruent","Congruent",121.998915,122.198939,"2@",0.531313,"Correct","Correct","Correct","Error"
"7",62,"3_4_stimuli","3_3","Congruent","Incongruent","Congruent","Incongruent",123.998909,124.198898,"3#",0.627402,"Correct","Correct","Correct","Correct"
"7",63,"5_6_stimuli","5_6","Incongruent","Congruent","Incongruent","Congruent",125.99888,126.198881,"6^",1.395466,"Correct","Correct","Correct","Correct"
"7",64,"7_8_stimuli","8_7","Incongruent","Incongruent","Congruent","Incongruent",127.998864,128.198863,"7&",0.62775,"Correct","Correct","Correct","Correct"
"7",65,"1_2_stimuli","2_1","Incongruent","Incongruent","Incongruent","Congruent",129.998844,130.198842,"1!",0.547474,"Correct","Correct","Correct","Correct"
"7",66,"3_4_stimuli","4_4","Congruent","Incongruent","Incongruent","Incongruent",131.998837,132.198824,"3#",0.72344,"Error","Correct","Correct","Correct"
"7",67,"5_6_stimuli","6_6","Congruent","Congruent","Incongruent","Incongruent",133.998817,134.198818,"6^",0.771695,"Correct","Error","Correct","Correct"
"7",68,"7_8_stimuli","8_7","Incongruent","Congruent","Congruent","Incongruent",135.9988,136.198801,"7&",0.611563,"Correct","Correct","Error","Correct"
"8",1,"1_2_stimuli","1_2","Incongruent",NA,NA,NA,1.999973,2.199963,"2@",0.593179,"Correct",NA,NA,NA
"8",2,"3_4_stimuli","4_4","Congruent","Incongruent",NA,NA,3.999953,4.199958,"4$",1.041372,"Correct","Correct",NA,NA
"8",3,"5_6_stimuli","5_6","Incongruent","Congruent","Incongruent",NA,5.999934,6.199934,"6^",0.881175,"Correct","Correct","Correct",NA
"8",4,"7_8_stimuli","7_7","Congruent","Incongruent","Congruent","Incongruent",7.999919,8.199912,"7&",0.577055,"Correct","Correct","Correct","Correct"
"8",5,"1_2_stimuli","2_2","Congruent","Congruent","Incongruent","Congruent",9.999901,10.199889,"2@",0.48144,"Correct","Correct","Correct","Correct"
"8",6,"3_4_stimuli","3_4","Incongruent","Congruent","Congruent","Incongruent",11.999879,12.199884,"4$",0.976725,"Correct","Correct","Correct","Correct"
"8",7,"5_6_stimuli","5_6","Incongruent","Incongruent","Congruent","Congruent",13.999868,14.199854,"6^",0.801161,"Correct","Correct","Correct","Correct"
"8",8,"7_8_stimuli","7_8","Incongruent","Incongruent","Incongruent","Congruent",15.999845,16.199841,"8*",0.737446,"Correct","Correct","Correct","Correct"
"8",9,"1_2_stimuli","2_2","Congruent","Incongruent","Incongruent","Incongruent",17.999831,18.199826,"2@",0.609034,"Correct","Correct","Correct","Correct"
"8",10,"3_4_stimuli","4_4","Congruent","Congruent","Incongruent","Incongruent",19.999805,20.199805,"4$",0.897214,"Correct","Correct","Correct","Correct"
"8",11,"5_6_stimuli","6_6","Congruent","Congruent","Congruent","Incongruent",21.99979,22.199776,"6^",0.705329,"Correct","Correct","Correct","Correct"
"8",12,"7_8_stimuli","8_7","Incongruent","Congruent","Congruent","Congruent",23.999775,24.199776,"7&",0.705655,"Correct","Correct","Correct","Correct"
"8",13,"1_2_stimuli","2_1","Incongruent","Incongruent","Congruent","Congruent",25.999763,26.199764,"1!",0.4811,"Correct","Correct","Correct","Correct"
"8",14,"3_4_stimuli","3_4","Incongruent","Incongruent","Incongruent","Congruent",27.999747,28.199746,"4$",0.68894,"Correct","Correct","Correct","Correct"
"8",15,"5_6_stimuli","6_6","Congruent","Incongruent","Incongruent","Incongruent",29.99973,30.199729,"6^",0.833656,"Correct","Correct","Correct","Correct"
"8",16,"7_8_stimuli","8_8","Congruent","Congruent","Incongruent","Incongruent",31.999711,32.19971,"8*",0.59345,"Correct","Correct","Correct","Correct"
"8",17,"1_2_stimuli","1_2","Incongruent","Congruent","Congruent","Incongruent",33.999695,34.199694,"2@",0.705101,"Correct","Correct","Correct","Correct"
"8",18,"3_4_stimuli","4_4","Congruent","Incongruent","Congruent","Congruent",35.999666,36.199673,"4$",0.848978,"Correct","Correct","Correct","Correct"
"8",19,"5_6_stimuli","5_5","Congruent","Congruent","Incongruent","Congruent",37.999652,38.199661,"5%",0.768881,"Correct","Correct","Correct","Correct"
"8",20,"7_8_stimuli","7_7","Congruent","Congruent","Congruent","Incongruent",39.999629,40.199624,"7&",0.753191,"Correct","Correct","Correct","Correct"
"8",21,"1_2_stimuli","2_1","Incongruent","Congruent","Congruent","Congruent",41.999617,42.199616,"1!",0.577307,"Correct","Correct","Correct","Correct"
"8",22,"3_4_stimuli","3_4","Incongruent","Incongruent","Congruent","Congruent",43.999599,44.199606,"4$",0.865434,"Correct","Correct","Correct","Correct"
"8",23,"5_6_stimuli","6_6","Congruent","Incongruent","Incongruent","Congruent",45.99958,46.199571,"6^",1.057288,"Correct","Correct","Correct","Correct"
"8",24,"7_8_stimuli","8_7","Incongruent","Congruent","Incongruent","Incongruent",47.999568,48.19956,"7&",0.673243,"Correct","Correct","Correct","Correct"
"8",25,"1_2_stimuli","2_2","Congruent","Incongruent","Congruent","Incongruent",49.999545,50.199551,"2@",0.529548,"Correct","Correct","Correct","Correct"
"8",26,"3_4_stimuli","3_4","Incongruent","Congruent","Incongruent","Congruent",51.999534,52.19953,"4$",0.625212,"Correct","Correct","Correct","Correct"
"8",27,"5_6_stimuli","5_5","Congruent","Incongruent","Congruent","Incongruent",53.999504,54.199512,"5%",1.089845,"Correct","Correct","Correct","Correct"
"8",28,"7_8_stimuli","7_7","Congruent","Congruent","Incongruent","Congruent",55.999491,56.1995,"7&",1.185502,"Correct","Correct","Correct","Correct"
"8",29,"1_2_stimuli","1_1","Congruent","Congruent","Congruent","Incongruent",57.999473,58.199473,"1!",0.641769,"Correct","Correct","Correct","Correct"
"8",30,"3_4_stimuli","4_3","Incongruent","Congruent","Congruent","Congruent",59.999462,60.19946,"Omission",5000,"Omission","Correct","Correct","Correct"
"8",31,"5_6_stimuli","5_5","Congruent","Incongruent","Congruent","Congruent",61.999435,62.19944,"5%",0.737189,"Correct","Omission","Correct","Correct"
"8",32,"7_8_stimuli","8_7","Incongruent","Congruent","Incongruent","Congruent",63.999431,64.199426,"6^",0.625485,"Error","Correct","Omission","Correct"
"8",33,"1_2_stimuli","1_2","Incongruent","Incongruent","Congruent","Incongruent",65.999403,66.199407,"2@",0.529634,"Correct","Error","Correct","Omission"
"8",34,"3_4_stimuli","3_3","Congruent","Incongruent","Incongruent","Congruent",67.999391,68.199389,"3#",0.897537,"Correct","Correct","Error","Correct"
"8",35,"5_6_stimuli","6_6","Congruent","Congruent","Incongruent","Incongruent",69.999366,70.199372,"7&",1.041425,"Error","Correct","Correct","Error"
"8",36,"7_8_stimuli","7_8","Incongruent","Congruent","Congruent","Incongruent",71.999362,72.199346,"8*",0.801562,"Correct","Error","Correct","Correct"
"8",37,"1_2_stimuli","1_1","Congruent","Incongruent","Congruent","Congruent",73.999336,74.19933,"1!",0.609462,"Correct","Correct","Error","Correct"
"8",38,"3_4_stimuli","3_3","Congruent","Congruent","Incongruent","Congruent",75.999318,76.199318,"3#",1.009352,"Correct","Correct","Correct","Error"
"8",39,"5_6_stimuli","6_5","Incongruent","Congruent","Congruent","Incongruent",77.999298,78.199291,"5%",0.83346,"Correct","Correct","Correct","Correct"
"8",40,"7_8_stimuli","8_7","Incongruent","Incongruent","Congruent","Congruent",79.999275,80.199279,"7&",0.818166,"Correct","Correct","Correct","Correct"
"8",41,"1_2_stimuli","1_2","Incongruent","Incongruent","Incongruent","Congruent",81.999266,82.199253,"2@",0.57817,"Correct","Correct","Correct","Correct"
"8",42,"3_4_stimuli","4_3","Incongruent","Incongruent","Incongruent","Incongruent",83.999246,84.199238,"6^",0.801594,"Error","Correct","Correct","Correct"
"8",43,"5_6_stimuli","6_5","Incongruent","Incongruent","Incongruent","Incongruent",85.999225,86.199226,"4$",1.281438,"Error","Error","Correct","Correct"
"8",44,"7_8_stimuli","8_8","Congruent","Incongruent","Incongruent","Incongruent",87.999208,88.199202,"8*",0.577932,"Correct","Error","Error","Correct"
"8",45,"1_2_stimuli","1_2","Incongruent","Congruent","Incongruent","Incongruent",89.999193,90.199193,"2@",0.817556,"Correct","Correct","Error","Error"
"8",46,"3_4_stimuli","3_3","Congruent","Incongruent","Congruent","Incongruent",91.999182,92.199167,"3#",0.721652,"Correct","Correct","Correct","Error"
"8",47,"5_6_stimuli","6_5","Incongruent","Congruent","Incongruent","Congruent",93.999155,94.19915,"5%",1.09006,"Correct","Correct","Correct","Correct"
"8",48,"7_8_stimuli","7_8","Incongruent","Incongruent","Congruent","Incongruent",95.999137,96.199134,"8*",0.593617,"Correct","Correct","Correct","Correct"
"8",49,"1_2_stimuli","1_1","Congruent","Incongruent","Incongruent","Congruent",97.999125,98.199118,"1!",0.545843,"Correct","Correct","Correct","Correct"
"8",50,"3_4_stimuli","4_3","Incongruent","Congruent","Incongruent","Incongruent",99.999108,100.199099,"3#",1.137896,"Correct","Correct","Correct","Correct"
"8",51,"5_6_stimuli","5_6","Incongruent","Incongruent","Congruent","Incongruent",101.999086,102.199077,"6^",1.40976,"Correct","Correct","Correct","Correct"
"8",52,"7_8_stimuli","8_8","Congruent","Incongruent","Incongruent","Congruent",103.999071,104.199073,"8*",1.441479,"Correct","Correct","Correct","Correct"
"8",53,"1_2_stimuli","1_1","Congruent","Congruent","Incongruent","Incongruent",105.99905,106.199049,"1!",0.61003,"Correct","Correct","Correct","Correct"
"8",54,"3_4_stimuli","3_3","Congruent","Congruent","Congruent","Incongruent",107.999036,108.199036,"3#",0.897745,"Correct","Correct","Correct","Correct"
"8",55,"5_6_stimuli","5_5","Congruent","Congruent","Congruent","Congruent",109.999015,110.199019,"5%",1.233715,"Correct","Correct","Correct","Correct"
"8",56,"7_8_stimuli","8_8","Congruent","Congruent","Congruent","Congruent",111.998997,112.198989,"8*",0.578002,"Correct","Correct","Correct","Correct"
"8",57,"1_2_stimuli","2_2","Congruent","Congruent","Congruent","Congruent",113.998982,114.198984,"2@",0.62642,"Correct","Correct","Correct","Correct"
"8",58,"3_4_stimuli","4_4","Congruent","Congruent","Congruent","Congruent",115.998962,116.19896,"4$",1.281569,"Correct","Correct","Correct","Correct"
"8",59,"5_6_stimuli","5_6","Incongruent","Congruent","Congruent","Congruent",117.998946,118.198949,"6^",0.83417,"Correct","Correct","Correct","Correct"
"8",60,"7_8_stimuli","7_7","Congruent","Incongruent","Congruent","Congruent",119.998925,120.19892,"7&",1.250209,"Correct","Correct","Correct","Correct"
"8",61,"1_2_stimuli","2_1","Incongruent","Congruent","Incongruent","Congruent",121.998915,122.198903,"1!",0.722388,"Correct","Correct","Correct","Correct"
"8",62,"3_4_stimuli","4_3","Incongruent","Incongruent","Congruent","Incongruent",123.998893,124.198888,"3#",1.025891,"Correct","Correct","Correct","Correct"
"8",63,"5_6_stimuli","6_5","Incongruent","Incongruent","Incongruent","Congruent",125.998873,126.198874,"5%",1.201893,"Correct","Correct","Correct","Correct"
"8",64,"7_8_stimuli","7_8","Incongruent","Incongruent","Incongruent","Incongruent",127.998856,128.19886,"8*",0.673907,"Correct","Correct","Correct","Correct"
"8",65,"1_2_stimuli","2_1","Incongruent","Incongruent","Incongruent","Incongruent",129.998837,130.198842,"1!",0.754179,"Correct","Correct","Correct","Correct"
"8",66,"3_4_stimuli","4_4","Congruent","Incongruent","Incongruent","Incongruent",131.998822,132.198826,"4$",0.978236,"Correct","Correct","Correct","Correct"
"8",67,"5_6_stimuli","5_6","Incongruent","Congruent","Incongruent","Incongruent",133.998801,134.19881,"6^",0.898165,"Correct","Correct","Correct","Correct"
"8",68,"7_8_stimuli","7_7","Congruent","Incongruent","Congruent","Incongruent",135.998791,136.198798,"7&",0.641922,"Correct","Correct","Correct","Correct"
"9",1,"1_2_stimuli","1_1","Congruent",NA,NA,NA,1.99999,2.199985,"1!",0.496681,"Correct",NA,NA,NA
"9",2,"3_4_stimuli","4_3","Incongruent","Congruent",NA,NA,3.999963,4.199971,"3#",0.976966,"Correct","Correct",NA,NA
"9",3,"5_6_stimuli","6_5","Incongruent","Incongruent","Congruent",NA,5.999961,6.199955,"5%",0.945056,"Correct","Correct","Correct",NA
"9",4,"7_8_stimuli","8_8","Congruent","Incongruent","Incongruent","Congruent",7.999937,8.19994,"8*",0.625737,"Correct","Correct","Correct","Correct"
"9",5,"1_2_stimuli","2_1","Incongruent","Congruent","Incongruent","Incongruent",9.999925,10.199915,"1!",0.784891,"Correct","Correct","Correct","Correct"
"9",6,"3_4_stimuli","3_4","Incongruent","Incongruent","Congruent","Incongruent",11.999903,12.199904,"4$",1.136946,"Correct","Correct","Correct","Correct"
"9",7,"5_6_stimuli","6_6","Congruent","Incongruent","Incongruent","Congruent",13.999881,14.199889,"6^",1.2497,"Correct","Correct","Correct","Correct"
"9",8,"7_8_stimuli","8_8","Congruent","Congruent","Incongruent","Incongruent",15.999867,16.199871,"8*",0.640844,"Correct","Correct","Correct","Correct"
"9",9,"1_2_stimuli","2_1","Incongruent","Congruent","Congruent","Incongruent",17.999841,18.199835,"1!",0.976861,"Correct","Correct","Correct","Correct"
"9",10,"3_4_stimuli","4_3","Incongruent","Incongruent","Congruent","Congruent",19.999832,20.199837,"3#",1.088824,"Correct","Correct","Correct","Correct"
"9",11,"5_6_stimuli","6_5","Incongruent","Incongruent","Incongruent","Congruent",21.999822,22.19981,"5%",0.737459,"Correct","Correct","Correct","Correct"
"9",12,"7_8_stimuli","7_8","Incongruent","Incongruent","Incongruent","Incongruent",23.999804,24.199789,"8*",0.672869,"Correct","Correct","Correct","Correct"
"9",13,"1_2_stimuli","1_2","Incongruent","Incongruent","Incongruent","Incongruent",25.999787,26.199769,"2@",0.641087,"Correct","Correct","Correct","Correct"
"9",14,"3_4_stimuli","3_4","Incongruent","Incongruent","Incongruent","Incongruent",27.999767,28.199758,"4$",1.088858,"Correct","Correct","Correct","Correct"
"9",15,"5_6_stimuli","5_5","Congruent","Incongruent","Incongruent","Incongruent",29.999744,30.199749,"5%",0.384863,"Correct","Correct","Correct","Correct"
"9",16,"7_8_stimuli","8_7","Incongruent","Congruent","Incongruent","Incongruent",31.999731,32.199724,"7&",0.528909,"Correct","Correct","Correct","Correct"
"9",17,"1_2_stimuli","1_1","Congruent","Incongruent","Congruent","Incongruent",33.999712,34.199708,"1!",0.480893,"Correct","Correct","Correct","Correct"
"9",18,"3_4_stimuli","4_4","Congruent","Congruent","Incongruent","Congruent",35.999686,36.199684,"4$",0.913421,"Correct","Correct","Correct","Correct"
"9",19,"5_6_stimuli","6_6","Congruent","Congruent","Congruent","Incongruent",37.999677,38.199674,"6^",1.280763,"Correct","Correct","Correct","Correct"
"9",20,"7_8_stimuli","7_7","Congruent","Congruent","Congruent","Congruent",39.999657,40.199646,"7&",0.657194,"Correct","Correct","Correct","Correct"
"9",21,"1_2_stimuli","2_2","Congruent","Congruent","Congruent","Congruent",41.99964,42.19964,"2@",0.497138,"Correct","Correct","Correct","Correct"
"9",22,"3_4_stimuli","3_3","Congruent","Congruent","Congruent","Congruent",43.999622,44.199626,"3#",0.83305,"Correct","Correct","Correct","Correct"
"9",23,"5_6_stimuli","6_6","Congruent","Congruent","Congruent","Congruent",45.999601,46.199601,"6^",0.929,"Correct","Correct","Correct","Correct"
"9",24,"7_8_stimuli","7_8","Incongruent","Congruent","Congruent","Congruent",47.999584,48.199582,"8*",0.73734,"Correct","Correct","Correct","Correct"
"9",25,"1_2_stimuli","1_2","Incongruent","Incongruent","Congruent","Congruent",49.999557,50.199556,"2@",0.625064,"Correct","Correct","Correct","Correct"
"9",26,"3_4_stimuli","4_3","Incongruent","Incongruent","Incongruent","Congruent",51.999554,52.199544,"3#",0.80164,"Correct","Correct","Correct","Correct"
"9",27,"5_6_stimuli","6_5","Incongruent","Incongruent","Incongruent","Incongruent",53.999527,54.199538,"5%",0.785333,"Correct","Correct","Correct","Correct"
"9",28,"7_8_stimuli","8_8","Congruent","Incongruent","Incongruent","Incongruent",55.999516,56.199509,"8*",0.576873,"Correct","Correct","Correct","Correct"
"9",29,"1_2_stimuli","1_1","Congruent","Congruent","Incongruent","Incongruent",57.9995,58.1995,"1!",0.481122,"Correct","Correct","Correct","Correct"
"9",30,"3_4_stimuli","4_4","Congruent","Congruent","Congruent","Incongruent",59.999482,60.199482,"4$",0.801144,"Correct","Correct","Correct","Correct"
"9",31,"5_6_stimuli","6_5","Incongruent","Congruent","Congruent","Congruent",61.999466,62.199466,"5%",0.545135,"Correct","Correct","Correct","Correct"
"9",32,"7_8_stimuli","7_8","Incongruent","Incongruent","Congruent","Congruent",63.999451,64.199442,"8*",0.497431,"Correct","Correct","Correct","Correct"
"9",33,"1_2_stimuli","2_2","Congruent","Incongruent","Incongruent","Congruent",65.999425,66.199424,"2@",0.561421,"Correct","Correct","Correct","Correct"
"9",34,"3_4_stimuli","3_4","Incongruent","Congruent","Incongruent","Incongruent",67.999408,68.199406,"4$",0.913504,"Correct","Correct","Correct","Correct"
"9",35,"5_6_stimuli","5_5","Congruent","Incongruent","Congruent","Incongruent",69.999393,70.199394,"5%",0.41765,"Correct","Correct","Correct","Correct"
"9",36,"7_8_stimuli","7_7","Congruent","Congruent","Incongruent","Congruent",71.999372,72.199368,"7&",0.705204,"Correct","Correct","Correct","Correct"
"9",37,"1_2_stimuli","2_2","Congruent","Congruent","Congruent","Incongruent",73.999345,74.199362,"2@",0.529292,"Correct","Correct","Correct","Correct"
"9",38,"3_4_stimuli","4_3","Incongruent","Congruent","Congruent","Congruent",75.999339,76.199334,"3#",1.025506,"Correct","Correct","Correct","Correct"
"9",39,"5_6_stimuli","5_5","Congruent","Incongruent","Congruent","Congruent",77.999312,78.199327,"4$",0.689857,"Error","Correct","Correct","Correct"
"9",40,"7_8_stimuli","7_8","Incongruent","Congruent","Incongruent","Congruent",79.999294,80.199306,"8*",0.673375,"Correct","Error","Correct","Correct"
"9",41,"1_2_stimuli","1_2","Incongruent","Incongruent","Congruent","Incongruent",81.999285,82.199284,"2@",0.67353,"Correct","Correct","Error","Correct"
"9",42,"3_4_stimuli","3_3","Congruent","Incongruent","Incongruent","Congruent",83.99926,84.199262,"3#",0.817907,"Correct","Correct","Correct","Error"
"9",43,"5_6_stimuli","5_6","Incongruent","Congruent","Incongruent","Incongruent",85.999248,86.199239,"7&",1.457595,"Error","Correct","Correct","Correct"
"9",44,"7_8_stimuli","8_8","Congruent","Incongruent","Congruent","Incongruent",87.999235,88.199228,"8*",0.513491,"Correct","Error","Correct","Correct"
"9",45,"1_2_stimuli","1_2","Incongruent","Congruent","Incongruent","Congruent",89.999207,90.199211,"2@",0.609131,"Correct","Correct","Error","Correct"
"9",46,"3_4_stimuli","3_3","Congruent","Incongruent","Congruent","Incongruent",91.999197,92.199198,"3#",0.833643,"Correct","Correct","Correct","Error"
"9",47,"5_6_stimuli","5_6","Incongruent","Congruent","Incongruent","Congruent",93.999181,94.199177,"6^",1.025973,"Correct","Correct","Correct","Correct"
"9",48,"7_8_stimuli","8_7","Incongruent","Incongruent","Congruent","Incongruent",95.999156,96.199157,"7&",0.866121,"Correct","Correct","Correct","Correct"
"9",49,"1_2_stimuli","2_1","Incongruent","Incongruent","Incongruent","Congruent",97.999135,98.199133,"1!",0.641469,"Correct","Correct","Correct","Correct"
"9",50,"3_4_stimuli","4_4","Congruent","Incongruent","Incongruent","Incongruent",99.99912,100.199116,"4$",0.865537,"Correct","Correct","Correct","Correct"
"9",51,"5_6_stimuli","5_5","Congruent","Congruent","Incongruent","Incongruent",101.999106,102.199101,"5%",0.529576,"Correct","Correct","Correct","Correct"
"9",52,"7_8_stimuli","8_8","Congruent","Congruent","Congruent","Incongruent",103.999086,104.199086,"8*",0.705491,"Correct","Correct","Correct","Correct"
"9",53,"1_2_stimuli","2_1","Incongruent","Congruent","Congruent","Congruent",105.999077,106.199073,"1!",0.641468,"Correct","Correct","Correct","Correct"
"9",54,"3_4_stimuli","3_3","Congruent","Incongruent","Congruent","Congruent",107.999055,108.199047,"3#",0.993604,"Correct","Correct","Correct","Correct"
"9",55,"5_6_stimuli","6_6","Congruent","Congruent","Incongruent","Congruent",109.999036,110.199032,"7&",1.233954,"Error","Correct","Correct","Correct"
"9",56,"7_8_stimuli","8_7","Incongruent","Congruent","Congruent","Incongruent",111.999011,112.19902,"7&",0.449952,"Correct","Error","Correct","Correct"
"9",57,"1_2_stimuli","2_2","Congruent","Incongruent","Congruent","Congruent",113.999001,114.198997,"2@",0.561377,"Correct","Correct","Error","Correct"
"9",58,"3_4_stimuli","3_4","Incongruent","Congruent","Incongruent","Congruent",115.99898,116.198975,"4$",1.025509,"Correct","Correct","Correct","Error"
"9",59,"5_6_stimuli","5_6","Incongruent","Incongruent","Congruent","Incongruent",117.99897,118.198961,"6^",0.737763,"Correct","Correct","Correct","Correct"
"9",60,"7_8_stimuli","8_7","Incongruent","Incongruent","Incongruent","Congruent",119.998949,120.198946,"7&",0.657532,"Correct","Correct","Correct","Correct"
"9",61,"1_2_stimuli","1_1","Congruent","Incongruent","Incongruent","Incongruent",121.998934,122.198925,"1!",0.753696,"Correct","Correct","Correct","Correct"
"9",62,"3_4_stimuli","4_4","Congruent","Congruent","Incongruent","Incongruent",123.998911,124.198908,"4$",0.785403,"Correct","Correct","Correct","Correct"
"9",63,"5_6_stimuli","5_6","Incongruent","Congruent","Congruent","Incongruent",125.998898,126.198891,"6^",1.041763,"Correct","Correct","Correct","Correct"
"9",64,"7_8_stimuli","7_7","Congruent","Incongruent","Congruent","Congruent",127.998879,128.198869,"8*",0.658189,"Error","Correct","Correct","Correct"
"9",65,"1_2_stimuli","1_1","Congruent","Congruent","Incongruent","Congruent",129.998855,130.198855,"1!",0.577699,"Correct","Error","Correct","Correct"
"9",66,"3_4_stimuli","4_3","Incongruent","Congruent","Congruent","Incongruent",131.998845,132.198839,"3#",0.913869,"Correct","Correct","Error","Correct"
"9",67,"5_6_stimuli","6_5","Incongruent","Incongruent","Congruent","Congruent",133.998827,134.198828,"6^",0.833749,"Error","Correct","Correct","Error"
"9",68,"7_8_stimuli","7_7","Congruent","Incongruent","Incongruent","Congruent",135.998811,136.198804,"7&",0.625576,"Correct","Error","Correct","Correct"
"10",1,"1_2_stimuli","1_2","Incongruent",NA,NA,NA,1.99999,2.199999,"2@",0.583424,"Correct",NA,NA,NA
"10",2,"3_4_stimuli","4_3","Incongruent","Incongruent",NA,NA,3.999975,4.199975,"3#",0.743486,"Correct","Correct",NA,NA
"10",3,"5_6_stimuli","6_5","Incongruent","Incongruent","Incongruent",NA,5.99995,6.19995,"5%",1.047199,"Correct","Correct","Correct",NA
"10",4,"7_8_stimuli","7_8","Incongruent","Incongruent","Incongruent","Incongruent",7.999957,8.199933,"8*",0.7275,"Correct","Correct","Correct","Correct"
"10",5,"1_2_stimuli","2_2","Congruent","Incongruent","Incongruent","Incongruent",9.999915,10.199916,"2@",0.471853,"Correct","Correct","Correct","Correct"
"10",6,"3_4_stimuli","3_3","Congruent","Congruent","Incongruent","Incongruent",11.999901,12.199895,"3#",0.551259,"Correct","Correct","Correct","Correct"
"10",7,"5_6_stimuli","6_6","Congruent","Congruent","Congruent","Incongruent",13.999882,14.199892,"5%",0.967725,"Error","Correct","Correct","Correct"
"10",8,"7_8_stimuli","7_7","Congruent","Congruent","Congruent","Congruent",15.999875,16.199872,"7&",0.487483,"Correct","Error","Correct","Correct"
"10",9,"1_2_stimuli","1_2","Incongruent","Congruent","Congruent","Congruent",17.999843,18.19984,"2@",0.67941,"Correct","Correct","Error","Correct"
"10",10,"3_4_stimuli","4_4","Congruent","Incongruent","Congruent","Congruent",19.999833,20.199827,"4$",1.175435,"Correct","Correct","Correct","Error"
"10",11,"5_6_stimuli","5_6","Incongruent","Congruent","Incongruent","Congruent",21.999813,22.199823,"6^",0.53578,"Correct","Correct","Correct","Correct"
"10",12,"7_8_stimuli","8_7","Incongruent","Incongruent","Congruent","Incongruent",23.999796,24.199799,"7&",0.551575,"Correct","Correct","Correct","Correct"
"10",13,"1_2_stimuli","1_1","Congruent","Incongruent","Incongruent","Congruent",25.999783,26.199779,"1!",0.51933,"Correct","Correct","Correct","Correct"
"10",14,"3_4_stimuli","4_3","Incongruent","Congruent","Incongruent","Incongruent",27.999762,28.199767,"3#",0.679659,"Correct","Correct","Correct","Correct"
"10",15,"5_6_stimuli","6_6","Congruent","Incongruent","Congruent","Incongruent",29.999741,30.19974,"6^",1.143327,"Correct","Correct","Correct","Correct"
"10",16,"7_8_stimuli","7_8","Incongruent","Congruent","Incongruent","Congruent",31.999735,32.199734,"8*",0.743743,"Correct","Correct","Correct","Correct"
"10",17,"1_2_stimuli","1_2","Incongruent","Incongruent","Congruent","Incongruent",33.999707,34.199716,"2@",0.471914,"Correct","Correct","Correct","Correct"
"10",18,"3_4_stimuli","3_3","Congruent","Incongruent","Incongruent","Congruent",35.999696,36.199689,"3#",0.567882,"Correct","Correct","Correct","Correct"
"10",19,"5_6_stimuli","6_5","Incongruent","Congruent","Incongruent","Incongruent",37.999679,38.199668,"6^",0.775899,"Error","Correct","Correct","Correct"
"10",20,"7_8_stimuli","8_8","Congruent","Incongruent","Congruent","Incongruent",39.999667,40.199663,"8*",0.807823,"Correct","Error","Correct","Correct"
"10",21,"1_2_stimuli","1_1","Congruent","Congruent","Incongruent","Congruent",41.999644,42.199628,"1!",0.600001,"Correct","Correct","Error","Correct"
"10",22,"3_4_stimuli","3_4","Incongruent","Congruent","Congruent","Incongruent",43.999619,44.199616,"3#",0.55129,"Error","Correct","Correct","Error"
"10",23,"5_6_stimuli","6_6","Congruent","Incongruent","Congruent","Congruent",45.99961,46.1996,"6^",0.951551,"Correct","Error","Correct","Correct"
"10",24,"7_8_stimuli","8_8","Congruent","Congruent","Incongruent","Congruent",47.999586,48.199583,"8*",0.599903,"Correct","Correct","Error","Correct"
"10",25,"1_2_stimuli","1_2","Incongruent","Congruent","Congruent","Incongruent",49.999577,50.199574,"2@",0.487786,"Correct","Correct","Correct","Error"
"10",26,"3_4_stimuli","4_3","Incongruent","Incongruent","Congruent","Congruent",51.999553,52.199542,"3#",0.711753,"Correct","Correct","Correct","Correct"
"10",27,"5_6_stimuli","5_5","Congruent","Incongruent","Incongruent","Congruent",53.999531,54.19953,"5%",0.45586,"Correct","Correct","Correct","Correct"
"10",28,"7_8_stimuli","7_7","Congruent","Congruent","Incongruent","Incongruent",55.999518,56.199524,"7&",0.695733,"Correct","Correct","Correct","Correct"
"10",29,"1_2_stimuli","2_2","Congruent","Congruent","Congruent","Incongruent",57.999503,58.199504,"2@",0.600007,"Correct","Correct","Correct","Correct"
"10",30,"3_4_stimuli","4_4","Congruent","Congruent","Congruent","Congruent",59.999479,60.199483,"4$",0.79162,"Correct","Correct","Correct","Correct"
"10",31,"5_6_stimuli","5_6","Incongruent","Congruent","Congruent","Congruent",61.999461,62.199469,"6^",0.91976,"Correct","Correct","Correct","Correct"
"10",32,"7_8_stimuli","7_8","Incongruent","Incongruent","Congruent","Congruent",63.99945,64.199442,"8*",0.680018,"Correct","Correct","Correct","Correct"
"10",33,"1_2_stimuli","2_1","Incongruent","Incongruent","Incongruent","Congruent",65.999427,66.199428,"1!",0.551977,"Correct","Correct","Correct","Correct"
"10",34,"3_4_stimuli","4_4","Congruent","Incongruent","Incongruent","Incongruent",67.999414,68.199417,"4$",0.695833,"Correct","Correct","Correct","Correct"
"10",35,"5_6_stimuli","5_5","Congruent","Congruent","Incongruent","Incongruent",69.999393,70.199387,"5%",0.919858,"Correct","Correct","Correct","Correct"
"10",36,"7_8_stimuli","7_8","Incongruent","Congruent","Congruent","Incongruent",71.999371,72.199374,"8*",0.615923,"Correct","Correct","Correct","Correct"
"10",37,"1_2_stimuli","2_2","Congruent","Incongruent","Congruent","Congruent",73.999361,74.199353,"2@",0.503519,"Correct","Correct","Correct","Correct"
"10",38,"3_4_stimuli","3_4","Incongruent","Congruent","Incongruent","Congruent",75.999345,76.199333,"4$",0.807982,"Correct","Correct","Correct","Correct"
"10",39,"5_6_stimuli","6_5","Incongruent","Incongruent","Congruent","Incongruent",77.999327,78.199326,"5%",0.728212,"Correct","Correct","Correct","Correct"
"10",40,"7_8_stimuli","7_7","Congruent","Incongruent","Incongruent","Congruent",79.9993,80.199298,"7&",0.615974,"Correct","Correct","Correct","Correct"
"10",41,"1_2_stimuli","1_1","Congruent","Congruent","Incongruent","Incongruent",81.999282,82.19928,"1!",0.583743,"Correct","Correct","Correct","Correct"
"10",42,"3_4_stimuli","3_3","Congruent","Congruent","Congruent","Incongruent",83.99927,84.199263,"3#",0.696265,"Correct","Correct","Correct","Correct"
"10",43,"5_6_stimuli","5_5","Congruent","Congruent","Congruent","Congruent",85.999252,86.199251,"5%",0.648167,"Correct","Correct","Correct","Correct"
"10",44,"7_8_stimuli","7_8","Incongruent","Congruent","Congruent","Congruent",87.999232,88.199228,"8*",0.695605,"Correct","Correct","Correct","Correct"
"10",45,"1_2_stimuli","1_2","Incongruent","Incongruent","Congruent","Congruent",89.999216,90.199213,"2@",0.519838,"Correct","Correct","Correct","Correct"
"10",46,"3_4_stimuli","4_3","Incongruent","Incongruent","Incongruent","Congruent",91.999205,92.199192,"3#",0.567801,"Correct","Correct","Correct","Correct"
"10",47,"5_6_stimuli","5_6","Incongruent","Incongruent","Incongruent","Incongruent",93.999175,94.199175,"7&",0.648151,"Error","Correct","Correct","Correct"
"10",48,"7_8_stimuli","8_8","Congruent","Incongruent","Incongruent","Incongruent",95.999161,96.199163,"8*",0.584237,"Correct","Error","Correct","Correct"
"10",49,"1_2_stimuli","2_1","Incongruent","Congruent","Incongruent","Incongruent",97.999141,98.199145,"1!",0.616282,"Correct","Correct","Error","Correct"
"10",50,"3_4_stimuli","3_4","Incongruent","Incongruent","Congruent","Incongruent",99.999127,100.199118,"4$",0.984191,"Correct","Correct","Correct","Error"
"10",51,"5_6_stimuli","6_5","Incongruent","Incongruent","Incongruent","Congruent",101.999106,102.199111,"5%",0.583938,"Correct","Correct","Correct","Correct"
"10",52,"7_8_stimuli","8_7","Incongruent","Incongruent","Incongruent","Incongruent",103.999088,104.199088,"7&",0.808095,"Correct","Correct","Correct","Correct"
"10",53,"1_2_stimuli","2_1","Incongruent","Incongruent","Incongruent","Incongruent",105.999072,106.199073,"1!",0.68011,"Correct","Correct","Correct","Correct"
"10",54,"3_4_stimuli","3_4","Incongruent","Incongruent","Incongruent","Incongruent",107.999048,108.199056,"4$",0.74427,"Correct","Correct","Correct","Correct"
"10",55,"5_6_stimuli","6_6","Congruent","Incongruent","Incongruent","Incongruent",109.999039,110.199031,"6^",0.855951,"Correct","Correct","Correct","Correct"
"10",56,"7_8_stimuli","8_7","Incongruent","Congruent","Incongruent","Incongruent",111.999025,112.199015,"7&",0.599988,"Correct","Correct","Correct","Correct"
"10",57,"1_2_stimuli","2_2","Congruent","Incongruent","Congruent","Incongruent",113.999011,114.199003,"2@",0.631974,"Correct","Correct","Correct","Correct"
"10",58,"3_4_stimuli","4_4","Congruent","Congruent","Incongruent","Congruent",115.998985,116.198981,"4$",0.824035,"Correct","Correct","Correct","Correct"
"10",59,"5_6_stimuli","6_5","Incongruent","Congruent","Congruent","Incongruent",117.998964,118.198963,"5%",0.728707,"Correct","Correct","Correct","Correct"
"10",60,"7_8_stimuli","8_8","Congruent","Incongruent","Congruent","Congruent",119.998945,120.198949,"7&",0.744023,"Error","Correct","Correct","Correct"
"10",61,"1_2_stimuli","2_1","Incongruent","Congruent","Incongruent","Congruent",121.998936,122.198932,"1!",0.648595,"Correct","Error","Correct","Correct"
"10",62,"3_4_stimuli","3_3","Congruent","Incongruent","Congruent","Incongruent",123.998922,124.19891,"3#",0.696123,"Correct","Correct","Error","Correct"
"10",63,"5_6_stimuli","5_5","Congruent","Congruent","Incongruent","Congruent",125.9989,126.1989,"5%",0.920513,"Correct","Correct","Correct","Error"
"10",64,"7_8_stimuli","7_7","Congruent","Congruent","Congruent","Incongruent",127.998883,128.198881,"7&",0.680358,"Correct","Correct","Correct","Correct"
"10",65,"1_2_stimuli","1_1","Congruent","Congruent","Congruent","Congruent",129.998865,130.198866,"1!",0.681192,"Correct","Correct","Correct","Correct"
"10",66,"3_4_stimuli","4_3","Incongruent","Congruent","Congruent","Congruent",131.998843,132.198849,"3#",0.825073,"Correct","Correct","Correct","Correct"
"10",67,"5_6_stimuli","5_6","Incongruent","Incongruent","Congruent","Congruent",133.998823,134.198825,"5%",1.400515,"Error","Correct","Correct","Correct"
"10",68,"7_8_stimuli","8_7","Incongruent","Incongruent","Incongruent","Congruent",135.998816,136.198804,"7&",0.584206,"Correct","Error","Correct","Correct"
"11",1,"1_2_stimuli","2_2","Congruent",NA,NA,NA,1.999976,2.199968,"2@",0.739716,"Correct",NA,NA,NA
"11",2,"3_4_stimuli","3_4","Incongruent","Congruent",NA,NA,3.999957,4.199953,"4$",1.299854,"Correct","Correct",NA,NA
"11",3,"5_6_stimuli","5_6","Incongruent","Incongruent","Congruent",NA,5.99994,6.199945,"6^",0.98006,"Correct","Correct","Correct",NA
"11",4,"7_8_stimuli","8_8","Congruent","Incongruent","Incongruent","Congruent",7.999932,8.199923,"7&",0.803564,"Error","Correct","Correct","Correct"
"11",5,"1_2_stimuli","1_2","Incongruent","Congruent","Incongruent","Incongruent",9.99991,10.199906,"2@",0.54773,"Correct","Error","Correct","Correct"
"11",6,"3_4_stimuli","3_4","Incongruent","Incongruent","Congruent","Incongruent",11.999881,12.199886,"4$",0.899623,"Correct","Correct","Error","Correct"
"11",7,"5_6_stimuli","5_5","Congruent","Incongruent","Incongruent","Congruent",13.999874,14.199873,"5%",0.531659,"Correct","Correct","Correct","Error"
"11",8,"7_8_stimuli","7_7","Congruent","Congruent","Incongruent","Incongruent",15.999855,16.199845,"7&",0.627707,"Correct","Correct","Correct","Correct"
"11",9,"1_2_stimuli","1_2","Incongruent","Congruent","Congruent","Incongruent",17.999843,18.199833,"2@",0.515922,"Correct","Correct","Correct","Correct"
"11",10,"3_4_stimuli","3_3","Congruent","Incongruent","Congruent","Congruent",19.999817,20.199826,"4$",0.803534,"Error","Correct","Correct","Correct"
"11",11,"5_6_stimuli","5_6","Incongruent","Congruent","Incongruent","Congruent",21.999802,22.199804,"6^",0.931992,"Correct","Error","Correct","Correct"
"11",12,"7_8_stimuli","7_8","Incongruent","Incongruent","Congruent","Incongruent",23.999786,24.19978,"8*",0.755804,"Correct","Correct","Error","Correct"
"11",13,"1_2_stimuli","2_1","Incongruent","Incongruent","Incongruent","Congruent",25.999756,26.199758,"1!",0.627667,"Correct","Correct","Correct","Error"
"11",14,"3_4_stimuli","4_4","Congruent","Incongruent","Incongruent","Incongruent",27.999746,28.199762,"3#",0.627616,"Error","Correct","Correct","Correct"
"11",15,"5_6_stimuli","6_5","Incongruent","Congruent","Incongruent","Incongruent",29.999737,30.199723,"5%",0.70792,"Correct","Error","Correct","Correct"
"11",16,"7_8_stimuli","8_8","Congruent","Incongruent","Congruent","Incongruent",31.99972,32.199709,"8*",0.579852,"Correct","Correct","Error","Correct"
"11",17,"1_2_stimuli","2_2","Congruent","Congruent","Incongruent","Congruent",33.99969,34.199696,"2@",0.579899,"Correct","Correct","Correct","Error"
"11",18,"3_4_stimuli","4_4","Congruent","Congruent","Congruent","Incongruent",35.999677,36.199683,"4$",0.948333,"Correct","Correct","Correct","Correct"
"11",19,"5_6_stimuli","5_5","Congruent","Congruent","Congruent","Congruent",37.999659,38.199656,"5%",0.659879,"Correct","Correct","Correct","Correct"
"11",20,"7_8_stimuli","7_7","Congruent","Congruent","Congruent","Congruent",39.999644,40.199631,"7&",0.564039,"Correct","Correct","Correct","Correct"
"11",21,"1_2_stimuli","1_1","Congruent","Congruent","Congruent","Congruent",41.999627,42.19963,"1!",0.804248,"Correct","Correct","Correct","Correct"
"11",22,"3_4_stimuli","3_3","Congruent","Congruent","Congruent","Congruent",43.999615,44.199608,"3#",0.755815,"Correct","Correct","Correct","Correct"
"11",23,"5_6_stimuli","6_5","Incongruent","Congruent","Congruent","Congruent",45.999597,46.199592,"5%",0.787912,"Correct","Correct","Correct","Correct"
"11",24,"7_8_stimuli","8_8","Congruent","Incongruent","Congruent","Congruent",47.999581,48.199563,"8*",0.563782,"Correct","Correct","Correct","Correct"
"11",25,"1_2_stimuli","1_2","Incongruent","Congruent","Incongruent","Congruent",49.999556,50.19955,"2@",0.660204,"Correct","Correct","Correct","Correct"
"11",26,"3_4_stimuli","4_4","Congruent","Incongruent","Congruent","Incongruent",51.999538,52.199531,"4$",0.804262,"Correct","Correct","Correct","Correct"
"11",27,"5_6_stimuli","6_6","Congruent","Congruent","Incongruent","Congruent",53.99952,54.199519,"6^",0.997416,"Correct","Correct","Correct","Correct"
"11",28,"7_8_stimuli","7_7","Congruent","Congruent","Congruent","Incongruent",55.999508,56.199511,"7&",0.691974,"Correct","Correct","Correct","Correct"
"11",29,"1_2_stimuli","1_2","Incongruent","Congruent","Congruent","Congruent",57.999486,58.199482,"2@",0.483785,"Correct","Correct","Correct","Correct"
"11",30,"3_4_stimuli","4_3","Incongruent","Incongruent","Congruent","Congruent",59.999465,60.19946,"3#",0.628012,"Correct","Correct","Correct","Correct"
"11",31,"5_6_stimuli","5_6","Incongruent","Incongruent","Incongruent","Congruent",61.999456,62.199454,"6^",0.916006,"Correct","Correct","Correct","Correct"
"11",32,"7_8_stimuli","7_8","Incongruent","Incongruent","Incongruent","Incongruent",63.999427,64.199429,"8*",0.724208,"Correct","Correct","Correct","Correct"
"11",33,"1_2_stimuli","2_2","Congruent","Incongruent","Incongruent","Incongruent",65.999414,66.199407,"2@",0.692189,"Correct","Correct","Correct","Correct"
"11",34,"3_4_stimuli","4_4","Congruent","Congruent","Incongruent","Incongruent",67.999394,68.199396,"4$",1.028165,"Correct","Correct","Correct","Correct"
"11",35,"5_6_stimuli","6_5","Incongruent","Congruent","Congruent","Incongruent",69.999389,70.199376,"5%",0.41991,"Correct","Correct","Correct","Correct"
"11",36,"7_8_stimuli","7_8","Incongruent","Incongruent","Congruent","Congruent",71.999353,72.199361,"8*",0.708144,"Correct","Correct","Correct","Correct"
"11",37,"1_2_stimuli","1_1","Congruent","Incongruent","Incongruent","Congruent",73.999345,74.199338,"1!",0.596494,"Correct","Correct","Correct","Correct"
"11",38,"3_4_stimuli","4_3","Incongruent","Congruent","Incongruent","Incongruent",75.999328,76.199322,"3#",0.788114,"Correct","Correct","Correct","Correct"
"11",39,"5_6_stimuli","6_5","Incongruent","Incongruent","Congruent","Incongruent",77.999325,78.199307,"5%",0.916289,"Correct","Correct","Correct","Correct"
"11",40,"7_8_stimuli","7_8","Incongruent","Incongruent","Incongruent","Congruent",79.9993,80.199288,"8*",0.644003,"Correct","Correct","Correct","Correct"
"11",41,"1_2_stimuli","2_1","Incongruent","Incongruent","Incongruent","Incongruent",81.999276,82.199275,"1!",0.516879,"Correct","Correct","Correct","Correct"
"11",42,"3_4_stimuli","4_3","Incongruent","Incongruent","Incongruent","Incongruent",83.999258,84.199248,"3#",0.724362,"Correct","Correct","Correct","Correct"
"11",43,"5_6_stimuli","6_6","Congruent","Incongruent","Incongruent","Incongruent",85.999233,86.199234,"6^",0.996021,"Correct","Correct","Correct","Correct"
"11",44,"7_8_stimuli","8_7","Incongruent","Congruent","Incongruent","Incongruent",87.999216,88.199218,"7&",0.740279,"Correct","Correct","Correct","Correct"
"11",45,"1_2_stimuli","1_1","Congruent","Incongruent","Congruent","Incongruent",89.999197,90.199199,"1!",0.548355,"Correct","Correct","Correct","Correct"
"11",46,"3_4_stimuli","3_4","Incongruent","Congruent","Incongruent","Congruent",91.999179,92.199184,"3#",0.660265,"Error","Correct","Correct","Correct"
"11",47,"5_6_stimuli","5_5","Congruent","Incongruent","Congruent","Incongruent",93.999163,94.199162,"5%",0.580515,"Correct","Error","Correct","Correct"
"11",48,"7_8_stimuli","8_7","Incongruent","Congruent","Incongruent","Congruent",95.99916,96.199154,"7&",0.62874,"Correct","Correct","Error","Correct"
"11",49,"1_2_stimuli","2_1","Incongruent","Incongruent","Congruent","Incongruent",97.999131,98.199126,"1!",0.58022,"Correct","Correct","Correct","Error"
"11",50,"3_4_stimuli","3_3","Congruent","Incongruent","Incongruent","Congruent",99.999113,100.199112,"3#",0.548982,"Correct","Correct","Correct","Correct"
"11",51,"5_6_stimuli","5_5","Congruent","Congruent","Incongruent","Incongruent",101.999099,102.199091,"5%",0.852182,"Correct","Correct","Correct","Correct"
"11",52,"7_8_stimuli","8_7","Incongruent","Congruent","Congruent","Incongruent",103.99908,104.199075,"7&",0.788463,"Correct","Correct","Correct","Correct"
"11",53,"1_2_stimuli","2_2","Congruent","Incongruent","Congruent","Congruent",105.999057,106.199053,"2@",0.948986,"Correct","Correct","Correct","Correct"
"11",54,"3_4_stimuli","3_3","Congruent","Congruent","Incongruent","Congruent",107.999042,108.199042,"3#",1.108514,"Correct","Correct","Correct","Correct"
"11",55,"5_6_stimuli","6_6","Congruent","Congruent","Congruent","Incongruent",109.999019,110.199024,"6^",1.172976,"Correct","Correct","Correct","Correct"
"11",56,"7_8_stimuli","8_7","Incongruent","Congruent","Congruent","Congruent",111.999009,112.199008,"7&",0.420583,"Correct","Correct","Correct","Correct"
"11",57,"1_2_stimuli","2_1","Incongruent","Incongruent","Congruent","Congruent",113.998992,114.198984,"1!",0.533059,"Correct","Correct","Correct","Correct"
"11",58,"3_4_stimuli","4_3","Incongruent","Incongruent","Incongruent","Congruent",115.998978,116.198969,"3#",0.548533,"Correct","Correct","Correct","Correct"
"11",59,"5_6_stimuli","5_6","Incongruent","Incongruent","Incongruent","Incongruent",117.998958,118.19895,"6^",1.092559,"Correct","Correct","Correct","Correct"
"11",60,"7_8_stimuli","8_8","Congruent","Incongruent","Incongruent","Incongruent",119.998932,120.198931,"8*",0.836813,"Correct","Correct","Correct","Correct"
"11",61,"1_2_stimuli","2_2","Congruent","Congruent","Incongruent","Incongruent",121.998922,122.198916,"2@",0.596457,"Correct","Correct","Correct","Correct"
"11",62,"3_4_stimuli","3_4","Incongruent","Congruent","Congruent","Incongruent",123.9989,124.198902,"4$",1.060839,"Correct","Correct","Correct","Correct"
"11",63,"5_6_stimuli","6_6","Congruent","Incongruent","Congruent","Congruent",125.998882,126.198881,"6^",1.092386,"Correct","Correct","Correct","Correct"
"11",64,"7_8_stimuli","7_7","Congruent","Congruent","Incongruent","Congruent",127.998872,128.198872,"7&",0.64457,"Correct","Correct","Correct","Correct"
"11",65,"1_2_stimuli","1_1","Congruent","Congruent","Congruent","Incongruent",129.998847,130.198844,"1!",0.533245,"Correct","Correct","Correct","Correct"
"11",66,"3_4_stimuli","3_4","Incongruent","Congruent","Congruent","Congruent",131.99884,132.198832,"4$",0.82059,"Correct","Correct","Correct","Correct"
"11",67,"5_6_stimuli","5_6","Incongruent","Incongruent","Congruent","Congruent",133.998823,134.198813,"6^",0.820599,"Correct","Correct","Correct","Correct"
"11",68,"7_8_stimuli","8_8","Congruent","Incongruent","Incongruent","Congruent",135.998798,136.198802,"8*",0.69315,"Correct","Correct","Correct","Correct"
"12",1,"1_2_stimuli","2_1","Incongruent",NA,NA,NA,1.99997,2.199964,"1!",0.613411,"Correct",NA,NA,NA
"12",2,"3_4_stimuli","4_3","Incongruent","Incongruent",NA,NA,3.999947,4.199954,"3#",1.109558,"Correct","Correct",NA,NA
"12",3,"5_6_stimuli","6_6","Congruent","Incongruent","Incongruent",NA,5.999928,6.199926,"6^",1.333723,"Correct","Correct","Correct",NA
"12",4,"7_8_stimuli","7_7","Congruent","Congruent","Incongruent","Incongruent",7.999911,8.199908,"7&",0.581814,"Correct","Correct","Correct","Correct"
"12",5,"1_2_stimuli","1_2","Incongruent","Congruent","Congruent","Incongruent",9.999903,10.199899,"2@",0.661448,"Correct","Correct","Correct","Correct"
"12",6,"3_4_stimuli","3_4","Incongruent","Incongruent","Congruent","Congruent",11.999879,12.199884,"4$",1.125422,"Correct","Correct","Correct","Correct"
"12",7,"5_6_stimuli","6_5","Incongruent","Incongruent","Incongruent","Congruent",13.999856,14.199868,"5%",1.445496,"Correct","Correct","Correct","Correct"
"12",8,"7_8_stimuli","7_8","Incongruent","Incongruent","Incongruent","Incongruent",15.999852,16.199831,"8*",0.63,"Correct","Correct","Correct","Correct"
"12",9,"1_2_stimuli","2_2","Congruent","Incongruent","Incongruent","Incongruent",17.999826,18.199831,"2@",0.725808,"Correct","Correct","Correct","Correct"
"12",10,"3_4_stimuli","3_3","Congruent","Congruent","Incongruent","Incongruent",19.999811,20.199799,"3#",0.597515,"Correct","Correct","Correct","Correct"
"12",11,"5_6_stimuli","5_6","Incongruent","Congruent","Congruent","Incongruent",21.999801,22.199792,"6^",0.725903,"Correct","Correct","Correct","Correct"
"12",12,"7_8_stimuli","7_7","Congruent","Incongruent","Congruent","Congruent",23.999771,24.199768,"8*",0.405493,"Error","Correct","Correct","Correct"
"12",13,"1_2_stimuli","1_2","Incongruent","Congruent","Incongruent","Congruent",25.999751,26.199758,"2@",0.517552,"Correct","Error","Correct","Correct"
"12",14,"3_4_stimuli","4_3","Incongruent","Incongruent","Congruent","Incongruent",27.999741,28.19974,"3#",0.518081,"Correct","Correct","Error","Correct"
"12",15,"5_6_stimuli","6_6","Congruent","Incongruent","Incongruent","Congruent",29.999727,30.199715,"6^",0.710028,"Correct","Correct","Correct","Error"
"12",16,"7_8_stimuli","8_7","Incongruent","Congruent","Incongruent","Incongruent",31.999706,32.199709,"7&",0.710111,"Correct","Correct","Correct","Correct"
"12",17,"1_2_stimuli","1_1","Congruent","Incongruent","Congruent","Incongruent",33.999696,34.199686,"1!",0.598138,"Correct","Correct","Correct","Correct"
"12",18,"3_4_stimuli","4_4","Congruent","Congruent","Incongruent","Congruent",35.999674,36.199666,"4$",0.901849,"Correct","Correct","Correct","Correct"
"12",19,"5_6_stimuli","5_5","Congruent","Congruent","Congruent","Incongruent",37.99966,38.199658,"5%",1.365696,"Correct","Correct","Correct","Correct"
"12",20,"7_8_stimuli","7_8","Incongruent","Congruent","Congruent","Congruent",39.999663,40.199635,"8*",0.582102,"Correct","Correct","Correct","Correct"
"12",21,"1_2_stimuli","1_1","Congruent","Incongruent","Congruent","Congruent",41.999613,42.199616,"1!",0.405859,"Correct","Correct","Correct","Correct"
"12",22,"3_4_stimuli","4_3","Incongruent","Congruent","Incongruent","Congruent",43.999608,44.199606,"3#",0.933835,"Correct","Correct","Correct","Correct"
"12",23,"5_6_stimuli","6_6","Congruent","Incongruent","Congruent","Incongruent",45.999577,46.199575,"6^",0.885701,"Correct","Correct","Correct","Correct"
"12",24,"7_8_stimuli","7_7","Congruent","Congruent","Incongruent","Congruent",47.999557,48.199563,"7&",0.550076,"Correct","Correct","Correct","Correct"
"12",25,"1_2_stimuli","2_2","Congruent","Congruent","Congruent","Incongruent",49.999542,50.199552,"2@",0.422011,"Correct","Correct","Correct","Correct"
"12",26,"3_4_stimuli","3_3","Congruent","Congruent","Congruent","Congruent",51.999531,52.199523,"3#",0.518229,"Correct","Correct","Correct","Correct"
"12",27,"5_6_stimuli","5_5","Congruent","Congruent","Congruent","Congruent",53.999515,54.199512,"5%",0.773888,"Correct","Correct","Correct","Correct"
"12",28,"7_8_stimuli","8_8","Congruent","Congruent","Congruent","Congruent",55.999483,56.199489,"8*",0.678188,"Correct","Correct","Correct","Correct"
"12",29,"1_2_stimuli","2_1","Incongruent","Congruent","Congruent","Congruent",57.999473,58.199481,"1!",0.58229,"Correct","Correct","Correct","Correct"
"12",30,"3_4_stimuli","4_4","Congruent","Incongruent","Congruent","Congruent",59.999457,60.199453,"4$",0.934073,"Correct","Correct","Correct","Correct"
"12",31,"5_6_stimuli","6_5","Incongruent","Congruent","Incongruent","Congruent",61.999434,62.199431,"5%",0.549758,"Correct","Correct","Correct","Correct"
"12",32,"7_8_stimuli","8_8","Congruent","Incongruent","Congruent","Incongruent",63.999409,64.199417,"8*",0.50199,"Correct","Correct","Correct","Correct"
"12",33,"1_2_stimuli","2_2","Congruent","Congruent","Incongruent","Congruent",65.999404,66.199402,"2@",0.72581,"Correct","Correct","Correct","Correct"
"12",34,"3_4_stimuli","3_4","Incongruent","Congruent","Congruent","Incongruent",67.999394,68.199395,"4$",1.077801,"Correct","Correct","Correct","Correct"
"12",35,"5_6_stimuli","6_6","Congruent","Incongruent","Congruent","Congruent",69.999366,70.199359,"6^",1.318146,"Correct","Correct","Correct","Correct"
"12",36,"7_8_stimuli","7_8","Incongruent","Congruent","Incongruent","Congruent",71.999352,72.199351,"8*",0.565917,"Correct","Correct","Correct","Correct"
"12",37,"1_2_stimuli","1_2","Incongruent","Incongruent","Congruent","Incongruent",73.999335,74.199324,"2@",0.63052,"Correct","Correct","Correct","Correct"
"12",38,"3_4_stimuli","3_3","Congruent","Incongruent","Incongruent","Congruent",75.999319,76.199309,"6^",0.614087,"Error","Correct","Correct","Correct"
"12",39,"5_6_stimuli","5_5","Congruent","Congruent","Incongruent","Incongruent",77.999308,78.199297,"4$",1.014165,"Error","Error","Correct","Correct"
"12",40,"7_8_stimuli","8_8","Congruent","Congruent","Congruent","Incongruent",79.999277,80.199273,"8*",0.565768,"Correct","Error","Error","Correct"
"12",41,"1_2_stimuli","1_1","Congruent","Congruent","Congruent","Congruent",81.999264,82.199258,"1!",0.501981,"Correct","Correct","Error","Error"
"12",42,"3_4_stimuli","3_4","Incongruent","Congruent","Congruent","Congruent",83.999239,84.199241,"4$",0.790184,"Correct","Correct","Correct","Error"
"12",43,"5_6_stimuli","6_5","Incongruent","Incongruent","Congruent","Congruent",85.999236,86.199226,"5%",0.438053,"Correct","Correct","Correct","Correct"
"12",44,"7_8_stimuli","8_8","Congruent","Incongruent","Incongruent","Congruent",87.999213,88.199207,"8*",0.454266,"Correct","Correct","Correct","Correct"
"12",45,"1_2_stimuli","2_1","Incongruent","Congruent","Incongruent","Incongruent",89.999186,90.199196,"1!",0.502181,"Correct","Correct","Correct","Correct"
"12",46,"3_4_stimuli","3_3","Congruent","Incongruent","Congruent","Incongruent",91.999175,92.199171,"3#",0.758182,"Correct","Correct","Correct","Correct"
"12",47,"5_6_stimuli","5_5","Congruent","Congruent","Incongruent","Congruent",93.999151,94.199161,"4$",1.126335,"Error","Correct","Correct","Correct"
"12",48,"7_8_stimuli","8_7","Incongruent","Congruent","Congruent","Incongruent",95.999138,96.199144,"7&",0.694237,"Correct","Error","Correct","Correct"
"12",49,"1_2_stimuli","2_1","Incongruent","Incongruent","Congruent","Congruent",97.999139,98.199115,"1!",0.502301,"Correct","Correct","Error","Correct"
"12",50,"3_4_stimuli","4_3","Incongruent","Incongruent","Incongruent","Congruent",99.999118,100.199087,"3#",0.902396,"Correct","Correct","Correct","Error"
"12",51,"5_6_stimuli","6_5","Incongruent","Incongruent","Incongruent","Incongruent",101.99908,102.199073,"5%",1.157976,"Correct","Correct","Correct","Correct"
"12",52,"7_8_stimuli","7_7","Congruent","Incongruent","Incongruent","Incongruent",103.999083,104.199062,"7&",0.950114,"Correct","Correct","Correct","Correct"
"12",53,"1_2_stimuli","2_2","Congruent","Congruent","Incongruent","Incongruent",105.999047,106.199053,"2@",0.614279,"Correct","Correct","Correct","Correct"
"12",54,"3_4_stimuli","4_4","Congruent","Congruent","Congruent","Incongruent",107.999035,108.199029,"4$",1.110181,"Correct","Correct","Correct","Correct"
"12",55,"5_6_stimuli","5_6","Incongruent","Congruent","Congruent","Congruent",109.999011,110.199011,"6^",1.238185,"Correct","Correct","Correct","Correct"
"12",56,"7_8_stimuli","7_8","Incongruent","Incongruent","Congruent","Congruent",111.998998,112.198993,"8*",0.614349,"Correct","Correct","Correct","Correct"
"12",57,"1_2_stimuli","1_2","Incongruent","Incongruent","Incongruent","Congruent",113.998987,114.198976,"2@",0.694852,"Correct","Correct","Correct","Correct"
"12",58,"3_4_stimuli","4_4","Congruent","Incongruent","Incongruent","Incongruent",115.998965,116.198957,"4$",0.742788,"Correct","Correct","Correct","Correct"
"12",59,"5_6_stimuli","5_6","Incongruent","Congruent","Incongruent","Incongruent",117.998945,118.198943,"6^",1.094251,"Correct","Correct","Correct","Correct"
"12",60,"7_8_stimuli","8_7","Incongruent","Incongruent","Congruent","Incongruent",119.998931,120.198923,"8*",0.470665,"Error","Correct","Correct","Correct"
"12",61,"1_2_stimuli","1_1","Congruent","Incongruent","Incongruent","Congruent",121.998911,122.19891,"1!",0.694061,"Correct","Error","Correct","Correct"
"12",62,"3_4_stimuli","3_4","Incongruent","Congruent","Incongruent","Incongruent",123.998901,124.198891,"4$",1.446061,"Correct","Correct","Error","Correct"
"12",63,"5_6_stimuli","5_6","Incongruent","Incongruent","Congruent","Incongruent",125.99888,126.198872,"7&",1.494384,"Error","Correct","Correct","Error"
"12",64,"7_8_stimuli","8_7","Incongruent","Incongruent","Incongruent","Congruent",127.998859,128.198862,"7&",0.406468,"Correct","Error","Correct","Correct"
"12",65,"1_2_stimuli","2_1","Incongruent","Incongruent","Incongruent","Incongruent",129.998838,130.198845,"1!",0.518313,"Correct","Correct","Error","Correct"
"12",66,"3_4_stimuli","4_3","Incongruent","Incongruent","Incongruent","Incongruent",131.998826,132.198821,"3#",0.79029,"Correct","Correct","Correct","Error"
"12",67,"5_6_stimuli","6_6","Congruent","Incongruent","Incongruent","Incongruent",133.998804,134.198801,"6^",1.414498,"Correct","Correct","Correct","Correct"
"12",68,"7_8_stimuli","7_7","Congruent","Congruent","Incongruent","Incongruent",135.998786,136.198789,"7&",0.662629,"Correct","Correct","Correct","Correct"
"13",1,"1_2_stimuli","1_2","Incongruent",NA,NA,NA,1.999979,2.199978,"2@",0.652527,"Correct",NA,NA,NA
"13",2,"3_4_stimuli","4_4","Congruent","Incongruent",NA,NA,3.999972,4.19997,"4$",1.308524,"Correct","Correct",NA,NA
"13",3,"5_6_stimuli","6_6","Congruent","Congruent","Incongruent",NA,5.999942,6.199947,"6^",1.404901,"Correct","Correct","Correct",NA
"13",4,"7_8_stimuli","7_7","Congruent","Congruent","Congruent","Incongruent",7.999927,8.199921,"7&",0.556847,"Correct","Correct","Correct","Correct"
"13",5,"1_2_stimuli","1_2","Incongruent","Congruent","Congruent","Congruent",9.999915,10.199912,"2@",0.492648,"Correct","Correct","Correct","Correct"
"13",6,"3_4_stimuli","3_4","Incongruent","Incongruent","Congruent","Congruent",11.999891,12.199901,"4$",0.892693,"Correct","Correct","Correct","Correct"
"13",7,"5_6_stimuli","6_6","Congruent","Incongruent","Incongruent","Congruent",13.999881,14.199874,"6^",0.604511,"Correct","Correct","Correct","Correct"
"13",8,"7_8_stimuli","7_8","Incongruent","Congruent","Incongruent","Incongruent",15.999863,16.199866,"8*",0.637089,"Correct","Correct","Correct","Correct"
"13",9,"1_2_stimuli","1_1","Congruent","Incongruent","Congruent","Incongruent",17.999849,18.199838,"1!",0.460738,"Correct","Correct","Correct","Correct"
"13",10,"3_4_stimuli","4_4","Congruent","Congruent","Incongruent","Congruent",19.999823,20.199821,"4$",0.716466,"Correct","Correct","Correct","Correct"
"13",11,"5_6_stimuli","5_6","Incongruent","Congruent","Congruent","Incongruent",21.99981,22.199815,"6^",0.573106,"Correct","Correct","Correct","Correct"
"13",12,"7_8_stimuli","7_7","Congruent","Incongruent","Congruent","Congruent",23.999789,24.199789,"7&",0.716804,"Correct","Correct","Correct","Correct"
"13",13,"1_2_stimuli","2_1","Incongruent","Congruent","Incongruent","Congruent",25.999771,26.199775,"1!",0.540853,"Correct","Correct","Correct","Correct"
"13",14,"3_4_stimuli","3_4","Incongruent","Incongruent","Congruent","Incongruent",27.99976,28.199757,"4$",0.877238,"Correct","Correct","Correct","Correct"
"13",15,"5_6_stimuli","6_5","Incongruent","Incongruent","Incongruent","Congruent",29.999735,30.199738,"5%",0.573335,"Correct","Correct","Correct","Correct"
"13",16,"7_8_stimuli","8_7","Incongruent","Incongruent","Incongruent","Incongruent",31.999728,32.19972,"7&",0.732712,"Correct","Correct","Correct","Correct"
"13",17,"1_2_stimuli","2_1","Incongruent","Incongruent","Incongruent","Incongruent",33.999698,34.199698,"1!",0.508737,"Correct","Correct","Correct","Correct"
"13",18,"3_4_stimuli","4_3","Incongruent","Incongruent","Incongruent","Incongruent",35.999683,36.199682,"3#",0.509173,"Correct","Correct","Correct","Correct"
"13",19,"5_6_stimuli","6_5","Incongruent","Incongruent","Incongruent","Incongruent",37.999675,38.199673,"5%",0.556844,"Correct","Correct","Correct","Correct"
"13",20,"7_8_stimuli","8_8","Congruent","Incongruent","Incongruent","Incongruent",39.999656,40.199657,"8*",0.50887,"Correct","Correct","Correct","Correct"
"13",21,"1_2_stimuli","1_2","Incongruent","Congruent","Incongruent","Incongruent",41.999632,42.199627,"2@",0.493416,"Correct","Correct","Correct","Correct"
"13",22,"3_4_stimuli","4_4","Congruent","Incongruent","Congruent","Incongruent",43.999615,44.199621,"4$",0.989273,"Correct","Correct","Correct","Correct"
"13",23,"5_6_stimuli","5_6","Incongruent","Congruent","Incongruent","Congruent",45.999604,46.199597,"6^",0.653315,"Correct","Correct","Correct","Correct"
"13",24,"7_8_stimuli","8_8","Congruent","Incongruent","Congruent","Incongruent",47.999585,48.199585,"8*",0.557317,"Correct","Correct","Correct","Correct"
"13",25,"1_2_stimuli","2_2","Congruent","Congruent","Incongruent","Congruent",49.99956,50.199563,"2@",0.588934,"Correct","Correct","Correct","Correct"
"13",26,"3_4_stimuli","4_4","Congruent","Congruent","Congruent","Incongruent",51.999547,52.199549,"4$",0.765158,"Correct","Correct","Correct","Correct"
"13",27,"5_6_stimuli","5_5","Congruent","Congruent","Congruent","Congruent",53.999519,54.199528,"5%",0.429146,"Correct","Correct","Correct","Correct"
"13",28,"7_8_stimuli","7_8","Incongruent","Congruent","Congruent","Congruent",55.999508,56.199508,"8*",0.717554,"Correct","Correct","Correct","Correct"
"13",29,"1_2_stimuli","1_2","Incongruent","Incongruent","Congruent","Congruent",57.999486,58.199481,"2@",0.397267,"Correct","Correct","Correct","Correct"
"13",30,"3_4_stimuli","3_3","Congruent","Incongruent","Incongruent","Congruent",59.999474,60.199479,"3#",0.653047,"Correct","Correct","Correct","Correct"
"13",31,"5_6_stimuli","5_6","Incongruent","Congruent","Incongruent","Incongruent",61.999466,62.199452,"6^",1.069177,"Correct","Correct","Correct","Correct"
"13",32,"7_8_stimuli","7_8","Incongruent","Incongruent","Congruent","Incongruent",63.999447,64.199436,"8*",0.605011,"Correct","Correct","Correct","Correct"
"13",33,"1_2_stimuli","1_1","Congruent","Incongruent","Incongruent","Congruent",65.999431,66.199421,"1!",0.557607,"Correct","Correct","Correct","Correct"
"13",34,"3_4_stimuli","3_3","Congruent","Congruent","Incongruent","Incongruent",67.999395,68.199399,"3#",0.637303,"Correct","Correct","Correct","Correct"
"13",35,"5_6_stimuli","6_6","Congruent","Congruent","Congruent","Incongruent",69.999385,70.199377,"6^",0.733388,"Correct","Correct","Correct","Correct"
"13",36,"7_8_stimuli","8_8","Congruent","Congruent","Congruent","Congruent",71.999372,72.199359,"8*",0.414029,"Correct","Correct","Correct","Correct"
"13",37,"1_2_stimuli","1_1","Congruent","Congruent","Congruent","Congruent",73.99936,74.199349,"1!",0.525134,"Correct","Correct","Correct","Correct"
"13",38,"3_4_stimuli","4_3","Incongruent","Congruent","Congruent","Congruent",75.999332,76.199328,"3#",0.812887,"Correct","Correct","Correct","Correct"
"13",39,"5_6_stimuli","6_6","Congruent","Incongruent","Congruent","Congruent",77.999307,78.199307,"6^",0.797335,"Correct","Correct","Correct","Correct"
"13",40,"7_8_stimuli","8_7","Incongruent","Congruent","Incongruent","Congruent",79.999303,80.199295,"7&",0.52558,"Correct","Correct","Correct","Correct"
"13",41,"1_2_stimuli","2_1","Incongruent","Incongruent","Congruent","Incongruent",81.999275,82.199276,"1!",0.509336,"Correct","Correct","Correct","Correct"
"13",42,"3_4_stimuli","3_4","Incongruent","Incongruent","Incongruent","Congruent",83.999256,84.19926,"4$",0.669611,"Correct","Correct","Correct","Correct"
"13",43,"5_6_stimuli","6_6","Congruent","Incongruent","Incongruent","Incongruent",85.999246,86.199245,"6^",0.732923,"Correct","Correct","Correct","Correct"
"13",44,"7_8_stimuli","7_7","Congruent","Congruent","Incongruent","Incongruent",87.999222,88.199221,"7&",0.349416,"Correct","Correct","Correct","Correct"
"13",45,"1_2_stimuli","1_2","Incongruent","Congruent","Congruent","Incongruent",89.999209,90.199216,"2@",0.605826,"Correct","Correct","Correct","Correct"
"13",46,"3_4_stimuli","4_4","Congruent","Incongruent","Congruent","Congruent",91.999191,92.199184,"4$",0.637715,"Correct","Correct","Correct","Correct"
"13",47,"5_6_stimuli","5_5","Congruent","Congruent","Incongruent","Congruent",93.999171,94.199179,"5%",0.685556,"Correct","Correct","Correct","Correct"
"13",48,"7_8_stimuli","7_8","Incongruent","Congruent","Congruent","Incongruent",95.999159,96.199151,"8*",0.653292,"Correct","Correct","Correct","Correct"
"13",49,"1_2_stimuli","2_2","Congruent","Incongruent","Congruent","Congruent",97.999131,98.199138,"2@",0.509274,"Correct","Correct","Correct","Correct"
"13",50,"3_4_stimuli","4_3","Incongruent","Congruent","Incongruent","Congruent",99.999122,100.199122,"3#",0.541558,"Correct","Correct","Correct","Correct"
"13",51,"5_6_stimuli","6_5","Incongruent","Incongruent","Congruent","Incongruent",101.999106,102.199097,"5%",0.76577,"Correct","Correct","Correct","Correct"
"13",52,"7_8_stimuli","7_7","Congruent","Incongruent","Incongruent","Congruent",103.999085,104.199084,"6^",1.357342,"Error","Correct","Correct","Correct"
"13",53,"1_2_stimuli","1_1","Congruent","Congruent","Incongruent","Incongruent",105.999071,106.199063,"1!",0.573418,"Correct","Error","Correct","Correct"
"13",54,"3_4_stimuli","3_4","Incongruent","Congruent","Congruent","Incongruent",107.999051,108.19905,"4$",0.973531,"Correct","Correct","Error","Correct"
"13",55,"5_6_stimuli","6_5","Incongruent","Incongruent","Congruent","Congruent",109.999035,110.199031,"5%",0.509772,"Correct","Correct","Correct","Error"
"13",56,"7_8_stimuli","8_7","Incongruent","Incongruent","Incongruent","Congruent",111.999012,112.199012,"7&",0.749489,"Correct","Correct","Correct","Correct"
"13",57,"1_2_stimuli","2_2","Congruent","Incongruent","Incongruent","Incongruent",113.998997,114.199007,"2@",0.573638,"Correct","Correct","Correct","Correct"
"13",58,"3_4_stimuli","4_3","Incongruent","Congruent","Incongruent","Incongruent",115.998977,116.198978,"3#",0.845404,"Correct","Correct","Correct","Correct"
"13",59,"5_6_stimuli","5_5","Congruent","Incongruent","Congruent","Incongruent",117.998963,118.198962,"5%",0.669353,"Correct","Correct","Correct","Correct"
"13",60,"7_8_stimuli","8_8","Congruent","Congruent","Incongruent","Congruent",119.998944,120.198941,"8*",0.621457,"Correct","Correct","Correct","Correct"
"13",61,"1_2_stimuli","2_2","Congruent","Congruent","Congruent","Incongruent",121.998922,122.198923,"2@",0.461519,"Correct","Correct","Correct","Correct"
"13",62,"3_4_stimuli","3_3","Congruent","Congruent","Congruent","Congruent",123.998906,124.198903,"3#",0.781276,"Correct","Correct","Correct","Correct"
"13",63,"5_6_stimuli","5_6","Incongruent","Congruent","Congruent","Congruent",125.998893,126.19889,"6^",1.053668,"Correct","Correct","Correct","Correct"
"13",64,"7_8_stimuli","8_7","Incongruent","Incongruent","Congruent","Congruent",127.998869,128.198874,"7&",0.733487,"Correct","Correct","Correct","Correct"
"13",65,"1_2_stimuli","2_1","Incongruent","Incongruent","Incongruent","Congruent",129.998856,130.198867,"1!",0.525334,"Correct","Correct","Correct","Correct"
"13",66,"3_4_stimuli","3_3","Congruent","Incongruent","Incongruent","Incongruent",131.998835,132.198836,"3#",0.813647,"Correct","Correct","Correct","Correct"
"13",67,"5_6_stimuli","5_5","Congruent","Congruent","Incongruent","Incongruent",133.998819,134.198828,"5%",0.781456,"Correct","Correct","Correct","Correct"
"13",68,"7_8_stimuli","7_7","Congruent","Congruent","Congruent","Incongruent",135.998808,136.198799,"7&",0.781889,"Correct","Correct","Correct","Correct"
