"Run.Number","Trial.Number","Task","Stimulus","Current.Trial.Type","Previous.Trial.Type","Previous.Trial.Type.N2","Previous.Trial.Type.N3","StimulusOnsetTime","StimulusOffsetTime","Response","RT","Accuracy","PreviousAccuracy","PreviousAccuracy.N2","Previous.Accuracy.N3"
"practice",1,"1_2_stimuli","2_2","Congruent",NA,NA,NA,1.999983,2.199987,"Omission",5000,"Omission",NA,NA,NA
"practice",2,"3_4_stimuli","3_3","Congruent","Congruent",NA,NA,3.999972,4.199967,"3#",1.194908,"Correct","Omission",NA,NA
"practice",3,"5_6_stimuli","6_5","Incongruent","Congruent","Congruent",NA,5.999959,6.199952,"5%",1.146306,"Correct","Correct","Omission",NA
"practice",4,"7_8_stimuli","7_7","Congruent","Incongruent","Congruent","Congruent",7.999943,8.199934,"7&",1.162295,"Correct","Correct","Correct","Omission"
"practice",5,"1_2_stimuli","1_2","Incongruent","Congruent","Incongruent","Congruent",9.99992,10.19992,"2@",1.306437,"Correct","Correct","Correct","Correct"
"practice",6,"3_4_stimuli","3_4","Incongruent","Incongruent","Congruent","Incongruent",11.999908,12.19991,"4$",1.38669,"Correct","Correct","Correct","Correct"
"practice",7,"5_6_stimuli","6_6","Congruent","Incongruent","Incongruent","Congruent",13.999892,14.199894,"6^",1.130418,"Correct","Correct","Correct","Correct"
"practice",8,"7_8_stimuli","7_8","Incongruent","Congruent","Incongruent","Incongruent",15.999891,16.199884,"7&",1.178674,"Error","Correct","Correct","Correct"
"practice",9,"1_2_stimuli","2_1","Incongruent","Incongruent","Congruent","Incongruent",17.999873,18.19986,"1!",1.274864,"Correct","Error","Correct","Correct"
"practice",10,"3_4_stimuli","4_3","Incongruent","Incongruent","Incongruent","Congruent",19.999852,20.199856,"3#",1.322558,"Correct","Correct","Error","Correct"
"practice",11,"5_6_stimuli","5_6","Incongruent","Incongruent","Incongruent","Incongruent",21.999846,22.199833,"6^",1.370643,"Correct","Correct","Correct","Error"
"practice",12,"7_8_stimuli","7_8","Incongruent","Incongruent","Incongruent","Incongruent",23.99983,24.19982,"8*",1.226585,"Correct","Correct","Correct","Correct"
"practice",13,"1_2_stimuli","1_1","Congruent","Incongruent","Incongruent","Incongruent",25.999811,26.199808,"1!",0.858715,"Correct","Correct","Correct","Correct"
"practice",14,"3_4_stimuli","4_3","Incongruent","Congruent","Incongruent","Incongruent",27.999794,28.199796,"3#",1.194405,"Correct","Correct","Correct","Correct"
"practice",15,"5_6_stimuli","6_5","Incongruent","Incongruent","Congruent","Incongruent",29.999788,30.199779,"6^",1.226422,"Error","Correct","Correct","Correct"
"practice",16,"7_8_stimuli","8_7","Incongruent","Incongruent","Incongruent","Congruent",31.999764,32.199764,"7&",1.32287,"Correct","Error","Correct","Correct"
"practice",17,"1_2_stimuli","2_1","Incongruent","Incongruent","Incongruent","Incongruent",33.999751,34.199753,"1!",0.747061,"Correct","Correct","Error","Correct"
"practice",18,"3_4_stimuli","3_3","Congruent","Incongruent","Incongruent","Incongruent",35.999736,36.199742,"3#",1.098808,"Correct","Correct","Correct","Error"
"practice",19,"5_6_stimuli","6_5","Incongruent","Congruent","Incongruent","Incongruent",37.999722,38.199732,"5%",1.034889,"Correct","Correct","Correct","Correct"
"practice",20,"7_8_stimuli","8_7","Incongruent","Incongruent","Congruent","Incongruent",39.999715,40.199704,"7&",0.970516,"Correct","Correct","Correct","Correct"
"practice",21,"1_2_stimuli","1_2","Incongruent","Incongruent","Incongruent","Congruent",41.9997,42.199705,"2@",1.226512,"Correct","Correct","Correct","Correct"
"practice",22,"3_4_stimuli","3_4","Incongruent","Incongruent","Incongruent","Incongruent",43.999685,44.199673,"4$",1.050538,"Correct","Correct","Correct","Correct"
"practice",23,"5_6_stimuli","5_5","Congruent","Incongruent","Incongruent","Incongruent",45.999669,46.199674,"5%",0.970555,"Correct","Correct","Correct","Correct"
"practice",24,"7_8_stimuli","7_7","Congruent","Congruent","Incongruent","Incongruent",47.999645,48.199655,"7&",1.098585,"Correct","Correct","Correct","Correct"
"practice",25,"1_2_stimuli","1_1","Congruent","Congruent","Congruent","Incongruent",49.999638,50.199635,"1!",0.923042,"Correct","Correct","Correct","Correct"
"practice",26,"3_4_stimuli","3_4","Incongruent","Congruent","Congruent","Congruent",51.999625,52.199626,"4$",1.019071,"Correct","Correct","Correct","Correct"
"practice",27,"5_6_stimuli","6_5","Incongruent","Incongruent","Congruent","Congruent",53.999613,54.199621,"5%",1.114772,"Correct","Correct","Correct","Correct"
"practice",28,"7_8_stimuli","8_8","Congruent","Incongruent","Incongruent","Congruent",55.999593,56.199597,"8*",0.906661,"Correct","Correct","Correct","Correct"
"practice",29,"1_2_stimuli","2_2","Congruent","Congruent","Incongruent","Incongruent",57.999578,58.199584,"2@",0.84338,"Correct","Correct","Correct","Correct"
"practice",30,"3_4_stimuli","4_3","Incongruent","Congruent","Congruent","Incongruent",59.999566,60.199576,"3#",0.938678,"Correct","Correct","Correct","Correct"
"practice",31,"5_6_stimuli","6_6","Congruent","Incongruent","Congruent","Congruent",61.999547,62.199549,"6^",1.259145,"Correct","Correct","Correct","Correct"
"practice",32,"7_8_stimuli","8_8","Congruent","Congruent","Incongruent","Congruent",63.999548,64.199537,"8*",0.81077,"Correct","Correct","Correct","Correct"
"practice",33,"1_2_stimuli","2_1","Incongruent","Congruent","Congruent","Incongruent",65.999529,66.199504,"1!",0.73071,"Correct","Correct","Correct","Correct"
"practice",34,"3_4_stimuli","3_4","Incongruent","Incongruent","Congruent","Congruent",67.999507,68.199509,"4$",1.018744,"Correct","Correct","Correct","Correct"
"practice",35,"5_6_stimuli","5_6","Incongruent","Incongruent","Incongruent","Congruent",69.999495,70.199495,"6^",0.939585,"Correct","Correct","Correct","Correct"
"practice",36,"7_8_stimuli","7_7","Congruent","Incongruent","Incongruent","Incongruent",71.999485,72.19948,"7&",1.434782,"Correct","Correct","Correct","Correct"
"practice",37,"1_2_stimuli","1_2","Incongruent","Congruent","Incongruent","Incongruent",73.999468,74.199463,"2@",0.875542,"Correct","Correct","Correct","Correct"
"practice",38,"3_4_stimuli","4_4","Congruent","Incongruent","Congruent","Incongruent",75.999465,76.199453,"4$",0.970912,"Correct","Correct","Correct","Correct"
"practice",39,"5_6_stimuli","6_6","Congruent","Congruent","Incongruent","Congruent",77.999434,78.199443,"7&",0.955135,"Error","Correct","Correct","Correct"
"practice",40,"7_8_stimuli","8_7","Incongruent","Congruent","Congruent","Incongruent",79.999419,80.199419,"7&",1.274993,"Correct","Error","Correct","Correct"
"practice",41,"1_2_stimuli","1_2","Incongruent","Incongruent","Congruent","Congruent",81.999412,82.199412,"2@",0.971363,"Correct","Correct","Error","Correct"
"practice",42,"3_4_stimuli","3_3","Congruent","Incongruent","Incongruent","Congruent",83.999398,84.199391,"3#",0.89087,"Correct","Correct","Correct","Error"
"practice",43,"5_6_stimuli","5_5","Congruent","Congruent","Incongruent","Incongruent",85.999376,86.199378,"5%",1.114892,"Correct","Correct","Correct","Correct"
"practice",44,"7_8_stimuli","7_7","Congruent","Congruent","Congruent","Incongruent",87.999365,88.199358,"7&",1.018912,"Correct","Correct","Correct","Correct"
"practice",45,"1_2_stimuli","1_1","Congruent","Congruent","Congruent","Congruent",89.999348,90.199355,"1!",0.843129,"Correct","Correct","Correct","Correct"
"practice",46,"3_4_stimuli","4_4","Congruent","Congruent","Congruent","Congruent",91.999337,92.199339,"4$",1.035399,"Correct","Correct","Correct","Correct"
"practice",47,"5_6_stimuli","6_6","Congruent","Congruent","Congruent","Congruent",93.999318,94.199323,"7&",0.906963,"Error","Correct","Correct","Correct"
"practice",48,"7_8_stimuli","7_8","Incongruent","Congruent","Congruent","Congruent",95.999305,96.1993,"8*",0.843431,"Correct","Error","Correct","Correct"
"practice",49,"1_2_stimuli","2_2","Congruent","Incongruent","Congruent","Congruent",97.999294,98.199293,"2@",1.003378,"Correct","Correct","Error","Correct"
"practice",50,"3_4_stimuli","4_3","Incongruent","Congruent","Incongruent","Congruent",99.999283,100.199285,"3#",1.307321,"Correct","Correct","Correct","Error"
"practice",51,"5_6_stimuli","5_5","Congruent","Incongruent","Congruent","Incongruent",101.999262,102.199258,"5%",0.987629,"Correct","Correct","Correct","Correct"
"practice",52,"7_8_stimuli","7_8","Incongruent","Congruent","Incongruent","Congruent",103.999261,104.199247,"8*",0.827615,"Correct","Correct","Correct","Correct"
"practice",53,"1_2_stimuli","2_2","Congruent","Incongruent","Congruent","Incongruent",105.999233,106.199232,"2@",1.067378,"Correct","Correct","Correct","Correct"
"practice",54,"3_4_stimuli","3_3","Congruent","Congruent","Incongruent","Congruent",107.999227,108.199227,"3#",0.923059,"Correct","Correct","Correct","Correct"
"practice",55,"5_6_stimuli","5_6","Incongruent","Congruent","Congruent","Incongruent",109.999201,110.199204,"6^",0.875028,"Correct","Correct","Correct","Correct"
"practice",56,"7_8_stimuli","8_7","Incongruent","Incongruent","Congruent","Congruent",111.999194,112.199191,"7&",1.083463,"Correct","Correct","Correct","Correct"
"practice",57,"1_2_stimuli","2_2","Congruent","Incongruent","Incongruent","Congruent",113.999175,114.199186,"2@",0.619734,"Correct","Correct","Correct","Correct"
"practice",58,"3_4_stimuli","4_4","Congruent","Congruent","Incongruent","Incongruent",115.999171,116.199158,"4$",0.795875,"Correct","Correct","Correct","Correct"
"practice",59,"5_6_stimuli","5_5","Congruent","Congruent","Congruent","Incongruent",117.999151,118.199154,"5%",1.051154,"Correct","Correct","Correct","Correct"
"practice",60,"7_8_stimuli","8_8","Congruent","Congruent","Congruent","Congruent",119.999141,120.199142,"8*",0.827729,"Correct","Correct","Correct","Correct"
"practice",61,"1_2_stimuli","2_1","Incongruent","Congruent","Congruent","Congruent",121.999118,122.199121,"1!",0.923095,"Correct","Correct","Correct","Correct"
"practice",62,"3_4_stimuli","3_3","Congruent","Incongruent","Congruent","Congruent",123.999113,124.199107,"3#",1.163425,"Correct","Correct","Correct","Correct"
"practice",63,"5_6_stimuli","5_6","Incongruent","Congruent","Incongruent","Congruent",125.999101,126.199087,"6^",0.827653,"Correct","Correct","Correct","Correct"
"practice",64,"7_8_stimuli","7_7","Congruent","Incongruent","Congruent","Incongruent",127.999074,128.199078,"7&",0.907807,"Correct","Correct","Correct","Correct"
"practice",65,"1_2_stimuli","1_1","Congruent","Congruent","Incongruent","Congruent",129.999063,130.199066,"1!",1.08322,"Correct","Correct","Correct","Correct"
"practice",66,"3_4_stimuli","4_4","Congruent","Congruent","Congruent","Incongruent",131.999065,132.199046,"4$",1.035237,"Correct","Correct","Correct","Correct"
"practice",67,"5_6_stimuli","6_5","Incongruent","Congruent","Congruent","Congruent",133.999047,134.199038,"5%",0.955225,"Correct","Correct","Correct","Correct"
"practice",68,"7_8_stimuli","8_8","Congruent","Incongruent","Congruent","Congruent",135.99902,136.199026,"7&",1.147731,"Error","Correct","Correct","Correct"
"1",1,"1_2_stimuli","2_2","Congruent",NA,NA,NA,1.999986,2.199977,"2@",0.987416,"Correct",NA,NA,NA
"1",2,"3_4_stimuli","4_3","Incongruent","Congruent",NA,NA,3.999968,4.199959,"3#",0.986659,"Correct","Correct",NA,NA
"1",3,"5_6_stimuli","5_6","Incongruent","Incongruent","Congruent",NA,5.999957,6.199948,"6^",1.050718,"Correct","Correct","Correct",NA
"1",4,"7_8_stimuli","7_8","Incongruent","Incongruent","Incongruent","Congruent",7.99994,8.199936,"8*",0.84266,"Correct","Correct","Correct","Correct"
"1",5,"1_2_stimuli","1_1","Congruent","Incongruent","Incongruent","Incongruent",9.999936,10.199927,"1!",0.523233,"Correct","Correct","Correct","Correct"
"1",6,"3_4_stimuli","3_4","Incongruent","Congruent","Incongruent","Incongruent",11.999911,12.199921,"4$",1.002658,"Correct","Correct","Correct","Correct"
"1",7,"5_6_stimuli","6_5","Incongruent","Incongruent","Congruent","Incongruent",13.9999,14.199893,"5%",0.602758,"Correct","Correct","Correct","Correct"
"1",8,"7_8_stimuli","8_8","Congruent","Incongruent","Incongruent","Congruent",15.999883,16.199886,"8*",0.555115,"Correct","Correct","Correct","Correct"
"1",9,"1_2_stimuli","2_2","Congruent","Congruent","Incongruent","Incongruent",17.99987,18.199865,"2@",0.442852,"Correct","Correct","Correct","Correct"
"1",10,"3_4_stimuli","3_3","Congruent","Congruent","Congruent","Incongruent",19.999861,20.199853,"3#",0.394774,"Correct","Correct","Correct","Correct"
"1",11,"5_6_stimuli","6_6","Congruent","Congruent","Congruent","Congruent",21.999847,22.199843,"6^",1.099096,"Correct","Correct","Correct","Correct"
"1",12,"7_8_stimuli","8_7","Incongruent","Congruent","Congruent","Congruent",23.999833,24.199837,"7&",0.73096,"Correct","Correct","Correct","Correct"
"1",13,"1_2_stimuli","1_2","Incongruent","Incongruent","Congruent","Congruent",25.999818,26.199817,"2@",0.747521,"Correct","Correct","Correct","Correct"
"1",14,"3_4_stimuli","3_3","Congruent","Incongruent","Incongruent","Congruent",27.999796,28.199803,"3#",0.66712,"Correct","Correct","Correct","Correct"
"1",15,"5_6_stimuli","5_5","Congruent","Congruent","Incongruent","Incongruent",29.999788,30.199782,"5%",1.370902,"Correct","Correct","Correct","Correct"
"1",16,"7_8_stimuli","8_8","Congruent","Congruent","Congruent","Incongruent",31.999783,32.199769,"8*",0.699208,"Correct","Correct","Correct","Correct"
"1",17,"1_2_stimuli","1_2","Incongruent","Congruent","Congruent","Congruent",33.999756,34.19976,"2@",0.986907,"Correct","Correct","Correct","Correct"
"1",18,"3_4_stimuli","4_4","Congruent","Incongruent","Congruent","Congruent",35.999744,36.199751,"4$",1.067176,"Correct","Correct","Correct","Correct"
"1",19,"5_6_stimuli","6_6","Congruent","Congruent","Incongruent","Congruent",37.999722,38.199728,"6^",1.099331,"Correct","Correct","Correct","Correct"
"1",20,"7_8_stimuli","7_8","Incongruent","Congruent","Congruent","Incongruent",39.999716,40.199719,"8*",0.762984,"Correct","Correct","Correct","Correct"
"1",21,"1_2_stimuli","1_1","Congruent","Incongruent","Congruent","Congruent",41.999695,42.19971,"1!",0.603371,"Correct","Correct","Correct","Correct"
"1",22,"3_4_stimuli","3_3","Congruent","Congruent","Incongruent","Congruent",43.999696,44.199687,"3#",0.890981,"Correct","Correct","Correct","Correct"
"1",23,"5_6_stimuli","5_6","Incongruent","Congruent","Congruent","Incongruent",45.999679,46.199671,"6^",0.939068,"Correct","Correct","Correct","Correct"
"1",24,"7_8_stimuli","7_8","Incongruent","Incongruent","Congruent","Congruent",47.999659,48.199661,"8*",0.874981,"Correct","Correct","Correct","Correct"
"1",25,"1_2_stimuli","2_1","Incongruent","Incongruent","Incongruent","Congruent",49.999633,50.199654,"1!",0.65096,"Correct","Correct","Correct","Correct"
"1",26,"3_4_stimuli","4_4","Congruent","Incongruent","Incongruent","Incongruent",51.999627,52.199633,"4$",0.907131,"Correct","Correct","Correct","Correct"
"1",27,"5_6_stimuli","6_5","Incongruent","Congruent","Incongruent","Incongruent",53.999615,54.199617,"5%",0.667636,"Correct","Correct","Correct","Correct"
"1",28,"7_8_stimuli","7_7","Congruent","Incongruent","Congruent","Incongruent",55.999597,56.199597,"7&",0.667016,"Correct","Correct","Correct","Correct"
"1",29,"1_2_stimuli","2_1","Incongruent","Congruent","Incongruent","Congruent",57.99959,58.199583,"1!",0.603404,"Correct","Correct","Correct","Correct"
"1",30,"3_4_stimuli","3_3","Congruent","Incongruent","Congruent","Incongruent",59.999578,60.199576,"2@",0.603591,"Error","Correct","Correct","Correct"
"1",31,"5_6_stimuli","5_6","Incongruent","Congruent","Incongruent","Congruent",61.999552,62.199564,"Omission",5000,"Omission","Error","Correct","Correct"
"1",32,"7_8_stimuli","8_7","Incongruent","Incongruent","Congruent","Incongruent",63.99955,64.199543,"7&",0.875782,"Correct","Omission","Error","Correct"
"1",33,"1_2_stimuli","2_2","Congruent","Incongruent","Incongruent","Congruent",65.999532,66.199533,"2@",0.955158,"Correct","Correct","Omission","Error"
"1",34,"3_4_stimuli","4_4","Congruent","Congruent","Incongruent","Incongruent",67.999522,68.199523,"4$",0.843666,"Correct","Correct","Correct","Omission"
"1",35,"5_6_stimuli","5_5","Congruent","Congruent","Congruent","Incongruent",69.9995,70.1995,"5%",0.811618,"Correct","Correct","Correct","Correct"
"1",36,"7_8_stimuli","7_7","Congruent","Congruent","Congruent","Congruent",71.999491,72.199486,"7&",0.779194,"Correct","Correct","Correct","Correct"
"1",37,"1_2_stimuli","1_1","Congruent","Congruent","Congruent","Congruent",73.999471,74.199477,"1!",0.619143,"Correct","Correct","Correct","Correct"
"1",38,"3_4_stimuli","4_4","Congruent","Congruent","Congruent","Congruent",75.999465,76.19946,"Omission",5000,"Omission","Correct","Correct","Correct"
"1",39,"5_6_stimuli","5_6","Incongruent","Congruent","Congruent","Congruent",77.999453,78.199444,"6^",1.051621,"Correct","Omission","Correct","Correct"
"1",40,"7_8_stimuli","8_8","Congruent","Incongruent","Congruent","Congruent",79.99943,80.199431,"8*",0.811622,"Correct","Correct","Omission","Correct"
"1",41,"1_2_stimuli","2_2","Congruent","Congruent","Incongruent","Congruent",81.999424,82.199415,"2@",0.827187,"Correct","Correct","Correct","Omission"
"1",42,"3_4_stimuli","4_3","Incongruent","Congruent","Congruent","Incongruent",83.999405,84.199408,"3#",0.811768,"Correct","Correct","Correct","Correct"
"1",43,"5_6_stimuli","6_5","Incongruent","Incongruent","Congruent","Congruent",85.999389,86.199382,"5%",0.987838,"Correct","Correct","Correct","Correct"
"1",44,"7_8_stimuli","8_7","Incongruent","Incongruent","Incongruent","Congruent",87.999374,88.19937,"7&",0.779361,"Correct","Correct","Correct","Correct"
"1",45,"1_2_stimuli","2_1","Incongruent","Incongruent","Incongruent","Incongruent",89.999351,90.199359,"1!",0.715311,"Correct","Correct","Correct","Correct"
"1",46,"3_4_stimuli","4_3","Incongruent","Incongruent","Incongruent","Incongruent",91.999341,92.199351,"3#",0.699373,"Correct","Correct","Correct","Correct"
"1",47,"5_6_stimuli","5_5","Congruent","Incongruent","Incongruent","Incongruent",93.999332,94.199327,"5%",0.475795,"Correct","Correct","Correct","Correct"
"1",48,"7_8_stimuli","7_8","Incongruent","Congruent","Incongruent","Incongruent",95.999314,96.199309,"8*",0.811327,"Correct","Correct","Correct","Correct"
"1",49,"1_2_stimuli","1_2","Incongruent","Incongruent","Congruent","Incongruent",97.999294,98.199302,"2@",0.635417,"Correct","Correct","Correct","Correct"
"1",50,"3_4_stimuli","3_4","Incongruent","Incongruent","Incongruent","Congruent",99.999288,100.199286,"4$",1.051383,"Correct","Correct","Correct","Correct"
"1",51,"5_6_stimuli","6_5","Incongruent","Incongruent","Incongruent","Incongruent",101.999273,102.19927,"5%",0.555655,"Correct","Correct","Correct","Correct"
"1",52,"7_8_stimuli","7_7","Congruent","Incongruent","Incongruent","Incongruent",103.999261,104.199258,"7&",0.715533,"Correct","Correct","Correct","Correct"
"1",53,"1_2_stimuli","1_2","Incongruent","Congruent","Incongruent","Incongruent",105.999238,106.199245,"2@",0.891936,"Correct","Correct","Correct","Correct"
"1",54,"3_4_stimuli","3_4","Incongruent","Incongruent","Congruent","Incongruent",107.999229,108.19923,"Omission",5000,"Omission","Correct","Correct","Correct"
"1",55,"5_6_stimuli","5_5","Congruent","Incongruent","Incongruent","Congruent",109.999228,110.199215,"5%",0.731998,"Correct","Omission","Correct","Correct"
"1",56,"7_8_stimuli","8_8","Congruent","Congruent","Incongruent","Incongruent",111.999198,112.199203,"8*",0.523879,"Correct","Correct","Omission","Correct"
"1",57,"1_2_stimuli","1_1","Congruent","Congruent","Congruent","Incongruent",113.999191,114.199192,"1!",0.588039,"Correct","Correct","Correct","Omission"
"1",58,"3_4_stimuli","4_3","Incongruent","Congruent","Congruent","Congruent",115.999178,116.199169,"3#",0.955977,"Correct","Correct","Correct","Correct"
"1",59,"5_6_stimuli","6_6","Congruent","Incongruent","Congruent","Congruent",117.999153,118.199156,"6^",0.987538,"Correct","Correct","Correct","Correct"
"1",60,"7_8_stimuli","8_7","Incongruent","Congruent","Incongruent","Congruent",119.999146,120.199136,"7&",0.556367,"Correct","Correct","Correct","Correct"
"1",61,"1_2_stimuli","2_2","Congruent","Incongruent","Congruent","Incongruent",121.999126,122.199133,"2@",0.603617,"Correct","Correct","Correct","Correct"
"1",62,"3_4_stimuli","4_3","Incongruent","Congruent","Incongruent","Congruent",123.999113,124.199119,"3#",0.923598,"Correct","Correct","Correct","Correct"
"1",63,"5_6_stimuli","6_6","Congruent","Incongruent","Congruent","Incongruent",125.999094,126.199096,"6^",1.10018,"Correct","Correct","Correct","Correct"
"1",64,"7_8_stimuli","7_7","Congruent","Congruent","Incongruent","Congruent",127.999085,128.199086,"7&",0.411623,"Correct","Correct","Correct","Correct"
"1",65,"1_2_stimuli","2_1","Incongruent","Congruent","Congruent","Incongruent",129.999068,130.199073,"1!",0.795649,"Correct","Correct","Correct","Correct"
"1",66,"3_4_stimuli","3_4","Incongruent","Incongruent","Congruent","Congruent",131.99906,132.199051,"4$",0.860403,"Correct","Correct","Correct","Correct"
"1",67,"5_6_stimuli","5_6","Incongruent","Incongruent","Incongruent","Congruent",133.999061,134.199045,"6^",0.908368,"Correct","Correct","Correct","Correct"
"1",68,"7_8_stimuli","7_8","Incongruent","Incongruent","Incongruent","Incongruent",135.999032,136.199024,"8*",0.636148,"Correct","Correct","Correct","Correct"
"2",1,"1_2_stimuli","2_2","Congruent",NA,NA,NA,1.999991,2.199992,"2@",0.947087,"Correct",NA,NA,NA
"2",2,"3_4_stimuli","3_3","Congruent","Congruent",NA,NA,3.999988,4.19998,"3#",0.643582,"Correct","Correct",NA,NA
"2",3,"5_6_stimuli","5_5","Congruent","Congruent","Congruent",NA,5.999973,6.199966,"5%",0.931243,"Correct","Correct","Correct",NA
"2",4,"7_8_stimuli","8_7","Incongruent","Congruent","Congruent","Congruent",7.999957,8.199939,"7&",0.755208,"Correct","Correct","Correct","Correct"
"2",5,"1_2_stimuli","1_1","Congruent","Incongruent","Congruent","Congruent",9.999944,10.199939,"1!",0.531163,"Correct","Correct","Correct","Correct"
"2",6,"3_4_stimuli","3_4","Incongruent","Congruent","Incongruent","Congruent",11.999924,12.199914,"4$",1.123984,"Correct","Correct","Correct","Correct"
"2",7,"5_6_stimuli","6_5","Incongruent","Incongruent","Congruent","Incongruent",13.999914,14.199898,"5%",0.851713,"Correct","Correct","Correct","Correct"
"2",8,"7_8_stimuli","8_7","Incongruent","Incongruent","Incongruent","Congruent",15.999887,16.199891,"7&",0.803699,"Correct","Correct","Correct","Correct"
"2",9,"1_2_stimuli","1_1","Congruent","Incongruent","Incongruent","Incongruent",17.999874,18.199883,"1!",0.595448,"Correct","Correct","Correct","Correct"
"2",10,"3_4_stimuli","4_4","Congruent","Congruent","Incongruent","Incongruent",19.99987,20.19986,"4$",1.187862,"Correct","Correct","Correct","Correct"
"2",11,"5_6_stimuli","5_5","Congruent","Congruent","Congruent","Incongruent",21.999854,22.199844,"5%",0.755515,"Correct","Correct","Correct","Correct"
"2",12,"7_8_stimuli","8_7","Incongruent","Congruent","Congruent","Congruent",23.999829,24.199834,"7&",0.627767,"Correct","Correct","Correct","Correct"
"2",13,"1_2_stimuli","1_2","Incongruent","Incongruent","Congruent","Congruent",25.999824,26.199829,"2@",0.707686,"Correct","Correct","Correct","Correct"
"2",14,"3_4_stimuli","3_4","Incongruent","Incongruent","Incongruent","Congruent",27.999809,28.199802,"4$",0.996122,"Correct","Correct","Correct","Correct"
"2",15,"5_6_stimuli","5_6","Incongruent","Incongruent","Incongruent","Incongruent",29.9998,30.199796,"7&",0.963803,"Error","Correct","Correct","Correct"
"2",16,"7_8_stimuli","8_8","Congruent","Incongruent","Incongruent","Incongruent",31.999782,32.199786,"8*",0.659399,"Correct","Error","Correct","Correct"
"2",17,"1_2_stimuli","1_1","Congruent","Congruent","Incongruent","Incongruent",33.999772,34.199761,"1!",0.643322,"Correct","Correct","Error","Correct"
"2",18,"3_4_stimuli","4_4","Congruent","Congruent","Congruent","Incongruent",35.999752,36.19975,"Omission",5000,"Omission","Correct","Correct","Error"
"2",19,"5_6_stimuli","6_6","Congruent","Congruent","Congruent","Congruent",37.999739,38.199728,"7&",0.884157,"Error","Omission","Correct","Correct"
"2",20,"7_8_stimuli","8_8","Congruent","Congruent","Congruent","Congruent",39.99973,40.199717,"8*",0.691832,"Correct","Error","Omission","Correct"
"2",21,"1_2_stimuli","1_2","Incongruent","Congruent","Congruent","Congruent",41.999716,42.199708,"2@",0.707879,"Correct","Correct","Error","Omission"
"2",22,"3_4_stimuli","4_3","Incongruent","Incongruent","Congruent","Congruent",43.9997,44.199687,"3#",0.899413,"Correct","Correct","Correct","Error"
"2",23,"5_6_stimuli","5_6","Incongruent","Incongruent","Incongruent","Congruent",45.999685,46.199681,"6^",0.867745,"Correct","Correct","Correct","Correct"
"2",24,"7_8_stimuli","7_8","Incongruent","Incongruent","Incongruent","Incongruent",47.999675,48.199664,"8*",0.820113,"Correct","Correct","Correct","Correct"
"2",25,"1_2_stimuli","2_1","Incongruent","Incongruent","Incongruent","Incongruent",49.999657,50.199642,"1!",0.771864,"Correct","Correct","Correct","Correct"
"2",26,"3_4_stimuli","3_4","Incongruent","Incongruent","Incongruent","Incongruent",51.999638,52.199635,"4$",1.283611,"Correct","Correct","Correct","Correct"
"2",27,"5_6_stimuli","6_6","Congruent","Incongruent","Incongruent","Incongruent",53.999631,54.19962,"6^",1.204064,"Correct","Correct","Correct","Correct"
"2",28,"7_8_stimuli","7_8","Incongruent","Congruent","Incongruent","Incongruent",55.999613,56.199601,"8*",0.74002,"Correct","Correct","Correct","Correct"
"2",29,"1_2_stimuli","2_2","Congruent","Incongruent","Congruent","Incongruent",57.999601,58.19959,"2@",0.755599,"Correct","Correct","Correct","Correct"
"2",30,"3_4_stimuli","3_3","Congruent","Congruent","Incongruent","Congruent",59.999587,60.199569,"3#",1.155617,"Correct","Correct","Correct","Correct"
"2",31,"5_6_stimuli","6_5","Incongruent","Congruent","Congruent","Incongruent",61.999563,62.199561,"5%",1.203888,"Correct","Correct","Correct","Correct"
"2",32,"7_8_stimuli","8_7","Incongruent","Incongruent","Congruent","Congruent",63.999552,64.19956,"7&",0.996044,"Correct","Correct","Correct","Correct"
"2",33,"1_2_stimuli","1_1","Congruent","Incongruent","Incongruent","Congruent",65.999536,66.199539,"1!",0.787853,"Correct","Correct","Correct","Correct"
"2",34,"3_4_stimuli","4_3","Incongruent","Congruent","Incongruent","Incongruent",67.99953,68.199522,"3#",1.107588,"Correct","Correct","Correct","Correct"
"2",35,"5_6_stimuli","5_5","Congruent","Incongruent","Congruent","Incongruent",69.999517,70.199499,"5%",0.787663,"Correct","Correct","Correct","Correct"
"2",36,"7_8_stimuli","8_8","Congruent","Congruent","Incongruent","Congruent",71.999498,72.199502,"8*",0.803617,"Correct","Correct","Correct","Correct"
"2",37,"1_2_stimuli","1_2","Incongruent","Congruent","Congruent","Incongruent",73.999483,74.199485,"2@",0.884107,"Correct","Correct","Correct","Correct"
"2",38,"3_4_stimuli","4_4","Congruent","Incongruent","Congruent","Congruent",75.999468,76.199469,"4$",0.932164,"Correct","Correct","Correct","Correct"
"2",39,"5_6_stimuli","6_5","Incongruent","Congruent","Incongruent","Congruent",77.999452,78.199453,"5%",0.660303,"Correct","Correct","Correct","Correct"
"2",40,"7_8_stimuli","8_7","Incongruent","Incongruent","Congruent","Incongruent",79.999432,80.199444,"7&",0.579729,"Correct","Correct","Correct","Correct"
"2",41,"1_2_stimuli","2_1","Incongruent","Incongruent","Incongruent","Congruent",81.999438,82.199427,"1!",0.644305,"Correct","Correct","Correct","Correct"
"2",42,"3_4_stimuli","4_4","Congruent","Incongruent","Incongruent","Incongruent",83.999412,84.199409,"4$",0.931997,"Correct","Correct","Correct","Correct"
"2",43,"5_6_stimuli","5_6","Incongruent","Congruent","Incongruent","Incongruent",85.999398,86.199403,"6^",1.156192,"Correct","Correct","Correct","Correct"
"2",44,"7_8_stimuli","8_8","Congruent","Incongruent","Congruent","Incongruent",87.999378,88.199387,"8*",0.644336,"Correct","Correct","Correct","Correct"
"2",45,"1_2_stimuli","2_2","Congruent","Congruent","Incongruent","Congruent",89.999368,90.199358,"2@",0.707759,"Correct","Correct","Correct","Correct"
"2",46,"3_4_stimuli","3_4","Incongruent","Congruent","Congruent","Incongruent",91.999357,92.199349,"4$",0.803775,"Correct","Correct","Correct","Correct"
"2",47,"5_6_stimuli","5_6","Incongruent","Incongruent","Congruent","Congruent",93.999339,94.199342,"6^",1.044359,"Correct","Correct","Correct","Correct"
"2",48,"7_8_stimuli","7_7","Congruent","Incongruent","Incongruent","Congruent",95.999329,96.199314,"7&",1.156182,"Correct","Correct","Correct","Correct"
"2",49,"1_2_stimuli","2_1","Incongruent","Congruent","Incongruent","Incongruent",97.999301,98.199308,"1!",0.995931,"Correct","Correct","Correct","Correct"
"2",50,"3_4_stimuli","3_3","Congruent","Incongruent","Congruent","Incongruent",99.999289,100.199291,"3#",0.852353,"Correct","Correct","Correct","Correct"
"2",51,"5_6_stimuli","5_5","Congruent","Congruent","Incongruent","Congruent",101.999283,102.199281,"4$",0.724303,"Error","Correct","Correct","Correct"
"2",52,"7_8_stimuli","7_7","Congruent","Congruent","Congruent","Incongruent",103.999263,104.199264,"7&",0.852379,"Correct","Error","Correct","Correct"
"2",53,"1_2_stimuli","2_2","Congruent","Congruent","Congruent","Congruent",105.999259,106.19925,"2@",0.755982,"Correct","Correct","Error","Correct"
"2",54,"3_4_stimuli","3_3","Congruent","Congruent","Congruent","Congruent",107.999235,108.199236,"3#",0.900541,"Correct","Correct","Correct","Error"
"2",55,"5_6_stimuli","6_5","Incongruent","Congruent","Congruent","Congruent",109.999226,110.19922,"5%",1.380301,"Correct","Correct","Correct","Correct"
"2",56,"7_8_stimuli","7_7","Congruent","Incongruent","Congruent","Congruent",111.999206,112.199207,"7&",0.820484,"Correct","Correct","Correct","Correct"
"2",57,"1_2_stimuli","2_1","Incongruent","Congruent","Incongruent","Congruent",113.999199,114.199197,"1!",0.580563,"Correct","Correct","Correct","Correct"
"2",58,"3_4_stimuli","4_3","Incongruent","Incongruent","Congruent","Incongruent",115.999182,116.199177,"3#",0.884567,"Correct","Correct","Correct","Correct"
"2",59,"5_6_stimuli","6_6","Congruent","Incongruent","Incongruent","Congruent",117.999165,118.199171,"7&",1.364374,"Error","Correct","Correct","Correct"
"2",60,"7_8_stimuli","7_7","Congruent","Congruent","Incongruent","Incongruent",119.999145,120.199154,"7&",0.660115,"Correct","Error","Correct","Correct"
"2",61,"1_2_stimuli","2_2","Congruent","Congruent","Congruent","Incongruent",121.999138,122.199138,"2@",0.772114,"Correct","Correct","Error","Correct"
"2",62,"3_4_stimuli","4_3","Incongruent","Congruent","Congruent","Congruent",123.999126,124.199131,"3#",1.060556,"Correct","Correct","Correct","Error"
"2",63,"5_6_stimuli","6_6","Congruent","Incongruent","Congruent","Congruent",125.999101,126.199111,"6^",1.348614,"Correct","Correct","Correct","Correct"
"2",64,"7_8_stimuli","7_8","Incongruent","Congruent","Incongruent","Congruent",127.999089,128.199096,"8*",0.916751,"Correct","Correct","Correct","Correct"
"2",65,"1_2_stimuli","1_2","Incongruent","Incongruent","Congruent","Incongruent",129.999077,130.199081,"2@",0.756133,"Correct","Correct","Correct","Correct"
"2",66,"3_4_stimuli","3_3","Congruent","Incongruent","Incongruent","Congruent",131.999059,132.199067,"3#",0.900653,"Correct","Correct","Correct","Correct"
"2",67,"5_6_stimuli","5_5","Congruent","Congruent","Incongruent","Incongruent",133.999047,134.199047,"5%",1.029445,"Correct","Correct","Correct","Correct"
"2",68,"7_8_stimuli","7_8","Incongruent","Congruent","Congruent","Incongruent",135.999035,136.199033,"8*",0.852229,"Correct","Correct","Correct","Correct"
"3",1,"1_2_stimuli","2_1","Incongruent",NA,NA,NA,1.999982,2.19999,"1!",0.633477,"Correct",NA,NA,NA
"3",2,"3_4_stimuli","3_3","Congruent","Incongruent",NA,NA,3.999973,4.199965,"3#",0.921775,"Correct","Correct",NA,NA
"3",3,"5_6_stimuli","6_6","Congruent","Congruent","Incongruent",NA,5.99995,6.199945,"6^",1.081631,"Correct","Correct","Correct",NA
"3",4,"7_8_stimuli","7_8","Incongruent","Congruent","Congruent","Incongruent",7.999932,8.199941,"8*",0.921665,"Correct","Correct","Correct","Correct"
"3",5,"1_2_stimuli","2_2","Congruent","Incongruent","Congruent","Congruent",9.999928,10.199919,"2@",0.665674,"Correct","Correct","Correct","Correct"
"3",6,"3_4_stimuli","3_3","Congruent","Congruent","Incongruent","Congruent",11.999907,12.199913,"3#",1.033679,"Correct","Correct","Correct","Correct"
"3",7,"5_6_stimuli","5_5","Congruent","Congruent","Congruent","Incongruent",13.999895,14.199886,"5%",1.001308,"Correct","Correct","Correct","Correct"
"3",8,"7_8_stimuli","8_8","Congruent","Congruent","Congruent","Congruent",15.999887,16.199872,"8*",0.713448,"Correct","Correct","Correct","Correct"
"3",9,"1_2_stimuli","2_2","Congruent","Congruent","Congruent","Congruent",17.999872,18.199871,"2@",0.681697,"Correct","Correct","Correct","Correct"
"3",10,"3_4_stimuli","4_4","Congruent","Congruent","Congruent","Congruent",19.999858,20.199854,"4$",1.129279,"Correct","Correct","Correct","Correct"
"3",11,"5_6_stimuli","5_6","Incongruent","Congruent","Congruent","Congruent",21.999836,22.199843,"6^",1.449819,"Correct","Correct","Correct","Correct"
"3",12,"7_8_stimuli","8_8","Congruent","Incongruent","Congruent","Congruent",23.999828,24.199819,"8*",0.681327,"Correct","Correct","Correct","Correct"
"3",13,"1_2_stimuli","1_1","Congruent","Congruent","Incongruent","Congruent",25.99981,26.199813,"1!",0.58534,"Correct","Correct","Correct","Correct"
"3",14,"3_4_stimuli","3_3","Congruent","Congruent","Congruent","Incongruent",27.999795,28.199796,"3#",0.937385,"Correct","Correct","Correct","Correct"
"3",15,"5_6_stimuli","6_6","Congruent","Congruent","Congruent","Congruent",29.999778,30.199777,"6^",1.385619,"Correct","Correct","Correct","Correct"
"3",16,"7_8_stimuli","7_8","Incongruent","Congruent","Congruent","Congruent",31.999768,32.199766,"8*",0.697359,"Correct","Correct","Correct","Correct"
"3",17,"1_2_stimuli","2_1","Incongruent","Incongruent","Congruent","Congruent",33.999754,34.19974,"1!",0.649759,"Correct","Correct","Correct","Correct"
"3",18,"3_4_stimuli","4_4","Congruent","Incongruent","Incongruent","Congruent",35.999748,36.199734,"4$",0.953744,"Correct","Correct","Correct","Correct"
"3",19,"5_6_stimuli","6_5","Incongruent","Congruent","Incongruent","Incongruent",37.999721,38.199735,"5%",0.777438,"Correct","Correct","Correct","Correct"
"3",20,"7_8_stimuli","7_8","Incongruent","Incongruent","Congruent","Incongruent",39.999715,40.199709,"8*",0.777389,"Correct","Correct","Correct","Correct"
"3",21,"1_2_stimuli","1_1","Congruent","Incongruent","Incongruent","Congruent",41.999694,42.199698,"1!",0.665832,"Correct","Correct","Correct","Correct"
"3",22,"3_4_stimuli","3_3","Congruent","Congruent","Incongruent","Incongruent",43.999679,44.199691,"3#",1.033602,"Correct","Correct","Correct","Correct"
"3",23,"5_6_stimuli","5_6","Incongruent","Congruent","Congruent","Incongruent",45.999671,46.199664,"6^",1.033922,"Correct","Correct","Correct","Correct"
"3",24,"7_8_stimuli","8_7","Incongruent","Incongruent","Congruent","Congruent",47.999656,48.199648,"7&",0.825493,"Correct","Correct","Correct","Correct"
"3",25,"1_2_stimuli","1_2","Incongruent","Incongruent","Incongruent","Congruent",49.999641,50.199631,"2@",0.79416,"Correct","Correct","Correct","Correct"
"3",26,"3_4_stimuli","3_4","Incongruent","Incongruent","Incongruent","Incongruent",51.999631,52.199625,"Omission",5000,"Omission","Correct","Correct","Correct"
"3",27,"5_6_stimuli","6_6","Congruent","Incongruent","Incongruent","Incongruent",53.999619,54.199603,"7&",1.113584,"Error","Omission","Correct","Correct"
"3",28,"7_8_stimuli","8_8","Congruent","Congruent","Incongruent","Incongruent",55.9996,56.199591,"7&",0.874054,"Error","Error","Omission","Correct"
"3",29,"1_2_stimuli","2_1","Incongruent","Congruent","Congruent","Incongruent",57.999588,58.199578,"1!",0.697491,"Correct","Error","Error","Omission"
"3",30,"3_4_stimuli","3_4","Incongruent","Incongruent","Congruent","Congruent",59.999573,60.199562,"4$",0.90555,"Correct","Correct","Error","Error"
"3",31,"5_6_stimuli","6_5","Incongruent","Incongruent","Incongruent","Congruent",61.999548,62.199552,"5%",0.905603,"Correct","Correct","Correct","Error"
"3",32,"7_8_stimuli","7_7","Congruent","Incongruent","Incongruent","Incongruent",63.999539,64.199533,"7&",1.001959,"Correct","Correct","Correct","Correct"
"3",33,"1_2_stimuli","1_2","Incongruent","Congruent","Incongruent","Incongruent",65.999528,66.199521,"2@",0.793667,"Correct","Correct","Correct","Correct"
"3",34,"3_4_stimuli","4_3","Incongruent","Incongruent","Congruent","Incongruent",67.999507,68.199513,"3#",1.113679,"Correct","Correct","Correct","Correct"
"3",35,"5_6_stimuli","5_5","Congruent","Incongruent","Incongruent","Congruent",69.999495,70.199493,"5%",0.97037,"Correct","Correct","Correct","Correct"
"3",36,"7_8_stimuli","8_7","Incongruent","Congruent","Incongruent","Incongruent",71.99947,72.199485,"7&",0.842213,"Correct","Correct","Correct","Correct"
"3",37,"1_2_stimuli","2_2","Congruent","Incongruent","Congruent","Incongruent",73.99947,74.199465,"2@",0.858171,"Correct","Correct","Correct","Correct"
"3",38,"3_4_stimuli","4_3","Incongruent","Congruent","Incongruent","Congruent",75.999455,76.199447,"3#",0.970327,"Correct","Correct","Correct","Correct"
"3",39,"5_6_stimuli","6_6","Congruent","Incongruent","Congruent","Incongruent",77.999445,78.199443,"Omission",5000,"Omission","Correct","Correct","Correct"
"3",40,"7_8_stimuli","7_7","Congruent","Congruent","Incongruent","Congruent",79.999417,80.199416,"7&",0.745677,"Correct","Omission","Correct","Correct"
"3",41,"1_2_stimuli","2_2","Congruent","Congruent","Congruent","Incongruent",81.999408,82.199408,"2@",0.633959,"Correct","Correct","Omission","Correct"
"3",42,"3_4_stimuli","4_3","Incongruent","Congruent","Congruent","Congruent",83.999395,84.199394,"3#",1.018352,"Correct","Correct","Correct","Omission"
"3",43,"5_6_stimuli","6_5","Incongruent","Incongruent","Congruent","Congruent",85.999388,86.199382,"5%",0.713953,"Correct","Correct","Correct","Correct"
"3",44,"7_8_stimuli","7_7","Congruent","Incongruent","Incongruent","Congruent",87.999377,88.199367,"7&",0.585917,"Correct","Correct","Correct","Correct"
"3",45,"1_2_stimuli","1_1","Congruent","Congruent","Incongruent","Incongruent",89.999354,90.199361,"1!",0.650409,"Correct","Correct","Correct","Correct"
"3",46,"3_4_stimuli","4_3","Incongruent","Congruent","Congruent","Incongruent",91.999342,92.199343,"3#",0.922035,"Correct","Correct","Correct","Correct"
"3",47,"5_6_stimuli","6_6","Congruent","Incongruent","Congruent","Congruent",93.999315,94.199326,"7&",1.00186,"Error","Correct","Correct","Correct"
"3",48,"7_8_stimuli","7_8","Incongruent","Congruent","Incongruent","Congruent",95.99931,96.199302,"8*",0.617898,"Correct","Error","Correct","Correct"
"3",49,"1_2_stimuli","1_2","Incongruent","Incongruent","Congruent","Incongruent",97.99929,98.199294,"2@",0.746447,"Correct","Correct","Error","Correct"
"3",50,"3_4_stimuli","3_4","Incongruent","Incongruent","Incongruent","Congruent",99.999284,100.199281,"4$",1.386451,"Correct","Correct","Correct","Error"
"3",51,"5_6_stimuli","5_6","Incongruent","Incongruent","Incongruent","Incongruent",101.999266,102.199266,"6^",0.986371,"Correct","Correct","Correct","Correct"
"3",52,"7_8_stimuli","8_7","Incongruent","Incongruent","Incongruent","Incongruent",103.999252,104.199245,"7&",0.602553,"Correct","Correct","Correct","Correct"
"3",53,"1_2_stimuli","1_1","Congruent","Incongruent","Incongruent","Incongruent",105.99924,106.199237,"1!",0.538566,"Correct","Correct","Correct","Correct"
"3",54,"3_4_stimuli","3_4","Incongruent","Congruent","Incongruent","Incongruent",107.999226,108.199224,"4$",0.842321,"Correct","Correct","Correct","Correct"
"3",55,"5_6_stimuli","5_6","Incongruent","Incongruent","Congruent","Incongruent",109.99921,110.199211,"6^",0.906011,"Correct","Correct","Correct","Correct"
"3",56,"7_8_stimuli","8_7","Incongruent","Incongruent","Incongruent","Congruent",111.999196,112.19919,"7&",0.746442,"Correct","Correct","Correct","Correct"
"3",57,"1_2_stimuli","2_1","Incongruent","Incongruent","Incongruent","Incongruent",113.999184,114.199177,"1!",0.826038,"Correct","Correct","Correct","Correct"
"3",58,"3_4_stimuli","3_3","Congruent","Incongruent","Incongruent","Incongruent",115.999158,116.199166,"3#",0.98606,"Correct","Correct","Correct","Correct"
"3",59,"5_6_stimuli","5_5","Congruent","Congruent","Incongruent","Incongruent",117.999149,118.199149,"5%",0.761996,"Correct","Correct","Correct","Correct"
"3",60,"7_8_stimuli","7_7","Congruent","Congruent","Congruent","Incongruent",119.999139,120.199147,"7&",0.57009,"Correct","Correct","Correct","Correct"
"3",61,"1_2_stimuli","2_1","Incongruent","Congruent","Congruent","Congruent",121.999117,122.199126,"1!",0.682559,"Correct","Correct","Correct","Correct"
"3",62,"3_4_stimuli","4_4","Congruent","Incongruent","Congruent","Congruent",123.999119,124.199106,"4$",1.146745,"Correct","Correct","Correct","Correct"
"3",63,"5_6_stimuli","6_5","Incongruent","Congruent","Incongruent","Congruent",125.999105,126.199093,"5%",0.602099,"Correct","Correct","Correct","Correct"
"3",64,"7_8_stimuli","8_8","Congruent","Incongruent","Congruent","Incongruent",127.999076,128.199082,"8*",0.55493,"Correct","Correct","Correct","Correct"
"3",65,"1_2_stimuli","1_2","Incongruent","Congruent","Incongruent","Congruent",129.999062,130.199063,"2@",0.970188,"Correct","Correct","Correct","Correct"
"3",66,"3_4_stimuli","4_4","Congruent","Incongruent","Congruent","Incongruent",131.999054,132.199055,"4$",0.730479,"Correct","Correct","Correct","Correct"
"3",67,"5_6_stimuli","5_5","Congruent","Congruent","Incongruent","Congruent",133.999036,134.199036,"5%",0.378224,"Correct","Correct","Correct","Correct"
"3",68,"7_8_stimuli","7_8","Incongruent","Congruent","Congruent","Incongruent",135.999024,136.199022,"8*",0.826676,"Correct","Correct","Correct","Correct"
"4",1,"1_2_stimuli","1_2","Incongruent",NA,NA,NA,1.99998,2.199978,"2@",0.903134,"Correct",NA,NA,NA
"4",2,"3_4_stimuli","4_4","Congruent","Incongruent",NA,NA,3.999963,4.199967,"4$",0.903492,"Correct","Correct",NA,NA
"4",3,"5_6_stimuli","6_5","Incongruent","Congruent","Incongruent",NA,5.999959,6.199955,"5%",0.75908,"Correct","Correct","Correct",NA
"4",4,"7_8_stimuli","7_8","Incongruent","Incongruent","Congruent","Incongruent",7.999939,8.199933,"8*",0.727627,"Correct","Correct","Correct","Correct"
"4",5,"1_2_stimuli","2_2","Congruent","Incongruent","Incongruent","Congruent",9.99993,10.199928,"2@",0.647603,"Correct","Correct","Correct","Correct"
"4",6,"3_4_stimuli","3_3","Congruent","Congruent","Incongruent","Incongruent",11.999913,12.199908,"3#",0.807154,"Correct","Correct","Correct","Correct"
"4",7,"5_6_stimuli","5_6","Incongruent","Congruent","Congruent","Incongruent",13.9999,14.199896,"6^",1.463762,"Correct","Correct","Correct","Correct"
"4",8,"7_8_stimuli","8_8","Congruent","Incongruent","Congruent","Congruent",15.999885,16.199884,"8*",0.647107,"Correct","Correct","Correct","Correct"
"4",9,"1_2_stimuli","1_1","Congruent","Congruent","Incongruent","Congruent",17.999875,18.199863,"1!",0.727249,"Correct","Correct","Correct","Correct"
"4",10,"3_4_stimuli","3_4","Incongruent","Congruent","Congruent","Incongruent",19.999861,20.199853,"4$",1.031375,"Correct","Correct","Correct","Correct"
"4",11,"5_6_stimuli","6_6","Congruent","Incongruent","Congruent","Congruent",21.999838,22.199837,"7&",0.99965,"Error","Correct","Correct","Correct"
"4",12,"7_8_stimuli","7_7","Congruent","Congruent","Incongruent","Congruent",23.999824,24.199825,"7&",0.711653,"Correct","Error","Correct","Correct"
"4",13,"1_2_stimuli","1_2","Incongruent","Congruent","Congruent","Incongruent",25.99981,26.199817,"2@",0.599828,"Correct","Correct","Error","Correct"
"4",14,"3_4_stimuli","4_4","Congruent","Incongruent","Congruent","Congruent",27.999796,28.199799,"Omission",5000,"Omission","Correct","Correct","Error"
"4",15,"5_6_stimuli","5_5","Congruent","Congruent","Incongruent","Congruent",29.999791,30.199788,"5%",0.855265,"Correct","Omission","Correct","Correct"
"4",16,"7_8_stimuli","7_8","Incongruent","Congruent","Congruent","Incongruent",31.999772,32.199767,"7&",0.871659,"Error","Correct","Omission","Correct"
"4",17,"1_2_stimuli","1_2","Incongruent","Incongruent","Congruent","Congruent",33.999763,34.199762,"2@",1.031382,"Correct","Error","Correct","Omission"
"4",18,"3_4_stimuli","4_3","Incongruent","Incongruent","Incongruent","Congruent",35.999749,36.199739,"3#",0.727737,"Correct","Correct","Error","Correct"
"4",19,"5_6_stimuli","5_5","Congruent","Incongruent","Incongruent","Incongruent",37.999728,38.199724,"5%",0.903507,"Correct","Correct","Correct","Error"
"4",20,"7_8_stimuli","8_8","Congruent","Congruent","Incongruent","Incongruent",39.999706,40.19972,"8*",0.631833,"Correct","Correct","Correct","Correct"
"4",21,"1_2_stimuli","2_2","Congruent","Congruent","Congruent","Incongruent",41.99969,42.199698,"2@",0.839412,"Correct","Correct","Correct","Correct"
"4",22,"3_4_stimuli","3_3","Congruent","Congruent","Congruent","Congruent",43.999692,44.199684,"3#",0.743921,"Correct","Correct","Correct","Correct"
"4",23,"5_6_stimuli","6_6","Congruent","Congruent","Congruent","Congruent",45.999667,46.199666,"6^",0.888435,"Correct","Correct","Correct","Correct"
"4",24,"7_8_stimuli","8_7","Incongruent","Congruent","Congruent","Congruent",47.999663,48.199652,"7&",0.583893,"Correct","Correct","Correct","Correct"
"4",25,"1_2_stimuli","1_1","Congruent","Incongruent","Congruent","Congruent",49.999643,50.199637,"1!",0.743418,"Correct","Correct","Correct","Correct"
"4",26,"3_4_stimuli","4_3","Incongruent","Congruent","Incongruent","Congruent",51.999625,52.199631,"3#",0.807467,"Correct","Correct","Correct","Correct"
"4",27,"5_6_stimuli","5_5","Congruent","Incongruent","Congruent","Incongruent",53.999615,54.199608,"5%",0.663953,"Correct","Correct","Correct","Correct"
"4",28,"7_8_stimuli","7_8","Incongruent","Congruent","Incongruent","Congruent",55.999599,56.199594,"8*",0.567701,"Correct","Correct","Correct","Correct"
"4",29,"1_2_stimuli","2_1","Incongruent","Incongruent","Congruent","Incongruent",57.999585,58.19958,"1!",0.647962,"Correct","Correct","Correct","Correct"
"4",30,"3_4_stimuli","3_3","Congruent","Incongruent","Incongruent","Congruent",59.999563,60.19957,"3#",0.67992,"Correct","Correct","Correct","Correct"
"4",31,"5_6_stimuli","5_5","Congruent","Congruent","Incongruent","Incongruent",61.999555,62.199556,"5%",0.856008,"Correct","Correct","Correct","Correct"
"4",32,"7_8_stimuli","7_7","Congruent","Congruent","Congruent","Incongruent",63.999544,64.199546,"7&",0.711904,"Correct","Correct","Correct","Correct"
"4",33,"1_2_stimuli","2_2","Congruent","Congruent","Congruent","Congruent",65.999536,66.199525,"2@",0.584037,"Correct","Correct","Correct","Correct"
"4",34,"3_4_stimuli","4_3","Incongruent","Congruent","Congruent","Congruent",67.999516,68.199508,"3#",0.775598,"Correct","Correct","Correct","Correct"
"4",35,"5_6_stimuli","6_5","Incongruent","Incongruent","Congruent","Congruent",69.999502,70.199503,"5%",0.984175,"Correct","Correct","Correct","Correct"
"4",36,"7_8_stimuli","8_8","Congruent","Incongruent","Incongruent","Congruent",71.999492,72.199487,"8*",0.631606,"Correct","Correct","Correct","Correct"
"4",37,"1_2_stimuli","1_1","Congruent","Congruent","Incongruent","Incongruent",73.99946,74.199472,"1!",0.74361,"Correct","Correct","Correct","Correct"
"4",38,"3_4_stimuli","3_3","Congruent","Congruent","Congruent","Incongruent",75.999454,76.199448,"3#",0.872269,"Correct","Correct","Correct","Correct"
"4",39,"5_6_stimuli","5_6","Incongruent","Congruent","Congruent","Congruent",77.999449,78.199442,"Omission",5000,"Omission","Correct","Correct","Correct"
"4",40,"7_8_stimuli","8_7","Incongruent","Incongruent","Congruent","Congruent",79.999429,80.19942,"7&",0.631732,"Correct","Omission","Correct","Correct"
"4",41,"1_2_stimuli","2_1","Incongruent","Incongruent","Incongruent","Congruent",81.999414,82.199416,"1!",0.728382,"Correct","Correct","Omission","Correct"
"4",42,"3_4_stimuli","4_3","Incongruent","Incongruent","Incongruent","Incongruent",83.999395,84.199397,"3#",0.825062,"Correct","Correct","Correct","Omission"
"4",43,"5_6_stimuli","6_5","Incongruent","Incongruent","Incongruent","Incongruent",85.99939,86.199376,"5%",1.015971,"Correct","Correct","Correct","Correct"
"4",44,"7_8_stimuli","8_8","Congruent","Incongruent","Incongruent","Incongruent",87.999373,88.199377,"8*",0.711706,"Correct","Correct","Correct","Correct"
"4",45,"1_2_stimuli","2_1","Incongruent","Congruent","Incongruent","Incongruent",89.999362,90.199378,"1!",0.776246,"Correct","Correct","Correct","Correct"
"4",46,"3_4_stimuli","3_4","Incongruent","Incongruent","Congruent","Incongruent",91.999339,92.199339,"4$",1.14439,"Correct","Correct","Correct","Correct"
"4",47,"5_6_stimuli","6_6","Congruent","Incongruent","Incongruent","Congruent",93.999331,94.199333,"6^",0.792475,"Correct","Correct","Correct","Correct"
"4",48,"7_8_stimuli","7_8","Incongruent","Congruent","Incongruent","Incongruent",95.999315,96.19931,"8*",0.77573,"Correct","Correct","Correct","Correct"
"4",49,"1_2_stimuli","1_1","Congruent","Incongruent","Congruent","Incongruent",97.999297,98.199292,"1!",0.520006,"Correct","Correct","Correct","Correct"
"4",50,"3_4_stimuli","4_4","Congruent","Congruent","Incongruent","Congruent",99.999284,100.199291,"4$",0.728323,"Correct","Correct","Correct","Correct"
"4",51,"5_6_stimuli","6_6","Congruent","Congruent","Congruent","Incongruent",101.999263,102.199267,"6^",0.99978,"Correct","Correct","Correct","Correct"
"4",52,"7_8_stimuli","7_7","Congruent","Congruent","Congruent","Congruent",103.999253,104.199258,"7&",0.504347,"Correct","Correct","Correct","Correct"
"4",53,"1_2_stimuli","1_2","Incongruent","Congruent","Congruent","Congruent",105.999238,106.199243,"2@",0.808312,"Correct","Correct","Correct","Correct"
"4",54,"3_4_stimuli","3_4","Incongruent","Incongruent","Congruent","Congruent",107.99923,108.199225,"4$",0.904418,"Correct","Correct","Correct","Correct"
"4",55,"5_6_stimuli","5_6","Incongruent","Incongruent","Incongruent","Congruent",109.999215,110.199209,"6^",0.919958,"Correct","Correct","Correct","Correct"
"4",56,"7_8_stimuli","7_8","Incongruent","Incongruent","Incongruent","Incongruent",111.999204,112.199202,"8*",0.552353,"Correct","Correct","Correct","Correct"
"4",57,"1_2_stimuli","2_2","Congruent","Incongruent","Incongruent","Incongruent",113.999184,114.199176,"2@",0.824147,"Correct","Correct","Correct","Correct"
"4",58,"3_4_stimuli","3_4","Incongruent","Congruent","Incongruent","Incongruent",115.999169,116.199168,"4$",1.04797,"Correct","Correct","Correct","Correct"
"4",59,"5_6_stimuli","5_6","Incongruent","Incongruent","Congruent","Incongruent",117.99916,118.199157,"6^",0.823967,"Correct","Correct","Correct","Correct"
"4",60,"7_8_stimuli","8_7","Incongruent","Incongruent","Incongruent","Congruent",119.999142,120.199143,"7&",0.791964,"Correct","Correct","Correct","Correct"
"4",61,"1_2_stimuli","2_1","Incongruent","Incongruent","Incongruent","Incongruent",121.999128,122.199124,"1!",0.744446,"Correct","Correct","Correct","Correct"
"4",62,"3_4_stimuli","4_4","Congruent","Incongruent","Incongruent","Incongruent",123.999116,124.199108,"4$",0.760028,"Correct","Correct","Correct","Correct"
"4",63,"5_6_stimuli","6_5","Incongruent","Congruent","Incongruent","Incongruent",125.999098,126.199092,"5%",0.76008,"Correct","Correct","Correct","Correct"
"4",64,"7_8_stimuli","7_7","Congruent","Incongruent","Congruent","Incongruent",127.999088,128.199082,"7&",0.68038,"Correct","Correct","Correct","Correct"
"4",65,"1_2_stimuli","1_2","Incongruent","Congruent","Incongruent","Congruent",129.999072,130.199071,"2@",0.728151,"Correct","Correct","Correct","Correct"
"4",66,"3_4_stimuli","4_4","Congruent","Incongruent","Congruent","Incongruent",131.999048,132.199052,"4$",1.096718,"Correct","Correct","Correct","Correct"
"4",67,"5_6_stimuli","6_5","Incongruent","Congruent","Incongruent","Congruent",133.999042,134.199036,"5%",1.176135,"Correct","Correct","Correct","Correct"
"4",68,"7_8_stimuli","8_7","Incongruent","Incongruent","Congruent","Incongruent",135.99903,136.199028,"7&",0.744336,"Correct","Correct","Correct","Correct"
"5",1,"1_2_stimuli","2_1","Incongruent",NA,NA,NA,1.999992,2.199989,"1!",0.847676,"Correct",NA,NA,NA
"5",2,"3_4_stimuli","4_3","Incongruent","Incongruent",NA,NA,3.999975,4.199974,"3#",0.975567,"Correct","Correct",NA,NA
"5",3,"5_6_stimuli","5_5","Congruent","Incongruent","Incongruent",NA,5.999958,6.199954,"5%",0.895035,"Correct","Correct","Correct",NA
"5",4,"7_8_stimuli","8_7","Incongruent","Congruent","Incongruent","Incongruent",7.999952,8.199943,"7&",0.735077,"Correct","Correct","Correct","Correct"
"5",5,"1_2_stimuli","1_2","Incongruent","Incongruent","Congruent","Incongruent",9.999935,10.199926,"2@",0.719446,"Correct","Correct","Correct","Correct"
"5",6,"3_4_stimuli","3_3","Congruent","Incongruent","Incongruent","Congruent",11.99992,12.199921,"3#",0.62354,"Correct","Correct","Correct","Correct"
"5",7,"5_6_stimuli","6_5","Incongruent","Congruent","Incongruent","Incongruent",13.999914,14.199913,"5%",0.767099,"Correct","Correct","Correct","Correct"
"5",8,"7_8_stimuli","8_8","Congruent","Incongruent","Congruent","Incongruent",15.999894,16.199893,"8*",0.751273,"Correct","Correct","Correct","Correct"
"5",9,"1_2_stimuli","2_2","Congruent","Congruent","Incongruent","Congruent",17.999875,18.199877,"2@",0.687285,"Correct","Correct","Correct","Correct"
"5",10,"3_4_stimuli","4_4","Congruent","Congruent","Congruent","Incongruent",19.999856,20.199856,"4$",1.151172,"Correct","Correct","Correct","Correct"
"5",11,"5_6_stimuli","6_5","Incongruent","Congruent","Congruent","Congruent",21.999844,22.199848,"5%",0.527665,"Correct","Correct","Correct","Correct"
"5",12,"7_8_stimuli","8_7","Incongruent","Incongruent","Congruent","Congruent",23.99984,24.199826,"7&",0.479228,"Correct","Correct","Correct","Correct"
"5",13,"1_2_stimuli","1_2","Incongruent","Incongruent","Incongruent","Congruent",25.999824,26.199816,"2@",0.655693,"Correct","Correct","Correct","Correct"
"5",14,"3_4_stimuli","4_4","Congruent","Incongruent","Incongruent","Incongruent",27.9998,28.199801,"4$",0.687293,"Correct","Correct","Correct","Correct"
"5",15,"5_6_stimuli","5_5","Congruent","Congruent","Incongruent","Incongruent",29.999789,30.199798,"5%",0.639247,"Correct","Correct","Correct","Correct"
"5",16,"7_8_stimuli","8_8","Congruent","Congruent","Congruent","Incongruent",31.999771,32.199782,"8*",0.703204,"Correct","Correct","Correct","Correct"
"5",17,"1_2_stimuli","1_1","Congruent","Congruent","Congruent","Congruent",33.999763,34.199766,"1!",0.623808,"Correct","Correct","Correct","Correct"
"5",18,"3_4_stimuli","3_4","Incongruent","Congruent","Congruent","Congruent",35.999755,36.199749,"4$",0.799313,"Correct","Correct","Correct","Correct"
"5",19,"5_6_stimuli","5_6","Incongruent","Incongruent","Congruent","Congruent",37.999744,38.199737,"6^",0.831273,"Correct","Correct","Correct","Correct"
"5",20,"7_8_stimuli","7_8","Incongruent","Incongruent","Incongruent","Congruent",39.999718,40.199713,"8*",0.607422,"Correct","Correct","Correct","Correct"
"5",21,"1_2_stimuli","2_2","Congruent","Incongruent","Incongruent","Incongruent",41.999713,42.199711,"2@",0.607343,"Correct","Correct","Correct","Correct"
"5",22,"3_4_stimuli","4_3","Incongruent","Congruent","Incongruent","Incongruent",43.999694,44.199688,"3#",1.071855,"Correct","Correct","Correct","Correct"
"5",23,"5_6_stimuli","5_6","Incongruent","Incongruent","Congruent","Incongruent",45.999685,46.199676,"Omission",5000,"Omission","Correct","Correct","Correct"
"5",24,"7_8_stimuli","7_7","Congruent","Incongruent","Incongruent","Congruent",47.999664,48.199654,"7&",0.57544,"Correct","Omission","Correct","Correct"
"5",25,"1_2_stimuli","2_1","Incongruent","Congruent","Incongruent","Incongruent",49.999657,50.199651,"1!",0.639868,"Correct","Correct","Omission","Correct"
"5",26,"3_4_stimuli","4_3","Incongruent","Incongruent","Congruent","Incongruent",51.999635,52.199638,"3#",1.232128,"Correct","Correct","Correct","Omission"
"5",27,"5_6_stimuli","5_6","Incongruent","Incongruent","Incongruent","Congruent",53.999625,54.199618,"6^",0.975751,"Correct","Correct","Correct","Correct"
"5",28,"7_8_stimuli","7_8","Incongruent","Incongruent","Incongruent","Incongruent",55.999617,56.199616,"8*",0.623591,"Correct","Correct","Correct","Correct"
"5",29,"1_2_stimuli","1_2","Incongruent","Incongruent","Incongruent","Incongruent",57.999592,58.199593,"2@",0.464055,"Correct","Correct","Correct","Correct"
"5",30,"3_4_stimuli","3_4","Incongruent","Incongruent","Incongruent","Incongruent",59.999587,60.199578,"4$",0.704194,"Correct","Correct","Correct","Correct"
"5",31,"5_6_stimuli","5_6","Incongruent","Incongruent","Incongruent","Incongruent",61.999569,62.19957,"6^",0.607826,"Correct","Correct","Correct","Correct"
"5",32,"7_8_stimuli","7_7","Congruent","Incongruent","Incongruent","Incongruent",63.999549,64.199548,"7&",0.847463,"Correct","Correct","Correct","Correct"
"5",33,"1_2_stimuli","1_1","Congruent","Congruent","Incongruent","Incongruent",65.999534,66.199533,"1!",0.591533,"Correct","Correct","Correct","Correct"
"5",34,"3_4_stimuli","4_3","Incongruent","Congruent","Congruent","Incongruent",67.999526,68.199518,"3#",0.783689,"Correct","Correct","Correct","Correct"
"5",35,"5_6_stimuli","6_6","Congruent","Incongruent","Congruent","Congruent",69.99951,70.199508,"6^",0.927562,"Correct","Correct","Correct","Correct"
"5",36,"7_8_stimuli","8_7","Incongruent","Congruent","Incongruent","Congruent",71.999492,72.199497,"7&",0.576512,"Correct","Correct","Correct","Correct"
"5",37,"1_2_stimuli","2_2","Congruent","Incongruent","Congruent","Incongruent",73.99947,74.19948,"Omission",5000,"Omission","Correct","Correct","Correct"
"5",38,"3_4_stimuli","3_4","Incongruent","Congruent","Incongruent","Congruent",75.999466,76.199473,"4$",0.719913,"Correct","Omission","Correct","Correct"
"5",39,"5_6_stimuli","6_6","Congruent","Incongruent","Congruent","Incongruent",77.999456,78.199467,"5%",0.815601,"Error","Correct","Omission","Correct"
"5",40,"7_8_stimuli","8_8","Congruent","Congruent","Incongruent","Congruent",79.999435,80.199435,"8*",0.511976,"Correct","Error","Correct","Omission"
"5",41,"1_2_stimuli","2_2","Congruent","Congruent","Congruent","Incongruent",81.999413,82.19942,"2@",0.783668,"Correct","Correct","Error","Correct"
"5",42,"3_4_stimuli","3_3","Congruent","Congruent","Congruent","Congruent",83.999409,84.199411,"3#",0.767718,"Correct","Correct","Correct","Error"
"5",43,"5_6_stimuli","5_5","Congruent","Congruent","Congruent","Congruent",85.999393,86.19939,"5%",0.863713,"Correct","Correct","Correct","Correct"
"5",44,"7_8_stimuli","7_7","Congruent","Congruent","Congruent","Congruent",87.999379,88.199374,"7&",0.672148,"Correct","Correct","Correct","Correct"
"5",45,"1_2_stimuli","2_1","Incongruent","Congruent","Congruent","Congruent",89.99937,90.199365,"1!",1.168104,"Correct","Correct","Correct","Correct"
"5",46,"3_4_stimuli","3_4","Incongruent","Incongruent","Congruent","Congruent",91.999353,92.199343,"4$",0.848362,"Correct","Correct","Correct","Correct"
"5",47,"5_6_stimuli","6_6","Congruent","Incongruent","Incongruent","Congruent",93.99933,94.199334,"6^",0.863708,"Correct","Correct","Correct","Correct"
"5",48,"7_8_stimuli","7_7","Congruent","Congruent","Incongruent","Incongruent",95.999324,96.199318,"7&",0.895787,"Correct","Correct","Correct","Correct"
"5",49,"1_2_stimuli","2_1","Incongruent","Congruent","Congruent","Incongruent",97.999314,98.199299,"1!",0.720094,"Correct","Correct","Correct","Correct"
"5",50,"3_4_stimuli","4_4","Congruent","Incongruent","Congruent","Congruent",99.999297,100.199289,"4$",0.831833,"Correct","Correct","Correct","Correct"
"5",51,"5_6_stimuli","6_6","Congruent","Congruent","Incongruent","Congruent",101.999276,102.19928,"6^",1.168268,"Correct","Correct","Correct","Correct"
"5",52,"7_8_stimuli","7_8","Incongruent","Congruent","Congruent","Incongruent",103.999264,104.199265,"8*",0.752366,"Correct","Correct","Correct","Correct"
"5",53,"1_2_stimuli","1_1","Congruent","Incongruent","Congruent","Congruent",105.99925,106.199243,"1!",0.67178,"Correct","Correct","Correct","Correct"
"5",54,"3_4_stimuli","4_4","Congruent","Congruent","Incongruent","Congruent",107.999238,108.19924,"4$",0.927862,"Correct","Correct","Correct","Correct"
"5",55,"5_6_stimuli","6_5","Incongruent","Congruent","Congruent","Incongruent",109.999232,110.199227,"5%",0.672319,"Correct","Correct","Correct","Correct"
"5",56,"7_8_stimuli","8_8","Congruent","Incongruent","Congruent","Congruent",111.999211,112.199207,"8*",0.640166,"Correct","Correct","Correct","Correct"
"5",57,"1_2_stimuli","1_2","Incongruent","Congruent","Incongruent","Congruent",113.999205,114.199187,"2@",1.024344,"Correct","Correct","Correct","Correct"
"5",58,"3_4_stimuli","3_3","Congruent","Incongruent","Congruent","Incongruent",115.999181,116.199183,"3#",0.975935,"Correct","Correct","Correct","Correct"
"5",59,"5_6_stimuli","6_5","Incongruent","Congruent","Incongruent","Congruent",117.999156,118.199167,"5%",0.64042,"Correct","Correct","Correct","Correct"
"5",60,"7_8_stimuli","8_7","Incongruent","Incongruent","Congruent","Incongruent",119.99915,120.199143,"7&",0.928441,"Correct","Correct","Correct","Correct"
"5",61,"1_2_stimuli","1_1","Congruent","Incongruent","Incongruent","Congruent",121.999137,122.199132,"1!",0.592457,"Correct","Correct","Correct","Correct"
"5",62,"3_4_stimuli","3_3","Congruent","Congruent","Incongruent","Incongruent",123.999118,124.199131,"3#",0.832445,"Correct","Correct","Correct","Correct"
"5",63,"5_6_stimuli","5_5","Congruent","Congruent","Congruent","Incongruent",125.999112,126.199102,"5%",0.832238,"Correct","Correct","Correct","Correct"
"5",64,"7_8_stimuli","7_8","Incongruent","Congruent","Congruent","Congruent",127.999098,128.199085,"8*",0.704703,"Correct","Correct","Correct","Correct"
"5",65,"1_2_stimuli","2_1","Incongruent","Incongruent","Congruent","Congruent",129.999083,130.199079,"1!",0.624771,"Correct","Correct","Correct","Correct"
"5",66,"3_4_stimuli","4_3","Incongruent","Incongruent","Incongruent","Congruent",131.999062,132.199058,"3#",0.895975,"Correct","Correct","Correct","Correct"
"5",67,"5_6_stimuli","5_5","Congruent","Incongruent","Incongruent","Incongruent",133.999049,134.199045,"5%",0.736461,"Correct","Correct","Correct","Correct"
"5",68,"7_8_stimuli","8_7","Incongruent","Congruent","Incongruent","Incongruent",135.999033,136.199041,"7&",1.072086,"Correct","Correct","Correct","Correct"
"6",1,"1_2_stimuli","1_2","Incongruent",NA,NA,NA,1.999986,2.19999,"2@",0.950286,"Correct",NA,NA,NA
"6",2,"3_4_stimuli","4_4","Congruent","Incongruent",NA,NA,3.999981,4.19997,"4$",0.822334,"Correct","Correct",NA,NA
"6",3,"5_6_stimuli","6_5","Incongruent","Congruent","Incongruent",NA,5.999961,6.199957,"5%",0.518824,"Correct","Correct","Correct",NA
"6",4,"7_8_stimuli","8_7","Incongruent","Incongruent","Congruent","Incongruent",7.999952,8.199943,"7&",0.774729,"Correct","Correct","Correct","Correct"
"6",5,"1_2_stimuli","2_1","Incongruent","Incongruent","Incongruent","Congruent",9.999942,10.199932,"1!",0.742982,"Correct","Correct","Correct","Correct"
"6",6,"3_4_stimuli","4_4","Congruent","Incongruent","Incongruent","Incongruent",11.999913,12.199912,"4$",0.791029,"Correct","Correct","Correct","Correct"
"6",7,"5_6_stimuli","5_5","Congruent","Congruent","Incongruent","Incongruent",13.99991,14.199895,"5%",0.710729,"Correct","Correct","Correct","Correct"
"6",8,"7_8_stimuli","8_8","Congruent","Congruent","Congruent","Incongruent",15.999883,16.199894,"8*",0.56685,"Correct","Correct","Correct","Correct"
"6",9,"1_2_stimuli","2_2","Congruent","Congruent","Congruent","Congruent",17.999867,18.19988,"2@",0.726651,"Correct","Correct","Correct","Correct"
"6",10,"3_4_stimuli","3_3","Congruent","Congruent","Congruent","Congruent",19.999855,20.199859,"3#",0.918525,"Correct","Correct","Correct","Correct"
"6",11,"5_6_stimuli","5_5","Congruent","Congruent","Congruent","Congruent",21.999846,22.199841,"5%",1.095016,"Correct","Correct","Correct","Correct"
"6",12,"7_8_stimuli","8_7","Incongruent","Congruent","Congruent","Congruent",23.999835,24.199828,"7&",0.838901,"Correct","Correct","Correct","Correct"
"6",13,"1_2_stimuli","2_2","Congruent","Incongruent","Congruent","Congruent",25.999819,26.199823,"2@",0.678924,"Correct","Correct","Correct","Correct"
"6",14,"3_4_stimuli","4_4","Congruent","Congruent","Incongruent","Congruent",27.999805,28.199808,"4$",0.678894,"Correct","Correct","Correct","Correct"
"6",15,"5_6_stimuli","6_5","Incongruent","Congruent","Congruent","Incongruent",29.999789,30.199795,"5%",0.42248,"Correct","Correct","Correct","Correct"
"6",16,"7_8_stimuli","7_7","Congruent","Incongruent","Congruent","Congruent",31.999778,32.19978,"7&",0.694994,"Correct","Correct","Correct","Correct"
"6",17,"1_2_stimuli","1_2","Incongruent","Congruent","Incongruent","Congruent",33.999772,34.199769,"2@",0.487088,"Correct","Correct","Correct","Correct"
"6",18,"3_4_stimuli","3_4","Incongruent","Incongruent","Congruent","Incongruent",35.999751,36.199755,"4$",0.759266,"Correct","Correct","Correct","Correct"
"6",19,"5_6_stimuli","6_6","Congruent","Incongruent","Incongruent","Congruent",37.999739,38.199736,"6^",0.870784,"Correct","Correct","Correct","Correct"
"6",20,"7_8_stimuli","7_7","Congruent","Congruent","Incongruent","Incongruent",39.99972,40.199715,"7&",1.158532,"Correct","Correct","Correct","Correct"
"6",21,"1_2_stimuli","1_2","Incongruent","Congruent","Congruent","Incongruent",41.999721,42.199712,"2@",0.646582,"Correct","Correct","Correct","Correct"
"6",22,"3_4_stimuli","3_4","Incongruent","Incongruent","Congruent","Congruent",43.999688,44.199696,"4$",0.8707,"Correct","Correct","Correct","Correct"
"6",23,"5_6_stimuli","5_6","Incongruent","Incongruent","Incongruent","Congruent",45.999671,46.199676,"6^",0.998689,"Correct","Correct","Correct","Correct"
"6",24,"7_8_stimuli","7_7","Congruent","Incongruent","Incongruent","Incongruent",47.999669,48.19967,"7&",0.678643,"Correct","Correct","Correct","Correct"
"6",25,"1_2_stimuli","1_2","Incongruent","Congruent","Incongruent","Incongruent",49.999646,50.199651,"2@",0.774718,"Correct","Correct","Correct","Correct"
"6",26,"3_4_stimuli","4_4","Congruent","Incongruent","Congruent","Incongruent",51.999639,52.19963,"4$",0.903023,"Correct","Correct","Correct","Correct"
"6",27,"5_6_stimuli","5_5","Congruent","Congruent","Incongruent","Congruent",53.999622,54.199622,"5%",0.93503,"Correct","Correct","Correct","Correct"
"6",28,"7_8_stimuli","8_7","Incongruent","Congruent","Congruent","Incongruent",55.999603,56.199596,"7&",0.646741,"Correct","Correct","Correct","Correct"
"6",29,"1_2_stimuli","1_2","Incongruent","Incongruent","Congruent","Congruent",57.999587,58.199596,"2@",0.599237,"Correct","Correct","Correct","Correct"
"6",30,"3_4_stimuli","3_3","Congruent","Incongruent","Incongruent","Congruent",59.99958,60.199579,"3#",0.759126,"Correct","Correct","Correct","Correct"
"6",31,"5_6_stimuli","6_5","Incongruent","Congruent","Incongruent","Incongruent",61.99956,62.199566,"5%",0.823045,"Correct","Correct","Correct","Correct"
"6",32,"7_8_stimuli","7_8","Incongruent","Incongruent","Congruent","Incongruent",63.999554,64.199555,"8*",0.630982,"Correct","Correct","Correct","Correct"
"6",33,"1_2_stimuli","1_1","Congruent","Incongruent","Incongruent","Congruent",65.999531,66.19953,"1!",0.63112,"Correct","Correct","Correct","Correct"
"6",34,"3_4_stimuli","3_4","Incongruent","Congruent","Incongruent","Incongruent",67.99952,68.199513,"4$",0.806891,"Correct","Correct","Correct","Correct"
"6",35,"5_6_stimuli","6_6","Congruent","Incongruent","Congruent","Incongruent",69.9995,70.199513,"6^",1.142873,"Correct","Correct","Correct","Correct"
"6",36,"7_8_stimuli","7_7","Congruent","Congruent","Incongruent","Congruent",71.999486,72.19949,"7&",0.471252,"Correct","Correct","Correct","Correct"
"6",37,"1_2_stimuli","1_1","Congruent","Congruent","Congruent","Incongruent",73.999473,74.199461,"1!",0.711275,"Correct","Correct","Correct","Correct"
"6",38,"3_4_stimuli","4_3","Incongruent","Congruent","Congruent","Congruent",75.999469,76.199459,"3#",0.727454,"Correct","Correct","Correct","Correct"
"6",39,"5_6_stimuli","5_6","Incongruent","Incongruent","Congruent","Congruent",77.999451,78.199448,"6^",0.839307,"Correct","Correct","Correct","Correct"
"6",40,"7_8_stimuli","8_8","Congruent","Incongruent","Incongruent","Congruent",79.999439,80.199429,"8*",0.855277,"Correct","Correct","Correct","Correct"
"6",41,"1_2_stimuli","2_2","Congruent","Congruent","Incongruent","Incongruent",81.999421,82.199417,"2@",0.647571,"Correct","Correct","Correct","Correct"
"6",42,"3_4_stimuli","3_4","Incongruent","Congruent","Congruent","Incongruent",83.999406,84.199404,"4$",0.838952,"Correct","Correct","Correct","Correct"
"6",43,"5_6_stimuli","6_6","Congruent","Incongruent","Congruent","Congruent",85.999391,86.19938,"6^",0.854919,"Correct","Correct","Correct","Correct"
"6",44,"7_8_stimuli","7_8","Incongruent","Congruent","Incongruent","Congruent",87.999378,88.199379,"8*",0.67947,"Correct","Correct","Correct","Correct"
"6",45,"1_2_stimuli","2_1","Incongruent","Incongruent","Congruent","Incongruent",89.999367,90.199369,"1!",0.679623,"Correct","Correct","Correct","Correct"
"6",46,"3_4_stimuli","4_3","Incongruent","Incongruent","Incongruent","Congruent",91.999351,92.199342,"3#",0.759429,"Correct","Correct","Correct","Correct"
"6",47,"5_6_stimuli","5_6","Incongruent","Incongruent","Incongruent","Incongruent",93.999333,94.199334,"6^",0.82361,"Correct","Correct","Correct","Correct"
"6",48,"7_8_stimuli","7_8","Incongruent","Incongruent","Incongruent","Incongruent",95.999331,96.199327,"8*",0.535508,"Correct","Correct","Correct","Correct"
"6",49,"1_2_stimuli","2_1","Incongruent","Incongruent","Incongruent","Incongruent",97.999315,98.199303,"1!",0.615654,"Correct","Correct","Correct","Correct"
"6",50,"3_4_stimuli","4_3","Incongruent","Incongruent","Incongruent","Incongruent",99.999288,100.199287,"3#",0.679878,"Correct","Correct","Correct","Correct"
"6",51,"5_6_stimuli","5_5","Congruent","Incongruent","Incongruent","Incongruent",101.999284,102.199282,"5%",0.807743,"Correct","Correct","Correct","Correct"
"6",52,"7_8_stimuli","8_7","Incongruent","Congruent","Incongruent","Incongruent",103.999279,104.199261,"7&",0.631144,"Correct","Correct","Correct","Correct"
"6",53,"1_2_stimuli","2_2","Congruent","Incongruent","Congruent","Incongruent",105.999241,106.199247,"2@",0.647745,"Correct","Correct","Correct","Correct"
"6",54,"3_4_stimuli","4_3","Incongruent","Congruent","Incongruent","Congruent",107.999229,108.199236,"3#",0.631568,"Correct","Correct","Correct","Correct"
"6",55,"5_6_stimuli","6_5","Incongruent","Incongruent","Congruent","Incongruent",109.999225,110.199223,"5%",0.711593,"Correct","Correct","Correct","Correct"
"6",56,"7_8_stimuli","7_8","Incongruent","Incongruent","Incongruent","Congruent",111.999203,112.199202,"8*",0.503695,"Correct","Correct","Correct","Correct"
"6",57,"1_2_stimuli","1_1","Congruent","Incongruent","Incongruent","Incongruent",113.999192,114.199187,"1!",0.471375,"Correct","Correct","Correct","Correct"
"6",58,"3_4_stimuli","3_3","Congruent","Congruent","Incongruent","Incongruent",115.999178,116.19918,"3#",0.679684,"Correct","Correct","Correct","Correct"
"6",59,"5_6_stimuli","6_6","Congruent","Congruent","Congruent","Incongruent",117.999158,118.199165,"6^",0.839226,"Correct","Correct","Correct","Correct"
"6",60,"7_8_stimuli","8_8","Congruent","Congruent","Congruent","Congruent",119.999144,120.199145,"8*",0.64718,"Correct","Correct","Correct","Correct"
"6",61,"1_2_stimuli","2_1","Incongruent","Congruent","Congruent","Congruent",121.999138,122.19913,"1!",0.631281,"Correct","Correct","Correct","Correct"
"6",62,"3_4_stimuli","4_4","Congruent","Incongruent","Congruent","Congruent",123.999124,124.199111,"4$",0.935671,"Correct","Correct","Correct","Correct"
"6",63,"5_6_stimuli","5_6","Incongruent","Congruent","Incongruent","Congruent",125.999108,126.19911,"6^",0.759319,"Correct","Correct","Correct","Correct"
"6",64,"7_8_stimuli","8_8","Congruent","Incongruent","Congruent","Incongruent",127.999091,128.199093,"8*",0.455305,"Correct","Correct","Correct","Correct"
"6",65,"1_2_stimuli","1_1","Congruent","Congruent","Incongruent","Congruent",129.999081,130.199074,"1!",0.631343,"Correct","Correct","Correct","Correct"
"6",66,"3_4_stimuli","3_3","Congruent","Congruent","Congruent","Incongruent",131.999061,132.199061,"3#",0.839604,"Correct","Correct","Correct","Correct"
"6",67,"5_6_stimuli","6_5","Incongruent","Congruent","Congruent","Congruent",133.999054,134.199052,"5%",1.239336,"Correct","Correct","Correct","Correct"
"6",68,"7_8_stimuli","8_7","Incongruent","Incongruent","Congruent","Congruent",135.999039,136.199033,"7&",0.903858,"Correct","Correct","Correct","Correct"
"7",1,"1_2_stimuli","2_2","Congruent",NA,NA,NA,1.999989,2.199981,"2@",0.634837,"Correct",NA,NA,NA
"7",2,"3_4_stimuli","4_4","Congruent","Congruent",NA,NA,3.999964,4.199969,"4$",1.211403,"Correct","Correct",NA,NA
"7",3,"5_6_stimuli","5_6","Incongruent","Congruent","Congruent",NA,5.999958,6.199963,"6^",0.938325,"Correct","Correct","Correct",NA
"7",4,"7_8_stimuli","8_8","Congruent","Incongruent","Congruent","Congruent",7.999942,8.199951,"8*",0.666745,"Correct","Correct","Correct","Correct"
"7",5,"1_2_stimuli","1_1","Congruent","Congruent","Incongruent","Congruent",9.999925,10.19993,"1!",0.474743,"Correct","Correct","Correct","Correct"
"7",6,"3_4_stimuli","4_3","Incongruent","Congruent","Congruent","Incongruent",11.999917,12.199913,"3#",1.242745,"Correct","Correct","Correct","Correct"
"7",7,"5_6_stimuli","6_6","Congruent","Incongruent","Congruent","Congruent",13.999904,14.199899,"7&",1.434311,"Error","Correct","Correct","Correct"
"7",8,"7_8_stimuli","8_8","Congruent","Congruent","Incongruent","Congruent",15.999892,16.199885,"8*",0.522795,"Correct","Error","Correct","Correct"
"7",9,"1_2_stimuli","2_2","Congruent","Congruent","Congruent","Incongruent",17.999883,18.199872,"2@",0.522941,"Correct","Correct","Error","Correct"
"7",10,"3_4_stimuli","4_4","Congruent","Congruent","Congruent","Congruent",19.999857,20.199857,"4$",0.794414,"Correct","Correct","Correct","Error"
"7",11,"5_6_stimuli","5_6","Incongruent","Congruent","Congruent","Congruent",21.999854,22.19984,"Omission",5000,"Omission","Correct","Correct","Correct"
"7",12,"7_8_stimuli","7_7","Congruent","Incongruent","Congruent","Congruent",23.999832,24.199821,"7&",0.762991,"Correct","Omission","Correct","Correct"
"7",13,"1_2_stimuli","2_1","Incongruent","Congruent","Incongruent","Congruent",25.999811,26.199809,"1!",0.66699,"Correct","Correct","Omission","Correct"
"7",14,"3_4_stimuli","4_4","Congruent","Incongruent","Congruent","Incongruent",27.999811,28.199799,"4$",1.083013,"Correct","Correct","Correct","Omission"
"7",15,"5_6_stimuli","5_6","Incongruent","Congruent","Incongruent","Congruent",29.999791,30.19979,"7&",1.067349,"Error","Correct","Correct","Correct"
"7",16,"7_8_stimuli","8_7","Incongruent","Incongruent","Congruent","Incongruent",31.999774,32.199774,"7&",0.44254,"Correct","Error","Correct","Correct"
"7",17,"1_2_stimuli","2_2","Congruent","Incongruent","Incongruent","Congruent",33.999765,34.199765,"2@",0.634912,"Correct","Correct","Error","Correct"
"7",18,"3_4_stimuli","3_4","Incongruent","Congruent","Incongruent","Incongruent",35.999742,36.199742,"4$",0.810496,"Correct","Correct","Correct","Error"
"7",19,"5_6_stimuli","5_6","Incongruent","Incongruent","Congruent","Incongruent",37.999735,38.19972,"6^",1.083172,"Correct","Correct","Correct","Correct"
"7",20,"7_8_stimuli","7_8","Incongruent","Incongruent","Incongruent","Congruent",39.999716,40.199721,"8*",0.522586,"Correct","Correct","Correct","Correct"
"7",21,"1_2_stimuli","1_1","Congruent","Incongruent","Incongruent","Incongruent",41.999702,42.199702,"1!",0.731082,"Correct","Correct","Correct","Correct"
"7",22,"3_4_stimuli","3_3","Congruent","Congruent","Incongruent","Incongruent",43.999693,44.199683,"3#",0.811039,"Correct","Correct","Correct","Correct"
"7",23,"5_6_stimuli","6_5","Incongruent","Congruent","Congruent","Incongruent",45.999671,46.199673,"5%",0.922944,"Correct","Correct","Correct","Correct"
"7",24,"7_8_stimuli","8_7","Incongruent","Incongruent","Congruent","Congruent",47.999668,48.199659,"7&",1.082893,"Correct","Correct","Correct","Correct"
"7",25,"1_2_stimuli","1_2","Incongruent","Incongruent","Incongruent","Congruent",49.999649,50.199641,"2@",0.810972,"Correct","Correct","Correct","Correct"
"7",26,"3_4_stimuli","4_4","Congruent","Incongruent","Incongruent","Incongruent",51.999636,52.199635,"4$",1.162667,"Correct","Correct","Correct","Correct"
"7",27,"5_6_stimuli","5_5","Congruent","Congruent","Incongruent","Incongruent",53.999613,54.199622,"5%",0.811138,"Correct","Correct","Correct","Correct"
"7",28,"7_8_stimuli","7_8","Incongruent","Congruent","Congruent","Incongruent",55.999605,56.199598,"7&",0.874717,"Error","Correct","Correct","Correct"
"7",29,"1_2_stimuli","2_1","Incongruent","Incongruent","Congruent","Congruent",57.99959,58.199594,"1!",1.194773,"Correct","Error","Correct","Correct"
"7",30,"3_4_stimuli","4_3","Incongruent","Incongruent","Incongruent","Congruent",59.99958,60.199575,"3#",0.906747,"Correct","Correct","Error","Correct"
"7",31,"5_6_stimuli","5_5","Congruent","Incongruent","Incongruent","Incongruent",61.999561,62.199549,"5%",0.82675,"Correct","Correct","Correct","Error"
"7",32,"7_8_stimuli","8_8","Congruent","Congruent","Incongruent","Incongruent",63.999555,64.199538,"8*",0.507203,"Correct","Correct","Correct","Correct"
"7",33,"1_2_stimuli","1_2","Incongruent","Congruent","Congruent","Incongruent",65.999534,66.199526,"2@",0.652254,"Correct","Correct","Correct","Correct"
"7",34,"3_4_stimuli","3_3","Congruent","Incongruent","Congruent","Congruent",67.999521,68.199518,"3#",0.699061,"Correct","Correct","Correct","Correct"
"7",35,"5_6_stimuli","5_5","Congruent","Congruent","Incongruent","Congruent",69.999507,70.199501,"5%",0.779129,"Correct","Correct","Correct","Correct"
"7",36,"7_8_stimuli","7_7","Congruent","Congruent","Congruent","Incongruent",71.999484,72.199483,"8*",0.683005,"Error","Correct","Correct","Correct"
"7",37,"1_2_stimuli","2_1","Incongruent","Congruent","Congruent","Congruent",73.999478,74.199476,"1!",1.483302,"Correct","Error","Correct","Correct"
"7",38,"3_4_stimuli","3_4","Incongruent","Incongruent","Congruent","Congruent",75.999457,76.199457,"4$",0.939345,"Correct","Correct","Error","Correct"
"7",39,"5_6_stimuli","6_5","Incongruent","Incongruent","Incongruent","Congruent",77.99944,78.199445,"5%",1.03488,"Correct","Correct","Correct","Error"
"7",40,"7_8_stimuli","8_7","Incongruent","Incongruent","Incongruent","Incongruent",79.999432,80.199426,"7&",0.971195,"Correct","Correct","Correct","Correct"
"7",41,"1_2_stimuli","2_1","Incongruent","Incongruent","Incongruent","Incongruent",81.999424,82.199417,"1!",0.763375,"Correct","Correct","Correct","Correct"
"7",42,"3_4_stimuli","3_4","Incongruent","Incongruent","Incongruent","Incongruent",83.999402,84.199401,"4$",1.162949,"Correct","Correct","Correct","Correct"
"7",43,"5_6_stimuli","5_6","Incongruent","Incongruent","Incongruent","Incongruent",85.999386,86.19939,"6^",1.067254,"Correct","Correct","Correct","Correct"
"7",44,"7_8_stimuli","7_7","Congruent","Incongruent","Incongruent","Incongruent",87.999371,88.199367,"7&",0.603538,"Correct","Correct","Correct","Correct"
"7",45,"1_2_stimuli","1_1","Congruent","Congruent","Incongruent","Incongruent",89.999352,90.199359,"1!",0.587488,"Correct","Correct","Correct","Correct"
"7",46,"3_4_stimuli","3_3","Congruent","Congruent","Congruent","Incongruent",91.999341,92.199342,"3#",0.699266,"Correct","Correct","Correct","Correct"
"7",47,"5_6_stimuli","6_6","Congruent","Congruent","Congruent","Congruent",93.999329,94.199325,"6^",1.147438,"Correct","Correct","Correct","Correct"
"7",48,"7_8_stimuli","7_7","Congruent","Congruent","Congruent","Congruent",95.999328,96.199311,"7&",0.698922,"Correct","Correct","Correct","Correct"
"7",49,"1_2_stimuli","2_2","Congruent","Congruent","Congruent","Congruent",97.999307,98.199302,"2@",0.635018,"Correct","Correct","Correct","Correct"
"7",50,"3_4_stimuli","4_3","Incongruent","Congruent","Congruent","Congruent",99.999289,100.199288,"3#",1.30773,"Correct","Correct","Correct","Correct"
"7",51,"5_6_stimuli","6_5","Incongruent","Incongruent","Congruent","Congruent",101.999271,102.199272,"5%",0.843743,"Correct","Correct","Correct","Correct"
"7",52,"7_8_stimuli","8_8","Congruent","Incongruent","Incongruent","Congruent",103.999259,104.199261,"8*",1.211517,"Correct","Correct","Correct","Correct"
"7",53,"1_2_stimuli","1_2","Incongruent","Congruent","Incongruent","Incongruent",105.999237,106.199244,"2@",0.68303,"Correct","Correct","Correct","Correct"
"7",54,"3_4_stimuli","3_4","Incongruent","Incongruent","Congruent","Incongruent",107.999234,108.199232,"Omission",5000,"Omission","Correct","Correct","Correct"
"7",55,"5_6_stimuli","5_5","Congruent","Incongruent","Incongruent","Congruent",109.999216,110.199217,"5%",1.003618,"Correct","Omission","Correct","Correct"
"7",56,"7_8_stimuli","7_8","Incongruent","Congruent","Incongruent","Incongruent",111.999199,112.199205,"8*",0.779849,"Correct","Correct","Omission","Correct"
"7",57,"1_2_stimuli","1_1","Congruent","Incongruent","Congruent","Incongruent",113.999189,114.199186,"1!",0.731172,"Correct","Correct","Correct","Omission"
"7",58,"3_4_stimuli","3_3","Congruent","Congruent","Incongruent","Congruent",115.999174,116.19918,"3#",0.891231,"Correct","Correct","Correct","Correct"
"7",59,"5_6_stimuli","6_6","Congruent","Congruent","Congruent","Incongruent",117.999163,118.199165,"6^",1.387559,"Correct","Correct","Correct","Correct"
"7",60,"7_8_stimuli","7_8","Incongruent","Congruent","Congruent","Congruent",119.999147,120.199137,"8*",1.483202,"Correct","Correct","Correct","Correct"
"7",61,"1_2_stimuli","2_2","Congruent","Incongruent","Congruent","Congruent",121.999134,122.199128,"2@",0.651835,"Correct","Correct","Correct","Correct"
"7",62,"3_4_stimuli","4_3","Incongruent","Congruent","Incongruent","Congruent",123.999116,124.199119,"3#",1.179849,"Correct","Correct","Correct","Correct"
"7",63,"5_6_stimuli","6_6","Congruent","Incongruent","Congruent","Incongruent",125.9991,126.199099,"6^",1.179321,"Correct","Correct","Correct","Correct"
"7",64,"7_8_stimuli","8_7","Incongruent","Congruent","Incongruent","Congruent",127.999091,128.199087,"7&",0.779209,"Correct","Correct","Correct","Correct"
"7",65,"1_2_stimuli","1_2","Incongruent","Incongruent","Congruent","Incongruent",129.999069,130.199077,"2@",0.699494,"Correct","Correct","Correct","Correct"
"7",66,"3_4_stimuli","4_4","Congruent","Incongruent","Incongruent","Congruent",131.999065,132.199061,"4$",1.483906,"Correct","Correct","Correct","Correct"
"7",67,"5_6_stimuli","6_5","Incongruent","Congruent","Incongruent","Incongruent",133.999044,134.199041,"5%",1.003243,"Correct","Correct","Correct","Correct"
"7",68,"7_8_stimuli","8_8","Congruent","Incongruent","Congruent","Incongruent",135.999034,136.199029,"8*",0.699258,"Correct","Correct","Correct","Correct"
"8",1,"1_2_stimuli","1_2","Incongruent",NA,NA,NA,1.999988,2.199991,"1!",0.653511,"Error",NA,NA,NA
"8",2,"3_4_stimuli","4_4","Congruent","Incongruent",NA,NA,3.999967,4.199973,"4$",0.925579,"Correct","Error",NA,NA
"8",3,"5_6_stimuli","6_5","Incongruent","Congruent","Incongruent",NA,5.999961,6.199956,"5%",0.957659,"Correct","Correct","Error",NA
"8",4,"7_8_stimuli","8_8","Congruent","Incongruent","Congruent","Incongruent",7.999946,8.199944,"8*",0.813672,"Correct","Correct","Correct","Error"
"8",5,"1_2_stimuli","2_1","Incongruent","Congruent","Incongruent","Congruent",9.999932,10.199933,"1!",0.974177,"Correct","Correct","Correct","Correct"
"8",6,"3_4_stimuli","3_3","Congruent","Incongruent","Congruent","Incongruent",11.999914,12.199922,"3#",1.278038,"Correct","Correct","Correct","Correct"
"8",7,"5_6_stimuli","5_6","Incongruent","Congruent","Incongruent","Congruent",13.999909,14.199895,"6^",0.813728,"Correct","Correct","Correct","Correct"
"8",8,"7_8_stimuli","8_8","Congruent","Incongruent","Congruent","Incongruent",15.999883,16.199894,"8*",0.590151,"Correct","Correct","Correct","Correct"
"8",9,"1_2_stimuli","2_2","Congruent","Congruent","Incongruent","Congruent",17.999883,18.199872,"2@",0.669738,"Correct","Correct","Correct","Correct"
"8",10,"3_4_stimuli","4_4","Congruent","Congruent","Congruent","Incongruent",19.999854,20.19985,"4$",1.022423,"Correct","Correct","Correct","Correct"
"8",11,"5_6_stimuli","6_5","Incongruent","Congruent","Congruent","Congruent",21.999851,22.199853,"5%",0.493777,"Correct","Correct","Correct","Correct"
"8",12,"7_8_stimuli","8_7","Incongruent","Incongruent","Congruent","Congruent",23.999829,24.199832,"7&",0.830385,"Correct","Correct","Correct","Correct"
"8",13,"1_2_stimuli","1_2","Incongruent","Incongruent","Incongruent","Congruent",25.999822,26.199816,"2@",0.638218,"Correct","Correct","Correct","Correct"
"8",14,"3_4_stimuli","4_4","Congruent","Incongruent","Incongruent","Incongruent",27.999808,28.199798,"4$",0.782067,"Correct","Correct","Correct","Correct"
"8",15,"5_6_stimuli","6_6","Congruent","Congruent","Incongruent","Incongruent",29.999794,30.199787,"6^",0.893752,"Correct","Correct","Correct","Correct"
"8",16,"7_8_stimuli","7_7","Congruent","Congruent","Congruent","Incongruent",31.999779,32.199777,"7&",0.557847,"Correct","Correct","Correct","Correct"
"8",17,"1_2_stimuli","2_1","Incongruent","Congruent","Congruent","Congruent",33.999767,34.199759,"1!",0.766502,"Correct","Correct","Correct","Correct"
"8",18,"3_4_stimuli","4_4","Congruent","Incongruent","Congruent","Congruent",35.999756,36.19975,"4$",0.910549,"Correct","Correct","Correct","Correct"
"8",19,"5_6_stimuli","5_5","Congruent","Congruent","Incongruent","Congruent",37.999735,38.199728,"5%",0.702473,"Correct","Correct","Correct","Correct"
"8",20,"7_8_stimuli","8_7","Incongruent","Congruent","Congruent","Incongruent",39.999717,40.199714,"7&",0.845979,"Correct","Correct","Correct","Correct"
"8",21,"1_2_stimuli","1_1","Congruent","Incongruent","Congruent","Congruent",41.99971,42.1997,"1!",0.686441,"Correct","Correct","Correct","Correct"
"8",22,"3_4_stimuli","3_4","Incongruent","Congruent","Incongruent","Congruent",43.999696,44.199686,"4$",0.957965,"Correct","Correct","Correct","Correct"
"8",23,"5_6_stimuli","6_6","Congruent","Incongruent","Congruent","Incongruent",45.99968,46.199679,"Omission",5000,"Omission","Correct","Correct","Correct"
"8",24,"7_8_stimuli","7_8","Incongruent","Congruent","Incongruent","Congruent",47.999656,48.199657,"8*",0.70199,"Correct","Omission","Correct","Correct"
"8",25,"1_2_stimuli","1_2","Incongruent","Incongruent","Congruent","Incongruent",49.999658,50.199642,"2@",0.654422,"Correct","Correct","Omission","Correct"
"8",26,"3_4_stimuli","4_4","Congruent","Incongruent","Incongruent","Congruent",51.999634,52.199636,"4$",0.782235,"Correct","Correct","Correct","Omission"
"8",27,"5_6_stimuli","5_6","Incongruent","Congruent","Incongruent","Incongruent",53.999635,54.199613,"6^",1.214456,"Correct","Correct","Correct","Correct"
"8",28,"7_8_stimuli","8_7","Incongruent","Incongruent","Congruent","Incongruent",55.999602,56.199596,"7&",0.638353,"Correct","Correct","Correct","Correct"
"8",29,"1_2_stimuli","1_1","Congruent","Incongruent","Incongruent","Congruent",57.999599,58.199598,"1!",0.638033,"Correct","Correct","Correct","Correct"
"8",30,"3_4_stimuli","4_3","Incongruent","Congruent","Incongruent","Incongruent",59.999587,60.199574,"2@",0.670252,"Error","Correct","Correct","Correct"
"8",31,"5_6_stimuli","6_5","Incongruent","Incongruent","Congruent","Incongruent",61.999563,62.199557,"5%",0.89406,"Correct","Error","Correct","Correct"
"8",32,"7_8_stimuli","8_8","Congruent","Incongruent","Incongruent","Congruent",63.999545,64.199543,"8*",1.230943,"Correct","Correct","Error","Correct"
"8",33,"1_2_stimuli","1_2","Incongruent","Congruent","Incongruent","Incongruent",65.999536,66.199532,"2@",1.022788,"Correct","Correct","Correct","Error"
"8",34,"3_4_stimuli","4_3","Incongruent","Incongruent","Congruent","Incongruent",67.999528,68.199514,"3#",0.7983,"Correct","Correct","Correct","Correct"
"8",35,"5_6_stimuli","6_5","Incongruent","Incongruent","Incongruent","Congruent",69.9995,70.199498,"5%",0.83083,"Correct","Correct","Correct","Correct"
"8",36,"7_8_stimuli","7_7","Congruent","Incongruent","Incongruent","Incongruent",71.999493,72.19949,"7&",1.038164,"Correct","Correct","Correct","Correct"
"8",37,"1_2_stimuli","2_2","Congruent","Congruent","Incongruent","Incongruent",73.999485,74.199478,"Omission",5000,"Omission","Correct","Correct","Correct"
"8",38,"3_4_stimuli","3_4","Incongruent","Congruent","Congruent","Incongruent",75.999468,76.199459,"4$",0.734648,"Correct","Omission","Correct","Correct"
"8",39,"5_6_stimuli","5_5","Congruent","Incongruent","Congruent","Congruent",77.999446,78.199453,"4$",1.470336,"Error","Correct","Omission","Correct"
"8",40,"7_8_stimuli","8_8","Congruent","Congruent","Incongruent","Congruent",79.999431,80.199438,"8*",0.590844,"Correct","Error","Correct","Omission"
"8",41,"1_2_stimuli","2_2","Congruent","Congruent","Congruent","Incongruent",81.999429,82.19942,"2@",0.814203,"Correct","Correct","Error","Correct"
"8",42,"3_4_stimuli","3_3","Congruent","Congruent","Congruent","Congruent",83.999399,84.199407,"3#",1.02285,"Correct","Correct","Correct","Error"
"8",43,"5_6_stimuli","6_6","Congruent","Congruent","Congruent","Congruent",85.999395,86.199399,"6^",1.166754,"Correct","Correct","Correct","Correct"
"8",44,"7_8_stimuli","8_7","Incongruent","Congruent","Congruent","Congruent",87.999376,88.199378,"7&",0.68629,"Correct","Correct","Correct","Correct"
"8",45,"1_2_stimuli","1_2","Incongruent","Incongruent","Congruent","Congruent",89.999364,90.199359,"2@",0.766318,"Correct","Correct","Correct","Correct"
"8",46,"3_4_stimuli","4_3","Incongruent","Incongruent","Incongruent","Congruent",91.99935,92.199353,"3#",1.150242,"Correct","Correct","Correct","Correct"
"8",47,"5_6_stimuli","6_5","Incongruent","Incongruent","Incongruent","Incongruent",93.999334,94.199326,"5%",1.198307,"Correct","Correct","Correct","Correct"
"8",48,"7_8_stimuli","7_8","Incongruent","Incongruent","Incongruent","Incongruent",95.999321,96.199322,"8*",0.638748,"Correct","Correct","Correct","Correct"
"8",49,"1_2_stimuli","1_1","Congruent","Incongruent","Incongruent","Incongruent",97.999306,98.199302,"1!",0.894756,"Correct","Correct","Correct","Correct"
"8",50,"3_4_stimuli","3_3","Congruent","Congruent","Incongruent","Incongruent",99.99929,100.199291,"3#",0.750447,"Correct","Correct","Correct","Correct"
"8",51,"5_6_stimuli","5_5","Congruent","Congruent","Congruent","Incongruent",101.999276,102.199276,"5%",0.542908,"Correct","Correct","Correct","Correct"
"8",52,"7_8_stimuli","7_7","Congruent","Congruent","Congruent","Congruent",103.999261,104.199262,"7&",0.702359,"Correct","Correct","Correct","Correct"
"8",53,"1_2_stimuli","1_1","Congruent","Congruent","Congruent","Congruent",105.999253,106.199249,"1!",0.751976,"Correct","Correct","Correct","Correct"
"8",54,"3_4_stimuli","4_3","Incongruent","Congruent","Congruent","Congruent",107.999233,108.199234,"3#",0.959086,"Correct","Correct","Correct","Correct"
"8",55,"5_6_stimuli","5_6","Incongruent","Incongruent","Congruent","Congruent",109.999217,110.199218,"5%",1.055124,"Error","Correct","Correct","Correct"
"8",56,"7_8_stimuli","7_8","Incongruent","Incongruent","Incongruent","Congruent",111.999203,112.199206,"8*",1.022406,"Correct","Error","Correct","Correct"
"8",57,"1_2_stimuli","2_1","Incongruent","Incongruent","Incongruent","Incongruent",113.999189,114.199196,"1!",0.718513,"Correct","Correct","Error","Correct"
"8",58,"3_4_stimuli","3_4","Incongruent","Incongruent","Incongruent","Incongruent",115.999175,116.199174,"4$",0.942546,"Correct","Correct","Correct","Error"
"8",59,"5_6_stimuli","6_6","Congruent","Incongruent","Incongruent","Incongruent",117.999163,118.19916,"Omission",5000,"Omission","Correct","Correct","Correct"
"8",60,"7_8_stimuli","7_7","Congruent","Congruent","Incongruent","Incongruent",119.999151,120.199148,"7&",0.606548,"Correct","Omission","Correct","Correct"
"8",61,"1_2_stimuli","2_1","Incongruent","Congruent","Congruent","Incongruent",121.999131,122.19913,"1!",0.719063,"Correct","Correct","Omission","Correct"
"8",62,"3_4_stimuli","3_4","Incongruent","Incongruent","Congruent","Congruent",123.99912,124.199119,"4$",0.911076,"Correct","Correct","Correct","Omission"
"8",63,"5_6_stimuli","5_5","Congruent","Incongruent","Incongruent","Congruent",125.999106,126.199109,"5%",0.798836,"Correct","Correct","Correct","Correct"
"8",64,"7_8_stimuli","7_8","Incongruent","Congruent","Incongruent","Incongruent",127.9991,128.199097,"8*",0.639362,"Correct","Correct","Correct","Correct"
"8",65,"1_2_stimuli","2_2","Congruent","Incongruent","Congruent","Incongruent",129.999087,130.19908,"2@",0.799119,"Correct","Correct","Correct","Correct"
"8",66,"3_4_stimuli","3_3","Congruent","Congruent","Incongruent","Congruent",131.999068,132.199068,"3#",0.894982,"Correct","Correct","Correct","Correct"
"8",67,"5_6_stimuli","5_6","Incongruent","Congruent","Congruent","Incongruent",133.999054,134.199049,"6^",1.455067,"Correct","Correct","Correct","Correct"
"8",68,"7_8_stimuli","8_8","Congruent","Incongruent","Congruent","Congruent",135.999037,136.199033,"8*",0.559117,"Correct","Correct","Correct","Correct"
"9",1,"1_2_stimuli","2_1","Incongruent",NA,NA,NA,1.999973,2.199977,"1!",1.158931,"Correct",NA,NA,NA
"9",2,"3_4_stimuli","4_3","Incongruent","Incongruent",NA,NA,3.999972,4.199969,"3#",1.335411,"Correct","Correct",NA,NA
"9",3,"5_6_stimuli","6_5","Incongruent","Incongruent","Incongruent",NA,5.999955,6.199952,"5%",1.079344,"Correct","Correct","Correct",NA
"9",4,"7_8_stimuli","8_8","Congruent","Incongruent","Incongruent","Incongruent",7.999937,8.199936,"8*",0.631412,"Correct","Correct","Correct","Correct"
"9",5,"1_2_stimuli","2_1","Incongruent","Congruent","Incongruent","Incongruent",9.999921,10.199925,"1!",0.807446,"Correct","Correct","Correct","Correct"
"9",6,"3_4_stimuli","4_4","Congruent","Incongruent","Congruent","Incongruent",11.99991,12.199907,"4$",0.935028,"Correct","Correct","Correct","Correct"
"9",7,"5_6_stimuli","6_6","Congruent","Congruent","Incongruent","Congruent",13.999897,14.199894,"6^",0.871559,"Correct","Correct","Correct","Correct"
"9",8,"7_8_stimuli","7_8","Incongruent","Congruent","Congruent","Incongruent",15.999885,16.199883,"8*",0.679505,"Correct","Correct","Correct","Correct"
"9",9,"1_2_stimuli","1_2","Incongruent","Incongruent","Congruent","Congruent",17.999871,18.199863,"2@",0.615446,"Correct","Correct","Correct","Correct"
"9",10,"3_4_stimuli","4_4","Congruent","Incongruent","Incongruent","Congruent",19.999845,20.199853,"4$",0.855516,"Correct","Correct","Correct","Correct"
"9",11,"5_6_stimuli","6_6","Congruent","Congruent","Incongruent","Incongruent",21.999843,22.199846,"6^",1.271274,"Correct","Correct","Correct","Correct"
"9",12,"7_8_stimuli","7_7","Congruent","Congruent","Congruent","Incongruent",23.99983,24.199821,"7&",0.359698,"Correct","Correct","Correct","Correct"
"9",13,"1_2_stimuli","1_2","Incongruent","Congruent","Congruent","Congruent",25.99981,26.199821,"2@",0.711121,"Correct","Correct","Correct","Correct"
"9",14,"3_4_stimuli","3_3","Congruent","Incongruent","Congruent","Congruent",27.99979,28.199789,"3#",0.439166,"Correct","Correct","Correct","Correct"
"9",15,"5_6_stimuli","5_6","Incongruent","Congruent","Incongruent","Congruent",29.999776,30.199784,"6^",0.90308,"Correct","Correct","Correct","Correct"
"9",16,"7_8_stimuli","8_8","Congruent","Incongruent","Congruent","Incongruent",31.999778,32.199771,"8*",0.695668,"Correct","Correct","Correct","Correct"
"9",17,"1_2_stimuli","2_1","Incongruent","Congruent","Incongruent","Congruent",33.999751,34.199755,"1!",0.759484,"Correct","Correct","Correct","Correct"
"9",18,"3_4_stimuli","3_4","Incongruent","Incongruent","Congruent","Incongruent",35.99974,36.19974,"4$",0.759204,"Correct","Correct","Correct","Correct"
"9",19,"5_6_stimuli","5_5","Congruent","Incongruent","Incongruent","Congruent",37.999731,38.199724,"5%",0.743353,"Correct","Correct","Correct","Correct"
"9",20,"7_8_stimuli","7_8","Incongruent","Congruent","Incongruent","Incongruent",39.99972,40.199712,"8*",0.647363,"Correct","Correct","Correct","Correct"
"9",21,"1_2_stimuli","2_1","Incongruent","Incongruent","Congruent","Incongruent",41.999698,42.19969,"1!",0.999874,"Correct","Correct","Correct","Correct"
"9",22,"3_4_stimuli","4_3","Incongruent","Incongruent","Incongruent","Congruent",43.999682,44.19968,"3#",0.951272,"Correct","Correct","Correct","Correct"
"9",23,"5_6_stimuli","5_5","Congruent","Incongruent","Incongruent","Incongruent",45.999671,46.199669,"5%",0.839308,"Correct","Correct","Correct","Correct"
"9",24,"7_8_stimuli","7_7","Congruent","Congruent","Incongruent","Incongruent",47.999654,48.19966,"7&",0.680187,"Correct","Correct","Correct","Correct"
"9",25,"1_2_stimuli","1_1","Congruent","Congruent","Congruent","Incongruent",49.999645,50.199636,"1!",0.679243,"Correct","Correct","Correct","Correct"
"9",26,"3_4_stimuli","3_3","Congruent","Congruent","Congruent","Congruent",51.999632,52.199624,"3#",0.807314,"Correct","Correct","Correct","Correct"
"9",27,"5_6_stimuli","6_6","Congruent","Congruent","Congruent","Congruent",53.999614,54.199604,"5%",0.983361,"Error","Correct","Correct","Correct"
"9",28,"7_8_stimuli","8_7","Incongruent","Congruent","Congruent","Congruent",55.999599,56.199598,"7&",0.759744,"Correct","Error","Correct","Correct"
"9",29,"1_2_stimuli","1_1","Congruent","Incongruent","Congruent","Congruent",57.999591,58.199588,"1!",0.567958,"Correct","Correct","Error","Correct"
"9",30,"3_4_stimuli","4_4","Congruent","Congruent","Incongruent","Congruent",59.999579,60.199571,"4$",0.871917,"Correct","Correct","Correct","Error"
"9",31,"5_6_stimuli","6_5","Incongruent","Congruent","Congruent","Incongruent",61.999567,62.199555,"5%",0.487642,"Correct","Correct","Correct","Correct"
"9",32,"7_8_stimuli","8_8","Congruent","Incongruent","Congruent","Congruent",63.999552,64.199542,"8*",1.143828,"Correct","Correct","Correct","Correct"
"9",33,"1_2_stimuli","1_1","Congruent","Congruent","Incongruent","Congruent",65.999522,66.199536,"1!",0.823901,"Correct","Correct","Correct","Correct"
"9",34,"3_4_stimuli","3_3","Congruent","Congruent","Congruent","Incongruent",67.999509,68.199509,"3#",0.679879,"Correct","Correct","Correct","Correct"
"9",35,"5_6_stimuli","6_5","Incongruent","Congruent","Congruent","Congruent",69.999497,70.199498,"5%",0.935626,"Correct","Correct","Correct","Correct"
"9",36,"7_8_stimuli","8_7","Incongruent","Incongruent","Congruent","Congruent",71.999486,72.199482,"7&",0.695455,"Correct","Correct","Correct","Correct"
"9",37,"1_2_stimuli","1_2","Incongruent","Incongruent","Incongruent","Congruent",73.999469,74.199465,"2@",1.479841,"Correct","Correct","Correct","Correct"
"9",38,"3_4_stimuli","4_3","Incongruent","Incongruent","Incongruent","Incongruent",75.99946,76.199462,"3#",0.759934,"Correct","Correct","Correct","Correct"
"9",39,"5_6_stimuli","5_6","Incongruent","Incongruent","Incongruent","Incongruent",77.999443,78.199435,"6^",1.288104,"Correct","Correct","Correct","Correct"
"9",40,"7_8_stimuli","7_8","Incongruent","Incongruent","Incongruent","Incongruent",79.99942,80.199438,"8*",0.807553,"Correct","Correct","Correct","Correct"
"9",41,"1_2_stimuli","1_1","Congruent","Incongruent","Incongruent","Incongruent",81.999413,82.199415,"1!",0.663536,"Correct","Correct","Correct","Correct"
"9",42,"3_4_stimuli","3_3","Congruent","Congruent","Incongruent","Incongruent",83.999401,84.199408,"3#",0.839619,"Correct","Correct","Correct","Correct"
"9",43,"5_6_stimuli","5_5","Congruent","Congruent","Congruent","Incongruent",85.999398,86.199388,"5%",0.983605,"Correct","Correct","Correct","Correct"
"9",44,"7_8_stimuli","7_7","Congruent","Congruent","Congruent","Congruent",87.999373,88.199364,"7&",0.680366,"Correct","Correct","Correct","Correct"
"9",45,"1_2_stimuli","2_2","Congruent","Congruent","Congruent","Congruent",89.99936,90.19935,"2@",0.888362,"Correct","Correct","Correct","Correct"
"9",46,"3_4_stimuli","3_4","Incongruent","Congruent","Congruent","Congruent",91.999354,92.199349,"4$",1.128119,"Correct","Correct","Correct","Correct"
"9",47,"5_6_stimuli","5_6","Incongruent","Incongruent","Congruent","Congruent",93.999339,94.199328,"6^",1.031652,"Correct","Correct","Correct","Correct"
"9",48,"7_8_stimuli","8_8","Congruent","Incongruent","Incongruent","Congruent",95.999312,96.199316,"8*",0.584133,"Correct","Correct","Correct","Correct"
"9",49,"1_2_stimuli","2_2","Congruent","Congruent","Incongruent","Incongruent",97.999309,98.199298,"2@",0.775754,"Correct","Correct","Correct","Correct"
"9",50,"3_4_stimuli","4_3","Incongruent","Congruent","Congruent","Incongruent",99.999282,100.199288,"3#",0.695838,"Correct","Correct","Correct","Correct"
"9",51,"5_6_stimuli","5_5","Congruent","Incongruent","Congruent","Congruent",101.999266,102.199273,"5%",0.487736,"Correct","Correct","Correct","Correct"
"9",52,"7_8_stimuli","7_8","Incongruent","Congruent","Incongruent","Congruent",103.999253,104.199258,"8*",0.552311,"Correct","Correct","Correct","Correct"
"9",53,"1_2_stimuli","2_2","Congruent","Incongruent","Congruent","Incongruent",105.999236,106.199242,"2@",0.712495,"Correct","Correct","Correct","Correct"
"9",54,"3_4_stimuli","4_3","Incongruent","Congruent","Incongruent","Congruent",107.999224,108.199224,"3#",1.016191,"Correct","Correct","Correct","Correct"
"9",55,"5_6_stimuli","6_5","Incongruent","Incongruent","Congruent","Incongruent",109.999221,110.19921,"5%",0.728424,"Correct","Correct","Correct","Correct"
"9",56,"7_8_stimuli","8_7","Incongruent","Incongruent","Incongruent","Congruent",111.999195,112.199199,"7&",0.904194,"Correct","Correct","Correct","Correct"
"9",57,"1_2_stimuli","1_2","Incongruent","Incongruent","Incongruent","Incongruent",113.999182,114.199188,"2@",0.615838,"Correct","Correct","Correct","Correct"
"9",58,"3_4_stimuli","4_4","Congruent","Incongruent","Incongruent","Incongruent",115.999174,116.199171,"4$",1.112466,"Correct","Correct","Correct","Correct"
"9",59,"5_6_stimuli","6_5","Incongruent","Congruent","Incongruent","Incongruent",117.999155,118.199161,"5%",0.552483,"Correct","Correct","Correct","Correct"
"9",60,"7_8_stimuli","8_7","Incongruent","Incongruent","Congruent","Incongruent",119.999148,120.19914,"7&",0.711765,"Correct","Correct","Correct","Correct"
"9",61,"1_2_stimuli","2_2","Congruent","Incongruent","Incongruent","Congruent",121.999124,122.199128,"2@",0.568528,"Correct","Correct","Correct","Correct"
"9",62,"3_4_stimuli","3_4","Incongruent","Congruent","Incongruent","Incongruent",123.999117,124.199114,"4$",1.063903,"Correct","Correct","Correct","Correct"
"9",63,"5_6_stimuli","6_6","Congruent","Incongruent","Congruent","Incongruent",125.999101,126.199104,"6^",0.888263,"Correct","Correct","Correct","Correct"
"9",64,"7_8_stimuli","7_7","Congruent","Congruent","Incongruent","Congruent",127.999091,128.199089,"7&",0.69594,"Correct","Correct","Correct","Correct"
"9",65,"1_2_stimuli","2_1","Incongruent","Congruent","Congruent","Incongruent",129.999077,130.199074,"1!",0.792428,"Correct","Correct","Correct","Correct"
"9",66,"3_4_stimuli","3_4","Incongruent","Incongruent","Congruent","Congruent",131.999059,132.19906,"4$",0.872732,"Correct","Correct","Correct","Correct"
"9",67,"5_6_stimuli","5_6","Incongruent","Incongruent","Incongruent","Congruent",133.999045,134.199052,"6^",0.808246,"Correct","Correct","Correct","Correct"
"9",68,"7_8_stimuli","8_8","Congruent","Incongruent","Incongruent","Incongruent",135.999038,136.199038,"8*",0.616409,"Correct","Correct","Correct","Correct"
"10",1,"1_2_stimuli","2_2","Congruent",NA,NA,NA,1.999986,2.199992,"2@",0.66104,"Correct",NA,NA,NA
"10",2,"3_4_stimuli","3_3","Congruent","Congruent",NA,NA,3.999974,4.199977,"3#",0.756698,"Correct","Correct",NA,NA
"10",3,"5_6_stimuli","6_5","Incongruent","Congruent","Congruent",NA,5.999955,6.199954,"5%",0.916458,"Correct","Correct","Correct",NA
"10",4,"7_8_stimuli","8_8","Congruent","Incongruent","Congruent","Congruent",7.999951,8.199954,"8*",0.564355,"Correct","Correct","Correct","Correct"
"10",5,"1_2_stimuli","1_1","Congruent","Congruent","Incongruent","Congruent",9.999934,10.199931,"1!",0.46864,"Correct","Correct","Correct","Correct"
"10",6,"3_4_stimuli","4_4","Congruent","Congruent","Congruent","Incongruent",11.999912,12.199921,"4$",0.885031,"Correct","Correct","Correct","Correct"
"10",7,"5_6_stimuli","6_6","Congruent","Congruent","Congruent","Congruent",13.999899,14.199901,"6^",0.996389,"Correct","Correct","Correct","Correct"
"10",8,"7_8_stimuli","7_7","Congruent","Congruent","Congruent","Congruent",15.999884,16.199885,"7&",0.500881,"Correct","Correct","Correct","Correct"
"10",9,"1_2_stimuli","1_2","Incongruent","Congruent","Congruent","Congruent",17.999881,18.19988,"2@",0.580828,"Correct","Correct","Correct","Correct"
"10",10,"3_4_stimuli","4_3","Incongruent","Incongruent","Congruent","Congruent",19.999861,20.199857,"3#",0.900927,"Correct","Correct","Correct","Correct"
"10",11,"5_6_stimuli","6_5","Incongruent","Incongruent","Incongruent","Congruent",21.999847,22.199853,"5%",0.901122,"Correct","Correct","Correct","Correct"
"10",12,"7_8_stimuli","8_8","Congruent","Incongruent","Incongruent","Incongruent",23.999828,24.199826,"8*",0.612794,"Correct","Correct","Correct","Correct"
"10",13,"1_2_stimuli","1_2","Incongruent","Congruent","Incongruent","Incongruent",25.999828,26.199819,"2@",0.564829,"Correct","Correct","Correct","Correct"
"10",14,"3_4_stimuli","3_4","Incongruent","Incongruent","Congruent","Incongruent",27.999802,28.199797,"4$",0.772525,"Correct","Correct","Correct","Correct"
"10",15,"5_6_stimuli","6_6","Congruent","Incongruent","Incongruent","Congruent",29.999792,30.19979,"6^",0.837009,"Correct","Correct","Correct","Correct"
"10",16,"7_8_stimuli","8_8","Congruent","Congruent","Incongruent","Incongruent",31.99978,32.19977,"8*",0.484548,"Correct","Correct","Correct","Correct"
"10",17,"1_2_stimuli","1_2","Incongruent","Congruent","Congruent","Incongruent",33.999764,34.199758,"2@",0.692953,"Correct","Correct","Correct","Correct"
"10",18,"3_4_stimuli","4_4","Congruent","Incongruent","Congruent","Congruent",35.999755,36.199743,"4$",0.676837,"Correct","Correct","Correct","Correct"
"10",19,"5_6_stimuli","6_5","Incongruent","Congruent","Incongruent","Congruent",37.999729,38.199722,"5%",0.820565,"Correct","Correct","Correct","Correct"
"10",20,"7_8_stimuli","7_8","Incongruent","Incongruent","Congruent","Incongruent",39.999728,40.199722,"8*",0.59653,"Correct","Correct","Correct","Correct"
"10",21,"1_2_stimuli","1_1","Congruent","Incongruent","Incongruent","Congruent",41.999708,42.199701,"1!",0.517228,"Correct","Correct","Correct","Correct"
"10",22,"3_4_stimuli","3_3","Congruent","Congruent","Incongruent","Incongruent",43.999695,44.199699,"3#",0.820558,"Correct","Correct","Correct","Correct"
"10",23,"5_6_stimuli","5_6","Incongruent","Congruent","Congruent","Incongruent",45.999675,46.199683,"5%",0.725086,"Error","Correct","Correct","Correct"
"10",24,"7_8_stimuli","7_7","Congruent","Incongruent","Congruent","Congruent",47.999659,48.19967,"7&",0.709159,"Correct","Error","Correct","Correct"
"10",25,"1_2_stimuli","2_1","Incongruent","Congruent","Incongruent","Congruent",49.999645,50.199652,"1!",0.612752,"Correct","Correct","Error","Correct"
"10",26,"3_4_stimuli","3_3","Congruent","Incongruent","Congruent","Incongruent",51.999634,52.199631,"3#",0.901409,"Correct","Correct","Correct","Error"
"10",27,"5_6_stimuli","5_5","Congruent","Congruent","Incongruent","Congruent",53.999614,54.199621,"5%",1.045147,"Correct","Correct","Correct","Correct"
"10",28,"7_8_stimuli","7_8","Incongruent","Congruent","Congruent","Incongruent",55.999615,56.199611,"8*",0.612911,"Correct","Correct","Correct","Correct"
"10",29,"1_2_stimuli","2_2","Congruent","Incongruent","Congruent","Congruent",57.999589,58.199594,"2@",0.868672,"Correct","Correct","Correct","Correct"
"10",30,"3_4_stimuli","4_3","Incongruent","Congruent","Incongruent","Congruent",59.999578,60.199583,"3#",0.83758,"Correct","Correct","Correct","Correct"
"10",31,"5_6_stimuli","6_5","Incongruent","Incongruent","Congruent","Incongruent",61.999556,62.199566,"5%",1.429466,"Correct","Correct","Correct","Correct"
"10",32,"7_8_stimuli","8_8","Congruent","Incongruent","Incongruent","Congruent",63.999542,64.199548,"8*",0.548863,"Correct","Correct","Correct","Correct"
"10",33,"1_2_stimuli","2_2","Congruent","Congruent","Incongruent","Incongruent",65.999536,66.199534,"2@",0.645033,"Correct","Correct","Correct","Correct"
"10",34,"3_4_stimuli","4_3","Incongruent","Congruent","Congruent","Incongruent",67.999517,68.199518,"3#",0.789283,"Correct","Correct","Correct","Correct"
"10",35,"5_6_stimuli","5_5","Congruent","Incongruent","Congruent","Congruent",69.999502,70.199499,"5%",1.204827,"Correct","Correct","Correct","Correct"
"10",36,"7_8_stimuli","8_7","Incongruent","Congruent","Incongruent","Congruent",71.999503,72.199486,"7&",0.724863,"Correct","Correct","Correct","Correct"
"10",37,"1_2_stimuli","2_1","Incongruent","Incongruent","Congruent","Incongruent",73.999473,74.199477,"1!",0.676874,"Correct","Correct","Correct","Correct"
"10",38,"3_4_stimuli","4_3","Incongruent","Incongruent","Incongruent","Congruent",75.999469,76.199462,"3#",0.788898,"Correct","Correct","Correct","Correct"
"10",39,"5_6_stimuli","5_5","Congruent","Incongruent","Incongruent","Incongruent",77.999452,78.199446,"5%",0.805365,"Correct","Correct","Correct","Correct"
"10",40,"7_8_stimuli","8_7","Incongruent","Congruent","Incongruent","Incongruent",79.999433,80.199435,"7&",0.724945,"Correct","Correct","Correct","Correct"
"10",41,"1_2_stimuli","2_2","Congruent","Incongruent","Congruent","Incongruent",81.999425,82.199419,"2@",0.709378,"Correct","Correct","Correct","Correct"
"10",42,"3_4_stimuli","4_4","Congruent","Congruent","Incongruent","Congruent",83.999404,84.199409,"4$",1.237453,"Correct","Correct","Correct","Correct"
"10",43,"5_6_stimuli","6_6","Congruent","Congruent","Congruent","Incongruent",85.999397,86.199391,"6^",1.381504,"Correct","Correct","Correct","Correct"
"10",44,"7_8_stimuli","7_8","Incongruent","Congruent","Congruent","Congruent",87.999388,88.199377,"8*",1.173611,"Correct","Correct","Correct","Correct"
"10",45,"1_2_stimuli","1_2","Incongruent","Incongruent","Congruent","Congruent",89.999364,90.199367,"2@",0.59703,"Correct","Correct","Correct","Correct"
"10",46,"3_4_stimuli","3_3","Congruent","Incongruent","Incongruent","Congruent",91.999351,92.199348,"3#",0.70967,"Correct","Correct","Correct","Correct"
"10",47,"5_6_stimuli","6_6","Congruent","Congruent","Incongruent","Incongruent",93.999333,94.199327,"5%",0.965725,"Error","Correct","Correct","Correct"
"10",48,"7_8_stimuli","8_8","Congruent","Congruent","Congruent","Incongruent",95.999321,96.199312,"8*",0.501545,"Correct","Error","Correct","Correct"
"10",49,"1_2_stimuli","1_1","Congruent","Congruent","Congruent","Congruent",97.999302,98.199304,"1!",0.661475,"Correct","Correct","Error","Correct"
"10",50,"3_4_stimuli","3_4","Incongruent","Congruent","Congruent","Congruent",99.999291,100.199292,"Omission",5000,"Omission","Correct","Correct","Error"
"10",51,"5_6_stimuli","5_6","Incongruent","Incongruent","Congruent","Congruent",101.999273,102.199272,"6^",1.029547,"Correct","Omission","Correct","Correct"
"10",52,"7_8_stimuli","8_7","Incongruent","Incongruent","Incongruent","Congruent",103.999264,104.19926,"7&",0.709743,"Correct","Correct","Omission","Correct"
"10",53,"1_2_stimuli","2_2","Congruent","Incongruent","Incongruent","Incongruent",105.999249,106.199248,"2@",0.613059,"Correct","Correct","Correct","Omission"
"10",54,"3_4_stimuli","3_4","Incongruent","Congruent","Incongruent","Incongruent",107.999231,108.199231,"4$",0.74116,"Correct","Correct","Correct","Correct"
"10",55,"5_6_stimuli","5_5","Congruent","Incongruent","Congruent","Incongruent",109.999216,110.199214,"5%",0.805504,"Correct","Correct","Correct","Correct"
"10",56,"7_8_stimuli","7_7","Congruent","Congruent","Incongruent","Congruent",111.999207,112.19921,"8*",0.709934,"Error","Correct","Correct","Correct"
"10",57,"1_2_stimuli","1_1","Congruent","Congruent","Congruent","Incongruent",113.999197,114.199194,"1!",0.597831,"Correct","Error","Correct","Correct"
"10",58,"3_4_stimuli","3_3","Congruent","Congruent","Congruent","Congruent",115.999178,116.199177,"3#",1.125883,"Correct","Correct","Error","Correct"
"10",59,"5_6_stimuli","6_5","Incongruent","Congruent","Congruent","Congruent",117.999162,118.199163,"5%",0.901238,"Correct","Correct","Correct","Error"
"10",60,"7_8_stimuli","7_8","Incongruent","Incongruent","Congruent","Congruent",119.999151,120.199147,"8*",0.757232,"Correct","Correct","Correct","Correct"
"10",61,"1_2_stimuli","2_1","Incongruent","Incongruent","Incongruent","Congruent",121.99913,122.199132,"1!",0.885293,"Correct","Correct","Correct","Correct"
"10",62,"3_4_stimuli","3_4","Incongruent","Incongruent","Incongruent","Incongruent",123.99912,124.199118,"4$",0.837277,"Correct","Correct","Correct","Correct"
"10",63,"5_6_stimuli","5_6","Incongruent","Incongruent","Incongruent","Incongruent",125.999105,126.199105,"6^",1.349287,"Correct","Correct","Correct","Correct"
"10",64,"7_8_stimuli","8_7","Incongruent","Incongruent","Incongruent","Incongruent",127.999091,128.19909,"7&",0.614039,"Correct","Correct","Correct","Correct"
"10",65,"1_2_stimuli","2_1","Incongruent","Incongruent","Incongruent","Incongruent",129.999091,130.199083,"1!",0.757308,"Correct","Correct","Correct","Correct"
"10",66,"3_4_stimuli","4_4","Congruent","Incongruent","Incongruent","Incongruent",131.999068,132.199062,"4$",0.965347,"Correct","Correct","Correct","Correct"
"10",67,"5_6_stimuli","5_6","Incongruent","Congruent","Incongruent","Incongruent",133.999043,134.199052,"6^",0.869344,"Correct","Correct","Correct","Correct"
"10",68,"7_8_stimuli","7_7","Congruent","Incongruent","Congruent","Incongruent",135.999016,136.199036,"7&",0.693895,"Correct","Correct","Correct","Correct"
"11",1,"1_2_stimuli","1_2","Incongruent",NA,NA,NA,1.999979,2.199981,"2@",0.614136,"Correct",NA,NA,NA
"11",2,"3_4_stimuli","3_4","Incongruent","Incongruent",NA,NA,3.999971,4.199973,"4$",0.918341,"Correct","Correct",NA,NA
"11",3,"5_6_stimuli","5_6","Incongruent","Incongruent","Incongruent",NA,5.999956,6.199966,"6^",0.821735,"Correct","Correct","Correct",NA
"11",4,"7_8_stimuli","7_8","Incongruent","Incongruent","Incongruent","Incongruent",7.999947,8.19994,"8*",0.51805,"Correct","Correct","Correct","Correct"
"11",5,"1_2_stimuli","1_2","Incongruent","Incongruent","Incongruent","Incongruent",9.999945,10.199947,"2@",0.565671,"Correct","Correct","Correct","Correct"
"11",6,"3_4_stimuli","3_3","Congruent","Incongruent","Incongruent","Incongruent",11.999918,12.199917,"3#",0.8543,"Correct","Correct","Correct","Correct"
"11",7,"5_6_stimuli","5_6","Incongruent","Congruent","Incongruent","Incongruent",13.999907,14.199897,"6^",0.853783,"Correct","Correct","Correct","Correct"
"11",8,"7_8_stimuli","7_8","Incongruent","Incongruent","Congruent","Incongruent",15.999878,16.199884,"8*",0.710021,"Correct","Correct","Correct","Correct"
"11",9,"1_2_stimuli","1_1","Congruent","Incongruent","Incongruent","Congruent",17.999868,18.199872,"1!",0.454354,"Correct","Correct","Correct","Correct"
"11",10,"3_4_stimuli","3_3","Congruent","Congruent","Incongruent","Incongruent",19.999859,20.199863,"3#",0.741861,"Correct","Correct","Correct","Correct"
"11",11,"5_6_stimuli","6_5","Incongruent","Congruent","Congruent","Incongruent",21.999836,22.199843,"5%",0.565866,"Correct","Correct","Correct","Correct"
"11",12,"7_8_stimuli","8_8","Congruent","Incongruent","Congruent","Congruent",23.999829,24.199838,"8*",0.56635,"Correct","Correct","Correct","Correct"
"11",13,"1_2_stimuli","1_2","Incongruent","Congruent","Incongruent","Congruent",25.999816,26.199811,"2@",0.774464,"Correct","Correct","Correct","Correct"
"11",14,"3_4_stimuli","4_3","Incongruent","Incongruent","Congruent","Incongruent",27.999797,28.199794,"3#",0.854205,"Correct","Correct","Correct","Correct"
"11",15,"5_6_stimuli","5_6","Incongruent","Incongruent","Incongruent","Congruent",29.999788,30.199789,"6^",1.109929,"Correct","Correct","Correct","Correct"
"11",16,"7_8_stimuli","7_7","Congruent","Incongruent","Incongruent","Incongruent",31.999775,32.199768,"7&",0.470615,"Correct","Correct","Correct","Correct"
"11",17,"1_2_stimuli","2_1","Incongruent","Congruent","Incongruent","Incongruent",33.999763,34.199751,"1!",0.661918,"Correct","Correct","Correct","Correct"
"11",18,"3_4_stimuli","4_4","Congruent","Incongruent","Congruent","Incongruent",35.999742,36.19975,"4$",0.74188,"Correct","Correct","Correct","Correct"
"11",19,"5_6_stimuli","6_5","Incongruent","Congruent","Incongruent","Congruent",37.99973,38.199731,"5%",0.454265,"Correct","Correct","Correct","Correct"
"11",20,"7_8_stimuli","7_7","Congruent","Incongruent","Congruent","Incongruent",39.999721,40.199709,"7&",0.934632,"Correct","Correct","Correct","Correct"
"11",21,"1_2_stimuli","2_2","Congruent","Congruent","Incongruent","Congruent",41.9997,42.199697,"2@",0.534376,"Correct","Correct","Correct","Correct"
"11",22,"3_4_stimuli","4_3","Incongruent","Congruent","Congruent","Incongruent",43.999692,44.199687,"3#",0.454194,"Correct","Correct","Correct","Correct"
"11",23,"5_6_stimuli","5_6","Incongruent","Incongruent","Congruent","Congruent",45.99967,46.199681,"6^",1.318367,"Correct","Correct","Correct","Correct"
"11",24,"7_8_stimuli","7_7","Congruent","Incongruent","Incongruent","Congruent",47.99965,48.199654,"7&",0.693983,"Correct","Correct","Correct","Correct"
"11",25,"1_2_stimuli","2_2","Congruent","Congruent","Incongruent","Incongruent",49.99965,50.199641,"2@",0.662504,"Correct","Correct","Correct","Correct"
"11",26,"3_4_stimuli","4_4","Congruent","Congruent","Congruent","Incongruent",51.999627,52.199634,"4$",1.07864,"Correct","Correct","Correct","Correct"
"11",27,"5_6_stimuli","5_6","Incongruent","Congruent","Congruent","Congruent",53.99962,54.199612,"6^",0.902617,"Correct","Correct","Correct","Correct"
"11",28,"7_8_stimuli","7_8","Incongruent","Incongruent","Congruent","Congruent",55.999601,56.199611,"8*",0.774804,"Correct","Correct","Correct","Correct"
"11",29,"1_2_stimuli","2_1","Incongruent","Incongruent","Incongruent","Congruent",57.999584,58.199579,"1!",0.806561,"Correct","Correct","Correct","Correct"
"11",30,"3_4_stimuli","3_4","Incongruent","Incongruent","Incongruent","Incongruent",59.999568,60.199573,"4$",0.774612,"Correct","Correct","Correct","Correct"
"11",31,"5_6_stimuli","6_6","Congruent","Incongruent","Incongruent","Incongruent",61.999558,62.199561,"6^",0.822762,"Correct","Correct","Correct","Correct"
"11",32,"7_8_stimuli","8_7","Incongruent","Congruent","Incongruent","Incongruent",63.99955,64.199549,"7&",0.518169,"Correct","Correct","Correct","Correct"
"11",33,"1_2_stimuli","1_1","Congruent","Incongruent","Congruent","Incongruent",65.999539,66.199536,"1!",0.630538,"Correct","Correct","Correct","Correct"
"11",34,"3_4_stimuli","4_4","Congruent","Congruent","Incongruent","Congruent",67.999513,68.199518,"4$",0.678284,"Correct","Correct","Correct","Correct"
"11",35,"5_6_stimuli","5_5","Congruent","Congruent","Congruent","Incongruent",69.999504,70.199507,"5%",0.790207,"Correct","Correct","Correct","Correct"
"11",36,"7_8_stimuli","8_8","Congruent","Congruent","Congruent","Congruent",71.999494,72.199484,"8*",0.662235,"Correct","Correct","Correct","Correct"
"11",37,"1_2_stimuli","2_1","Incongruent","Congruent","Congruent","Congruent",73.999483,74.199494,"1!",0.630181,"Correct","Correct","Correct","Correct"
"11",38,"3_4_stimuli","3_4","Incongruent","Incongruent","Congruent","Congruent",75.999455,76.199463,"4$",0.743224,"Correct","Correct","Correct","Correct"
"11",39,"5_6_stimuli","6_6","Congruent","Incongruent","Incongruent","Congruent",77.999442,78.199443,"6^",0.678231,"Correct","Correct","Correct","Correct"
"11",40,"7_8_stimuli","8_8","Congruent","Congruent","Incongruent","Incongruent",79.999434,80.199426,"8*",0.518314,"Correct","Correct","Correct","Correct"
"11",41,"1_2_stimuli","1_2","Incongruent","Congruent","Congruent","Incongruent",81.999418,82.199422,"2@",0.598314,"Correct","Correct","Correct","Correct"
"11",42,"3_4_stimuli","3_3","Congruent","Incongruent","Congruent","Congruent",83.999403,84.199401,"3#",0.75885,"Correct","Correct","Correct","Correct"
"11",43,"5_6_stimuli","5_5","Congruent","Congruent","Incongruent","Congruent",85.99938,86.199386,"5%",0.870337,"Correct","Correct","Correct","Correct"
"11",44,"7_8_stimuli","8_7","Incongruent","Congruent","Congruent","Incongruent",87.999375,88.199373,"7&",0.743199,"Correct","Correct","Correct","Correct"
"11",45,"1_2_stimuli","1_1","Congruent","Incongruent","Congruent","Congruent",89.999361,90.199355,"1!",0.582639,"Correct","Correct","Correct","Correct"
"11",46,"3_4_stimuli","4_3","Incongruent","Congruent","Incongruent","Congruent",91.999351,92.199344,"3#",1.19098,"Correct","Correct","Correct","Correct"
"11",47,"5_6_stimuli","5_5","Congruent","Incongruent","Congruent","Incongruent",93.999328,94.199327,"5%",0.822397,"Correct","Correct","Correct","Correct"
"11",48,"7_8_stimuli","8_7","Incongruent","Congruent","Incongruent","Congruent",95.999312,96.199316,"7&",0.64677,"Correct","Correct","Correct","Correct"
"11",49,"1_2_stimuli","1_2","Incongruent","Incongruent","Congruent","Incongruent",97.999301,98.199299,"2@",0.59896,"Correct","Correct","Correct","Correct"
"11",50,"3_4_stimuli","3_3","Congruent","Incongruent","Incongruent","Congruent",99.999286,100.199288,"3#",1.046904,"Correct","Correct","Correct","Correct"
"11",51,"5_6_stimuli","6_6","Congruent","Congruent","Incongruent","Incongruent",101.999272,102.199281,"6^",0.950952,"Correct","Correct","Correct","Correct"
"11",52,"7_8_stimuli","8_8","Congruent","Congruent","Congruent","Incongruent",103.99926,104.199261,"8*",0.566951,"Correct","Correct","Correct","Correct"
"11",53,"1_2_stimuli","2_2","Congruent","Congruent","Congruent","Congruent",105.999245,106.19924,"2@",0.598723,"Correct","Correct","Correct","Correct"
"11",54,"3_4_stimuli","3_4","Incongruent","Congruent","Congruent","Congruent",107.999232,108.199231,"4$",0.742931,"Correct","Correct","Correct","Correct"
"11",55,"5_6_stimuli","5_5","Congruent","Incongruent","Congruent","Congruent",109.999213,110.199214,"5%",0.630691,"Correct","Correct","Correct","Correct"
"11",56,"7_8_stimuli","7_7","Congruent","Congruent","Incongruent","Congruent",111.999198,112.199207,"7&",0.839068,"Correct","Correct","Correct","Correct"
"11",57,"1_2_stimuli","2_2","Congruent","Congruent","Congruent","Incongruent",113.99918,114.199196,"2@",0.775024,"Correct","Correct","Correct","Correct"
"11",58,"3_4_stimuli","4_4","Congruent","Congruent","Congruent","Congruent",115.999178,116.199176,"4$",0.630916,"Correct","Correct","Correct","Correct"
"11",59,"5_6_stimuli","6_6","Congruent","Congruent","Congruent","Congruent",117.999158,118.199153,"6^",0.935064,"Correct","Correct","Correct","Correct"
"11",60,"7_8_stimuli","8_7","Incongruent","Congruent","Congruent","Congruent",119.999144,120.199147,"7&",0.662626,"Correct","Correct","Correct","Correct"
"11",61,"1_2_stimuli","2_1","Incongruent","Incongruent","Congruent","Congruent",121.999134,122.199125,"1!",0.966543,"Correct","Correct","Correct","Correct"
"11",62,"3_4_stimuli","4_3","Incongruent","Incongruent","Incongruent","Congruent",123.999119,124.19912,"3#",0.85464,"Correct","Correct","Correct","Correct"
"11",63,"5_6_stimuli","6_5","Incongruent","Incongruent","Incongruent","Incongruent",125.999101,126.199107,"5%",1.095039,"Correct","Correct","Correct","Correct"
"11",64,"7_8_stimuli","7_8","Incongruent","Incongruent","Incongruent","Incongruent",127.999092,128.199091,"8*",0.710583,"Correct","Correct","Correct","Correct"
"11",65,"1_2_stimuli","1_1","Congruent","Incongruent","Incongruent","Incongruent",129.999078,130.199075,"1!",0.583348,"Correct","Correct","Correct","Correct"
"11",66,"3_4_stimuli","3_4","Incongruent","Congruent","Incongruent","Incongruent",131.999064,132.199057,"4$",0.902703,"Correct","Correct","Correct","Correct"
"11",67,"5_6_stimuli","6_5","Incongruent","Incongruent","Congruent","Incongruent",133.999045,134.19905,"5%",0.679104,"Correct","Correct","Correct","Correct"
"11",68,"7_8_stimuli","7_8","Incongruent","Incongruent","Incongruent","Congruent",135.999031,136.199032,"8*",0.726744,"Correct","Correct","Correct","Correct"
"12",1,"1_2_stimuli","2_2","Congruent",NA,NA,NA,1.999981,2.199989,"2@",0.678827,"Correct",NA,NA,NA
"12",2,"3_4_stimuli","3_4","Incongruent","Congruent",NA,NA,3.999965,4.199967,"4$",0.823366,"Correct","Correct",NA,NA
"12",3,"5_6_stimuli","6_6","Congruent","Incongruent","Congruent",NA,5.999962,6.199955,"6^",1.030858,"Correct","Correct","Correct",NA
"12",4,"7_8_stimuli","7_7","Congruent","Congruent","Incongruent","Congruent",7.999944,8.199938,"7&",0.838989,"Correct","Correct","Correct","Correct"
"12",5,"1_2_stimuli","2_2","Congruent","Congruent","Congruent","Incongruent",9.999927,10.199929,"2@",0.519458,"Correct","Correct","Correct","Correct"
"12",6,"3_4_stimuli","4_3","Incongruent","Congruent","Congruent","Congruent",11.999918,12.199911,"3#",0.77544,"Correct","Correct","Correct","Correct"
"12",7,"5_6_stimuli","5_6","Incongruent","Incongruent","Congruent","Congruent",13.9999,14.199894,"6^",0.983619,"Correct","Correct","Correct","Correct"
"12",8,"7_8_stimuli","8_8","Congruent","Incongruent","Incongruent","Congruent",15.999883,16.19988,"8*",0.567193,"Correct","Correct","Correct","Correct"
"12",9,"1_2_stimuli","2_1","Incongruent","Congruent","Incongruent","Incongruent",17.999874,18.19987,"1!",0.743522,"Correct","Correct","Correct","Correct"
"12",10,"3_4_stimuli","3_3","Congruent","Incongruent","Congruent","Incongruent",19.999859,20.199862,"3#",0.919497,"Correct","Correct","Correct","Correct"
"12",11,"5_6_stimuli","5_5","Congruent","Congruent","Incongruent","Congruent",21.999848,22.199847,"5%",0.615102,"Correct","Correct","Correct","Correct"
"12",12,"7_8_stimuli","7_8","Incongruent","Congruent","Congruent","Incongruent",23.999822,24.199827,"8*",0.551176,"Correct","Correct","Correct","Correct"
"12",13,"1_2_stimuli","2_2","Congruent","Incongruent","Congruent","Congruent",25.99982,26.199806,"2@",0.53553,"Correct","Correct","Correct","Correct"
"12",14,"3_4_stimuli","4_3","Incongruent","Congruent","Incongruent","Congruent",27.999809,28.199804,"3#",0.727429,"Correct","Correct","Correct","Correct"
"12",15,"5_6_stimuli","5_6","Incongruent","Incongruent","Congruent","Incongruent",29.999786,30.199788,"6^",1.079443,"Correct","Correct","Correct","Correct"
"12",16,"7_8_stimuli","7_8","Incongruent","Incongruent","Incongruent","Congruent",31.999777,32.199766,"8*",0.535815,"Correct","Correct","Correct","Correct"
"12",17,"1_2_stimuli","1_1","Congruent","Incongruent","Incongruent","Incongruent",33.999767,34.199754,"1!",0.711111,"Correct","Correct","Correct","Correct"
"12",18,"3_4_stimuli","4_4","Congruent","Congruent","Incongruent","Incongruent",35.999742,36.199739,"4$",0.679179,"Correct","Correct","Correct","Correct"
"12",19,"5_6_stimuli","5_6","Incongruent","Congruent","Congruent","Incongruent",37.999728,38.19973,"6^",0.82322,"Correct","Correct","Correct","Correct"
"12",20,"7_8_stimuli","7_8","Incongruent","Incongruent","Congruent","Congruent",39.999712,40.199711,"8*",0.503371,"Correct","Correct","Correct","Correct"
"12",21,"1_2_stimuli","1_2","Incongruent","Incongruent","Incongruent","Congruent",41.999701,42.1997,"2@",0.535167,"Correct","Correct","Correct","Correct"
"12",22,"3_4_stimuli","3_4","Incongruent","Incongruent","Incongruent","Incongruent",43.999689,44.199693,"4$",0.743599,"Correct","Correct","Correct","Correct"
"12",23,"5_6_stimuli","6_5","Incongruent","Incongruent","Incongruent","Incongruent",45.999673,46.199679,"5%",0.711404,"Correct","Correct","Correct","Correct"
"12",24,"7_8_stimuli","7_7","Congruent","Incongruent","Incongruent","Incongruent",47.999663,48.199656,"7&",0.95122,"Correct","Correct","Correct","Correct"
"12",25,"1_2_stimuli","2_2","Congruent","Congruent","Incongruent","Incongruent",49.999646,50.199642,"2@",0.519842,"Correct","Correct","Correct","Correct"
"12",26,"3_4_stimuli","4_4","Congruent","Congruent","Congruent","Incongruent",51.999638,52.19963,"4$",0.999901,"Correct","Correct","Correct","Correct"
"12",27,"5_6_stimuli","6_5","Incongruent","Congruent","Congruent","Congruent",53.999619,54.199616,"5%",0.519652,"Correct","Correct","Correct","Correct"
"12",28,"7_8_stimuli","7_7","Congruent","Incongruent","Congruent","Congruent",55.99961,56.199603,"7&",0.711368,"Correct","Correct","Correct","Correct"
"12",29,"1_2_stimuli","1_1","Congruent","Congruent","Incongruent","Congruent",57.999596,58.199593,"1!",0.615353,"Correct","Correct","Correct","Correct"
"12",30,"3_4_stimuli","4_3","Incongruent","Congruent","Congruent","Incongruent",59.999573,60.19957,"3#",0.51976,"Correct","Correct","Correct","Correct"
"12",31,"5_6_stimuli","6_6","Congruent","Incongruent","Congruent","Congruent",61.999565,62.199557,"6^",0.551949,"Correct","Correct","Correct","Correct"
"12",32,"7_8_stimuli","8_7","Incongruent","Congruent","Incongruent","Congruent",63.999554,64.199544,"7&",0.728051,"Correct","Correct","Correct","Correct"
"12",33,"1_2_stimuli","2_2","Congruent","Incongruent","Congruent","Incongruent",65.999524,66.199531,"2@",0.551916,"Correct","Correct","Correct","Correct"
"12",34,"3_4_stimuli","3_3","Congruent","Congruent","Incongruent","Congruent",67.99952,68.199513,"3#",0.936099,"Correct","Correct","Correct","Correct"
"12",35,"5_6_stimuli","5_5","Congruent","Congruent","Congruent","Incongruent",69.999498,70.199496,"5%",0.67948,"Correct","Correct","Correct","Correct"
"12",36,"7_8_stimuli","8_7","Incongruent","Congruent","Congruent","Congruent",71.999491,72.199492,"7&",0.87141,"Correct","Correct","Correct","Correct"
"12",37,"1_2_stimuli","1_2","Incongruent","Incongruent","Congruent","Congruent",73.999472,74.199469,"2@",0.551982,"Correct","Correct","Correct","Correct"
"12",38,"3_4_stimuli","4_4","Congruent","Incongruent","Incongruent","Congruent",75.999463,76.199462,"4$",0.903942,"Correct","Correct","Correct","Correct"
"12",39,"5_6_stimuli","6_6","Congruent","Congruent","Incongruent","Incongruent",77.999439,78.199439,"6^",1.22405,"Correct","Correct","Correct","Correct"
"12",40,"7_8_stimuli","8_8","Congruent","Congruent","Congruent","Incongruent",79.999436,80.199428,"8*",0.680023,"Correct","Correct","Correct","Correct"
"12",41,"1_2_stimuli","1_1","Congruent","Congruent","Congruent","Congruent",81.999414,82.199421,"1!",0.791576,"Correct","Correct","Correct","Correct"
"12",42,"3_4_stimuli","3_3","Congruent","Congruent","Congruent","Congruent",83.999405,84.199401,"3#",0.823974,"Correct","Correct","Correct","Correct"
"12",43,"5_6_stimuli","6_6","Congruent","Congruent","Congruent","Congruent",85.999387,86.199392,"6^",0.871972,"Correct","Correct","Correct","Correct"
"12",44,"7_8_stimuli","7_7","Congruent","Congruent","Congruent","Congruent",87.999372,88.199373,"7&",0.343608,"Correct","Correct","Correct","Correct"
"12",45,"1_2_stimuli","2_1","Incongruent","Congruent","Congruent","Congruent",89.999363,90.19936,"1!",0.631526,"Correct","Correct","Correct","Correct"
"12",46,"3_4_stimuli","3_3","Congruent","Incongruent","Congruent","Congruent",91.99935,92.199352,"3#",0.807747,"Correct","Correct","Correct","Correct"
"12",47,"5_6_stimuli","6_5","Incongruent","Congruent","Incongruent","Congruent",93.999326,94.199335,"5%",0.984099,"Correct","Correct","Correct","Correct"
"12",48,"7_8_stimuli","7_8","Incongruent","Incongruent","Congruent","Incongruent",95.99932,96.199316,"8*",0.695986,"Correct","Correct","Correct","Correct"
"12",49,"1_2_stimuli","1_1","Congruent","Incongruent","Incongruent","Congruent",97.999307,98.1993,"1!",0.727576,"Correct","Correct","Correct","Correct"
"12",50,"3_4_stimuli","3_4","Incongruent","Congruent","Incongruent","Incongruent",99.999294,100.199284,"4$",0.696198,"Correct","Correct","Correct","Correct"
"12",51,"5_6_stimuli","5_5","Congruent","Incongruent","Congruent","Incongruent",101.999269,102.199273,"5%",0.504177,"Correct","Correct","Correct","Correct"
"12",52,"7_8_stimuli","8_8","Congruent","Congruent","Incongruent","Congruent",103.999257,104.199259,"8*",0.567722,"Correct","Correct","Correct","Correct"
"12",53,"1_2_stimuli","1_2","Incongruent","Congruent","Congruent","Incongruent",105.999242,106.199246,"2@",0.584026,"Correct","Correct","Correct","Correct"
"12",54,"3_4_stimuli","4_3","Incongruent","Incongruent","Congruent","Congruent",107.999235,108.199228,"3#",0.695869,"Correct","Correct","Correct","Correct"
"12",55,"5_6_stimuli","5_6","Incongruent","Incongruent","Incongruent","Congruent",109.999213,110.19922,"6^",0.855805,"Correct","Correct","Correct","Correct"
"12",56,"7_8_stimuli","8_7","Incongruent","Incongruent","Incongruent","Incongruent",111.999205,112.199202,"7&",0.551835,"Correct","Correct","Correct","Correct"
"12",57,"1_2_stimuli","1_2","Incongruent","Incongruent","Incongruent","Incongruent",113.999197,114.199193,"2@",0.583772,"Correct","Correct","Correct","Correct"
"12",58,"3_4_stimuli","4_4","Congruent","Incongruent","Incongruent","Incongruent",115.999175,116.199169,"4$",0.839936,"Correct","Correct","Correct","Correct"
"12",59,"5_6_stimuli","6_5","Incongruent","Congruent","Incongruent","Incongruent",117.999187,118.199161,"5%",0.712259,"Correct","Correct","Correct","Correct"
"12",60,"7_8_stimuli","7_7","Congruent","Incongruent","Congruent","Incongruent",119.999149,120.199146,"7&",0.85583,"Correct","Correct","Correct","Correct"
"12",61,"1_2_stimuli","2_1","Incongruent","Congruent","Incongruent","Congruent",121.999128,122.199131,"1!",0.712518,"Correct","Correct","Correct","Correct"
"12",62,"3_4_stimuli","3_4","Incongruent","Incongruent","Congruent","Incongruent",123.999122,124.199116,"4$",0.66456,"Correct","Correct","Correct","Correct"
"12",63,"5_6_stimuli","5_5","Congruent","Incongruent","Incongruent","Congruent",125.999098,126.199102,"5%",0.583914,"Correct","Correct","Correct","Correct"
"12",64,"7_8_stimuli","8_7","Incongruent","Congruent","Incongruent","Incongruent",127.999091,128.19909,"7&",0.423865,"Correct","Correct","Correct","Correct"
"12",65,"1_2_stimuli","2_1","Incongruent","Incongruent","Congruent","Incongruent",129.999073,130.199066,"1!",0.759889,"Correct","Correct","Correct","Correct"
"12",66,"3_4_stimuli","3_4","Incongruent","Incongruent","Incongruent","Congruent",131.99906,132.199067,"4$",0.728326,"Correct","Correct","Correct","Correct"
"12",67,"5_6_stimuli","6_6","Congruent","Incongruent","Incongruent","Incongruent",133.999044,134.199047,"6^",0.680314,"Correct","Correct","Correct","Correct"
"12",68,"7_8_stimuli","8_8","Congruent","Congruent","Incongruent","Incongruent",135.999038,136.19903,"8*",0.48851,"Correct","Correct","Correct","Correct"
"13",1,"1_2_stimuli","2_2","Congruent",NA,NA,NA,1.999988,2.199975,"2@",0.723868,"Correct",NA,NA,NA
"13",2,"3_4_stimuli","3_4","Incongruent","Congruent",NA,NA,3.999966,4.199973,"4$",1.091674,"Correct","Correct",NA,NA
"13",3,"5_6_stimuli","6_5","Incongruent","Incongruent","Congruent",NA,5.999956,6.199948,"5%",0.691644,"Correct","Correct","Correct",NA
"13",4,"7_8_stimuli","8_7","Incongruent","Incongruent","Incongruent","Congruent",7.999943,8.199933,"7&",0.596424,"Correct","Correct","Correct","Correct"
"13",5,"1_2_stimuli","2_2","Congruent","Incongruent","Incongruent","Incongruent",9.999935,10.199923,"2@",0.56408,"Correct","Correct","Correct","Correct"
"13",6,"3_4_stimuli","4_3","Incongruent","Congruent","Incongruent","Incongruent",11.999914,12.199911,"3#",0.91606,"Correct","Correct","Correct","Correct"
"13",7,"5_6_stimuli","5_5","Congruent","Incongruent","Congruent","Incongruent",13.999901,14.199898,"5%",0.644181,"Correct","Correct","Correct","Correct"
"13",8,"7_8_stimuli","8_7","Incongruent","Congruent","Incongruent","Congruent",15.999881,16.199892,"7&",0.659678,"Correct","Correct","Correct","Correct"
"13",9,"1_2_stimuli","2_1","Incongruent","Incongruent","Congruent","Incongruent",17.999871,18.199873,"1!",0.676282,"Correct","Correct","Correct","Correct"
"13",10,"3_4_stimuli","4_4","Congruent","Incongruent","Incongruent","Congruent",19.999854,20.199857,"4$",0.62888,"Correct","Correct","Correct","Correct"
"13",11,"5_6_stimuli","5_6","Incongruent","Congruent","Incongruent","Incongruent",21.999841,22.199848,"6^",0.70779,"Correct","Correct","Correct","Correct"
"13",12,"7_8_stimuli","7_8","Incongruent","Incongruent","Congruent","Incongruent",23.999825,24.19982,"8*",0.403807,"Correct","Correct","Correct","Correct"
"13",13,"1_2_stimuli","2_1","Incongruent","Incongruent","Incongruent","Congruent",25.999804,26.199804,"1!",0.58026,"Correct","Correct","Correct","Correct"
"13",14,"3_4_stimuli","3_3","Congruent","Incongruent","Incongruent","Incongruent",27.999796,28.199795,"3#",0.931901,"Correct","Correct","Correct","Correct"
"13",15,"5_6_stimuli","6_6","Congruent","Congruent","Incongruent","Incongruent",29.999785,30.199791,"5%",1.028383,"Error","Correct","Correct","Correct"
"13",16,"7_8_stimuli","8_7","Incongruent","Congruent","Congruent","Incongruent",31.999773,32.199774,"7&",0.979899,"Correct","Error","Correct","Correct"
"13",17,"1_2_stimuli","2_1","Incongruent","Incongruent","Congruent","Congruent",33.999771,34.199763,"1!",0.628254,"Correct","Correct","Error","Correct"
"13",18,"3_4_stimuli","4_3","Incongruent","Incongruent","Incongruent","Congruent",35.999745,36.199746,"3#",0.980346,"Correct","Correct","Correct","Error"
"13",19,"5_6_stimuli","5_6","Incongruent","Incongruent","Incongruent","Incongruent",37.999733,38.199731,"6^",1.459933,"Correct","Correct","Correct","Correct"
"13",20,"7_8_stimuli","8_7","Incongruent","Incongruent","Incongruent","Incongruent",39.999713,40.19971,"7&",0.484437,"Correct","Correct","Correct","Correct"
"13",21,"1_2_stimuli","1_2","Incongruent","Incongruent","Incongruent","Incongruent",41.999706,42.199707,"2@",0.580558,"Correct","Correct","Correct","Correct"
"13",22,"3_4_stimuli","3_4","Incongruent","Incongruent","Incongruent","Incongruent",43.999681,44.199681,"4$",1.188461,"Correct","Correct","Correct","Correct"
"13",23,"5_6_stimuli","5_5","Congruent","Incongruent","Incongruent","Incongruent",45.999678,46.199669,"5%",0.499962,"Correct","Correct","Correct","Correct"
"13",24,"7_8_stimuli","8_8","Congruent","Congruent","Incongruent","Incongruent",47.999667,48.199657,"8*",0.548002,"Correct","Correct","Correct","Correct"
"13",25,"1_2_stimuli","1_2","Incongruent","Congruent","Congruent","Incongruent",49.999633,50.19964,"2@",0.660041,"Correct","Correct","Correct","Correct"
"13",26,"3_4_stimuli","4_4","Congruent","Incongruent","Congruent","Congruent",51.99963,52.199631,"4$",0.836103,"Correct","Correct","Correct","Correct"
"13",27,"5_6_stimuli","6_5","Incongruent","Congruent","Incongruent","Congruent",53.999624,54.199618,"5%",1.060067,"Correct","Correct","Correct","Correct"
"13",28,"7_8_stimuli","8_8","Congruent","Incongruent","Congruent","Incongruent",55.999599,56.199595,"8*",0.580552,"Correct","Correct","Correct","Correct"
"13",29,"1_2_stimuli","1_1","Congruent","Congruent","Incongruent","Congruent",57.999582,58.199578,"1!",0.484104,"Correct","Correct","Correct","Correct"
"13",30,"3_4_stimuli","3_3","Congruent","Congruent","Congruent","Incongruent",59.999569,60.199561,"3#",0.660552,"Correct","Correct","Correct","Correct"
"13",31,"5_6_stimuli","5_5","Congruent","Congruent","Congruent","Congruent",61.999563,62.199551,"5%",0.500193,"Correct","Correct","Correct","Correct"
"13",32,"7_8_stimuli","7_7","Congruent","Congruent","Congruent","Congruent",63.999548,64.199542,"7&",0.756122,"Correct","Correct","Correct","Correct"
"13",33,"1_2_stimuli","1_1","Congruent","Congruent","Congruent","Congruent",65.999534,66.199527,"1!",0.708066,"Correct","Correct","Correct","Correct"
"13",34,"3_4_stimuli","3_4","Incongruent","Congruent","Congruent","Congruent",67.999518,68.199508,"4$",0.724754,"Correct","Correct","Correct","Correct"
"13",35,"5_6_stimuli","6_5","Incongruent","Incongruent","Congruent","Congruent",69.9995,70.1995,"5%",0.612945,"Correct","Correct","Correct","Correct"
"13",36,"7_8_stimuli","7_7","Congruent","Incongruent","Incongruent","Congruent",71.999486,72.19949,"7&",0.532618,"Correct","Correct","Correct","Correct"
"13",37,"1_2_stimuli","1_2","Incongruent","Congruent","Incongruent","Incongruent",73.999469,74.199467,"2@",0.884144,"Correct","Correct","Correct","Correct"
"13",38,"3_4_stimuli","4_4","Congruent","Incongruent","Congruent","Incongruent",75.99946,76.199456,"4$",0.676921,"Correct","Correct","Correct","Correct"
"13",39,"5_6_stimuli","6_6","Congruent","Congruent","Incongruent","Congruent",77.999452,78.199445,"6^",0.996793,"Correct","Correct","Correct","Correct"
"13",40,"7_8_stimuli","7_7","Congruent","Congruent","Congruent","Incongruent",79.999426,80.199435,"7&",0.804978,"Correct","Correct","Correct","Correct"
"13",41,"1_2_stimuli","2_1","Incongruent","Congruent","Congruent","Congruent",81.999417,82.19942,"1!",0.772851,"Correct","Correct","Correct","Correct"
"13",42,"3_4_stimuli","3_4","Incongruent","Incongruent","Congruent","Congruent",83.9994,84.199387,"4$",0.740817,"Correct","Correct","Correct","Correct"
"13",43,"5_6_stimuli","5_6","Incongruent","Incongruent","Incongruent","Congruent",85.999393,86.199377,"6^",1.268887,"Correct","Correct","Correct","Correct"
"13",44,"7_8_stimuli","8_8","Congruent","Incongruent","Incongruent","Incongruent",87.999381,88.199369,"8*",0.565293,"Correct","Correct","Correct","Correct"
"13",45,"1_2_stimuli","2_2","Congruent","Congruent","Incongruent","Incongruent",89.999351,90.199349,"2@",0.644829,"Correct","Correct","Correct","Correct"
"13",46,"3_4_stimuli","3_4","Incongruent","Congruent","Congruent","Incongruent",91.999345,92.199337,"4$",0.59659,"Correct","Correct","Correct","Correct"
"13",47,"5_6_stimuli","6_6","Congruent","Incongruent","Congruent","Congruent",93.999334,94.199324,"6^",1.396299,"Correct","Correct","Correct","Correct"
"13",48,"7_8_stimuli","7_7","Congruent","Congruent","Incongruent","Congruent",95.999315,96.199316,"7&",0.356789,"Correct","Correct","Correct","Correct"
"13",49,"1_2_stimuli","1_1","Congruent","Congruent","Congruent","Incongruent",97.999308,98.1993,"1!",0.548854,"Correct","Correct","Correct","Correct"
"13",50,"3_4_stimuli","4_4","Congruent","Congruent","Congruent","Congruent",99.999289,100.19928,"4$",0.612842,"Correct","Correct","Correct","Correct"
"13",51,"5_6_stimuli","6_5","Incongruent","Congruent","Congruent","Congruent",101.99927,102.199271,"5%",0.852787,"Correct","Correct","Correct","Correct"
"13",52,"7_8_stimuli","7_8","Incongruent","Incongruent","Congruent","Congruent",103.999257,104.19925,"8*",0.820503,"Correct","Correct","Correct","Correct"
"13",53,"1_2_stimuli","2_2","Congruent","Incongruent","Incongruent","Congruent",105.999242,106.199245,"2@",0.644888,"Correct","Correct","Correct","Correct"
"13",54,"3_4_stimuli","3_3","Congruent","Congruent","Incongruent","Incongruent",107.999238,108.199221,"3#",0.612471,"Correct","Correct","Correct","Correct"
"13",55,"5_6_stimuli","5_6","Incongruent","Congruent","Congruent","Incongruent",109.999216,110.199219,"6^",0.869132,"Correct","Correct","Correct","Correct"
"13",56,"7_8_stimuli","8_8","Congruent","Incongruent","Congruent","Congruent",111.999194,112.199195,"8*",0.580445,"Correct","Correct","Correct","Correct"
"13",57,"1_2_stimuli","1_2","Incongruent","Congruent","Incongruent","Congruent",113.999188,114.199192,"2@",0.805003,"Correct","Correct","Correct","Correct"
"13",58,"3_4_stimuli","4_3","Incongruent","Incongruent","Congruent","Incongruent",115.999177,116.199177,"3#",1.076963,"Correct","Correct","Correct","Correct"
"13",59,"5_6_stimuli","6_6","Congruent","Incongruent","Incongruent","Congruent",117.999153,118.199154,"6^",1.460581,"Correct","Correct","Correct","Correct"
"13",60,"7_8_stimuli","8_7","Incongruent","Congruent","Incongruent","Incongruent",119.999141,120.19914,"7&",0.532983,"Correct","Correct","Correct","Correct"
"13",61,"1_2_stimuli","1_1","Congruent","Incongruent","Congruent","Incongruent",121.999129,122.199128,"1!",0.756954,"Correct","Correct","Correct","Correct"
"13",62,"3_4_stimuli","3_3","Congruent","Congruent","Incongruent","Congruent",123.999119,124.19911,"3#",0.869134,"Correct","Correct","Correct","Correct"
"13",63,"5_6_stimuli","5_5","Congruent","Congruent","Congruent","Incongruent",125.999103,126.199101,"5%",0.88459,"Correct","Correct","Correct","Correct"
"13",64,"7_8_stimuli","7_8","Incongruent","Congruent","Congruent","Congruent",127.999095,128.199089,"8*",0.517065,"Correct","Correct","Correct","Correct"
"13",65,"1_2_stimuli","2_2","Congruent","Incongruent","Congruent","Congruent",129.999074,130.199076,"2@",0.596744,"Correct","Correct","Correct","Correct"
"13",66,"3_4_stimuli","4_3","Incongruent","Congruent","Incongruent","Congruent",131.999056,132.199062,"3#",0.645131,"Correct","Correct","Correct","Correct"
"13",67,"5_6_stimuli","6_5","Incongruent","Incongruent","Congruent","Incongruent",133.999044,134.199049,"5%",0.852807,"Correct","Correct","Correct","Correct"
"13",68,"7_8_stimuli","7_8","Incongruent","Incongruent","Incongruent","Congruent",135.999033,136.199024,"8*",0.565032,"Correct","Correct","Correct","Correct"
