"Run.Number","Trial.Number","Task","Stimulus","Current.Trial.Type","Previous.Trial.Type","Previous.Trial.Type.N2","Previous.Trial.Type.N3","StimulusOnsetTime","StimulusOffsetTime","Response","RT","Accuracy","PreviousAccuracy","PreviousAccuracy.N2","Previous.Accuracy.N3"
"practice",1,"1_2_stimuli","1_1","Congruent",NA,NA,NA,1.999989,2.199986,"1!",1.11657,"Correct",NA,NA,NA
"practice",2,"3_4_stimuli","3_3","Congruent","Congruent",NA,NA,3.999975,4.199976,"3#",1.404954,"Correct","Correct",NA,NA
"practice",3,"5_6_stimuli","6_6","Congruent","Congruent","Congruent",NA,5.999962,6.199951,"6^",1.116381,"Correct","Correct","Correct",NA
"practice",4,"7_8_stimuli","8_8","Congruent","Congruent","Congruent","Congruent",7.999932,8.199937,"8*",0.733038,"Correct","Correct","Correct","Correct"
"practice",5,"1_2_stimuli","2_2","Congruent","Congruent","Congruent","Congruent",9.999912,10.199922,"2@",0.78036,"Correct","Correct","Correct","Correct"
"practice",6,"3_4_stimuli","3_4","Incongruent","Congruent","Congruent","Congruent",11.999902,12.1999,"4$",1.292876,"Correct","Correct","Correct","Correct"
"practice",7,"5_6_stimuli","6_5","Incongruent","Incongruent","Congruent","Congruent",13.999879,14.199872,"5%",1.260991,"Correct","Correct","Correct","Correct"
"practice",8,"7_8_stimuli","7_8","Incongruent","Incongruent","Incongruent","Congruent",15.999861,16.199864,"8*",0.844782,"Correct","Correct","Correct","Correct"
"practice",9,"1_2_stimuli","2_2","Congruent","Incongruent","Incongruent","Incongruent",17.999842,18.199846,"2@",0.988683,"Correct","Correct","Correct","Correct"
"practice",10,"3_4_stimuli","4_3","Incongruent","Congruent","Incongruent","Incongruent",19.999831,20.199822,"3#",0.988498,"Correct","Correct","Correct","Correct"
"practice",11,"5_6_stimuli","6_5","Incongruent","Incongruent","Congruent","Incongruent",21.999807,22.199805,"Omission",5000,"Omission","Correct","Correct","Correct"
"practice",12,"7_8_stimuli","7_7","Congruent","Incongruent","Incongruent","Congruent",23.999799,24.199787,"Omission",5000,"Omission","Omission","Correct","Correct"
"practice",13,"1_2_stimuli","1_2","Incongruent","Congruent","Incongruent","Incongruent",25.999765,26.199781,"2@",0.876847,"Correct","Omission","Omission","Correct"
"practice",14,"3_4_stimuli","4_4","Congruent","Incongruent","Congruent","Incongruent",27.999755,28.199752,"4$",0.716576,"Correct","Correct","Omission","Omission"
"practice",15,"5_6_stimuli","5_6","Incongruent","Congruent","Incongruent","Congruent",29.999734,30.199741,"7&",1.149088,"Error","Correct","Correct","Omission"
"practice",16,"7_8_stimuli","7_8","Incongruent","Incongruent","Congruent","Incongruent",31.99971,32.199718,"8*",0.813014,"Correct","Error","Correct","Correct"
"practice",17,"1_2_stimuli","1_2","Incongruent","Incongruent","Incongruent","Congruent",33.999698,34.199688,"2@",0.764631,"Correct","Correct","Error","Correct"
"practice",18,"3_4_stimuli","4_4","Congruent","Incongruent","Incongruent","Incongruent",35.999705,36.199686,"4$",0.700912,"Correct","Correct","Correct","Error"
"practice",19,"5_6_stimuli","5_6","Incongruent","Congruent","Incongruent","Incongruent",37.999658,38.199668,"6^",0.764673,"Correct","Correct","Correct","Correct"
"practice",20,"7_8_stimuli","7_7","Congruent","Incongruent","Congruent","Incongruent",39.999649,40.199645,"7&",0.493194,"Correct","Correct","Correct","Correct"
"practice",21,"1_2_stimuli","1_1","Congruent","Congruent","Incongruent","Congruent",41.999628,42.199625,"1!",0.508668,"Correct","Correct","Correct","Correct"
"practice",22,"3_4_stimuli","3_4","Incongruent","Congruent","Congruent","Incongruent",43.99962,44.199611,"4$",0.637261,"Correct","Correct","Correct","Correct"
"practice",23,"5_6_stimuli","6_6","Congruent","Incongruent","Congruent","Congruent",45.999598,46.199589,"5%",0.780694,"Error","Correct","Correct","Correct"
"practice",24,"7_8_stimuli","8_8","Congruent","Congruent","Incongruent","Congruent",47.999572,48.199566,"8*",0.652981,"Correct","Error","Correct","Correct"
"practice",25,"1_2_stimuli","1_1","Congruent","Congruent","Congruent","Incongruent",49.999552,50.199557,"1!",0.493259,"Correct","Correct","Error","Correct"
"practice",26,"3_4_stimuli","3_3","Congruent","Congruent","Congruent","Congruent",51.999532,52.199531,"3#",0.925484,"Correct","Correct","Correct","Error"
"practice",27,"5_6_stimuli","5_5","Congruent","Congruent","Congruent","Congruent",53.999515,54.199519,"5%",0.973061,"Correct","Correct","Correct","Correct"
"practice",28,"7_8_stimuli","8_8","Congruent","Congruent","Congruent","Congruent",55.999503,56.1995,"8*",0.637481,"Correct","Correct","Correct","Correct"
"practice",29,"1_2_stimuli","1_2","Incongruent","Congruent","Congruent","Congruent",57.999475,58.199492,"2@",0.700863,"Correct","Correct","Correct","Correct"
"practice",30,"3_4_stimuli","3_4","Incongruent","Incongruent","Congruent","Congruent",59.999464,60.199463,"4$",0.621253,"Correct","Correct","Correct","Correct"
"practice",31,"5_6_stimuli","6_5","Incongruent","Incongruent","Incongruent","Congruent",61.999449,62.199443,"5%",0.925363,"Correct","Correct","Correct","Correct"
"practice",32,"7_8_stimuli","8_7","Incongruent","Incongruent","Incongruent","Incongruent",63.999433,64.199424,"7&",0.861208,"Correct","Correct","Correct","Correct"
"practice",33,"1_2_stimuli","2_1","Incongruent","Incongruent","Incongruent","Incongruent",65.99941,66.199408,"1!",0.685463,"Correct","Correct","Correct","Correct"
"practice",34,"3_4_stimuli","3_4","Incongruent","Incongruent","Incongruent","Incongruent",67.999389,68.199391,"4$",0.605568,"Correct","Correct","Correct","Correct"
"practice",35,"5_6_stimuli","6_5","Incongruent","Incongruent","Incongruent","Incongruent",69.999374,70.199375,"5%",0.797422,"Correct","Correct","Correct","Correct"
"practice",36,"7_8_stimuli","7_7","Congruent","Incongruent","Incongruent","Incongruent",71.999355,72.199361,"7&",0.669101,"Correct","Correct","Correct","Correct"
"practice",37,"1_2_stimuli","1_1","Congruent","Congruent","Incongruent","Incongruent",73.999337,74.199347,"1!",0.541538,"Correct","Correct","Correct","Correct"
"practice",38,"3_4_stimuli","4_4","Congruent","Congruent","Congruent","Incongruent",75.999325,76.199317,"4$",0.589087,"Correct","Correct","Correct","Correct"
"practice",39,"5_6_stimuli","5_6","Incongruent","Congruent","Congruent","Congruent",77.999302,78.199299,"5%",0.797169,"Error","Correct","Correct","Correct"
"practice",40,"7_8_stimuli","7_8","Incongruent","Incongruent","Congruent","Congruent",79.999285,80.19928,"8*",0.637364,"Correct","Error","Correct","Correct"
"practice",41,"1_2_stimuli","2_2","Congruent","Incongruent","Incongruent","Congruent",81.999265,82.199257,"2@",0.684979,"Correct","Correct","Error","Correct"
"practice",42,"3_4_stimuli","4_4","Congruent","Congruent","Incongruent","Incongruent",83.999249,84.199252,"4$",0.653528,"Correct","Correct","Correct","Error"
"practice",43,"5_6_stimuli","5_6","Incongruent","Congruent","Congruent","Incongruent",85.999232,86.199221,"6^",0.845104,"Correct","Correct","Correct","Correct"
"practice",44,"7_8_stimuli","8_8","Congruent","Incongruent","Congruent","Congruent",87.999212,88.199217,"8*",0.605083,"Correct","Correct","Correct","Correct"
"practice",45,"1_2_stimuli","1_2","Incongruent","Congruent","Incongruent","Congruent",89.999194,90.199185,"2@",0.573615,"Correct","Correct","Correct","Correct"
"practice",46,"3_4_stimuli","4_3","Incongruent","Incongruent","Congruent","Incongruent",91.999177,92.199168,"3#",0.637278,"Correct","Correct","Correct","Correct"
"practice",47,"5_6_stimuli","5_5","Congruent","Incongruent","Incongruent","Congruent",93.999158,94.199151,"5%",0.861763,"Correct","Correct","Correct","Correct"
"practice",48,"7_8_stimuli","8_8","Congruent","Congruent","Incongruent","Incongruent",95.999139,96.199137,"8*",0.589397,"Correct","Correct","Correct","Correct"
"practice",49,"1_2_stimuli","2_1","Incongruent","Congruent","Congruent","Incongruent",97.999127,98.199113,"1!",0.509222,"Correct","Correct","Correct","Correct"
"practice",50,"3_4_stimuli","3_3","Congruent","Incongruent","Congruent","Congruent",99.999102,100.199108,"3#",0.717354,"Correct","Correct","Correct","Correct"
"practice",51,"5_6_stimuli","6_6","Congruent","Congruent","Incongruent","Congruent",101.999086,102.199088,"6^",0.797825,"Correct","Correct","Correct","Correct"
"practice",52,"7_8_stimuli","8_7","Incongruent","Congruent","Congruent","Incongruent",103.999065,104.199065,"7&",0.589494,"Correct","Correct","Correct","Correct"
"practice",53,"1_2_stimuli","1_1","Congruent","Incongruent","Congruent","Congruent",105.99906,106.199043,"1!",0.573696,"Correct","Correct","Correct","Correct"
"practice",54,"3_4_stimuli","3_3","Congruent","Congruent","Incongruent","Congruent",107.999028,108.199035,"2@",0.829718,"Error","Correct","Correct","Correct"
"practice",55,"5_6_stimuli","6_6","Congruent","Congruent","Congruent","Incongruent",109.99902,110.199035,"6^",0.829224,"Correct","Error","Correct","Correct"
"practice",56,"7_8_stimuli","8_7","Incongruent","Congruent","Congruent","Congruent",111.998996,112.19899,"7&",0.653502,"Correct","Correct","Error","Correct"
"practice",57,"1_2_stimuli","2_1","Incongruent","Incongruent","Congruent","Congruent",113.998976,114.198981,"1!",0.637292,"Correct","Correct","Correct","Error"
"practice",58,"3_4_stimuli","4_3","Incongruent","Incongruent","Incongruent","Congruent",115.998957,116.198951,"3#",0.813525,"Correct","Correct","Correct","Correct"
"practice",59,"5_6_stimuli","5_5","Congruent","Incongruent","Incongruent","Incongruent",117.998942,118.19894,"5%",0.685523,"Correct","Correct","Correct","Correct"
"practice",60,"7_8_stimuli","8_7","Incongruent","Congruent","Incongruent","Incongruent",119.998922,120.198917,"7&",0.765316,"Correct","Correct","Correct","Correct"
"practice",61,"1_2_stimuli","2_2","Congruent","Incongruent","Congruent","Incongruent",121.998913,122.198912,"2@",0.765357,"Correct","Correct","Correct","Correct"
"practice",62,"3_4_stimuli","4_3","Incongruent","Congruent","Incongruent","Congruent",123.998889,124.198882,"3#",0.669794,"Correct","Correct","Correct","Correct"
"practice",63,"5_6_stimuli","5_5","Congruent","Incongruent","Congruent","Incongruent",125.99888,126.198864,"5%",0.942124,"Correct","Correct","Correct","Correct"
"practice",64,"7_8_stimuli","7_8","Incongruent","Congruent","Incongruent","Congruent",127.998856,128.198862,"8*",0.669943,"Correct","Correct","Correct","Correct"
"practice",65,"1_2_stimuli","2_1","Incongruent","Incongruent","Congruent","Incongruent",129.998839,130.198825,"1!",0.573385,"Correct","Correct","Correct","Correct"
"practice",66,"3_4_stimuli","3_3","Congruent","Incongruent","Incongruent","Congruent",131.998821,132.198816,"3#",0.718485,"Correct","Correct","Correct","Correct"
"practice",67,"5_6_stimuli","6_6","Congruent","Congruent","Incongruent","Incongruent",133.998796,134.198788,"6^",0.877641,"Correct","Correct","Correct","Correct"
"practice",68,"7_8_stimuli","7_7","Congruent","Congruent","Congruent","Incongruent",135.998776,136.198776,"7&",0.573436,"Correct","Correct","Correct","Correct"
"1",1,"1_2_stimuli","2_1","Incongruent",NA,NA,NA,1.999985,2.199981,"1!",0.723694,"Correct",NA,NA,NA
"1",2,"3_4_stimuli","3_3","Congruent","Incongruent",NA,NA,3.999975,4.199974,"3#",0.675089,"Correct","Correct",NA,NA
"1",3,"5_6_stimuli","5_5","Congruent","Congruent","Incongruent",NA,5.999944,6.199951,"5%",0.86776,"Correct","Correct","Correct",NA
"1",4,"7_8_stimuli","7_7","Congruent","Congruent","Congruent","Incongruent",7.999927,8.199937,"7&",0.707155,"Correct","Correct","Correct","Correct"
"1",5,"1_2_stimuli","2_1","Incongruent","Congruent","Congruent","Congruent",9.999917,10.199905,"1!",0.643151,"Correct","Correct","Correct","Correct"
"1",6,"3_4_stimuli","4_4","Congruent","Incongruent","Congruent","Congruent",11.999886,12.199894,"4$",0.995735,"Correct","Correct","Correct","Correct"
"1",7,"5_6_stimuli","5_5","Congruent","Congruent","Incongruent","Congruent",13.999872,14.19987,"5%",0.915422,"Correct","Correct","Correct","Correct"
"1",8,"7_8_stimuli","8_7","Incongruent","Congruent","Congruent","Incongruent",15.999853,16.199857,"7&",1.043203,"Correct","Correct","Correct","Correct"
"1",9,"1_2_stimuli","1_1","Congruent","Incongruent","Congruent","Congruent",17.999842,18.19984,"1!",0.691196,"Correct","Correct","Correct","Correct"
"1",10,"3_4_stimuli","4_4","Congruent","Congruent","Incongruent","Congruent",19.999814,20.199826,"4$",0.69159,"Correct","Correct","Correct","Correct"
"1",11,"5_6_stimuli","6_6","Congruent","Congruent","Congruent","Incongruent",21.999804,22.199812,"6^",0.884107,"Correct","Correct","Correct","Correct"
"1",12,"7_8_stimuli","7_8","Incongruent","Congruent","Congruent","Congruent",23.999784,24.199789,"8*",0.611541,"Correct","Correct","Correct","Correct"
"1",13,"1_2_stimuli","2_1","Incongruent","Incongruent","Congruent","Congruent",25.999774,26.19977,"1!",0.643293,"Correct","Correct","Correct","Correct"
"1",14,"3_4_stimuli","4_3","Incongruent","Incongruent","Incongruent","Congruent",27.999745,28.199752,"3#",0.819578,"Correct","Correct","Correct","Correct"
"1",15,"5_6_stimuli","6_5","Incongruent","Incongruent","Incongruent","Incongruent",29.999731,30.199732,"5%",0.979853,"Correct","Correct","Correct","Correct"
"1",16,"7_8_stimuli","8_7","Incongruent","Incongruent","Incongruent","Incongruent",31.999712,32.199718,"7&",0.707358,"Correct","Correct","Correct","Correct"
"1",17,"1_2_stimuli","1_1","Congruent","Incongruent","Incongruent","Incongruent",33.999699,34.199701,"1!",0.532032,"Correct","Correct","Correct","Correct"
"1",18,"3_4_stimuli","3_3","Congruent","Congruent","Incongruent","Incongruent",35.999683,36.199677,"3#",0.835902,"Correct","Correct","Correct","Correct"
"1",19,"5_6_stimuli","6_5","Incongruent","Congruent","Congruent","Incongruent",37.999666,38.199662,"5%",0.771718,"Correct","Correct","Correct","Correct"
"1",20,"7_8_stimuli","8_7","Incongruent","Incongruent","Congruent","Congruent",39.999642,40.199646,"7&",0.723873,"Correct","Correct","Correct","Correct"
"1",21,"1_2_stimuli","2_2","Congruent","Incongruent","Incongruent","Congruent",41.999628,42.199625,"2@",0.691915,"Correct","Correct","Correct","Correct"
"1",22,"3_4_stimuli","4_3","Incongruent","Congruent","Incongruent","Incongruent",43.999601,44.199603,"3#",0.835403,"Correct","Correct","Correct","Correct"
"1",23,"5_6_stimuli","5_5","Congruent","Incongruent","Congruent","Incongruent",45.999594,46.19959,"5%",0.739759,"Correct","Correct","Correct","Correct"
"1",24,"7_8_stimuli","8_8","Congruent","Congruent","Incongruent","Congruent",47.999568,48.199568,"8*",0.627742,"Correct","Correct","Correct","Correct"
"1",25,"1_2_stimuli","1_2","Incongruent","Congruent","Congruent","Incongruent",49.999546,50.199561,"2@",0.676006,"Correct","Correct","Correct","Correct"
"1",26,"3_4_stimuli","3_4","Incongruent","Incongruent","Congruent","Congruent",51.999541,52.199542,"4$",0.899545,"Correct","Correct","Correct","Correct"
"1",27,"5_6_stimuli","6_6","Congruent","Incongruent","Incongruent","Congruent",53.999529,54.199516,"6^",1.219467,"Correct","Correct","Correct","Correct"
"1",28,"7_8_stimuli","8_7","Incongruent","Congruent","Incongruent","Incongruent",55.999503,56.199496,"7&",0.627468,"Correct","Correct","Correct","Correct"
"1",29,"1_2_stimuli","2_1","Incongruent","Incongruent","Congruent","Incongruent",57.999482,58.199475,"1!",0.707533,"Correct","Correct","Correct","Correct"
"1",30,"3_4_stimuli","3_3","Congruent","Incongruent","Incongruent","Congruent",59.99947,60.199461,"3#",0.819503,"Correct","Correct","Correct","Correct"
"1",31,"5_6_stimuli","5_5","Congruent","Congruent","Incongruent","Incongruent",61.999452,62.199439,"5%",0.836068,"Correct","Correct","Correct","Correct"
"1",32,"7_8_stimuli","7_7","Congruent","Congruent","Congruent","Incongruent",63.999431,64.199425,"7&",1.348084,"Correct","Correct","Correct","Correct"
"1",33,"1_2_stimuli","2_2","Congruent","Congruent","Congruent","Congruent",65.999413,66.199401,"2@",0.964103,"Correct","Correct","Correct","Correct"
"1",34,"3_4_stimuli","4_4","Congruent","Congruent","Congruent","Congruent",67.999398,68.199396,"4$",0.772265,"Correct","Correct","Correct","Correct"
"1",35,"5_6_stimuli","5_6","Incongruent","Congruent","Congruent","Congruent",69.999367,70.199377,"6^",0.755653,"Correct","Correct","Correct","Correct"
"1",36,"7_8_stimuli","7_7","Congruent","Incongruent","Congruent","Congruent",71.999349,72.199356,"7&",0.643889,"Correct","Correct","Correct","Correct"
"1",37,"1_2_stimuli","1_2","Incongruent","Congruent","Incongruent","Congruent",73.999339,74.199328,"2@",0.644223,"Correct","Correct","Correct","Correct"
"1",38,"3_4_stimuli","3_4","Incongruent","Incongruent","Congruent","Incongruent",75.999318,76.199327,"4$",0.820354,"Correct","Correct","Correct","Correct"
"1",39,"5_6_stimuli","5_6","Incongruent","Incongruent","Incongruent","Congruent",77.999303,78.199293,"6^",0.803849,"Correct","Correct","Correct","Correct"
"1",40,"7_8_stimuli","8_8","Congruent","Incongruent","Incongruent","Incongruent",79.99928,80.199281,"7&",0.515754,"Error","Correct","Correct","Correct"
"1",41,"1_2_stimuli","2_1","Incongruent","Congruent","Incongruent","Incongruent",81.999276,82.199259,"1!",0.58024,"Correct","Error","Correct","Correct"
"1",42,"3_4_stimuli","3_3","Congruent","Incongruent","Congruent","Incongruent",83.999242,84.199248,"3#",1.155729,"Correct","Correct","Error","Correct"
"1",43,"5_6_stimuli","6_5","Incongruent","Congruent","Incongruent","Congruent",85.999226,86.199231,"6^",1.123748,"Error","Correct","Correct","Error"
"1",44,"7_8_stimuli","7_8","Incongruent","Incongruent","Congruent","Incongruent",87.999209,88.199211,"8*",0.659713,"Correct","Error","Correct","Correct"
"1",45,"1_2_stimuli","1_2","Incongruent","Incongruent","Incongruent","Congruent",89.999201,90.199192,"2@",0.659796,"Correct","Correct","Error","Correct"
"1",46,"3_4_stimuli","3_4","Incongruent","Incongruent","Incongruent","Incongruent",91.999175,92.199176,"4$",0.708405,"Correct","Correct","Correct","Error"
"1",47,"5_6_stimuli","6_6","Congruent","Incongruent","Incongruent","Incongruent",93.999158,94.199175,"6^",0.756159,"Correct","Correct","Correct","Correct"
"1",48,"7_8_stimuli","7_7","Congruent","Congruent","Incongruent","Incongruent",95.999146,96.19914,"7&",0.516061,"Correct","Correct","Correct","Correct"
"1",49,"1_2_stimuli","1_1","Congruent","Congruent","Congruent","Incongruent",97.999118,98.199115,"1!",0.548263,"Correct","Correct","Correct","Correct"
"1",50,"3_4_stimuli","3_4","Incongruent","Congruent","Congruent","Congruent",99.9991,100.199102,"5%",1.027866,"Error","Correct","Correct","Correct"
"1",51,"5_6_stimuli","6_5","Incongruent","Incongruent","Congruent","Congruent",101.999081,102.199086,"5%",0.884297,"Correct","Error","Correct","Correct"
"1",52,"7_8_stimuli","7_8","Incongruent","Incongruent","Incongruent","Congruent",103.999069,104.199077,"8*",1.443896,"Correct","Correct","Error","Correct"
"1",53,"1_2_stimuli","1_2","Incongruent","Incongruent","Incongruent","Incongruent",105.999053,106.199057,"2@",1.044244,"Correct","Correct","Correct","Error"
"1",54,"3_4_stimuli","4_4","Congruent","Incongruent","Incongruent","Incongruent",107.999037,108.199026,"4$",1.059881,"Correct","Correct","Correct","Correct"
"1",55,"5_6_stimuli","5_6","Incongruent","Congruent","Incongruent","Incongruent",109.999009,110.199015,"6^",1.076143,"Correct","Correct","Correct","Correct"
"1",56,"7_8_stimuli","7_7","Congruent","Incongruent","Congruent","Incongruent",111.999003,112.198989,"Omission",5000,"Omission","Correct","Correct","Correct"
"1",57,"1_2_stimuli","1_1","Congruent","Congruent","Incongruent","Congruent",113.998978,114.198978,"1!",0.660563,"Correct","Omission","Correct","Correct"
"1",58,"3_4_stimuli","4_3","Incongruent","Congruent","Congruent","Incongruent",115.998961,116.19896,"3#",0.804246,"Correct","Correct","Omission","Correct"
"1",59,"5_6_stimuli","5_5","Congruent","Incongruent","Congruent","Congruent",117.998948,118.198936,"5%",0.900672,"Correct","Correct","Correct","Omission"
"1",60,"7_8_stimuli","7_8","Incongruent","Congruent","Incongruent","Congruent",119.998918,120.198921,"8*",0.628529,"Correct","Correct","Correct","Correct"
"1",61,"1_2_stimuli","2_2","Congruent","Incongruent","Congruent","Incongruent",121.998911,122.198906,"2@",0.788008,"Correct","Correct","Correct","Correct"
"1",62,"3_4_stimuli","4_3","Incongruent","Congruent","Incongruent","Congruent",123.998885,124.198882,"3#",0.836441,"Correct","Correct","Correct","Correct"
"1",63,"5_6_stimuli","5_6","Incongruent","Incongruent","Congruent","Incongruent",125.998864,126.198869,"6^",0.90001,"Correct","Correct","Correct","Correct"
"1",64,"7_8_stimuli","8_8","Congruent","Incongruent","Incongruent","Congruent",127.998848,128.19885,"8*",0.612602,"Correct","Correct","Correct","Correct"
"1",65,"1_2_stimuli","2_2","Congruent","Congruent","Incongruent","Incongruent",129.998828,130.198829,"2@",0.644368,"Correct","Correct","Correct","Correct"
"1",66,"3_4_stimuli","3_3","Congruent","Congruent","Congruent","Incongruent",131.998825,132.198818,"3#",0.740614,"Correct","Correct","Correct","Correct"
"1",67,"5_6_stimuli","6_6","Congruent","Congruent","Congruent","Congruent",133.998798,134.198792,"6^",0.69227,"Correct","Correct","Correct","Correct"
"1",68,"7_8_stimuli","8_8","Congruent","Congruent","Congruent","Congruent",135.998785,136.198776,"8*",0.56449,"Correct","Correct","Correct","Correct"
"2",1,"1_2_stimuli","1_1","Congruent",NA,NA,NA,1.999988,2.199991,"1!",0.627192,"Correct",NA,NA,NA
"2",2,"3_4_stimuli","3_4","Incongruent","Congruent",NA,NA,3.99997,4.199973,"4$",1.042897,"Correct","Correct",NA,NA
"2",3,"5_6_stimuli","6_6","Congruent","Incongruent","Congruent",NA,5.999951,6.199945,"6^",1.266992,"Correct","Correct","Correct",NA
"2",4,"7_8_stimuli","7_8","Incongruent","Congruent","Incongruent","Congruent",7.99993,8.199952,"8*",0.690947,"Correct","Correct","Correct","Correct"
"2",5,"1_2_stimuli","2_2","Congruent","Incongruent","Congruent","Incongruent",9.99992,10.199914,"2@",0.675586,"Correct","Correct","Correct","Correct"
"2",6,"3_4_stimuli","3_3","Congruent","Congruent","Incongruent","Congruent",11.999904,12.1999,"3#",0.88358,"Correct","Correct","Correct","Correct"
"2",7,"5_6_stimuli","6_5","Incongruent","Congruent","Congruent","Incongruent",13.999887,14.19988,"5%",0.995094,"Correct","Correct","Correct","Correct"
"2",8,"7_8_stimuli","8_8","Congruent","Incongruent","Congruent","Congruent",15.999868,16.199856,"8*",0.546936,"Correct","Correct","Correct","Correct"
"2",9,"1_2_stimuli","2_2","Congruent","Congruent","Incongruent","Congruent",17.999843,18.19984,"2@",0.595455,"Correct","Correct","Correct","Correct"
"2",10,"3_4_stimuli","3_3","Congruent","Congruent","Congruent","Incongruent",19.999828,20.199831,"3#",0.818999,"Correct","Correct","Correct","Correct"
"2",11,"5_6_stimuli","5_6","Incongruent","Congruent","Congruent","Congruent",21.999807,22.199817,"6^",1.123039,"Correct","Correct","Correct","Correct"
"2",12,"7_8_stimuli","8_7","Incongruent","Incongruent","Congruent","Congruent",23.999788,24.199797,"7&",0.675016,"Correct","Correct","Correct","Correct"
"2",13,"1_2_stimuli","2_2","Congruent","Incongruent","Incongruent","Congruent",25.999765,26.199781,"2@",0.611686,"Correct","Correct","Correct","Correct"
"2",14,"3_4_stimuli","4_3","Incongruent","Congruent","Incongruent","Incongruent",27.99975,28.199762,"3#",0.755649,"Correct","Correct","Correct","Correct"
"2",15,"5_6_stimuli","5_5","Congruent","Incongruent","Congruent","Incongruent",29.999735,30.199737,"6^",1.299116,"Error","Correct","Correct","Correct"
"2",16,"7_8_stimuli","8_8","Congruent","Congruent","Incongruent","Congruent",31.999724,32.199713,"8*",0.563552,"Correct","Error","Correct","Correct"
"2",17,"1_2_stimuli","1_2","Incongruent","Congruent","Congruent","Incongruent",33.99972,34.199697,"2@",0.675775,"Correct","Correct","Error","Correct"
"2",18,"3_4_stimuli","3_4","Incongruent","Incongruent","Congruent","Congruent",35.999682,36.199684,"4$",0.835587,"Correct","Correct","Correct","Error"
"2",19,"5_6_stimuli","5_5","Congruent","Incongruent","Incongruent","Congruent",37.999664,38.199666,"5%",0.723417,"Correct","Correct","Correct","Correct"
"2",20,"7_8_stimuli","7_7","Congruent","Congruent","Incongruent","Incongruent",39.999646,40.199651,"7&",1.187551,"Correct","Correct","Correct","Correct"
"2",21,"1_2_stimuli","1_1","Congruent","Congruent","Congruent","Incongruent",41.999632,42.199633,"1!",0.499675,"Correct","Correct","Correct","Correct"
"2",22,"3_4_stimuli","4_3","Incongruent","Congruent","Congruent","Congruent",43.999616,44.19961,"3#",0.787233,"Correct","Correct","Correct","Correct"
"2",23,"5_6_stimuli","6_5","Incongruent","Incongruent","Congruent","Congruent",45.999597,46.1996,"5%",1.011996,"Correct","Correct","Correct","Correct"
"2",24,"7_8_stimuli","7_8","Incongruent","Incongruent","Incongruent","Congruent",47.999569,48.199565,"8*",1.235231,"Correct","Correct","Correct","Correct"
"2",25,"1_2_stimuli","2_1","Incongruent","Incongruent","Incongruent","Incongruent",49.999561,50.199547,"1!",0.611295,"Correct","Correct","Correct","Correct"
"2",26,"3_4_stimuli","3_3","Congruent","Incongruent","Incongruent","Incongruent",51.999539,52.199538,"3#",0.803704,"Correct","Correct","Correct","Correct"
"2",27,"5_6_stimuli","6_5","Incongruent","Congruent","Incongruent","Incongruent",53.999522,54.199519,"5%",1.475904,"Correct","Correct","Correct","Correct"
"2",28,"7_8_stimuli","7_7","Congruent","Incongruent","Congruent","Incongruent",55.99951,56.199508,"7&",0.675629,"Correct","Correct","Correct","Correct"
"2",29,"1_2_stimuli","2_1","Incongruent","Congruent","Incongruent","Congruent",57.99949,58.199482,"1!",0.659351,"Correct","Correct","Correct","Correct"
"2",30,"3_4_stimuli","4_4","Congruent","Incongruent","Congruent","Incongruent",59.999468,60.199472,"4$",0.739484,"Correct","Correct","Correct","Correct"
"2",31,"5_6_stimuli","6_6","Congruent","Congruent","Incongruent","Congruent",61.999451,62.199449,"6^",1.011689,"Correct","Correct","Correct","Correct"
"2",32,"7_8_stimuli","7_7","Congruent","Congruent","Congruent","Incongruent",63.999436,64.199434,"7&",0.803855,"Correct","Correct","Correct","Correct"
"2",33,"1_2_stimuli","2_1","Incongruent","Congruent","Congruent","Congruent",65.999413,66.199405,"1!",0.611855,"Correct","Correct","Correct","Correct"
"2",34,"3_4_stimuli","3_3","Congruent","Incongruent","Congruent","Congruent",67.999392,68.199399,"3#",0.931404,"Correct","Correct","Correct","Correct"
"2",35,"5_6_stimuli","5_6","Incongruent","Congruent","Incongruent","Congruent",69.999389,70.199377,"6^",0.947749,"Correct","Correct","Correct","Correct"
"2",36,"7_8_stimuli","8_7","Incongruent","Incongruent","Congruent","Incongruent",71.999364,72.199363,"7&",0.803661,"Correct","Correct","Correct","Correct"
"2",37,"1_2_stimuli","2_1","Incongruent","Incongruent","Incongruent","Congruent",73.999341,74.199332,"1!",0.563922,"Correct","Correct","Correct","Correct"
"2",38,"3_4_stimuli","3_4","Incongruent","Incongruent","Incongruent","Incongruent",75.999325,76.199319,"4$",0.835468,"Correct","Correct","Correct","Correct"
"2",39,"5_6_stimuli","5_6","Incongruent","Incongruent","Incongruent","Incongruent",77.999309,78.199297,"6^",0.707805,"Correct","Correct","Correct","Correct"
"2",40,"7_8_stimuli","7_7","Congruent","Incongruent","Incongruent","Incongruent",79.999297,80.199292,"7&",0.627511,"Correct","Correct","Correct","Correct"
"2",41,"1_2_stimuli","1_2","Incongruent","Congruent","Incongruent","Incongruent",81.999273,82.199273,"2@",0.787494,"Correct","Correct","Correct","Correct"
"2",42,"3_4_stimuli","3_4","Incongruent","Incongruent","Congruent","Incongruent",83.999258,84.199251,"4$",0.691507,"Correct","Correct","Correct","Correct"
"2",43,"5_6_stimuli","5_6","Incongruent","Incongruent","Incongruent","Congruent",85.999232,86.199242,"6^",0.691747,"Correct","Correct","Correct","Correct"
"2",44,"7_8_stimuli","8_7","Incongruent","Incongruent","Incongruent","Incongruent",87.999221,88.199217,"7&",0.660115,"Correct","Correct","Correct","Correct"
"2",45,"1_2_stimuli","1_1","Congruent","Incongruent","Incongruent","Incongruent",89.999197,90.199202,"1!",0.532108,"Correct","Correct","Correct","Correct"
"2",46,"3_4_stimuli","4_4","Congruent","Congruent","Incongruent","Incongruent",91.999175,92.199176,"4$",0.916079,"Correct","Correct","Correct","Correct"
"2",47,"5_6_stimuli","6_6","Congruent","Congruent","Congruent","Incongruent",93.999164,94.199177,"6^",1.251947,"Correct","Correct","Correct","Correct"
"2",48,"7_8_stimuli","8_8","Congruent","Congruent","Congruent","Congruent",95.999144,96.199138,"8*",0.627598,"Correct","Correct","Correct","Correct"
"2",49,"1_2_stimuli","2_2","Congruent","Congruent","Congruent","Congruent",97.999126,98.199118,"2@",0.707874,"Correct","Correct","Correct","Correct"
"2",50,"3_4_stimuli","4_4","Congruent","Congruent","Congruent","Congruent",99.99911,100.199102,"4$",0.772034,"Correct","Correct","Correct","Correct"
"2",51,"5_6_stimuli","5_5","Congruent","Congruent","Congruent","Congruent",101.999091,102.199094,"5%",0.947822,"Correct","Correct","Correct","Correct"
"2",52,"7_8_stimuli","7_8","Incongruent","Congruent","Congruent","Congruent",103.999075,104.199068,"8*",0.708278,"Correct","Correct","Correct","Correct"
"2",53,"1_2_stimuli","1_1","Congruent","Incongruent","Congruent","Congruent",105.999055,106.199048,"1!",0.56365,"Correct","Correct","Correct","Correct"
"2",54,"3_4_stimuli","4_3","Incongruent","Congruent","Incongruent","Congruent",107.999032,108.199034,"3#",0.932373,"Correct","Correct","Correct","Correct"
"2",55,"5_6_stimuli","6_5","Incongruent","Incongruent","Congruent","Incongruent",109.999024,110.199022,"5%",0.852329,"Correct","Correct","Correct","Correct"
"2",56,"7_8_stimuli","8_8","Congruent","Incongruent","Incongruent","Congruent",111.999002,112.199005,"8*",0.644018,"Correct","Correct","Correct","Correct"
"2",57,"1_2_stimuli","1_1","Congruent","Congruent","Incongruent","Incongruent",113.998994,114.198985,"1!",0.531728,"Correct","Correct","Correct","Correct"
"2",58,"3_4_stimuli","4_3","Incongruent","Congruent","Congruent","Incongruent",115.998968,116.19897,"3#",0.691809,"Correct","Correct","Correct","Correct"
"2",59,"5_6_stimuli","6_6","Congruent","Incongruent","Congruent","Congruent",117.998949,118.198947,"6^",0.899794,"Correct","Correct","Correct","Correct"
"2",60,"7_8_stimuli","8_7","Incongruent","Congruent","Incongruent","Congruent",119.998929,120.198935,"7&",0.675821,"Correct","Correct","Correct","Correct"
"2",61,"1_2_stimuli","1_2","Incongruent","Incongruent","Congruent","Incongruent",121.998912,122.198907,"2@",0.548092,"Correct","Correct","Correct","Correct"
"2",62,"3_4_stimuli","4_4","Congruent","Incongruent","Incongruent","Congruent",123.99889,124.198892,"4$",0.612345,"Correct","Correct","Correct","Correct"
"2",63,"5_6_stimuli","5_5","Congruent","Congruent","Incongruent","Incongruent",125.998898,126.198871,"5%",0.740381,"Correct","Correct","Correct","Correct"
"2",64,"7_8_stimuli","7_8","Incongruent","Congruent","Congruent","Incongruent",127.998856,128.198854,"8*",0.708069,"Correct","Correct","Correct","Correct"
"2",65,"1_2_stimuli","1_2","Incongruent","Incongruent","Congruent","Congruent",129.998843,130.198832,"2@",0.627916,"Correct","Correct","Correct","Correct"
"2",66,"3_4_stimuli","3_4","Incongruent","Incongruent","Incongruent","Congruent",131.99882,132.198826,"4$",0.659996,"Correct","Correct","Correct","Correct"
"2",67,"5_6_stimuli","6_6","Congruent","Incongruent","Incongruent","Incongruent",133.998803,134.198803,"6^",0.900412,"Correct","Correct","Correct","Correct"
"2",68,"7_8_stimuli","7_8","Incongruent","Congruent","Incongruent","Incongruent",135.998795,136.198794,"7&",1.220149,"Error","Correct","Correct","Correct"
"3",1,"1_2_stimuli","1_1","Congruent",NA,NA,NA,1.999974,2.199979,"1!",0.637274,"Correct",NA,NA,NA
"3",2,"3_4_stimuli","4_3","Incongruent","Congruent",NA,NA,3.999963,4.199959,"3#",0.750049,"Correct","Correct",NA,NA
"3",3,"5_6_stimuli","6_5","Incongruent","Incongruent","Congruent",NA,5.999939,6.199939,"5%",0.973565,"Correct","Correct","Correct",NA
"3",4,"7_8_stimuli","8_8","Congruent","Incongruent","Incongruent","Congruent",7.999928,8.199929,"8*",0.557305,"Correct","Correct","Correct","Correct"
"3",5,"1_2_stimuli","1_1","Congruent","Congruent","Incongruent","Incongruent",9.999908,10.199898,"1!",0.557876,"Correct","Correct","Correct","Correct"
"3",6,"3_4_stimuli","3_4","Incongruent","Congruent","Congruent","Incongruent",11.999898,12.199886,"4$",0.877823,"Correct","Correct","Correct","Correct"
"3",7,"5_6_stimuli","5_5","Congruent","Incongruent","Congruent","Congruent",13.99987,14.199875,"5%",0.765421,"Correct","Correct","Correct","Correct"
"3",8,"7_8_stimuli","8_7","Incongruent","Congruent","Incongruent","Congruent",15.999853,16.199852,"7&",0.9419,"Correct","Correct","Correct","Correct"
"3",9,"1_2_stimuli","1_2","Incongruent","Incongruent","Congruent","Incongruent",17.999831,18.199833,"2@",0.5895,"Correct","Correct","Correct","Correct"
"3",10,"3_4_stimuli","4_4","Congruent","Incongruent","Incongruent","Congruent",19.99982,20.199824,"4$",0.733433,"Correct","Correct","Correct","Correct"
"3",11,"5_6_stimuli","5_5","Congruent","Congruent","Incongruent","Incongruent",21.999809,22.199802,"5%",0.877905,"Correct","Correct","Correct","Correct"
"3",12,"7_8_stimuli","7_8","Incongruent","Congruent","Congruent","Incongruent",23.999787,24.199781,"8*",0.63751,"Correct","Correct","Correct","Correct"
"3",13,"1_2_stimuli","2_2","Congruent","Incongruent","Congruent","Congruent",25.999762,26.199767,"2@",0.589683,"Correct","Correct","Correct","Correct"
"3",14,"3_4_stimuli","4_4","Congruent","Congruent","Incongruent","Congruent",27.999756,28.199752,"4$",0.733503,"Correct","Correct","Correct","Correct"
"3",15,"5_6_stimuli","6_5","Incongruent","Congruent","Congruent","Incongruent",29.999739,30.199725,"5%",0.925677,"Correct","Correct","Correct","Correct"
"3",16,"7_8_stimuli","8_8","Congruent","Incongruent","Congruent","Congruent",31.999711,32.199707,"8*",0.670238,"Correct","Correct","Correct","Correct"
"3",17,"1_2_stimuli","2_1","Incongruent","Congruent","Incongruent","Congruent",33.999687,34.199691,"1!",0.685756,"Correct","Correct","Correct","Correct"
"3",18,"3_4_stimuli","3_3","Congruent","Incongruent","Congruent","Incongruent",35.999675,36.199673,"2@",0.654154,"Error","Correct","Correct","Correct"
"3",19,"5_6_stimuli","6_6","Congruent","Congruent","Incongruent","Congruent",37.999655,38.199651,"6^",1.117682,"Correct","Error","Correct","Correct"
"3",20,"7_8_stimuli","7_7","Congruent","Congruent","Congruent","Incongruent",39.999648,40.199645,"7&",0.797889,"Correct","Correct","Error","Correct"
"3",21,"1_2_stimuli","1_1","Congruent","Congruent","Congruent","Congruent",41.999625,42.199618,"1!",0.685788,"Correct","Correct","Correct","Error"
"3",22,"3_4_stimuli","3_3","Congruent","Congruent","Congruent","Congruent",43.999601,44.199596,"3#",0.798012,"Correct","Correct","Correct","Correct"
"3",23,"5_6_stimuli","6_5","Incongruent","Congruent","Congruent","Congruent",45.999594,46.199579,"5%",1.005638,"Correct","Correct","Correct","Correct"
"3",24,"7_8_stimuli","7_8","Incongruent","Incongruent","Congruent","Congruent",47.99956,48.199564,"8*",0.701686,"Correct","Correct","Correct","Correct"
"3",25,"1_2_stimuli","1_1","Congruent","Incongruent","Incongruent","Congruent",49.999544,50.199549,"1!",0.622279,"Correct","Correct","Correct","Correct"
"3",26,"3_4_stimuli","3_4","Incongruent","Congruent","Incongruent","Incongruent",51.999533,52.199534,"5%",0.750343,"Error","Correct","Correct","Correct"
"3",27,"5_6_stimuli","5_5","Congruent","Incongruent","Congruent","Incongruent",53.999523,54.199512,"5%",1.293896,"Correct","Error","Correct","Correct"
"3",28,"7_8_stimuli","7_7","Congruent","Congruent","Incongruent","Congruent",55.999502,56.199503,"7&",0.685892,"Correct","Correct","Error","Correct"
"3",29,"1_2_stimuli","2_1","Incongruent","Congruent","Congruent","Incongruent",57.999472,58.199485,"1!",0.637972,"Correct","Correct","Correct","Error"
"3",30,"3_4_stimuli","3_4","Incongruent","Incongruent","Congruent","Congruent",59.999472,60.199454,"4$",0.718424,"Correct","Correct","Correct","Correct"
"3",31,"5_6_stimuli","5_6","Incongruent","Incongruent","Incongruent","Congruent",61.999446,62.199437,"6^",0.925767,"Correct","Correct","Correct","Correct"
"3",32,"7_8_stimuli","8_7","Incongruent","Incongruent","Incongruent","Incongruent",63.999417,64.199426,"7&",1.038353,"Correct","Correct","Correct","Correct"
"3",33,"1_2_stimuli","2_2","Congruent","Incongruent","Incongruent","Incongruent",65.999399,66.199404,"2@",0.798403,"Correct","Correct","Correct","Correct"
"3",34,"3_4_stimuli","3_3","Congruent","Congruent","Incongruent","Incongruent",67.999385,68.199389,"3#",0.797818,"Correct","Correct","Correct","Correct"
"3",35,"5_6_stimuli","6_6","Congruent","Congruent","Congruent","Incongruent",69.999371,70.199381,"6^",0.95787,"Correct","Correct","Correct","Correct"
"3",36,"7_8_stimuli","7_7","Congruent","Congruent","Congruent","Congruent",71.999363,72.199352,"7&",0.46183,"Correct","Correct","Correct","Correct"
"3",37,"1_2_stimuli","1_2","Incongruent","Congruent","Congruent","Congruent",73.999339,74.199338,"2@",0.670437,"Correct","Correct","Correct","Correct"
"3",38,"3_4_stimuli","3_3","Congruent","Incongruent","Congruent","Congruent",75.99931,76.199313,"Omission",5000,"Omission","Correct","Correct","Correct"
"3",39,"5_6_stimuli","6_5","Incongruent","Congruent","Incongruent","Congruent",77.9993,78.199299,"5%",1.038321,"Correct","Omission","Correct","Correct"
"3",40,"7_8_stimuli","8_8","Congruent","Incongruent","Congruent","Incongruent",79.999289,80.199289,"8*",0.750157,"Correct","Correct","Omission","Correct"
"3",41,"1_2_stimuli","2_2","Congruent","Congruent","Incongruent","Congruent",81.999259,82.199264,"2@",0.68598,"Correct","Correct","Correct","Omission"
"3",42,"3_4_stimuli","4_4","Congruent","Congruent","Congruent","Incongruent",83.999245,84.199244,"4$",0.782163,"Correct","Correct","Correct","Correct"
"3",43,"5_6_stimuli","5_5","Congruent","Congruent","Congruent","Congruent",85.999229,86.199223,"5%",0.781962,"Correct","Correct","Correct","Correct"
"3",44,"7_8_stimuli","7_8","Incongruent","Congruent","Congruent","Congruent",87.999207,88.199214,"8*",0.749883,"Correct","Correct","Correct","Correct"
"3",45,"1_2_stimuli","2_1","Incongruent","Incongruent","Congruent","Congruent",89.999188,90.199193,"1!",0.670022,"Correct","Correct","Correct","Correct"
"3",46,"3_4_stimuli","4_3","Incongruent","Incongruent","Incongruent","Congruent",91.999169,92.199175,"3#",0.846375,"Correct","Correct","Correct","Correct"
"3",47,"5_6_stimuli","6_6","Congruent","Incongruent","Incongruent","Incongruent",93.999158,94.199161,"7&",0.686003,"Error","Correct","Correct","Correct"
"3",48,"7_8_stimuli","8_7","Incongruent","Congruent","Incongruent","Incongruent",95.999143,96.199144,"7&",0.718028,"Correct","Error","Correct","Correct"
"3",49,"1_2_stimuli","1_1","Congruent","Incongruent","Congruent","Incongruent",97.999123,98.199116,"1!",0.606013,"Correct","Correct","Error","Correct"
"3",50,"3_4_stimuli","3_4","Incongruent","Congruent","Incongruent","Congruent",99.999098,100.199105,"4$",0.84654,"Correct","Correct","Correct","Error"
"3",51,"5_6_stimuli","5_6","Incongruent","Incongruent","Congruent","Incongruent",101.999079,102.199082,"6^",0.750559,"Correct","Correct","Correct","Correct"
"3",52,"7_8_stimuli","8_8","Congruent","Incongruent","Incongruent","Congruent",103.999062,104.199065,"8*",0.750136,"Correct","Correct","Correct","Correct"
"3",53,"1_2_stimuli","1_2","Incongruent","Congruent","Incongruent","Incongruent",105.999043,106.199047,"2@",0.622135,"Correct","Correct","Correct","Correct"
"3",54,"3_4_stimuli","4_3","Incongruent","Incongruent","Congruent","Incongruent",107.999036,108.199033,"3#",0.766979,"Correct","Correct","Correct","Correct"
"3",55,"5_6_stimuli","6_6","Congruent","Incongruent","Incongruent","Congruent",109.999012,110.199016,"6^",0.782714,"Correct","Correct","Correct","Correct"
"3",56,"7_8_stimuli","7_7","Congruent","Congruent","Incongruent","Incongruent",111.998995,112.198994,"7&",0.798172,"Correct","Correct","Correct","Correct"
"3",57,"1_2_stimuli","2_2","Congruent","Congruent","Congruent","Incongruent",113.99896,114.198976,"2@",0.671027,"Correct","Correct","Correct","Correct"
"3",58,"3_4_stimuli","4_3","Incongruent","Congruent","Congruent","Congruent",115.998962,116.198962,"3#",0.687051,"Correct","Correct","Correct","Correct"
"3",59,"5_6_stimuli","5_6","Incongruent","Incongruent","Congruent","Congruent",117.998937,118.198942,"6^",0.814221,"Correct","Correct","Correct","Correct"
"3",60,"7_8_stimuli","7_8","Incongruent","Incongruent","Incongruent","Congruent",119.998924,120.198922,"8*",1.230833,"Correct","Correct","Correct","Correct"
"3",61,"1_2_stimuli","2_1","Incongruent","Incongruent","Incongruent","Incongruent",121.998909,122.19891,"1!",0.638716,"Correct","Correct","Correct","Correct"
"3",62,"3_4_stimuli","4_4","Congruent","Incongruent","Incongruent","Incongruent",123.998885,124.198885,"4$",0.926531,"Correct","Correct","Correct","Correct"
"3",63,"5_6_stimuli","6_5","Incongruent","Congruent","Incongruent","Incongruent",125.998874,126.198872,"5%",0.92629,"Correct","Correct","Correct","Correct"
"3",64,"7_8_stimuli","8_7","Incongruent","Incongruent","Congruent","Incongruent",127.998848,128.198859,"7&",0.879028,"Correct","Correct","Correct","Correct"
"3",65,"1_2_stimuli","1_2","Incongruent","Incongruent","Incongruent","Congruent",129.998833,130.198837,"2@",0.590301,"Correct","Correct","Correct","Correct"
"3",66,"3_4_stimuli","4_3","Incongruent","Incongruent","Incongruent","Incongruent",131.998818,132.198817,"3#",0.686764,"Correct","Correct","Correct","Correct"
"3",67,"5_6_stimuli","5_6","Incongruent","Incongruent","Incongruent","Incongruent",133.998797,134.198793,"6^",1.358819,"Correct","Correct","Correct","Correct"
"3",68,"7_8_stimuli","8_8","Congruent","Incongruent","Incongruent","Incongruent",135.998789,136.198778,"8*",0.750551,"Correct","Correct","Correct","Correct"
"4",1,"1_2_stimuli","1_2","Incongruent",NA,NA,NA,1.999978,2.199973,"2@",1.168883,"Correct",NA,NA,NA
"4",2,"3_4_stimuli","4_3","Incongruent","Incongruent",NA,NA,3.999964,4.199959,"3#",0.993032,"Correct","Correct",NA,NA
"4",3,"5_6_stimuli","5_5","Congruent","Incongruent","Incongruent",NA,5.999952,6.199961,"6^",1.248913,"Error","Correct","Correct",NA
"4",4,"7_8_stimuli","7_8","Incongruent","Congruent","Incongruent","Incongruent",7.99993,8.199922,"7&",0.593004,"Error","Error","Correct","Correct"
"4",5,"1_2_stimuli","2_2","Congruent","Incongruent","Congruent","Incongruent",9.999917,10.199913,"2@",0.848628,"Correct","Error","Error","Correct"
"4",6,"3_4_stimuli","3_3","Congruent","Congruent","Incongruent","Congruent",11.999891,12.199887,"3#",0.833611,"Correct","Correct","Error","Error"
"4",7,"5_6_stimuli","5_5","Congruent","Congruent","Congruent","Incongruent",13.99987,14.199863,"5%",1.104974,"Correct","Correct","Correct","Error"
"4",8,"7_8_stimuli","7_7","Congruent","Congruent","Congruent","Congruent",15.99985,16.199855,"7&",0.689185,"Correct","Correct","Correct","Correct"
"4",9,"1_2_stimuli","2_2","Congruent","Congruent","Congruent","Congruent",17.999847,18.199839,"2@",0.896567,"Correct","Correct","Correct","Correct"
"4",10,"3_4_stimuli","4_3","Incongruent","Congruent","Congruent","Congruent",19.999817,20.199825,"3#",0.624666,"Correct","Correct","Correct","Correct"
"4",11,"5_6_stimuli","6_6","Congruent","Incongruent","Congruent","Congruent",21.999802,22.199808,"6^",1.009031,"Correct","Correct","Correct","Correct"
"4",12,"7_8_stimuli","8_8","Congruent","Congruent","Incongruent","Congruent",23.999782,24.199781,"8*",0.976861,"Correct","Correct","Correct","Correct"
"4",13,"1_2_stimuli","1_2","Incongruent","Congruent","Congruent","Incongruent",25.999758,26.199773,"2@",0.721154,"Correct","Correct","Correct","Correct"
"4",14,"3_4_stimuli","4_4","Congruent","Incongruent","Congruent","Congruent",27.99975,28.199739,"5%",0.816768,"Error","Correct","Correct","Correct"
"4",15,"5_6_stimuli","5_6","Incongruent","Congruent","Incongruent","Congruent",29.999731,30.199728,"Omission",5000,"Omission","Error","Correct","Correct"
"4",16,"7_8_stimuli","8_8","Congruent","Incongruent","Congruent","Incongruent",31.999711,32.19972,"8*",0.768957,"Correct","Omission","Error","Correct"
"4",17,"1_2_stimuli","1_2","Incongruent","Congruent","Incongruent","Congruent",33.999702,34.199692,"2@",0.672613,"Correct","Correct","Omission","Error"
"4",18,"3_4_stimuli","3_4","Incongruent","Incongruent","Congruent","Incongruent",35.999677,36.199672,"4$",1.072646,"Correct","Correct","Correct","Omission"
"4",19,"5_6_stimuli","6_5","Incongruent","Incongruent","Incongruent","Congruent",37.999658,38.199664,"5%",0.737459,"Correct","Correct","Correct","Correct"
"4",20,"7_8_stimuli","7_8","Incongruent","Incongruent","Incongruent","Incongruent",39.99964,40.199648,"8*",0.880712,"Correct","Correct","Correct","Correct"
"4",21,"1_2_stimuli","2_2","Congruent","Incongruent","Incongruent","Incongruent",41.999627,42.19962,"2@",0.800883,"Correct","Correct","Correct","Correct"
"4",22,"3_4_stimuli","3_4","Incongruent","Congruent","Incongruent","Incongruent",43.999603,44.199613,"4$",0.80144,"Correct","Correct","Correct","Correct"
"4",23,"5_6_stimuli","6_6","Congruent","Incongruent","Congruent","Incongruent",45.999594,46.199589,"6^",0.961278,"Correct","Correct","Correct","Correct"
"4",24,"7_8_stimuli","7_8","Incongruent","Congruent","Incongruent","Congruent",47.999574,48.199573,"8*",1.088877,"Correct","Correct","Correct","Correct"
"4",25,"1_2_stimuli","1_2","Incongruent","Incongruent","Congruent","Incongruent",49.999553,50.199554,"2@",0.736774,"Correct","Correct","Correct","Correct"
"4",26,"3_4_stimuli","3_3","Congruent","Incongruent","Incongruent","Congruent",51.99953,52.199533,"3#",0.801284,"Correct","Correct","Correct","Correct"
"4",27,"5_6_stimuli","6_6","Congruent","Congruent","Incongruent","Incongruent",53.999518,54.199523,"6^",0.833243,"Correct","Correct","Correct","Correct"
"4",28,"7_8_stimuli","7_7","Congruent","Congruent","Congruent","Incongruent",55.999496,56.199502,"7&",0.577321,"Correct","Correct","Correct","Correct"
"4",29,"1_2_stimuli","2_1","Incongruent","Congruent","Congruent","Congruent",57.999489,58.199487,"1!",0.785365,"Correct","Correct","Correct","Correct"
"4",30,"3_4_stimuli","4_3","Incongruent","Incongruent","Congruent","Congruent",59.99947,60.199471,"3#",0.977549,"Correct","Correct","Correct","Correct"
"4",31,"5_6_stimuli","6_6","Congruent","Incongruent","Incongruent","Congruent",61.999442,62.199445,"6^",1.313569,"Correct","Correct","Correct","Correct"
"4",32,"7_8_stimuli","7_7","Congruent","Congruent","Incongruent","Incongruent",63.999434,64.199418,"7&",0.625427,"Correct","Correct","Correct","Correct"
"4",33,"1_2_stimuli","1_1","Congruent","Congruent","Congruent","Incongruent",65.99941,66.199407,"1!",0.785156,"Correct","Correct","Correct","Correct"
"4",34,"3_4_stimuli","4_4","Congruent","Congruent","Congruent","Congruent",67.999388,68.199396,"4$",1.184934,"Correct","Correct","Correct","Correct"
"4",35,"5_6_stimuli","5_5","Congruent","Congruent","Congruent","Congruent",69.999367,70.19938,"5%",0.865213,"Correct","Correct","Correct","Correct"
"4",36,"7_8_stimuli","8_7","Incongruent","Congruent","Congruent","Congruent",71.999349,72.19936,"7&",0.817039,"Correct","Correct","Correct","Correct"
"4",37,"1_2_stimuli","2_1","Incongruent","Incongruent","Congruent","Congruent",73.999338,74.199327,"1!",0.689509,"Correct","Correct","Correct","Correct"
"4",38,"3_4_stimuli","3_4","Incongruent","Incongruent","Incongruent","Congruent",75.99932,76.199322,"4$",0.849372,"Correct","Correct","Correct","Correct"
"4",39,"5_6_stimuli","5_6","Incongruent","Incongruent","Incongruent","Incongruent",77.999304,78.199296,"6^",1.425331,"Correct","Correct","Correct","Correct"
"4",40,"7_8_stimuli","8_8","Congruent","Incongruent","Incongruent","Incongruent",79.999285,80.199287,"8*",1.16945,"Correct","Correct","Correct","Correct"
"4",41,"1_2_stimuli","2_2","Congruent","Congruent","Incongruent","Incongruent",81.999264,82.19926,"2@",0.721532,"Correct","Correct","Correct","Correct"
"4",42,"3_4_stimuli","3_3","Congruent","Congruent","Congruent","Incongruent",83.999257,84.199239,"3#",1.297437,"Correct","Correct","Correct","Correct"
"4",43,"5_6_stimuli","5_6","Incongruent","Congruent","Congruent","Congruent",85.999229,86.199233,"6^",1.185032,"Correct","Correct","Correct","Correct"
"4",44,"7_8_stimuli","8_7","Incongruent","Incongruent","Congruent","Congruent",87.99921,88.199203,"7&",0.913442,"Correct","Correct","Correct","Correct"
"4",45,"1_2_stimuli","2_1","Incongruent","Incongruent","Incongruent","Congruent",89.999194,90.199189,"1!",0.737685,"Correct","Correct","Correct","Correct"
"4",46,"3_4_stimuli","4_4","Congruent","Incongruent","Incongruent","Incongruent",91.999179,92.199179,"4$",0.929156,"Correct","Correct","Correct","Correct"
"4",47,"5_6_stimuli","6_5","Incongruent","Congruent","Incongruent","Incongruent",93.999161,94.19915,"5%",0.865536,"Correct","Correct","Correct","Correct"
"4",48,"7_8_stimuli","8_7","Incongruent","Incongruent","Congruent","Incongruent",95.999143,96.199138,"6^",0.97738,"Error","Correct","Correct","Correct"
"4",49,"1_2_stimuli","1_1","Congruent","Incongruent","Incongruent","Congruent",97.99912,98.199127,"1!",0.705797,"Correct","Error","Correct","Correct"
"4",50,"3_4_stimuli","4_4","Congruent","Congruent","Incongruent","Incongruent",99.999111,100.1991,"4$",0.817703,"Correct","Correct","Error","Correct"
"4",51,"5_6_stimuli","6_5","Incongruent","Congruent","Congruent","Incongruent",101.999087,102.199089,"5%",0.945299,"Correct","Correct","Correct","Error"
"4",52,"7_8_stimuli","7_7","Congruent","Incongruent","Congruent","Congruent",103.999072,104.199071,"Omission",5000,"Omission","Correct","Correct","Correct"
"4",53,"1_2_stimuli","1_1","Congruent","Congruent","Incongruent","Congruent",105.999054,106.199055,"1!",0.497706,"Correct","Omission","Correct","Correct"
"4",54,"3_4_stimuli","4_3","Incongruent","Congruent","Congruent","Incongruent",107.999031,108.19903,"3#",0.897475,"Correct","Correct","Omission","Correct"
"4",55,"5_6_stimuli","5_6","Incongruent","Incongruent","Congruent","Congruent",109.999012,110.199017,"6^",0.881299,"Correct","Correct","Correct","Omission"
"4",56,"7_8_stimuli","8_8","Congruent","Incongruent","Incongruent","Congruent",111.999,112.198999,"8*",0.785857,"Correct","Correct","Correct","Correct"
"4",57,"1_2_stimuli","1_2","Incongruent","Congruent","Incongruent","Incongruent",113.998982,114.198981,"2@",0.673944,"Correct","Correct","Correct","Correct"
"4",58,"3_4_stimuli","3_3","Congruent","Incongruent","Congruent","Incongruent",115.998965,116.198967,"3#",0.833816,"Correct","Correct","Correct","Correct"
"4",59,"5_6_stimuli","5_5","Congruent","Congruent","Incongruent","Congruent",117.998943,118.198948,"5%",1.05736,"Correct","Correct","Correct","Correct"
"4",60,"7_8_stimuli","7_8","Incongruent","Congruent","Congruent","Incongruent",119.998928,120.19893,"8*",0.83419,"Correct","Correct","Correct","Correct"
"4",61,"1_2_stimuli","1_1","Congruent","Incongruent","Congruent","Congruent",121.998911,122.198914,"1!",0.641898,"Correct","Correct","Correct","Correct"
"4",62,"3_4_stimuli","3_4","Incongruent","Congruent","Incongruent","Congruent",123.998891,124.198895,"4$",0.866021,"Correct","Correct","Correct","Correct"
"4",63,"5_6_stimuli","6_5","Incongruent","Incongruent","Congruent","Incongruent",125.998875,126.19887,"Omission",5000,"Omission","Correct","Correct","Correct"
"4",64,"7_8_stimuli","7_8","Incongruent","Incongruent","Incongruent","Congruent",127.998857,128.19886,"8*",1.041366,"Correct","Omission","Correct","Correct"
"4",65,"1_2_stimuli","2_1","Incongruent","Incongruent","Incongruent","Incongruent",129.998832,130.198838,"1!",0.625519,"Correct","Correct","Omission","Correct"
"4",66,"3_4_stimuli","4_3","Incongruent","Incongruent","Incongruent","Incongruent",131.998814,132.198813,"3#",0.833456,"Correct","Correct","Correct","Omission"
"4",67,"5_6_stimuli","5_5","Congruent","Incongruent","Incongruent","Incongruent",133.998802,134.198808,"5%",0.849487,"Correct","Correct","Correct","Correct"
"4",68,"7_8_stimuli","8_7","Incongruent","Congruent","Incongruent","Incongruent",135.998782,136.198792,"7&",0.753797,"Correct","Correct","Correct","Correct"
"5",1,"1_2_stimuli","2_2","Congruent",NA,NA,NA,1.999984,2.199973,"2@",0.727576,"Correct",NA,NA,NA
"5",2,"3_4_stimuli","4_4","Congruent","Congruent",NA,NA,3.999962,4.199962,"4$",1.126895,"Correct","Correct",NA,NA
"5",3,"5_6_stimuli","6_6","Congruent","Congruent","Congruent",NA,5.999957,6.199949,"6^",0.918934,"Correct","Correct","Correct",NA
"5",4,"7_8_stimuli","7_7","Congruent","Congruent","Congruent","Congruent",7.999936,8.199922,"7&",0.759376,"Correct","Correct","Correct","Correct"
"5",5,"1_2_stimuli","1_2","Incongruent","Congruent","Congruent","Congruent",9.999906,10.199919,"2@",0.55117,"Correct","Correct","Correct","Correct"
"5",6,"3_4_stimuli","4_3","Incongruent","Incongruent","Congruent","Congruent",11.999904,12.199893,"3#",0.567073,"Correct","Correct","Correct","Correct"
"5",7,"5_6_stimuli","5_5","Congruent","Incongruent","Incongruent","Congruent",13.999873,14.19988,"5%",1.031002,"Correct","Correct","Correct","Correct"
"5",8,"7_8_stimuli","8_8","Congruent","Congruent","Incongruent","Incongruent",15.999861,16.19986,"8*",0.74318,"Correct","Correct","Correct","Correct"
"5",9,"1_2_stimuli","1_1","Congruent","Congruent","Congruent","Incongruent",17.999846,18.199841,"1!",0.615593,"Correct","Correct","Correct","Correct"
"5",10,"3_4_stimuli","3_4","Incongruent","Congruent","Congruent","Congruent",19.999826,20.199826,"4$",0.775033,"Correct","Correct","Correct","Correct"
"5",11,"5_6_stimuli","5_6","Incongruent","Incongruent","Congruent","Congruent",21.999816,22.199817,"6^",1.014983,"Correct","Correct","Correct","Correct"
"5",12,"7_8_stimuli","7_8","Incongruent","Incongruent","Incongruent","Congruent",23.999781,24.199785,"8*",1.190985,"Correct","Correct","Correct","Correct"
"5",13,"1_2_stimuli","1_2","Incongruent","Incongruent","Incongruent","Incongruent",25.999771,26.199775,"2@",0.663056,"Correct","Correct","Correct","Correct"
"5",14,"3_4_stimuli","3_4","Incongruent","Incongruent","Incongruent","Incongruent",27.999761,28.199757,"4$",0.90335,"Correct","Correct","Correct","Correct"
"5",15,"5_6_stimuli","6_6","Congruent","Incongruent","Incongruent","Incongruent",29.999741,30.199731,"6^",0.871155,"Correct","Correct","Correct","Correct"
"5",16,"7_8_stimuli","7_8","Incongruent","Congruent","Incongruent","Incongruent",31.999725,32.199722,"8*",0.999696,"Correct","Correct","Correct","Correct"
"5",17,"1_2_stimuli","1_2","Incongruent","Incongruent","Congruent","Incongruent",33.999693,34.199689,"2@",0.695628,"Correct","Correct","Correct","Correct"
"5",18,"3_4_stimuli","3_3","Congruent","Incongruent","Incongruent","Congruent",35.999686,36.199679,"3#",0.775821,"Correct","Correct","Correct","Correct"
"5",19,"5_6_stimuli","5_6","Incongruent","Congruent","Incongruent","Incongruent",37.999663,38.199663,"6^",1.06387,"Correct","Correct","Correct","Correct"
"5",20,"7_8_stimuli","8_7","Incongruent","Incongruent","Congruent","Incongruent",39.999649,40.199646,"7&",0.695565,"Correct","Correct","Correct","Correct"
"5",21,"1_2_stimuli","2_2","Congruent","Incongruent","Incongruent","Congruent",41.999638,42.199628,"2@",0.599613,"Correct","Correct","Correct","Correct"
"5",22,"3_4_stimuli","3_4","Incongruent","Congruent","Incongruent","Incongruent",43.99961,44.199612,"4$",0.8554,"Correct","Correct","Correct","Correct"
"5",23,"5_6_stimuli","6_5","Incongruent","Incongruent","Congruent","Incongruent",45.999602,46.199596,"5%",1.12724,"Correct","Correct","Correct","Correct"
"5",24,"7_8_stimuli","7_7","Congruent","Incongruent","Incongruent","Congruent",47.999574,48.199571,"7&",0.647686,"Correct","Correct","Correct","Correct"
"5",25,"1_2_stimuli","1_1","Congruent","Congruent","Incongruent","Incongruent",49.999557,50.199559,"1!",0.599751,"Correct","Correct","Correct","Correct"
"5",26,"3_4_stimuli","4_3","Incongruent","Congruent","Congruent","Incongruent",51.999538,52.199546,"3#",0.871351,"Correct","Correct","Correct","Correct"
"5",27,"5_6_stimuli","6_6","Congruent","Incongruent","Congruent","Congruent",53.99953,54.199519,"6^",1.11141,"Correct","Correct","Correct","Correct"
"5",28,"7_8_stimuli","7_8","Incongruent","Congruent","Incongruent","Congruent",55.999511,56.1995,"8*",0.775925,"Correct","Correct","Correct","Correct"
"5",29,"1_2_stimuli","2_2","Congruent","Incongruent","Congruent","Incongruent",57.999481,58.199481,"2@",0.727909,"Correct","Correct","Correct","Correct"
"5",30,"3_4_stimuli","3_3","Congruent","Congruent","Incongruent","Congruent",59.999475,60.199469,"3#",0.807344,"Correct","Correct","Correct","Correct"
"5",31,"5_6_stimuli","5_6","Incongruent","Congruent","Congruent","Incongruent",61.99945,62.199448,"6^",0.855832,"Correct","Correct","Correct","Correct"
"5",32,"7_8_stimuli","8_8","Congruent","Incongruent","Congruent","Congruent",63.999426,64.199423,"8*",0.775439,"Correct","Correct","Correct","Correct"
"5",33,"1_2_stimuli","1_1","Congruent","Congruent","Incongruent","Congruent",65.999412,66.199414,"1!",0.567743,"Correct","Correct","Correct","Correct"
"5",34,"3_4_stimuli","4_4","Congruent","Congruent","Congruent","Incongruent",67.999405,68.199393,"4$",0.615416,"Correct","Correct","Correct","Correct"
"5",35,"5_6_stimuli","6_6","Congruent","Congruent","Congruent","Congruent",69.999384,70.199383,"6^",0.903865,"Correct","Correct","Correct","Correct"
"5",36,"7_8_stimuli","8_7","Incongruent","Congruent","Congruent","Congruent",71.999359,72.199358,"7&",0.775892,"Correct","Correct","Correct","Correct"
"5",37,"1_2_stimuli","1_1","Congruent","Incongruent","Congruent","Congruent",73.999344,74.199348,"1!",0.647494,"Correct","Correct","Correct","Correct"
"5",38,"3_4_stimuli","4_3","Incongruent","Congruent","Incongruent","Congruent",75.99932,76.199321,"3#",0.919467,"Correct","Correct","Correct","Correct"
"5",39,"5_6_stimuli","5_5","Congruent","Incongruent","Congruent","Incongruent",77.999318,78.199309,"5%",1.160037,"Correct","Correct","Correct","Correct"
"5",40,"7_8_stimuli","8_8","Congruent","Congruent","Incongruent","Congruent",79.99929,80.199284,"8*",0.711698,"Correct","Correct","Correct","Correct"
"5",41,"1_2_stimuli","2_1","Incongruent","Congruent","Congruent","Incongruent",81.999269,82.199268,"1!",1.096139,"Correct","Correct","Correct","Correct"
"5",42,"3_4_stimuli","4_4","Congruent","Incongruent","Congruent","Congruent",83.999246,84.199247,"4$",1.015728,"Correct","Correct","Correct","Correct"
"5",43,"5_6_stimuli","6_5","Incongruent","Congruent","Incongruent","Congruent",85.999237,86.199243,"5%",1.159545,"Correct","Correct","Correct","Correct"
"5",44,"7_8_stimuli","7_7","Congruent","Incongruent","Congruent","Incongruent",87.999219,88.199218,"7&",1.28763,"Correct","Correct","Correct","Correct"
"5",45,"1_2_stimuli","2_1","Incongruent","Congruent","Incongruent","Congruent",89.999193,90.199204,"1!",0.712219,"Correct","Correct","Correct","Correct"
"5",46,"3_4_stimuli","3_4","Incongruent","Incongruent","Congruent","Incongruent",91.999181,92.199187,"4$",1.192285,"Correct","Correct","Correct","Correct"
"5",47,"5_6_stimuli","6_5","Incongruent","Incongruent","Incongruent","Congruent",93.999167,94.199167,"5%",1.255603,"Correct","Correct","Correct","Correct"
"5",48,"7_8_stimuli","8_7","Incongruent","Incongruent","Incongruent","Incongruent",95.99914,96.199142,"7&",0.856145,"Correct","Correct","Correct","Correct"
"5",49,"1_2_stimuli","2_2","Congruent","Incongruent","Incongruent","Incongruent",97.999125,98.199122,"2@",0.935884,"Correct","Correct","Correct","Correct"
"5",50,"3_4_stimuli","3_3","Congruent","Congruent","Incongruent","Incongruent",99.999119,100.199109,"Omission",5000,"Omission","Correct","Correct","Correct"
"5",51,"5_6_stimuli","5_5","Congruent","Congruent","Congruent","Incongruent",101.999091,102.199092,"5%",1.24004,"Correct","Omission","Correct","Correct"
"5",52,"7_8_stimuli","8_8","Congruent","Congruent","Congruent","Congruent",103.999077,104.19907,"8*",0.855807,"Correct","Correct","Omission","Correct"
"5",53,"1_2_stimuli","2_2","Congruent","Congruent","Congruent","Congruent",105.999059,106.199064,"2@",0.712429,"Correct","Correct","Correct","Omission"
"5",54,"3_4_stimuli","4_4","Congruent","Congruent","Congruent","Congruent",107.99904,108.199037,"4$",0.904441,"Correct","Correct","Correct","Correct"
"5",55,"5_6_stimuli","5_6","Incongruent","Congruent","Congruent","Congruent",109.999017,110.199014,"6^",1.176101,"Correct","Correct","Correct","Correct"
"5",56,"7_8_stimuli","7_8","Incongruent","Incongruent","Congruent","Congruent",111.999012,112.199004,"8*",0.99975,"Correct","Correct","Correct","Correct"
"5",57,"1_2_stimuli","2_1","Incongruent","Incongruent","Incongruent","Congruent",113.998982,114.19899,"1!",0.79177,"Correct","Correct","Correct","Correct"
"5",58,"3_4_stimuli","4_4","Congruent","Incongruent","Incongruent","Incongruent",115.998974,116.198969,"4$",0.935752,"Correct","Correct","Correct","Correct"
"5",59,"5_6_stimuli","5_5","Congruent","Congruent","Incongruent","Incongruent",117.998957,118.198946,"5%",0.952258,"Correct","Correct","Correct","Correct"
"5",60,"7_8_stimuli","8_7","Incongruent","Congruent","Congruent","Incongruent",119.998928,120.198932,"7&",0.792239,"Correct","Correct","Correct","Correct"
"5",61,"1_2_stimuli","1_2","Incongruent","Incongruent","Congruent","Congruent",121.998918,122.198917,"2@",0.680207,"Correct","Correct","Correct","Correct"
"5",62,"3_4_stimuli","4_3","Incongruent","Incongruent","Incongruent","Congruent",123.998905,124.198905,"3#",1.016364,"Correct","Correct","Correct","Correct"
"5",63,"5_6_stimuli","6_5","Incongruent","Incongruent","Incongruent","Incongruent",125.998877,126.19888,"5%",1.159835,"Correct","Correct","Correct","Correct"
"5",64,"7_8_stimuli","7_7","Congruent","Incongruent","Incongruent","Incongruent",127.998868,128.198861,"7&",0.99992,"Correct","Correct","Correct","Correct"
"5",65,"1_2_stimuli","2_1","Incongruent","Congruent","Incongruent","Incongruent",129.998845,130.198843,"1!",1.032262,"Correct","Correct","Correct","Correct"
"5",66,"3_4_stimuli","3_3","Congruent","Incongruent","Congruent","Incongruent",131.998822,132.198825,"3#",1.096288,"Correct","Correct","Correct","Correct"
"5",67,"5_6_stimuli","6_6","Congruent","Congruent","Incongruent","Congruent",133.998809,134.198805,"6^",1.352141,"Correct","Correct","Correct","Correct"
"5",68,"7_8_stimuli","7_7","Congruent","Congruent","Congruent","Incongruent",135.998789,136.198791,"7&",0.775929,"Correct","Correct","Correct","Correct"
"6",1,"1_2_stimuli","1_1","Congruent",NA,NA,NA,1.99998,2.19998,"1!",0.562788,"Correct",NA,NA,NA
"6",2,"3_4_stimuli","3_4","Incongruent","Congruent",NA,NA,3.999964,4.19996,"4$",0.787587,"Correct","Correct",NA,NA
"6",3,"5_6_stimuli","5_5","Congruent","Incongruent","Congruent",NA,5.999949,6.199944,"5%",0.962752,"Correct","Correct","Correct",NA
"6",4,"7_8_stimuli","8_7","Incongruent","Congruent","Incongruent","Congruent",7.999927,8.199937,"7&",0.67529,"Correct","Correct","Correct","Correct"
"6",5,"1_2_stimuli","2_1","Incongruent","Incongruent","Congruent","Incongruent",9.999917,10.199906,"1!",0.739366,"Correct","Correct","Correct","Correct"
"6",6,"3_4_stimuli","4_3","Incongruent","Incongruent","Incongruent","Congruent",11.999895,12.199893,"3#",0.866826,"Correct","Correct","Correct","Correct"
"6",7,"5_6_stimuli","5_5","Congruent","Incongruent","Incongruent","Incongruent",13.999876,14.199879,"5%",1.155448,"Correct","Correct","Correct","Correct"
"6",8,"7_8_stimuli","7_7","Congruent","Congruent","Incongruent","Incongruent",15.999856,16.199865,"7&",0.690932,"Correct","Correct","Correct","Correct"
"6",9,"1_2_stimuli","1_1","Congruent","Congruent","Congruent","Incongruent",17.999833,18.19984,"1!",0.610863,"Correct","Correct","Correct","Correct"
"6",10,"3_4_stimuli","4_4","Congruent","Congruent","Congruent","Congruent",19.999824,20.199827,"4$",0.771452,"Correct","Correct","Correct","Correct"
"6",11,"5_6_stimuli","6_5","Incongruent","Congruent","Congruent","Congruent",21.999812,22.19981,"5%",1.027178,"Correct","Correct","Correct","Correct"
"6",12,"7_8_stimuli","8_8","Congruent","Incongruent","Congruent","Congruent",23.999799,24.19979,"8*",0.722868,"Correct","Correct","Correct","Correct"
"6",13,"1_2_stimuli","2_2","Congruent","Congruent","Incongruent","Congruent",25.99977,26.199773,"2@",0.674935,"Correct","Correct","Correct","Correct"
"6",14,"3_4_stimuli","3_4","Incongruent","Congruent","Congruent","Incongruent",27.999762,28.199743,"4$",0.691882,"Correct","Correct","Correct","Correct"
"6",15,"5_6_stimuli","5_5","Congruent","Incongruent","Congruent","Congruent",29.999734,30.199732,"5%",0.803679,"Correct","Correct","Correct","Correct"
"6",16,"7_8_stimuli","7_8","Incongruent","Congruent","Incongruent","Congruent",31.999724,32.19972,"8*",0.659541,"Correct","Correct","Correct","Correct"
"6",17,"1_2_stimuli","1_1","Congruent","Incongruent","Congruent","Incongruent",33.9997,34.199701,"1!",0.579019,"Correct","Correct","Correct","Correct"
"6",18,"3_4_stimuli","4_3","Incongruent","Congruent","Incongruent","Congruent",35.999686,36.199671,"3#",0.915074,"Correct","Correct","Correct","Correct"
"6",19,"5_6_stimuli","5_5","Congruent","Incongruent","Congruent","Incongruent",37.999663,38.199668,"5%",0.675178,"Correct","Correct","Correct","Correct"
"6",20,"7_8_stimuli","8_8","Congruent","Congruent","Incongruent","Congruent",39.999655,40.199649,"8*",0.738975,"Correct","Correct","Correct","Correct"
"6",21,"1_2_stimuli","1_2","Incongruent","Congruent","Congruent","Incongruent",41.999635,42.199625,"2@",0.963224,"Correct","Correct","Correct","Correct"
"6",22,"3_4_stimuli","3_4","Incongruent","Incongruent","Congruent","Congruent",43.999613,44.199618,"4$",0.787586,"Correct","Correct","Correct","Correct"
"6",23,"5_6_stimuli","6_5","Incongruent","Incongruent","Incongruent","Congruent",45.999602,46.199598,"5%",0.91511,"Correct","Correct","Correct","Correct"
"6",24,"7_8_stimuli","7_7","Congruent","Incongruent","Incongruent","Incongruent",47.999585,48.199574,"7&",0.70764,"Correct","Correct","Correct","Correct"
"6",25,"1_2_stimuli","2_2","Congruent","Congruent","Incongruent","Incongruent",49.999561,50.199564,"2@",0.739207,"Correct","Correct","Correct","Correct"
"6",26,"3_4_stimuli","3_3","Congruent","Congruent","Congruent","Incongruent",51.999544,52.19954,"3#",0.851438,"Correct","Correct","Correct","Correct"
"6",27,"5_6_stimuli","6_6","Congruent","Congruent","Congruent","Congruent",53.999529,54.199531,"6^",1.219473,"Correct","Correct","Correct","Correct"
"6",28,"7_8_stimuli","8_7","Incongruent","Congruent","Congruent","Congruent",55.999504,56.199504,"7&",0.787811,"Correct","Correct","Correct","Correct"
"6",29,"1_2_stimuli","2_2","Congruent","Incongruent","Congruent","Congruent",57.999489,58.199492,"2@",0.691747,"Correct","Correct","Correct","Correct"
"6",30,"3_4_stimuli","4_4","Congruent","Congruent","Incongruent","Congruent",59.999476,60.199462,"4$",0.851903,"Correct","Correct","Correct","Correct"
"6",31,"5_6_stimuli","5_6","Incongruent","Congruent","Congruent","Incongruent",61.999449,62.199454,"6^",0.787251,"Correct","Correct","Correct","Correct"
"6",32,"7_8_stimuli","8_7","Incongruent","Incongruent","Congruent","Congruent",63.999433,64.199437,"7&",0.659859,"Correct","Correct","Correct","Correct"
"6",33,"1_2_stimuli","2_1","Incongruent","Incongruent","Incongruent","Congruent",65.99942,66.199414,"1!",1.04331,"Correct","Correct","Correct","Correct"
"6",34,"3_4_stimuli","3_4","Incongruent","Incongruent","Incongruent","Incongruent",67.999396,68.199397,"4$",0.787947,"Correct","Correct","Correct","Correct"
"6",35,"5_6_stimuli","6_5","Incongruent","Incongruent","Incongruent","Incongruent",69.999383,70.19937,"5%",0.979675,"Correct","Correct","Correct","Correct"
"6",36,"7_8_stimuli","7_8","Incongruent","Incongruent","Incongruent","Incongruent",71.999368,72.19936,"8*",0.835886,"Correct","Correct","Correct","Correct"
"6",37,"1_2_stimuli","1_1","Congruent","Incongruent","Incongruent","Incongruent",73.999347,74.199342,"1!",0.579741,"Correct","Correct","Correct","Correct"
"6",38,"3_4_stimuli","3_3","Congruent","Congruent","Incongruent","Incongruent",75.999332,76.199327,"3#",0.963332,"Correct","Correct","Correct","Correct"
"6",39,"5_6_stimuli","6_6","Congruent","Congruent","Congruent","Incongruent",77.999307,78.199309,"6^",0.707852,"Correct","Correct","Correct","Correct"
"6",40,"7_8_stimuli","8_8","Congruent","Congruent","Congruent","Congruent",79.99927,80.199289,"8*",0.691803,"Correct","Correct","Correct","Correct"
"6",41,"1_2_stimuli","1_2","Incongruent","Congruent","Congruent","Congruent",81.999269,82.199264,"2@",0.771424,"Correct","Correct","Correct","Correct"
"6",42,"3_4_stimuli","3_3","Congruent","Incongruent","Congruent","Congruent",83.999251,84.199259,"3#",0.803412,"Correct","Correct","Correct","Correct"
"6",43,"5_6_stimuli","5_6","Incongruent","Congruent","Incongruent","Congruent",85.999238,86.199238,"6^",0.787829,"Correct","Correct","Correct","Correct"
"6",44,"7_8_stimuli","7_8","Incongruent","Incongruent","Congruent","Incongruent",87.999224,88.199221,"8*",0.803441,"Correct","Correct","Correct","Correct"
"6",45,"1_2_stimuli","2_2","Congruent","Incongruent","Incongruent","Congruent",89.999203,90.199197,"2@",0.691912,"Correct","Correct","Correct","Correct"
"6",46,"3_4_stimuli","4_3","Incongruent","Congruent","Incongruent","Incongruent",91.99918,92.199176,"3#",0.75613,"Correct","Correct","Correct","Correct"
"6",47,"5_6_stimuli","5_6","Incongruent","Incongruent","Congruent","Incongruent",93.999164,94.199158,"6^",0.915728,"Correct","Correct","Correct","Correct"
"6",48,"7_8_stimuli","7_8","Incongruent","Incongruent","Incongruent","Congruent",95.999151,96.199141,"8*",0.755986,"Correct","Correct","Correct","Correct"
"6",49,"1_2_stimuli","2_1","Incongruent","Incongruent","Incongruent","Incongruent",97.99913,98.199131,"1!",0.691475,"Correct","Correct","Correct","Correct"
"6",50,"3_4_stimuli","3_3","Congruent","Incongruent","Incongruent","Incongruent",99.999116,100.199117,"3#",0.899585,"Correct","Correct","Correct","Correct"
"6",51,"5_6_stimuli","5_5","Congruent","Congruent","Incongruent","Incongruent",101.999097,102.199096,"5%",1.219832,"Correct","Correct","Correct","Correct"
"6",52,"7_8_stimuli","8_7","Incongruent","Congruent","Congruent","Incongruent",103.999081,104.199078,"7&",1.204233,"Correct","Correct","Correct","Correct"
"6",53,"1_2_stimuli","1_2","Incongruent","Incongruent","Congruent","Congruent",105.999063,106.199052,"2@",0.675941,"Correct","Correct","Correct","Correct"
"6",54,"3_4_stimuli","4_4","Congruent","Incongruent","Incongruent","Congruent",107.999043,108.199044,"4$",0.979812,"Correct","Correct","Correct","Correct"
"6",55,"5_6_stimuli","5_6","Incongruent","Congruent","Incongruent","Incongruent",109.999026,110.199027,"6^",0.771671,"Correct","Correct","Correct","Correct"
"6",56,"7_8_stimuli","7_7","Congruent","Incongruent","Congruent","Incongruent",111.999005,112.199005,"7&",0.756172,"Correct","Correct","Correct","Correct"
"6",57,"1_2_stimuli","2_1","Incongruent","Congruent","Incongruent","Congruent",113.998994,114.198988,"1!",0.788084,"Correct","Correct","Correct","Correct"
"6",58,"3_4_stimuli","4_4","Congruent","Incongruent","Congruent","Incongruent",115.998973,116.198974,"4$",0.788173,"Correct","Correct","Correct","Correct"
"6",59,"5_6_stimuli","6_6","Congruent","Congruent","Incongruent","Congruent",117.998958,118.198944,"6^",0.739662,"Correct","Correct","Correct","Correct"
"6",60,"7_8_stimuli","8_8","Congruent","Congruent","Congruent","Incongruent",119.99894,120.198944,"8*",1.108179,"Correct","Correct","Correct","Correct"
"6",61,"1_2_stimuli","1_1","Congruent","Congruent","Congruent","Congruent",121.998919,122.198919,"1!",0.643706,"Correct","Correct","Correct","Correct"
"6",62,"3_4_stimuli","4_3","Incongruent","Congruent","Congruent","Congruent",123.998896,124.198908,"3#",0.88421,"Correct","Correct","Correct","Correct"
"6",63,"5_6_stimuli","6_5","Incongruent","Incongruent","Congruent","Congruent",125.998885,126.198887,"5%",1.140224,"Correct","Correct","Correct","Correct"
"6",64,"7_8_stimuli","7_7","Congruent","Incongruent","Incongruent","Congruent",127.998869,128.198864,"7&",0.740302,"Correct","Correct","Correct","Correct"
"6",65,"1_2_stimuli","1_2","Incongruent","Congruent","Incongruent","Incongruent",129.998856,130.198852,"2@",0.691805,"Correct","Correct","Correct","Correct"
"6",66,"3_4_stimuli","3_4","Incongruent","Incongruent","Congruent","Incongruent",131.998826,132.198824,"4$",0.947811,"Correct","Correct","Correct","Correct"
"6",67,"5_6_stimuli","6_6","Congruent","Incongruent","Incongruent","Congruent",133.998812,134.198807,"6^",0.627814,"Correct","Correct","Correct","Correct"
"6",68,"7_8_stimuli","8_7","Incongruent","Congruent","Incongruent","Incongruent",135.998803,136.198787,"7&",0.963838,"Correct","Correct","Correct","Correct"
"7",1,"1_2_stimuli","2_1","Incongruent",NA,NA,NA,1.99998,2.199978,"1!",0.647892,"Correct",NA,NA,NA
"7",2,"3_4_stimuli","3_4","Incongruent","Incongruent",NA,NA,3.999953,4.199956,"4$",0.744117,"Correct","Correct",NA,NA
"7",3,"5_6_stimuli","5_6","Incongruent","Incongruent","Incongruent",NA,5.999937,6.199942,"6^",0.856117,"Correct","Correct","Correct",NA
"7",4,"7_8_stimuli","8_8","Congruent","Incongruent","Incongruent","Incongruent",7.999916,8.199934,"8*",0.599977,"Correct","Correct","Correct","Correct"
"7",5,"1_2_stimuli","2_1","Incongruent","Congruent","Incongruent","Incongruent",9.999906,10.199899,"1!",0.600457,"Correct","Correct","Correct","Correct"
"7",6,"3_4_stimuli","4_4","Congruent","Incongruent","Congruent","Incongruent",11.999895,12.199882,"4$",0.696383,"Correct","Correct","Correct","Correct"
"7",7,"5_6_stimuli","5_6","Incongruent","Congruent","Incongruent","Congruent",13.999882,14.199866,"6^",0.680038,"Correct","Correct","Correct","Correct"
"7",8,"7_8_stimuli","7_7","Congruent","Incongruent","Congruent","Incongruent",15.99986,16.199855,"7&",0.744378,"Correct","Correct","Correct","Correct"
"7",9,"1_2_stimuli","1_2","Incongruent","Congruent","Incongruent","Congruent",17.999844,18.19984,"2@",0.66468,"Correct","Correct","Correct","Correct"
"7",10,"3_4_stimuli","4_3","Incongruent","Incongruent","Congruent","Incongruent",19.999827,20.19982,"3#",0.712028,"Correct","Correct","Correct","Correct"
"7",11,"5_6_stimuli","5_6","Incongruent","Incongruent","Incongruent","Congruent",21.999803,22.199806,"6^",0.664022,"Correct","Correct","Correct","Correct"
"7",12,"7_8_stimuli","8_7","Incongruent","Incongruent","Incongruent","Incongruent",23.999792,24.19979,"7&",0.632041,"Correct","Correct","Correct","Correct"
"7",13,"1_2_stimuli","1_1","Congruent","Incongruent","Incongruent","Incongruent",25.999768,26.199763,"1!",0.632637,"Correct","Correct","Correct","Correct"
"7",14,"3_4_stimuli","4_3","Incongruent","Congruent","Incongruent","Incongruent",27.999755,28.199738,"3#",0.680646,"Correct","Correct","Correct","Correct"
"7",15,"5_6_stimuli","6_5","Incongruent","Incongruent","Congruent","Incongruent",29.999734,30.199731,"5%",1.464765,"Correct","Correct","Correct","Correct"
"7",16,"7_8_stimuli","7_8","Incongruent","Incongruent","Incongruent","Congruent",31.999716,32.199716,"8*",0.808848,"Correct","Correct","Correct","Correct"
"7",17,"1_2_stimuli","1_2","Incongruent","Incongruent","Incongruent","Incongruent",33.999698,34.199695,"2@",0.632152,"Correct","Correct","Correct","Correct"
"7",18,"3_4_stimuli","4_4","Congruent","Incongruent","Incongruent","Incongruent",35.999676,36.199683,"4$",0.952206,"Correct","Correct","Correct","Correct"
"7",19,"5_6_stimuli","5_5","Congruent","Congruent","Incongruent","Incongruent",37.999665,38.199657,"5%",0.840387,"Correct","Correct","Correct","Correct"
"7",20,"7_8_stimuli","8_8","Congruent","Congruent","Congruent","Incongruent",39.999647,40.199648,"8*",0.600716,"Correct","Correct","Correct","Correct"
"7",21,"1_2_stimuli","1_1","Congruent","Congruent","Congruent","Congruent",41.999627,42.19963,"1!",0.53621,"Correct","Correct","Correct","Correct"
"7",22,"3_4_stimuli","4_3","Incongruent","Congruent","Congruent","Congruent",43.999615,44.199622,"3#",1.000525,"Correct","Correct","Correct","Correct"
"7",23,"5_6_stimuli","5_5","Congruent","Incongruent","Congruent","Congruent",45.999592,46.199593,"5%",0.760263,"Correct","Correct","Correct","Correct"
"7",24,"7_8_stimuli","8_8","Congruent","Congruent","Incongruent","Congruent",47.999577,48.199569,"8*",0.77682,"Correct","Correct","Correct","Correct"
"7",25,"1_2_stimuli","2_1","Incongruent","Congruent","Congruent","Incongruent",49.999543,50.199556,"1!",0.888656,"Correct","Correct","Correct","Correct"
"7",26,"3_4_stimuli","3_4","Incongruent","Incongruent","Congruent","Congruent",51.999534,52.199528,"4$",0.984576,"Correct","Correct","Correct","Correct"
"7",27,"5_6_stimuli","5_5","Congruent","Incongruent","Incongruent","Congruent",53.999519,54.199524,"5%",0.889279,"Correct","Correct","Correct","Correct"
"7",28,"7_8_stimuli","7_7","Congruent","Congruent","Incongruent","Incongruent",55.999507,56.1995,"7&",0.760468,"Correct","Correct","Correct","Correct"
"7",29,"1_2_stimuli","1_1","Congruent","Congruent","Congruent","Incongruent",57.999481,58.199483,"1!",0.712738,"Correct","Correct","Correct","Correct"
"7",30,"3_4_stimuli","4_4","Congruent","Congruent","Congruent","Congruent",59.99947,60.199469,"4$",0.856598,"Correct","Correct","Correct","Correct"
"7",31,"5_6_stimuli","5_6","Incongruent","Congruent","Congruent","Congruent",61.999456,62.199446,"6^",0.905001,"Correct","Correct","Correct","Correct"
"7",32,"7_8_stimuli","7_7","Congruent","Incongruent","Congruent","Congruent",63.99942,64.199428,"7&",1.016383,"Correct","Correct","Correct","Correct"
"7",33,"1_2_stimuli","2_2","Congruent","Congruent","Incongruent","Congruent",65.999419,66.199413,"1!",0.712607,"Error","Correct","Correct","Correct"
"7",34,"3_4_stimuli","3_3","Congruent","Congruent","Congruent","Incongruent",67.99939,68.199392,"3#",0.936294,"Correct","Error","Correct","Correct"
"7",35,"5_6_stimuli","6_6","Congruent","Congruent","Congruent","Congruent",69.999388,70.199377,"6^",0.872841,"Correct","Correct","Error","Correct"
"7",36,"7_8_stimuli","8_8","Congruent","Congruent","Congruent","Congruent",71.999362,72.199351,"8*",0.888426,"Correct","Correct","Correct","Error"
"7",37,"1_2_stimuli","2_1","Incongruent","Congruent","Congruent","Congruent",73.99935,74.199337,"1!",0.969,"Correct","Correct","Correct","Correct"
"7",38,"3_4_stimuli","3_3","Congruent","Incongruent","Congruent","Congruent",75.999317,76.199324,"3#",0.984438,"Correct","Correct","Correct","Correct"
"7",39,"5_6_stimuli","5_5","Congruent","Congruent","Incongruent","Congruent",77.99931,78.199313,"5%",1.240659,"Correct","Correct","Correct","Correct"
"7",40,"7_8_stimuli","7_8","Incongruent","Congruent","Congruent","Incongruent",79.99929,80.199286,"8*",0.984531,"Correct","Correct","Correct","Correct"
"7",41,"1_2_stimuli","1_2","Incongruent","Incongruent","Congruent","Congruent",81.999274,82.199271,"2@",1.273027,"Correct","Correct","Correct","Correct"
"7",42,"3_4_stimuli","3_4","Incongruent","Incongruent","Incongruent","Congruent",83.999246,84.199257,"4$",0.985233,"Correct","Correct","Correct","Correct"
"7",43,"5_6_stimuli","6_6","Congruent","Incongruent","Incongruent","Incongruent",85.99924,86.199234,"6^",1.03257,"Correct","Correct","Correct","Correct"
"7",44,"7_8_stimuli","8_7","Incongruent","Congruent","Incongruent","Incongruent",87.99922,88.199211,"7&",0.841202,"Correct","Correct","Correct","Correct"
"7",45,"1_2_stimuli","2_1","Incongruent","Incongruent","Congruent","Incongruent",89.999198,90.199198,"1!",0.696894,"Correct","Correct","Correct","Correct"
"7",46,"3_4_stimuli","4_4","Congruent","Incongruent","Incongruent","Congruent",91.999177,92.199182,"4$",0.77731,"Correct","Correct","Correct","Correct"
"7",47,"5_6_stimuli","6_5","Incongruent","Congruent","Incongruent","Incongruent",93.999167,94.199161,"5%",1.160631,"Correct","Correct","Correct","Correct"
"7",48,"7_8_stimuli","8_7","Incongruent","Incongruent","Congruent","Incongruent",95.999148,96.199148,"7&",1.304969,"Correct","Correct","Correct","Correct"
"7",49,"1_2_stimuli","2_2","Congruent","Incongruent","Incongruent","Congruent",97.999122,98.199127,"2@",0.825277,"Correct","Correct","Correct","Correct"
"7",50,"3_4_stimuli","3_3","Congruent","Congruent","Incongruent","Incongruent",99.999111,100.199116,"3#",1.01663,"Correct","Correct","Correct","Correct"
"7",51,"5_6_stimuli","6_6","Congruent","Congruent","Congruent","Incongruent",101.999095,102.199092,"6^",0.840869,"Correct","Correct","Correct","Correct"
"7",52,"7_8_stimuli","7_8","Incongruent","Congruent","Congruent","Congruent",103.99908,104.19908,"8*",0.984809,"Correct","Correct","Correct","Correct"
"7",53,"1_2_stimuli","2_2","Congruent","Incongruent","Congruent","Congruent",105.999063,106.199051,"2@",0.93746,"Correct","Correct","Correct","Correct"
"7",54,"3_4_stimuli","3_4","Incongruent","Congruent","Incongruent","Congruent",107.999041,108.199042,"4$",0.888698,"Correct","Correct","Correct","Correct"
"7",55,"5_6_stimuli","6_6","Congruent","Incongruent","Congruent","Incongruent",109.999029,110.199019,"6^",0.8249,"Correct","Correct","Correct","Correct"
"7",56,"7_8_stimuli","7_8","Incongruent","Congruent","Incongruent","Congruent",111.999003,112.199,"8*",1.096995,"Correct","Correct","Correct","Correct"
"7",57,"1_2_stimuli","1_1","Congruent","Incongruent","Congruent","Incongruent",113.998984,114.198987,"1!",0.841317,"Correct","Correct","Correct","Correct"
"7",58,"3_4_stimuli","3_3","Congruent","Congruent","Incongruent","Congruent",115.998963,116.198967,"3#",1.129346,"Correct","Correct","Correct","Correct"
"7",59,"5_6_stimuli","5_6","Incongruent","Congruent","Congruent","Incongruent",117.998952,118.198956,"6^",0.792873,"Correct","Correct","Correct","Correct"
"7",60,"7_8_stimuli","8_7","Incongruent","Incongruent","Congruent","Congruent",119.998934,120.198936,"7&",0.793478,"Correct","Correct","Correct","Correct"
"7",61,"1_2_stimuli","1_2","Incongruent","Incongruent","Incongruent","Congruent",121.998922,122.198914,"2@",0.921518,"Correct","Correct","Correct","Correct"
"7",62,"3_4_stimuli","4_3","Incongruent","Incongruent","Incongruent","Incongruent",123.998897,124.198893,"3#",0.873311,"Correct","Correct","Correct","Correct"
"7",63,"5_6_stimuli","6_5","Incongruent","Incongruent","Incongruent","Incongruent",125.998888,126.198886,"5%",1.080848,"Correct","Correct","Correct","Correct"
"7",64,"7_8_stimuli","7_7","Congruent","Incongruent","Incongruent","Incongruent",127.998859,128.198861,"7&",0.729469,"Correct","Correct","Correct","Correct"
"7",65,"1_2_stimuli","2_2","Congruent","Congruent","Incongruent","Incongruent",129.998846,130.198847,"2@",0.825501,"Correct","Correct","Correct","Correct"
"7",66,"3_4_stimuli","3_4","Incongruent","Congruent","Congruent","Incongruent",131.998832,132.19882,"4$",0.776876,"Correct","Correct","Correct","Correct"
"7",67,"5_6_stimuli","6_5","Incongruent","Incongruent","Congruent","Congruent",133.998805,134.198809,"5%",0.841135,"Correct","Correct","Correct","Correct"
"7",68,"7_8_stimuli","8_8","Congruent","Incongruent","Incongruent","Congruent",135.998792,136.198783,"8*",0.889533,"Correct","Correct","Correct","Correct"
"8",1,"1_2_stimuli","2_1","Incongruent",NA,NA,NA,1.999974,2.199981,"1!",0.991551,"Correct",NA,NA,NA
"8",2,"3_4_stimuli","4_3","Incongruent","Incongruent",NA,NA,3.999961,4.199959,"3#",0.831127,"Correct","Correct",NA,NA
"8",3,"5_6_stimuli","5_6","Incongruent","Incongruent","Incongruent",NA,5.999946,6.19995,"6^",0.767291,"Correct","Correct","Correct",NA
"8",4,"7_8_stimuli","7_7","Congruent","Incongruent","Incongruent","Incongruent",7.999933,8.199925,"7&",0.703093,"Correct","Correct","Correct","Correct"
"8",5,"1_2_stimuli","1_1","Congruent","Congruent","Incongruent","Incongruent",9.999914,10.199902,"1!",0.575486,"Correct","Correct","Correct","Correct"
"8",6,"3_4_stimuli","3_3","Congruent","Congruent","Congruent","Incongruent",11.9999,12.199882,"3#",0.783404,"Correct","Correct","Correct","Correct"
"8",7,"5_6_stimuli","5_6","Incongruent","Congruent","Congruent","Congruent",13.999875,14.199878,"6^",0.815172,"Correct","Correct","Correct","Correct"
"8",8,"7_8_stimuli","8_8","Congruent","Incongruent","Congruent","Congruent",15.999854,16.199855,"8*",0.57519,"Correct","Correct","Correct","Correct"
"8",9,"1_2_stimuli","2_1","Incongruent","Congruent","Incongruent","Congruent",17.999841,18.199836,"1!",0.655804,"Correct","Correct","Correct","Correct"
"8",10,"3_4_stimuli","4_3","Incongruent","Incongruent","Congruent","Incongruent",19.999819,20.199825,"3#",0.687282,"Correct","Correct","Correct","Correct"
"8",11,"5_6_stimuli","6_5","Incongruent","Incongruent","Incongruent","Congruent",21.999809,22.1998,"5%",1.375677,"Correct","Correct","Correct","Correct"
"8",12,"7_8_stimuli","7_8","Incongruent","Incongruent","Incongruent","Incongruent",23.999786,24.19979,"8*",0.639274,"Correct","Correct","Correct","Correct"
"8",13,"1_2_stimuli","2_2","Congruent","Incongruent","Incongruent","Incongruent",25.999772,26.199767,"2@",0.655538,"Correct","Correct","Correct","Correct"
"8",14,"3_4_stimuli","4_4","Congruent","Congruent","Incongruent","Incongruent",27.99976,28.199748,"4$",0.735818,"Correct","Correct","Correct","Correct"
"8",15,"5_6_stimuli","6_6","Congruent","Congruent","Congruent","Incongruent",29.999735,30.199737,"6^",0.719949,"Correct","Correct","Correct","Correct"
"8",16,"7_8_stimuli","8_7","Incongruent","Congruent","Congruent","Congruent",31.99972,32.199716,"7&",0.607629,"Correct","Correct","Correct","Correct"
"8",17,"1_2_stimuli","2_2","Congruent","Incongruent","Congruent","Congruent",33.999699,34.199707,"2@",0.559571,"Correct","Correct","Correct","Correct"
"8",18,"3_4_stimuli","4_3","Incongruent","Congruent","Incongruent","Congruent",35.999683,36.199687,"3#",0.68782,"Correct","Correct","Correct","Correct"
"8",19,"5_6_stimuli","6_5","Incongruent","Incongruent","Congruent","Incongruent",37.999658,38.199665,"5%",1.007307,"Correct","Correct","Correct","Correct"
"8",20,"7_8_stimuli","7_7","Congruent","Incongruent","Incongruent","Congruent",39.999641,40.199645,"7&",0.607642,"Correct","Correct","Correct","Correct"
"8",21,"1_2_stimuli","1_2","Incongruent","Congruent","Incongruent","Incongruent",41.999633,42.199625,"2@",0.671825,"Correct","Correct","Correct","Correct"
"8",22,"3_4_stimuli","4_4","Congruent","Incongruent","Congruent","Incongruent",43.999613,44.199613,"4$",0.735898,"Correct","Correct","Correct","Correct"
"8",23,"5_6_stimuli","6_6","Congruent","Congruent","Incongruent","Congruent",45.999597,46.199584,"6^",0.655465,"Correct","Correct","Correct","Correct"
"8",24,"7_8_stimuli","7_8","Incongruent","Congruent","Congruent","Incongruent",47.999584,48.199579,"8*",0.719805,"Correct","Correct","Correct","Correct"
"8",25,"1_2_stimuli","1_2","Incongruent","Incongruent","Congruent","Congruent",49.999565,50.199564,"2@",0.783579,"Correct","Correct","Correct","Correct"
"8",26,"3_4_stimuli","4_3","Incongruent","Incongruent","Incongruent","Congruent",51.999534,52.199536,"3#",0.623402,"Correct","Correct","Correct","Correct"
"8",27,"5_6_stimuli","5_5","Congruent","Incongruent","Incongruent","Incongruent",53.999523,54.199518,"5%",1.216059,"Correct","Correct","Correct","Correct"
"8",28,"7_8_stimuli","8_8","Congruent","Congruent","Incongruent","Incongruent",55.999506,56.199493,"8*",0.799493,"Correct","Correct","Correct","Correct"
"8",29,"1_2_stimuli","1_1","Congruent","Congruent","Congruent","Incongruent",57.999494,58.199483,"1!",0.543492,"Correct","Correct","Correct","Correct"
"8",30,"3_4_stimuli","4_4","Congruent","Congruent","Congruent","Congruent",59.999466,60.199457,"4$",0.751512,"Correct","Correct","Correct","Correct"
"8",31,"5_6_stimuli","5_5","Congruent","Congruent","Congruent","Congruent",61.999456,62.199454,"5%",0.895792,"Correct","Correct","Correct","Correct"
"8",32,"7_8_stimuli","7_7","Congruent","Congruent","Congruent","Congruent",63.99943,64.199428,"7&",1.024077,"Correct","Correct","Correct","Correct"
"8",33,"1_2_stimuli","1_2","Incongruent","Congruent","Congruent","Congruent",65.999422,66.199424,"2@",0.639502,"Correct","Correct","Correct","Correct"
"8",34,"3_4_stimuli","4_4","Congruent","Incongruent","Congruent","Congruent",67.999403,68.199397,"4$",0.767568,"Correct","Correct","Correct","Correct"
"8",35,"5_6_stimuli","5_6","Incongruent","Congruent","Incongruent","Congruent",69.999376,70.199378,"6^",0.73633,"Correct","Correct","Correct","Correct"
"8",36,"7_8_stimuli","7_7","Congruent","Incongruent","Congruent","Incongruent",71.999363,72.199364,"7&",0.640207,"Correct","Correct","Correct","Correct"
"8",37,"1_2_stimuli","1_1","Congruent","Congruent","Incongruent","Congruent",73.999337,74.199347,"1!",0.751973,"Correct","Correct","Correct","Correct"
"8",38,"3_4_stimuli","3_4","Incongruent","Congruent","Congruent","Incongruent",75.999321,76.199323,"5%",0.895836,"Error","Correct","Correct","Correct"
"8",39,"5_6_stimuli","5_5","Congruent","Incongruent","Congruent","Congruent",77.99931,78.199302,"5%",0.816266,"Correct","Error","Correct","Correct"
"8",40,"7_8_stimuli","7_7","Congruent","Congruent","Incongruent","Congruent",79.999304,80.199292,"7&",0.928132,"Correct","Correct","Error","Correct"
"8",41,"1_2_stimuli","2_1","Incongruent","Congruent","Congruent","Incongruent",81.999267,82.199271,"1!",0.751693,"Correct","Correct","Correct","Error"
"8",42,"3_4_stimuli","4_3","Incongruent","Incongruent","Congruent","Congruent",83.999255,84.199247,"3#",1.184118,"Correct","Correct","Correct","Correct"
"8",43,"5_6_stimuli","6_6","Congruent","Incongruent","Incongruent","Congruent",85.999231,86.199231,"6^",0.959691,"Correct","Correct","Correct","Correct"
"8",44,"7_8_stimuli","8_7","Incongruent","Congruent","Incongruent","Incongruent",87.999216,88.199219,"7&",0.719765,"Correct","Correct","Correct","Correct"
"8",45,"1_2_stimuli","2_1","Incongruent","Incongruent","Congruent","Incongruent",89.999204,90.199202,"1!",0.815763,"Correct","Correct","Correct","Correct"
"8",46,"3_4_stimuli","3_3","Congruent","Incongruent","Incongruent","Congruent",91.99918,92.199187,"3#",0.848289,"Correct","Correct","Correct","Correct"
"8",47,"5_6_stimuli","5_6","Incongruent","Congruent","Incongruent","Incongruent",93.999154,94.19917,"6^",0.815825,"Correct","Correct","Correct","Correct"
"8",48,"7_8_stimuli","8_7","Incongruent","Incongruent","Congruent","Incongruent",95.999148,96.199144,"7&",0.912001,"Correct","Correct","Correct","Correct"
"8",49,"1_2_stimuli","2_2","Congruent","Incongruent","Incongruent","Congruent",97.999136,98.199127,"2@",1.264001,"Correct","Correct","Correct","Correct"
"8",50,"3_4_stimuli","3_4","Incongruent","Congruent","Incongruent","Incongruent",99.99912,100.199118,"4$",0.848414,"Correct","Correct","Correct","Correct"
"8",51,"5_6_stimuli","5_5","Congruent","Incongruent","Congruent","Incongruent",101.999095,102.199089,"5%",0.976557,"Correct","Correct","Correct","Correct"
"8",52,"7_8_stimuli","8_7","Incongruent","Congruent","Incongruent","Congruent",103.999077,104.199081,"7&",0.864095,"Correct","Correct","Correct","Correct"
"8",53,"1_2_stimuli","2_2","Congruent","Incongruent","Congruent","Incongruent",105.999068,106.199056,"2@",0.735877,"Correct","Correct","Correct","Correct"
"8",54,"3_4_stimuli","3_3","Congruent","Congruent","Incongruent","Congruent",107.999043,108.199045,"3#",0.78421,"Correct","Correct","Correct","Correct"
"8",55,"5_6_stimuli","6_5","Incongruent","Congruent","Congruent","Incongruent",109.99902,110.19903,"5%",1.16787,"Correct","Correct","Correct","Correct"
"8",56,"7_8_stimuli","7_8","Incongruent","Incongruent","Congruent","Congruent",111.999007,112.199,"8*",0.911892,"Correct","Correct","Correct","Correct"
"8",57,"1_2_stimuli","2_1","Incongruent","Incongruent","Incongruent","Congruent",113.998992,114.198989,"1!",0.72035,"Correct","Correct","Correct","Correct"
"8",58,"3_4_stimuli","3_3","Congruent","Incongruent","Incongruent","Incongruent",115.998973,116.198964,"3#",0.880533,"Correct","Correct","Correct","Correct"
"8",59,"5_6_stimuli","6_6","Congruent","Congruent","Incongruent","Incongruent",117.998957,118.198948,"6^",0.992112,"Correct","Correct","Correct","Correct"
"8",60,"7_8_stimuli","8_8","Congruent","Congruent","Congruent","Incongruent",119.998935,120.198939,"8*",0.880694,"Correct","Correct","Correct","Correct"
"8",61,"1_2_stimuli","1_1","Congruent","Congruent","Congruent","Congruent",121.998922,122.19892,"1!",0.735999,"Correct","Correct","Correct","Correct"
"8",62,"3_4_stimuli","3_4","Incongruent","Congruent","Congruent","Congruent",123.998904,124.198898,"4$",0.768417,"Correct","Correct","Correct","Correct"
"8",63,"5_6_stimuli","6_5","Incongruent","Incongruent","Congruent","Congruent",125.998887,126.198877,"5%",0.656423,"Correct","Correct","Correct","Correct"
"8",64,"7_8_stimuli","7_8","Incongruent","Incongruent","Incongruent","Congruent",127.99887,128.198872,"8*",0.688097,"Correct","Correct","Correct","Correct"
"8",65,"1_2_stimuli","1_2","Incongruent","Incongruent","Incongruent","Incongruent",129.998848,130.198849,"2@",0.735993,"Correct","Correct","Correct","Correct"
"8",66,"3_4_stimuli","3_4","Incongruent","Incongruent","Incongruent","Incongruent",131.998833,132.198835,"4$",0.864123,"Correct","Correct","Correct","Correct"
"8",67,"5_6_stimuli","5_6","Incongruent","Incongruent","Incongruent","Incongruent",133.998816,134.198808,"6^",1.184698,"Correct","Correct","Correct","Correct"
"8",68,"7_8_stimuli","8_8","Congruent","Incongruent","Incongruent","Incongruent",135.998801,136.198803,"8*",0.720514,"Correct","Correct","Correct","Correct"
"9",1,"1_2_stimuli","1_1","Congruent",NA,NA,NA,1.999973,2.199983,"1!",0.620169,"Correct",NA,NA,NA
"9",2,"3_4_stimuli","3_3","Congruent","Congruent",NA,NA,3.999955,4.199963,"3#",0.955535,"Correct","Correct",NA,NA
"9",3,"5_6_stimuli","5_5","Congruent","Congruent","Congruent",NA,5.999944,6.199953,"5%",1.003729,"Correct","Correct","Correct",NA
"9",4,"7_8_stimuli","7_8","Incongruent","Congruent","Congruent","Congruent",7.99992,8.19992,"8*",1.339664,"Correct","Correct","Correct","Correct"
"9",5,"1_2_stimuli","1_2","Incongruent","Incongruent","Congruent","Congruent",9.99991,10.199907,"2@",0.651876,"Correct","Correct","Correct","Correct"
"9",6,"3_4_stimuli","3_3","Congruent","Incongruent","Incongruent","Congruent",11.999889,12.199892,"3#",1.035971,"Correct","Correct","Correct","Correct"
"9",7,"5_6_stimuli","6_6","Congruent","Congruent","Incongruent","Incongruent",13.999873,14.199876,"6^",1.100087,"Correct","Correct","Correct","Correct"
"9",8,"7_8_stimuli","8_7","Incongruent","Congruent","Congruent","Incongruent",15.999858,16.199857,"7&",0.97178,"Correct","Correct","Correct","Correct"
"9",9,"1_2_stimuli","2_2","Congruent","Incongruent","Congruent","Congruent",17.99984,18.199835,"2@",0.876226,"Correct","Correct","Correct","Correct"
"9",10,"3_4_stimuli","3_3","Congruent","Congruent","Incongruent","Congruent",19.999831,20.199826,"Omission",5000,"Omission","Correct","Correct","Correct"
"9",11,"5_6_stimuli","5_6","Incongruent","Congruent","Congruent","Incongruent",21.999799,22.199802,"6^",0.763657,"Correct","Omission","Correct","Correct"
"9",12,"7_8_stimuli","8_8","Congruent","Incongruent","Congruent","Congruent",23.999791,24.199787,"8*",0.955713,"Correct","Correct","Omission","Correct"
"9",13,"1_2_stimuli","1_2","Incongruent","Congruent","Incongruent","Congruent",25.999759,26.199759,"2@",1.083724,"Correct","Correct","Correct","Omission"
"9",14,"3_4_stimuli","3_4","Incongruent","Incongruent","Congruent","Incongruent",27.999744,28.199743,"4$",1.051711,"Correct","Correct","Correct","Correct"
"9",15,"5_6_stimuli","6_6","Congruent","Incongruent","Incongruent","Congruent",29.999741,30.199737,"6^",0.908243,"Correct","Correct","Correct","Correct"
"9",16,"7_8_stimuli","8_7","Incongruent","Congruent","Incongruent","Incongruent",31.999719,32.199719,"7&",0.844221,"Correct","Correct","Correct","Correct"
"9",17,"1_2_stimuli","2_2","Congruent","Incongruent","Congruent","Incongruent",33.999707,34.199699,"2@",1.292504,"Correct","Correct","Correct","Correct"
"9",18,"3_4_stimuli","3_4","Incongruent","Congruent","Incongruent","Congruent",35.99968,36.199678,"4$",1.036096,"Correct","Correct","Correct","Correct"
"9",19,"5_6_stimuli","5_6","Incongruent","Incongruent","Congruent","Incongruent",37.999669,38.19967,"6^",0.747892,"Correct","Correct","Correct","Correct"
"9",20,"7_8_stimuli","7_7","Congruent","Incongruent","Incongruent","Congruent",39.999637,40.199647,"7&",1.084487,"Correct","Correct","Correct","Correct"
"9",21,"1_2_stimuli","2_2","Congruent","Congruent","Incongruent","Incongruent",41.999628,42.199634,"2@",0.828239,"Correct","Correct","Correct","Correct"
"9",22,"3_4_stimuli","3_4","Incongruent","Congruent","Congruent","Incongruent",43.999608,44.199606,"4$",1.148323,"Correct","Correct","Correct","Correct"
"9",23,"5_6_stimuli","5_5","Congruent","Incongruent","Congruent","Congruent",45.999592,46.199586,"5%",1.387886,"Correct","Correct","Correct","Correct"
"9",24,"7_8_stimuli","8_7","Incongruent","Congruent","Incongruent","Congruent",47.999585,48.199566,"7&",1.019915,"Correct","Correct","Correct","Correct"
"9",25,"1_2_stimuli","2_1","Incongruent","Incongruent","Congruent","Incongruent",49.999555,50.199551,"1!",1.180043,"Correct","Correct","Correct","Correct"
"9",26,"3_4_stimuli","4_3","Incongruent","Incongruent","Incongruent","Congruent",51.999531,52.199538,"3#",1.292646,"Correct","Correct","Correct","Correct"
"9",27,"5_6_stimuli","6_5","Incongruent","Incongruent","Incongruent","Incongruent",53.999517,54.199527,"5%",1.452494,"Correct","Correct","Correct","Correct"
"9",28,"7_8_stimuli","7_7","Congruent","Incongruent","Incongruent","Incongruent",55.999502,56.199508,"7&",0.779898,"Correct","Correct","Correct","Correct"
"9",29,"1_2_stimuli","2_1","Incongruent","Congruent","Incongruent","Incongruent",57.999486,58.199487,"1!",0.987954,"Correct","Correct","Correct","Correct"
"9",30,"3_4_stimuli","4_4","Congruent","Incongruent","Congruent","Incongruent",59.999471,60.199464,"4$",0.732148,"Correct","Correct","Correct","Correct"
"9",31,"5_6_stimuli","5_6","Incongruent","Congruent","Incongruent","Congruent",61.999451,62.199454,"6^",1.308212,"Correct","Correct","Correct","Correct"
"9",32,"7_8_stimuli","7_8","Incongruent","Incongruent","Congruent","Incongruent",63.999438,64.199428,"8*",0.843989,"Correct","Correct","Correct","Correct"
"9",33,"1_2_stimuli","1_2","Incongruent","Incongruent","Incongruent","Congruent",65.999413,66.199412,"Omission",5000,"Omission","Correct","Correct","Correct"
"9",34,"3_4_stimuli","4_3","Incongruent","Incongruent","Incongruent","Incongruent",67.999418,68.199395,"3#",0.716375,"Correct","Omission","Correct","Correct"
"9",35,"5_6_stimuli","5_5","Congruent","Incongruent","Incongruent","Incongruent",69.999389,70.199379,"5%",1.212215,"Correct","Correct","Omission","Correct"
"9",36,"7_8_stimuli","7_7","Congruent","Congruent","Incongruent","Incongruent",71.999369,72.199355,"7&",1.06832,"Correct","Correct","Correct","Omission"
"9",37,"1_2_stimuli","1_1","Congruent","Congruent","Congruent","Incongruent",73.999347,74.199345,"1!",0.81277,"Correct","Correct","Correct","Correct"
"9",38,"3_4_stimuli","4_4","Congruent","Congruent","Congruent","Congruent",75.999326,76.199325,"4$",0.73228,"Correct","Correct","Correct","Correct"
"9",39,"5_6_stimuli","5_6","Incongruent","Congruent","Congruent","Congruent",77.999303,78.199301,"6^",0.700102,"Correct","Correct","Correct","Correct"
"9",40,"7_8_stimuli","7_8","Incongruent","Incongruent","Congruent","Congruent",79.999284,80.199289,"8*",0.876588,"Correct","Correct","Correct","Correct"
"9",41,"1_2_stimuli","1_1","Congruent","Incongruent","Incongruent","Congruent",81.999267,82.199275,"1!",0.748203,"Correct","Correct","Correct","Correct"
"9",42,"3_4_stimuli","3_4","Incongruent","Congruent","Incongruent","Incongruent",83.999253,84.199251,"4$",0.732246,"Correct","Correct","Correct","Correct"
"9",43,"5_6_stimuli","5_5","Congruent","Incongruent","Congruent","Incongruent",85.999233,86.199239,"5%",1.068166,"Correct","Correct","Correct","Correct"
"9",44,"7_8_stimuli","8_8","Congruent","Congruent","Incongruent","Congruent",87.999217,88.199219,"8*",0.812632,"Correct","Correct","Correct","Correct"
"9",45,"1_2_stimuli","2_1","Incongruent","Congruent","Congruent","Incongruent",89.999198,90.199194,"1!",0.684224,"Correct","Correct","Correct","Correct"
"9",46,"3_4_stimuli","4_4","Congruent","Incongruent","Congruent","Congruent",91.999179,92.199204,"4$",0.796237,"Correct","Correct","Correct","Correct"
"9",47,"5_6_stimuli","5_5","Congruent","Congruent","Incongruent","Congruent",93.999165,94.199168,"5%",1.084463,"Correct","Correct","Correct","Correct"
"9",48,"7_8_stimuli","8_8","Congruent","Congruent","Congruent","Incongruent",95.999143,96.199155,"8*",0.908293,"Correct","Correct","Correct","Correct"
"9",49,"1_2_stimuli","1_1","Congruent","Congruent","Congruent","Congruent",97.999127,98.199127,"1!",0.668296,"Correct","Correct","Correct","Correct"
"9",50,"3_4_stimuli","4_3","Incongruent","Congruent","Congruent","Congruent",99.999114,100.199117,"3#",0.90828,"Correct","Correct","Correct","Correct"
"9",51,"5_6_stimuli","6_5","Incongruent","Incongruent","Congruent","Congruent",101.999094,102.199107,"5%",1.068339,"Correct","Correct","Correct","Correct"
"9",52,"7_8_stimuli","8_7","Incongruent","Incongruent","Incongruent","Congruent",103.999086,104.199073,"7&",0.780479,"Correct","Correct","Correct","Correct"
"9",53,"1_2_stimuli","1_2","Incongruent","Incongruent","Incongruent","Incongruent",105.999065,106.199065,"2@",0.70092,"Correct","Correct","Correct","Correct"
"9",54,"3_4_stimuli","3_3","Congruent","Incongruent","Incongruent","Incongruent",107.999042,108.19904,"3#",0.940712,"Correct","Correct","Correct","Correct"
"9",55,"5_6_stimuli","6_5","Incongruent","Congruent","Incongruent","Incongruent",109.999033,110.199025,"5%",1.052305,"Correct","Correct","Correct","Correct"
"9",56,"7_8_stimuli","7_7","Congruent","Incongruent","Congruent","Incongruent",111.999005,112.199005,"7&",0.749087,"Correct","Correct","Correct","Correct"
"9",57,"1_2_stimuli","2_2","Congruent","Congruent","Incongruent","Congruent",113.99899,114.198986,"2@",0.636416,"Correct","Correct","Correct","Correct"
"9",58,"3_4_stimuli","3_3","Congruent","Congruent","Congruent","Incongruent",115.99898,116.198972,"3#",0.908614,"Correct","Correct","Correct","Correct"
"9",59,"5_6_stimuli","6_6","Congruent","Congruent","Congruent","Congruent",117.99895,118.198956,"6^",0.845304,"Correct","Correct","Correct","Correct"
"9",60,"7_8_stimuli","8_8","Congruent","Congruent","Congruent","Congruent",119.998946,120.198933,"8*",1.213083,"Correct","Correct","Correct","Correct"
"9",61,"1_2_stimuli","2_1","Incongruent","Congruent","Congruent","Congruent",121.998914,122.198921,"1!",1.341095,"Correct","Correct","Correct","Correct"
"9",62,"3_4_stimuli","4_3","Incongruent","Incongruent","Congruent","Congruent",123.99891,124.198903,"3#",1.244909,"Correct","Correct","Correct","Correct"
"9",63,"5_6_stimuli","6_5","Incongruent","Incongruent","Incongruent","Congruent",125.998882,126.198882,"5%",1.436481,"Correct","Correct","Correct","Correct"
"9",64,"7_8_stimuli","7_8","Incongruent","Incongruent","Incongruent","Incongruent",127.998869,128.198871,"8*",0.94097,"Correct","Correct","Correct","Correct"
"9",65,"1_2_stimuli","1_1","Congruent","Incongruent","Incongruent","Incongruent",129.998848,130.198846,"1!",0.908952,"Correct","Correct","Correct","Correct"
"9",66,"3_4_stimuli","4_4","Congruent","Congruent","Incongruent","Incongruent",131.998838,132.198837,"4$",1.14905,"Correct","Correct","Correct","Correct"
"9",67,"5_6_stimuli","6_6","Congruent","Congruent","Congruent","Incongruent",133.998829,134.19881,"6^",0.988983,"Correct","Correct","Correct","Correct"
"9",68,"7_8_stimuli","7_8","Incongruent","Congruent","Congruent","Congruent",135.998796,136.198788,"8*",1.292684,"Correct","Correct","Correct","Correct"
"10",1,"1_2_stimuli","1_2","Incongruent",NA,NA,NA,1.999983,2.199984,"2@",0.817358,"Correct",NA,NA,NA
"10",2,"3_4_stimuli","4_4","Congruent","Incongruent",NA,NA,3.999972,4.19997,"4$",0.722029,"Correct","Correct",NA,NA
"10",3,"5_6_stimuli","5_5","Congruent","Congruent","Incongruent",NA,5.999959,6.199943,"5%",0.7699,"Correct","Correct","Correct",NA
"10",4,"7_8_stimuli","8_7","Incongruent","Congruent","Congruent","Incongruent",7.999939,8.199922,"7&",0.657694,"Correct","Correct","Correct","Correct"
"10",5,"1_2_stimuli","2_1","Incongruent","Incongruent","Congruent","Congruent",9.99991,10.199919,"1!",0.673484,"Correct","Correct","Correct","Correct"
"10",6,"3_4_stimuli","4_4","Congruent","Incongruent","Incongruent","Congruent",11.999906,12.199903,"4$",0.913788,"Correct","Correct","Correct","Correct"
"10",7,"5_6_stimuli","5_5","Congruent","Congruent","Incongruent","Incongruent",13.99988,14.199875,"5%",0.946149,"Correct","Correct","Correct","Correct"
"10",8,"7_8_stimuli","8_7","Incongruent","Congruent","Congruent","Incongruent",15.999869,16.199858,"7&",0.721986,"Correct","Correct","Correct","Correct"
"10",9,"1_2_stimuli","2_2","Congruent","Incongruent","Congruent","Congruent",17.999848,18.199852,"2@",0.673983,"Correct","Correct","Correct","Correct"
"10",10,"3_4_stimuli","3_3","Congruent","Congruent","Incongruent","Congruent",19.999835,20.199827,"3#",0.68959,"Correct","Correct","Correct","Correct"
"10",11,"5_6_stimuli","5_6","Incongruent","Congruent","Congruent","Incongruent",21.999809,22.199804,"6^",0.657727,"Correct","Correct","Correct","Correct"
"10",12,"7_8_stimuli","8_8","Congruent","Incongruent","Congruent","Congruent",23.999792,24.199797,"8*",0.817832,"Correct","Correct","Correct","Correct"
"10",13,"1_2_stimuli","1_2","Incongruent","Congruent","Incongruent","Congruent",25.999776,26.199765,"2@",0.625823,"Correct","Correct","Correct","Correct"
"10",14,"3_4_stimuli","3_4","Incongruent","Incongruent","Congruent","Incongruent",27.999759,28.199754,"4$",0.706274,"Correct","Correct","Correct","Correct"
"10",15,"5_6_stimuli","6_6","Congruent","Incongruent","Incongruent","Congruent",29.999739,30.199737,"6^",0.625608,"Correct","Correct","Correct","Correct"
"10",16,"7_8_stimuli","8_7","Incongruent","Congruent","Incongruent","Incongruent",31.999719,32.199717,"7&",0.562153,"Correct","Correct","Correct","Correct"
"10",17,"1_2_stimuli","2_1","Incongruent","Incongruent","Congruent","Incongruent",33.999703,34.199705,"1!",0.706259,"Correct","Correct","Correct","Correct"
"10",18,"3_4_stimuli","4_3","Incongruent","Incongruent","Incongruent","Congruent",35.999684,36.199689,"3#",0.737617,"Correct","Correct","Correct","Correct"
"10",19,"5_6_stimuli","5_5","Congruent","Incongruent","Incongruent","Incongruent",37.999664,38.199663,"5%",1.042305,"Correct","Correct","Correct","Correct"
"10",20,"7_8_stimuli","8_8","Congruent","Congruent","Incongruent","Incongruent",39.999649,40.199641,"8*",1.234081,"Correct","Correct","Correct","Correct"
"10",21,"1_2_stimuli","2_2","Congruent","Congruent","Congruent","Incongruent",41.999637,42.199629,"2@",0.721716,"Correct","Correct","Correct","Correct"
"10",22,"3_4_stimuli","4_3","Incongruent","Congruent","Congruent","Congruent",43.999618,44.199614,"3#",0.994243,"Correct","Correct","Correct","Correct"
"10",23,"5_6_stimuli","5_6","Incongruent","Incongruent","Congruent","Congruent",45.9996,46.199596,"6^",1.026119,"Correct","Correct","Correct","Correct"
"10",24,"7_8_stimuli","7_7","Congruent","Incongruent","Incongruent","Congruent",47.999578,48.19958,"7&",0.849797,"Correct","Correct","Correct","Correct"
"10",25,"1_2_stimuli","1_1","Congruent","Congruent","Incongruent","Incongruent",49.999561,50.199556,"1!",1.121777,"Correct","Correct","Correct","Correct"
"10",26,"3_4_stimuli","4_4","Congruent","Congruent","Congruent","Incongruent",51.999552,52.199542,"5%",1.042354,"Error","Correct","Correct","Correct"
"10",27,"5_6_stimuli","5_6","Incongruent","Congruent","Congruent","Congruent",53.999536,54.19953,"6^",0.929978,"Correct","Error","Correct","Correct"
"10",28,"7_8_stimuli","7_8","Incongruent","Incongruent","Congruent","Congruent",55.999517,56.199507,"6^",1.29815,"Error","Correct","Error","Correct"
"10",29,"1_2_stimuli","1_1","Congruent","Incongruent","Incongruent","Congruent",57.999498,58.199498,"1!",0.690439,"Correct","Error","Correct","Error"
"10",30,"3_4_stimuli","4_3","Incongruent","Congruent","Incongruent","Incongruent",59.999481,60.199475,"3#",1.090434,"Correct","Correct","Error","Correct"
"10",31,"5_6_stimuli","5_5","Congruent","Incongruent","Congruent","Incongruent",61.999457,62.199455,"5%",1.37841,"Correct","Correct","Correct","Error"
"10",32,"7_8_stimuli","8_8","Congruent","Congruent","Incongruent","Congruent",63.99944,64.19943,"8*",0.849837,"Correct","Correct","Correct","Correct"
"10",33,"1_2_stimuli","2_1","Incongruent","Congruent","Congruent","Incongruent",65.999428,66.199422,"1!",0.786301,"Correct","Correct","Correct","Correct"
"10",34,"3_4_stimuli","3_4","Incongruent","Incongruent","Congruent","Congruent",67.999405,68.199405,"4$",0.97784,"Correct","Correct","Correct","Correct"
"10",35,"5_6_stimuli","5_6","Incongruent","Incongruent","Incongruent","Congruent",69.999392,70.199387,"6^",0.722533,"Correct","Correct","Correct","Correct"
"10",36,"7_8_stimuli","7_8","Incongruent","Incongruent","Incongruent","Incongruent",71.999381,72.199369,"8*",0.897885,"Correct","Correct","Correct","Correct"
"10",37,"1_2_stimuli","1_2","Incongruent","Incongruent","Incongruent","Incongruent",73.99936,74.199346,"2@",0.706295,"Correct","Correct","Correct","Correct"
"10",38,"3_4_stimuli","3_3","Congruent","Incongruent","Incongruent","Incongruent",75.999332,76.199326,"3#",0.802352,"Correct","Correct","Correct","Correct"
"10",39,"5_6_stimuli","6_5","Incongruent","Congruent","Incongruent","Incongruent",77.999309,78.199305,"5%",0.897994,"Correct","Correct","Correct","Correct"
"10",40,"7_8_stimuli","7_8","Incongruent","Incongruent","Congruent","Incongruent",79.999291,80.199295,"8*",0.722587,"Correct","Correct","Correct","Correct"
"10",41,"1_2_stimuli","1_2","Incongruent","Incongruent","Incongruent","Congruent",81.999285,82.199282,"2@",0.65861,"Correct","Correct","Correct","Correct"
"10",42,"3_4_stimuli","3_4","Incongruent","Incongruent","Incongruent","Incongruent",83.999264,84.199264,"4$",0.706523,"Correct","Correct","Correct","Correct"
"10",43,"5_6_stimuli","6_5","Incongruent","Incongruent","Incongruent","Incongruent",85.999251,86.199236,"5%",0.850024,"Correct","Correct","Correct","Correct"
"10",44,"7_8_stimuli","8_8","Congruent","Incongruent","Incongruent","Incongruent",87.999225,88.199226,"8*",0.674049,"Correct","Correct","Correct","Correct"
"10",45,"1_2_stimuli","1_2","Incongruent","Congruent","Incongruent","Incongruent",89.999204,90.1992,"2@",0.610368,"Correct","Correct","Correct","Correct"
"10",46,"3_4_stimuli","4_4","Congruent","Incongruent","Congruent","Incongruent",91.999189,92.19919,"4$",0.754106,"Correct","Correct","Correct","Correct"
"10",47,"5_6_stimuli","6_6","Congruent","Congruent","Incongruent","Congruent",93.999171,94.199175,"6^",0.81862,"Correct","Correct","Correct","Correct"
"10",48,"7_8_stimuli","7_7","Congruent","Congruent","Congruent","Incongruent",95.999157,96.199161,"7&",0.70615,"Correct","Correct","Correct","Correct"
"10",49,"1_2_stimuli","1_1","Congruent","Congruent","Congruent","Congruent",97.999135,98.199134,"1!",0.594436,"Correct","Correct","Correct","Correct"
"10",50,"3_4_stimuli","4_4","Congruent","Congruent","Congruent","Congruent",99.999116,100.199121,"4$",0.722432,"Correct","Correct","Correct","Correct"
"10",51,"5_6_stimuli","6_6","Congruent","Congruent","Congruent","Congruent",101.999085,102.199107,"6^",0.770465,"Correct","Correct","Correct","Correct"
"10",52,"7_8_stimuli","7_7","Congruent","Congruent","Congruent","Congruent",103.999084,104.199081,"7&",0.674715,"Correct","Correct","Correct","Correct"
"10",53,"1_2_stimuli","2_1","Incongruent","Congruent","Congruent","Congruent",105.99907,106.199059,"1!",0.67428,"Correct","Correct","Correct","Correct"
"10",54,"3_4_stimuli","3_3","Congruent","Incongruent","Congruent","Congruent",107.999048,108.199042,"3#",0.738907,"Correct","Correct","Correct","Correct"
"10",55,"5_6_stimuli","6_5","Incongruent","Congruent","Incongruent","Congruent",109.999038,110.199035,"5%",1.026579,"Correct","Correct","Correct","Correct"
"10",56,"7_8_stimuli","7_7","Congruent","Incongruent","Congruent","Incongruent",111.999017,112.19902,"7&",0.674609,"Correct","Correct","Correct","Correct"
"10",57,"1_2_stimuli","2_2","Congruent","Congruent","Incongruent","Congruent",113.998995,114.198994,"2@",0.674796,"Correct","Correct","Correct","Correct"
"10",58,"3_4_stimuli","4_3","Incongruent","Congruent","Congruent","Incongruent",115.998983,116.198979,"3#",1.250702,"Correct","Correct","Correct","Correct"
"10",59,"5_6_stimuli","5_5","Congruent","Incongruent","Congruent","Congruent",117.998962,118.198959,"5%",1.346622,"Correct","Correct","Correct","Correct"
"10",60,"7_8_stimuli","8_7","Incongruent","Congruent","Incongruent","Congruent",119.998938,120.198948,"7&",1.442869,"Correct","Correct","Correct","Correct"
"10",61,"1_2_stimuli","2_2","Congruent","Incongruent","Congruent","Incongruent",121.998934,122.198928,"2@",1.042583,"Correct","Correct","Correct","Correct"
"10",62,"3_4_stimuli","3_4","Incongruent","Congruent","Incongruent","Congruent",123.998916,124.198907,"5%",1.426384,"Error","Correct","Correct","Correct"
"10",63,"5_6_stimuli","6_5","Incongruent","Incongruent","Congruent","Incongruent",125.998887,126.198884,"5%",0.690419,"Correct","Error","Correct","Correct"
"10",64,"7_8_stimuli","8_7","Incongruent","Incongruent","Incongruent","Congruent",127.998878,128.19887,"7&",0.67484,"Correct","Correct","Error","Correct"
"10",65,"1_2_stimuli","1_1","Congruent","Incongruent","Incongruent","Incongruent",129.998856,130.198863,"1!",0.62702,"Correct","Correct","Correct","Error"
"10",66,"3_4_stimuli","3_3","Congruent","Congruent","Incongruent","Incongruent",131.998837,132.198831,"3#",0.834932,"Correct","Correct","Correct","Correct"
"10",67,"5_6_stimuli","6_6","Congruent","Congruent","Congruent","Incongruent",133.998821,134.198819,"6^",1.186867,"Correct","Correct","Correct","Correct"
"10",68,"7_8_stimuli","7_8","Incongruent","Congruent","Congruent","Congruent",135.998802,136.198802,"8*",0.867032,"Correct","Correct","Correct","Correct"
"11",1,"1_2_stimuli","2_1","Incongruent",NA,NA,NA,1.999981,2.199977,"1!",0.755472,"Correct",NA,NA,NA
"11",2,"3_4_stimuli","3_3","Congruent","Incongruent",NA,NA,3.999961,4.199954,"3#",0.83523,"Correct","Correct",NA,NA
"11",3,"5_6_stimuli","5_6","Incongruent","Congruent","Incongruent",NA,5.999946,6.199945,"6^",0.851645,"Correct","Correct","Correct",NA
"11",4,"7_8_stimuli","7_8","Incongruent","Incongruent","Congruent","Incongruent",7.999923,8.199931,"8*",0.691716,"Correct","Correct","Correct","Correct"
"11",5,"1_2_stimuli","1_2","Incongruent","Incongruent","Incongruent","Congruent",9.999908,10.199906,"2@",0.819297,"Correct","Correct","Correct","Correct"
"11",6,"3_4_stimuli","3_4","Incongruent","Incongruent","Incongruent","Incongruent",11.999889,12.199897,"4$",0.851266,"Correct","Correct","Correct","Correct"
"11",7,"5_6_stimuli","6_5","Incongruent","Incongruent","Incongruent","Incongruent",13.99988,14.199877,"5%",1.187281,"Correct","Correct","Correct","Correct"
"11",8,"7_8_stimuli","7_7","Congruent","Incongruent","Incongruent","Incongruent",15.999861,16.199863,"7&",0.723485,"Correct","Correct","Correct","Correct"
"11",9,"1_2_stimuli","2_1","Incongruent","Congruent","Incongruent","Incongruent",17.999844,18.199835,"1!",0.70806,"Correct","Correct","Correct","Correct"
"11",10,"3_4_stimuli","4_3","Incongruent","Incongruent","Congruent","Incongruent",19.999822,20.199823,"3#",0.91556,"Correct","Correct","Correct","Correct"
"11",11,"5_6_stimuli","6_6","Congruent","Incongruent","Incongruent","Congruent",21.999804,22.199805,"6^",0.947341,"Correct","Correct","Correct","Correct"
"11",12,"7_8_stimuli","8_7","Incongruent","Congruent","Incongruent","Incongruent",23.999782,24.199786,"7&",0.579891,"Correct","Correct","Correct","Correct"
"11",13,"1_2_stimuli","1_2","Incongruent","Incongruent","Congruent","Incongruent",25.999769,26.19977,"2@",0.75534,"Correct","Correct","Correct","Correct"
"11",14,"3_4_stimuli","4_3","Incongruent","Incongruent","Incongruent","Congruent",27.999758,28.199745,"3#",0.851696,"Correct","Correct","Correct","Correct"
"11",15,"5_6_stimuli","5_5","Congruent","Incongruent","Incongruent","Incongruent",29.999739,30.199739,"5%",0.867806,"Correct","Correct","Correct","Correct"
"11",16,"7_8_stimuli","7_7","Congruent","Congruent","Incongruent","Incongruent",31.999724,32.199721,"7&",0.803902,"Correct","Correct","Correct","Correct"
"11",17,"1_2_stimuli","1_1","Congruent","Congruent","Congruent","Incongruent",33.999698,34.199693,"1!",0.611747,"Correct","Correct","Correct","Correct"
"11",18,"3_4_stimuli","3_4","Incongruent","Congruent","Congruent","Congruent",35.999673,36.199668,"4$",0.691553,"Correct","Correct","Correct","Correct"
"11",19,"5_6_stimuli","5_5","Congruent","Incongruent","Congruent","Congruent",37.999669,38.199652,"5%",0.883481,"Correct","Correct","Correct","Correct"
"11",20,"7_8_stimuli","8_7","Incongruent","Congruent","Incongruent","Congruent",39.999655,40.199636,"7&",0.963828,"Correct","Correct","Correct","Correct"
"11",21,"1_2_stimuli","2_2","Congruent","Incongruent","Congruent","Incongruent",41.999636,42.199631,"2@",0.819968,"Correct","Correct","Correct","Correct"
"11",22,"3_4_stimuli","4_3","Incongruent","Congruent","Incongruent","Congruent",43.999607,44.199603,"3#",0.77257,"Correct","Correct","Correct","Correct"
"11",23,"5_6_stimuli","6_6","Congruent","Incongruent","Congruent","Incongruent",45.999597,46.199596,"6^",1.011747,"Correct","Correct","Correct","Correct"
"11",24,"7_8_stimuli","7_7","Congruent","Congruent","Incongruent","Congruent",47.999572,48.199574,"7&",0.708114,"Correct","Correct","Correct","Correct"
"11",25,"1_2_stimuli","2_1","Incongruent","Congruent","Congruent","Incongruent",49.999556,50.199563,"1!",0.54808,"Correct","Correct","Correct","Correct"
"11",26,"3_4_stimuli","3_3","Congruent","Incongruent","Congruent","Congruent",51.999548,52.199534,"3#",0.627613,"Correct","Correct","Correct","Correct"
"11",27,"5_6_stimuli","6_5","Incongruent","Congruent","Incongruent","Congruent",53.999519,54.199521,"5%",1.05987,"Correct","Correct","Correct","Correct"
"11",28,"7_8_stimuli","8_8","Congruent","Incongruent","Congruent","Incongruent",55.999511,56.199499,"8*",0.755648,"Correct","Correct","Correct","Correct"
"11",29,"1_2_stimuli","1_1","Congruent","Congruent","Incongruent","Congruent",57.999487,58.199494,"1!",0.579682,"Correct","Correct","Correct","Correct"
"11",30,"3_4_stimuli","4_3","Incongruent","Congruent","Congruent","Incongruent",59.999468,60.199468,"3#",0.803896,"Correct","Correct","Correct","Correct"
"11",31,"5_6_stimuli","5_6","Incongruent","Incongruent","Congruent","Congruent",61.999457,62.199457,"6^",1.092168,"Correct","Correct","Correct","Correct"
"11",32,"7_8_stimuli","8_7","Incongruent","Incongruent","Incongruent","Congruent",63.99943,64.199426,"7&",0.900011,"Correct","Correct","Correct","Correct"
"11",33,"1_2_stimuli","2_1","Incongruent","Incongruent","Incongruent","Incongruent",65.999414,66.199406,"1!",0.915892,"Correct","Correct","Correct","Correct"
"11",34,"3_4_stimuli","3_3","Congruent","Incongruent","Incongruent","Incongruent",67.99939,68.199399,"3#",0.803715,"Correct","Correct","Correct","Correct"
"11",35,"5_6_stimuli","6_5","Incongruent","Congruent","Incongruent","Incongruent",69.999378,70.199373,"5%",1.044397,"Correct","Correct","Correct","Correct"
"11",36,"7_8_stimuli","7_8","Incongruent","Incongruent","Congruent","Incongruent",71.999366,72.199361,"8*",0.755735,"Correct","Correct","Correct","Correct"
"11",37,"1_2_stimuli","1_1","Congruent","Incongruent","Incongruent","Congruent",73.999356,74.199342,"1!",0.628473,"Correct","Correct","Correct","Correct"
"11",38,"3_4_stimuli","4_4","Congruent","Congruent","Incongruent","Incongruent",75.999339,76.199325,"Omission",5000,"Omission","Correct","Correct","Correct"
"11",39,"5_6_stimuli","5_5","Congruent","Congruent","Congruent","Incongruent",77.999306,78.199314,"5%",0.820267,"Correct","Omission","Correct","Correct"
"11",40,"7_8_stimuli","7_8","Incongruent","Congruent","Congruent","Congruent",79.99929,80.199291,"8*",0.708705,"Correct","Correct","Omission","Correct"
"11",41,"1_2_stimuli","2_2","Congruent","Incongruent","Congruent","Congruent",81.999272,82.199272,"2@",0.707983,"Correct","Correct","Correct","Omission"
"11",42,"3_4_stimuli","4_4","Congruent","Congruent","Incongruent","Congruent",83.999253,84.199258,"4$",0.772553,"Correct","Correct","Correct","Correct"
"11",43,"5_6_stimuli","5_6","Incongruent","Congruent","Congruent","Incongruent",85.99924,86.199245,"6^",0.675875,"Correct","Correct","Correct","Correct"
"11",44,"7_8_stimuli","8_8","Congruent","Incongruent","Congruent","Congruent",87.999225,88.199217,"8*",0.884462,"Correct","Correct","Correct","Correct"
"11",45,"1_2_stimuli","1_2","Incongruent","Congruent","Incongruent","Congruent",89.999203,90.199206,"2@",0.580549,"Correct","Correct","Correct","Correct"
"11",46,"3_4_stimuli","3_3","Congruent","Incongruent","Congruent","Incongruent",91.999189,92.19919,"3#",0.691854,"Correct","Correct","Correct","Correct"
"11",47,"5_6_stimuli","5_5","Congruent","Congruent","Incongruent","Congruent",93.999167,94.199164,"5%",0.868358,"Correct","Correct","Correct","Correct"
"11",48,"7_8_stimuli","7_8","Incongruent","Congruent","Congruent","Incongruent",95.999156,96.199141,"8*",0.964419,"Correct","Correct","Correct","Correct"
"11",49,"1_2_stimuli","2_1","Incongruent","Incongruent","Congruent","Congruent",97.999136,98.199141,"1!",0.532489,"Correct","Correct","Correct","Correct"
"11",50,"3_4_stimuli","4_4","Congruent","Incongruent","Incongruent","Congruent",99.99912,100.199113,"4$",0.996119,"Correct","Correct","Correct","Correct"
"11",51,"5_6_stimuli","6_6","Congruent","Congruent","Incongruent","Incongruent",101.999097,102.199097,"6^",0.644038,"Correct","Correct","Correct","Correct"
"11",52,"7_8_stimuli","8_8","Congruent","Congruent","Congruent","Incongruent",103.999085,104.199082,"8*",0.708291,"Correct","Correct","Correct","Correct"
"11",53,"1_2_stimuli","1_2","Incongruent","Congruent","Congruent","Congruent",105.999062,106.199057,"2@",0.676333,"Correct","Correct","Correct","Correct"
"11",54,"3_4_stimuli","3_4","Incongruent","Incongruent","Congruent","Congruent",107.999041,108.19904,"4$",0.900057,"Correct","Correct","Correct","Correct"
"11",55,"5_6_stimuli","5_6","Incongruent","Incongruent","Incongruent","Congruent",109.999031,110.199029,"6^",0.771971,"Correct","Correct","Correct","Correct"
"11",56,"7_8_stimuli","7_8","Incongruent","Incongruent","Incongruent","Incongruent",111.999013,112.199005,"8*",0.724258,"Correct","Correct","Correct","Correct"
"11",57,"1_2_stimuli","2_2","Congruent","Incongruent","Incongruent","Incongruent",113.998992,114.198998,"2@",0.548463,"Correct","Correct","Correct","Correct"
"11",58,"3_4_stimuli","3_4","Incongruent","Congruent","Incongruent","Incongruent",115.998982,116.198968,"4$",0.660301,"Correct","Correct","Correct","Correct"
"11",59,"5_6_stimuli","5_6","Incongruent","Incongruent","Congruent","Incongruent",117.998959,118.198956,"6^",0.580526,"Correct","Correct","Correct","Correct"
"11",60,"7_8_stimuli","7_7","Congruent","Incongruent","Incongruent","Congruent",119.998943,120.198934,"7&",0.596134,"Correct","Correct","Correct","Correct"
"11",61,"1_2_stimuli","1_1","Congruent","Congruent","Incongruent","Incongruent",121.998927,122.198919,"1!",0.580477,"Correct","Correct","Correct","Correct"
"11",62,"3_4_stimuli","3_3","Congruent","Congruent","Congruent","Incongruent",123.998907,124.198899,"3#",0.692131,"Correct","Correct","Correct","Correct"
"11",63,"5_6_stimuli","6_6","Congruent","Congruent","Congruent","Congruent",125.998883,126.198884,"6^",0.64418,"Correct","Correct","Correct","Correct"
"11",64,"7_8_stimuli","8_8","Congruent","Congruent","Congruent","Congruent",127.998862,128.198866,"8*",0.628168,"Correct","Correct","Correct","Correct"
"11",65,"1_2_stimuli","2_2","Congruent","Congruent","Congruent","Congruent",129.998851,130.198854,"2@",0.692231,"Correct","Correct","Correct","Correct"
"11",66,"3_4_stimuli","4_4","Congruent","Congruent","Congruent","Congruent",131.998836,132.19883,"4$",0.709158,"Correct","Correct","Correct","Correct"
"11",67,"5_6_stimuli","6_5","Incongruent","Congruent","Congruent","Congruent",133.998812,134.198816,"6^",0.724248,"Error","Correct","Correct","Correct"
"11",68,"7_8_stimuli","8_7","Incongruent","Incongruent","Congruent","Congruent",135.998793,136.198796,"7&",0.756425,"Correct","Error","Correct","Correct"
"12",1,"1_2_stimuli","1_1","Congruent",NA,NA,NA,1.999979,2.199982,"1!",0.606931,"Correct",NA,NA,NA
"12",2,"3_4_stimuli","3_3","Congruent","Congruent",NA,NA,3.999962,4.199953,"3#",0.798981,"Correct","Correct",NA,NA
"12",3,"5_6_stimuli","6_5","Incongruent","Congruent","Congruent",NA,5.999939,6.199947,"5%",0.975514,"Correct","Correct","Correct",NA
"12",4,"7_8_stimuli","8_8","Congruent","Incongruent","Congruent","Congruent",7.999932,8.199926,"8*",0.623038,"Correct","Correct","Correct","Correct"
"12",5,"1_2_stimuli","2_1","Incongruent","Congruent","Incongruent","Congruent",9.999908,10.199906,"1!",0.543354,"Correct","Correct","Correct","Correct"
"12",6,"3_4_stimuli","4_3","Incongruent","Incongruent","Congruent","Incongruent",11.999895,12.199898,"3#",0.975626,"Correct","Correct","Correct","Correct"
"12",7,"5_6_stimuli","5_5","Congruent","Incongruent","Incongruent","Congruent",13.999881,14.199879,"5%",0.831213,"Correct","Correct","Correct","Correct"
"12",8,"7_8_stimuli","8_7","Incongruent","Congruent","Incongruent","Incongruent",15.999855,16.199859,"7&",0.7836,"Correct","Correct","Correct","Correct"
"12",9,"1_2_stimuli","1_1","Congruent","Incongruent","Congruent","Incongruent",17.999842,18.199843,"1!",0.527528,"Correct","Correct","Correct","Correct"
"12",10,"3_4_stimuli","3_3","Congruent","Congruent","Incongruent","Congruent",19.999828,20.199826,"3#",0.879213,"Correct","Correct","Correct","Correct"
"12",11,"5_6_stimuli","6_5","Incongruent","Congruent","Congruent","Incongruent",21.999808,22.199793,"5%",0.879557,"Correct","Correct","Correct","Correct"
"12",12,"7_8_stimuli","7_8","Incongruent","Incongruent","Congruent","Congruent",23.999789,24.199791,"8*",0.975587,"Correct","Correct","Correct","Correct"
"12",13,"1_2_stimuli","2_2","Congruent","Incongruent","Incongruent","Congruent",25.999767,26.199766,"2@",0.943515,"Correct","Correct","Correct","Correct"
"12",14,"3_4_stimuli","3_4","Incongruent","Congruent","Incongruent","Incongruent",27.99976,28.199756,"3#",1.167848,"Error","Correct","Correct","Correct"
"12",15,"5_6_stimuli","5_6","Incongruent","Incongruent","Congruent","Incongruent",29.999743,30.199726,"6^",1.471343,"Correct","Error","Correct","Correct"
"12",16,"7_8_stimuli","7_7","Congruent","Incongruent","Incongruent","Congruent",31.999719,32.199717,"7&",1.007488,"Correct","Correct","Error","Correct"
"12",17,"1_2_stimuli","2_1","Incongruent","Congruent","Incongruent","Incongruent",33.999697,34.1997,"1!",0.735772,"Correct","Correct","Correct","Error"
"12",18,"3_4_stimuli","3_3","Congruent","Incongruent","Congruent","Incongruent",35.999677,36.199685,"3#",0.847467,"Correct","Correct","Correct","Correct"
"12",19,"5_6_stimuli","5_5","Congruent","Congruent","Incongruent","Congruent",37.999661,38.199669,"5%",0.959787,"Correct","Correct","Correct","Correct"
"12",20,"7_8_stimuli","7_7","Congruent","Congruent","Congruent","Incongruent",39.999646,40.199643,"7&",0.767618,"Correct","Correct","Correct","Correct"
"12",21,"1_2_stimuli","1_2","Incongruent","Congruent","Congruent","Congruent",41.999636,42.199632,"2@",0.767255,"Correct","Correct","Correct","Correct"
"12",22,"3_4_stimuli","4_3","Incongruent","Incongruent","Congruent","Congruent",43.999614,44.199608,"3#",1.039656,"Correct","Correct","Correct","Correct"
"12",23,"5_6_stimuli","6_5","Incongruent","Incongruent","Incongruent","Congruent",45.999591,46.1996,"5%",1.247306,"Correct","Correct","Correct","Correct"
"12",24,"7_8_stimuli","8_7","Incongruent","Incongruent","Incongruent","Incongruent",47.999583,48.199572,"7&",1.327918,"Correct","Correct","Correct","Correct"
"12",25,"1_2_stimuli","2_1","Incongruent","Incongruent","Incongruent","Incongruent",49.999555,50.199552,"1!",0.831376,"Correct","Correct","Correct","Correct"
"12",26,"3_4_stimuli","4_4","Congruent","Incongruent","Incongruent","Incongruent",51.999543,52.199532,"4$",0.975337,"Correct","Correct","Correct","Correct"
"12",27,"5_6_stimuli","6_6","Congruent","Congruent","Incongruent","Incongruent",53.999532,54.199521,"6^",1.023348,"Correct","Correct","Correct","Correct"
"12",28,"7_8_stimuli","8_7","Incongruent","Congruent","Congruent","Incongruent",55.999506,56.199507,"7&",1.103857,"Correct","Correct","Correct","Correct"
"12",29,"1_2_stimuli","2_2","Congruent","Incongruent","Congruent","Congruent",57.99948,58.199477,"2@",0.751877,"Correct","Correct","Correct","Correct"
"12",30,"3_4_stimuli","3_4","Incongruent","Congruent","Incongruent","Congruent",59.999479,60.199473,"4$",0.975575,"Correct","Correct","Correct","Correct"
"12",31,"5_6_stimuli","6_6","Congruent","Incongruent","Congruent","Incongruent",61.999445,62.199446,"6^",1.471481,"Correct","Correct","Correct","Correct"
"12",32,"7_8_stimuli","8_8","Congruent","Congruent","Incongruent","Congruent",63.999429,64.199439,"8*",0.751363,"Correct","Correct","Correct","Correct"
"12",33,"1_2_stimuli","1_2","Incongruent","Congruent","Congruent","Incongruent",65.999415,66.199412,"2@",0.751906,"Correct","Correct","Correct","Correct"
"12",34,"3_4_stimuli","4_4","Congruent","Incongruent","Congruent","Congruent",67.999408,68.199407,"4$",0.97585,"Correct","Correct","Correct","Correct"
"12",35,"5_6_stimuli","5_6","Incongruent","Congruent","Incongruent","Congruent",69.999377,70.199391,"6^",0.911496,"Correct","Correct","Correct","Correct"
"12",36,"7_8_stimuli","8_7","Incongruent","Incongruent","Congruent","Incongruent",71.999366,72.199363,"7&",0.68806,"Correct","Correct","Correct","Correct"
"12",37,"1_2_stimuli","1_2","Incongruent","Incongruent","Incongruent","Congruent",73.999347,74.199347,"2@",0.847811,"Correct","Correct","Correct","Correct"
"12",38,"3_4_stimuli","4_3","Incongruent","Incongruent","Incongruent","Incongruent",75.99932,76.199324,"3#",0.92774,"Correct","Correct","Correct","Correct"
"12",39,"5_6_stimuli","5_6","Incongruent","Incongruent","Incongruent","Incongruent",77.999304,78.199303,"6^",0.976019,"Correct","Correct","Correct","Correct"
"12",40,"7_8_stimuli","7_7","Congruent","Incongruent","Incongruent","Incongruent",79.999295,80.199289,"7&",0.623577,"Correct","Correct","Correct","Correct"
"12",41,"1_2_stimuli","2_2","Congruent","Congruent","Incongruent","Incongruent",81.999274,82.199282,"2@",1.215731,"Correct","Correct","Correct","Correct"
"12",42,"3_4_stimuli","3_4","Incongruent","Congruent","Congruent","Incongruent",83.999264,84.199251,"4$",0.863796,"Correct","Correct","Correct","Correct"
"12",43,"5_6_stimuli","6_5","Incongruent","Incongruent","Congruent","Congruent",85.999239,86.199238,"5%",1.311999,"Correct","Correct","Correct","Correct"
"12",44,"7_8_stimuli","7_8","Incongruent","Incongruent","Incongruent","Congruent",87.999222,88.199221,"8*",1.039592,"Correct","Correct","Correct","Correct"
"12",45,"1_2_stimuli","1_1","Congruent","Incongruent","Incongruent","Incongruent",89.999204,90.199204,"1!",0.815943,"Correct","Correct","Correct","Correct"
"12",46,"3_4_stimuli","4_4","Congruent","Congruent","Incongruent","Incongruent",91.999189,92.199184,"4$",1.135841,"Correct","Correct","Correct","Correct"
"12",47,"5_6_stimuli","6_6","Congruent","Congruent","Congruent","Incongruent",93.999169,94.199164,"6^",1.375608,"Correct","Correct","Correct","Correct"
"12",48,"7_8_stimuli","8_8","Congruent","Congruent","Congruent","Congruent",95.999149,96.199149,"8*",0.815669,"Correct","Correct","Correct","Correct"
"12",49,"1_2_stimuli","1_1","Congruent","Congruent","Congruent","Congruent",97.999134,98.199135,"1!",0.799714,"Correct","Correct","Correct","Correct"
"12",50,"3_4_stimuli","4_3","Incongruent","Congruent","Congruent","Congruent",99.999123,100.199108,"3#",1.024251,"Correct","Correct","Correct","Correct"
"12",51,"5_6_stimuli","5_5","Congruent","Incongruent","Congruent","Congruent",101.9991,102.199091,"5%",0.927965,"Correct","Correct","Correct","Correct"
"12",52,"7_8_stimuli","7_8","Incongruent","Congruent","Incongruent","Congruent",103.999082,104.19908,"7&",0.864415,"Error","Correct","Correct","Correct"
"12",53,"1_2_stimuli","2_1","Incongruent","Incongruent","Congruent","Incongruent",105.999061,106.19906,"1!",0.895771,"Correct","Error","Correct","Correct"
"12",54,"3_4_stimuli","3_4","Incongruent","Incongruent","Incongruent","Congruent",107.99904,108.19904,"4$",0.992141,"Correct","Correct","Error","Correct"
"12",55,"5_6_stimuli","5_5","Congruent","Incongruent","Incongruent","Incongruent",109.999032,110.199031,"5%",1.056332,"Correct","Correct","Correct","Error"
"12",56,"7_8_stimuli","8_8","Congruent","Congruent","Incongruent","Incongruent",111.999009,112.199004,"8*",1.007777,"Correct","Correct","Correct","Correct"
"12",57,"1_2_stimuli","2_2","Congruent","Congruent","Congruent","Incongruent",113.998989,114.198988,"2@",0.768381,"Correct","Correct","Correct","Correct"
"12",58,"3_4_stimuli","4_4","Congruent","Congruent","Congruent","Congruent",115.998976,116.198969,"Omission",5000,"Omission","Correct","Correct","Correct"
"12",59,"5_6_stimuli","6_6","Congruent","Congruent","Congruent","Congruent",117.998956,118.198954,"6^",0.736429,"Correct","Omission","Correct","Correct"
"12",60,"7_8_stimuli","7_8","Incongruent","Congruent","Congruent","Congruent",119.998937,120.198942,"7&",0.784049,"Error","Correct","Omission","Correct"
"12",61,"1_2_stimuli","1_2","Incongruent","Incongruent","Congruent","Congruent",121.998925,122.198921,"2@",0.608476,"Correct","Error","Correct","Omission"
"12",62,"3_4_stimuli","3_3","Congruent","Incongruent","Incongruent","Congruent",123.998903,124.198908,"3#",0.960575,"Correct","Correct","Error","Correct"
"12",63,"5_6_stimuli","6_5","Incongruent","Congruent","Incongruent","Incongruent",125.998888,126.198887,"5%",0.96005,"Correct","Correct","Correct","Error"
"12",64,"7_8_stimuli","7_7","Congruent","Incongruent","Congruent","Incongruent",127.998868,128.198866,"7&",1.023935,"Correct","Correct","Correct","Correct"
"12",65,"1_2_stimuli","1_1","Congruent","Congruent","Incongruent","Congruent",129.998848,130.198852,"1!",0.544359,"Correct","Correct","Correct","Correct"
"12",66,"3_4_stimuli","3_3","Congruent","Congruent","Congruent","Incongruent",131.998837,132.198819,"3#",0.71996,"Correct","Correct","Correct","Correct"
"12",67,"5_6_stimuli","5_6","Incongruent","Congruent","Congruent","Congruent",133.998818,134.198818,"6^",0.816372,"Correct","Correct","Correct","Correct"
"12",68,"7_8_stimuli","8_8","Congruent","Incongruent","Congruent","Congruent",135.998802,136.198804,"8*",0.623946,"Correct","Correct","Correct","Correct"
"13",1,"1_2_stimuli","2_2","Congruent",NA,NA,NA,1.999985,2.199983,"2@",0.749273,"Correct",NA,NA,NA
"13",2,"3_4_stimuli","3_3","Congruent","Congruent",NA,NA,3.999959,4.199961,"3#",0.685217,"Correct","Correct",NA,NA
"13",3,"5_6_stimuli","5_6","Incongruent","Congruent","Congruent",NA,5.999948,6.199935,"6^",0.701253,"Correct","Correct","Correct",NA
"13",4,"7_8_stimuli","8_7","Incongruent","Incongruent","Congruent","Congruent",7.999937,8.199933,"7&",0.668724,"Correct","Correct","Correct","Correct"
"13",5,"1_2_stimuli","2_2","Congruent","Incongruent","Incongruent","Congruent",9.999914,10.199913,"2@",0.573244,"Correct","Correct","Correct","Correct"
"13",6,"3_4_stimuli","3_3","Congruent","Congruent","Incongruent","Incongruent",11.99989,12.19988,"3#",0.796792,"Correct","Correct","Correct","Correct"
"13",7,"5_6_stimuli","5_5","Congruent","Congruent","Congruent","Incongruent",13.999884,14.199876,"5%",0.941451,"Correct","Correct","Correct","Correct"
"13",8,"7_8_stimuli","7_7","Congruent","Congruent","Congruent","Congruent",15.999864,16.199856,"7&",0.668853,"Correct","Correct","Correct","Correct"
"13",9,"1_2_stimuli","1_1","Congruent","Congruent","Congruent","Congruent",17.99984,18.199845,"1!",1.276845,"Correct","Correct","Correct","Correct"
"13",10,"3_4_stimuli","4_4","Congruent","Congruent","Congruent","Congruent",19.999828,20.199826,"4$",1.405569,"Correct","Correct","Correct","Correct"
"13",11,"5_6_stimuli","5_5","Congruent","Congruent","Congruent","Congruent",21.999812,22.19981,"5%",0.829065,"Correct","Correct","Correct","Correct"
"13",12,"7_8_stimuli","8_7","Incongruent","Congruent","Congruent","Congruent",23.99979,24.199794,"7&",0.941408,"Correct","Correct","Correct","Correct"
"13",13,"1_2_stimuli","2_1","Incongruent","Incongruent","Congruent","Congruent",25.999771,26.199768,"1!",0.637468,"Correct","Correct","Correct","Correct"
"13",14,"3_4_stimuli","4_3","Incongruent","Incongruent","Incongruent","Congruent",27.999747,28.19975,"3#",0.748884,"Correct","Correct","Correct","Correct"
"13",15,"5_6_stimuli","6_5","Incongruent","Incongruent","Incongruent","Incongruent",29.999727,30.199736,"5%",1.005278,"Correct","Correct","Correct","Correct"
"13",16,"7_8_stimuli","7_8","Incongruent","Incongruent","Incongruent","Incongruent",31.999726,32.199717,"8*",0.82894,"Correct","Correct","Correct","Correct"
"13",17,"1_2_stimuli","2_2","Congruent","Incongruent","Incongruent","Incongruent",33.9997,34.1997,"2@",0.92509,"Correct","Correct","Correct","Correct"
"13",18,"3_4_stimuli","3_4","Incongruent","Congruent","Incongruent","Incongruent",35.999685,36.199687,"4$",1.389137,"Correct","Correct","Correct","Correct"
"13",19,"5_6_stimuli","6_6","Congruent","Incongruent","Congruent","Incongruent",37.999674,38.199667,"6^",1.261601,"Correct","Correct","Correct","Correct"
"13",20,"7_8_stimuli","7_7","Congruent","Congruent","Incongruent","Congruent",39.999642,40.199643,"7&",1.16539,"Correct","Correct","Correct","Correct"
"13",21,"1_2_stimuli","2_2","Congruent","Congruent","Congruent","Incongruent",41.999635,42.199625,"2@",0.90902,"Correct","Correct","Correct","Correct"
"13",22,"3_4_stimuli","3_4","Incongruent","Congruent","Congruent","Congruent",43.999635,44.199614,"4$",0.989362,"Correct","Correct","Correct","Correct"
"13",23,"5_6_stimuli","6_5","Incongruent","Incongruent","Congruent","Congruent",45.999599,46.199592,"5%",1.21335,"Correct","Correct","Correct","Correct"
"13",24,"7_8_stimuli","7_7","Congruent","Incongruent","Incongruent","Congruent",47.999573,48.199579,"7&",1.005421,"Correct","Correct","Correct","Correct"
"13",25,"1_2_stimuli","1_2","Incongruent","Congruent","Incongruent","Incongruent",49.999562,50.199553,"2@",0.797604,"Correct","Correct","Correct","Correct"
"13",26,"3_4_stimuli","3_4","Incongruent","Incongruent","Congruent","Incongruent",51.999542,52.199539,"4$",1.085247,"Correct","Correct","Correct","Correct"
"13",27,"5_6_stimuli","5_5","Congruent","Incongruent","Incongruent","Congruent",53.999526,54.199519,"5%",0.877672,"Correct","Correct","Correct","Correct"
"13",28,"7_8_stimuli","8_8","Congruent","Congruent","Incongruent","Incongruent",55.999506,56.199503,"8*",0.877555,"Correct","Correct","Correct","Correct"
"13",29,"1_2_stimuli","1_2","Incongruent","Congruent","Congruent","Incongruent",57.999497,58.19949,"Omission",5000,"Omission","Correct","Correct","Correct"
"13",30,"3_4_stimuli","4_4","Congruent","Incongruent","Congruent","Congruent",59.999469,60.199467,"4$",0.973672,"Correct","Omission","Correct","Correct"
"13",31,"5_6_stimuli","6_6","Congruent","Congruent","Incongruent","Congruent",61.999445,62.199461,"6^",0.781701,"Correct","Correct","Omission","Correct"
"13",32,"7_8_stimuli","8_7","Incongruent","Congruent","Congruent","Incongruent",63.999428,64.199431,"7&",0.829716,"Correct","Correct","Correct","Omission"
"13",33,"1_2_stimuli","1_1","Congruent","Incongruent","Congruent","Congruent",65.99942,66.199418,"1!",0.669196,"Correct","Correct","Correct","Correct"
"13",34,"3_4_stimuli","4_4","Congruent","Congruent","Incongruent","Congruent",67.999398,68.199401,"4$",0.749489,"Correct","Correct","Correct","Correct"
"13",35,"5_6_stimuli","5_6","Incongruent","Congruent","Congruent","Incongruent",69.999391,70.199386,"6^",0.781524,"Correct","Correct","Correct","Correct"
"13",36,"7_8_stimuli","8_8","Congruent","Incongruent","Congruent","Congruent",71.999358,72.199356,"8*",0.941754,"Correct","Correct","Correct","Correct"
"13",37,"1_2_stimuli","1_2","Incongruent","Congruent","Incongruent","Congruent",73.999346,74.199347,"2@",0.589928,"Correct","Correct","Correct","Correct"
"13",38,"3_4_stimuli","3_3","Congruent","Incongruent","Congruent","Incongruent",75.999334,76.199327,"3#",0.957789,"Correct","Correct","Correct","Correct"
"13",39,"5_6_stimuli","5_6","Incongruent","Congruent","Incongruent","Congruent",77.99931,78.199306,"6^",0.605703,"Correct","Correct","Correct","Correct"
"13",40,"7_8_stimuli","8_8","Congruent","Incongruent","Congruent","Incongruent",79.999296,80.199292,"8*",1.245255,"Correct","Correct","Correct","Correct"
"13",41,"1_2_stimuli","1_1","Congruent","Congruent","Incongruent","Congruent",81.999281,82.199278,"1!",0.621711,"Correct","Correct","Correct","Correct"
"13",42,"3_4_stimuli","3_3","Congruent","Congruent","Congruent","Incongruent",83.999261,84.199264,"3#",0.701333,"Correct","Correct","Correct","Correct"
"13",43,"5_6_stimuli","6_5","Incongruent","Congruent","Congruent","Congruent",85.999244,86.199237,"5%",0.989488,"Correct","Correct","Correct","Correct"
"13",44,"7_8_stimuli","8_7","Incongruent","Incongruent","Congruent","Congruent",87.999224,88.199219,"7&",0.68575,"Correct","Correct","Correct","Correct"
"13",45,"1_2_stimuli","2_1","Incongruent","Incongruent","Incongruent","Congruent",89.999207,90.199201,"1!",0.685738,"Correct","Correct","Correct","Correct"
"13",46,"3_4_stimuli","4_3","Incongruent","Incongruent","Incongruent","Incongruent",91.999191,92.199186,"3#",0.765963,"Correct","Correct","Correct","Correct"
"13",47,"5_6_stimuli","6_6","Congruent","Incongruent","Incongruent","Incongruent",93.999163,94.199169,"Omission",5000,"Omission","Correct","Correct","Correct"
"13",48,"7_8_stimuli","7_8","Incongruent","Congruent","Incongruent","Incongruent",95.999155,96.199152,"8*",0.973931,"Correct","Omission","Correct","Correct"
"13",49,"1_2_stimuli","2_1","Incongruent","Incongruent","Congruent","Incongruent",97.99913,98.199128,"1!",0.653493,"Correct","Correct","Omission","Correct"
"13",50,"3_4_stimuli","4_4","Congruent","Incongruent","Incongruent","Congruent",99.999121,100.199111,"4$",0.845815,"Correct","Correct","Correct","Omission"
"13",51,"5_6_stimuli","5_5","Congruent","Congruent","Incongruent","Incongruent",101.999092,102.199093,"5%",1.037466,"Correct","Correct","Correct","Correct"
"13",52,"7_8_stimuli","8_8","Congruent","Congruent","Congruent","Incongruent",103.999083,104.199081,"8*",0.653981,"Correct","Correct","Correct","Correct"
"13",53,"1_2_stimuli","1_2","Incongruent","Congruent","Congruent","Congruent",105.999068,106.199062,"2@",0.685586,"Correct","Correct","Correct","Correct"
"13",54,"3_4_stimuli","4_3","Incongruent","Incongruent","Congruent","Congruent",107.999045,108.199047,"3#",0.926105,"Correct","Correct","Correct","Correct"
"13",55,"5_6_stimuli","5_6","Incongruent","Incongruent","Incongruent","Congruent",109.99901,110.19903,"6^",1.085945,"Correct","Correct","Correct","Correct"
"13",56,"7_8_stimuli","7_7","Congruent","Incongruent","Incongruent","Incongruent",111.999008,112.199012,"7&",0.686126,"Correct","Correct","Correct","Correct"
"13",57,"1_2_stimuli","2_2","Congruent","Congruent","Incongruent","Incongruent",113.998989,114.198993,"2@",0.653757,"Correct","Correct","Correct","Correct"
"13",58,"3_4_stimuli","4_3","Incongruent","Congruent","Congruent","Incongruent",115.998978,116.198973,"3#",0.750179,"Correct","Correct","Correct","Correct"
"13",59,"5_6_stimuli","6_6","Congruent","Incongruent","Congruent","Congruent",117.998965,118.198956,"6^",1.021597,"Correct","Correct","Correct","Correct"
"13",60,"7_8_stimuli","8_7","Incongruent","Congruent","Incongruent","Congruent",119.998937,120.198943,"7&",0.990102,"Correct","Correct","Correct","Correct"
"13",61,"1_2_stimuli","1_1","Congruent","Incongruent","Congruent","Incongruent",121.99893,122.198929,"1!",0.893819,"Correct","Correct","Correct","Correct"
"13",62,"3_4_stimuli","3_4","Incongruent","Congruent","Incongruent","Congruent",123.998916,124.198906,"4$",1.229999,"Correct","Correct","Correct","Correct"
"13",63,"5_6_stimuli","6_5","Incongruent","Incongruent","Congruent","Incongruent",125.998888,126.198881,"5%",1.166337,"Correct","Correct","Correct","Correct"
"13",64,"7_8_stimuli","7_8","Incongruent","Incongruent","Incongruent","Congruent",127.998882,128.19887,"8*",1.117651,"Correct","Correct","Correct","Correct"
"13",65,"1_2_stimuli","2_1","Incongruent","Incongruent","Incongruent","Incongruent",129.998849,130.198852,"1!",0.797861,"Correct","Correct","Correct","Correct"
"13",66,"3_4_stimuli","3_3","Congruent","Incongruent","Incongruent","Incongruent",131.99884,132.19883,"3#",0.894242,"Correct","Correct","Correct","Correct"
"13",67,"5_6_stimuli","5_6","Incongruent","Congruent","Incongruent","Incongruent",133.998825,134.198827,"6^",1.182004,"Correct","Correct","Correct","Correct"
"13",68,"7_8_stimuli","7_8","Incongruent","Incongruent","Congruent","Incongruent",135.998797,136.198806,"8*",1.021944,"Correct","Correct","Correct","Correct"
