"Run.Number","Trial.Number","Task","Stimulus","Current.Trial.Type","Previous.Trial.Type","Previous.Trial.Type.N2","Previous.Trial.Type.N3","StimulusOnsetTime","StimulusOffsetTime","Response","RT","Accuracy","PreviousAccuracy","PreviousAccuracy.N2","Previous.Accuracy.N3"
"practice",1,"1_2_stimuli","1_2","Incongruent",NA,NA,NA,1.999989,2.199985,"2@",1.13373,"Correct",NA,NA,NA
"practice",2,"3_4_stimuli","3_4","Incongruent","Incongruent",NA,NA,3.999973,4.199979,"4$",1.485716,"Correct","Correct",NA,NA
"practice",3,"5_6_stimuli","5_5","Congruent","Incongruent","Incongruent",NA,5.999952,6.199957,"5%",1.230393,"Correct","Correct","Correct",NA
"practice",4,"7_8_stimuli","7_8","Incongruent","Congruent","Incongruent","Incongruent",7.999942,8.199932,"7&",1.213706,"Error","Correct","Correct","Correct"
"practice",5,"1_2_stimuli","2_1","Incongruent","Incongruent","Congruent","Incongruent",9.999915,10.199925,"1!",1.198053,"Correct","Error","Correct","Correct"
"practice",6,"3_4_stimuli","3_3","Congruent","Incongruent","Incongruent","Congruent",11.999896,12.19989,"3#",1.198019,"Correct","Correct","Error","Correct"
"practice",7,"5_6_stimuli","5_6","Incongruent","Congruent","Incongruent","Incongruent",13.999886,14.199878,"6^",1.085968,"Correct","Correct","Correct","Error"
"practice",8,"7_8_stimuli","8_8","Congruent","Incongruent","Congruent","Incongruent",15.999862,16.199861,"8*",0.958276,"Correct","Correct","Correct","Correct"
"practice",9,"1_2_stimuli","2_1","Incongruent","Congruent","Incongruent","Congruent",17.999843,18.199846,"1!",0.7343,"Correct","Correct","Correct","Correct"
"practice",10,"3_4_stimuli","3_3","Congruent","Incongruent","Congruent","Incongruent",19.999823,20.199824,"3#",1.117782,"Correct","Correct","Correct","Correct"
"practice",11,"5_6_stimuli","5_6","Incongruent","Congruent","Incongruent","Congruent",21.99981,22.199813,"6^",1.230054,"Correct","Correct","Correct","Correct"
"practice",12,"7_8_stimuli","8_7","Incongruent","Incongruent","Congruent","Incongruent",23.999797,24.199797,"7&",0.797891,"Correct","Correct","Correct","Correct"
"practice",13,"1_2_stimuli","2_2","Congruent","Incongruent","Incongruent","Congruent",25.99978,26.199772,"2@",0.90986,"Correct","Correct","Correct","Correct"
"practice",14,"3_4_stimuli","4_3","Incongruent","Congruent","Incongruent","Incongruent",27.999752,28.199758,"3#",0.89408,"Correct","Correct","Correct","Correct"
"practice",15,"5_6_stimuli","5_6","Incongruent","Incongruent","Congruent","Incongruent",29.999738,30.199738,"6^",0.989908,"Correct","Correct","Correct","Correct"
"practice",16,"7_8_stimuli","8_8","Congruent","Incongruent","Incongruent","Congruent",31.999723,32.199715,"8*",1.054456,"Correct","Correct","Correct","Correct"
"practice",17,"1_2_stimuli","1_2","Incongruent","Congruent","Incongruent","Incongruent",33.999703,34.199696,"2@",0.750298,"Correct","Correct","Correct","Correct"
"practice",18,"3_4_stimuli","4_3","Incongruent","Incongruent","Congruent","Incongruent",35.999692,36.199683,"3#",0.909967,"Correct","Correct","Correct","Correct"
"practice",19,"5_6_stimuli","6_6","Congruent","Incongruent","Incongruent","Congruent",37.999666,38.199658,"6^",1.149964,"Correct","Correct","Correct","Correct"
"practice",20,"7_8_stimuli","8_8","Congruent","Congruent","Incongruent","Incongruent",39.999645,40.19965,"8*",0.718219,"Correct","Correct","Correct","Correct"
"practice",21,"1_2_stimuli","1_1","Congruent","Congruent","Congruent","Incongruent",41.999622,42.19962,"1!",0.574586,"Correct","Correct","Correct","Correct"
"practice",22,"3_4_stimuli","3_3","Congruent","Congruent","Congruent","Congruent",43.999607,44.199611,"3#",0.734202,"Correct","Correct","Correct","Correct"
"practice",23,"5_6_stimuli","5_5","Congruent","Congruent","Congruent","Congruent",45.999593,46.199593,"5%",0.782356,"Correct","Correct","Correct","Correct"
"practice",24,"7_8_stimuli","7_7","Congruent","Congruent","Congruent","Congruent",47.999575,48.199572,"7&",0.814611,"Correct","Correct","Correct","Correct"
"practice",25,"1_2_stimuli","2_1","Incongruent","Congruent","Congruent","Congruent",49.999557,50.19955,"1!",0.606664,"Correct","Correct","Correct","Correct"
"practice",26,"3_4_stimuli","4_4","Congruent","Incongruent","Congruent","Congruent",51.999529,52.199537,"4$",0.990233,"Correct","Correct","Correct","Correct"
"practice",27,"5_6_stimuli","5_5","Congruent","Congruent","Incongruent","Congruent",53.99952,54.199524,"5%",0.734638,"Correct","Correct","Correct","Correct"
"practice",28,"7_8_stimuli","7_7","Congruent","Congruent","Congruent","Incongruent",55.999506,56.199488,"7&",0.878423,"Correct","Correct","Correct","Correct"
"practice",29,"1_2_stimuli","1_1","Congruent","Congruent","Congruent","Congruent",57.999481,58.199484,"1!",0.606115,"Correct","Correct","Correct","Correct"
"practice",30,"3_4_stimuli","3_4","Incongruent","Congruent","Congruent","Congruent",59.999463,60.19946,"4$",1.038705,"Correct","Correct","Correct","Correct"
"practice",31,"5_6_stimuli","5_6","Incongruent","Incongruent","Congruent","Congruent",61.999452,62.19944,"6^",1.118181,"Correct","Correct","Correct","Correct"
"practice",32,"7_8_stimuli","7_8","Incongruent","Incongruent","Incongruent","Congruent",63.99943,64.199426,"8*",0.84631,"Correct","Correct","Correct","Correct"
"practice",33,"1_2_stimuli","2_1","Incongruent","Incongruent","Incongruent","Incongruent",65.999405,66.199406,"1!",0.542239,"Correct","Correct","Correct","Correct"
"practice",34,"3_4_stimuli","4_4","Congruent","Incongruent","Incongruent","Incongruent",67.999391,68.19939,"4$",0.798187,"Correct","Correct","Correct","Correct"
"practice",35,"5_6_stimuli","6_6","Congruent","Congruent","Incongruent","Incongruent",69.999371,70.19938,"6^",1.022471,"Correct","Correct","Correct","Correct"
"practice",36,"7_8_stimuli","8_7","Incongruent","Congruent","Congruent","Incongruent",71.999352,72.199357,"7&",1.118277,"Correct","Correct","Correct","Correct"
"practice",37,"1_2_stimuli","2_2","Congruent","Incongruent","Congruent","Congruent",73.999333,74.19934,"2@",0.862879,"Correct","Correct","Correct","Correct"
"practice",38,"3_4_stimuli","3_4","Incongruent","Congruent","Incongruent","Congruent",75.99932,76.19931,"4$",1.022654,"Correct","Correct","Correct","Correct"
"practice",39,"5_6_stimuli","6_6","Congruent","Incongruent","Congruent","Incongruent",77.999308,78.199294,"6^",0.910889,"Correct","Correct","Correct","Correct"
"practice",40,"7_8_stimuli","8_8","Congruent","Congruent","Incongruent","Congruent",79.999278,80.199281,"8*",0.670858,"Correct","Correct","Correct","Correct"
"practice",41,"1_2_stimuli","1_2","Incongruent","Congruent","Congruent","Incongruent",81.999264,82.199265,"2@",0.702312,"Correct","Correct","Correct","Correct"
"practice",42,"3_4_stimuli","3_4","Incongruent","Incongruent","Congruent","Congruent",83.999257,84.19925,"4$",0.718452,"Correct","Correct","Correct","Correct"
"practice",43,"5_6_stimuli","6_5","Incongruent","Incongruent","Incongruent","Congruent",85.999234,86.199221,"5%",0.878943,"Correct","Correct","Correct","Correct"
"practice",44,"7_8_stimuli","7_7","Congruent","Incongruent","Incongruent","Incongruent",87.999213,88.199202,"7&",0.670374,"Correct","Correct","Correct","Correct"
"practice",45,"1_2_stimuli","2_2","Congruent","Congruent","Incongruent","Incongruent",89.999191,90.199192,"2@",0.671211,"Correct","Correct","Correct","Correct"
"practice",46,"3_4_stimuli","4_3","Incongruent","Congruent","Congruent","Incongruent",91.999172,92.199168,"3#",0.686393,"Correct","Correct","Correct","Correct"
"practice",47,"5_6_stimuli","5_5","Congruent","Incongruent","Congruent","Congruent",93.999156,94.199151,"5%",0.990906,"Correct","Correct","Correct","Correct"
"practice",48,"7_8_stimuli","8_7","Incongruent","Congruent","Incongruent","Congruent",95.999141,96.199127,"7&",0.974482,"Correct","Correct","Correct","Correct"
"practice",49,"1_2_stimuli","2_2","Congruent","Incongruent","Congruent","Incongruent",97.999116,98.199116,"2@",0.686375,"Correct","Correct","Correct","Correct"
"practice",50,"3_4_stimuli","4_4","Congruent","Congruent","Incongruent","Congruent",99.999097,100.199102,"4$",0.750601,"Correct","Correct","Correct","Correct"
"practice",51,"5_6_stimuli","6_6","Congruent","Congruent","Congruent","Incongruent",101.999073,102.199083,"6^",0.782467,"Correct","Correct","Correct","Correct"
"practice",52,"7_8_stimuli","7_8","Incongruent","Congruent","Congruent","Congruent",103.999066,104.199061,"8*",0.814716,"Correct","Correct","Correct","Correct"
"practice",53,"1_2_stimuli","1_2","Incongruent","Incongruent","Congruent","Congruent",105.999048,106.199037,"2@",0.718513,"Correct","Correct","Correct","Correct"
"practice",54,"3_4_stimuli","4_3","Incongruent","Incongruent","Incongruent","Congruent",107.99903,108.199025,"3#",0.895076,"Correct","Correct","Correct","Correct"
"practice",55,"5_6_stimuli","6_5","Incongruent","Incongruent","Incongruent","Incongruent",109.999006,110.199001,"5%",1.022528,"Correct","Correct","Correct","Correct"
"practice",56,"7_8_stimuli","7_8","Incongruent","Incongruent","Incongruent","Incongruent",111.998985,112.199,"8*",0.766695,"Correct","Correct","Correct","Correct"
"practice",57,"1_2_stimuli","1_1","Congruent","Incongruent","Incongruent","Incongruent",113.998997,114.198967,"1!",0.542722,"Correct","Correct","Correct","Correct"
"practice",58,"3_4_stimuli","3_3","Congruent","Congruent","Incongruent","Incongruent",115.998961,116.198954,"3#",0.686969,"Correct","Correct","Correct","Correct"
"practice",59,"5_6_stimuli","6_5","Incongruent","Congruent","Congruent","Incongruent",117.998942,118.198932,"5%",1.038979,"Correct","Correct","Correct","Correct"
"practice",60,"7_8_stimuli","7_7","Congruent","Incongruent","Congruent","Congruent",119.998927,120.198918,"7&",0.719115,"Correct","Correct","Correct","Correct"
"practice",61,"1_2_stimuli","1_1","Congruent","Congruent","Incongruent","Congruent",121.9989,122.198902,"1!",0.638965,"Correct","Correct","Correct","Correct"
"practice",62,"3_4_stimuli","4_4","Congruent","Congruent","Congruent","Incongruent",123.998879,124.198887,"4$",0.766662,"Correct","Correct","Correct","Correct"
"practice",63,"5_6_stimuli","6_5","Incongruent","Congruent","Congruent","Congruent",125.998858,126.198865,"5%",0.591309,"Correct","Correct","Correct","Correct"
"practice",64,"7_8_stimuli","8_7","Incongruent","Incongruent","Congruent","Congruent",127.998845,128.198841,"7&",0.670687,"Correct","Correct","Correct","Correct"
"practice",65,"1_2_stimuli","1_2","Incongruent","Incongruent","Incongruent","Congruent",129.998828,130.198823,"2@",0.655259,"Correct","Correct","Correct","Correct"
"practice",66,"3_4_stimuli","3_4","Incongruent","Incongruent","Incongruent","Incongruent",131.998806,132.198801,"4$",0.59109,"Correct","Correct","Correct","Correct"
"practice",67,"5_6_stimuli","5_5","Congruent","Incongruent","Incongruent","Incongruent",133.998791,134.198763,"5%",0.46279,"Correct","Correct","Correct","Correct"
"practice",68,"7_8_stimuli","7_8","Incongruent","Congruent","Incongruent","Incongruent",135.998777,136.198767,"8*",0.655317,"Correct","Correct","Correct","Correct"
"1",1,"1_2_stimuli","2_1","Incongruent",NA,NA,NA,1.999987,2.19998,"1!",0.701133,"Correct",NA,NA,NA
"1",2,"3_4_stimuli","4_3","Incongruent","Incongruent",NA,NA,3.999973,4.199961,"3#",0.908969,"Correct","Correct",NA,NA
"1",3,"5_6_stimuli","6_5","Incongruent","Incongruent","Incongruent",NA,5.999955,6.199953,"5%",0.876595,"Correct","Correct","Correct",NA
"1",4,"7_8_stimuli","8_8","Congruent","Incongruent","Incongruent","Incongruent",7.999931,8.199931,"8*",0.716964,"Correct","Correct","Correct","Correct"
"1",5,"1_2_stimuli","1_1","Congruent","Congruent","Incongruent","Incongruent",9.999914,10.199904,"1!",0.588667,"Correct","Correct","Correct","Correct"
"1",6,"3_4_stimuli","3_3","Congruent","Congruent","Congruent","Incongruent",11.999887,12.199884,"3#",0.765315,"Correct","Correct","Correct","Correct"
"1",7,"5_6_stimuli","6_6","Congruent","Congruent","Congruent","Congruent",13.999884,14.199878,"6^",0.908644,"Correct","Correct","Correct","Correct"
"1",8,"7_8_stimuli","7_8","Incongruent","Congruent","Congruent","Congruent",15.999857,16.199855,"8*",0.636799,"Correct","Correct","Correct","Correct"
"1",9,"1_2_stimuli","2_1","Incongruent","Incongruent","Congruent","Congruent",17.999834,18.199834,"1!",0.620873,"Correct","Correct","Correct","Correct"
"1",10,"3_4_stimuli","4_3","Incongruent","Incongruent","Incongruent","Congruent",19.999814,20.199822,"3#",0.636864,"Correct","Correct","Correct","Correct"
"1",11,"5_6_stimuli","5_6","Incongruent","Incongruent","Incongruent","Incongruent",21.999807,22.199794,"6^",0.957691,"Correct","Correct","Correct","Correct"
"1",12,"7_8_stimuli","7_8","Incongruent","Incongruent","Incongruent","Incongruent",23.999781,24.199787,"8*",0.716758,"Correct","Correct","Correct","Correct"
"1",13,"1_2_stimuli","1_2","Incongruent","Incongruent","Incongruent","Incongruent",25.999759,26.199767,"2@",0.845057,"Correct","Correct","Correct","Correct"
"1",14,"3_4_stimuli","4_4","Congruent","Incongruent","Incongruent","Incongruent",27.999744,28.199744,"4$",0.829206,"Correct","Correct","Correct","Correct"
"1",15,"5_6_stimuli","5_5","Congruent","Congruent","Incongruent","Incongruent",29.999731,30.199738,"5%",0.71743,"Correct","Correct","Correct","Correct"
"1",16,"7_8_stimuli","8_7","Incongruent","Congruent","Congruent","Incongruent",31.999708,32.199707,"7&",0.797031,"Correct","Correct","Correct","Correct"
"1",17,"1_2_stimuli","2_2","Congruent","Incongruent","Congruent","Congruent",33.999692,34.199689,"2@",0.717427,"Correct","Correct","Correct","Correct"
"1",18,"3_4_stimuli","3_3","Congruent","Congruent","Incongruent","Congruent",35.999678,36.199675,"3#",0.749399,"Correct","Correct","Correct","Correct"
"1",19,"5_6_stimuli","6_6","Congruent","Congruent","Congruent","Incongruent",37.999654,38.199647,"6^",0.941091,"Correct","Correct","Correct","Correct"
"1",20,"7_8_stimuli","7_7","Congruent","Congruent","Congruent","Congruent",39.99963,40.199643,"7&",0.941437,"Correct","Correct","Correct","Correct"
"1",21,"1_2_stimuli","2_1","Incongruent","Congruent","Congruent","Congruent",41.999619,42.199619,"1!",0.58892,"Correct","Correct","Correct","Correct"
"1",22,"3_4_stimuli","3_4","Incongruent","Incongruent","Congruent","Congruent",43.999611,44.199597,"4$",0.781135,"Correct","Correct","Correct","Correct"
"1",23,"5_6_stimuli","6_5","Incongruent","Incongruent","Incongruent","Congruent",45.999589,46.199588,"5%",0.620917,"Correct","Correct","Correct","Correct"
"1",24,"7_8_stimuli","7_7","Congruent","Incongruent","Incongruent","Incongruent",47.999559,48.199564,"7&",0.893661,"Correct","Correct","Correct","Correct"
"1",25,"1_2_stimuli","1_2","Incongruent","Congruent","Incongruent","Incongruent",49.999539,50.199536,"2@",1.26132,"Correct","Correct","Correct","Correct"
"1",26,"3_4_stimuli","3_4","Incongruent","Incongruent","Congruent","Incongruent",51.999538,52.199532,"4$",0.877149,"Correct","Correct","Correct","Correct"
"1",27,"5_6_stimuli","6_6","Congruent","Incongruent","Incongruent","Congruent",53.999512,54.199507,"6^",0.844995,"Correct","Correct","Correct","Correct"
"1",28,"7_8_stimuli","7_8","Incongruent","Congruent","Incongruent","Incongruent",55.999503,56.199497,"8*",0.637517,"Correct","Correct","Correct","Correct"
"1",29,"1_2_stimuli","1_2","Incongruent","Incongruent","Congruent","Incongruent",57.99948,58.199472,"2@",0.669448,"Correct","Correct","Correct","Correct"
"1",30,"3_4_stimuli","4_4","Congruent","Incongruent","Incongruent","Congruent",59.999455,60.199451,"5%",0.797577,"Error","Correct","Correct","Correct"
"1",31,"5_6_stimuli","5_6","Incongruent","Congruent","Incongruent","Incongruent",61.999442,62.199437,"6^",0.861061,"Correct","Error","Correct","Correct"
"1",32,"7_8_stimuli","7_8","Incongruent","Incongruent","Congruent","Incongruent",63.999427,64.199419,"8*",0.653114,"Correct","Correct","Error","Correct"
"1",33,"1_2_stimuli","1_1","Congruent","Incongruent","Incongruent","Congruent",65.999414,66.199398,"1!",0.541628,"Correct","Correct","Correct","Error"
"1",34,"3_4_stimuli","4_4","Congruent","Congruent","Incongruent","Incongruent",67.999396,68.199381,"4$",0.861046,"Correct","Correct","Correct","Correct"
"1",35,"5_6_stimuli","5_6","Incongruent","Congruent","Congruent","Incongruent",69.99937,70.199362,"6^",0.733108,"Correct","Correct","Correct","Correct"
"1",36,"7_8_stimuli","8_7","Incongruent","Incongruent","Congruent","Congruent",71.999352,72.199346,"7&",0.701133,"Correct","Correct","Correct","Correct"
"1",37,"1_2_stimuli","1_2","Incongruent","Incongruent","Incongruent","Congruent",73.999322,74.199328,"2@",0.653804,"Correct","Correct","Correct","Correct"
"1",38,"3_4_stimuli","3_4","Incongruent","Incongruent","Incongruent","Incongruent",75.999309,76.199315,"4$",0.765683,"Correct","Correct","Correct","Correct"
"1",39,"5_6_stimuli","5_5","Congruent","Incongruent","Incongruent","Incongruent",77.999288,78.199293,"5%",0.493676,"Correct","Correct","Correct","Correct"
"1",40,"7_8_stimuli","8_8","Congruent","Congruent","Incongruent","Incongruent",79.999273,80.199278,"8*",0.557835,"Correct","Correct","Correct","Correct"
"1",41,"1_2_stimuli","2_2","Congruent","Congruent","Congruent","Incongruent",81.999272,82.199256,"2@",0.669217,"Correct","Correct","Correct","Correct"
"1",42,"3_4_stimuli","3_3","Congruent","Congruent","Congruent","Congruent",83.999239,84.199238,"3#",0.845463,"Correct","Correct","Correct","Correct"
"1",43,"5_6_stimuli","6_5","Incongruent","Congruent","Congruent","Congruent",85.999217,86.199217,"5%",0.685437,"Correct","Correct","Correct","Correct"
"1",44,"7_8_stimuli","8_8","Congruent","Incongruent","Congruent","Congruent",87.999198,88.199205,"8*",0.637265,"Correct","Correct","Correct","Correct"
"1",45,"1_2_stimuli","2_1","Incongruent","Congruent","Incongruent","Congruent",89.999186,90.199188,"1!",0.573257,"Correct","Correct","Correct","Correct"
"1",46,"3_4_stimuli","4_4","Congruent","Incongruent","Congruent","Incongruent",91.999163,92.199158,"4$",0.605475,"Correct","Correct","Correct","Correct"
"1",47,"5_6_stimuli","6_5","Incongruent","Congruent","Incongruent","Congruent",93.999144,94.199143,"5%",0.445888,"Correct","Correct","Correct","Correct"
"1",48,"7_8_stimuli","8_8","Congruent","Incongruent","Congruent","Incongruent",95.999128,96.199127,"8*",0.637417,"Correct","Correct","Correct","Correct"
"1",49,"1_2_stimuli","1_1","Congruent","Congruent","Incongruent","Congruent",97.99911,98.19911,"1!",0.573351,"Correct","Correct","Correct","Correct"
"1",50,"3_4_stimuli","3_4","Incongruent","Congruent","Congruent","Incongruent",99.999101,100.199088,"4$",0.670073,"Correct","Correct","Correct","Correct"
"1",51,"5_6_stimuli","6_6","Congruent","Incongruent","Congruent","Congruent",101.999072,102.199074,"6^",0.749661,"Correct","Correct","Correct","Correct"
"1",52,"7_8_stimuli","8_8","Congruent","Congruent","Incongruent","Congruent",103.999056,104.19906,"8*",0.669363,"Correct","Correct","Correct","Correct"
"1",53,"1_2_stimuli","2_1","Incongruent","Congruent","Congruent","Incongruent",105.999043,106.199037,"1!",0.55775,"Correct","Correct","Correct","Correct"
"1",54,"3_4_stimuli","3_3","Congruent","Incongruent","Congruent","Congruent",107.999027,108.199018,"3#",0.765994,"Correct","Correct","Correct","Correct"
"1",55,"5_6_stimuli","5_5","Congruent","Congruent","Incongruent","Congruent",109.99901,110.199005,"5%",0.97339,"Correct","Correct","Correct","Correct"
"1",56,"7_8_stimuli","7_7","Congruent","Congruent","Congruent","Incongruent",111.998992,112.198978,"7&",0.893592,"Correct","Correct","Correct","Correct"
"1",57,"1_2_stimuli","2_2","Congruent","Congruent","Congruent","Congruent",113.998978,114.19897,"2@",0.750049,"Correct","Correct","Correct","Correct"
"1",58,"3_4_stimuli","4_3","Incongruent","Congruent","Congruent","Congruent",115.998963,116.198945,"3#",0.749621,"Correct","Correct","Correct","Correct"
"1",59,"5_6_stimuli","5_6","Incongruent","Incongruent","Congruent","Congruent",117.998929,118.198931,"6^",1.134021,"Correct","Correct","Correct","Correct"
"1",60,"7_8_stimuli","8_7","Incongruent","Incongruent","Incongruent","Congruent",119.998911,120.198912,"7&",0.509837,"Correct","Correct","Correct","Correct"
"1",61,"1_2_stimuli","2_2","Congruent","Incongruent","Incongruent","Incongruent",121.998896,122.198899,"2@",0.685827,"Correct","Correct","Correct","Correct"
"1",62,"3_4_stimuli","4_3","Incongruent","Congruent","Incongruent","Incongruent",123.998876,124.198873,"3#",0.605623,"Correct","Correct","Correct","Correct"
"1",63,"5_6_stimuli","5_5","Congruent","Incongruent","Congruent","Incongruent",125.998858,126.198852,"5%",0.749672,"Correct","Correct","Correct","Correct"
"1",64,"7_8_stimuli","8_7","Incongruent","Congruent","Incongruent","Congruent",127.998835,128.198844,"7&",0.84563,"Correct","Correct","Correct","Correct"
"1",65,"1_2_stimuli","1_1","Congruent","Incongruent","Congruent","Incongruent",129.998822,130.198827,"1!",0.573603,"Correct","Correct","Correct","Correct"
"1",66,"3_4_stimuli","4_3","Incongruent","Congruent","Incongruent","Congruent",131.998805,132.198804,"3#",0.701596,"Correct","Correct","Correct","Correct"
"1",67,"5_6_stimuli","6_5","Incongruent","Incongruent","Congruent","Incongruent",133.998786,134.198788,"5%",1.229675,"Correct","Correct","Correct","Correct"
"1",68,"7_8_stimuli","7_7","Congruent","Incongruent","Incongruent","Congruent",135.998773,136.198764,"7&",0.670199,"Correct","Correct","Correct","Correct"
"2",1,"1_2_stimuli","2_1","Incongruent",NA,NA,NA,1.999989,2.199991,"1!",0.54455,"Correct",NA,NA,NA
"2",2,"3_4_stimuli","3_4","Incongruent","Incongruent",NA,NA,3.999967,4.199966,"4$",0.832859,"Correct","Correct",NA,NA
"2",3,"5_6_stimuli","5_5","Congruent","Incongruent","Incongruent",NA,5.999958,6.199952,"5%",0.480409,"Correct","Correct","Correct",NA
"2",4,"7_8_stimuli","8_8","Congruent","Congruent","Incongruent","Incongruent",7.999942,8.199932,"8*",0.576445,"Correct","Correct","Correct","Correct"
"2",5,"1_2_stimuli","1_1","Congruent","Congruent","Congruent","Incongruent",9.999914,10.199918,"1!",0.528908,"Correct","Correct","Correct","Correct"
"2",6,"3_4_stimuli","3_4","Incongruent","Congruent","Congruent","Congruent",11.999899,12.199896,"4$",0.673188,"Correct","Correct","Correct","Correct"
"2",7,"5_6_stimuli","5_6","Incongruent","Incongruent","Congruent","Congruent",13.999875,14.199871,"6^",0.608463,"Correct","Correct","Correct","Correct"
"2",8,"7_8_stimuli","8_8","Congruent","Incongruent","Incongruent","Congruent",15.999859,16.199861,"8*",0.544494,"Correct","Correct","Correct","Correct"
"2",9,"1_2_stimuli","2_1","Incongruent","Congruent","Incongruent","Incongruent",17.999834,18.199844,"1!",0.480978,"Correct","Correct","Correct","Correct"
"2",10,"3_4_stimuli","4_3","Incongruent","Incongruent","Congruent","Incongruent",19.999833,20.199845,"3#",0.656522,"Correct","Correct","Correct","Correct"
"2",11,"5_6_stimuli","6_6","Congruent","Incongruent","Incongruent","Congruent",21.999803,22.199814,"6^",1.057284,"Correct","Correct","Correct","Correct"
"2",12,"7_8_stimuli","8_7","Incongruent","Congruent","Incongruent","Incongruent",23.999796,24.199787,"7&",0.608463,"Correct","Correct","Correct","Correct"
"2",13,"1_2_stimuli","2_2","Congruent","Incongruent","Congruent","Incongruent",25.999767,26.199767,"2@",0.673082,"Correct","Correct","Correct","Correct"
"2",14,"3_4_stimuli","4_3","Incongruent","Congruent","Incongruent","Congruent",27.999753,28.199754,"3#",0.689115,"Correct","Correct","Correct","Correct"
"2",15,"5_6_stimuli","6_5","Incongruent","Incongruent","Congruent","Incongruent",29.999739,30.199736,"5%",0.881229,"Correct","Correct","Correct","Correct"
"2",16,"7_8_stimuli","8_7","Incongruent","Incongruent","Incongruent","Congruent",31.999712,32.199722,"7&",0.640585,"Correct","Correct","Correct","Correct"
"2",17,"1_2_stimuli","2_2","Congruent","Incongruent","Incongruent","Incongruent",33.9997,34.199694,"2@",0.688936,"Correct","Correct","Correct","Correct"
"2",18,"3_4_stimuli","3_3","Congruent","Congruent","Incongruent","Incongruent",35.99968,36.199683,"3#",0.72138,"Correct","Correct","Correct","Correct"
"2",19,"5_6_stimuli","5_6","Incongruent","Congruent","Congruent","Incongruent",37.999671,38.19967,"6^",1.072773,"Correct","Correct","Correct","Correct"
"2",20,"7_8_stimuli","8_7","Incongruent","Incongruent","Congruent","Congruent",39.999643,40.199644,"7&",0.960692,"Correct","Correct","Correct","Correct"
"2",21,"1_2_stimuli","1_2","Incongruent","Incongruent","Incongruent","Congruent",41.99962,42.199625,"2@",0.656656,"Correct","Correct","Correct","Correct"
"2",22,"3_4_stimuli","3_3","Congruent","Incongruent","Incongruent","Incongruent",43.999616,44.199606,"3#",0.624725,"Correct","Correct","Correct","Correct"
"2",23,"5_6_stimuli","5_5","Congruent","Congruent","Incongruent","Incongruent",45.999594,46.199584,"5%",0.689214,"Correct","Correct","Correct","Correct"
"2",24,"7_8_stimuli","7_8","Incongruent","Congruent","Congruent","Incongruent",47.999566,48.199566,"8*",0.641256,"Correct","Correct","Correct","Correct"
"2",25,"1_2_stimuli","1_1","Congruent","Incongruent","Congruent","Congruent",49.99956,50.199548,"1!",0.848911,"Correct","Correct","Correct","Correct"
"2",26,"3_4_stimuli","4_4","Congruent","Congruent","Incongruent","Congruent",51.999538,52.199541,"4$",0.816744,"Correct","Correct","Correct","Correct"
"2",27,"5_6_stimuli","6_6","Congruent","Congruent","Congruent","Incongruent",53.99952,54.199522,"6^",0.720804,"Correct","Correct","Correct","Correct"
"2",28,"7_8_stimuli","7_7","Congruent","Congruent","Congruent","Congruent",55.999497,56.199492,"7&",0.608811,"Correct","Correct","Correct","Correct"
"2",29,"1_2_stimuli","1_1","Congruent","Congruent","Congruent","Congruent",57.999483,58.199488,"1!",0.656801,"Correct","Correct","Correct","Correct"
"2",30,"3_4_stimuli","4_4","Congruent","Congruent","Congruent","Congruent",59.99946,60.199453,"4$",0.720996,"Correct","Correct","Correct","Correct"
"2",31,"5_6_stimuli","5_5","Congruent","Congruent","Congruent","Congruent",61.999448,62.199452,"5%",0.785391,"Correct","Correct","Correct","Correct"
"2",32,"7_8_stimuli","7_8","Incongruent","Congruent","Congruent","Congruent",63.999427,64.199427,"8*",0.592842,"Correct","Correct","Correct","Correct"
"2",33,"1_2_stimuli","1_2","Incongruent","Incongruent","Congruent","Congruent",65.999413,66.199401,"2@",0.672924,"Correct","Correct","Correct","Correct"
"2",34,"3_4_stimuli","3_4","Incongruent","Incongruent","Incongruent","Congruent",67.99939,68.199387,"4$",0.705175,"Correct","Correct","Correct","Correct"
"2",35,"5_6_stimuli","5_6","Incongruent","Incongruent","Incongruent","Incongruent",69.999376,70.199375,"6^",0.657557,"Correct","Correct","Correct","Correct"
"2",36,"7_8_stimuli","7_7","Congruent","Incongruent","Incongruent","Incongruent",71.999361,72.199361,"7&",0.864869,"Correct","Correct","Correct","Correct"
"2",37,"1_2_stimuli","2_2","Congruent","Congruent","Incongruent","Incongruent",73.999346,74.199332,"2@",0.593494,"Correct","Correct","Correct","Correct"
"2",38,"3_4_stimuli","3_3","Congruent","Congruent","Congruent","Incongruent",75.999325,76.199314,"4$",0.544935,"Error","Correct","Correct","Correct"
"2",39,"5_6_stimuli","5_6","Incongruent","Congruent","Congruent","Congruent",77.999299,78.199304,"Omission",5000,"Omission","Error","Correct","Correct"
"2",40,"7_8_stimuli","8_8","Congruent","Incongruent","Congruent","Congruent",79.99929,80.199289,"8*",0.736979,"Correct","Omission","Error","Correct"
"2",41,"1_2_stimuli","1_2","Incongruent","Congruent","Incongruent","Congruent",81.999264,82.199268,"2@",0.657337,"Correct","Correct","Omission","Error"
"2",42,"3_4_stimuli","4_4","Congruent","Incongruent","Congruent","Incongruent",83.999246,84.199238,"4$",0.881038,"Correct","Correct","Correct","Omission"
"2",43,"5_6_stimuli","6_5","Incongruent","Congruent","Incongruent","Congruent",85.999235,86.199221,"6^",0.657545,"Error","Correct","Correct","Correct"
"2",44,"7_8_stimuli","7_8","Incongruent","Incongruent","Congruent","Incongruent",87.999209,88.19921,"8*",0.561094,"Correct","Error","Correct","Correct"
"2",45,"1_2_stimuli","1_1","Congruent","Incongruent","Incongruent","Congruent",89.999196,90.199197,"1!",0.561113,"Correct","Correct","Error","Correct"
"2",46,"3_4_stimuli","3_4","Incongruent","Congruent","Incongruent","Incongruent",91.999175,92.199169,"4$",0.849617,"Correct","Correct","Correct","Error"
"2",47,"5_6_stimuli","6_6","Congruent","Incongruent","Congruent","Incongruent",93.999161,94.199149,"6^",0.705306,"Correct","Correct","Correct","Correct"
"2",48,"7_8_stimuli","7_8","Incongruent","Congruent","Incongruent","Congruent",95.999133,96.199131,"8*",0.561737,"Correct","Correct","Correct","Correct"
"2",49,"1_2_stimuli","2_1","Incongruent","Incongruent","Congruent","Incongruent",97.999122,98.19912,"1!",0.529193,"Correct","Correct","Correct","Correct"
"2",50,"3_4_stimuli","4_4","Congruent","Incongruent","Incongruent","Congruent",99.999103,100.199104,"4$",0.593796,"Correct","Correct","Correct","Correct"
"2",51,"5_6_stimuli","6_5","Incongruent","Congruent","Incongruent","Incongruent",101.999084,102.199082,"5%",0.62532,"Correct","Correct","Correct","Correct"
"2",52,"7_8_stimuli","7_7","Congruent","Incongruent","Congruent","Incongruent",103.999065,104.19907,"6^",0.721611,"Error","Correct","Correct","Correct"
"2",53,"1_2_stimuli","2_2","Congruent","Congruent","Incongruent","Congruent",105.999048,106.199047,"Omission",5000,"Omission","Error","Correct","Correct"
"2",54,"3_4_stimuli","4_3","Incongruent","Congruent","Congruent","Incongruent",107.99904,108.199024,"3#",0.993179,"Correct","Omission","Error","Correct"
"2",55,"5_6_stimuli","5_5","Congruent","Incongruent","Congruent","Congruent",109.999016,110.199019,"5%",0.753215,"Correct","Correct","Omission","Error"
"2",56,"7_8_stimuli","7_7","Congruent","Congruent","Incongruent","Congruent",111.998997,112.198986,"7&",1.105772,"Correct","Correct","Correct","Omission"
"2",57,"1_2_stimuli","2_1","Incongruent","Congruent","Congruent","Incongruent",113.998977,114.198976,"1!",0.593289,"Correct","Correct","Correct","Correct"
"2",58,"3_4_stimuli","3_3","Congruent","Incongruent","Congruent","Congruent",115.998962,116.198954,"3#",0.817676,"Correct","Correct","Correct","Correct"
"2",59,"5_6_stimuli","5_5","Congruent","Congruent","Incongruent","Congruent",117.998942,118.198932,"5%",0.737282,"Correct","Correct","Correct","Correct"
"2",60,"7_8_stimuli","8_8","Congruent","Congruent","Congruent","Incongruent",119.998922,120.198925,"8*",0.689535,"Correct","Correct","Correct","Correct"
"2",61,"1_2_stimuli","1_2","Incongruent","Congruent","Congruent","Congruent",121.998906,122.198899,"2@",0.673718,"Correct","Correct","Correct","Correct"
"2",62,"3_4_stimuli","4_3","Incongruent","Incongruent","Congruent","Congruent",123.998884,124.198889,"3#",0.641859,"Correct","Correct","Correct","Correct"
"2",63,"5_6_stimuli","6_5","Incongruent","Incongruent","Incongruent","Congruent",125.998861,126.198866,"5%",0.658064,"Correct","Correct","Correct","Correct"
"2",64,"7_8_stimuli","8_7","Incongruent","Incongruent","Incongruent","Incongruent",127.998852,128.198848,"7&",0.849489,"Correct","Correct","Correct","Correct"
"2",65,"1_2_stimuli","2_1","Incongruent","Incongruent","Incongruent","Incongruent",129.998828,130.198831,"1!",0.577463,"Correct","Correct","Correct","Correct"
"2",66,"3_4_stimuli","3_4","Incongruent","Incongruent","Incongruent","Incongruent",131.998815,132.198815,"4$",0.754105,"Correct","Correct","Correct","Correct"
"2",67,"5_6_stimuli","6_6","Congruent","Incongruent","Incongruent","Incongruent",133.998792,134.198792,"6^",0.897419,"Correct","Correct","Correct","Correct"
"2",68,"7_8_stimuli","8_8","Congruent","Congruent","Incongruent","Incongruent",135.998785,136.19878,"8*",0.673669,"Correct","Correct","Correct","Correct"
"3",1,"1_2_stimuli","2_2","Congruent",NA,NA,NA,1.999972,2.199976,"2@",0.773574,"Correct",NA,NA,NA
"3",2,"3_4_stimuli","4_3","Incongruent","Congruent",NA,NA,3.999972,4.199963,"3#",0.470005,"Correct","Correct",NA,NA
"3",3,"5_6_stimuli","5_5","Congruent","Incongruent","Congruent",NA,5.99995,6.199947,"5%",0.646032,"Correct","Correct","Correct",NA
"3",4,"7_8_stimuli","7_7","Congruent","Congruent","Incongruent","Congruent",7.999922,8.199924,"7&",0.613794,"Correct","Correct","Correct","Correct"
"3",5,"1_2_stimuli","1_2","Incongruent","Congruent","Congruent","Incongruent",9.999916,10.199908,"2@",0.614204,"Correct","Correct","Correct","Correct"
"3",6,"3_4_stimuli","3_3","Congruent","Incongruent","Congruent","Congruent",11.999895,12.199893,"3#",0.853805,"Correct","Correct","Correct","Correct"
"3",7,"5_6_stimuli","5_5","Congruent","Congruent","Incongruent","Congruent",13.999882,14.199882,"5%",0.709627,"Correct","Correct","Correct","Correct"
"3",8,"7_8_stimuli","7_8","Incongruent","Congruent","Congruent","Incongruent",15.999855,16.199855,"8*",0.61365,"Correct","Correct","Correct","Correct"
"3",9,"1_2_stimuli","2_2","Congruent","Incongruent","Congruent","Congruent",17.999836,18.199836,"2@",0.598316,"Correct","Correct","Correct","Correct"
"3",10,"3_4_stimuli","3_3","Congruent","Congruent","Incongruent","Congruent",19.999818,20.199811,"3#",0.661648,"Correct","Correct","Correct","Correct"
"3",11,"5_6_stimuli","5_6","Incongruent","Congruent","Congruent","Incongruent",21.999796,22.199798,"6^",1.029709,"Correct","Correct","Correct","Correct"
"3",12,"7_8_stimuli","7_7","Congruent","Incongruent","Congruent","Congruent",23.999787,24.199792,"7&",0.806353,"Correct","Correct","Correct","Correct"
"3",13,"1_2_stimuli","2_1","Incongruent","Congruent","Incongruent","Congruent",25.999763,26.199771,"1!",0.581732,"Correct","Correct","Correct","Correct"
"3",14,"3_4_stimuli","3_3","Congruent","Incongruent","Congruent","Incongruent",27.999756,28.199748,"3#",0.77437,"Correct","Correct","Correct","Correct"
"3",15,"5_6_stimuli","6_5","Incongruent","Congruent","Incongruent","Congruent",29.999737,30.199737,"5%",1.302193,"Correct","Correct","Correct","Correct"
"3",16,"7_8_stimuli","8_7","Incongruent","Incongruent","Congruent","Incongruent",31.999721,32.199717,"7&",0.901697,"Correct","Correct","Correct","Correct"
"3",17,"1_2_stimuli","2_1","Incongruent","Incongruent","Incongruent","Congruent",33.999698,34.199691,"1!",0.582003,"Correct","Correct","Correct","Correct"
"3",18,"3_4_stimuli","4_4","Congruent","Incongruent","Incongruent","Incongruent",35.999683,36.199684,"4$",0.885811,"Correct","Correct","Correct","Correct"
"3",19,"5_6_stimuli","5_6","Incongruent","Congruent","Incongruent","Incongruent",37.999661,38.199663,"6^",0.693973,"Correct","Correct","Correct","Correct"
"3",20,"7_8_stimuli","8_8","Congruent","Incongruent","Congruent","Incongruent",39.999638,40.19964,"8*",0.613869,"Correct","Correct","Correct","Correct"
"3",21,"1_2_stimuli","1_1","Congruent","Congruent","Incongruent","Congruent",41.999618,42.199624,"1!",0.614121,"Correct","Correct","Correct","Correct"
"3",22,"3_4_stimuli","3_4","Incongruent","Congruent","Congruent","Incongruent",43.999607,44.199603,"4$",0.72656,"Correct","Correct","Correct","Correct"
"3",23,"5_6_stimuli","6_5","Incongruent","Incongruent","Congruent","Congruent",45.999596,46.199584,"5%",0.661841,"Correct","Correct","Correct","Correct"
"3",24,"7_8_stimuli","8_7","Incongruent","Incongruent","Incongruent","Congruent",47.999567,48.199567,"7&",0.694062,"Correct","Correct","Correct","Correct"
"3",25,"1_2_stimuli","1_2","Incongruent","Incongruent","Incongruent","Incongruent",49.999543,50.199553,"2@",0.678542,"Correct","Correct","Correct","Correct"
"3",26,"3_4_stimuli","3_4","Incongruent","Incongruent","Incongruent","Incongruent",51.99954,52.19953,"4$",0.693891,"Correct","Correct","Correct","Correct"
"3",27,"5_6_stimuli","5_6","Incongruent","Incongruent","Incongruent","Incongruent",53.999516,54.199521,"6^",0.742363,"Correct","Correct","Correct","Correct"
"3",28,"7_8_stimuli","7_8","Incongruent","Incongruent","Incongruent","Incongruent",55.999495,56.199494,"8*",0.597935,"Correct","Correct","Correct","Correct"
"3",29,"1_2_stimuli","1_1","Congruent","Incongruent","Incongruent","Incongruent",57.999477,58.199481,"1!",0.549983,"Correct","Correct","Correct","Correct"
"3",30,"3_4_stimuli","4_3","Incongruent","Congruent","Incongruent","Incongruent",59.99946,60.199451,"3#",0.886029,"Correct","Correct","Correct","Correct"
"3",31,"5_6_stimuli","5_5","Congruent","Incongruent","Congruent","Incongruent",61.999449,62.199436,"5%",0.726719,"Correct","Correct","Correct","Correct"
"3",32,"7_8_stimuli","7_8","Incongruent","Congruent","Incongruent","Congruent",63.99943,64.199419,"8*",0.58258,"Correct","Correct","Correct","Correct"
"3",33,"1_2_stimuli","1_2","Incongruent","Incongruent","Congruent","Incongruent",65.999414,66.199418,"2@",0.662096,"Correct","Correct","Correct","Correct"
"3",34,"3_4_stimuli","3_3","Congruent","Incongruent","Incongruent","Congruent",67.999399,68.199397,"3#",0.61451,"Correct","Correct","Correct","Correct"
"3",35,"5_6_stimuli","6_6","Congruent","Congruent","Incongruent","Incongruent",69.999375,70.199366,"6^",1.078543,"Correct","Correct","Correct","Correct"
"3",36,"7_8_stimuli","7_7","Congruent","Congruent","Congruent","Incongruent",71.999346,72.199348,"7&",0.598267,"Correct","Correct","Correct","Correct"
"3",37,"1_2_stimuli","2_1","Incongruent","Congruent","Congruent","Congruent",73.999334,74.199333,"1!",0.582101,"Correct","Correct","Correct","Correct"
"3",38,"3_4_stimuli","3_4","Incongruent","Incongruent","Congruent","Congruent",75.999314,76.199309,"4$",0.694366,"Correct","Correct","Correct","Correct"
"3",39,"5_6_stimuli","6_6","Congruent","Incongruent","Incongruent","Congruent",77.999295,78.199294,"6^",1.030799,"Correct","Correct","Correct","Correct"
"3",40,"7_8_stimuli","8_7","Incongruent","Congruent","Incongruent","Incongruent",79.999277,80.199278,"7&",0.662411,"Correct","Correct","Correct","Correct"
"3",41,"1_2_stimuli","2_2","Congruent","Incongruent","Congruent","Incongruent",81.999256,82.199255,"2@",0.646189,"Correct","Correct","Correct","Correct"
"3",42,"3_4_stimuli","4_3","Incongruent","Congruent","Incongruent","Congruent",83.999244,84.199248,"3#",0.710157,"Correct","Correct","Correct","Correct"
"3",43,"5_6_stimuli","6_5","Incongruent","Incongruent","Congruent","Incongruent",85.999224,86.199227,"5%",0.822179,"Correct","Correct","Correct","Correct"
"3",44,"7_8_stimuli","8_8","Congruent","Incongruent","Incongruent","Congruent",87.99921,88.199206,"8*",0.582237,"Correct","Correct","Correct","Correct"
"3",45,"1_2_stimuli","2_1","Incongruent","Congruent","Incongruent","Incongruent",89.999192,90.199188,"1!",0.614227,"Correct","Correct","Correct","Correct"
"3",46,"3_4_stimuli","4_3","Incongruent","Incongruent","Congruent","Incongruent",91.999169,92.19917,"3#",0.662195,"Correct","Correct","Correct","Correct"
"3",47,"5_6_stimuli","5_6","Incongruent","Incongruent","Incongruent","Congruent",93.999149,94.199153,"6^",0.870885,"Correct","Correct","Correct","Correct"
"3",48,"7_8_stimuli","8_8","Congruent","Incongruent","Incongruent","Incongruent",95.999136,96.199129,"8*",0.998968,"Correct","Correct","Correct","Correct"
"3",49,"1_2_stimuli","1_1","Congruent","Congruent","Incongruent","Incongruent",97.999117,98.199115,"1!",0.502319,"Correct","Correct","Correct","Correct"
"3",50,"3_4_stimuli","4_4","Congruent","Congruent","Congruent","Incongruent",99.999112,100.199098,"4$",0.806883,"Correct","Correct","Correct","Correct"
"3",51,"5_6_stimuli","5_5","Congruent","Congruent","Congruent","Congruent",101.999075,102.199077,"5%",0.56664,"Correct","Correct","Correct","Correct"
"3",52,"7_8_stimuli","8_8","Congruent","Congruent","Congruent","Congruent",103.999072,104.199065,"8*",0.534505,"Correct","Correct","Correct","Correct"
"3",53,"1_2_stimuli","2_2","Congruent","Congruent","Congruent","Congruent",105.999043,106.199048,"2@",0.662404,"Correct","Correct","Correct","Correct"
"3",54,"3_4_stimuli","4_3","Incongruent","Congruent","Congruent","Congruent",107.999032,108.199023,"3#",0.66237,"Correct","Correct","Correct","Correct"
"3",55,"5_6_stimuli","6_6","Congruent","Incongruent","Congruent","Congruent",109.999005,110.199004,"6^",0.758401,"Correct","Correct","Correct","Correct"
"3",56,"7_8_stimuli","7_7","Congruent","Congruent","Incongruent","Congruent",111.998988,112.198989,"7&",0.63038,"Correct","Correct","Correct","Correct"
"3",57,"1_2_stimuli","2_2","Congruent","Congruent","Congruent","Incongruent",113.998973,114.198966,"2@",0.614371,"Correct","Correct","Correct","Correct"
"3",58,"3_4_stimuli","4_4","Congruent","Congruent","Congruent","Congruent",115.998955,116.198956,"4$",0.822377,"Correct","Correct","Correct","Correct"
"3",59,"5_6_stimuli","6_5","Incongruent","Congruent","Congruent","Congruent",117.998937,118.198938,"5%",0.583023,"Correct","Correct","Correct","Correct"
"3",60,"7_8_stimuli","8_7","Incongruent","Incongruent","Congruent","Congruent",119.998925,120.198926,"7&",0.710528,"Correct","Correct","Correct","Correct"
"3",61,"1_2_stimuli","1_1","Congruent","Incongruent","Incongruent","Congruent",121.998914,122.198901,"1!",0.614866,"Correct","Correct","Correct","Correct"
"3",62,"3_4_stimuli","4_4","Congruent","Congruent","Incongruent","Incongruent",123.998891,124.198883,"4$",0.663236,"Correct","Correct","Correct","Correct"
"3",63,"5_6_stimuli","5_5","Congruent","Congruent","Congruent","Incongruent",125.998867,126.198867,"5%",0.646474,"Correct","Correct","Correct","Correct"
"3",64,"7_8_stimuli","7_8","Incongruent","Congruent","Congruent","Congruent",127.998849,128.198819,"8*",0.614546,"Correct","Correct","Correct","Correct"
"3",65,"1_2_stimuli","1_2","Incongruent","Incongruent","Congruent","Congruent",129.998832,130.198827,"2@",0.662523,"Correct","Correct","Correct","Correct"
"3",66,"3_4_stimuli","3_4","Incongruent","Incongruent","Incongruent","Congruent",131.998819,132.198812,"4$",0.72653,"Correct","Correct","Correct","Correct"
"3",67,"5_6_stimuli","6_6","Congruent","Incongruent","Incongruent","Incongruent",133.998802,134.198792,"6^",0.806797,"Correct","Correct","Correct","Correct"
"3",68,"7_8_stimuli","7_7","Congruent","Congruent","Incongruent","Incongruent",135.998778,136.198776,"7&",0.614837,"Correct","Correct","Correct","Correct"
"4",1,"1_2_stimuli","2_2","Congruent",NA,NA,NA,1.999987,2.199986,"2@",0.693302,"Correct",NA,NA,NA
"4",2,"3_4_stimuli","3_4","Incongruent","Congruent",NA,NA,3.999972,4.19997,"4$",0.628847,"Correct","Correct",NA,NA
"4",3,"5_6_stimuli","6_5","Incongruent","Incongruent","Congruent",NA,5.999946,6.199955,"5%",0.564629,"Correct","Correct","Correct",NA
"4",4,"7_8_stimuli","8_8","Congruent","Incongruent","Incongruent","Congruent",7.99994,8.199931,"8*",0.565275,"Correct","Correct","Correct","Correct"
"4",5,"1_2_stimuli","1_2","Incongruent","Congruent","Incongruent","Incongruent",9.999919,10.199918,"2@",0.645319,"Correct","Correct","Correct","Correct"
"4",6,"3_4_stimuli","4_3","Incongruent","Incongruent","Congruent","Incongruent",11.999908,12.1999,"3#",0.628754,"Correct","Correct","Correct","Correct"
"4",7,"5_6_stimuli","5_6","Incongruent","Incongruent","Incongruent","Congruent",13.999878,14.199878,"6^",1.301144,"Correct","Correct","Correct","Correct"
"4",8,"7_8_stimuli","7_8","Incongruent","Incongruent","Incongruent","Incongruent",15.999868,16.199865,"8*",0.612798,"Correct","Correct","Correct","Correct"
"4",9,"1_2_stimuli","2_1","Incongruent","Incongruent","Incongruent","Incongruent",17.999839,18.199837,"1!",0.565491,"Correct","Correct","Correct","Correct"
"4",10,"3_4_stimuli","3_3","Congruent","Incongruent","Incongruent","Incongruent",19.999833,20.199818,"3#",0.692839,"Correct","Correct","Correct","Correct"
"4",11,"5_6_stimuli","5_6","Incongruent","Congruent","Incongruent","Incongruent",21.999803,22.1998,"6^",0.869069,"Correct","Correct","Correct","Correct"
"4",12,"7_8_stimuli","8_7","Incongruent","Incongruent","Congruent","Incongruent",23.999786,24.199781,"7&",0.789409,"Correct","Correct","Correct","Correct"
"4",13,"1_2_stimuli","1_2","Incongruent","Incongruent","Incongruent","Congruent",25.999762,26.199768,"2@",0.564843,"Correct","Correct","Correct","Correct"
"4",14,"3_4_stimuli","4_3","Incongruent","Incongruent","Incongruent","Incongruent",27.999759,28.199764,"3#",0.661149,"Correct","Correct","Correct","Correct"
"4",15,"5_6_stimuli","5_5","Congruent","Incongruent","Incongruent","Incongruent",29.999735,30.19974,"5%",1.381594,"Correct","Correct","Correct","Correct"
"4",16,"7_8_stimuli","7_7","Congruent","Congruent","Incongruent","Incongruent",31.999715,32.199719,"7&",1.173317,"Correct","Correct","Correct","Correct"
"4",17,"1_2_stimuli","1_1","Congruent","Congruent","Congruent","Incongruent",33.999701,34.199703,"1!",0.581414,"Correct","Correct","Correct","Correct"
"4",18,"3_4_stimuli","3_4","Incongruent","Congruent","Congruent","Congruent",35.999693,36.199683,"4$",0.773501,"Correct","Correct","Correct","Correct"
"4",19,"5_6_stimuli","5_6","Incongruent","Incongruent","Congruent","Congruent",37.999665,38.199668,"6^",0.741022,"Correct","Correct","Correct","Correct"
"4",20,"7_8_stimuli","7_8","Incongruent","Incongruent","Incongruent","Congruent",39.999658,40.199653,"8*",0.596962,"Correct","Correct","Correct","Correct"
"4",21,"1_2_stimuli","2_2","Congruent","Incongruent","Incongruent","Incongruent",41.999634,42.199633,"2@",0.644982,"Correct","Correct","Correct","Correct"
"4",22,"3_4_stimuli","4_4","Congruent","Congruent","Incongruent","Incongruent",43.99962,44.199619,"4$",0.581592,"Correct","Correct","Correct","Correct"
"4",23,"5_6_stimuli","6_5","Incongruent","Congruent","Congruent","Incongruent",45.999594,46.199599,"5%",0.581263,"Correct","Correct","Correct","Correct"
"4",24,"7_8_stimuli","8_7","Incongruent","Incongruent","Congruent","Congruent",47.999574,48.19958,"7&",0.709251,"Correct","Correct","Correct","Correct"
"4",25,"1_2_stimuli","2_2","Congruent","Incongruent","Incongruent","Congruent",49.999565,50.199555,"2@",0.533062,"Correct","Correct","Correct","Correct"
"4",26,"3_4_stimuli","4_3","Incongruent","Congruent","Incongruent","Incongruent",51.999545,52.199533,"3#",0.645076,"Correct","Correct","Correct","Correct"
"4",27,"5_6_stimuli","5_5","Congruent","Incongruent","Congruent","Incongruent",53.999519,54.199523,"5%",0.709425,"Correct","Correct","Correct","Correct"
"4",28,"7_8_stimuli","8_7","Incongruent","Congruent","Incongruent","Congruent",55.999497,56.199503,"7&",0.645161,"Correct","Correct","Correct","Correct"
"4",29,"1_2_stimuli","2_1","Incongruent","Incongruent","Congruent","Incongruent",57.999482,58.199485,"1!",0.613774,"Correct","Correct","Correct","Correct"
"4",30,"3_4_stimuli","3_4","Incongruent","Incongruent","Incongruent","Congruent",59.999466,60.199476,"4$",1.013377,"Correct","Correct","Correct","Correct"
"4",31,"5_6_stimuli","6_5","Incongruent","Incongruent","Incongruent","Incongruent",61.999458,62.199443,"5%",0.629686,"Correct","Correct","Correct","Correct"
"4",32,"7_8_stimuli","8_8","Congruent","Incongruent","Incongruent","Incongruent",63.999437,64.199427,"8*",0.597148,"Correct","Correct","Correct","Correct"
"4",33,"1_2_stimuli","2_2","Congruent","Congruent","Incongruent","Incongruent",65.999416,66.199415,"2@",0.645648,"Correct","Correct","Correct","Correct"
"4",34,"3_4_stimuli","4_3","Incongruent","Congruent","Congruent","Incongruent",67.999405,68.199395,"3#",0.693903,"Correct","Correct","Correct","Correct"
"4",35,"5_6_stimuli","6_6","Congruent","Incongruent","Congruent","Congruent",69.999381,70.199381,"6^",0.885324,"Correct","Correct","Correct","Correct"
"4",36,"7_8_stimuli","7_7","Congruent","Congruent","Incongruent","Congruent",71.999361,72.199358,"7&",0.613244,"Correct","Correct","Correct","Correct"
"4",37,"1_2_stimuli","2_1","Incongruent","Congruent","Congruent","Incongruent",73.999341,74.199333,"1!",0.549783,"Correct","Correct","Correct","Correct"
"4",38,"3_4_stimuli","3_4","Incongruent","Incongruent","Congruent","Congruent",75.999327,76.199326,"4$",0.709722,"Correct","Correct","Correct","Correct"
"4",39,"5_6_stimuli","5_5","Congruent","Incongruent","Incongruent","Congruent",77.999317,78.199309,"5%",0.693249,"Correct","Correct","Correct","Correct"
"4",40,"7_8_stimuli","8_7","Incongruent","Congruent","Incongruent","Incongruent",79.999289,80.199286,"7&",0.725298,"Correct","Correct","Correct","Correct"
"4",41,"1_2_stimuli","1_1","Congruent","Incongruent","Congruent","Incongruent",81.999271,82.199272,"1!",0.549802,"Correct","Correct","Correct","Correct"
"4",42,"3_4_stimuli","3_3","Congruent","Congruent","Incongruent","Congruent",83.999255,84.199245,"3#",0.837569,"Correct","Correct","Correct","Correct"
"4",43,"5_6_stimuli","5_5","Congruent","Congruent","Congruent","Incongruent",85.999238,86.199232,"5%",0.773889,"Correct","Correct","Correct","Correct"
"4",44,"7_8_stimuli","7_8","Incongruent","Congruent","Congruent","Congruent",87.99922,88.19921,"8*",0.64537,"Correct","Correct","Correct","Correct"
"4",45,"1_2_stimuli","1_2","Incongruent","Incongruent","Congruent","Congruent",89.999204,90.199199,"2@",0.630177,"Correct","Correct","Correct","Correct"
"4",46,"3_4_stimuli","3_3","Congruent","Incongruent","Incongruent","Congruent",91.999182,92.199179,"3#",0.629534,"Correct","Correct","Correct","Correct"
"4",47,"5_6_stimuli","6_6","Congruent","Congruent","Incongruent","Incongruent",93.999162,94.199155,"6^",0.805908,"Correct","Correct","Correct","Correct"
"4",48,"7_8_stimuli","8_8","Congruent","Congruent","Congruent","Incongruent",95.999144,96.199137,"8*",0.677424,"Correct","Correct","Correct","Correct"
"4",49,"1_2_stimuli","2_2","Congruent","Congruent","Congruent","Congruent",97.999127,98.199124,"2@",0.774168,"Correct","Correct","Correct","Correct"
"4",50,"3_4_stimuli","3_3","Congruent","Congruent","Congruent","Congruent",99.999112,100.199102,"3#",0.629853,"Correct","Correct","Correct","Correct"
"4",51,"5_6_stimuli","6_5","Incongruent","Congruent","Congruent","Congruent",101.99909,102.199096,"5%",0.805504,"Correct","Correct","Correct","Correct"
"4",52,"7_8_stimuli","8_8","Congruent","Incongruent","Congruent","Congruent",103.999074,104.199069,"8*",0.62994,"Correct","Correct","Correct","Correct"
"4",53,"1_2_stimuli","1_2","Incongruent","Congruent","Incongruent","Congruent",105.999056,106.199047,"2@",0.677509,"Correct","Correct","Correct","Correct"
"4",54,"3_4_stimuli","4_4","Congruent","Incongruent","Congruent","Incongruent",107.999035,108.19904,"4$",0.661496,"Correct","Correct","Correct","Correct"
"4",55,"5_6_stimuli","5_6","Incongruent","Congruent","Incongruent","Congruent",109.999019,110.199019,"6^",1.046154,"Correct","Correct","Correct","Correct"
"4",56,"7_8_stimuli","7_7","Congruent","Incongruent","Congruent","Incongruent",111.998994,112.199001,"7&",0.565547,"Correct","Correct","Correct","Correct"
"4",57,"1_2_stimuli","1_1","Congruent","Congruent","Incongruent","Congruent",113.998987,114.198976,"1!",0.598142,"Correct","Correct","Correct","Correct"
"4",58,"3_4_stimuli","4_4","Congruent","Congruent","Congruent","Incongruent",115.998965,116.198959,"4$",0.7095,"Correct","Correct","Correct","Correct"
"4",59,"5_6_stimuli","6_6","Congruent","Congruent","Congruent","Congruent",117.998949,118.198948,"6^",0.806191,"Correct","Correct","Correct","Correct"
"4",60,"7_8_stimuli","8_8","Congruent","Congruent","Congruent","Congruent",119.998931,120.198921,"8*",0.709576,"Correct","Correct","Correct","Correct"
"4",61,"1_2_stimuli","2_1","Incongruent","Congruent","Congruent","Congruent",121.998906,122.198911,"1!",0.694261,"Correct","Correct","Correct","Correct"
"4",62,"3_4_stimuli","4_4","Congruent","Incongruent","Congruent","Congruent",123.998901,124.198894,"4$",0.741591,"Correct","Correct","Correct","Correct"
"4",63,"5_6_stimuli","6_6","Congruent","Congruent","Incongruent","Congruent",125.998884,126.198871,"6^",0.661725,"Correct","Correct","Correct","Correct"
"4",64,"7_8_stimuli","7_8","Incongruent","Congruent","Congruent","Incongruent",127.998854,128.19885,"8*",0.661672,"Correct","Correct","Correct","Correct"
"4",65,"1_2_stimuli","1_1","Congruent","Incongruent","Congruent","Congruent",129.99884,130.198835,"1!",0.534117,"Correct","Correct","Correct","Correct"
"4",66,"3_4_stimuli","3_4","Incongruent","Congruent","Incongruent","Congruent",131.998823,132.198826,"4$",0.710031,"Correct","Correct","Correct","Correct"
"4",67,"5_6_stimuli","6_5","Incongruent","Incongruent","Congruent","Incongruent",133.998806,134.198797,"5%",0.869722,"Correct","Correct","Correct","Correct"
"4",68,"7_8_stimuli","7_7","Congruent","Incongruent","Incongruent","Congruent",135.998786,136.19878,"7&",0.64637,"Correct","Correct","Correct","Correct"
"5",1,"1_2_stimuli","2_2","Congruent",NA,NA,NA,1.999983,2.199983,"2@",0.723858,"Correct",NA,NA,NA
"5",2,"3_4_stimuli","3_3","Congruent","Congruent",NA,NA,3.999976,4.199971,"3#",0.627847,"Correct","Correct",NA,NA
"5",3,"5_6_stimuli","5_6","Incongruent","Congruent","Congruent",NA,5.99996,6.199959,"6^",0.804278,"Correct","Correct","Correct",NA
"5",4,"7_8_stimuli","7_7","Congruent","Incongruent","Congruent","Congruent",7.999933,8.19993,"7&",0.691905,"Correct","Correct","Correct","Correct"
"5",5,"1_2_stimuli","2_2","Congruent","Congruent","Incongruent","Congruent",9.999926,10.199918,"2@",0.611908,"Correct","Correct","Correct","Correct"
"5",6,"3_4_stimuli","3_4","Incongruent","Congruent","Congruent","Incongruent",11.999909,12.199893,"4$",0.612334,"Correct","Correct","Correct","Correct"
"5",7,"5_6_stimuli","5_6","Incongruent","Incongruent","Congruent","Congruent",13.999875,14.199879,"6^",1.092361,"Correct","Correct","Correct","Correct"
"5",8,"7_8_stimuli","7_8","Incongruent","Incongruent","Incongruent","Congruent",15.999861,16.199858,"8*",0.724726,"Correct","Correct","Correct","Correct"
"5",9,"1_2_stimuli","2_1","Incongruent","Incongruent","Incongruent","Incongruent",17.999845,18.199848,"1!",0.548542,"Correct","Correct","Correct","Correct"
"5",10,"3_4_stimuli","3_4","Incongruent","Incongruent","Incongruent","Incongruent",19.999827,20.199829,"4$",0.659999,"Correct","Correct","Correct","Correct"
"5",11,"5_6_stimuli","5_6","Incongruent","Incongruent","Incongruent","Incongruent",21.999816,22.199808,"6^",0.676723,"Correct","Correct","Correct","Correct"
"5",12,"7_8_stimuli","7_7","Congruent","Incongruent","Incongruent","Incongruent",23.999797,24.1998,"7&",0.820093,"Correct","Correct","Correct","Correct"
"5",13,"1_2_stimuli","2_1","Incongruent","Congruent","Incongruent","Incongruent",25.999776,26.199779,"1!",0.580645,"Correct","Correct","Correct","Correct"
"5",14,"3_4_stimuli","4_4","Congruent","Incongruent","Congruent","Incongruent",27.99976,28.199761,"4$",0.660082,"Correct","Correct","Correct","Correct"
"5",15,"5_6_stimuli","6_6","Congruent","Congruent","Incongruent","Congruent",29.99974,30.199735,"6^",0.804794,"Correct","Correct","Correct","Correct"
"5",16,"7_8_stimuli","7_8","Incongruent","Congruent","Congruent","Incongruent",31.99973,32.199725,"8*",0.676061,"Correct","Correct","Correct","Correct"
"5",17,"1_2_stimuli","2_2","Congruent","Incongruent","Congruent","Congruent",33.999696,34.199706,"2@",0.660322,"Correct","Correct","Correct","Correct"
"5",18,"3_4_stimuli","4_3","Incongruent","Congruent","Incongruent","Congruent",35.999691,36.199693,"3#",0.788732,"Correct","Correct","Correct","Correct"
"5",19,"5_6_stimuli","5_6","Incongruent","Incongruent","Congruent","Incongruent",37.999671,38.199671,"6^",0.676719,"Correct","Correct","Correct","Correct"
"5",20,"7_8_stimuli","8_8","Congruent","Incongruent","Incongruent","Congruent",39.999654,40.199654,"8*",0.612168,"Correct","Correct","Correct","Correct"
"5",21,"1_2_stimuli","1_1","Congruent","Congruent","Incongruent","Incongruent",41.99963,42.199638,"1!",0.580905,"Correct","Correct","Correct","Correct"
"5",22,"3_4_stimuli","3_3","Congruent","Congruent","Congruent","Incongruent",43.999616,44.199611,"3#",0.980761,"Correct","Correct","Correct","Correct"
"5",23,"5_6_stimuli","6_5","Incongruent","Congruent","Congruent","Congruent",45.9996,46.199597,"6^",0.788857,"Error","Correct","Correct","Correct"
"5",24,"7_8_stimuli","8_8","Congruent","Incongruent","Congruent","Congruent",47.999579,48.199575,"8*",0.660689,"Correct","Error","Correct","Correct"
"5",25,"1_2_stimuli","1_2","Incongruent","Congruent","Incongruent","Congruent",49.999571,50.199555,"2@",0.676438,"Correct","Correct","Error","Correct"
"5",26,"3_4_stimuli","4_3","Incongruent","Incongruent","Congruent","Incongruent",51.999535,52.199536,"3#",0.612378,"Correct","Correct","Correct","Error"
"5",27,"5_6_stimuli","6_6","Congruent","Incongruent","Incongruent","Congruent",53.999528,54.199528,"6^",0.77297,"Correct","Correct","Correct","Correct"
"5",28,"7_8_stimuli","7_8","Incongruent","Congruent","Incongruent","Incongruent",55.999504,56.1995,"8*",0.628454,"Correct","Correct","Correct","Correct"
"5",29,"1_2_stimuli","2_1","Incongruent","Incongruent","Congruent","Incongruent",57.999499,58.199492,"1!",0.644708,"Correct","Correct","Correct","Correct"
"5",30,"3_4_stimuli","3_4","Incongruent","Incongruent","Incongruent","Congruent",59.99948,60.199479,"4$",0.964411,"Correct","Correct","Correct","Correct"
"5",31,"5_6_stimuli","5_5","Congruent","Incongruent","Incongruent","Incongruent",61.999448,62.199447,"5%",0.660856,"Correct","Correct","Correct","Correct"
"5",32,"7_8_stimuli","8_8","Congruent","Congruent","Incongruent","Incongruent",63.999443,64.199443,"8*",0.580362,"Correct","Correct","Correct","Correct"
"5",33,"1_2_stimuli","1_1","Congruent","Congruent","Congruent","Incongruent",65.999424,66.199423,"1!",0.596351,"Correct","Correct","Correct","Correct"
"5",34,"3_4_stimuli","4_3","Incongruent","Congruent","Congruent","Congruent",67.999401,68.199391,"3#",0.772542,"Correct","Correct","Correct","Correct"
"5",35,"5_6_stimuli","5_5","Congruent","Incongruent","Congruent","Congruent",69.999378,70.199376,"5%",1.028947,"Correct","Correct","Correct","Correct"
"5",36,"7_8_stimuli","8_7","Incongruent","Congruent","Incongruent","Congruent",71.999361,72.19936,"7&",0.708411,"Correct","Correct","Correct","Correct"
"5",37,"1_2_stimuli","1_1","Congruent","Incongruent","Congruent","Incongruent",73.999345,74.199343,"1!",0.612438,"Correct","Correct","Correct","Correct"
"5",38,"3_4_stimuli","4_4","Congruent","Congruent","Incongruent","Congruent",75.999326,76.199323,"4$",0.740826,"Correct","Correct","Correct","Correct"
"5",39,"5_6_stimuli","6_6","Congruent","Congruent","Congruent","Incongruent",77.999304,78.199305,"6^",1.012573,"Correct","Correct","Correct","Correct"
"5",40,"7_8_stimuli","8_7","Incongruent","Congruent","Congruent","Congruent",79.999284,80.199287,"7&",0.852522,"Correct","Correct","Correct","Correct"
"5",41,"1_2_stimuli","1_2","Incongruent","Incongruent","Congruent","Congruent",81.999266,82.19927,"2@",0.869119,"Correct","Correct","Correct","Correct"
"5",42,"3_4_stimuli","3_3","Congruent","Incongruent","Incongruent","Congruent",83.99924,84.199254,"3#",0.660799,"Correct","Correct","Correct","Correct"
"5",43,"5_6_stimuli","6_5","Incongruent","Congruent","Incongruent","Incongruent",85.999241,86.199242,"5%",0.932832,"Correct","Correct","Correct","Correct"
"5",44,"7_8_stimuli","8_7","Incongruent","Incongruent","Congruent","Incongruent",87.999221,88.199217,"7&",1.26885,"Correct","Correct","Correct","Correct"
"5",45,"1_2_stimuli","2_2","Congruent","Incongruent","Incongruent","Congruent",89.999196,90.1992,"2@",0.75697,"Correct","Correct","Correct","Correct"
"5",46,"3_4_stimuli","4_3","Incongruent","Congruent","Incongruent","Incongruent",91.999178,92.199187,"3#",0.661244,"Correct","Correct","Correct","Correct"
"5",47,"5_6_stimuli","5_5","Congruent","Incongruent","Congruent","Incongruent",93.99916,94.19916,"5%",0.804792,"Correct","Correct","Correct","Correct"
"5",48,"7_8_stimuli","7_7","Congruent","Congruent","Incongruent","Congruent",95.999152,96.19915,"7&",0.757151,"Correct","Correct","Correct","Correct"
"5",49,"1_2_stimuli","2_1","Incongruent","Congruent","Congruent","Incongruent",97.999133,98.199128,"1!",0.629257,"Correct","Correct","Correct","Correct"
"5",50,"3_4_stimuli","3_4","Incongruent","Incongruent","Congruent","Congruent",99.999118,100.19911,"4$",0.661211,"Correct","Correct","Correct","Correct"
"5",51,"5_6_stimuli","6_5","Incongruent","Incongruent","Incongruent","Congruent",101.999094,102.199086,"5%",0.996668,"Correct","Correct","Correct","Correct"
"5",52,"7_8_stimuli","7_8","Incongruent","Incongruent","Incongruent","Incongruent",103.999074,104.199077,"8*",0.772683,"Correct","Correct","Correct","Correct"
"5",53,"1_2_stimuli","2_2","Congruent","Incongruent","Incongruent","Incongruent",105.999062,106.199056,"2@",0.820862,"Correct","Correct","Correct","Correct"
"5",54,"3_4_stimuli","4_4","Congruent","Congruent","Incongruent","Incongruent",107.999039,108.199036,"4$",0.69287,"Correct","Correct","Correct","Correct"
"5",55,"5_6_stimuli","5_6","Incongruent","Congruent","Congruent","Incongruent",109.999018,110.199016,"6^",0.884757,"Correct","Correct","Correct","Correct"
"5",56,"7_8_stimuli","8_7","Incongruent","Incongruent","Congruent","Congruent",111.999011,112.199008,"7&",0.692848,"Correct","Correct","Correct","Correct"
"5",57,"1_2_stimuli","1_2","Incongruent","Incongruent","Incongruent","Congruent",113.998983,114.198982,"2@",0.837136,"Correct","Correct","Correct","Correct"
"5",58,"3_4_stimuli","3_3","Congruent","Incongruent","Incongruent","Incongruent",115.998969,116.198966,"3#",0.532763,"Correct","Correct","Correct","Correct"
"5",59,"5_6_stimuli","6_6","Congruent","Congruent","Incongruent","Incongruent",117.998945,118.198949,"6^",1.332854,"Correct","Correct","Correct","Correct"
"5",60,"7_8_stimuli","7_7","Congruent","Congruent","Congruent","Incongruent",119.998933,120.19893,"7&",0.580851,"Correct","Correct","Correct","Correct"
"5",61,"1_2_stimuli","1_1","Congruent","Congruent","Congruent","Congruent",121.998912,122.198915,"1!",0.533522,"Correct","Correct","Correct","Correct"
"5",62,"3_4_stimuli","4_4","Congruent","Congruent","Congruent","Congruent",123.998908,124.198896,"4$",0.628877,"Correct","Correct","Correct","Correct"
"5",63,"5_6_stimuli","5_5","Congruent","Congruent","Congruent","Congruent",125.998879,126.198878,"5%",0.484886,"Correct","Correct","Correct","Correct"
"5",64,"7_8_stimuli","7_7","Congruent","Congruent","Congruent","Congruent",127.998863,128.198858,"7&",0.708869,"Correct","Correct","Correct","Correct"
"5",65,"1_2_stimuli","1_2","Incongruent","Congruent","Congruent","Congruent",129.998839,130.198844,"2@",0.693577,"Correct","Correct","Correct","Correct"
"5",66,"3_4_stimuli","3_3","Congruent","Incongruent","Congruent","Congruent",131.998831,132.198825,"3#",0.613021,"Correct","Correct","Correct","Correct"
"5",67,"5_6_stimuli","6_5","Incongruent","Congruent","Incongruent","Congruent",133.998813,134.198807,"5%",0.821663,"Correct","Correct","Correct","Correct"
"5",68,"7_8_stimuli","8_8","Congruent","Incongruent","Congruent","Incongruent",135.998783,136.198789,"8*",0.94938,"Correct","Correct","Correct","Correct"
"6",1,"1_2_stimuli","1_1","Congruent",NA,NA,NA,1.999995,2.199992,"1!",0.598226,"Correct",NA,NA,NA
"6",2,"3_4_stimuli","3_4","Incongruent","Congruent",NA,NA,3.999964,4.19997,"4$",0.805899,"Correct","Correct",NA,NA
"6",3,"5_6_stimuli","5_5","Congruent","Incongruent","Congruent",NA,5.999956,6.199949,"5%",0.38973,"Correct","Correct","Correct",NA
"6",4,"7_8_stimuli","7_8","Incongruent","Congruent","Incongruent","Congruent",7.999933,8.199938,"8*",0.662308,"Correct","Correct","Correct","Correct"
"6",5,"1_2_stimuli","2_1","Incongruent","Incongruent","Congruent","Incongruent",9.99992,10.199912,"1!",0.597842,"Correct","Correct","Correct","Correct"
"6",6,"3_4_stimuli","3_4","Incongruent","Incongruent","Incongruent","Congruent",11.999903,12.199899,"4$",0.630012,"Correct","Correct","Correct","Correct"
"6",7,"5_6_stimuli","5_5","Congruent","Incongruent","Incongruent","Incongruent",13.999882,14.199871,"5%",0.581861,"Correct","Correct","Correct","Correct"
"6",8,"7_8_stimuli","7_7","Congruent","Congruent","Incongruent","Incongruent",15.999867,16.199858,"7&",0.66248,"Correct","Correct","Correct","Correct"
"6",9,"1_2_stimuli","2_1","Incongruent","Congruent","Congruent","Incongruent",17.999843,18.199842,"1!",0.58209,"Correct","Correct","Correct","Correct"
"6",10,"3_4_stimuli","3_3","Congruent","Incongruent","Congruent","Congruent",19.999825,20.19983,"3#",0.774391,"Correct","Correct","Correct","Correct"
"6",11,"5_6_stimuli","5_6","Incongruent","Congruent","Incongruent","Congruent",21.99981,22.199808,"6^",1.158367,"Correct","Correct","Correct","Correct"
"6",12,"7_8_stimuli","7_8","Incongruent","Incongruent","Congruent","Incongruent",23.999795,24.199797,"8*",0.742061,"Correct","Correct","Correct","Correct"
"6",13,"1_2_stimuli","1_2","Incongruent","Incongruent","Incongruent","Congruent",25.999777,26.19977,"2@",0.950069,"Correct","Correct","Correct","Correct"
"6",14,"3_4_stimuli","3_4","Incongruent","Incongruent","Incongruent","Incongruent",27.999766,28.199751,"4$",0.581944,"Correct","Correct","Correct","Correct"
"6",15,"5_6_stimuli","6_5","Incongruent","Incongruent","Incongruent","Incongruent",29.999747,30.199735,"5%",0.726617,"Correct","Correct","Correct","Correct"
"6",16,"7_8_stimuli","8_7","Incongruent","Incongruent","Incongruent","Incongruent",31.999718,32.199724,"7&",0.934622,"Correct","Correct","Correct","Correct"
"6",17,"1_2_stimuli","1_2","Incongruent","Incongruent","Incongruent","Incongruent",33.999706,34.199707,"2@",0.661907,"Correct","Correct","Correct","Correct"
"6",18,"3_4_stimuli","4_4","Congruent","Incongruent","Incongruent","Incongruent",35.999683,36.199687,"4$",0.774704,"Correct","Correct","Correct","Correct"
"6",19,"5_6_stimuli","6_6","Congruent","Congruent","Incongruent","Incongruent",37.999667,38.199666,"6^",0.934148,"Correct","Correct","Correct","Correct"
"6",20,"7_8_stimuli","7_8","Incongruent","Congruent","Congruent","Incongruent",39.999653,40.199649,"8*",0.646596,"Correct","Correct","Correct","Correct"
"6",21,"1_2_stimuli","1_2","Incongruent","Incongruent","Congruent","Congruent",41.999641,42.199639,"2@",0.662655,"Correct","Correct","Correct","Correct"
"6",22,"3_4_stimuli","3_3","Congruent","Incongruent","Incongruent","Congruent",43.999612,44.199616,"3#",0.6141,"Correct","Correct","Correct","Correct"
"6",23,"5_6_stimuli","5_6","Incongruent","Congruent","Incongruent","Incongruent",45.999602,46.199603,"6^",0.774547,"Correct","Correct","Correct","Correct"
"6",24,"7_8_stimuli","8_8","Congruent","Incongruent","Congruent","Incongruent",47.999581,48.199575,"8*",0.614137,"Correct","Correct","Correct","Correct"
"6",25,"1_2_stimuli","1_1","Congruent","Congruent","Incongruent","Congruent",49.999561,50.199563,"1!",0.662423,"Correct","Correct","Correct","Correct"
"6",26,"3_4_stimuli","3_4","Incongruent","Congruent","Congruent","Incongruent",51.999552,52.199541,"4$",1.014136,"Correct","Correct","Correct","Correct"
"6",27,"5_6_stimuli","5_6","Incongruent","Incongruent","Congruent","Congruent",53.999524,54.199519,"6^",0.790197,"Correct","Correct","Correct","Correct"
"6",28,"7_8_stimuli","7_7","Congruent","Incongruent","Incongruent","Congruent",55.999503,56.199501,"7&",0.726207,"Correct","Correct","Correct","Correct"
"6",29,"1_2_stimuli","1_2","Incongruent","Congruent","Incongruent","Incongruent",57.999499,58.199492,"2@",0.710895,"Correct","Correct","Correct","Correct"
"6",30,"3_4_stimuli","4_4","Congruent","Incongruent","Congruent","Incongruent",59.999476,60.199465,"4$",0.694157,"Correct","Correct","Correct","Correct"
"6",31,"5_6_stimuli","5_5","Congruent","Congruent","Incongruent","Congruent",61.999452,62.19945,"5%",0.630397,"Correct","Correct","Correct","Correct"
"6",32,"7_8_stimuli","8_8","Congruent","Congruent","Congruent","Incongruent",63.999432,64.199425,"8*",0.614298,"Correct","Correct","Correct","Correct"
"6",33,"1_2_stimuli","1_1","Congruent","Congruent","Congruent","Congruent",65.999424,66.199414,"1!",0.566612,"Correct","Correct","Correct","Correct"
"6",34,"3_4_stimuli","4_3","Incongruent","Congruent","Congruent","Congruent",67.9994,68.199405,"3#",0.822729,"Correct","Correct","Correct","Correct"
"6",35,"5_6_stimuli","5_5","Congruent","Incongruent","Congruent","Congruent",69.999377,70.199377,"5%",0.822276,"Correct","Correct","Correct","Correct"
"6",36,"7_8_stimuli","7_8","Incongruent","Congruent","Incongruent","Congruent",71.999354,72.199361,"8*",0.598298,"Correct","Correct","Correct","Correct"
"6",37,"1_2_stimuli","1_1","Congruent","Incongruent","Congruent","Incongruent",73.999351,74.199348,"1!",0.598812,"Correct","Correct","Correct","Correct"
"6",38,"3_4_stimuli","3_4","Incongruent","Congruent","Incongruent","Congruent",75.999333,76.199329,"4$",0.694609,"Correct","Correct","Correct","Correct"
"6",39,"5_6_stimuli","6_6","Congruent","Incongruent","Congruent","Incongruent",77.99931,78.199303,"6^",0.790511,"Correct","Correct","Correct","Correct"
"6",40,"7_8_stimuli","7_7","Congruent","Congruent","Incongruent","Congruent",79.99929,80.199293,"7&",0.663184,"Correct","Correct","Correct","Correct"
"6",41,"1_2_stimuli","2_2","Congruent","Congruent","Congruent","Incongruent",81.999273,82.199271,"2@",0.518584,"Correct","Correct","Correct","Correct"
"6",42,"3_4_stimuli","4_4","Congruent","Congruent","Congruent","Congruent",83.999264,84.19925,"4$",0.774378,"Correct","Correct","Correct","Correct"
"6",43,"5_6_stimuli","6_6","Congruent","Congruent","Congruent","Congruent",85.999237,86.199228,"6^",1.20667,"Correct","Correct","Correct","Correct"
"6",44,"7_8_stimuli","7_8","Incongruent","Congruent","Congruent","Congruent",87.999228,88.199217,"8*",0.662623,"Correct","Correct","Correct","Correct"
"6",45,"1_2_stimuli","1_1","Congruent","Incongruent","Congruent","Congruent",89.999202,90.199202,"1!",0.502965,"Correct","Correct","Correct","Correct"
"6",46,"3_4_stimuli","3_3","Congruent","Congruent","Incongruent","Congruent",91.999184,92.19918,"3#",0.662409,"Correct","Correct","Correct","Correct"
"6",47,"5_6_stimuli","6_6","Congruent","Congruent","Congruent","Incongruent",93.999166,94.19916,"6^",0.967113,"Correct","Correct","Correct","Correct"
"6",48,"7_8_stimuli","7_7","Congruent","Congruent","Congruent","Congruent",95.999148,96.199144,"7&",0.631161,"Correct","Correct","Correct","Correct"
"6",49,"1_2_stimuli","2_1","Incongruent","Congruent","Congruent","Congruent",97.999129,98.199126,"1!",0.695052,"Correct","Correct","Correct","Correct"
"6",50,"3_4_stimuli","4_3","Incongruent","Incongruent","Congruent","Congruent",99.999113,100.199114,"3#",0.758541,"Correct","Correct","Correct","Correct"
"6",51,"5_6_stimuli","6_5","Incongruent","Incongruent","Incongruent","Congruent",101.999093,102.199092,"5%",0.742553,"Correct","Correct","Correct","Correct"
"6",52,"7_8_stimuli","8_8","Congruent","Incongruent","Incongruent","Incongruent",103.999078,104.199072,"8*",0.550967,"Correct","Correct","Correct","Correct"
"6",53,"1_2_stimuli","2_2","Congruent","Congruent","Incongruent","Incongruent",105.99906,106.19905,"2@",0.694902,"Correct","Correct","Correct","Correct"
"6",54,"3_4_stimuli","3_3","Congruent","Congruent","Congruent","Incongruent",107.99904,108.199051,"3#",0.582878,"Correct","Correct","Correct","Correct"
"6",55,"5_6_stimuli","6_5","Incongruent","Congruent","Congruent","Congruent",109.999023,110.199026,"5%",0.711094,"Correct","Correct","Correct","Correct"
"6",56,"7_8_stimuli","8_7","Incongruent","Incongruent","Congruent","Congruent",111.999012,112.199001,"7&",0.710605,"Correct","Correct","Correct","Correct"
"6",57,"1_2_stimuli","2_2","Congruent","Incongruent","Incongruent","Congruent",113.998994,114.198991,"2@",0.599237,"Correct","Correct","Correct","Correct"
"6",58,"3_4_stimuli","4_3","Incongruent","Congruent","Incongruent","Incongruent",115.998966,116.198965,"3#",0.727459,"Correct","Correct","Correct","Correct"
"6",59,"5_6_stimuli","5_6","Incongruent","Incongruent","Congruent","Incongruent",117.998949,118.198945,"6^",0.903108,"Correct","Correct","Correct","Correct"
"6",60,"7_8_stimuli","8_7","Incongruent","Incongruent","Incongruent","Congruent",119.998932,120.198929,"7&",0.759195,"Correct","Correct","Correct","Correct"
"6",61,"1_2_stimuli","2_2","Congruent","Incongruent","Incongruent","Incongruent",121.998918,122.198907,"2@",0.695186,"Correct","Correct","Correct","Correct"
"6",62,"3_4_stimuli","4_4","Congruent","Congruent","Incongruent","Incongruent",123.998902,124.198889,"4$",0.758801,"Correct","Correct","Correct","Correct"
"6",63,"5_6_stimuli","6_5","Incongruent","Congruent","Congruent","Incongruent",125.998881,126.198876,"5%",0.966709,"Correct","Correct","Correct","Correct"
"6",64,"7_8_stimuli","8_8","Congruent","Incongruent","Congruent","Congruent",127.998861,128.198859,"8*",0.614945,"Correct","Correct","Correct","Correct"
"6",65,"1_2_stimuli","2_1","Incongruent","Congruent","Incongruent","Congruent",129.998847,130.198847,"1!",0.583652,"Correct","Correct","Correct","Correct"
"6",66,"3_4_stimuli","4_3","Incongruent","Incongruent","Congruent","Incongruent",131.998822,132.198818,"3#",0.742769,"Correct","Correct","Correct","Correct"
"6",67,"5_6_stimuli","5_5","Congruent","Incongruent","Incongruent","Congruent",133.998811,134.198818,"5%",1.063392,"Correct","Correct","Correct","Correct"
"6",68,"7_8_stimuli","8_7","Incongruent","Congruent","Incongruent","Incongruent",135.998784,136.198784,"7&",0.631415,"Correct","Correct","Correct","Correct"
"7",1,"1_2_stimuli","1_2","Incongruent",NA,NA,NA,1.999978,2.199978,"2@",0.875527,"Correct",NA,NA,NA
"7",2,"3_4_stimuli","3_4","Incongruent","Incongruent",NA,NA,3.999963,4.199953,"4$",0.651595,"Correct","Correct",NA,NA
"7",3,"5_6_stimuli","6_6","Congruent","Incongruent","Incongruent",NA,5.999937,6.199941,"6^",0.603608,"Correct","Correct","Correct",NA
"7",4,"7_8_stimuli","7_8","Incongruent","Congruent","Incongruent","Incongruent",7.99992,8.199922,"8*",0.555008,"Correct","Correct","Correct","Correct"
"7",5,"1_2_stimuli","1_1","Congruent","Incongruent","Congruent","Incongruent",9.999906,10.199906,"1!",0.555686,"Correct","Correct","Correct","Correct"
"7",6,"3_4_stimuli","3_4","Incongruent","Congruent","Incongruent","Congruent",11.999892,12.199884,"4$",0.603015,"Correct","Correct","Correct","Correct"
"7",7,"5_6_stimuli","5_6","Incongruent","Incongruent","Congruent","Incongruent",13.999865,14.199878,"6^",0.651076,"Correct","Correct","Correct","Correct"
"7",8,"7_8_stimuli","7_7","Congruent","Incongruent","Incongruent","Congruent",15.999835,16.199845,"7&",0.699233,"Correct","Correct","Correct","Correct"
"7",9,"1_2_stimuli","1_2","Incongruent","Congruent","Incongruent","Incongruent",17.999839,18.199835,"2@",0.699143,"Correct","Correct","Correct","Correct"
"7",10,"3_4_stimuli","4_3","Incongruent","Incongruent","Congruent","Incongruent",19.999808,20.199803,"3#",0.683078,"Correct","Correct","Correct","Correct"
"7",11,"5_6_stimuli","5_5","Congruent","Incongruent","Incongruent","Congruent",21.999801,22.199799,"5%",0.955276,"Correct","Correct","Correct","Correct"
"7",12,"7_8_stimuli","8_8","Congruent","Congruent","Incongruent","Incongruent",23.999784,24.199775,"8*",0.571134,"Correct","Correct","Correct","Correct"
"7",13,"1_2_stimuli","2_1","Incongruent","Congruent","Congruent","Incongruent",25.999772,26.199758,"1!",0.555365,"Correct","Correct","Correct","Correct"
"7",14,"3_4_stimuli","4_4","Congruent","Incongruent","Congruent","Congruent",27.999748,28.199745,"4$",0.715618,"Correct","Correct","Correct","Correct"
"7",15,"5_6_stimuli","6_5","Incongruent","Congruent","Incongruent","Congruent",29.999717,30.19973,"6^",0.65164,"Error","Correct","Correct","Correct"
"7",16,"7_8_stimuli","7_7","Congruent","Incongruent","Congruent","Incongruent",31.999703,32.199707,"7&",0.699824,"Correct","Error","Correct","Correct"
"7",17,"1_2_stimuli","2_2","Congruent","Congruent","Incongruent","Congruent",33.999689,34.199692,"2@",0.571354,"Correct","Correct","Error","Correct"
"7",18,"3_4_stimuli","4_3","Incongruent","Congruent","Congruent","Incongruent",35.999676,36.199677,"3#",0.715714,"Correct","Correct","Correct","Error"
"7",19,"5_6_stimuli","6_6","Congruent","Incongruent","Congruent","Congruent",37.999654,38.199652,"6^",0.939661,"Correct","Correct","Correct","Correct"
"7",20,"7_8_stimuli","7_7","Congruent","Congruent","Incongruent","Congruent",39.999637,40.199626,"7&",0.7313,"Correct","Correct","Correct","Correct"
"7",21,"1_2_stimuli","2_2","Congruent","Congruent","Congruent","Incongruent",41.999622,42.199619,"2@",0.715614,"Correct","Correct","Correct","Correct"
"7",22,"3_4_stimuli","3_3","Congruent","Congruent","Congruent","Congruent",43.999606,44.199596,"3#",1.131867,"Correct","Correct","Correct","Correct"
"7",23,"5_6_stimuli","6_6","Congruent","Congruent","Congruent","Congruent",45.99958,46.199588,"6^",0.891943,"Correct","Correct","Correct","Correct"
"7",24,"7_8_stimuli","7_8","Incongruent","Congruent","Congruent","Congruent",47.999568,48.199567,"8*",0.69934,"Correct","Correct","Correct","Correct"
"7",25,"1_2_stimuli","2_2","Congruent","Incongruent","Congruent","Congruent",49.999547,50.199549,"2@",0.891752,"Correct","Correct","Correct","Correct"
"7",26,"3_4_stimuli","4_4","Congruent","Congruent","Incongruent","Congruent",51.999528,52.199526,"4$",0.971883,"Correct","Correct","Correct","Correct"
"7",27,"5_6_stimuli","5_6","Incongruent","Congruent","Congruent","Incongruent",53.999505,54.199512,"6^",1.483383,"Correct","Correct","Correct","Correct"
"7",28,"7_8_stimuli","8_8","Congruent","Incongruent","Congruent","Congruent",55.999485,56.19949,"8*",0.555381,"Correct","Correct","Correct","Correct"
"7",29,"1_2_stimuli","1_2","Incongruent","Congruent","Incongruent","Congruent",57.99947,58.19947,"2@",0.620099,"Correct","Correct","Correct","Correct"
"7",30,"3_4_stimuli","3_3","Congruent","Incongruent","Congruent","Incongruent",59.999455,60.199458,"3#",0.60412,"Correct","Correct","Correct","Correct"
"7",31,"5_6_stimuli","5_5","Congruent","Congruent","Incongruent","Congruent",61.999439,62.199444,"5%",0.603594,"Correct","Correct","Correct","Correct"
"7",32,"7_8_stimuli","7_7","Congruent","Congruent","Congruent","Incongruent",63.999422,64.19942,"7&",0.620008,"Correct","Correct","Correct","Correct"
"7",33,"1_2_stimuli","1_1","Congruent","Congruent","Congruent","Congruent",65.999396,66.199409,"1!",0.571469,"Correct","Correct","Correct","Correct"
"7",34,"3_4_stimuli","3_4","Incongruent","Congruent","Congruent","Congruent",67.999393,68.199379,"4$",0.827653,"Correct","Correct","Correct","Correct"
"7",35,"5_6_stimuli","6_5","Incongruent","Incongruent","Congruent","Congruent",69.999365,70.199377,"5%",0.619511,"Correct","Correct","Correct","Correct"
"7",36,"7_8_stimuli","8_7","Incongruent","Incongruent","Incongruent","Congruent",71.999345,72.199346,"7&",0.619688,"Correct","Correct","Correct","Correct"
"7",37,"1_2_stimuli","1_1","Congruent","Incongruent","Incongruent","Incongruent",73.999337,74.199331,"1!",0.508131,"Correct","Correct","Correct","Correct"
"7",38,"3_4_stimuli","4_4","Congruent","Congruent","Incongruent","Incongruent",75.999312,76.199319,"4$",0.652161,"Correct","Correct","Correct","Correct"
"7",39,"5_6_stimuli","5_5","Congruent","Congruent","Congruent","Incongruent",77.999303,78.199295,"5%",0.619506,"Correct","Correct","Correct","Correct"
"7",40,"7_8_stimuli","8_8","Congruent","Congruent","Congruent","Congruent",79.999283,80.199281,"8*",0.668153,"Correct","Correct","Correct","Correct"
"7",41,"1_2_stimuli","1_2","Incongruent","Congruent","Congruent","Congruent",81.999261,82.199262,"2@",0.747665,"Correct","Correct","Correct","Correct"
"7",42,"3_4_stimuli","3_4","Incongruent","Incongruent","Congruent","Congruent",83.99925,84.199239,"4$",0.667572,"Correct","Correct","Correct","Correct"
"7",43,"5_6_stimuli","6_5","Incongruent","Incongruent","Incongruent","Congruent",85.99923,86.199222,"5%",0.699827,"Correct","Correct","Correct","Correct"
"7",44,"7_8_stimuli","8_8","Congruent","Incongruent","Incongruent","Incongruent",87.999206,88.19921,"8*",0.556152,"Correct","Correct","Correct","Correct"
"7",45,"1_2_stimuli","2_2","Congruent","Congruent","Incongruent","Incongruent",89.999187,90.199181,"2@",0.635777,"Correct","Correct","Correct","Correct"
"7",46,"3_4_stimuli","3_3","Congruent","Congruent","Congruent","Incongruent",91.999169,92.199175,"3#",0.907632,"Correct","Correct","Correct","Correct"
"7",47,"5_6_stimuli","6_5","Incongruent","Congruent","Congruent","Congruent",93.999151,94.199147,"5%",0.732094,"Correct","Correct","Correct","Correct"
"7",48,"7_8_stimuli","8_7","Incongruent","Incongruent","Congruent","Congruent",95.999132,96.199135,"7&",0.939757,"Correct","Correct","Correct","Correct"
"7",49,"1_2_stimuli","1_1","Congruent","Incongruent","Incongruent","Congruent",97.999122,98.199119,"1!",0.58793,"Correct","Correct","Correct","Correct"
"7",50,"3_4_stimuli","4_3","Incongruent","Congruent","Incongruent","Incongruent",99.999096,100.199099,"3#",0.748171,"Correct","Correct","Correct","Correct"
"7",51,"5_6_stimuli","6_6","Congruent","Incongruent","Congruent","Incongruent",101.999086,102.199076,"6^",0.748066,"Correct","Correct","Correct","Correct"
"7",52,"7_8_stimuli","7_8","Incongruent","Congruent","Incongruent","Congruent",103.999062,104.199063,"8*",0.763826,"Correct","Correct","Correct","Correct"
"7",53,"1_2_stimuli","2_1","Incongruent","Incongruent","Congruent","Incongruent",105.999056,106.199048,"1!",0.588054,"Correct","Correct","Correct","Correct"
"7",54,"3_4_stimuli","4_4","Congruent","Incongruent","Incongruent","Congruent",107.99903,108.199022,"4$",1.180007,"Correct","Correct","Correct","Correct"
"7",55,"5_6_stimuli","5_6","Incongruent","Congruent","Incongruent","Incongruent",109.999013,110.19901,"6^",0.876133,"Correct","Correct","Correct","Correct"
"7",56,"7_8_stimuli","8_7","Incongruent","Incongruent","Congruent","Incongruent",111.998994,112.199003,"7&",0.876335,"Correct","Correct","Correct","Correct"
"7",57,"1_2_stimuli","2_1","Incongruent","Incongruent","Incongruent","Congruent",113.998969,114.19898,"1!",0.539855,"Correct","Correct","Correct","Correct"
"7",58,"3_4_stimuli","3_4","Incongruent","Incongruent","Incongruent","Incongruent",115.998959,116.198961,"4$",0.700449,"Correct","Correct","Correct","Correct"
"7",59,"5_6_stimuli","5_6","Incongruent","Incongruent","Incongruent","Incongruent",117.998934,118.198937,"6^",0.940138,"Correct","Correct","Correct","Correct"
"7",60,"7_8_stimuli","7_8","Incongruent","Incongruent","Incongruent","Incongruent",119.998929,120.198916,"8*",0.668356,"Correct","Correct","Correct","Correct"
"7",61,"1_2_stimuli","2_1","Incongruent","Incongruent","Incongruent","Incongruent",121.998901,122.198904,"1!",0.556093,"Correct","Correct","Correct","Correct"
"7",62,"3_4_stimuli","3_3","Congruent","Incongruent","Incongruent","Incongruent",123.998886,124.19888,"3#",0.860523,"Correct","Correct","Correct","Correct"
"7",63,"5_6_stimuli","6_6","Congruent","Congruent","Incongruent","Incongruent",125.998871,126.198874,"6^",0.764452,"Correct","Correct","Correct","Correct"
"7",64,"7_8_stimuli","8_7","Incongruent","Congruent","Congruent","Incongruent",127.998848,128.198848,"7&",0.972333,"Correct","Correct","Correct","Correct"
"7",65,"1_2_stimuli","1_2","Incongruent","Incongruent","Congruent","Congruent",129.998833,130.198834,"2@",0.683962,"Correct","Correct","Correct","Correct"
"7",66,"3_4_stimuli","4_3","Incongruent","Incongruent","Incongruent","Congruent",131.998817,132.198817,"3#",0.780749,"Correct","Correct","Correct","Correct"
"7",67,"5_6_stimuli","5_5","Congruent","Incongruent","Incongruent","Incongruent",133.998792,134.198801,"5%",0.780162,"Correct","Correct","Correct","Correct"
"7",68,"7_8_stimuli","7_8","Incongruent","Congruent","Incongruent","Incongruent",135.99878,136.198784,"8*",0.620019,"Correct","Correct","Correct","Correct"
"8",1,"1_2_stimuli","2_2","Congruent",NA,NA,NA,1.999985,2.199988,"2@",0.774215,"Correct",NA,NA,NA
"8",2,"3_4_stimuli","3_4","Incongruent","Congruent",NA,NA,3.999973,4.199961,"4$",0.630231,"Correct","Correct",NA,NA
"8",3,"5_6_stimuli","6_6","Congruent","Incongruent","Congruent",NA,5.999949,6.199949,"6^",0.662919,"Correct","Correct","Correct",NA
"8",4,"7_8_stimuli","8_7","Incongruent","Congruent","Incongruent","Congruent",7.999942,8.199935,"7&",0.630374,"Correct","Correct","Correct","Correct"
"8",5,"1_2_stimuli","2_2","Congruent","Incongruent","Congruent","Incongruent",9.999918,10.199905,"2@",0.598778,"Correct","Correct","Correct","Correct"
"8",6,"3_4_stimuli","4_4","Congruent","Congruent","Incongruent","Congruent",11.999901,12.1999,"4$",0.694677,"Correct","Correct","Correct","Correct"
"8",7,"5_6_stimuli","5_5","Congruent","Congruent","Congruent","Incongruent",13.999888,14.199886,"5%",0.598313,"Correct","Correct","Correct","Correct"
"8",8,"7_8_stimuli","7_8","Incongruent","Congruent","Congruent","Congruent",15.999862,16.199861,"8*",0.662295,"Correct","Correct","Correct","Correct"
"8",9,"1_2_stimuli","1_2","Incongruent","Incongruent","Congruent","Congruent",17.999853,18.199842,"2@",0.694305,"Correct","Correct","Correct","Correct"
"8",10,"3_4_stimuli","3_4","Incongruent","Incongruent","Incongruent","Congruent",19.999826,20.199817,"4$",0.678312,"Correct","Correct","Correct","Correct"
"8",11,"5_6_stimuli","6_5","Incongruent","Incongruent","Incongruent","Incongruent",21.999814,22.199804,"5%",0.59903,"Correct","Correct","Correct","Correct"
"8",12,"7_8_stimuli","7_7","Congruent","Incongruent","Incongruent","Incongruent",23.999796,24.199788,"7&",0.726393,"Correct","Correct","Correct","Correct"
"8",13,"1_2_stimuli","1_2","Incongruent","Congruent","Incongruent","Incongruent",25.999773,26.19977,"2@",0.839029,"Correct","Correct","Correct","Correct"
"8",14,"3_4_stimuli","4_3","Incongruent","Incongruent","Congruent","Incongruent",27.999759,28.199761,"3#",0.662557,"Correct","Correct","Correct","Correct"
"8",15,"5_6_stimuli","5_6","Incongruent","Incongruent","Incongruent","Congruent",29.999736,30.199747,"6^",0.758375,"Correct","Correct","Correct","Correct"
"8",16,"7_8_stimuli","8_7","Incongruent","Incongruent","Incongruent","Incongruent",31.999721,32.199714,"7&",0.694875,"Correct","Correct","Correct","Correct"
"8",17,"1_2_stimuli","2_1","Incongruent","Incongruent","Incongruent","Incongruent",33.999702,34.199709,"1!",0.598614,"Correct","Correct","Correct","Correct"
"8",18,"3_4_stimuli","4_4","Congruent","Incongruent","Incongruent","Incongruent",35.999683,36.199675,"4$",0.630461,"Correct","Correct","Correct","Correct"
"8",19,"5_6_stimuli","6_6","Congruent","Congruent","Incongruent","Incongruent",37.999669,38.199668,"6^",0.69494,"Correct","Correct","Correct","Correct"
"8",20,"7_8_stimuli","7_7","Congruent","Congruent","Congruent","Incongruent",39.999658,40.199648,"7&",0.631034,"Correct","Correct","Correct","Correct"
"8",21,"1_2_stimuli","1_2","Incongruent","Congruent","Congruent","Congruent",41.99963,42.199623,"2@",0.64688,"Correct","Correct","Correct","Correct"
"8",22,"3_4_stimuli","3_4","Incongruent","Incongruent","Congruent","Congruent",43.999613,44.199613,"4$",0.806463,"Correct","Correct","Correct","Correct"
"8",23,"5_6_stimuli","6_6","Congruent","Incongruent","Incongruent","Congruent",45.999599,46.199599,"6^",0.855166,"Correct","Correct","Correct","Correct"
"8",24,"7_8_stimuli","7_7","Congruent","Congruent","Incongruent","Incongruent",47.999578,48.199573,"7&",0.951109,"Correct","Correct","Correct","Correct"
"8",25,"1_2_stimuli","1_2","Incongruent","Congruent","Congruent","Incongruent",49.999561,50.199556,"2@",0.67857,"Correct","Correct","Correct","Correct"
"8",26,"3_4_stimuli","3_3","Congruent","Incongruent","Congruent","Congruent",51.999549,52.199546,"3#",0.743135,"Correct","Correct","Correct","Correct"
"8",27,"5_6_stimuli","5_6","Incongruent","Congruent","Incongruent","Congruent",53.999531,54.199521,"6^",0.855216,"Correct","Correct","Correct","Correct"
"8",28,"7_8_stimuli","7_8","Incongruent","Incongruent","Congruent","Incongruent",55.999515,56.19951,"8*",0.710781,"Correct","Correct","Correct","Correct"
"8",29,"1_2_stimuli","2_2","Congruent","Incongruent","Incongruent","Congruent",57.999493,58.199487,"2@",1.095206,"Correct","Correct","Correct","Correct"
"8",30,"3_4_stimuli","4_3","Incongruent","Congruent","Incongruent","Incongruent",59.999479,60.199465,"3#",1.287163,"Correct","Correct","Correct","Correct"
"8",31,"5_6_stimuli","5_6","Incongruent","Incongruent","Congruent","Incongruent",61.999451,62.199448,"6^",0.982891,"Correct","Correct","Correct","Correct"
"8",32,"7_8_stimuli","7_7","Congruent","Incongruent","Incongruent","Congruent",63.999435,64.199436,"7&",0.886663,"Correct","Correct","Correct","Correct"
"8",33,"1_2_stimuli","2_2","Congruent","Congruent","Incongruent","Incongruent",65.999416,66.199415,"2@",0.98267,"Correct","Correct","Correct","Correct"
"8",34,"3_4_stimuli","4_4","Congruent","Congruent","Congruent","Incongruent",67.999398,68.199399,"4$",0.582872,"Correct","Correct","Correct","Correct"
"8",35,"5_6_stimuli","6_5","Incongruent","Congruent","Congruent","Congruent",69.999381,70.199382,"5%",0.93476,"Correct","Correct","Correct","Correct"
"8",36,"7_8_stimuli","8_7","Incongruent","Incongruent","Congruent","Congruent",71.999364,72.199362,"7&",0.950687,"Correct","Correct","Correct","Correct"
"8",37,"1_2_stimuli","2_1","Incongruent","Incongruent","Incongruent","Congruent",73.999343,74.199342,"1!",0.662745,"Correct","Correct","Correct","Correct"
"8",38,"3_4_stimuli","3_4","Incongruent","Incongruent","Incongruent","Incongruent",75.999326,76.199325,"4$",0.694866,"Correct","Correct","Correct","Correct"
"8",39,"5_6_stimuli","5_5","Congruent","Incongruent","Incongruent","Incongruent",77.99932,78.199313,"5%",0.535201,"Correct","Correct","Correct","Correct"
"8",40,"7_8_stimuli","7_8","Incongruent","Congruent","Incongruent","Incongruent",79.999287,80.199294,"8*",0.726828,"Correct","Correct","Correct","Correct"
"8",41,"1_2_stimuli","2_1","Incongruent","Incongruent","Congruent","Incongruent",81.999274,82.199276,"1!",0.775362,"Correct","Correct","Correct","Correct"
"8",42,"3_4_stimuli","3_3","Congruent","Incongruent","Incongruent","Congruent",83.999257,84.199249,"Omission",5000,"Omission","Correct","Correct","Correct"
"8",43,"5_6_stimuli","6_5","Incongruent","Congruent","Incongruent","Incongruent",85.999239,86.199234,"Omission",5000,"Omission","Omission","Correct","Correct"
"8",44,"7_8_stimuli","8_8","Congruent","Incongruent","Congruent","Incongruent",87.99922,88.199227,"8*",0.582946,"Correct","Omission","Omission","Correct"
"8",45,"1_2_stimuli","1_1","Congruent","Congruent","Incongruent","Congruent",89.999204,90.199202,"1!",0.534829,"Correct","Correct","Omission","Omission"
"8",46,"3_4_stimuli","3_4","Incongruent","Congruent","Congruent","Incongruent",91.999185,92.199189,"4$",0.775039,"Correct","Correct","Correct","Omission"
"8",47,"5_6_stimuli","6_6","Congruent","Incongruent","Congruent","Congruent",93.999173,94.199158,"6^",0.727531,"Correct","Correct","Correct","Correct"
"8",48,"7_8_stimuli","8_8","Congruent","Congruent","Incongruent","Congruent",95.999155,96.199141,"8*",0.583463,"Correct","Correct","Correct","Correct"
"8",49,"1_2_stimuli","1_1","Congruent","Congruent","Congruent","Incongruent",97.999133,98.199125,"1!",0.518928,"Correct","Correct","Correct","Correct"
"8",50,"3_4_stimuli","3_3","Congruent","Congruent","Congruent","Congruent",99.999113,100.199112,"3#",0.615019,"Correct","Correct","Correct","Correct"
"8",51,"5_6_stimuli","5_5","Congruent","Congruent","Congruent","Congruent",101.999096,102.199094,"5%",0.807019,"Correct","Correct","Correct","Correct"
"8",52,"7_8_stimuli","8_8","Congruent","Congruent","Congruent","Congruent",103.99908,104.199085,"8*",0.535525,"Correct","Correct","Correct","Correct"
"8",53,"1_2_stimuli","1_1","Congruent","Congruent","Congruent","Congruent",105.999061,106.19906,"1!",0.55102,"Correct","Correct","Correct","Correct"
"8",54,"3_4_stimuli","4_3","Incongruent","Congruent","Congruent","Congruent",107.999049,108.199038,"3#",0.727579,"Correct","Correct","Correct","Correct"
"8",55,"5_6_stimuli","5_6","Incongruent","Incongruent","Congruent","Congruent",109.999026,110.199017,"6^",0.823111,"Correct","Correct","Correct","Correct"
"8",56,"7_8_stimuli","8_7","Incongruent","Incongruent","Incongruent","Congruent",111.999007,112.199003,"7&",0.791048,"Correct","Correct","Correct","Correct"
"8",57,"1_2_stimuli","2_2","Congruent","Incongruent","Incongruent","Incongruent",113.998989,114.198988,"2@",0.647073,"Correct","Correct","Correct","Correct"
"8",58,"3_4_stimuli","3_3","Congruent","Congruent","Incongruent","Incongruent",115.998973,116.198975,"3#",0.647812,"Correct","Correct","Correct","Correct"
"8",59,"5_6_stimuli","6_5","Incongruent","Congruent","Congruent","Incongruent",117.998954,118.198948,"5%",0.919321,"Correct","Correct","Correct","Correct"
"8",60,"7_8_stimuli","8_8","Congruent","Incongruent","Congruent","Congruent",119.998939,120.198932,"8*",0.615505,"Correct","Correct","Correct","Correct"
"8",61,"1_2_stimuli","2_1","Incongruent","Congruent","Incongruent","Congruent",121.998921,122.198911,"1!",0.615162,"Correct","Correct","Correct","Correct"
"8",62,"3_4_stimuli","4_4","Congruent","Incongruent","Congruent","Incongruent",123.998902,124.198898,"4$",0.615361,"Correct","Correct","Correct","Correct"
"8",63,"5_6_stimuli","5_5","Congruent","Congruent","Incongruent","Congruent",125.998883,126.198884,"5%",0.615154,"Correct","Correct","Correct","Correct"
"8",64,"7_8_stimuli","8_7","Incongruent","Congruent","Congruent","Incongruent",127.998871,128.198858,"7&",1.303455,"Correct","Correct","Correct","Correct"
"8",65,"1_2_stimuli","1_1","Congruent","Incongruent","Congruent","Congruent",129.998856,130.198847,"1!",0.567529,"Correct","Correct","Correct","Correct"
"8",66,"3_4_stimuli","4_3","Incongruent","Congruent","Incongruent","Congruent",131.998832,132.198821,"3#",0.839236,"Correct","Correct","Correct","Correct"
"8",67,"5_6_stimuli","6_6","Congruent","Incongruent","Congruent","Incongruent",133.998814,134.198805,"6^",0.951688,"Correct","Correct","Correct","Correct"
"8",68,"7_8_stimuli","7_8","Incongruent","Congruent","Incongruent","Congruent",135.998794,136.198794,"8*",0.679187,"Correct","Correct","Correct","Correct"
"9",1,"1_2_stimuli","1_2","Incongruent",NA,NA,NA,1.999982,2.199983,"2@",0.742181,"Correct",NA,NA,NA
"9",2,"3_4_stimuli","3_4","Incongruent","Incongruent",NA,NA,3.999966,4.199965,"4$",0.630046,"Correct","Correct",NA,NA
"9",3,"5_6_stimuli","6_6","Congruent","Incongruent","Incongruent",NA,5.999951,6.199945,"6^",0.614345,"Correct","Correct","Correct",NA
"9",4,"7_8_stimuli","7_8","Incongruent","Congruent","Incongruent","Incongruent",7.999929,8.199935,"8*",0.662487,"Correct","Correct","Correct","Correct"
"9",5,"1_2_stimuli","2_2","Congruent","Incongruent","Congruent","Incongruent",9.999919,10.199917,"2@",0.710089,"Correct","Correct","Correct","Correct"
"9",6,"3_4_stimuli","3_4","Incongruent","Congruent","Incongruent","Congruent",11.999895,12.199887,"4$",0.726273,"Correct","Correct","Correct","Correct"
"9",7,"5_6_stimuli","6_5","Incongruent","Incongruent","Congruent","Incongruent",13.999865,14.199874,"5%",0.85473,"Correct","Correct","Correct","Correct"
"9",8,"7_8_stimuli","8_7","Incongruent","Incongruent","Incongruent","Congruent",15.99986,16.199861,"7&",0.838121,"Correct","Correct","Correct","Correct"
"9",9,"1_2_stimuli","2_1","Incongruent","Incongruent","Incongruent","Incongruent",17.999847,18.199829,"1!",0.662663,"Correct","Correct","Correct","Correct"
"9",10,"3_4_stimuli","3_4","Incongruent","Incongruent","Incongruent","Incongruent",19.999812,20.199818,"4$",1.270868,"Correct","Correct","Correct","Correct"
"9",11,"5_6_stimuli","6_6","Congruent","Incongruent","Incongruent","Incongruent",21.999802,22.199793,"6^",0.631054,"Correct","Correct","Correct","Correct"
"9",12,"7_8_stimuli","7_7","Congruent","Congruent","Incongruent","Incongruent",23.999794,24.199783,"7&",0.726229,"Correct","Correct","Correct","Correct"
"9",13,"1_2_stimuli","1_1","Congruent","Congruent","Congruent","Incongruent",25.999778,26.199764,"1!",0.550187,"Correct","Correct","Correct","Correct"
"9",14,"3_4_stimuli","3_4","Incongruent","Congruent","Congruent","Congruent",27.999759,28.199756,"4$",0.6953,"Correct","Correct","Correct","Correct"
"9",15,"5_6_stimuli","5_6","Incongruent","Incongruent","Congruent","Congruent",29.999726,30.19973,"6^",0.774538,"Correct","Correct","Correct","Correct"
"9",16,"7_8_stimuli","7_7","Congruent","Incongruent","Incongruent","Congruent",31.99971,32.19971,"7&",0.726463,"Correct","Correct","Correct","Correct"
"9",17,"1_2_stimuli","2_2","Congruent","Congruent","Incongruent","Incongruent",33.999703,34.199701,"2@",0.662997,"Correct","Correct","Correct","Correct"
"9",18,"3_4_stimuli","4_3","Incongruent","Congruent","Congruent","Incongruent",35.999675,36.19968,"3#",0.75843,"Correct","Correct","Correct","Correct"
"9",19,"5_6_stimuli","6_6","Congruent","Incongruent","Congruent","Congruent",37.999663,38.199668,"6^",0.631103,"Correct","Correct","Correct","Correct"
"9",20,"7_8_stimuli","7_7","Congruent","Congruent","Incongruent","Congruent",39.999648,40.199639,"7&",0.774342,"Correct","Correct","Correct","Correct"
"9",21,"1_2_stimuli","2_1","Incongruent","Congruent","Congruent","Incongruent",41.999633,42.199627,"1!",0.566362,"Correct","Correct","Correct","Correct"
"9",22,"3_4_stimuli","3_3","Congruent","Incongruent","Congruent","Congruent",43.999606,44.199602,"3#",0.758596,"Correct","Correct","Correct","Correct"
"9",23,"5_6_stimuli","5_6","Incongruent","Congruent","Incongruent","Congruent",45.999599,46.199592,"6^",0.614603,"Correct","Correct","Correct","Correct"
"9",24,"7_8_stimuli","7_8","Incongruent","Incongruent","Congruent","Incongruent",47.999569,48.199572,"8*",0.646715,"Correct","Correct","Correct","Correct"
"9",25,"1_2_stimuli","1_1","Congruent","Incongruent","Incongruent","Congruent",49.999546,50.199547,"1!",0.614998,"Correct","Correct","Correct","Correct"
"9",26,"3_4_stimuli","4_4","Congruent","Congruent","Incongruent","Incongruent",51.999543,52.199535,"4$",0.646452,"Correct","Correct","Correct","Correct"
"9",27,"5_6_stimuli","6_5","Incongruent","Congruent","Congruent","Incongruent",53.999527,54.199519,"5%",0.742397,"Correct","Correct","Correct","Correct"
"9",28,"7_8_stimuli","7_7","Congruent","Incongruent","Congruent","Congruent",55.999499,56.199501,"7&",0.614442,"Correct","Correct","Correct","Correct"
"9",29,"1_2_stimuli","1_1","Congruent","Congruent","Incongruent","Congruent",57.999479,58.19948,"1!",0.550775,"Correct","Correct","Correct","Correct"
"9",30,"3_4_stimuli","3_3","Congruent","Congruent","Congruent","Incongruent",59.999474,60.199461,"3#",0.839067,"Correct","Correct","Correct","Correct"
"9",31,"5_6_stimuli","6_5","Incongruent","Congruent","Congruent","Congruent",61.999454,62.199444,"5%",1.014471,"Correct","Correct","Correct","Correct"
"9",32,"7_8_stimuli","8_7","Incongruent","Incongruent","Congruent","Congruent",63.999435,64.199435,"7&",0.663212,"Correct","Correct","Correct","Correct"
"9",33,"1_2_stimuli","2_1","Incongruent","Incongruent","Incongruent","Congruent",65.999409,66.199401,"1!",0.566565,"Correct","Correct","Correct","Correct"
"9",34,"3_4_stimuli","4_4","Congruent","Incongruent","Incongruent","Incongruent",67.999386,68.199393,"4$",0.790551,"Correct","Correct","Correct","Correct"
"9",35,"5_6_stimuli","5_6","Incongruent","Congruent","Incongruent","Incongruent",69.999375,70.199368,"6^",0.839101,"Correct","Correct","Correct","Correct"
"9",36,"7_8_stimuli","8_8","Congruent","Incongruent","Congruent","Incongruent",71.999366,72.199356,"8*",0.566631,"Correct","Correct","Correct","Correct"
"9",37,"1_2_stimuli","1_2","Incongruent","Congruent","Incongruent","Congruent",73.999337,74.199338,"2@",0.743307,"Correct","Correct","Correct","Correct"
"9",38,"3_4_stimuli","3_3","Congruent","Incongruent","Congruent","Incongruent",75.999318,76.199319,"3#",1.207108,"Correct","Correct","Correct","Correct"
"9",39,"5_6_stimuli","5_5","Congruent","Congruent","Incongruent","Congruent",77.999306,78.199295,"5%",0.614662,"Correct","Correct","Correct","Correct"
"9",40,"7_8_stimuli","8_7","Incongruent","Congruent","Congruent","Incongruent",79.999286,80.199279,"7&",0.551113,"Correct","Correct","Correct","Correct"
"9",41,"1_2_stimuli","1_2","Incongruent","Incongruent","Congruent","Congruent",81.99927,82.199265,"2@",1.014646,"Correct","Correct","Correct","Correct"
"9",42,"3_4_stimuli","4_4","Congruent","Incongruent","Incongruent","Congruent",83.999246,84.199243,"4$",0.694853,"Correct","Correct","Correct","Correct"
"9",43,"5_6_stimuli","5_5","Congruent","Congruent","Incongruent","Incongruent",85.999231,86.199233,"5%",0.871248,"Correct","Correct","Correct","Correct"
"9",44,"7_8_stimuli","8_8","Congruent","Congruent","Congruent","Incongruent",87.999212,88.199209,"8*",0.583284,"Correct","Correct","Correct","Correct"
"9",45,"1_2_stimuli","2_2","Congruent","Congruent","Congruent","Congruent",89.999197,90.199191,"2@",0.662732,"Correct","Correct","Correct","Correct"
"9",46,"3_4_stimuli","4_4","Congruent","Congruent","Congruent","Congruent",91.999182,92.199177,"4$",0.567258,"Correct","Correct","Correct","Correct"
"9",47,"5_6_stimuli","5_5","Congruent","Congruent","Congruent","Congruent",93.999157,94.199157,"5%",0.758881,"Correct","Correct","Correct","Correct"
"9",48,"7_8_stimuli","8_7","Incongruent","Congruent","Congruent","Congruent",95.999139,96.199142,"7&",0.742908,"Correct","Correct","Correct","Correct"
"9",49,"1_2_stimuli","2_2","Congruent","Incongruent","Congruent","Congruent",97.999121,98.199128,"2@",0.758695,"Correct","Correct","Correct","Correct"
"9",50,"3_4_stimuli","3_3","Congruent","Congruent","Incongruent","Congruent",99.999107,100.19911,"3#",0.727289,"Correct","Correct","Correct","Correct"
"9",51,"5_6_stimuli","6_6","Congruent","Congruent","Congruent","Incongruent",101.999086,102.199088,"6^",0.774794,"Correct","Correct","Correct","Correct"
"9",52,"7_8_stimuli","8_8","Congruent","Congruent","Congruent","Congruent",103.999077,104.199071,"8*",0.583223,"Correct","Correct","Correct","Correct"
"9",53,"1_2_stimuli","1_2","Incongruent","Congruent","Congruent","Congruent",105.999053,106.199053,"2@",0.695074,"Correct","Correct","Correct","Correct"
"9",54,"3_4_stimuli","4_3","Incongruent","Incongruent","Congruent","Congruent",107.999034,108.199036,"3#",0.695083,"Correct","Correct","Correct","Correct"
"9",55,"5_6_stimuli","5_6","Incongruent","Incongruent","Incongruent","Congruent",109.99902,110.199019,"6^",0.615276,"Correct","Correct","Correct","Correct"
"9",56,"7_8_stimuli","8_8","Congruent","Incongruent","Incongruent","Incongruent",111.999005,112.199,"8*",0.839498,"Correct","Correct","Correct","Correct"
"9",57,"1_2_stimuli","1_2","Incongruent","Congruent","Incongruent","Incongruent",113.998981,114.19898,"2@",0.647402,"Correct","Correct","Correct","Correct"
"9",58,"3_4_stimuli","4_3","Incongruent","Incongruent","Congruent","Incongruent",115.99897,116.198967,"3#",0.711359,"Correct","Correct","Correct","Correct"
"9",59,"5_6_stimuli","5_5","Congruent","Incongruent","Incongruent","Congruent",117.998947,118.198948,"5%",0.950963,"Correct","Correct","Correct","Correct"
"9",60,"7_8_stimuli","7_8","Incongruent","Congruent","Incongruent","Incongruent",119.998928,120.198927,"8*",0.647116,"Correct","Correct","Correct","Correct"
"9",61,"1_2_stimuli","2_1","Incongruent","Incongruent","Congruent","Incongruent",121.998911,122.198907,"1!",0.615034,"Correct","Correct","Correct","Correct"
"9",62,"3_4_stimuli","4_3","Incongruent","Incongruent","Incongruent","Congruent",123.998892,124.198893,"3#",0.759326,"Correct","Correct","Correct","Correct"
"9",63,"5_6_stimuli","6_5","Incongruent","Incongruent","Incongruent","Incongruent",125.998871,126.198873,"5%",0.983581,"Correct","Correct","Correct","Correct"
"9",64,"7_8_stimuli","7_8","Incongruent","Incongruent","Incongruent","Incongruent",127.998859,128.19886,"8*",0.583022,"Correct","Correct","Correct","Correct"
"9",65,"1_2_stimuli","1_1","Congruent","Incongruent","Incongruent","Incongruent",129.998842,130.198843,"1!",0.502959,"Correct","Correct","Correct","Correct"
"9",66,"3_4_stimuli","3_4","Incongruent","Congruent","Incongruent","Incongruent",131.998817,132.198824,"4$",0.711071,"Correct","Correct","Correct","Correct"
"9",67,"5_6_stimuli","6_6","Congruent","Incongruent","Congruent","Incongruent",133.998806,134.198801,"6^",1.111802,"Correct","Correct","Correct","Correct"
"9",68,"7_8_stimuli","7_8","Incongruent","Congruent","Incongruent","Congruent",135.998781,136.198782,"8*",0.839332,"Correct","Correct","Correct","Correct"
"10",1,"1_2_stimuli","2_2","Congruent",NA,NA,NA,1.999975,2.199987,"2@",0.700728,"Correct",NA,NA,NA
"10",2,"3_4_stimuli","4_3","Incongruent","Congruent",NA,NA,3.99997,4.199972,"3#",0.637003,"Correct","Correct",NA,NA
"10",3,"5_6_stimuli","5_5","Congruent","Incongruent","Congruent",NA,5.999942,6.199947,"5%",0.829074,"Correct","Correct","Correct",NA
"10",4,"7_8_stimuli","7_8","Incongruent","Congruent","Incongruent","Congruent",7.999927,8.199928,"8*",0.604605,"Correct","Correct","Correct","Correct"
"10",5,"1_2_stimuli","1_2","Incongruent","Incongruent","Congruent","Incongruent",9.999909,10.199926,"2@",0.70108,"Correct","Correct","Correct","Correct"
"10",6,"3_4_stimuli","3_3","Congruent","Incongruent","Incongruent","Congruent",11.999895,12.199895,"3#",0.653165,"Correct","Correct","Correct","Correct"
"10",7,"5_6_stimuli","6_5","Incongruent","Congruent","Incongruent","Incongruent",13.999882,14.199881,"5%",0.924681,"Correct","Correct","Correct","Correct"
"10",8,"7_8_stimuli","8_8","Congruent","Incongruent","Congruent","Incongruent",15.99985,16.199849,"8*",0.492661,"Correct","Correct","Correct","Correct"
"10",9,"1_2_stimuli","2_1","Incongruent","Congruent","Incongruent","Congruent",17.999844,18.19984,"1!",0.556678,"Correct","Correct","Correct","Correct"
"10",10,"3_4_stimuli","4_3","Incongruent","Incongruent","Congruent","Incongruent",19.999827,20.199822,"3#",0.637209,"Correct","Correct","Correct","Correct"
"10",11,"5_6_stimuli","5_6","Incongruent","Incongruent","Incongruent","Congruent",21.999814,22.199801,"6^",0.621115,"Correct","Correct","Correct","Correct"
"10",12,"7_8_stimuli","8_8","Congruent","Incongruent","Incongruent","Incongruent",23.999787,24.199783,"8*",0.573103,"Correct","Correct","Correct","Correct"
"10",13,"1_2_stimuli","2_2","Congruent","Congruent","Incongruent","Incongruent",25.999774,26.199765,"2@",0.620745,"Correct","Correct","Correct","Correct"
"10",14,"3_4_stimuli","3_3","Congruent","Congruent","Congruent","Incongruent",27.999749,28.199749,"3#",0.685268,"Correct","Correct","Correct","Correct"
"10",15,"5_6_stimuli","5_6","Incongruent","Congruent","Congruent","Congruent",29.999735,30.199729,"6^",0.701203,"Correct","Correct","Correct","Correct"
"10",16,"7_8_stimuli","8_8","Congruent","Incongruent","Congruent","Congruent",31.99972,32.199718,"8*",0.557365,"Correct","Correct","Correct","Correct"
"10",17,"1_2_stimuli","2_2","Congruent","Congruent","Incongruent","Congruent",33.999697,34.19969,"2@",0.669453,"Correct","Correct","Correct","Correct"
"10",18,"3_4_stimuli","4_3","Incongruent","Congruent","Congruent","Incongruent",35.999679,36.199685,"3#",0.668818,"Correct","Correct","Correct","Correct"
"10",19,"5_6_stimuli","5_5","Congruent","Incongruent","Congruent","Congruent",37.999669,38.19965,"5%",0.716823,"Correct","Correct","Correct","Correct"
"10",20,"7_8_stimuli","7_7","Congruent","Congruent","Incongruent","Congruent",39.999642,40.199643,"7&",0.589053,"Correct","Correct","Correct","Correct"
"10",21,"1_2_stimuli","2_2","Congruent","Congruent","Congruent","Incongruent",41.999628,42.199635,"2@",0.621114,"Correct","Correct","Correct","Correct"
"10",22,"3_4_stimuli","3_4","Incongruent","Congruent","Congruent","Congruent",43.999608,44.199608,"4$",0.749543,"Correct","Correct","Correct","Correct"
"10",23,"5_6_stimuli","6_5","Incongruent","Incongruent","Congruent","Congruent",45.999597,46.199587,"5%",0.716928,"Correct","Correct","Correct","Correct"
"10",24,"7_8_stimuli","7_7","Congruent","Incongruent","Incongruent","Congruent",47.999575,48.199571,"7&",0.620928,"Correct","Correct","Correct","Correct"
"10",25,"1_2_stimuli","2_1","Incongruent","Congruent","Incongruent","Incongruent",49.999565,50.199552,"1!",0.57312,"Correct","Correct","Correct","Correct"
"10",26,"3_4_stimuli","3_3","Congruent","Incongruent","Congruent","Incongruent",51.999535,52.199534,"3#",0.733174,"Correct","Correct","Correct","Correct"
"10",27,"5_6_stimuli","5_6","Incongruent","Congruent","Incongruent","Congruent",53.99952,54.199525,"6^",0.87739,"Correct","Correct","Correct","Correct"
"10",28,"7_8_stimuli","8_7","Incongruent","Incongruent","Congruent","Incongruent",55.999502,56.19949,"7&",0.685173,"Correct","Correct","Correct","Correct"
"10",29,"1_2_stimuli","1_1","Congruent","Incongruent","Incongruent","Congruent",57.99949,58.199492,"1!",0.637369,"Correct","Correct","Correct","Correct"
"10",30,"3_4_stimuli","4_4","Congruent","Congruent","Incongruent","Incongruent",59.999463,60.199458,"4$",0.941486,"Correct","Correct","Correct","Correct"
"10",31,"5_6_stimuli","6_6","Congruent","Congruent","Congruent","Incongruent",61.999453,62.199454,"6^",1.389499,"Correct","Correct","Correct","Correct"
"10",32,"7_8_stimuli","7_7","Congruent","Congruent","Congruent","Congruent",63.999426,64.199423,"7&",0.525093,"Correct","Correct","Correct","Correct"
"10",33,"1_2_stimuli","2_2","Congruent","Congruent","Congruent","Congruent",65.999408,66.199413,"2@",0.573109,"Correct","Correct","Correct","Correct"
"10",34,"3_4_stimuli","4_4","Congruent","Congruent","Congruent","Congruent",67.999402,68.19939,"4$",0.509561,"Correct","Correct","Correct","Correct"
"10",35,"5_6_stimuli","5_5","Congruent","Congruent","Congruent","Congruent",69.99937,70.199372,"5%",0.669758,"Correct","Correct","Correct","Correct"
"10",36,"7_8_stimuli","8_7","Incongruent","Congruent","Congruent","Congruent",71.999356,72.199366,"7&",0.589126,"Correct","Correct","Correct","Correct"
"10",37,"1_2_stimuli","1_1","Congruent","Incongruent","Congruent","Congruent",73.999336,74.199332,"1!",0.589521,"Correct","Correct","Correct","Correct"
"10",38,"3_4_stimuli","4_4","Congruent","Congruent","Incongruent","Congruent",75.999332,76.19932,"4$",0.653569,"Correct","Correct","Correct","Correct"
"10",39,"5_6_stimuli","6_5","Incongruent","Congruent","Congruent","Incongruent",77.999301,78.199296,"5%",0.973285,"Correct","Correct","Correct","Correct"
"10",40,"7_8_stimuli","7_8","Incongruent","Incongruent","Congruent","Congruent",79.999289,80.19928,"8*",0.685196,"Correct","Correct","Correct","Correct"
"10",41,"1_2_stimuli","1_2","Incongruent","Incongruent","Incongruent","Congruent",81.999268,82.199268,"2@",0.717329,"Correct","Correct","Correct","Correct"
"10",42,"3_4_stimuli","4_3","Incongruent","Incongruent","Incongruent","Incongruent",83.999248,84.199252,"3#",0.766433,"Correct","Correct","Correct","Correct"
"10",43,"5_6_stimuli","5_5","Congruent","Incongruent","Incongruent","Incongruent",85.999234,86.199241,"5%",1.021714,"Correct","Correct","Correct","Correct"
"10",44,"7_8_stimuli","8_8","Congruent","Congruent","Incongruent","Incongruent",87.999209,88.199213,"8*",0.605235,"Correct","Correct","Correct","Correct"
"10",45,"1_2_stimuli","1_2","Incongruent","Congruent","Congruent","Incongruent",89.999204,90.199195,"2@",0.685337,"Correct","Correct","Correct","Correct"
"10",46,"3_4_stimuli","4_4","Congruent","Incongruent","Congruent","Congruent",91.999182,92.199178,"4$",0.49391,"Correct","Correct","Correct","Correct"
"10",47,"5_6_stimuli","6_6","Congruent","Congruent","Incongruent","Congruent",93.999163,94.199163,"6^",1.021309,"Correct","Correct","Correct","Correct"
"10",48,"7_8_stimuli","7_8","Incongruent","Congruent","Congruent","Incongruent",95.999146,96.199144,"8*",0.605305,"Correct","Correct","Correct","Correct"
"10",49,"1_2_stimuli","1_2","Incongruent","Incongruent","Congruent","Congruent",97.999131,98.199122,"1!",0.637321,"Error","Correct","Correct","Correct"
"10",50,"3_4_stimuli","3_4","Incongruent","Incongruent","Incongruent","Congruent",99.999109,100.199103,"4$",0.797346,"Correct","Error","Correct","Correct"
"10",51,"5_6_stimuli","6_5","Incongruent","Incongruent","Incongruent","Incongruent",101.999092,102.199091,"5%",0.701576,"Correct","Correct","Error","Correct"
"10",52,"7_8_stimuli","7_8","Incongruent","Incongruent","Incongruent","Incongruent",103.999076,104.199076,"8*",0.573765,"Correct","Correct","Correct","Error"
"10",53,"1_2_stimuli","2_1","Incongruent","Incongruent","Incongruent","Incongruent",105.999058,106.199053,"1!",0.797401,"Correct","Correct","Correct","Correct"
"10",54,"3_4_stimuli","3_3","Congruent","Incongruent","Incongruent","Incongruent",107.999041,108.199038,"3#",0.797957,"Correct","Correct","Correct","Correct"
"10",55,"5_6_stimuli","6_6","Congruent","Congruent","Incongruent","Incongruent",109.999014,110.199012,"6^",0.861782,"Correct","Correct","Correct","Correct"
"10",56,"7_8_stimuli","7_7","Congruent","Congruent","Congruent","Incongruent",111.999001,112.199006,"7&",0.589778,"Correct","Correct","Correct","Correct"
"10",57,"1_2_stimuli","2_1","Incongruent","Congruent","Congruent","Congruent",113.998985,114.198988,"1!",0.669442,"Correct","Correct","Correct","Correct"
"10",58,"3_4_stimuli","4_3","Incongruent","Incongruent","Congruent","Congruent",115.998968,116.198966,"3#",0.701461,"Correct","Correct","Correct","Correct"
"10",59,"5_6_stimuli","6_6","Congruent","Incongruent","Incongruent","Congruent",117.998956,118.198948,"6^",0.90963,"Correct","Correct","Correct","Correct"
"10",60,"7_8_stimuli","7_8","Incongruent","Congruent","Incongruent","Incongruent",119.998932,120.198937,"8*",0.589795,"Correct","Correct","Correct","Correct"
"10",61,"1_2_stimuli","1_1","Congruent","Incongruent","Congruent","Incongruent",121.998908,122.198921,"1!",0.589846,"Correct","Correct","Correct","Correct"
"10",62,"3_4_stimuli","3_4","Incongruent","Congruent","Incongruent","Congruent",123.998896,124.198906,"4$",0.718053,"Correct","Correct","Correct","Correct"
"10",63,"5_6_stimuli","5_6","Incongruent","Incongruent","Congruent","Incongruent",125.998885,126.198884,"6^",0.765564,"Correct","Correct","Correct","Correct"
"10",64,"7_8_stimuli","8_7","Incongruent","Incongruent","Incongruent","Congruent",127.998865,128.198857,"7&",0.733711,"Correct","Correct","Correct","Correct"
"10",65,"1_2_stimuli","1_1","Congruent","Incongruent","Incongruent","Incongruent",129.998847,130.198843,"1!",0.654283,"Correct","Correct","Correct","Correct"
"10",66,"3_4_stimuli","3_4","Incongruent","Congruent","Incongruent","Incongruent",131.998832,132.198821,"4$",0.829577,"Correct","Correct","Correct","Correct"
"10",67,"5_6_stimuli","5_5","Congruent","Incongruent","Congruent","Incongruent",133.998808,134.198805,"5%",0.829737,"Correct","Correct","Correct","Correct"
"10",68,"7_8_stimuli","8_7","Incongruent","Congruent","Incongruent","Congruent",135.998786,136.198786,"7&",0.669645,"Correct","Correct","Correct","Correct"
"11",1,"1_2_stimuli","1_2","Incongruent",NA,NA,NA,1.999972,2.199968,"2@",0.863288,"Correct",NA,NA,NA
"11",2,"3_4_stimuli","4_3","Incongruent","Incongruent",NA,NA,3.999957,4.199968,"3#",0.47908,"Correct","Correct",NA,NA
"11",3,"5_6_stimuli","6_6","Congruent","Incongruent","Incongruent",NA,5.999943,6.199938,"6^",0.655091,"Correct","Correct","Correct",NA
"11",4,"7_8_stimuli","8_8","Congruent","Congruent","Incongruent","Incongruent",7.999926,8.199932,"8*",0.559569,"Correct","Correct","Correct","Correct"
"11",5,"1_2_stimuli","1_2","Incongruent","Congruent","Congruent","Incongruent",9.999909,10.199914,"2@",0.623686,"Correct","Correct","Correct","Correct"
"11",6,"3_4_stimuli","4_3","Incongruent","Incongruent","Congruent","Congruent",11.999894,12.199885,"3#",0.895811,"Correct","Correct","Correct","Correct"
"11",7,"5_6_stimuli","5_6","Incongruent","Incongruent","Incongruent","Congruent",13.999868,14.199873,"6^",0.67114,"Correct","Correct","Correct","Correct"
"11",8,"7_8_stimuli","7_7","Congruent","Incongruent","Incongruent","Incongruent",15.999845,16.199862,"7&",0.719183,"Correct","Correct","Correct","Correct"
"11",9,"1_2_stimuli","2_1","Incongruent","Congruent","Incongruent","Incongruent",17.99984,18.199838,"1!",0.559202,"Correct","Correct","Correct","Correct"
"11",10,"3_4_stimuli","3_4","Incongruent","Incongruent","Congruent","Incongruent",19.999821,20.199813,"4$",0.879621,"Correct","Correct","Correct","Correct"
"11",11,"5_6_stimuli","6_6","Congruent","Incongruent","Incongruent","Congruent",21.999805,22.199807,"6^",1.119477,"Correct","Correct","Correct","Correct"
"11",12,"7_8_stimuli","7_8","Incongruent","Congruent","Incongruent","Incongruent",23.999779,24.199781,"8*",0.783411,"Correct","Correct","Correct","Correct"
"11",13,"1_2_stimuli","1_2","Incongruent","Incongruent","Congruent","Incongruent",25.999773,26.199771,"2@",0.7837,"Correct","Correct","Correct","Correct"
"11",14,"3_4_stimuli","4_4","Congruent","Incongruent","Incongruent","Congruent",27.999746,28.199754,"4$",0.687906,"Correct","Correct","Correct","Correct"
"11",15,"5_6_stimuli","5_5","Congruent","Congruent","Incongruent","Incongruent",29.999733,30.199728,"5%",0.863922,"Correct","Correct","Correct","Correct"
"11",16,"7_8_stimuli","8_7","Incongruent","Congruent","Congruent","Incongruent",31.999711,32.199718,"7&",0.799373,"Correct","Correct","Correct","Correct"
"11",17,"1_2_stimuli","1_1","Congruent","Incongruent","Congruent","Congruent",33.999688,34.199693,"1!",0.560113,"Correct","Correct","Correct","Correct"
"11",18,"3_4_stimuli","3_4","Incongruent","Congruent","Incongruent","Congruent",35.999676,36.199674,"4$",0.751533,"Correct","Correct","Correct","Correct"
"11",19,"5_6_stimuli","5_6","Incongruent","Incongruent","Congruent","Incongruent",37.999657,38.199654,"6^",0.879971,"Correct","Correct","Correct","Correct"
"11",20,"7_8_stimuli","7_8","Incongruent","Incongruent","Incongruent","Congruent",39.999645,40.199648,"8*",0.719381,"Correct","Correct","Correct","Correct"
"11",21,"1_2_stimuli","2_2","Congruent","Incongruent","Incongruent","Incongruent",41.999629,42.199621,"2@",0.591352,"Correct","Correct","Correct","Correct"
"11",22,"3_4_stimuli","3_3","Congruent","Congruent","Incongruent","Incongruent",43.999611,44.199612,"3#",0.927691,"Correct","Correct","Correct","Correct"
"11",23,"5_6_stimuli","6_5","Incongruent","Congruent","Congruent","Incongruent",45.99959,46.199576,"5%",0.911989,"Correct","Correct","Correct","Correct"
"11",24,"7_8_stimuli","7_8","Incongruent","Incongruent","Congruent","Congruent",47.99958,48.19957,"8*",0.623986,"Correct","Correct","Correct","Correct"
"11",25,"1_2_stimuli","2_1","Incongruent","Incongruent","Incongruent","Congruent",49.999556,50.199557,"1!",0.655482,"Correct","Correct","Correct","Correct"
"11",26,"3_4_stimuli","3_4","Incongruent","Incongruent","Incongruent","Incongruent",51.999532,52.199526,"4$",0.608038,"Correct","Correct","Correct","Correct"
"11",27,"5_6_stimuli","6_6","Congruent","Incongruent","Incongruent","Incongruent",53.999524,54.199513,"6^",0.735433,"Correct","Correct","Correct","Correct"
"11",28,"7_8_stimuli","7_7","Congruent","Congruent","Incongruent","Incongruent",55.999499,56.199493,"7&",0.671541,"Correct","Correct","Correct","Correct"
"11",29,"1_2_stimuli","2_2","Congruent","Congruent","Congruent","Incongruent",57.999491,58.199482,"2@",0.639928,"Correct","Correct","Correct","Correct"
"11",30,"3_4_stimuli","3_4","Incongruent","Congruent","Congruent","Congruent",59.999464,60.199467,"4$",0.847538,"Correct","Correct","Correct","Correct"
"11",31,"5_6_stimuli","6_6","Congruent","Incongruent","Congruent","Congruent",61.999446,62.199451,"6^",0.656065,"Correct","Correct","Correct","Correct"
"11",32,"7_8_stimuli","8_7","Incongruent","Congruent","Incongruent","Congruent",63.999433,64.19942,"7&",0.639649,"Correct","Correct","Correct","Correct"
"11",33,"1_2_stimuli","1_1","Congruent","Incongruent","Congruent","Incongruent",65.999422,66.199413,"1!",0.528059,"Correct","Correct","Correct","Correct"
"11",34,"3_4_stimuli","3_3","Congruent","Congruent","Incongruent","Congruent",67.999385,68.199383,"3#",0.575821,"Correct","Correct","Correct","Correct"
"11",35,"5_6_stimuli","5_5","Congruent","Congruent","Congruent","Incongruent",69.999377,70.199378,"5%",0.863806,"Correct","Correct","Correct","Correct"
"11",36,"7_8_stimuli","7_8","Incongruent","Congruent","Congruent","Congruent",71.999354,72.199351,"8*",0.60839,"Correct","Correct","Correct","Correct"
"11",37,"1_2_stimuli","1_2","Incongruent","Incongruent","Congruent","Congruent",73.99934,74.199336,"2@",0.687681,"Correct","Correct","Correct","Correct"
"11",38,"3_4_stimuli","4_3","Incongruent","Incongruent","Incongruent","Congruent",75.99932,76.199319,"3#",0.816288,"Correct","Correct","Correct","Correct"
"11",39,"5_6_stimuli","6_5","Incongruent","Incongruent","Incongruent","Incongruent",77.999304,78.1993,"5%",0.815714,"Correct","Correct","Correct","Correct"
"11",40,"7_8_stimuli","8_7","Incongruent","Incongruent","Incongruent","Incongruent",79.99928,80.199279,"7&",0.719721,"Correct","Correct","Correct","Correct"
"11",41,"1_2_stimuli","2_1","Incongruent","Incongruent","Incongruent","Incongruent",81.999261,82.199259,"1!",0.608286,"Correct","Correct","Correct","Correct"
"11",42,"3_4_stimuli","4_4","Congruent","Incongruent","Incongruent","Incongruent",83.999241,84.199244,"4$",0.80029,"Correct","Correct","Correct","Correct"
"11",43,"5_6_stimuli","5_6","Incongruent","Congruent","Incongruent","Incongruent",85.999232,86.199226,"6^",0.720322,"Correct","Correct","Correct","Correct"
"11",44,"7_8_stimuli","7_7","Congruent","Incongruent","Congruent","Incongruent",87.999202,88.199207,"7&",1.039737,"Correct","Correct","Correct","Correct"
"11",45,"1_2_stimuli","2_2","Congruent","Congruent","Incongruent","Congruent",89.99919,90.199195,"2@",0.704221,"Correct","Correct","Correct","Correct"
"11",46,"3_4_stimuli","4_3","Incongruent","Congruent","Congruent","Incongruent",91.999172,92.199169,"3#",0.7045,"Correct","Correct","Correct","Correct"
"11",47,"5_6_stimuli","6_5","Incongruent","Incongruent","Congruent","Congruent",93.999148,94.199155,"5%",0.880185,"Correct","Correct","Correct","Correct"
"11",48,"7_8_stimuli","8_8","Congruent","Incongruent","Incongruent","Congruent",95.999132,96.199137,"8*",0.607763,"Correct","Correct","Correct","Correct"
"11",49,"1_2_stimuli","1_1","Congruent","Congruent","Incongruent","Incongruent",97.999114,98.199119,"1!",0.623918,"Correct","Correct","Correct","Correct"
"11",50,"3_4_stimuli","4_4","Congruent","Congruent","Congruent","Incongruent",99.999103,100.199098,"4$",0.68804,"Correct","Correct","Correct","Correct"
"11",51,"5_6_stimuli","5_5","Congruent","Congruent","Congruent","Congruent",101.999083,102.199079,"5%",0.607909,"Correct","Correct","Correct","Correct"
"11",52,"7_8_stimuli","8_8","Congruent","Congruent","Congruent","Congruent",103.999045,104.199066,"8*",0.544011,"Correct","Correct","Correct","Correct"
"11",53,"1_2_stimuli","1_2","Incongruent","Congruent","Congruent","Congruent",105.999045,106.199046,"2@",0.783868,"Correct","Correct","Correct","Correct"
"11",54,"3_4_stimuli","4_4","Congruent","Incongruent","Congruent","Congruent",107.99903,108.199028,"4$",1.280416,"Correct","Correct","Correct","Correct"
"11",55,"5_6_stimuli","5_5","Congruent","Congruent","Incongruent","Congruent",109.999021,110.199005,"5%",0.639944,"Correct","Correct","Correct","Correct"
"11",56,"7_8_stimuli","8_8","Congruent","Congruent","Congruent","Incongruent",111.998992,112.198997,"8*",0.591941,"Correct","Correct","Correct","Correct"
"11",57,"1_2_stimuli","2_2","Congruent","Congruent","Congruent","Congruent",113.998981,114.198981,"2@",0.72053,"Correct","Correct","Correct","Correct"
"11",58,"3_4_stimuli","3_3","Congruent","Congruent","Congruent","Congruent",115.998954,116.198957,"3#",0.672562,"Correct","Correct","Correct","Correct"
"11",59,"5_6_stimuli","5_6","Incongruent","Congruent","Congruent","Congruent",117.998937,118.198934,"6^",0.976125,"Correct","Correct","Correct","Correct"
"11",60,"7_8_stimuli","7_7","Congruent","Incongruent","Congruent","Congruent",119.998919,120.19892,"7&",0.975985,"Correct","Correct","Correct","Correct"
"11",61,"1_2_stimuli","2_1","Incongruent","Congruent","Incongruent","Congruent",121.998902,122.198908,"1!",0.704019,"Correct","Correct","Correct","Correct"
"11",62,"3_4_stimuli","3_3","Congruent","Incongruent","Congruent","Incongruent",123.99889,124.198892,"3#",0.688021,"Correct","Correct","Correct","Correct"
"11",63,"5_6_stimuli","6_5","Incongruent","Congruent","Incongruent","Congruent",125.998866,126.198865,"5%",0.800634,"Correct","Correct","Correct","Correct"
"11",64,"7_8_stimuli","8_7","Incongruent","Incongruent","Congruent","Incongruent",127.998852,128.198844,"7&",0.752079,"Correct","Correct","Correct","Correct"
"11",65,"1_2_stimuli","1_1","Congruent","Incongruent","Incongruent","Congruent",129.998838,130.198828,"1!",0.560154,"Correct","Correct","Correct","Correct"
"11",66,"3_4_stimuli","4_3","Incongruent","Congruent","Incongruent","Incongruent",131.998808,132.198814,"3#",0.688705,"Correct","Correct","Correct","Correct"
"11",67,"5_6_stimuli","6_6","Congruent","Incongruent","Congruent","Incongruent",133.998798,134.198793,"6^",0.576126,"Correct","Correct","Correct","Correct"
"11",68,"7_8_stimuli","8_8","Congruent","Congruent","Incongruent","Congruent",135.99878,136.198777,"8*",0.656101,"Correct","Correct","Correct","Correct"
"12",1,"1_2_stimuli","1_2","Incongruent",NA,NA,NA,1.99998,2.199983,"2@",0.639665,"Correct",NA,NA,NA
"12",2,"3_4_stimuli","4_3","Incongruent","Incongruent",NA,NA,3.999957,4.19996,"3#",0.639557,"Correct","Correct",NA,NA
"12",3,"5_6_stimuli","6_5","Incongruent","Incongruent","Incongruent",NA,5.999945,6.199946,"6^",0.55897,"Error","Correct","Correct",NA
"12",4,"7_8_stimuli","8_8","Congruent","Incongruent","Incongruent","Incongruent",7.999924,8.199929,"8*",1.342965,"Correct","Error","Correct","Correct"
"12",5,"1_2_stimuli","2_1","Incongruent","Congruent","Incongruent","Incongruent",9.999914,10.199912,"1!",0.591323,"Correct","Correct","Error","Correct"
"12",6,"3_4_stimuli","3_3","Congruent","Incongruent","Congruent","Incongruent",11.999896,12.199892,"3#",0.815757,"Correct","Correct","Correct","Error"
"12",7,"5_6_stimuli","5_5","Congruent","Congruent","Incongruent","Congruent",13.999881,14.199882,"5%",0.783335,"Correct","Correct","Correct","Correct"
"12",8,"7_8_stimuli","8_8","Congruent","Congruent","Congruent","Incongruent",15.999858,16.199858,"8*",0.527598,"Correct","Correct","Correct","Correct"
"12",9,"1_2_stimuli","2_1","Incongruent","Congruent","Congruent","Congruent",17.999845,18.199836,"1!",0.511107,"Correct","Correct","Correct","Correct"
"12",10,"3_4_stimuli","3_4","Incongruent","Incongruent","Congruent","Congruent",19.999815,20.199824,"4$",0.799447,"Correct","Correct","Correct","Correct"
"12",11,"5_6_stimuli","6_6","Congruent","Incongruent","Incongruent","Congruent",21.99981,22.19981,"6^",0.703575,"Correct","Correct","Correct","Correct"
"12",12,"7_8_stimuli","7_8","Incongruent","Congruent","Incongruent","Incongruent",23.999797,24.19979,"8*",0.719079,"Correct","Correct","Correct","Correct"
"12",13,"1_2_stimuli","2_2","Congruent","Incongruent","Congruent","Incongruent",25.999778,26.199773,"2@",0.687288,"Correct","Correct","Correct","Correct"
"12",14,"3_4_stimuli","3_4","Incongruent","Congruent","Incongruent","Congruent",27.99976,28.199747,"4$",0.671153,"Correct","Correct","Correct","Correct"
"12",15,"5_6_stimuli","5_6","Incongruent","Incongruent","Congruent","Incongruent",29.99973,30.199739,"6^",1.039704,"Correct","Correct","Correct","Correct"
"12",16,"7_8_stimuli","7_8","Incongruent","Incongruent","Incongruent","Congruent",31.999715,32.199719,"8*",0.543186,"Correct","Correct","Correct","Correct"
"12",17,"1_2_stimuli","1_1","Congruent","Incongruent","Incongruent","Incongruent",33.999707,34.199701,"1!",0.463346,"Correct","Correct","Correct","Correct"
"12",18,"3_4_stimuli","4_4","Congruent","Congruent","Incongruent","Incongruent",35.999674,36.199684,"4$",0.62321,"Correct","Correct","Correct","Correct"
"12",19,"5_6_stimuli","5_6","Incongruent","Congruent","Congruent","Incongruent",37.999659,38.19966,"6^",0.94338,"Correct","Correct","Correct","Correct"
"12",20,"7_8_stimuli","8_8","Congruent","Incongruent","Congruent","Congruent",39.999626,40.199646,"8*",0.543697,"Correct","Correct","Correct","Correct"
"12",21,"1_2_stimuli","1_2","Incongruent","Congruent","Incongruent","Congruent",41.999624,42.199626,"2@",0.783678,"Correct","Correct","Correct","Correct"
"12",22,"3_4_stimuli","3_4","Incongruent","Incongruent","Congruent","Incongruent",43.99961,44.199606,"4$",0.559706,"Correct","Correct","Correct","Correct"
"12",23,"5_6_stimuli","6_5","Incongruent","Incongruent","Incongruent","Congruent",45.999597,46.199598,"5%",0.783676,"Correct","Correct","Correct","Correct"
"12",24,"7_8_stimuli","7_8","Incongruent","Incongruent","Incongruent","Incongruent",47.999569,48.199566,"8*",0.559352,"Correct","Correct","Correct","Correct"
"12",25,"1_2_stimuli","2_1","Incongruent","Incongruent","Incongruent","Incongruent",49.999556,50.199561,"1!",0.511317,"Correct","Correct","Correct","Correct"
"12",26,"3_4_stimuli","4_3","Incongruent","Incongruent","Incongruent","Incongruent",51.999544,52.199541,"3#",0.655344,"Correct","Correct","Correct","Correct"
"12",27,"5_6_stimuli","5_6","Incongruent","Incongruent","Incongruent","Incongruent",53.999518,54.199511,"6^",0.719913,"Correct","Correct","Correct","Correct"
"12",28,"7_8_stimuli","7_7","Congruent","Incongruent","Incongruent","Incongruent",55.999511,56.199511,"7&",0.975344,"Correct","Correct","Correct","Correct"
"12",29,"1_2_stimuli","2_2","Congruent","Congruent","Incongruent","Incongruent",57.999486,58.199486,"2@",0.687403,"Correct","Correct","Correct","Correct"
"12",30,"3_4_stimuli","3_3","Congruent","Congruent","Congruent","Incongruent",59.999474,60.199463,"3#",0.607365,"Correct","Correct","Correct","Correct"
"12",31,"5_6_stimuli","5_5","Congruent","Congruent","Congruent","Congruent",61.999442,62.199456,"5%",1.007938,"Correct","Correct","Correct","Correct"
"12",32,"7_8_stimuli","7_7","Congruent","Congruent","Congruent","Congruent",63.99944,64.199433,"7&",0.719902,"Correct","Correct","Correct","Correct"
"12",33,"1_2_stimuli","2_2","Congruent","Congruent","Congruent","Congruent",65.999419,66.199409,"2@",0.831763,"Correct","Correct","Correct","Correct"
"12",34,"3_4_stimuli","3_3","Congruent","Congruent","Congruent","Congruent",67.9994,68.199395,"3#",0.975904,"Correct","Correct","Correct","Correct"
"12",35,"5_6_stimuli","6_5","Incongruent","Congruent","Congruent","Congruent",69.999379,70.199367,"5%",1.103491,"Correct","Correct","Correct","Correct"
"12",36,"7_8_stimuli","8_7","Incongruent","Incongruent","Congruent","Congruent",71.999355,72.199364,"7&",1.359692,"Correct","Correct","Correct","Correct"
"12",37,"1_2_stimuli","1_2","Incongruent","Incongruent","Incongruent","Congruent",73.999342,74.199339,"2@",0.560184,"Correct","Correct","Correct","Correct"
"12",38,"3_4_stimuli","4_4","Congruent","Incongruent","Incongruent","Incongruent",75.999334,76.199325,"4$",0.608026,"Correct","Correct","Correct","Correct"
"12",39,"5_6_stimuli","6_6","Congruent","Congruent","Incongruent","Incongruent",77.999304,78.199299,"6^",0.735483,"Correct","Correct","Correct","Correct"
"12",40,"7_8_stimuli","8_7","Incongruent","Congruent","Congruent","Incongruent",79.999287,80.199283,"7&",0.815757,"Correct","Correct","Correct","Correct"
"12",41,"1_2_stimuli","1_1","Congruent","Incongruent","Congruent","Congruent",81.999267,82.19926,"1!",0.559566,"Correct","Correct","Correct","Correct"
"12",42,"3_4_stimuli","4_4","Congruent","Congruent","Incongruent","Congruent",83.999257,84.199249,"4$",1.359536,"Correct","Correct","Correct","Correct"
"12",43,"5_6_stimuli","6_6","Congruent","Congruent","Congruent","Incongruent",85.999242,86.199232,"6^",1.040339,"Correct","Correct","Correct","Correct"
"12",44,"7_8_stimuli","7_8","Incongruent","Congruent","Congruent","Congruent",87.999222,88.199218,"8*",0.896247,"Correct","Correct","Correct","Correct"
"12",45,"1_2_stimuli","2_1","Incongruent","Incongruent","Congruent","Congruent",89.999196,90.199198,"1!",0.640189,"Correct","Correct","Correct","Correct"
"12",46,"3_4_stimuli","4_3","Incongruent","Incongruent","Incongruent","Congruent",91.99918,92.199178,"3#",0.60829,"Correct","Correct","Correct","Correct"
"12",47,"5_6_stimuli","6_6","Congruent","Incongruent","Incongruent","Incongruent",93.999158,94.199154,"6^",0.975677,"Correct","Correct","Correct","Correct"
"12",48,"7_8_stimuli","7_7","Congruent","Congruent","Incongruent","Incongruent",95.999145,96.199148,"7&",0.991669,"Correct","Correct","Correct","Correct"
"12",49,"1_2_stimuli","1_2","Incongruent","Congruent","Congruent","Incongruent",97.999125,98.199132,"2@",0.880249,"Correct","Correct","Correct","Correct"
"12",50,"3_4_stimuli","4_4","Congruent","Incongruent","Congruent","Congruent",99.999091,100.199107,"4$",1.104035,"Correct","Correct","Correct","Correct"
"12",51,"5_6_stimuli","6_5","Incongruent","Congruent","Incongruent","Congruent",101.999096,102.199089,"5%",0.687904,"Correct","Correct","Correct","Correct"
"12",52,"7_8_stimuli","7_7","Congruent","Incongruent","Congruent","Incongruent",103.999074,104.199071,"7&",1.039802,"Correct","Correct","Correct","Correct"
"12",53,"1_2_stimuli","1_1","Congruent","Congruent","Incongruent","Congruent",105.99906,106.19905,"1!",0.511885,"Correct","Correct","Correct","Correct"
"12",54,"3_4_stimuli","4_3","Incongruent","Congruent","Congruent","Incongruent",107.999044,108.199036,"3#",0.784534,"Correct","Correct","Correct","Correct"
"12",55,"5_6_stimuli","5_5","Congruent","Incongruent","Congruent","Congruent",109.999021,110.199024,"5%",0.927804,"Correct","Correct","Correct","Correct"
"12",56,"7_8_stimuli","8_7","Incongruent","Congruent","Incongruent","Congruent",111.999004,112.198995,"7&",1.008282,"Correct","Correct","Correct","Correct"
"12",57,"1_2_stimuli","1_2","Incongruent","Incongruent","Congruent","Incongruent",113.99899,114.198982,"2@",0.576331,"Correct","Correct","Correct","Correct"
"12",58,"3_4_stimuli","3_3","Congruent","Incongruent","Incongruent","Congruent",115.998968,116.19897,"3#",0.704393,"Correct","Correct","Correct","Correct"
"12",59,"5_6_stimuli","5_6","Incongruent","Congruent","Incongruent","Incongruent",117.99895,118.198942,"6^",0.911829,"Correct","Correct","Correct","Correct"
"12",60,"7_8_stimuli","8_7","Incongruent","Incongruent","Congruent","Incongruent",119.998926,120.198929,"7&",0.544014,"Correct","Correct","Correct","Correct"
"12",61,"1_2_stimuli","2_2","Congruent","Incongruent","Incongruent","Congruent",121.998914,122.198918,"2@",0.576235,"Correct","Correct","Correct","Correct"
"12",62,"3_4_stimuli","4_3","Incongruent","Congruent","Incongruent","Incongruent",123.998896,124.198891,"3#",0.608214,"Correct","Correct","Correct","Correct"
"12",63,"5_6_stimuli","5_5","Congruent","Incongruent","Congruent","Incongruent",125.998877,126.198887,"5%",0.544098,"Correct","Correct","Correct","Correct"
"12",64,"7_8_stimuli","8_8","Congruent","Congruent","Incongruent","Congruent",127.99886,128.198859,"8*",0.896417,"Correct","Correct","Correct","Correct"
"12",65,"1_2_stimuli","1_1","Congruent","Congruent","Congruent","Incongruent",129.998852,130.198844,"1!",0.623916,"Correct","Correct","Correct","Correct"
"12",66,"3_4_stimuli","3_4","Incongruent","Congruent","Congruent","Congruent",131.998826,132.19882,"4$",0.672437,"Correct","Correct","Correct","Correct"
"12",67,"5_6_stimuli","6_5","Incongruent","Incongruent","Congruent","Congruent",133.998812,134.198804,"5%",0.607969,"Correct","Correct","Correct","Correct"
"12",68,"7_8_stimuli","8_8","Congruent","Incongruent","Incongruent","Congruent",135.998797,136.198789,"8*",0.640724,"Correct","Correct","Correct","Correct"
"13",1,"1_2_stimuli","2_2","Congruent",NA,NA,NA,1.999985,2.199985,"2@",0.739376,"Correct",NA,NA,NA
"13",2,"3_4_stimuli","3_3","Congruent","Congruent",NA,NA,3.999967,4.199978,"3#",0.643625,"Correct","Correct",NA,NA
"13",3,"5_6_stimuli","6_5","Incongruent","Congruent","Congruent",NA,5.999955,6.199954,"5%",0.755971,"Correct","Correct","Correct",NA
"13",4,"7_8_stimuli","7_7","Congruent","Incongruent","Congruent","Congruent",7.999938,8.19993,"7&",0.659597,"Correct","Correct","Correct","Correct"
"13",5,"1_2_stimuli","2_2","Congruent","Congruent","Incongruent","Congruent",9.999909,10.199924,"2@",0.595791,"Correct","Correct","Correct","Correct"
"13",6,"3_4_stimuli","3_3","Congruent","Congruent","Congruent","Incongruent",11.999909,12.199902,"3#",0.644023,"Correct","Correct","Correct","Correct"
"13",7,"5_6_stimuli","5_5","Congruent","Congruent","Congruent","Congruent",13.999873,14.199875,"5%",0.883688,"Correct","Correct","Correct","Correct"
"13",8,"7_8_stimuli","7_7","Congruent","Congruent","Congruent","Congruent",15.99987,16.19987,"7&",0.612017,"Correct","Correct","Correct","Correct"
"13",9,"1_2_stimuli","2_1","Incongruent","Congruent","Congruent","Congruent",17.999852,18.199843,"1!",0.595591,"Correct","Correct","Correct","Correct"
"13",10,"3_4_stimuli","4_4","Congruent","Incongruent","Congruent","Congruent",19.999836,20.19983,"4$",0.643522,"Correct","Correct","Correct","Correct"
"13",11,"5_6_stimuli","6_6","Congruent","Congruent","Incongruent","Congruent",21.999813,22.199808,"6^",0.739582,"Correct","Correct","Correct","Correct"
"13",12,"7_8_stimuli","8_8","Congruent","Congruent","Congruent","Incongruent",23.999791,24.199799,"8*",0.611949,"Correct","Correct","Correct","Correct"
"13",13,"1_2_stimuli","1_1","Congruent","Congruent","Congruent","Congruent",25.999781,26.199771,"1!",0.54764,"Correct","Correct","Correct","Correct"
"13",14,"3_4_stimuli","3_4","Incongruent","Congruent","Congruent","Congruent",27.999765,28.199764,"4$",0.73966,"Correct","Correct","Correct","Correct"
"13",15,"5_6_stimuli","6_6","Congruent","Incongruent","Congruent","Congruent",29.999739,30.199746,"6^",0.948275,"Correct","Correct","Correct","Correct"
"13",16,"7_8_stimuli","7_8","Incongruent","Congruent","Incongruent","Congruent",31.99973,32.199723,"8*",0.707654,"Correct","Correct","Correct","Correct"
"13",17,"1_2_stimuli","2_1","Incongruent","Incongruent","Congruent","Incongruent",33.999699,34.199706,"1!",0.564134,"Correct","Correct","Correct","Correct"
"13",18,"3_4_stimuli","4_3","Incongruent","Incongruent","Incongruent","Congruent",35.999696,36.199679,"3#",0.788247,"Correct","Correct","Correct","Correct"
"13",19,"5_6_stimuli","6_5","Incongruent","Incongruent","Incongruent","Incongruent",37.999673,38.199662,"5%",1.027688,"Correct","Correct","Correct","Correct"
"13",20,"7_8_stimuli","8_7","Incongruent","Incongruent","Incongruent","Incongruent",39.999656,40.199649,"7&",0.867782,"Correct","Correct","Correct","Correct"
"13",21,"1_2_stimuli","1_2","Incongruent","Incongruent","Incongruent","Incongruent",41.999636,42.199636,"2@",1.076328,"Correct","Correct","Correct","Correct"
"13",22,"3_4_stimuli","4_4","Congruent","Incongruent","Incongruent","Incongruent",43.999621,44.199609,"4$",0.564041,"Correct","Correct","Correct","Correct"
"13",23,"5_6_stimuli","5_6","Incongruent","Congruent","Incongruent","Incongruent",45.999599,46.199606,"6^",0.771799,"Correct","Correct","Correct","Correct"
"13",24,"7_8_stimuli","8_7","Incongruent","Incongruent","Congruent","Incongruent",47.999566,48.199585,"7&",0.564368,"Correct","Correct","Correct","Correct"
"13",25,"1_2_stimuli","2_1","Incongruent","Incongruent","Incongruent","Congruent",49.999564,50.199561,"1!",0.628221,"Correct","Correct","Correct","Correct"
"13",26,"3_4_stimuli","3_4","Incongruent","Incongruent","Incongruent","Incongruent",51.999538,52.199546,"4$",0.835817,"Correct","Correct","Correct","Correct"
"13",27,"5_6_stimuli","5_5","Congruent","Incongruent","Incongruent","Incongruent",53.999534,54.199528,"5%",0.772406,"Correct","Correct","Correct","Correct"
"13",28,"7_8_stimuli","8_8","Congruent","Congruent","Incongruent","Incongruent",55.999508,56.199501,"8*",0.676538,"Correct","Correct","Correct","Correct"
"13",29,"1_2_stimuli","1_2","Incongruent","Congruent","Congruent","Incongruent",57.999494,58.199492,"2@",0.691915,"Correct","Correct","Correct","Correct"
"13",30,"3_4_stimuli","4_3","Incongruent","Incongruent","Congruent","Congruent",59.999471,60.199463,"3#",0.675845,"Correct","Correct","Correct","Correct"
"13",31,"5_6_stimuli","6_5","Incongruent","Incongruent","Incongruent","Congruent",61.999447,62.199451,"5%",0.852441,"Correct","Correct","Correct","Correct"
"13",32,"7_8_stimuli","8_8","Congruent","Incongruent","Incongruent","Incongruent",63.999432,64.199443,"8*",0.612478,"Correct","Correct","Correct","Correct"
"13",33,"1_2_stimuli","1_1","Congruent","Congruent","Incongruent","Incongruent",65.999424,66.199419,"1!",0.563928,"Correct","Correct","Correct","Correct"
"13",34,"3_4_stimuli","3_4","Incongruent","Congruent","Congruent","Incongruent",67.999395,68.199399,"4$",0.612285,"Correct","Correct","Correct","Correct"
"13",35,"5_6_stimuli","5_6","Incongruent","Incongruent","Congruent","Congruent",69.999386,70.199386,"6^",0.80399,"Correct","Correct","Correct","Correct"
"13",36,"7_8_stimuli","8_8","Congruent","Incongruent","Incongruent","Congruent",71.999372,72.199356,"8*",0.516464,"Correct","Correct","Correct","Correct"
"13",37,"1_2_stimuli","2_1","Incongruent","Congruent","Incongruent","Incongruent",73.999345,74.199348,"1!",0.580016,"Correct","Correct","Correct","Correct"
"13",38,"3_4_stimuli","3_3","Congruent","Incongruent","Congruent","Incongruent",75.99933,76.199322,"3#",0.788686,"Correct","Correct","Correct","Correct"
"13",39,"5_6_stimuli","6_5","Incongruent","Congruent","Incongruent","Congruent",77.999316,78.199329,"5%",0.836567,"Correct","Correct","Correct","Correct"
"13",40,"7_8_stimuli","7_7","Congruent","Incongruent","Congruent","Incongruent",79.999297,80.199293,"7&",0.996305,"Correct","Correct","Correct","Correct"
"13",41,"1_2_stimuli","1_2","Incongruent","Congruent","Incongruent","Congruent",81.999278,82.19927,"2@",0.58054,"Correct","Correct","Correct","Correct"
"13",42,"3_4_stimuli","3_4","Incongruent","Incongruent","Congruent","Incongruent",83.999262,84.199259,"4$",0.628495,"Correct","Correct","Correct","Correct"
"13",43,"5_6_stimuli","6_6","Congruent","Incongruent","Incongruent","Congruent",85.999236,86.199242,"6^",0.724639,"Correct","Correct","Correct","Correct"
"13",44,"7_8_stimuli","7_8","Incongruent","Congruent","Incongruent","Incongruent",87.999222,88.199222,"8*",0.580474,"Correct","Correct","Correct","Correct"
"13",45,"1_2_stimuli","2_2","Congruent","Incongruent","Congruent","Incongruent",89.999204,90.199204,"2@",0.724308,"Correct","Correct","Correct","Correct"
"13",46,"3_4_stimuli","4_4","Congruent","Congruent","Incongruent","Congruent",91.999193,92.199188,"4$",0.548585,"Correct","Correct","Correct","Correct"
"13",47,"5_6_stimuli","5_5","Congruent","Congruent","Congruent","Incongruent",93.999173,94.199176,"5%",0.612148,"Correct","Correct","Correct","Correct"
"13",48,"7_8_stimuli","8_7","Incongruent","Congruent","Congruent","Congruent",95.999161,96.199151,"7&",0.596206,"Correct","Correct","Correct","Correct"
"13",49,"1_2_stimuli","1_2","Incongruent","Incongruent","Congruent","Congruent",97.999142,98.199134,"2@",0.644177,"Correct","Correct","Correct","Correct"
"13",50,"3_4_stimuli","3_3","Congruent","Incongruent","Incongruent","Congruent",99.999122,100.199116,"3#",0.580475,"Correct","Correct","Correct","Correct"
"13",51,"5_6_stimuli","5_5","Congruent","Congruent","Incongruent","Incongruent",101.999102,102.199096,"5%",0.596356,"Correct","Correct","Correct","Correct"
"13",52,"7_8_stimuli","7_8","Incongruent","Congruent","Congruent","Incongruent",103.999079,104.19908,"8*",0.580267,"Correct","Correct","Correct","Correct"
"13",53,"1_2_stimuli","2_2","Congruent","Incongruent","Congruent","Congruent",105.999065,106.199056,"2@",0.644971,"Correct","Correct","Correct","Correct"
"13",54,"3_4_stimuli","4_3","Incongruent","Congruent","Incongruent","Congruent",107.999043,108.19904,"3#",0.59626,"Correct","Correct","Correct","Correct"
"13",55,"5_6_stimuli","6_6","Congruent","Incongruent","Congruent","Incongruent",109.999024,110.199024,"6^",0.644311,"Correct","Correct","Correct","Correct"
"13",56,"7_8_stimuli","7_7","Congruent","Congruent","Incongruent","Congruent",111.999014,112.199005,"7&",0.868231,"Correct","Correct","Correct","Correct"
"13",57,"1_2_stimuli","1_1","Congruent","Congruent","Congruent","Incongruent",113.998992,114.19899,"1!",0.533081,"Correct","Correct","Correct","Correct"
"13",58,"3_4_stimuli","3_3","Congruent","Congruent","Congruent","Congruent",115.99897,116.19898,"3#",0.644383,"Correct","Correct","Correct","Correct"
"13",59,"5_6_stimuli","5_6","Incongruent","Congruent","Congruent","Congruent",117.998959,118.198955,"6^",0.837083,"Correct","Correct","Correct","Correct"
"13",60,"7_8_stimuli","8_7","Incongruent","Incongruent","Congruent","Congruent",119.998945,120.198943,"7&",0.565008,"Correct","Correct","Correct","Correct"
"13",61,"1_2_stimuli","2_2","Congruent","Incongruent","Incongruent","Congruent",121.998933,122.198926,"2@",0.580315,"Correct","Correct","Correct","Correct"
"13",62,"3_4_stimuli","4_3","Incongruent","Congruent","Incongruent","Incongruent",123.998913,124.198904,"3#",0.613013,"Correct","Correct","Correct","Correct"
"13",63,"5_6_stimuli","6_5","Incongruent","Incongruent","Congruent","Incongruent",125.99889,126.198891,"5%",0.820359,"Correct","Correct","Correct","Correct"
"13",64,"7_8_stimuli","7_8","Incongruent","Incongruent","Incongruent","Congruent",127.998875,128.198868,"8*",0.581387,"Correct","Correct","Correct","Correct"
"13",65,"1_2_stimuli","1_1","Congruent","Incongruent","Incongruent","Incongruent",129.998855,130.198854,"1!",0.564927,"Correct","Correct","Correct","Correct"
"13",66,"3_4_stimuli","4_4","Congruent","Congruent","Incongruent","Incongruent",131.998828,132.198835,"4$",0.868551,"Correct","Correct","Correct","Correct"
"13",67,"5_6_stimuli","5_6","Incongruent","Congruent","Congruent","Incongruent",133.998813,134.198814,"6^",0.756505,"Correct","Correct","Correct","Correct"
"13",68,"7_8_stimuli","7_7","Congruent","Incongruent","Congruent","Congruent",135.998803,136.198792,"7&",0.709026,"Correct","Correct","Correct","Correct"
