"Run.Number","Trial.Number","Task","Stimulus","Current.Trial.Type","Previous.Trial.Type","Previous.Trial.Type.N2","Previous.Trial.Type.N3","StimulusOnsetTime","StimulusOffsetTime","Response","RT","Accuracy","PreviousAccuracy","PreviousAccuracy.N2","Previous.Accuracy.N3"
"practice",1,"1_2_stimuli","2_1","Incongruent",NA,NA,NA,2.001653,2.20181,"1!",0.640378,"Correct",NA,NA,NA
"practice",2,"3_4_stimuli","3_4","Incongruent","Incongruent",NA,NA,4.003294,4.203463,"4$",0.831267,"Correct","Correct",NA,NA
"practice",3,"5_6_stimuli","6_5","Incongruent","Incongruent","Incongruent",NA,6.00494,6.20511,"5%",0.797733,"Correct","Correct","Correct",NA
"practice",4,"7_8_stimuli","8_8","Congruent","Incongruent","Incongruent","Incongruent",8.006585,8.206752,"8*",0.699607,"Correct","Correct","Correct","Correct"
"practice",5,"1_2_stimuli","2_2","Congruent","Congruent","Incongruent","Incongruent",10.008241,10.208404,"2@",0.778405,"Correct","Correct","Correct","Correct"
"practice",6,"3_4_stimuli","3_3","Congruent","Congruent","Congruent","Incongruent",12.00988,12.210044,"3#",0.456126,"Correct","Correct","Correct","Correct"
"practice",7,"5_6_stimuli","5_6","Incongruent","Congruent","Congruent","Congruent",13.994846,14.195013,"6^",1.095134,"Correct","Correct","Correct","Correct"
"practice",8,"7_8_stimuli","7_8","Incongruent","Incongruent","Congruent","Congruent",15.996497,16.196666,"8*",0.725504,"Correct","Correct","Correct","Correct"
"practice",9,"1_2_stimuli","1_2","Incongruent","Incongruent","Incongruent","Congruent",17.998137,18.198309,"2@",0.756088,"Correct","Correct","Correct","Correct"
"practice",10,"3_4_stimuli","4_3","Incongruent","Incongruent","Incongruent","Incongruent",19.999798,20.199956,"3#",0.690842,"Correct","Correct","Correct","Correct"
"practice",11,"5_6_stimuli","5_5","Congruent","Incongruent","Incongruent","Incongruent",22.001436,22.201599,"5%",0.768542,"Correct","Correct","Correct","Correct"
"practice",12,"7_8_stimuli","8_7","Incongruent","Congruent","Incongruent","Incongruent",24.003082,24.203244,"7&",0.782983,"Correct","Correct","Correct","Correct"
"practice",13,"1_2_stimuli","1_2","Incongruent","Incongruent","Congruent","Incongruent",26.00473,26.204896,"2@",0.701194,"Correct","Correct","Correct","Correct"
"practice",14,"3_4_stimuli","3_4","Incongruent","Incongruent","Incongruent","Congruent",28.006379,28.206544,"3#",0.811629,"Error","Correct","Correct","Correct"
"practice",15,"5_6_stimuli","6_5","Incongruent","Incongruent","Incongruent","Incongruent",30.008021,30.208195,"5%",1.002537,"Correct","Error","Correct","Correct"
"practice",16,"7_8_stimuli","7_7","Congruent","Incongruent","Incongruent","Incongruent",32.009669,32.20984,"7&",0.6806,"Correct","Correct","Error","Correct"
"practice",17,"1_2_stimuli","1_2","Incongruent","Congruent","Incongruent","Incongruent",33.994636,34.194802,"2@",0.68,"Correct","Correct","Correct","Error"
"practice",18,"3_4_stimuli","3_4","Incongruent","Incongruent","Congruent","Incongruent",35.996287,36.196441,"4$",0.998049,"Correct","Correct","Correct","Correct"
"practice",19,"5_6_stimuli","5_6","Incongruent","Incongruent","Incongruent","Congruent",37.997932,38.198103,"7&",1.028181,"Error","Correct","Correct","Correct"
"practice",20,"7_8_stimuli","8_7","Incongruent","Incongruent","Incongruent","Incongruent",39.999578,40.199743,"7&",0.738917,"Correct","Error","Correct","Correct"
"practice",21,"1_2_stimuli","2_1","Incongruent","Incongruent","Incongruent","Incongruent",42.001226,42.201391,"1!",0.721107,"Correct","Correct","Error","Correct"
"practice",22,"3_4_stimuli","3_3","Congruent","Incongruent","Incongruent","Incongruent",44.002896,44.203035,"3#",0.863146,"Correct","Correct","Correct","Error"
"practice",23,"5_6_stimuli","6_6","Congruent","Congruent","Incongruent","Incongruent",46.004518,46.204683,"6^",1.054054,"Correct","Correct","Correct","Correct"
"practice",24,"7_8_stimuli","7_8","Incongruent","Congruent","Congruent","Incongruent",48.006166,48.206339,"8*",0.603828,"Correct","Correct","Correct","Correct"
"practice",25,"1_2_stimuli","2_1","Incongruent","Incongruent","Congruent","Congruent",50.00781,50.207976,"1!",0.58664,"Correct","Correct","Correct","Correct"
"practice",26,"3_4_stimuli","3_3","Congruent","Incongruent","Incongruent","Congruent",52.009463,52.209622,"3#",0.585106,"Correct","Correct","Correct","Correct"
"practice",27,"5_6_stimuli","6_5","Incongruent","Congruent","Incongruent","Incongruent",53.994431,54.194591,"5%",0.455531,"Correct","Correct","Correct","Correct"
"practice",28,"7_8_stimuli","8_8","Congruent","Incongruent","Congruent","Incongruent",55.996082,56.196233,"8*",0.645893,"Correct","Correct","Correct","Correct"
"practice",29,"1_2_stimuli","1_2","Incongruent","Congruent","Incongruent","Congruent",57.997723,58.197888,"2@",0.644237,"Correct","Correct","Correct","Correct"
"practice",30,"3_4_stimuli","4_4","Congruent","Incongruent","Congruent","Incongruent",59.999374,60.199533,"4$",0.978729,"Correct","Correct","Correct","Correct"
"practice",31,"5_6_stimuli","5_5","Congruent","Congruent","Incongruent","Congruent",62.001014,62.201187,"5%",1.024932,"Correct","Correct","Correct","Correct"
"practice",32,"7_8_stimuli","7_7","Congruent","Congruent","Congruent","Incongruent",64.002658,64.202822,"7&",0.591351,"Correct","Correct","Correct","Correct"
"practice",33,"1_2_stimuli","1_1","Congruent","Congruent","Congruent","Congruent",66.004314,66.204474,"1!",0.669669,"Correct","Correct","Correct","Correct"
"practice",34,"3_4_stimuli","4_4","Congruent","Congruent","Congruent","Congruent",68.005957,68.206119,"5%",0.812548,"Error","Correct","Correct","Correct"
"practice",35,"5_6_stimuli","6_6","Congruent","Congruent","Congruent","Congruent",70.007605,70.207765,"6^",1.114349,"Correct","Error","Correct","Correct"
"practice",36,"7_8_stimuli","8_8","Congruent","Congruent","Congruent","Congruent",72.009247,72.209412,"8*",0.601301,"Correct","Correct","Error","Correct"
"practice",37,"1_2_stimuli","2_1","Incongruent","Congruent","Congruent","Congruent",73.993936,74.194377,"1!",0.648202,"Correct","Correct","Correct","Error"
"practice",38,"3_4_stimuli","3_3","Congruent","Incongruent","Congruent","Congruent",75.995868,76.196017,"3#",0.918574,"Correct","Correct","Correct","Correct"
"practice",39,"5_6_stimuli","6_5","Incongruent","Congruent","Incongruent","Congruent",77.997512,78.197671,"5%",0.772445,"Correct","Correct","Correct","Correct"
"practice",40,"7_8_stimuli","8_7","Incongruent","Incongruent","Congruent","Incongruent",79.999152,80.199317,"7&",0.787257,"Correct","Correct","Correct","Correct"
"practice",41,"1_2_stimuli","2_2","Congruent","Incongruent","Incongruent","Congruent",82.000805,82.200964,"2@",0.593151,"Correct","Correct","Correct","Correct"
"practice",42,"3_4_stimuli","3_4","Incongruent","Congruent","Incongruent","Incongruent",84.002447,84.202613,"4$",0.720225,"Correct","Correct","Correct","Correct"
"practice",43,"5_6_stimuli","5_5","Congruent","Incongruent","Congruent","Incongruent",86.004103,86.204261,"5%",0.973913,"Correct","Correct","Correct","Correct"
"practice",44,"7_8_stimuli","7_8","Incongruent","Congruent","Incongruent","Congruent",88.005745,88.205904,"8*",0.652214,"Correct","Correct","Correct","Correct"
"practice",45,"1_2_stimuli","2_2","Congruent","Incongruent","Congruent","Incongruent",90.007388,90.207552,"2@",0.73103,"Correct","Correct","Correct","Correct"
"practice",46,"3_4_stimuli","4_4","Congruent","Congruent","Incongruent","Congruent",92.009039,92.209197,"4$",0.856912,"Correct","Correct","Correct","Correct"
"practice",47,"5_6_stimuli","5_5","Congruent","Congruent","Congruent","Incongruent",94.010682,94.194162,"5%",0.679925,"Correct","Correct","Correct","Correct"
"practice",48,"7_8_stimuli","8_7","Incongruent","Congruent","Congruent","Congruent",95.995642,96.195814,"7&",0.710775,"Correct","Correct","Correct","Correct"
"practice",49,"1_2_stimuli","1_1","Congruent","Incongruent","Congruent","Congruent",97.997306,98.197463,"1!",0.59661,"Correct","Correct","Correct","Correct"
"practice",50,"3_4_stimuli","4_3","Incongruent","Congruent","Incongruent","Congruent",99.998938,100.199104,"3#",0.723023,"Correct","Correct","Correct","Correct"
"practice",51,"5_6_stimuli","5_6","Incongruent","Incongruent","Congruent","Incongruent",102.000588,102.200753,"5%",0.65881,"Error","Correct","Correct","Correct"
"practice",52,"7_8_stimuli","7_8","Incongruent","Incongruent","Incongruent","Congruent",104.002243,104.202401,"8*",0.719915,"Correct","Error","Correct","Correct"
"practice",53,"1_2_stimuli","1_1","Congruent","Incongruent","Incongruent","Incongruent",106.003884,106.204047,"1!",0.686083,"Correct","Correct","Error","Correct"
"practice",54,"3_4_stimuli","4_4","Congruent","Congruent","Incongruent","Incongruent",108.005531,108.205696,"4$",0.957149,"Correct","Correct","Correct","Error"
"practice",55,"5_6_stimuli","5_6","Incongruent","Congruent","Congruent","Incongruent",110.007174,110.207343,"6^",1.179503,"Correct","Correct","Correct","Correct"
"practice",56,"7_8_stimuli","8_8","Congruent","Incongruent","Congruent","Congruent",112.008823,112.208998,"8*",0.649462,"Correct","Correct","Correct","Correct"
"practice",57,"1_2_stimuli","1_1","Congruent","Congruent","Incongruent","Congruent",114.010468,114.193882,"1!",0.519455,"Correct","Correct","Correct","Correct"
"practice",58,"3_4_stimuli","3_4","Incongruent","Congruent","Congruent","Incongruent",115.995439,116.19561,"4$",0.774966,"Correct","Correct","Correct","Correct"
"practice",59,"5_6_stimuli","6_6","Congruent","Incongruent","Congruent","Congruent",117.997088,118.197249,"6^",0.69278,"Correct","Correct","Correct","Correct"
"practice",60,"7_8_stimuli","7_7","Congruent","Congruent","Incongruent","Congruent",119.998734,120.198903,"7&",0.595693,"Correct","Correct","Correct","Correct"
"practice",61,"1_2_stimuli","2_1","Incongruent","Congruent","Congruent","Incongruent",122.000377,122.200548,"1!",0.51411,"Correct","Correct","Correct","Correct"
"practice",62,"3_4_stimuli","4_3","Incongruent","Incongruent","Congruent","Congruent",124.00204,124.202196,"3#",0.83254,"Correct","Correct","Correct","Correct"
"practice",63,"5_6_stimuli","6_6","Congruent","Incongruent","Incongruent","Congruent",126.003677,126.203837,"6^",1.214456,"Correct","Correct","Correct","Correct"
"practice",64,"7_8_stimuli","7_7","Congruent","Congruent","Incongruent","Incongruent",128.005319,128.205484,"7&",0.765216,"Correct","Correct","Correct","Correct"
"practice",65,"1_2_stimuli","2_2","Congruent","Congruent","Congruent","Incongruent",130.006971,130.207133,"2@",0.715806,"Correct","Correct","Correct","Correct"
"practice",66,"3_4_stimuli","4_3","Incongruent","Congruent","Congruent","Congruent",132.008611,132.208779,"3#",0.649265,"Correct","Correct","Correct","Correct"
"practice",67,"5_6_stimuli","6_5","Incongruent","Incongruent","Congruent","Congruent",134.010258,134.210428,"5%",0.888211,"Correct","Correct","Correct","Correct"
"practice",68,"7_8_stimuli","8_8","Congruent","Incongruent","Incongruent","Congruent",135.995227,136.195387,"8*",0.662672,"Correct","Correct","Correct","Correct"
"1",1,"1_2_stimuli","1_1","Congruent",NA,NA,NA,2.001649,2.20182,"1!",0.681544,"Correct",NA,NA,NA
"1",2,"3_4_stimuli","3_3","Congruent","Congruent",NA,NA,4.003293,4.203462,"3#",0.519894,"Correct","Correct",NA,NA
"1",3,"5_6_stimuli","6_5","Incongruent","Congruent","Congruent",NA,6.004951,6.205108,"5%",0.694355,"Correct","Correct","Correct",NA
"1",4,"7_8_stimuli","8_8","Congruent","Incongruent","Congruent","Congruent",8.00659,8.206754,"8*",0.580481,"Correct","Correct","Correct","Correct"
"1",5,"1_2_stimuli","2_1","Incongruent","Congruent","Incongruent","Congruent",10.008234,10.208403,"1!",0.627037,"Correct","Correct","Correct","Correct"
"1",6,"3_4_stimuli","3_3","Congruent","Incongruent","Congruent","Incongruent",12.009883,12.210054,"3#",0.768974,"Correct","Correct","Correct","Correct"
"1",7,"5_6_stimuli","6_5","Incongruent","Congruent","Incongruent","Congruent",13.994852,14.195018,"5%",0.815865,"Correct","Correct","Correct","Correct"
"1",8,"7_8_stimuli","7_8","Incongruent","Incongruent","Congruent","Incongruent",15.9965,16.196664,"8*",0.622573,"Correct","Correct","Correct","Correct"
"1",9,"1_2_stimuli","2_1","Incongruent","Incongruent","Incongruent","Congruent",17.998147,18.198311,"1!",0.588504,"Correct","Correct","Correct","Correct"
"1",10,"3_4_stimuli","3_4","Incongruent","Incongruent","Incongruent","Incongruent",19.999791,20.199955,"4$",0.52298,"Correct","Correct","Correct","Correct"
"1",11,"5_6_stimuli","6_6","Congruent","Incongruent","Incongruent","Incongruent",22.00144,22.2016,"6^",0.36186,"Correct","Correct","Correct","Correct"
"1",12,"7_8_stimuli","8_7","Incongruent","Congruent","Incongruent","Incongruent",24.003082,24.203246,"7&",0.343548,"Correct","Correct","Correct","Correct"
"1",13,"1_2_stimuli","1_2","Incongruent","Incongruent","Congruent","Incongruent",26.004732,26.204895,"2@",0.821889,"Correct","Correct","Correct","Correct"
"1",14,"3_4_stimuli","3_3","Congruent","Incongruent","Incongruent","Congruent",28.006384,28.206547,"3#",0.452851,"Correct","Correct","Correct","Correct"
"1",15,"5_6_stimuli","5_5","Congruent","Congruent","Incongruent","Incongruent",30.008025,30.208191,"5%",0.851416,"Correct","Correct","Correct","Correct"
"1",16,"7_8_stimuli","7_7","Congruent","Congruent","Congruent","Incongruent",32.009675,32.209843,"7&",0.673446,"Correct","Correct","Correct","Correct"
"1",17,"1_2_stimuli","2_2","Congruent","Congruent","Congruent","Congruent",33.994602,34.194815,"2@",0.656561,"Correct","Correct","Correct","Correct"
"1",18,"3_4_stimuli","4_4","Congruent","Congruent","Congruent","Congruent",35.996295,36.196452,"3#",0.62298,"Error","Correct","Correct","Correct"
"1",19,"5_6_stimuli","6_5","Incongruent","Congruent","Congruent","Congruent",37.997946,38.198103,"5%",0.812916,"Correct","Error","Correct","Correct"
"1",20,"7_8_stimuli","7_8","Incongruent","Incongruent","Congruent","Congruent",39.999586,40.19975,"8*",0.667803,"Correct","Correct","Error","Correct"
"1",21,"1_2_stimuli","2_2","Congruent","Incongruent","Incongruent","Congruent",42.001228,42.201391,"2@",0.665426,"Correct","Correct","Correct","Error"
"1",22,"3_4_stimuli","3_4","Incongruent","Congruent","Incongruent","Incongruent",44.002881,44.20304,"4$",0.823771,"Correct","Correct","Correct","Correct"
"1",23,"5_6_stimuli","6_6","Congruent","Incongruent","Congruent","Incongruent",46.004522,46.204684,"7&",0.982693,"Error","Correct","Correct","Correct"
"1",24,"7_8_stimuli","8_8","Congruent","Congruent","Incongruent","Congruent",48.006168,48.206331,"8*",0.724929,"Correct","Error","Correct","Correct"
"1",25,"1_2_stimuli","1_1","Congruent","Congruent","Congruent","Incongruent",50.007811,50.207976,"1!",0.594824,"Correct","Correct","Error","Correct"
"1",26,"3_4_stimuli","4_3","Incongruent","Congruent","Congruent","Congruent",52.009466,52.209627,"3#",0.625454,"Correct","Correct","Correct","Error"
"1",27,"5_6_stimuli","5_5","Congruent","Incongruent","Congruent","Congruent",53.99442,54.194596,"5%",0.832605,"Correct","Correct","Correct","Correct"
"1",28,"7_8_stimuli","8_7","Incongruent","Congruent","Incongruent","Congruent",55.996077,56.196244,"7&",0.751052,"Correct","Correct","Correct","Correct"
"1",29,"1_2_stimuli","1_1","Congruent","Incongruent","Congruent","Incongruent",57.997724,58.197896,"1!",0.588879,"Correct","Correct","Correct","Correct"
"1",30,"3_4_stimuli","3_4","Incongruent","Congruent","Incongruent","Congruent",59.999372,60.199536,"4$",0.923274,"Correct","Correct","Correct","Correct"
"1",31,"5_6_stimuli","6_5","Incongruent","Incongruent","Congruent","Incongruent",62.001014,62.20119,"5%",0.633665,"Correct","Correct","Correct","Correct"
"1",32,"7_8_stimuli","8_8","Congruent","Incongruent","Incongruent","Congruent",64.002659,64.202831,"8*",0.648248,"Correct","Correct","Correct","Correct"
"1",33,"1_2_stimuli","1_2","Incongruent","Congruent","Incongruent","Incongruent",66.004316,66.204471,"2@",0.790321,"Correct","Correct","Correct","Correct"
"1",34,"3_4_stimuli","4_3","Incongruent","Incongruent","Congruent","Incongruent",68.005959,68.206123,"3#",0.581037,"Correct","Correct","Correct","Correct"
"1",35,"5_6_stimuli","5_5","Congruent","Incongruent","Incongruent","Congruent",70.0076,70.207769,"5%",0.707574,"Correct","Correct","Correct","Correct"
"1",36,"7_8_stimuli","8_8","Congruent","Congruent","Incongruent","Incongruent",72.009251,72.20942,"8*",0.657898,"Correct","Correct","Correct","Correct"
"1",37,"1_2_stimuli","1_2","Incongruent","Congruent","Congruent","Incongruent",73.994137,74.194381,"2@",0.576508,"Correct","Correct","Correct","Correct"
"1",38,"3_4_stimuli","3_3","Congruent","Incongruent","Congruent","Congruent",75.99586,76.196023,"3#",0.542845,"Correct","Correct","Correct","Correct"
"1",39,"5_6_stimuli","6_6","Congruent","Congruent","Incongruent","Congruent",77.997511,78.197674,"5%",0.861132,"Error","Correct","Correct","Correct"
"1",40,"7_8_stimuli","7_8","Incongruent","Congruent","Congruent","Incongruent",79.999155,80.199323,"8*",0.7801,"Correct","Error","Correct","Correct"
"1",41,"1_2_stimuli","2_1","Incongruent","Incongruent","Congruent","Congruent",82.000804,82.200974,"1!",0.650327,"Correct","Correct","Error","Correct"
"1",42,"3_4_stimuli","4_3","Incongruent","Incongruent","Incongruent","Congruent",84.002451,84.20262,"3#",0.680706,"Correct","Correct","Correct","Error"
"1",43,"5_6_stimuli","5_6","Incongruent","Incongruent","Incongruent","Incongruent",86.004107,86.204264,"6^",1.031066,"Correct","Correct","Correct","Correct"
"1",44,"7_8_stimuli","7_7","Congruent","Incongruent","Incongruent","Incongruent",88.005753,88.205914,"7&",0.629147,"Correct","Correct","Correct","Correct"
"1",45,"1_2_stimuli","2_2","Congruent","Congruent","Incongruent","Incongruent",90.007391,90.207563,"2@",0.61178,"Correct","Correct","Correct","Correct"
"1",46,"3_4_stimuli","4_4","Congruent","Congruent","Congruent","Incongruent",92.009045,92.209202,"4$",0.753792,"Correct","Correct","Correct","Correct"
"1",47,"5_6_stimuli","6_6","Congruent","Congruent","Congruent","Congruent",93.993731,94.194171,"6^",1.040953,"Correct","Correct","Correct","Correct"
"1",48,"7_8_stimuli","7_8","Incongruent","Congruent","Congruent","Congruent",95.995653,96.195822,"8*",0.750992,"Correct","Correct","Correct","Correct"
"1",49,"1_2_stimuli","2_2","Congruent","Incongruent","Congruent","Congruent",97.997302,98.197463,"2@",0.669319,"Correct","Correct","Correct","Correct"
"1",50,"3_4_stimuli","4_4","Congruent","Congruent","Incongruent","Congruent",99.998942,100.199113,"4$",0.924186,"Correct","Correct","Correct","Correct"
"1",51,"5_6_stimuli","5_6","Incongruent","Congruent","Congruent","Incongruent",102.000598,102.200761,"6^",0.937957,"Correct","Correct","Correct","Correct"
"1",52,"7_8_stimuli","7_7","Congruent","Incongruent","Congruent","Congruent",104.00224,104.2024,"7&",0.552967,"Correct","Correct","Correct","Correct"
"1",53,"1_2_stimuli","1_1","Congruent","Congruent","Incongruent","Congruent",106.003884,106.20406,"1!",0.470772,"Correct","Correct","Correct","Correct"
"1",54,"3_4_stimuli","4_3","Incongruent","Congruent","Congruent","Incongruent",108.00553,108.205697,"3#",0.821357,"Correct","Correct","Correct","Correct"
"1",55,"5_6_stimuli","6_5","Incongruent","Incongruent","Congruent","Congruent",110.007181,110.207343,"5%",0.979878,"Correct","Correct","Correct","Correct"
"1",56,"7_8_stimuli","8_7","Incongruent","Incongruent","Incongruent","Congruent",112.008831,112.208989,"7&",1.010237,"Correct","Correct","Correct","Correct"
"1",57,"1_2_stimuli","1_1","Congruent","Incongruent","Incongruent","Incongruent",114.010473,114.193883,"1!",0.560047,"Correct","Correct","Correct","Correct"
"1",58,"3_4_stimuli","3_3","Congruent","Congruent","Incongruent","Incongruent",115.995438,116.195614,"3#",0.783845,"Correct","Correct","Correct","Correct"
"1",59,"5_6_stimuli","5_5","Congruent","Congruent","Congruent","Incongruent",117.997088,118.197252,"4$",0.717518,"Error","Correct","Correct","Correct"
"1",60,"7_8_stimuli","8_8","Congruent","Congruent","Congruent","Congruent",119.998735,120.198896,"8*",0.603884,"Correct","Error","Correct","Correct"
"1",61,"1_2_stimuli","1_2","Incongruent","Congruent","Congruent","Congruent",122.00039,122.200552,"2@",0.650561,"Correct","Correct","Error","Correct"
"1",62,"3_4_stimuli","3_4","Incongruent","Incongruent","Congruent","Congruent",124.002036,124.202189,"4$",0.777135,"Correct","Correct","Correct","Error"
"1",63,"5_6_stimuli","5_6","Incongruent","Incongruent","Incongruent","Congruent",126.003672,126.203837,"7&",0.88686,"Error","Correct","Correct","Correct"
"1",64,"7_8_stimuli","8_7","Incongruent","Incongruent","Incongruent","Incongruent",128.00532,128.205489,"7&",0.949262,"Correct","Error","Correct","Correct"
"1",65,"1_2_stimuli","2_1","Incongruent","Incongruent","Incongruent","Incongruent",130.006966,130.207135,"1!",0.627778,"Correct","Correct","Error","Correct"
"1",66,"3_4_stimuli","4_4","Congruent","Incongruent","Incongruent","Incongruent",132.008615,132.208784,"4$",0.850606,"Correct","Correct","Correct","Error"
"1",67,"5_6_stimuli","5_6","Incongruent","Congruent","Incongruent","Incongruent",134.010261,134.210434,"6^",1.361232,"Correct","Correct","Correct","Correct"
"1",68,"7_8_stimuli","7_7","Congruent","Incongruent","Congruent","Incongruent",135.995223,136.195385,"7&",0.688477,"Correct","Correct","Correct","Correct"
"2",1,"1_2_stimuli","1_2","Incongruent",NA,NA,NA,2.00165,2.201821,"3#",0.747216,"Error",NA,NA,NA
"2",2,"3_4_stimuli","4_3","Incongruent","Incongruent",NA,NA,4.003291,4.203463,"3#",0.921198,"Correct","Error",NA,NA
"2",3,"5_6_stimuli","5_6","Incongruent","Incongruent","Incongruent",NA,6.004942,6.205105,"6^",1.015951,"Correct","Correct","Error",NA
"2",4,"7_8_stimuli","8_7","Incongruent","Incongruent","Incongruent","Incongruent",8.006593,8.206761,"7&",0.82251,"Correct","Correct","Correct","Error"
"2",5,"1_2_stimuli","1_2","Incongruent","Incongruent","Incongruent","Incongruent",10.008235,10.208407,"2@",0.661145,"Correct","Correct","Correct","Correct"
"2",6,"3_4_stimuli","4_4","Congruent","Incongruent","Incongruent","Incongruent",12.009879,12.210048,"4$",0.818634,"Correct","Correct","Correct","Correct"
"2",7,"5_6_stimuli","5_5","Congruent","Congruent","Incongruent","Incongruent",13.994854,14.195018,"5%",1.233648,"Correct","Correct","Correct","Correct"
"2",8,"7_8_stimuli","7_7","Congruent","Congruent","Congruent","Incongruent",15.996497,16.196667,"7&",0.48027,"Correct","Correct","Correct","Correct"
"2",9,"1_2_stimuli","1_1","Congruent","Congruent","Congruent","Congruent",17.998142,18.198314,"1!",0.574867,"Correct","Correct","Correct","Correct"
"2",10,"3_4_stimuli","3_4","Incongruent","Congruent","Congruent","Congruent",19.999789,20.199953,"4$",0.829312,"Correct","Correct","Correct","Correct"
"2",11,"5_6_stimuli","6_5","Incongruent","Incongruent","Congruent","Congruent",22.001436,22.201603,"5%",1.051129,"Correct","Correct","Correct","Correct"
"2",12,"7_8_stimuli","7_8","Incongruent","Incongruent","Incongruent","Congruent",24.003086,24.203251,"Omission",5000,"Omission","Correct","Correct","Correct"
"2",13,"1_2_stimuli","2_2","Congruent","Incongruent","Incongruent","Incongruent",26.00474,26.204899,"Omission",5000,"Omission","Omission","Correct","Correct"
"2",14,"3_4_stimuli","4_3","Incongruent","Congruent","Incongruent","Incongruent",28.006381,28.206547,"3#",0.918536,"Correct","Omission","Omission","Correct"
"2",15,"5_6_stimuli","6_6","Congruent","Incongruent","Congruent","Incongruent",30.008025,30.208188,"6^",1.22074,"Correct","Correct","Omission","Omission"
"2",16,"7_8_stimuli","8_8","Congruent","Congruent","Incongruent","Congruent",32.009675,32.209834,"Omission",5000,"Omission","Correct","Correct","Omission"
"2",17,"1_2_stimuli","2_2","Congruent","Congruent","Congruent","Incongruent",33.994644,34.194798,"Omission",5000,"Omission","Omission","Correct","Correct"
"2",18,"3_4_stimuli","3_3","Congruent","Congruent","Congruent","Congruent",35.996292,36.196449,"3#",0.848818,"Correct","Omission","Omission","Correct"
"2",19,"5_6_stimuli","5_6","Incongruent","Congruent","Congruent","Congruent",37.997937,38.198097,"Omission",5000,"Omission","Correct","Omission","Omission"
"2",20,"7_8_stimuli","7_8","Incongruent","Incongruent","Congruent","Congruent",39.999589,40.199745,"8*",0.749722,"Correct","Omission","Correct","Omission"
"2",21,"1_2_stimuli","1_1","Congruent","Incongruent","Incongruent","Congruent",42.001244,42.201393,"1!",0.715249,"Correct","Correct","Omission","Correct"
"2",22,"3_4_stimuli","4_4","Congruent","Congruent","Incongruent","Incongruent",44.002877,44.203043,"4$",0.809773,"Correct","Correct","Correct","Omission"
"2",23,"5_6_stimuli","5_6","Incongruent","Congruent","Congruent","Incongruent",46.004521,46.204681,"6^",1.41654,"Correct","Correct","Correct","Correct"
"2",24,"7_8_stimuli","7_7","Congruent","Incongruent","Congruent","Congruent",48.006167,48.206331,"7&",0.582456,"Correct","Correct","Correct","Correct"
"2",25,"1_2_stimuli","1_1","Congruent","Congruent","Incongruent","Congruent",50.007811,50.207981,"1!",0.645117,"Correct","Correct","Correct","Correct"
"2",26,"3_4_stimuli","4_3","Incongruent","Congruent","Congruent","Incongruent",52.009466,52.209622,"3#",0.675413,"Correct","Correct","Correct","Correct"
"2",27,"5_6_stimuli","5_5","Congruent","Incongruent","Congruent","Congruent",53.994428,54.194587,"5%",0.80267,"Correct","Correct","Correct","Correct"
"2",28,"7_8_stimuli","8_7","Incongruent","Congruent","Incongruent","Congruent",55.996081,56.196246,"7&",0.720422,"Correct","Correct","Correct","Correct"
"2",29,"1_2_stimuli","1_2","Incongruent","Incongruent","Congruent","Incongruent",57.997723,58.197884,"3#",0.879235,"Error","Correct","Correct","Correct"
"2",30,"3_4_stimuli","4_4","Congruent","Incongruent","Incongruent","Congruent",59.999368,60.199539,"4$",1.005298,"Correct","Error","Correct","Correct"
"2",31,"5_6_stimuli","6_5","Incongruent","Congruent","Incongruent","Incongruent",62.001013,62.201179,"5%",0.955441,"Correct","Correct","Error","Correct"
"2",32,"7_8_stimuli","7_7","Congruent","Incongruent","Congruent","Incongruent",64.002659,64.202827,"7&",0.681831,"Correct","Correct","Correct","Error"
"2",33,"1_2_stimuli","2_1","Incongruent","Congruent","Incongruent","Congruent",66.00431,66.204476,"1!",0.664142,"Correct","Correct","Correct","Correct"
"2",34,"3_4_stimuli","3_3","Congruent","Incongruent","Congruent","Incongruent",68.005952,68.206116,"3#",0.790723,"Correct","Correct","Correct","Correct"
"2",35,"5_6_stimuli","6_5","Incongruent","Congruent","Incongruent","Congruent",70.007602,70.20777,"5%",1.028919,"Correct","Correct","Correct","Correct"
"2",36,"7_8_stimuli","8_7","Incongruent","Incongruent","Congruent","Incongruent",72.009249,72.209416,"7&",1.267234,"Correct","Correct","Correct","Correct"
"2",37,"1_2_stimuli","2_1","Incongruent","Incongruent","Incongruent","Congruent",73.993936,74.194378,"1!",0.642581,"Correct","Correct","Correct","Correct"
"2",38,"3_4_stimuli","3_4","Incongruent","Incongruent","Incongruent","Incongruent",75.995858,76.196025,"4$",0.784814,"Correct","Correct","Correct","Correct"
"2",39,"5_6_stimuli","6_6","Congruent","Incongruent","Incongruent","Incongruent",77.997508,78.197674,"6^",0.991761,"Correct","Correct","Correct","Correct"
"2",40,"7_8_stimuli","8_8","Congruent","Congruent","Incongruent","Incongruent",79.999154,80.199317,"8*",1.05366,"Correct","Correct","Correct","Correct"
"2",41,"1_2_stimuli","1_2","Incongruent","Congruent","Congruent","Incongruent",82.000803,82.200988,"2@",0.700228,"Correct","Correct","Correct","Correct"
"2",42,"3_4_stimuli","4_3","Incongruent","Incongruent","Congruent","Congruent",84.002448,84.202614,"3#",0.826052,"Correct","Correct","Correct","Correct"
"2",43,"5_6_stimuli","5_5","Congruent","Incongruent","Incongruent","Congruent",86.004098,86.20426,"5%",0.984392,"Correct","Correct","Correct","Correct"
"2",44,"7_8_stimuli","8_7","Incongruent","Congruent","Incongruent","Incongruent",88.005747,88.205905,"8*",1.111238,"Error","Correct","Correct","Correct"
"2",45,"1_2_stimuli","1_1","Congruent","Incongruent","Congruent","Incongruent",90.007393,90.207551,"1!",0.629549,"Correct","Error","Correct","Correct"
"2",46,"3_4_stimuli","3_4","Incongruent","Congruent","Incongruent","Congruent",92.009034,92.20921,"4$",0.771868,"Correct","Correct","Error","Correct"
"2",47,"5_6_stimuli","5_6","Incongruent","Incongruent","Congruent","Incongruent",94.010682,94.194164,"6^",1.058037,"Correct","Correct","Correct","Error"
"2",48,"7_8_stimuli","8_8","Congruent","Incongruent","Incongruent","Congruent",95.995651,96.195813,"8*",0.785378,"Correct","Correct","Correct","Correct"
"2",49,"1_2_stimuli","2_2","Congruent","Congruent","Incongruent","Incongruent",97.997296,98.197467,"2@",0.815175,"Correct","Correct","Correct","Correct"
"2",50,"3_4_stimuli","3_3","Congruent","Congruent","Congruent","Incongruent",99.998949,100.199108,"3#",0.58958,"Correct","Correct","Correct","Correct"
"2",51,"5_6_stimuli","5_5","Congruent","Congruent","Congruent","Congruent",102.000593,102.200759,"5%",0.859965,"Correct","Correct","Correct","Correct"
"2",52,"7_8_stimuli","8_8","Congruent","Congruent","Congruent","Congruent",104.002239,104.2024,"8*",0.650389,"Correct","Correct","Correct","Correct"
"2",53,"1_2_stimuli","1_2","Incongruent","Congruent","Congruent","Congruent",106.003888,106.204057,"2@",0.664552,"Correct","Correct","Correct","Correct"
"2",54,"3_4_stimuli","3_3","Congruent","Incongruent","Congruent","Congruent",108.005529,108.205691,"3#",0.871127,"Correct","Correct","Correct","Correct"
"2",55,"5_6_stimuli","6_6","Congruent","Congruent","Incongruent","Congruent",110.007177,110.207341,"Omission",5000,"Omission","Correct","Correct","Correct"
"2",56,"7_8_stimuli","8_7","Incongruent","Congruent","Congruent","Incongruent",112.008827,112.208991,"7&",0.756243,"Correct","Omission","Correct","Correct"
"2",57,"1_2_stimuli","2_2","Congruent","Incongruent","Congruent","Congruent",114.01048,114.193882,"2@",0.721989,"Correct","Correct","Omission","Correct"
"2",58,"3_4_stimuli","4_4","Congruent","Congruent","Incongruent","Congruent",115.995445,116.195613,"4$",0.976987,"Correct","Correct","Correct","Omission"
"2",59,"5_6_stimuli","6_6","Congruent","Congruent","Congruent","Incongruent",117.997093,118.197257,"6^",1.055418,"Correct","Correct","Correct","Correct"
"2",60,"7_8_stimuli","7_8","Incongruent","Congruent","Congruent","Congruent",119.998735,120.198895,"8*",0.958089,"Correct","Correct","Correct","Correct"
"2",61,"1_2_stimuli","2_1","Incongruent","Incongruent","Congruent","Congruent",122.000385,122.200546,"1!",0.876309,"Correct","Correct","Correct","Correct"
"2",62,"3_4_stimuli","4_3","Incongruent","Incongruent","Incongruent","Congruent",124.002022,124.20219,"3#",0.858567,"Correct","Correct","Correct","Correct"
"2",63,"5_6_stimuli","6_5","Incongruent","Incongruent","Incongruent","Incongruent",126.00367,126.203836,"5%",0.841149,"Correct","Correct","Correct","Correct"
"2",64,"7_8_stimuli","7_7","Congruent","Incongruent","Incongruent","Incongruent",128.00532,128.205488,"7&",1.191586,"Correct","Correct","Correct","Correct"
"2",65,"1_2_stimuli","2_1","Incongruent","Congruent","Incongruent","Incongruent",130.006972,130.207131,"1!",0.725786,"Correct","Correct","Correct","Correct"
"2",66,"3_4_stimuli","3_4","Incongruent","Incongruent","Congruent","Incongruent",132.008618,132.20878,"4$",0.739832,"Correct","Correct","Correct","Correct"
"2",67,"5_6_stimuli","5_6","Incongruent","Incongruent","Incongruent","Congruent",134.010259,134.210424,"6^",0.434767,"Correct","Correct","Correct","Correct"
"2",68,"7_8_stimuli","7_8","Incongruent","Incongruent","Incongruent","Incongruent",135.995225,136.195391,"8*",0.753851,"Correct","Correct","Correct","Correct"
"3",1,"1_2_stimuli","2_1","Incongruent",NA,NA,NA,2.001648,2.201819,"1!",0.672628,"Correct",NA,NA,NA
"3",2,"3_4_stimuli","3_3","Congruent","Incongruent",NA,NA,4.003293,4.203459,"3#",0.638264,"Correct","Correct",NA,NA
"3",3,"5_6_stimuli","5_5","Congruent","Congruent","Incongruent",NA,6.004936,6.205105,"5%",0.95716,"Correct","Correct","Correct",NA
"3",4,"7_8_stimuli","7_7","Congruent","Congruent","Congruent","Incongruent",8.006589,8.206752,"7&",0.714964,"Correct","Correct","Correct","Correct"
"3",5,"1_2_stimuli","1_1","Congruent","Congruent","Congruent","Congruent",10.008236,10.208406,"1!",0.617326,"Correct","Correct","Correct","Correct"
"3",6,"3_4_stimuli","4_3","Incongruent","Congruent","Congruent","Congruent",12.00988,12.210047,"3#",0.600335,"Correct","Correct","Correct","Correct"
"3",7,"5_6_stimuli","6_6","Congruent","Incongruent","Congruent","Congruent",13.994853,14.195021,"6^",1.238741,"Correct","Correct","Correct","Correct"
"3",8,"7_8_stimuli","8_7","Incongruent","Congruent","Incongruent","Congruent",15.996496,16.196652,"7&",0.757428,"Correct","Correct","Correct","Correct"
"3",9,"1_2_stimuli","1_1","Congruent","Incongruent","Congruent","Incongruent",17.99815,18.198304,"1!",0.691988,"Correct","Correct","Correct","Correct"
"3",10,"3_4_stimuli","4_3","Incongruent","Congruent","Incongruent","Congruent",19.999791,20.199954,"3#",0.625802,"Correct","Correct","Correct","Correct"
"3",11,"5_6_stimuli","6_6","Congruent","Incongruent","Congruent","Incongruent",22.001435,22.201593,"6^",1.168232,"Correct","Correct","Correct","Correct"
"3",12,"7_8_stimuli","7_7","Congruent","Congruent","Incongruent","Congruent",24.003082,24.203248,"7&",0.59057,"Correct","Correct","Correct","Correct"
"3",13,"1_2_stimuli","1_1","Congruent","Congruent","Congruent","Incongruent",26.004727,26.2049,"1!",0.637388,"Correct","Correct","Correct","Correct"
"3",14,"3_4_stimuli","3_3","Congruent","Congruent","Congruent","Congruent",28.006384,28.206541,"3#",0.571143,"Correct","Correct","Correct","Correct"
"3",15,"5_6_stimuli","5_6","Incongruent","Congruent","Congruent","Congruent",30.008029,30.208183,"6^",1.065501,"Correct","Correct","Correct","Correct"
"3",16,"7_8_stimuli","7_8","Incongruent","Incongruent","Congruent","Congruent",32.009672,32.209839,"8*",0.744181,"Correct","Correct","Correct","Correct"
"3",17,"1_2_stimuli","2_1","Incongruent","Incongruent","Incongruent","Congruent",33.994634,34.194803,"1!",0.582901,"Correct","Correct","Correct","Correct"
"3",18,"3_4_stimuli","4_4","Congruent","Incongruent","Incongruent","Incongruent",35.996303,36.196449,"4$",0.80562,"Correct","Correct","Correct","Correct"
"3",19,"5_6_stimuli","6_5","Incongruent","Congruent","Incongruent","Incongruent",37.997927,38.198104,"5%",0.435965,"Correct","Correct","Correct","Correct"
"3",20,"7_8_stimuli","7_7","Congruent","Incongruent","Congruent","Incongruent",39.999581,40.199742,"7&",0.577985,"Correct","Correct","Correct","Correct"
"3",21,"1_2_stimuli","1_1","Congruent","Congruent","Incongruent","Congruent",42.001224,42.201392,"1!",0.448282,"Correct","Correct","Correct","Correct"
"3",22,"3_4_stimuli","3_3","Congruent","Congruent","Congruent","Incongruent",44.002865,44.203037,"3#",0.718848,"Correct","Correct","Correct","Correct"
"3",23,"5_6_stimuli","5_5","Congruent","Congruent","Congruent","Congruent",46.004518,46.204679,"5%",0.733598,"Correct","Correct","Correct","Correct"
"3",24,"7_8_stimuli","8_7","Incongruent","Congruent","Congruent","Congruent",48.006162,48.206329,"7&",0.603277,"Correct","Correct","Correct","Correct"
"3",25,"1_2_stimuli","1_2","Incongruent","Incongruent","Congruent","Congruent",50.007816,50.207976,"2@",0.777987,"Correct","Correct","Correct","Correct"
"3",26,"3_4_stimuli","4_3","Incongruent","Incongruent","Incongruent","Congruent",52.009463,52.20963,"3#",0.52009,"Correct","Correct","Correct","Correct"
"3",27,"5_6_stimuli","6_5","Incongruent","Incongruent","Incongruent","Incongruent",53.994428,54.194593,"5%",0.999087,"Correct","Correct","Correct","Correct"
"3",28,"7_8_stimuli","7_8","Incongruent","Incongruent","Incongruent","Incongruent",55.996072,56.19624,"7&",0.662013,"Error","Correct","Correct","Correct"
"3",29,"1_2_stimuli","2_2","Congruent","Incongruent","Incongruent","Incongruent",57.997724,58.197891,"2@",0.708424,"Correct","Error","Correct","Correct"
"3",30,"3_4_stimuli","4_3","Incongruent","Congruent","Incongruent","Incongruent",59.999369,60.199548,"3#",0.546195,"Correct","Correct","Error","Correct"
"3",31,"5_6_stimuli","5_6","Incongruent","Incongruent","Congruent","Incongruent",62.001016,62.201174,"6^",1.217324,"Correct","Correct","Correct","Error"
"3",32,"7_8_stimuli","7_7","Congruent","Incongruent","Incongruent","Congruent",64.002656,64.202824,"7&",0.558811,"Correct","Correct","Correct","Correct"
"3",33,"1_2_stimuli","2_2","Congruent","Congruent","Incongruent","Incongruent",66.004302,66.20447,"2@",0.73368,"Correct","Correct","Correct","Correct"
"3",34,"3_4_stimuli","3_4","Incongruent","Congruent","Congruent","Incongruent",68.005954,68.20612,"4$",0.779806,"Correct","Correct","Correct","Correct"
"3",35,"5_6_stimuli","6_5","Incongruent","Incongruent","Congruent","Congruent",70.007603,70.207761,"5%",0.505952,"Correct","Correct","Correct","Correct"
"3",36,"7_8_stimuli","8_7","Incongruent","Incongruent","Incongruent","Congruent",72.009244,72.20941,"7&",0.536415,"Correct","Correct","Correct","Correct"
"3",37,"1_2_stimuli","1_2","Incongruent","Incongruent","Incongruent","Incongruent",73.994134,74.194384,"2@",0.759837,"Correct","Correct","Correct","Correct"
"3",38,"3_4_stimuli","3_4","Incongruent","Incongruent","Incongruent","Incongruent",75.995864,76.196024,"4$",0.870402,"Correct","Correct","Correct","Correct"
"3",39,"5_6_stimuli","5_5","Congruent","Incongruent","Incongruent","Incongruent",77.997503,78.197677,"5%",0.356172,"Correct","Correct","Correct","Correct"
"3",40,"7_8_stimuli","8_8","Congruent","Congruent","Incongruent","Incongruent",79.999149,80.199318,"8*",0.658547,"Correct","Correct","Correct","Correct"
"3",41,"1_2_stimuli","1_2","Incongruent","Congruent","Congruent","Incongruent",82.000805,82.200966,"2@",0.768737,"Correct","Correct","Correct","Correct"
"3",42,"3_4_stimuli","3_4","Incongruent","Incongruent","Congruent","Congruent",84.002444,84.202606,"4$",0.911228,"Correct","Correct","Correct","Correct"
"3",43,"5_6_stimuli","5_6","Incongruent","Incongruent","Incongruent","Congruent",86.004093,86.204257,"6^",0.925402,"Correct","Correct","Correct","Correct"
"3",44,"7_8_stimuli","8_8","Congruent","Incongruent","Incongruent","Incongruent",88.005739,88.205909,"8*",0.668307,"Correct","Correct","Correct","Correct"
"3",45,"1_2_stimuli","2_1","Incongruent","Congruent","Incongruent","Incongruent",90.00739,90.207548,"1!",0.858668,"Correct","Correct","Correct","Correct"
"3",46,"3_4_stimuli","3_4","Incongruent","Incongruent","Congruent","Incongruent",92.009036,92.209205,"4$",0.873011,"Correct","Correct","Correct","Correct"
"3",47,"5_6_stimuli","6_6","Congruent","Incongruent","Incongruent","Congruent",93.993717,94.194161,"6^",0.871768,"Correct","Correct","Correct","Correct"
"3",48,"7_8_stimuli","7_8","Incongruent","Congruent","Incongruent","Incongruent",95.995653,96.195813,"8*",0.646333,"Correct","Correct","Correct","Correct"
"3",49,"1_2_stimuli","1_2","Incongruent","Incongruent","Congruent","Incongruent",97.997299,98.197455,"2@",0.708901,"Correct","Correct","Correct","Correct"
"3",50,"3_4_stimuli","4_4","Congruent","Incongruent","Incongruent","Congruent",99.99894,100.199104,"4$",0.691135,"Correct","Correct","Correct","Correct"
"3",51,"5_6_stimuli","5_5","Congruent","Congruent","Incongruent","Incongruent",102.000593,102.200752,"5%",0.337551,"Correct","Correct","Correct","Correct"
"3",52,"7_8_stimuli","7_7","Congruent","Congruent","Congruent","Incongruent",104.002239,104.202394,"7&",0.671237,"Correct","Correct","Correct","Correct"
"3",53,"1_2_stimuli","2_1","Incongruent","Congruent","Congruent","Congruent",106.003886,106.204043,"1!",0.494209,"Correct","Correct","Correct","Correct"
"3",54,"3_4_stimuli","3_3","Congruent","Incongruent","Congruent","Congruent",108.005526,108.205694,"3#",0.764522,"Correct","Correct","Correct","Correct"
"3",55,"5_6_stimuli","6_5","Incongruent","Congruent","Incongruent","Congruent",110.007176,110.207337,"5%",0.858866,"Correct","Correct","Correct","Correct"
"3",56,"7_8_stimuli","8_7","Incongruent","Incongruent","Congruent","Incongruent",112.008824,112.208992,"7&",0.776868,"Correct","Correct","Correct","Correct"
"3",57,"1_2_stimuli","2_2","Congruent","Incongruent","Incongruent","Congruent",114.010476,114.193872,"2@",0.647045,"Correct","Correct","Correct","Correct"
"3",58,"3_4_stimuli","4_4","Congruent","Congruent","Incongruent","Incongruent",115.99544,116.195608,"4$",0.630037,"Correct","Correct","Correct","Correct"
"3",59,"5_6_stimuli","5_6","Incongruent","Congruent","Congruent","Incongruent",117.997085,118.197247,"6^",0.932596,"Correct","Correct","Correct","Correct"
"3",60,"7_8_stimuli","8_8","Congruent","Incongruent","Congruent","Congruent",119.998732,120.198897,"8*",0.690908,"Correct","Correct","Correct","Correct"
"3",61,"1_2_stimuli","2_1","Incongruent","Congruent","Incongruent","Congruent",122.000379,122.200538,"2@",0.513066,"Error","Correct","Correct","Correct"
"3",62,"3_4_stimuli","3_3","Congruent","Incongruent","Congruent","Incongruent",124.002023,124.202191,"3#",0.64,"Correct","Error","Correct","Correct"
"3",63,"5_6_stimuli","5_5","Congruent","Congruent","Incongruent","Congruent",126.003673,126.203836,"5%",0.909807,"Correct","Correct","Error","Correct"
"3",64,"7_8_stimuli","7_8","Incongruent","Congruent","Congruent","Incongruent",128.005322,128.205479,"8*",0.62012,"Correct","Correct","Correct","Error"
"3",65,"1_2_stimuli","2_2","Congruent","Incongruent","Congruent","Congruent",130.006967,130.207126,"2@",0.76301,"Correct","Correct","Correct","Correct"
"3",66,"3_4_stimuli","4_4","Congruent","Congruent","Incongruent","Congruent",132.008607,132.208784,"4$",1.113056,"Correct","Correct","Correct","Correct"
"3",67,"5_6_stimuli","6_6","Congruent","Congruent","Congruent","Incongruent",134.010262,134.193468,"7&",1.287889,"Error","Correct","Correct","Correct"
"3",68,"7_8_stimuli","8_8","Congruent","Congruent","Congruent","Congruent",135.995227,136.195388,"8*",0.678387,"Correct","Error","Correct","Correct"
"4",1,"1_2_stimuli","1_1","Congruent",NA,NA,NA,2.001637,2.201801,"1!",0.603063,"Correct",NA,NA,NA
"4",2,"3_4_stimuli","3_3","Congruent","Congruent",NA,NA,4.003283,4.203448,"3#",0.729451,"Correct","Correct",NA,NA
"4",3,"5_6_stimuli","5_6","Incongruent","Congruent","Congruent",NA,6.00493,6.205101,"6^",1.079992,"Correct","Correct","Correct",NA
"4",4,"7_8_stimuli","8_7","Incongruent","Incongruent","Congruent","Congruent",8.006577,8.206744,"7&",0.853898,"Correct","Correct","Correct","Correct"
"4",5,"1_2_stimuli","1_2","Incongruent","Incongruent","Incongruent","Congruent",10.008222,10.208386,"2@",0.756376,"Correct","Correct","Correct","Correct"
"4",6,"3_4_stimuli","4_4","Congruent","Incongruent","Incongruent","Incongruent",12.00988,12.210034,"4$",1.218948,"Correct","Correct","Correct","Correct"
"4",7,"5_6_stimuli","5_5","Congruent","Congruent","Incongruent","Incongruent",13.994845,14.195004,"5%",0.673538,"Correct","Correct","Correct","Correct"
"4",8,"7_8_stimuli","7_7","Congruent","Congruent","Congruent","Incongruent",15.996481,16.196652,"7&",0.62388,"Correct","Correct","Correct","Correct"
"4",9,"1_2_stimuli","2_2","Congruent","Congruent","Congruent","Congruent",17.998128,18.198292,"2@",0.81458,"Correct","Correct","Correct","Correct"
"4",10,"3_4_stimuli","4_3","Incongruent","Congruent","Congruent","Congruent",19.999775,20.199939,"3#",0.748537,"Correct","Correct","Correct","Correct"
"4",11,"5_6_stimuli","5_5","Congruent","Incongruent","Congruent","Congruent",22.001423,22.201599,"5%",1.099303,"Correct","Correct","Correct","Correct"
"4",12,"7_8_stimuli","8_7","Incongruent","Congruent","Incongruent","Congruent",24.003072,24.203242,"7&",0.5854,"Correct","Correct","Correct","Correct"
"4",13,"1_2_stimuli","1_2","Incongruent","Incongruent","Congruent","Incongruent",26.004724,26.204881,"2@",0.584234,"Correct","Correct","Correct","Correct"
"4",14,"3_4_stimuli","3_3","Congruent","Incongruent","Incongruent","Congruent",28.006364,28.206532,"3#",0.565934,"Correct","Correct","Correct","Correct"
"4",15,"5_6_stimuli","6_5","Incongruent","Congruent","Incongruent","Incongruent",30.008032,30.208186,"5%",0.820979,"Correct","Correct","Correct","Correct"
"4",16,"7_8_stimuli","7_8","Incongruent","Incongruent","Congruent","Incongruent",32.009658,32.209828,"8*",0.658625,"Correct","Correct","Correct","Correct"
"4",17,"1_2_stimuli","1_1","Congruent","Incongruent","Incongruent","Congruent",33.99464,34.194792,"1!",0.529725,"Correct","Correct","Correct","Correct"
"4",18,"3_4_stimuli","4_3","Incongruent","Congruent","Incongruent","Incongruent",35.996277,36.196442,"3#",0.464237,"Correct","Correct","Correct","Correct"
"4",19,"5_6_stimuli","5_5","Congruent","Incongruent","Congruent","Incongruent",37.997924,38.198081,"5%",0.638398,"Correct","Correct","Correct","Correct"
"4",20,"7_8_stimuli","8_8","Congruent","Congruent","Incongruent","Congruent",39.999574,40.199743,"8*",0.620781,"Correct","Correct","Correct","Correct"
"4",21,"1_2_stimuli","2_1","Incongruent","Congruent","Congruent","Incongruent",42.001215,42.201391,"1!",0.507155,"Correct","Correct","Correct","Correct"
"4",22,"3_4_stimuli","3_3","Congruent","Incongruent","Congruent","Congruent",44.002865,44.203022,"3#",0.618015,"Correct","Correct","Correct","Correct"
"4",23,"5_6_stimuli","5_6","Incongruent","Congruent","Incongruent","Congruent",46.004507,46.204678,"6^",0.455824,"Correct","Correct","Correct","Correct"
"4",24,"7_8_stimuli","7_7","Congruent","Incongruent","Congruent","Incongruent",48.006151,48.206318,"7&",0.326227,"Correct","Correct","Correct","Correct"
"4",25,"1_2_stimuli","2_2","Congruent","Congruent","Incongruent","Congruent",50.007808,50.207965,"2@",0.708718,"Correct","Correct","Correct","Correct"
"4",26,"3_4_stimuli","4_3","Incongruent","Congruent","Congruent","Incongruent",52.009446,52.209612,"3#",0.419576,"Correct","Correct","Correct","Correct"
"4",27,"5_6_stimuli","6_5","Incongruent","Incongruent","Congruent","Congruent",53.994406,54.19458,"5%",0.482549,"Correct","Correct","Correct","Correct"
"4",28,"7_8_stimuli","7_7","Congruent","Incongruent","Incongruent","Congruent",55.996064,56.196218,"7&",0.528736,"Correct","Correct","Correct","Correct"
"4",29,"1_2_stimuli","1_2","Incongruent","Congruent","Incongruent","Incongruent",57.99771,58.197877,"2@",1.054736,"Correct","Correct","Correct","Correct"
"4",30,"3_4_stimuli","3_4","Incongruent","Incongruent","Congruent","Incongruent",59.999363,60.199516,"4$",0.685577,"Correct","Correct","Correct","Correct"
"4",31,"5_6_stimuli","6_6","Congruent","Incongruent","Incongruent","Congruent",62.001002,62.201166,"6^",0.379999,"Correct","Correct","Correct","Correct"
"4",32,"7_8_stimuli","7_8","Incongruent","Congruent","Incongruent","Incongruent",64.002649,64.202814,"8*",0.330299,"Correct","Correct","Correct","Correct"
"4",33,"1_2_stimuli","1_1","Congruent","Incongruent","Congruent","Incongruent",66.004297,66.204459,"1!",0.312568,"Correct","Correct","Correct","Correct"
"4",34,"3_4_stimuli","3_3","Congruent","Congruent","Incongruent","Congruent",68.005941,68.206108,"3#",0.551058,"Correct","Correct","Correct","Correct"
"4",35,"5_6_stimuli","6_6","Congruent","Congruent","Congruent","Incongruent",70.007586,70.20776,"6^",0.805409,"Correct","Correct","Correct","Correct"
"4",36,"7_8_stimuli","7_7","Congruent","Congruent","Congruent","Congruent",72.009238,72.209398,"7&",0.387081,"Correct","Correct","Correct","Correct"
"4",37,"1_2_stimuli","2_1","Incongruent","Congruent","Congruent","Congruent",73.994127,74.194369,"1!",0.738672,"Correct","Correct","Correct","Correct"
"4",38,"3_4_stimuli","3_4","Incongruent","Incongruent","Congruent","Congruent",75.995853,76.19601,"4$",0.736607,"Correct","Correct","Correct","Correct"
"4",39,"5_6_stimuli","6_5","Incongruent","Incongruent","Incongruent","Congruent",77.997498,78.197662,"5%",0.68737,"Correct","Correct","Correct","Correct"
"4",40,"7_8_stimuli","8_8","Congruent","Incongruent","Incongruent","Incongruent",79.99914,80.199309,"8*",0.73335,"Correct","Correct","Correct","Correct"
"4",41,"1_2_stimuli","2_2","Congruent","Congruent","Incongruent","Incongruent",82.00079,82.200955,"2@",0.76391,"Correct","Correct","Correct","Correct"
"4",42,"3_4_stimuli","3_3","Congruent","Congruent","Congruent","Incongruent",84.002434,84.202606,"3#",0.410043,"Correct","Correct","Correct","Correct"
"4",43,"5_6_stimuli","6_6","Congruent","Congruent","Congruent","Congruent",86.004096,86.204247,"6^",1.352737,"Correct","Correct","Correct","Correct"
"4",44,"7_8_stimuli","8_7","Incongruent","Congruent","Congruent","Congruent",88.005731,88.205902,"7&",0.550602,"Correct","Correct","Correct","Correct"
"4",45,"1_2_stimuli","2_2","Congruent","Incongruent","Congruent","Congruent",90.007379,90.207539,"2@",0.756938,"Correct","Correct","Correct","Correct"
"4",46,"3_4_stimuli","3_4","Incongruent","Congruent","Incongruent","Congruent",92.009024,92.20919,"4$",0.675609,"Correct","Correct","Correct","Correct"
"4",47,"5_6_stimuli","6_5","Incongruent","Incongruent","Congruent","Incongruent",94.010679,94.19415,"5%",0.642021,"Correct","Correct","Correct","Correct"
"4",48,"7_8_stimuli","8_7","Incongruent","Incongruent","Incongruent","Congruent",95.99564,96.195811,"7&",0.672862,"Correct","Correct","Correct","Correct"
"4",49,"1_2_stimuli","1_1","Congruent","Incongruent","Incongruent","Incongruent",97.997282,98.197445,"1!",0.591521,"Correct","Correct","Correct","Correct"
"4",50,"3_4_stimuli","4_4","Congruent","Congruent","Incongruent","Incongruent",99.998933,100.199099,"4$",0.653373,"Correct","Correct","Correct","Correct"
"4",51,"5_6_stimuli","5_6","Incongruent","Congruent","Congruent","Incongruent",102.000579,102.200743,"6^",1.100116,"Correct","Correct","Correct","Correct"
"4",52,"7_8_stimuli","8_8","Congruent","Incongruent","Congruent","Congruent",104.002223,104.202388,"8*",0.426624,"Correct","Correct","Correct","Correct"
"4",53,"1_2_stimuli","2_1","Incongruent","Congruent","Incongruent","Congruent",106.003872,106.204047,"1!",0.440394,"Correct","Correct","Correct","Correct"
"4",54,"3_4_stimuli","4_4","Congruent","Incongruent","Congruent","Incongruent",108.005526,108.205682,"4$",0.598741,"Correct","Correct","Correct","Correct"
"4",55,"5_6_stimuli","5_5","Congruent","Congruent","Incongruent","Congruent",110.007166,110.207331,"5%",0.277823,"Correct","Correct","Correct","Correct"
"4",56,"7_8_stimuli","7_8","Incongruent","Congruent","Congruent","Incongruent",112.008819,112.208988,"8*",0.707582,"Correct","Correct","Correct","Correct"
"4",57,"1_2_stimuli","2_1","Incongruent","Incongruent","Congruent","Congruent",114.010459,114.193861,"1!",0.594086,"Correct","Correct","Correct","Correct"
"4",58,"3_4_stimuli","3_4","Incongruent","Incongruent","Incongruent","Congruent",115.995433,116.195583,"4$",0.705371,"Correct","Correct","Correct","Correct"
"4",59,"5_6_stimuli","5_6","Incongruent","Incongruent","Incongruent","Incongruent",117.997069,118.197236,"7&",0.879715,"Error","Correct","Correct","Correct"
"4",60,"7_8_stimuli","7_8","Incongruent","Incongruent","Incongruent","Incongruent",119.998728,120.19888,"8*",0.653578,"Correct","Error","Correct","Correct"
"4",61,"1_2_stimuli","1_2","Incongruent","Incongruent","Incongruent","Incongruent",122.000374,122.200536,"2@",0.81207,"Correct","Correct","Error","Correct"
"4",62,"3_4_stimuli","4_3","Incongruent","Incongruent","Incongruent","Incongruent",124.002024,124.202184,"3#",0.906235,"Correct","Correct","Correct","Error"
"4",63,"5_6_stimuli","6_6","Congruent","Incongruent","Incongruent","Incongruent",126.00366,126.20383,"Omission",5000,"Omission","Correct","Correct","Correct"
"4",64,"7_8_stimuli","8_8","Congruent","Congruent","Incongruent","Incongruent",128.005308,128.205474,"Omission",5000,"Omission","Omission","Correct","Correct"
"4",65,"1_2_stimuli","1_1","Congruent","Congruent","Congruent","Incongruent",130.00696,130.207123,"1!",0.78984,"Correct","Omission","Omission","Correct"
"4",66,"3_4_stimuli","4_4","Congruent","Congruent","Congruent","Congruent",132.008605,132.208769,"4$",0.740304,"Correct","Correct","Omission","Omission"
"4",67,"5_6_stimuli","5_6","Incongruent","Congruent","Congruent","Congruent",134.010259,134.210418,"6^",1.393941,"Correct","Correct","Correct","Omission"
"4",68,"7_8_stimuli","8_7","Incongruent","Incongruent","Congruent","Congruent",135.995213,136.195385,"7&",0.673065,"Correct","Correct","Correct","Correct"
"5",1,"1_2_stimuli","1_1","Congruent",NA,NA,NA,2.00164,2.201805,"1!",0.560091,"Correct",NA,NA,NA
"5",2,"3_4_stimuli","4_4","Congruent","Congruent",NA,NA,4.003293,4.203451,"4$",0.702735,"Correct","Correct",NA,NA
"5",3,"5_6_stimuli","6_5","Incongruent","Congruent","Congruent",NA,6.004934,6.205107,"5%",0.508514,"Correct","Correct","Correct",NA
"5",4,"7_8_stimuli","7_8","Incongruent","Incongruent","Congruent","Congruent",8.00659,8.206749,"8*",0.602862,"Correct","Correct","Correct","Correct"
"5",5,"1_2_stimuli","2_1","Incongruent","Incongruent","Incongruent","Congruent",10.008227,10.208397,"1!",0.489415,"Correct","Correct","Correct","Correct"
"5",6,"3_4_stimuli","3_3","Congruent","Incongruent","Incongruent","Incongruent",12.009874,12.210044,"3#",0.600074,"Correct","Correct","Correct","Correct"
"5",7,"5_6_stimuli","5_5","Congruent","Congruent","Incongruent","Incongruent",13.994834,14.194998,"5%",0.438589,"Correct","Correct","Correct","Correct"
"5",8,"7_8_stimuli","7_8","Incongruent","Congruent","Congruent","Incongruent",15.996487,16.196657,"8*",0.581028,"Correct","Correct","Correct","Correct"
"5",9,"1_2_stimuli","1_1","Congruent","Incongruent","Congruent","Congruent",17.998136,18.198304,"1!",0.387788,"Correct","Correct","Correct","Correct"
"5",10,"3_4_stimuli","3_3","Congruent","Congruent","Incongruent","Congruent",19.999782,20.199951,"3#",0.545824,"Correct","Correct","Correct","Correct"
"5",11,"5_6_stimuli","6_6","Congruent","Congruent","Congruent","Incongruent",22.001439,22.201595,"6^",0.896043,"Correct","Correct","Correct","Correct"
"5",12,"7_8_stimuli","8_8","Congruent","Congruent","Congruent","Congruent",24.003085,24.203245,"8*",0.526551,"Correct","Correct","Correct","Correct"
"5",13,"1_2_stimuli","2_2","Congruent","Congruent","Congruent","Congruent",26.004722,26.204887,"2@",0.684899,"Correct","Correct","Correct","Correct"
"5",14,"3_4_stimuli","3_4","Incongruent","Congruent","Congruent","Congruent",28.00638,28.206546,"4$",0.795273,"Correct","Correct","Correct","Correct"
"5",15,"5_6_stimuli","6_6","Congruent","Incongruent","Congruent","Congruent",30.008018,30.208184,"6^",0.681705,"Correct","Correct","Correct","Correct"
"5",16,"7_8_stimuli","7_8","Incongruent","Congruent","Incongruent","Congruent",32.009665,32.209832,"8*",0.808551,"Correct","Correct","Correct","Correct"
"5",17,"1_2_stimuli","2_1","Incongruent","Incongruent","Congruent","Incongruent",33.994641,34.194792,"1!",0.438788,"Correct","Correct","Correct","Correct"
"5",18,"3_4_stimuli","4_3","Incongruent","Incongruent","Incongruent","Congruent",35.996279,36.196443,"3#",0.501513,"Correct","Correct","Correct","Correct"
"5",19,"5_6_stimuli","6_5","Incongruent","Incongruent","Incongruent","Incongruent",37.99792,38.198093,"5%",1.028611,"Correct","Correct","Correct","Correct"
"5",20,"7_8_stimuli","8_8","Congruent","Incongruent","Incongruent","Incongruent",39.999571,40.199748,"8*",0.689863,"Correct","Correct","Correct","Correct"
"5",21,"1_2_stimuli","2_2","Congruent","Congruent","Incongruent","Incongruent",42.001218,42.201386,"2@",0.736196,"Correct","Correct","Correct","Correct"
"5",22,"3_4_stimuli","4_4","Congruent","Congruent","Congruent","Incongruent",44.002863,44.203028,"4$",0.606683,"Correct","Correct","Correct","Correct"
"5",23,"5_6_stimuli","5_6","Incongruent","Congruent","Congruent","Congruent",46.004512,46.204677,"6^",0.764853,"Correct","Correct","Correct","Correct"
"5",24,"7_8_stimuli","7_7","Congruent","Incongruent","Congruent","Congruent",48.006163,48.206323,"7&",0.31581,"Correct","Correct","Correct","Correct"
"5",25,"1_2_stimuli","1_2","Incongruent","Congruent","Incongruent","Congruent",50.007806,50.207976,"2@",0.72971,"Correct","Correct","Correct","Correct"
"5",26,"3_4_stimuli","4_3","Incongruent","Incongruent","Congruent","Incongruent",52.009463,52.209622,"3#",0.488141,"Correct","Correct","Correct","Correct"
"5",27,"5_6_stimuli","6_6","Congruent","Incongruent","Incongruent","Congruent",53.994415,54.194583,"6^",0.791075,"Correct","Correct","Correct","Correct"
"5",28,"7_8_stimuli","7_8","Incongruent","Congruent","Incongruent","Incongruent",55.996069,56.196225,"8*",0.613355,"Correct","Correct","Correct","Correct"
"5",29,"1_2_stimuli","1_1","Congruent","Incongruent","Congruent","Incongruent",57.997715,58.197896,"1!",0.388113,"Correct","Correct","Correct","Correct"
"5",30,"3_4_stimuli","3_4","Incongruent","Congruent","Incongruent","Congruent",59.99937,60.199537,"4$",0.722369,"Correct","Correct","Correct","Correct"
"5",31,"5_6_stimuli","5_5","Congruent","Incongruent","Congruent","Incongruent",62.001009,62.20117,"5%",1.104445,"Correct","Correct","Correct","Correct"
"5",32,"7_8_stimuli","7_7","Congruent","Congruent","Incongruent","Congruent",64.002652,64.202817,"7&",0.975529,"Correct","Correct","Correct","Correct"
"5",33,"1_2_stimuli","1_2","Incongruent","Congruent","Congruent","Incongruent",66.004303,66.204464,"2@",0.653419,"Correct","Correct","Correct","Correct"
"5",34,"3_4_stimuli","3_3","Congruent","Incongruent","Congruent","Congruent",68.005958,68.206113,"3#",0.732083,"Correct","Correct","Correct","Correct"
"5",35,"5_6_stimuli","6_5","Incongruent","Congruent","Incongruent","Congruent",70.007599,70.207764,"4$",0.681898,"Error","Correct","Correct","Correct"
"5",36,"7_8_stimuli","8_8","Congruent","Incongruent","Congruent","Incongruent",72.009241,72.20941,"8*",0.632959,"Correct","Error","Correct","Correct"
"5",37,"1_2_stimuli","1_1","Congruent","Congruent","Incongruent","Congruent",73.99413,74.194379,"1!",0.567288,"Correct","Correct","Error","Correct"
"5",38,"3_4_stimuli","4_3","Incongruent","Congruent","Congruent","Incongruent",75.995859,76.196017,"3#",0.454113,"Correct","Correct","Correct","Error"
"5",39,"5_6_stimuli","6_5","Incongruent","Incongruent","Congruent","Congruent",77.997501,78.197669,"5%",0.756575,"Correct","Correct","Correct","Correct"
"5",40,"7_8_stimuli","7_7","Congruent","Incongruent","Incongruent","Congruent",79.999149,80.199314,"7&",0.962295,"Correct","Correct","Correct","Correct"
"5",41,"1_2_stimuli","1_2","Incongruent","Congruent","Incongruent","Incongruent",82.000806,82.200961,"2@",0.688589,"Correct","Correct","Correct","Correct"
"5",42,"3_4_stimuli","4_4","Congruent","Incongruent","Congruent","Incongruent",84.002447,84.202614,"4$",0.703107,"Correct","Correct","Correct","Correct"
"5",43,"5_6_stimuli","6_6","Congruent","Congruent","Incongruent","Congruent",86.00409,86.204258,"6^",0.733566,"Correct","Correct","Correct","Correct"
"5",44,"7_8_stimuli","8_8","Congruent","Congruent","Congruent","Incongruent",88.005744,88.205911,"8*",0.459803,"Correct","Correct","Correct","Correct"
"5",45,"1_2_stimuli","2_1","Incongruent","Congruent","Congruent","Congruent",90.007387,90.207552,"1!",0.426186,"Correct","Correct","Correct","Correct"
"5",46,"3_4_stimuli","4_3","Incongruent","Incongruent","Congruent","Congruent",92.009031,92.209196,"3#",0.504915,"Correct","Correct","Correct","Correct"
"5",47,"5_6_stimuli","5_6","Incongruent","Incongruent","Incongruent","Congruent",94.010678,94.194166,"6^",0.742776,"Correct","Correct","Correct","Correct"
"5",48,"7_8_stimuli","8_7","Incongruent","Incongruent","Incongruent","Incongruent",95.995647,96.195819,"7&",0.357784,"Correct","Correct","Correct","Correct"
"5",49,"1_2_stimuli","1_1","Congruent","Incongruent","Incongruent","Incongruent",97.997299,98.197462,"1!",0.580719,"Correct","Correct","Correct","Correct"
"5",50,"3_4_stimuli","3_4","Incongruent","Congruent","Incongruent","Incongruent",99.998942,100.199107,"4$",0.754438,"Correct","Correct","Correct","Correct"
"5",51,"5_6_stimuli","5_6","Incongruent","Incongruent","Congruent","Incongruent",102.000584,102.200754,"6^",0.560856,"Correct","Correct","Correct","Correct"
"5",52,"7_8_stimuli","7_8","Incongruent","Incongruent","Incongruent","Congruent",104.002238,104.202397,"8*",0.527715,"Correct","Correct","Correct","Correct"
"5",53,"1_2_stimuli","2_1","Incongruent","Incongruent","Incongruent","Incongruent",106.003882,106.204043,"1!",0.541503,"Correct","Correct","Correct","Correct"
"5",54,"3_4_stimuli","3_4","Incongruent","Incongruent","Incongruent","Incongruent",108.005534,108.205689,"4$",0.587798,"Correct","Correct","Correct","Correct"
"5",55,"5_6_stimuli","5_5","Congruent","Incongruent","Incongruent","Incongruent",110.007172,110.207344,"6^",0.57025,"Error","Correct","Correct","Correct"
"5",56,"7_8_stimuli","7_7","Congruent","Congruent","Incongruent","Incongruent",112.008829,112.208982,"7&",0.648572,"Correct","Error","Correct","Correct"
"5",57,"1_2_stimuli","2_2","Congruent","Congruent","Congruent","Incongruent",114.010467,114.193673,"2@",0.886961,"Correct","Correct","Error","Correct"
"5",58,"3_4_stimuli","3_3","Congruent","Congruent","Congruent","Congruent",115.995438,116.195601,"3#",0.677942,"Correct","Correct","Correct","Error"
"5",59,"5_6_stimuli","5_5","Congruent","Congruent","Congruent","Congruent",117.997089,118.197245,"5%",1.044313,"Correct","Correct","Correct","Correct"
"5",60,"7_8_stimuli","8_7","Incongruent","Congruent","Congruent","Congruent",119.998729,120.198896,"7&",0.64275,"Correct","Correct","Correct","Correct"
"5",61,"1_2_stimuli","1_2","Incongruent","Incongruent","Congruent","Congruent",122.000379,122.200538,"2@",0.721007,"Correct","Correct","Correct","Correct"
"5",62,"3_4_stimuli","4_4","Congruent","Incongruent","Incongruent","Congruent",124.002023,124.202181,"4$",0.864108,"Correct","Correct","Correct","Correct"
"5",63,"5_6_stimuli","6_5","Incongruent","Congruent","Incongruent","Incongruent",126.003677,126.203837,"5%",0.493697,"Correct","Correct","Correct","Correct"
"5",64,"7_8_stimuli","8_7","Incongruent","Incongruent","Congruent","Incongruent",128.005325,128.20548,"7&",0.556506,"Correct","Correct","Correct","Correct"
"5",65,"1_2_stimuli","2_2","Congruent","Incongruent","Incongruent","Congruent",130.006965,130.207124,"2@",0.378958,"Correct","Correct","Correct","Correct"
"5",66,"3_4_stimuli","4_4","Congruent","Congruent","Incongruent","Incongruent",132.008609,132.208775,"4$",0.504772,"Correct","Correct","Correct","Correct"
"5",67,"5_6_stimuli","5_6","Incongruent","Congruent","Congruent","Incongruent",134.010258,134.210422,"6^",0.391407,"Correct","Correct","Correct","Correct"
"5",68,"7_8_stimuli","8_7","Incongruent","Incongruent","Congruent","Congruent",135.995225,136.195396,"7&",0.630698,"Correct","Correct","Correct","Correct"
"6",1,"1_2_stimuli","2_1","Incongruent",NA,NA,NA,2.001641,2.201813,"1!",0.673204,"Correct",NA,NA,NA
"6",2,"3_4_stimuli","3_4","Incongruent","Incongruent",NA,NA,4.003294,4.203464,"4$",0.607835,"Correct","Correct",NA,NA
"6",3,"5_6_stimuli","5_5","Congruent","Incongruent","Incongruent",NA,6.004946,6.205103,"5%",0.317777,"Correct","Correct","Correct",NA
"6",4,"7_8_stimuli","7_7","Congruent","Congruent","Incongruent","Incongruent",8.006589,8.206747,"7&",0.524782,"Correct","Correct","Correct","Correct"
"6",5,"1_2_stimuli","2_2","Congruent","Congruent","Congruent","Incongruent",10.008235,10.208399,"2@",0.619075,"Correct","Correct","Correct","Correct"
"6",6,"3_4_stimuli","4_4","Congruent","Congruent","Congruent","Congruent",12.009884,12.21004,"4$",0.344776,"Correct","Correct","Correct","Correct"
"6",7,"5_6_stimuli","5_5","Congruent","Congruent","Congruent","Congruent",13.99485,14.195017,"5%",0.600384,"Correct","Correct","Correct","Correct"
"6",8,"7_8_stimuli","7_7","Congruent","Congruent","Congruent","Congruent",15.996494,16.19666,"7&",0.454133,"Correct","Correct","Correct","Correct"
"6",9,"1_2_stimuli","2_1","Incongruent","Congruent","Congruent","Congruent",17.998136,18.198306,"1!",0.388764,"Correct","Correct","Correct","Correct"
"6",10,"3_4_stimuli","3_3","Congruent","Incongruent","Congruent","Congruent",19.999784,20.199953,"3#",0.962901,"Correct","Correct","Correct","Correct"
"6",11,"5_6_stimuli","5_5","Congruent","Congruent","Incongruent","Congruent",22.001438,22.201595,"5%",0.513452,"Correct","Correct","Correct","Correct"
"6",12,"7_8_stimuli","8_8","Congruent","Congruent","Congruent","Incongruent",24.003083,24.203248,"8*",0.736307,"Correct","Correct","Correct","Correct"
"6",13,"1_2_stimuli","1_1","Congruent","Congruent","Congruent","Congruent",26.004733,26.204887,"1!",0.365983,"Correct","Correct","Correct","Correct"
"6",14,"3_4_stimuli","3_4","Incongruent","Congruent","Congruent","Congruent",28.006379,28.206539,"4$",0.716288,"Correct","Correct","Correct","Correct"
"6",15,"5_6_stimuli","5_6","Incongruent","Incongruent","Congruent","Congruent",30.00802,30.208183,"6^",0.826705,"Correct","Correct","Correct","Correct"
"6",16,"7_8_stimuli","7_7","Congruent","Incongruent","Incongruent","Congruent",32.009665,32.209841,"7&",0.617045,"Correct","Correct","Correct","Correct"
"6",17,"1_2_stimuli","1_1","Congruent","Congruent","Incongruent","Incongruent",33.994633,34.194801,"1!",0.312692,"Correct","Correct","Correct","Correct"
"6",18,"3_4_stimuli","4_4","Congruent","Congruent","Congruent","Incongruent",35.996282,36.196444,"4$",0.486348,"Correct","Correct","Correct","Correct"
"6",19,"5_6_stimuli","5_6","Incongruent","Congruent","Congruent","Congruent",37.997924,38.19809,"6^",0.757326,"Correct","Correct","Correct","Correct"
"6",20,"7_8_stimuli","8_7","Incongruent","Incongruent","Congruent","Congruent",39.999574,40.19974,"7&",0.403092,"Correct","Correct","Correct","Correct"
"6",21,"1_2_stimuli","1_1","Congruent","Incongruent","Incongruent","Congruent",42.001224,42.201385,"1!",0.354252,"Correct","Correct","Correct","Correct"
"6",22,"3_4_stimuli","3_4","Incongruent","Congruent","Incongruent","Incongruent",44.00287,44.203032,"4$",0.624559,"Correct","Correct","Correct","Correct"
"6",23,"5_6_stimuli","6_5","Incongruent","Incongruent","Congruent","Incongruent",46.00452,46.204688,"5%",0.494192,"Correct","Correct","Correct","Correct"
"6",24,"7_8_stimuli","7_8","Incongruent","Incongruent","Incongruent","Congruent",48.006161,48.206324,"8*",0.524533,"Correct","Correct","Correct","Correct"
"6",25,"1_2_stimuli","1_2","Incongruent","Incongruent","Incongruent","Incongruent",50.007819,50.207972,"1!",0.33159,"Error","Correct","Correct","Correct"
"6",26,"3_4_stimuli","4_3","Incongruent","Incongruent","Incongruent","Incongruent",52.009459,52.20963,"3#",0.873764,"Correct","Error","Correct","Correct"
"6",27,"5_6_stimuli","5_6","Incongruent","Incongruent","Incongruent","Incongruent",53.994426,54.194589,"6^",0.968282,"Correct","Correct","Error","Correct"
"6",28,"7_8_stimuli","7_7","Congruent","Incongruent","Incongruent","Incongruent",55.996072,56.196237,"7&",0.375181,"Correct","Correct","Correct","Error"
"6",29,"1_2_stimuli","2_1","Incongruent","Congruent","Incongruent","Incongruent",57.997716,58.197888,"1!",0.484987,"Correct","Correct","Correct","Correct"
"6",30,"3_4_stimuli","3_3","Congruent","Incongruent","Congruent","Incongruent",59.999362,60.199531,"4$",0.436019,"Error","Correct","Correct","Correct"
"6",31,"5_6_stimuli","6_5","Incongruent","Congruent","Incongruent","Congruent",62.001011,62.201172,"5%",1.393648,"Correct","Error","Correct","Correct"
"6",32,"7_8_stimuli","7_7","Congruent","Incongruent","Congruent","Incongruent",64.002654,64.202823,"7&",0.640205,"Correct","Correct","Error","Correct"
"6",33,"1_2_stimuli","1_2","Incongruent","Congruent","Incongruent","Congruent",66.004312,66.204469,"2@",0.814572,"Correct","Correct","Correct","Error"
"6",34,"3_4_stimuli","4_3","Incongruent","Incongruent","Congruent","Incongruent",68.005947,68.206117,"3#",0.781319,"Correct","Correct","Correct","Correct"
"6",35,"5_6_stimuli","6_5","Incongruent","Incongruent","Incongruent","Congruent",70.007597,70.207764,"5%",0.859099,"Correct","Correct","Correct","Correct"
"6",36,"7_8_stimuli","7_8","Incongruent","Incongruent","Incongruent","Incongruent",72.009247,72.209414,"8*",0.761603,"Correct","Correct","Correct","Correct"
"6",37,"1_2_stimuli","2_2","Congruent","Incongruent","Incongruent","Incongruent",73.994133,74.194387,"2@",0.64855,"Correct","Correct","Correct","Correct"
"6",38,"3_4_stimuli","4_4","Congruent","Congruent","Incongruent","Incongruent",75.995858,76.196025,"4$",0.727445,"Correct","Correct","Correct","Correct"
"6",39,"5_6_stimuli","5_5","Congruent","Congruent","Congruent","Incongruent",77.997514,78.197669,"5%",0.565173,"Correct","Correct","Correct","Correct"
"6",40,"7_8_stimuli","8_7","Incongruent","Congruent","Congruent","Congruent",79.999149,80.199319,"7&",0.436098,"Correct","Correct","Correct","Correct"
"6",41,"1_2_stimuli","2_1","Incongruent","Incongruent","Congruent","Congruent",82.000798,82.20097,"1!",0.577932,"Correct","Correct","Correct","Correct"
"6",42,"3_4_stimuli","3_4","Incongruent","Incongruent","Incongruent","Congruent",84.002443,84.202618,"4$",0.688329,"Correct","Correct","Correct","Correct"
"6",43,"5_6_stimuli","5_5","Congruent","Incongruent","Incongruent","Incongruent",86.004092,86.204258,"5%",0.767357,"Correct","Correct","Correct","Correct"
"6",44,"7_8_stimuli","8_8","Congruent","Congruent","Incongruent","Incongruent",88.005741,88.205909,"8*",0.733055,"Correct","Correct","Correct","Correct"
"6",45,"1_2_stimuli","1_2","Incongruent","Congruent","Congruent","Incongruent",90.007393,90.20755,"2@",0.73131,"Correct","Correct","Correct","Correct"
"6",46,"3_4_stimuli","3_4","Incongruent","Incongruent","Congruent","Congruent",92.009034,92.209208,"4$",0.906113,"Correct","Correct","Correct","Correct"
"6",47,"5_6_stimuli","6_6","Congruent","Incongruent","Incongruent","Congruent",93.993726,94.194163,"6^",0.760961,"Correct","Correct","Correct","Correct"
"6",48,"7_8_stimuli","7_8","Incongruent","Congruent","Incongruent","Incongruent",95.995644,96.195809,"8*",0.727007,"Correct","Correct","Correct","Correct"
"6",49,"1_2_stimuli","2_1","Incongruent","Incongruent","Congruent","Incongruent",97.99729,98.197462,"1!",0.645318,"Correct","Correct","Correct","Correct"
"6",50,"3_4_stimuli","4_4","Congruent","Incongruent","Incongruent","Congruent",99.998948,100.199112,"4$",0.580092,"Correct","Correct","Correct","Correct"
"6",51,"5_6_stimuli","6_5","Incongruent","Congruent","Incongruent","Incongruent",102.000585,102.20076,"5%",0.802385,"Correct","Correct","Correct","Correct"
"6",52,"7_8_stimuli","8_7","Incongruent","Incongruent","Congruent","Incongruent",104.002238,104.202401,"7&",0.608421,"Correct","Correct","Correct","Correct"
"6",53,"1_2_stimuli","1_2","Incongruent","Incongruent","Incongruent","Congruent",106.003881,106.204043,"2@",0.622831,"Correct","Correct","Correct","Correct"
"6",54,"3_4_stimuli","3_3","Congruent","Incongruent","Incongruent","Incongruent",108.005526,108.205697,"3#",0.74931,"Correct","Correct","Correct","Correct"
"6",55,"5_6_stimuli","6_6","Congruent","Congruent","Incongruent","Incongruent",110.007173,110.207339,"5%",0.988074,"Error","Correct","Correct","Correct"
"6",56,"7_8_stimuli","8_7","Incongruent","Congruent","Congruent","Incongruent",112.008824,112.208993,"7&",0.618288,"Correct","Error","Correct","Correct"
"6",57,"1_2_stimuli","1_1","Congruent","Incongruent","Congruent","Congruent",114.010467,114.19367,"1!",0.616164,"Correct","Correct","Error","Correct"
"6",58,"3_4_stimuli","4_3","Incongruent","Congruent","Incongruent","Congruent",115.99544,116.195609,"3#",0.887756,"Correct","Correct","Correct","Error"
"6",59,"5_6_stimuli","6_6","Congruent","Incongruent","Congruent","Incongruent",117.997085,118.197252,"6^",1.253644,"Correct","Correct","Correct","Correct"
"6",60,"7_8_stimuli","7_8","Incongruent","Congruent","Incongruent","Congruent",119.998731,120.198897,"8*",0.627938,"Correct","Correct","Correct","Correct"
"6",61,"1_2_stimuli","2_2","Congruent","Incongruent","Congruent","Incongruent",122.000377,122.200544,"2@",0.850723,"Correct","Correct","Correct","Correct"
"6",62,"3_4_stimuli","3_3","Congruent","Congruent","Incongruent","Congruent",124.002023,124.20219,"3#",0.784597,"Correct","Correct","Correct","Correct"
"6",63,"5_6_stimuli","5_6","Incongruent","Congruent","Congruent","Incongruent",126.003675,126.203837,"6^",0.975232,"Correct","Correct","Correct","Correct"
"6",64,"7_8_stimuli","8_8","Congruent","Incongruent","Congruent","Congruent",128.00532,128.205487,"8*",0.605466,"Correct","Correct","Correct","Correct"
"6",65,"1_2_stimuli","2_2","Congruent","Congruent","Incongruent","Congruent",130.006975,130.207131,"2@",0.71582,"Correct","Correct","Correct","Correct"
"6",66,"3_4_stimuli","4_3","Incongruent","Congruent","Congruent","Incongruent",132.008617,132.208777,"3#",0.873994,"Correct","Correct","Correct","Correct"
"6",67,"5_6_stimuli","6_6","Congruent","Incongruent","Congruent","Congruent",134.010261,134.210425,"6^",1.432572,"Correct","Correct","Correct","Correct"
"6",68,"7_8_stimuli","8_8","Congruent","Congruent","Incongruent","Congruent",135.995235,136.195399,"8*",0.53538,"Correct","Correct","Correct","Correct"
"7",1,"1_2_stimuli","2_2","Congruent",NA,NA,NA,2.001646,2.201812,"3#",0.874108,"Error",NA,NA,NA
"7",2,"3_4_stimuli","4_4","Congruent","Congruent",NA,NA,4.003302,4.203469,"4$",0.712069,"Correct","Error",NA,NA
"7",3,"5_6_stimuli","6_5","Incongruent","Congruent","Congruent",NA,6.004942,6.205104,"5%",0.950888,"Correct","Correct","Error",NA
"7",4,"7_8_stimuli","7_8","Incongruent","Incongruent","Congruent","Congruent",8.006594,8.206756,"8*",0.837008,"Correct","Correct","Correct","Error"
"7",5,"1_2_stimuli","1_2","Incongruent","Incongruent","Incongruent","Congruent",10.00824,10.208397,"2@",0.75575,"Correct","Correct","Correct","Correct"
"7",6,"3_4_stimuli","4_4","Congruent","Incongruent","Incongruent","Incongruent",12.009882,12.210051,"4$",0.609745,"Correct","Correct","Correct","Correct"
"7",7,"5_6_stimuli","5_6","Incongruent","Congruent","Incongruent","Incongruent",13.994854,14.19502,"6^",1.185129,"Correct","Correct","Correct","Correct"
"7",8,"7_8_stimuli","8_7","Incongruent","Incongruent","Congruent","Incongruent",15.996503,16.196663,"7&",0.43085,"Correct","Correct","Correct","Correct"
"7",9,"1_2_stimuli","1_1","Congruent","Incongruent","Incongruent","Congruent",17.998139,18.198306,"1!",0.573942,"Correct","Correct","Correct","Correct"
"7",10,"3_4_stimuli","3_4","Incongruent","Congruent","Incongruent","Incongruent",19.999796,20.199958,"4$",0.571797,"Correct","Correct","Correct","Correct"
"7",11,"5_6_stimuli","5_6","Incongruent","Incongruent","Congruent","Incongruent",22.001447,22.201603,"6^",0.682187,"Correct","Correct","Correct","Correct"
"7",12,"7_8_stimuli","8_7","Incongruent","Incongruent","Incongruent","Congruent",24.003088,24.20325,"7&",0.600418,"Correct","Correct","Correct","Correct"
"7",13,"1_2_stimuli","2_2","Congruent","Incongruent","Incongruent","Incongruent",26.004731,26.204899,"2@",0.630856,"Correct","Correct","Correct","Correct"
"7",14,"3_4_stimuli","3_3","Congruent","Congruent","Incongruent","Incongruent",28.006376,28.206546,"3#",0.741217,"Correct","Correct","Correct","Correct"
"7",15,"5_6_stimuli","5_5","Congruent","Congruent","Congruent","Incongruent",30.008027,30.208194,"5%",0.787969,"Correct","Correct","Correct","Correct"
"7",16,"7_8_stimuli","7_8","Incongruent","Congruent","Congruent","Congruent",32.009677,32.209834,"8*",0.594237,"Correct","Correct","Correct","Correct"
"7",17,"1_2_stimuli","2_2","Congruent","Incongruent","Congruent","Congruent",33.994649,34.194799,"2@",0.753002,"Correct","Correct","Correct","Correct"
"7",18,"3_4_stimuli","4_3","Incongruent","Congruent","Incongruent","Congruent",35.996285,36.196451,"3#",0.527545,"Correct","Correct","Correct","Correct"
"7",19,"5_6_stimuli","5_5","Congruent","Incongruent","Congruent","Incongruent",37.997938,38.198099,"5%",0.413663,"Correct","Correct","Correct","Correct"
"7",20,"7_8_stimuli","8_8","Congruent","Congruent","Incongruent","Congruent",39.99958,40.199752,"8*",0.571739,"Correct","Correct","Correct","Correct"
"7",21,"1_2_stimuli","2_2","Congruent","Congruent","Congruent","Incongruent",42.001224,42.201393,"1!",0.522862,"Error","Correct","Correct","Correct"
"7",22,"3_4_stimuli","4_4","Congruent","Congruent","Congruent","Congruent",44.002875,44.20304,"4$",1.304673,"Correct","Error","Correct","Correct"
"7",23,"5_6_stimuli","6_6","Congruent","Congruent","Congruent","Congruent",46.00452,46.204691,"6^",0.870959,"Correct","Correct","Error","Correct"
"7",24,"7_8_stimuli","7_7","Congruent","Congruent","Congruent","Congruent",48.006174,48.20633,"7&",0.58115,"Correct","Correct","Correct","Error"
"7",25,"1_2_stimuli","1_1","Congruent","Congruent","Congruent","Congruent",50.00782,50.20798,"1!",0.787705,"Correct","Correct","Correct","Correct"
"7",26,"3_4_stimuli","3_4","Incongruent","Congruent","Congruent","Congruent",52.009467,52.209629,"4$",0.737853,"Correct","Correct","Correct","Correct"
"7",27,"5_6_stimuli","6_5","Incongruent","Incongruent","Congruent","Congruent",53.99443,54.194591,"5%",0.784878,"Correct","Correct","Correct","Correct"
"7",28,"7_8_stimuli","8_8","Congruent","Incongruent","Incongruent","Congruent",55.996079,56.196243,"8*",0.671798,"Correct","Correct","Correct","Correct"
"7",29,"1_2_stimuli","2_1","Incongruent","Congruent","Incongruent","Incongruent",57.997729,58.197891,"1!",0.493589,"Correct","Correct","Correct","Correct"
"7",30,"3_4_stimuli","4_4","Congruent","Incongruent","Congruent","Incongruent",59.999371,60.199533,"4$",1.03654,"Correct","Correct","Correct","Correct"
"7",31,"5_6_stimuli","5_5","Congruent","Congruent","Incongruent","Congruent",62.001016,62.201177,"5%",1.051228,"Correct","Correct","Correct","Correct"
"7",32,"7_8_stimuli","7_8","Incongruent","Congruent","Congruent","Incongruent",64.002666,64.202837,"8*",0.697043,"Correct","Correct","Correct","Correct"
"7",33,"1_2_stimuli","1_2","Incongruent","Incongruent","Congruent","Congruent",66.004315,66.204476,"2@",0.838952,"Correct","Correct","Correct","Correct"
"7",34,"3_4_stimuli","4_3","Incongruent","Incongruent","Incongruent","Congruent",68.005965,68.206121,"3#",0.821573,"Correct","Correct","Correct","Correct"
"7",35,"5_6_stimuli","5_6","Incongruent","Incongruent","Incongruent","Incongruent",70.007604,70.207779,"Omission",5000,"Omission","Correct","Correct","Correct"
"7",36,"7_8_stimuli","8_8","Congruent","Incongruent","Incongruent","Incongruent",72.009255,72.209414,"8*",0.578075,"Correct","Omission","Correct","Correct"
"7",37,"1_2_stimuli","1_1","Congruent","Congruent","Incongruent","Incongruent",73.99414,74.19438,"1!",0.673193,"Correct","Correct","Omission","Correct"
"7",38,"3_4_stimuli","3_3","Congruent","Congruent","Congruent","Incongruent",75.995862,76.196031,"3#",0.575851,"Correct","Correct","Correct","Omission"
"7",39,"5_6_stimuli","6_5","Incongruent","Congruent","Congruent","Congruent",77.997515,78.197675,"4$",0.685782,"Error","Correct","Correct","Correct"
"7",40,"7_8_stimuli","7_7","Congruent","Incongruent","Congruent","Congruent",79.999162,80.199326,"7&",1.244816,"Correct","Error","Correct","Correct"
"7",41,"1_2_stimuli","1_2","Incongruent","Congruent","Incongruent","Congruent",82.000804,82.200973,"2@",0.715149,"Correct","Correct","Error","Correct"
"7",42,"3_4_stimuli","4_3","Incongruent","Incongruent","Congruent","Incongruent",84.002456,84.202615,"3#",0.88914,"Correct","Correct","Correct","Error"
"7",43,"5_6_stimuli","6_5","Incongruent","Incongruent","Incongruent","Congruent",86.0041,86.204265,"5%",0.98354,"Correct","Correct","Correct","Correct"
"7",44,"7_8_stimuli","7_8","Incongruent","Incongruent","Incongruent","Incongruent",88.005754,88.205915,"8*",0.725729,"Correct","Correct","Correct","Correct"
"7",45,"1_2_stimuli","2_1","Incongruent","Incongruent","Incongruent","Incongruent",90.007392,90.207566,"1!",0.500644,"Correct","Correct","Correct","Correct"
"7",46,"3_4_stimuli","4_3","Incongruent","Incongruent","Incongruent","Incongruent",92.009044,92.209206,"3#",0.466703,"Correct","Correct","Correct","Correct"
"7",47,"5_6_stimuli","6_6","Congruent","Incongruent","Incongruent","Incongruent",93.993949,94.194173,"6^",0.817525,"Correct","Correct","Correct","Correct"
"7",48,"7_8_stimuli","8_8","Congruent","Congruent","Incongruent","Incongruent",95.995651,96.19582,"8*",0.46409,"Correct","Correct","Correct","Correct"
"7",49,"1_2_stimuli","2_1","Incongruent","Congruent","Congruent","Incongruent",97.997302,98.197477,"1!",0.493928,"Correct","Correct","Correct","Correct"
"7",50,"3_4_stimuli","4_4","Congruent","Incongruent","Congruent","Congruent",99.998944,100.199115,"4$",0.668528,"Correct","Correct","Correct","Correct"
"7",51,"5_6_stimuli","5_6","Incongruent","Congruent","Incongruent","Congruent",102.000593,102.200765,"6^",0.779208,"Correct","Correct","Correct","Correct"
"7",52,"7_8_stimuli","7_7","Congruent","Incongruent","Congruent","Incongruent",104.002247,104.202411,"7&",0.537588,"Correct","Correct","Correct","Correct"
"7",53,"1_2_stimuli","1_1","Congruent","Congruent","Incongruent","Congruent",106.00389,106.204058,"1!",0.359864,"Correct","Correct","Correct","Correct"
"7",54,"3_4_stimuli","3_4","Incongruent","Congruent","Congruent","Incongruent",108.005543,108.205699,"4$",0.647061,"Correct","Correct","Correct","Correct"
"7",55,"5_6_stimuli","6_6","Congruent","Incongruent","Congruent","Congruent",110.007189,110.207357,"6^",0.740108,"Correct","Correct","Correct","Correct"
"7",56,"7_8_stimuli","8_7","Incongruent","Congruent","Incongruent","Congruent",112.008831,112.208995,"7&",0.306413,"Correct","Correct","Correct","Correct"
"7",57,"1_2_stimuli","1_2","Incongruent","Incongruent","Congruent","Incongruent",114.010477,114.193681,"2@",0.769337,"Correct","Correct","Correct","Correct"
"7",58,"3_4_stimuli","3_3","Congruent","Incongruent","Incongruent","Congruent",115.995447,116.19561,"3#",0.608098,"Correct","Correct","Correct","Correct"
"7",59,"5_6_stimuli","5_5","Congruent","Congruent","Incongruent","Incongruent",117.997091,118.197267,"5%",0.638695,"Correct","Correct","Correct","Correct"
"7",60,"7_8_stimuli","7_7","Congruent","Congruent","Congruent","Incongruent",119.998742,120.198904,"7&",0.396542,"Correct","Correct","Correct","Correct"
"7",61,"1_2_stimuli","2_1","Incongruent","Congruent","Congruent","Congruent",122.000385,122.200565,"1!",0.41084,"Correct","Correct","Correct","Correct"
"7",62,"3_4_stimuli","3_4","Incongruent","Incongruent","Congruent","Congruent",124.002034,124.202206,"4$",0.681264,"Correct","Correct","Correct","Correct"
"7",63,"5_6_stimuli","6_6","Congruent","Incongruent","Incongruent","Congruent",126.003679,126.203843,"6^",1.128298,"Correct","Correct","Correct","Correct"
"7",64,"7_8_stimuli","8_7","Incongruent","Congruent","Incongruent","Incongruent",128.005327,128.205497,"7&",0.646629,"Correct","Correct","Correct","Correct"
"7",65,"1_2_stimuli","2_2","Congruent","Incongruent","Congruent","Incongruent",130.00698,130.20714,"2@",0.804972,"Correct","Correct","Correct","Correct"
"7",66,"3_4_stimuli","3_3","Congruent","Congruent","Incongruent","Congruent",132.008621,132.20879,"3#",0.898773,"Correct","Correct","Correct","Correct"
"7",67,"5_6_stimuli","6_5","Incongruent","Congruent","Congruent","Incongruent",134.01027,134.193469,"5%",0.992936,"Correct","Correct","Correct","Correct"
"7",68,"7_8_stimuli","7_8","Incongruent","Incongruent","Congruent","Congruent",135.995239,136.195403,"8*",0.84805,"Correct","Correct","Correct","Correct"
"8",1,"1_2_stimuli","1_2","Incongruent",NA,NA,NA,2.001654,2.201812,"2@",0.866796,"Correct",NA,NA,NA
"8",2,"3_4_stimuli","3_3","Congruent","Incongruent",NA,NA,4.003294,4.203456,"3#",0.369665,"Correct","Correct",NA,NA
"8",3,"5_6_stimuli","6_5","Incongruent","Congruent","Incongruent",NA,6.004936,6.205104,"5%",0.383524,"Correct","Correct","Correct",NA
"8",4,"7_8_stimuli","7_8","Incongruent","Incongruent","Congruent","Incongruent",8.006594,8.206759,"8*",0.686363,"Correct","Correct","Correct","Correct"
"8",5,"1_2_stimuli","1_1","Congruent","Incongruent","Incongruent","Congruent",10.008234,10.208396,"1!",0.556758,"Correct","Correct","Correct","Correct"
"8",6,"3_4_stimuli","3_3","Congruent","Congruent","Incongruent","Incongruent",12.00989,12.210046,"3#",0.443067,"Correct","Correct","Correct","Correct"
"8",7,"5_6_stimuli","5_5","Congruent","Congruent","Congruent","Incongruent",13.994848,14.195018,"5%",1.226349,"Correct","Correct","Correct","Correct"
"8",8,"7_8_stimuli","8_8","Congruent","Congruent","Congruent","Congruent",15.9965,16.196663,"8*",0.616467,"Correct","Correct","Correct","Correct"
"8",9,"1_2_stimuli","1_2","Incongruent","Congruent","Congruent","Congruent",17.998142,18.198314,"2@",0.487008,"Correct","Correct","Correct","Correct"
"8",10,"3_4_stimuli","4_4","Congruent","Incongruent","Congruent","Congruent",19.999788,20.199952,"4$",0.501108,"Correct","Correct","Correct","Correct"
"8",11,"5_6_stimuli","6_5","Incongruent","Congruent","Incongruent","Congruent",22.001434,22.201598,"5%",0.691686,"Correct","Correct","Correct","Correct"
"8",12,"7_8_stimuli","7_8","Incongruent","Incongruent","Congruent","Incongruent",24.003081,24.203244,"8*",0.929519,"Correct","Correct","Correct","Correct"
"8",13,"1_2_stimuli","2_1","Incongruent","Incongruent","Incongruent","Congruent",26.00473,26.204892,"1!",0.783645,"Correct","Correct","Correct","Correct"
"8",14,"3_4_stimuli","3_3","Congruent","Incongruent","Incongruent","Incongruent",28.006379,28.206539,"3#",0.621998,"Correct","Correct","Correct","Correct"
"8",15,"5_6_stimuli","5_5","Congruent","Congruent","Incongruent","Incongruent",30.008024,30.208189,"5%",0.812385,"Correct","Correct","Correct","Correct"
"8",16,"7_8_stimuli","8_8","Congruent","Congruent","Congruent","Incongruent",32.00967,32.209836,"8*",0.635318,"Correct","Correct","Correct","Correct"
"8",17,"1_2_stimuli","2_2","Congruent","Congruent","Congruent","Congruent",33.994633,34.194803,"2@",0.601779,"Correct","Correct","Correct","Correct"
"8",18,"3_4_stimuli","4_3","Incongruent","Congruent","Congruent","Congruent",35.996286,36.196451,"3#",0.66432,"Correct","Correct","Correct","Correct"
"8",19,"5_6_stimuli","6_5","Incongruent","Incongruent","Congruent","Congruent",37.997933,38.198097,"4$",0.598566,"Error","Correct","Correct","Correct"
"8",20,"7_8_stimuli","7_7","Congruent","Incongruent","Incongruent","Congruent",39.999588,40.199743,"7&",0.581284,"Correct","Error","Correct","Correct"
"8",21,"1_2_stimuli","2_1","Incongruent","Congruent","Incongruent","Incongruent",42.001222,42.20139,"1!",0.739343,"Correct","Correct","Error","Correct"
"8",22,"3_4_stimuli","3_3","Congruent","Incongruent","Congruent","Incongruent",44.00287,44.203039,"3#",0.482225,"Correct","Correct","Correct","Error"
"8",23,"5_6_stimuli","6_6","Congruent","Congruent","Incongruent","Congruent",46.004524,46.204681,"5%",0.800471,"Error","Correct","Correct","Correct"
"8",24,"7_8_stimuli","8_7","Incongruent","Congruent","Congruent","Incongruent",48.006168,48.206341,"7&",1.262346,"Correct","Error","Correct","Correct"
"8",25,"1_2_stimuli","1_2","Incongruent","Incongruent","Congruent","Congruent",50.007817,50.207979,"2@",0.653049,"Correct","Correct","Error","Correct"
"8",26,"3_4_stimuli","3_4","Incongruent","Incongruent","Incongruent","Congruent",52.009464,52.209621,"4$",0.714886,"Correct","Correct","Correct","Error"
"8",27,"5_6_stimuli","6_6","Congruent","Incongruent","Incongruent","Incongruent",53.994418,54.194587,"6^",0.570395,"Correct","Correct","Correct","Correct"
"8",28,"7_8_stimuli","7_7","Congruent","Congruent","Incongruent","Incongruent",55.996072,56.196235,"7&",0.648316,"Correct","Correct","Correct","Correct"
"8",29,"1_2_stimuli","1_2","Incongruent","Congruent","Congruent","Incongruent",57.997727,58.197883,"2@",0.679277,"Correct","Correct","Correct","Correct"
"8",30,"3_4_stimuli","3_4","Incongruent","Incongruent","Congruent","Congruent",59.999374,60.199528,"4$",0.501404,"Correct","Correct","Correct","Correct"
"8",31,"5_6_stimuli","5_5","Congruent","Incongruent","Incongruent","Congruent",62.001014,62.20118,"5%",0.579424,"Correct","Correct","Correct","Correct"
"8",32,"7_8_stimuli","7_8","Incongruent","Congruent","Incongruent","Incongruent",64.002666,64.202829,"7&",0.402261,"Error","Correct","Correct","Correct"
"8",33,"1_2_stimuli","1_1","Congruent","Incongruent","Congruent","Incongruent",66.004314,66.204471,"1!",0.48033,"Correct","Error","Correct","Correct"
"8",34,"3_4_stimuli","3_3","Congruent","Congruent","Incongruent","Congruent",68.005957,68.20613,"3#",0.782397,"Correct","Correct","Error","Correct"
"8",35,"5_6_stimuli","6_5","Incongruent","Congruent","Congruent","Incongruent",70.007599,70.20777,"5%",0.636769,"Correct","Correct","Correct","Error"
"8",36,"7_8_stimuli","8_8","Congruent","Incongruent","Congruent","Congruent",72.009255,72.209413,"8*",0.571728,"Correct","Correct","Correct","Correct"
"8",37,"1_2_stimuli","1_2","Incongruent","Congruent","Incongruent","Congruent",73.994153,74.194378,"2@",0.778904,"Correct","Correct","Correct","Correct"
"8",38,"3_4_stimuli","4_3","Incongruent","Incongruent","Congruent","Incongruent",75.995857,76.196028,"3#",0.713045,"Correct","Correct","Correct","Correct"
"8",39,"5_6_stimuli","5_6","Incongruent","Incongruent","Incongruent","Congruent",77.997517,78.197678,"5%",0.743381,"Error","Correct","Correct","Correct"
"8",40,"7_8_stimuli","7_8","Incongruent","Incongruent","Incongruent","Incongruent",79.999162,80.199331,"8*",0.661375,"Correct","Error","Correct","Correct"
"8",41,"1_2_stimuli","2_1","Incongruent","Incongruent","Incongruent","Incongruent",82.000801,82.200976,"1!",0.452184,"Correct","Correct","Error","Correct"
"8",42,"3_4_stimuli","4_3","Incongruent","Incongruent","Incongruent","Incongruent",84.002461,84.20262,"3#",0.401899,"Correct","Correct","Correct","Error"
"8",43,"5_6_stimuli","5_6","Incongruent","Incongruent","Incongruent","Incongruent",86.004103,86.204259,"6^",0.640935,"Correct","Correct","Correct","Correct"
"8",44,"7_8_stimuli","7_7","Congruent","Incongruent","Incongruent","Incongruent",88.005746,88.205915,"7&",0.366638,"Correct","Correct","Correct","Correct"
"8",45,"1_2_stimuli","1_1","Congruent","Congruent","Incongruent","Incongruent",90.007396,90.207561,"1!",0.365465,"Correct","Correct","Correct","Correct"
"8",46,"3_4_stimuli","3_4","Incongruent","Congruent","Congruent","Incongruent",92.009041,92.209206,"4$",0.892012,"Correct","Correct","Correct","Correct"
"8",47,"5_6_stimuli","6_6","Congruent","Incongruent","Congruent","Congruent",94.010693,94.194173,"6^",0.633792,"Correct","Correct","Correct","Correct"
"8",48,"7_8_stimuli","7_7","Congruent","Congruent","Incongruent","Congruent",95.995654,96.195811,"7&",0.392638,"Correct","Correct","Correct","Correct"
"8",49,"1_2_stimuli","2_2","Congruent","Congruent","Congruent","Incongruent",97.997298,98.19747,"2@",0.679534,"Correct","Correct","Correct","Correct"
"8",50,"3_4_stimuli","4_4","Congruent","Congruent","Congruent","Congruent",99.998948,100.199118,"4$",0.806006,"Correct","Correct","Correct","Correct"
"8",51,"5_6_stimuli","6_6","Congruent","Congruent","Congruent","Congruent",102.000602,102.20076,"6^",1.011701,"Correct","Correct","Correct","Correct"
"8",52,"7_8_stimuli","8_7","Incongruent","Congruent","Congruent","Congruent",104.002246,104.202414,"7&",0.786254,"Correct","Correct","Correct","Correct"
"8",53,"1_2_stimuli","2_2","Congruent","Incongruent","Congruent","Congruent",106.003885,106.204056,"2@",0.624456,"Correct","Correct","Correct","Correct"
"8",54,"3_4_stimuli","3_4","Incongruent","Congruent","Incongruent","Congruent",108.005534,108.205699,"4$",0.62283,"Correct","Correct","Correct","Correct"
"8",55,"5_6_stimuli","6_5","Incongruent","Incongruent","Congruent","Incongruent",110.007183,110.207344,"5%",1.357527,"Correct","Correct","Correct","Correct"
"8",56,"7_8_stimuli","8_7","Incongruent","Incongruent","Incongruent","Congruent",112.008833,112.208991,"7&",0.604004,"Correct","Correct","Correct","Correct"
"8",57,"1_2_stimuli","1_1","Congruent","Incongruent","Incongruent","Incongruent",114.010475,114.193882,"1!",0.586449,"Correct","Correct","Correct","Correct"
"8",58,"3_4_stimuli","4_3","Incongruent","Congruent","Incongruent","Incongruent",115.995446,116.195605,"3#",0.728902,"Correct","Correct","Correct","Correct"
"8",59,"5_6_stimuli","5_5","Congruent","Incongruent","Congruent","Incongruent",117.997091,118.197262,"5%",1.095252,"Correct","Correct","Correct","Correct"
"8",60,"7_8_stimuli","8_7","Incongruent","Congruent","Incongruent","Congruent",119.998745,120.1989,"7&",0.869573,"Correct","Correct","Correct","Correct"
"8",61,"1_2_stimuli","2_1","Incongruent","Incongruent","Congruent","Incongruent",122.000383,122.200547,"1!",0.516676,"Correct","Correct","Correct","Correct"
"8",62,"3_4_stimuli","4_4","Congruent","Incongruent","Incongruent","Congruent",124.002027,124.202194,"4$",0.64234,"Correct","Correct","Correct","Correct"
"8",63,"5_6_stimuli","5_6","Incongruent","Congruent","Incongruent","Incongruent",126.003676,126.203839,"6^",0.721201,"Correct","Correct","Correct","Correct"
"8",64,"7_8_stimuli","8_8","Congruent","Incongruent","Congruent","Incongruent",128.005326,128.205495,"8*",0.735558,"Correct","Correct","Correct","Correct"
"8",65,"1_2_stimuli","2_2","Congruent","Congruent","Incongruent","Congruent",130.006969,130.207135,"2@",0.685604,"Correct","Correct","Correct","Correct"
"8",66,"3_4_stimuli","4_4","Congruent","Congruent","Congruent","Incongruent",132.008618,132.20878,"4$",0.956448,"Correct","Correct","Correct","Correct"
"8",67,"5_6_stimuli","5_6","Incongruent","Congruent","Congruent","Congruent",134.010265,134.193468,"6^",0.922106,"Correct","Correct","Correct","Correct"
"8",68,"7_8_stimuli","7_8","Incongruent","Incongruent","Congruent","Congruent",135.995223,136.1954,"8*",0.537721,"Correct","Correct","Correct","Correct"
"9",1,"1_2_stimuli","2_1","Incongruent",NA,NA,NA,2.001655,2.201818,"1!",0.617681,"Correct",NA,NA,NA
"9",2,"3_4_stimuli","4_3","Incongruent","Incongruent",NA,NA,4.003296,4.203467,"3#",0.376412,"Correct","Correct",NA,NA
"9",3,"5_6_stimuli","6_5","Incongruent","Incongruent","Incongruent",NA,6.004941,6.205106,"5%",0.342758,"Correct","Correct","Correct",NA
"9",4,"7_8_stimuli","8_7","Incongruent","Incongruent","Incongruent","Incongruent",8.006592,8.206756,"7&",0.292995,"Correct","Correct","Correct","Correct"
"9",5,"1_2_stimuli","2_2","Congruent","Incongruent","Incongruent","Incongruent",10.008237,10.208397,"2@",0.626886,"Correct","Correct","Correct","Correct"
"9",6,"3_4_stimuli","4_4","Congruent","Congruent","Incongruent","Incongruent",12.009879,12.210055,"4$",0.401274,"Correct","Correct","Correct","Correct"
"9",7,"5_6_stimuli","5_6","Incongruent","Congruent","Congruent","Incongruent",13.994848,14.195004,"6^",0.336555,"Correct","Correct","Correct","Correct"
"9",8,"7_8_stimuli","8_8","Congruent","Incongruent","Congruent","Congruent",15.996493,16.196667,"8*",0.495204,"Correct","Correct","Correct","Correct"
"9",9,"1_2_stimuli","1_2","Incongruent","Congruent","Incongruent","Congruent",17.998141,18.198315,"1!",0.493539,"Error","Correct","Correct","Correct"
"9",10,"3_4_stimuli","4_4","Congruent","Incongruent","Congruent","Incongruent",19.999797,20.199957,"4$",0.923379,"Correct","Error","Correct","Correct"
"9",11,"5_6_stimuli","5_6","Incongruent","Congruent","Incongruent","Congruent",22.001434,22.201603,"6^",0.809691,"Correct","Correct","Error","Correct"
"9",12,"7_8_stimuli","7_7","Congruent","Incongruent","Congruent","Incongruent",24.003082,24.20325,"7&",0.616427,"Correct","Correct","Correct","Error"
"9",13,"1_2_stimuli","1_1","Congruent","Congruent","Incongruent","Congruent",26.004733,26.204892,"1!",0.582413,"Correct","Correct","Correct","Correct"
"9",14,"3_4_stimuli","3_4","Incongruent","Congruent","Congruent","Incongruent",28.006384,28.206541,"4$",0.580763,"Correct","Correct","Correct","Correct"
"9",15,"5_6_stimuli","5_5","Congruent","Incongruent","Congruent","Congruent",30.008029,30.20819,"5%",0.65911,"Correct","Correct","Correct","Correct"
"9",16,"7_8_stimuli","8_8","Congruent","Congruent","Incongruent","Congruent",32.009672,32.209846,"8*",0.449423,"Correct","Correct","Correct","Correct"
"9",17,"1_2_stimuli","1_2","Incongruent","Congruent","Congruent","Incongruent",33.994645,34.194809,"2@",0.737907,"Correct","Correct","Correct","Correct"
"9",18,"3_4_stimuli","4_3","Incongruent","Incongruent","Congruent","Congruent",35.996288,36.196448,"3#",0.766877,"Correct","Correct","Correct","Correct"
"9",19,"5_6_stimuli","6_6","Congruent","Incongruent","Incongruent","Congruent",37.997941,38.198106,"6^",0.717363,"Correct","Correct","Correct","Correct"
"9",20,"7_8_stimuli","7_7","Congruent","Congruent","Incongruent","Incongruent",39.999578,40.199766,"7&",0.444139,"Correct","Correct","Correct","Correct"
"9",21,"1_2_stimuli","1_1","Congruent","Congruent","Congruent","Incongruent",42.001224,42.201396,"1!",0.602322,"Correct","Correct","Correct","Correct"
"9",22,"3_4_stimuli","4_4","Congruent","Congruent","Congruent","Congruent",44.00287,44.203034,"4$",0.648604,"Correct","Correct","Correct","Correct"
"9",23,"5_6_stimuli","5_5","Congruent","Congruent","Congruent","Congruent",46.004517,46.204685,"5%",0.854752,"Correct","Correct","Correct","Correct"
"9",24,"7_8_stimuli","7_8","Incongruent","Congruent","Congruent","Congruent",48.006168,48.206337,"8*",0.644955,"Correct","Correct","Correct","Correct"
"9",25,"1_2_stimuli","1_1","Congruent","Incongruent","Congruent","Congruent",50.007819,50.207978,"1!",0.435486,"Correct","Correct","Correct","Correct"
"9",26,"3_4_stimuli","4_3","Incongruent","Congruent","Incongruent","Congruent",52.00947,52.209625,"3#",0.690175,"Correct","Correct","Correct","Correct"
"9",27,"5_6_stimuli","6_6","Congruent","Incongruent","Congruent","Incongruent",53.994421,54.194591,"5%",1.185187,"Error","Correct","Correct","Correct"
"9",28,"7_8_stimuli","8_7","Incongruent","Congruent","Incongruent","Congruent",55.996065,56.196235,"7&",0.735017,"Correct","Error","Correct","Correct"
"9",29,"1_2_stimuli","2_2","Congruent","Incongruent","Congruent","Incongruent",57.997732,58.197882,"2@",1.053648,"Correct","Correct","Error","Correct"
"9",30,"3_4_stimuli","4_4","Congruent","Congruent","Incongruent","Congruent",59.99937,60.199565,"4$",0.588154,"Correct","Correct","Correct","Error"
"9",31,"5_6_stimuli","5_5","Congruent","Congruent","Congruent","Incongruent",62.001036,62.201208,"5%",0.570221,"Correct","Correct","Correct","Correct"
"9",32,"7_8_stimuli","8_8","Congruent","Congruent","Congruent","Congruent",64.002671,64.202838,"8*",0.680789,"Correct","Correct","Correct","Correct"
"9",33,"1_2_stimuli","1_2","Incongruent","Congruent","Congruent","Congruent",66.004337,66.204483,"2@",0.695362,"Correct","Correct","Correct","Correct"
"9",34,"3_4_stimuli","3_3","Congruent","Incongruent","Congruent","Congruent",68.005964,68.206146,"3#",0.869137,"Correct","Correct","Correct","Correct"
"9",35,"5_6_stimuli","5_5","Congruent","Congruent","Incongruent","Congruent",70.007606,70.207777,"5%",0.804045,"Correct","Correct","Correct","Correct"
"9",36,"7_8_stimuli","7_7","Congruent","Congruent","Congruent","Incongruent",72.009258,72.209421,"7&",0.60983,"Correct","Correct","Correct","Correct"
"9",37,"1_2_stimuli","2_2","Congruent","Congruent","Congruent","Congruent",73.993908,74.194381,"2@",0.641766,"Correct","Correct","Correct","Correct"
"9",38,"3_4_stimuli","3_4","Incongruent","Congruent","Congruent","Congruent",75.995889,76.196053,"4$",0.799234,"Correct","Correct","Correct","Correct"
"9",39,"5_6_stimuli","6_5","Incongruent","Incongruent","Congruent","Congruent",77.997517,78.197682,"5%",0.46167,"Correct","Correct","Correct","Correct"
"9",40,"7_8_stimuli","7_8","Incongruent","Incongruent","Incongruent","Congruent",79.999166,80.199334,"8*",0.876165,"Correct","Correct","Correct","Correct"
"9",41,"1_2_stimuli","2_1","Incongruent","Incongruent","Incongruent","Incongruent",82.000809,82.200972,"1!",0.570817,"Correct","Correct","Correct","Correct"
"9",42,"3_4_stimuli","3_4","Incongruent","Incongruent","Incongruent","Incongruent",84.00246,84.202638,"4$",0.984694,"Correct","Correct","Correct","Correct"
"9",43,"5_6_stimuli","6_6","Congruent","Incongruent","Incongruent","Incongruent",86.004129,86.204265,"6^",0.93508,"Correct","Correct","Correct","Correct"
"9",44,"7_8_stimuli","8_7","Incongruent","Congruent","Incongruent","Incongruent",88.005747,88.205913,"7&",0.661299,"Correct","Correct","Correct","Correct"
"9",45,"1_2_stimuli","1_2","Incongruent","Incongruent","Congruent","Incongruent",90.007397,90.207557,"2@",0.836167,"Correct","Correct","Correct","Correct"
"9",46,"3_4_stimuli","3_3","Congruent","Incongruent","Incongruent","Congruent",92.009038,92.20921,"3#",1.250492,"Correct","Correct","Correct","Correct"
"9",47,"5_6_stimuli","6_5","Incongruent","Congruent","Incongruent","Incongruent",94.010686,94.194172,"5%",1.041036,"Correct","Correct","Correct","Correct"
"9",48,"7_8_stimuli","8_7","Incongruent","Incongruent","Congruent","Incongruent",95.995657,96.19582,"7&",0.527654,"Correct","Correct","Correct","Correct"
"9",49,"1_2_stimuli","2_2","Congruent","Incongruent","Incongruent","Congruent",97.997304,98.197476,"2@",0.557796,"Correct","Correct","Correct","Correct"
"9",50,"3_4_stimuli","3_4","Incongruent","Congruent","Incongruent","Incongruent",99.998946,100.19912,"4$",0.860639,"Correct","Correct","Correct","Correct"
"9",51,"5_6_stimuli","6_5","Incongruent","Incongruent","Congruent","Incongruent",102.000603,102.20076,"5%",0.63484,"Correct","Correct","Correct","Correct"
"9",52,"7_8_stimuli","8_8","Congruent","Incongruent","Incongruent","Congruent",104.002251,104.202406,"8*",0.600777,"Correct","Correct","Correct","Correct"
"9",53,"1_2_stimuli","1_1","Congruent","Congruent","Incongruent","Incongruent",106.003895,106.204054,"1!",0.359442,"Correct","Correct","Correct","Correct"
"9",54,"3_4_stimuli","3_3","Congruent","Congruent","Congruent","Incongruent",108.005535,108.205697,"3#",0.629712,"Correct","Correct","Correct","Correct"
"9",55,"5_6_stimuli","5_6","Incongruent","Congruent","Congruent","Congruent",110.007182,110.207349,"6^",0.8521,"Correct","Correct","Correct","Correct"
"9",56,"7_8_stimuli","7_8","Incongruent","Incongruent","Congruent","Congruent",112.008838,112.20899,"8*",0.48274,"Correct","Correct","Correct","Correct"
"9",57,"1_2_stimuli","2_1","Incongruent","Incongruent","Incongruent","Congruent",114.010477,114.193881,"1!",0.352578,"Correct","Correct","Correct","Correct"
"9",58,"3_4_stimuli","3_3","Congruent","Incongruent","Incongruent","Incongruent",115.995437,116.195614,"3#",0.575731,"Correct","Correct","Correct","Correct"
"9",59,"5_6_stimuli","6_6","Congruent","Congruent","Incongruent","Incongruent",117.997093,118.197247,"5%",1.00652,"Error","Correct","Correct","Correct"
"9",60,"7_8_stimuli","7_8","Incongruent","Congruent","Congruent","Incongruent",119.998736,120.198905,"8*",0.652341,"Correct","Error","Correct","Correct"
"9",61,"1_2_stimuli","2_1","Incongruent","Incongruent","Congruent","Congruent",122.00039,122.200548,"1!",0.378665,"Correct","Correct","Error","Correct"
"9",62,"3_4_stimuli","4_3","Incongruent","Incongruent","Incongruent","Congruent",124.00203,124.202198,"3#",0.393208,"Correct","Correct","Correct","Error"
"9",63,"5_6_stimuli","5_6","Incongruent","Incongruent","Incongruent","Incongruent",126.003677,126.203845,"6^",0.775998,"Correct","Correct","Correct","Correct"
"9",64,"7_8_stimuli","7_7","Congruent","Incongruent","Incongruent","Incongruent",128.005332,128.205487,"7&",0.342505,"Correct","Correct","Correct","Correct"
"9",65,"1_2_stimuli","2_1","Incongruent","Congruent","Incongruent","Incongruent",130.006971,130.207146,"1!",0.6122,"Correct","Correct","Correct","Correct"
"9",66,"3_4_stimuli","4_3","Incongruent","Incongruent","Congruent","Incongruent",132.00862,132.20879,"2@",0.418868,"Error","Correct","Correct","Correct"
"9",67,"5_6_stimuli","6_5","Incongruent","Incongruent","Incongruent","Congruent",134.010267,134.210435,"5%",1.121226,"Correct","Error","Correct","Correct"
"9",68,"7_8_stimuli","8_7","Incongruent","Incongruent","Incongruent","Incongruent",135.995232,136.195404,"7&",0.639834,"Correct","Correct","Error","Correct"
"10",1,"1_2_stimuli","1_2","Incongruent",NA,NA,NA,2.00165,2.201809,"2@",0.72349,"Correct",NA,NA,NA
"10",2,"3_4_stimuli","3_3","Congruent","Incongruent",NA,NA,4.00329,4.203458,"3#",0.465701,"Correct","Correct",NA,NA
"10",3,"5_6_stimuli","6_6","Congruent","Congruent","Incongruent",NA,6.00494,6.205111,"6^",1.103559,"Correct","Correct","Correct",NA
"10",4,"7_8_stimuli","8_7","Incongruent","Congruent","Congruent","Incongruent",8.006587,8.206747,"7&",0.557933,"Correct","Correct","Correct","Correct"
"10",5,"1_2_stimuli","1_1","Congruent","Incongruent","Congruent","Congruent",10.008234,10.208401,"1!",0.508234,"Correct","Correct","Correct","Correct"
"10",6,"3_4_stimuli","4_4","Congruent","Congruent","Incongruent","Congruent",12.009888,12.21005,"4$",0.730905,"Correct","Correct","Correct","Correct"
"10",7,"5_6_stimuli","5_6","Incongruent","Congruent","Congruent","Incongruent",13.994842,14.195011,"6^",0.761589,"Correct","Correct","Correct","Correct"
"10",8,"7_8_stimuli","7_8","Incongruent","Incongruent","Congruent","Congruent",15.996515,16.196653,"8*",0.296005,"Correct","Correct","Correct","Correct"
"10",9,"1_2_stimuli","2_1","Incongruent","Incongruent","Incongruent","Congruent",17.998142,18.198301,"1!",1.062355,"Correct","Correct","Correct","Correct"
"10",10,"3_4_stimuli","4_3","Incongruent","Incongruent","Incongruent","Incongruent",19.999787,20.199953,"3#",0.661021,"Correct","Correct","Correct","Correct"
"10",11,"5_6_stimuli","5_6","Incongruent","Incongruent","Incongruent","Incongruent",22.001437,22.201596,"6^",0.979086,"Correct","Correct","Correct","Correct"
"10",12,"7_8_stimuli","8_7","Incongruent","Incongruent","Incongruent","Incongruent",24.003088,24.203244,"7&",0.641605,"Correct","Correct","Correct","Correct"
"10",13,"1_2_stimuli","2_2","Congruent","Incongruent","Incongruent","Incongruent",26.004737,26.204893,"2@",0.832318,"Correct","Correct","Correct","Correct"
"10",14,"3_4_stimuli","3_4","Incongruent","Congruent","Incongruent","Incongruent",28.006382,28.206535,"4$",0.558145,"Correct","Correct","Correct","Correct"
"10",15,"5_6_stimuli","6_5","Incongruent","Incongruent","Congruent","Incongruent",30.008026,30.20819,"5%",0.557013,"Correct","Correct","Correct","Correct"
"10",16,"7_8_stimuli","7_7","Congruent","Incongruent","Incongruent","Congruent",32.009672,32.209849,"7&",0.507223,"Correct","Correct","Correct","Correct"
"10",17,"1_2_stimuli","2_2","Congruent","Congruent","Incongruent","Incongruent",33.994639,34.194798,"2@",0.586531,"Correct","Correct","Correct","Correct"
"10",18,"3_4_stimuli","4_4","Congruent","Congruent","Congruent","Incongruent",35.996283,36.196455,"4$",0.424323,"Correct","Correct","Correct","Correct"
"10",19,"5_6_stimuli","5_6","Incongruent","Congruent","Congruent","Congruent",37.997936,38.198089,"6^",0.999135,"Correct","Correct","Correct","Correct"
"10",20,"7_8_stimuli","7_7","Congruent","Incongruent","Congruent","Congruent",39.999583,40.199743,"7&",0.64511,"Correct","Correct","Correct","Correct"
"10",21,"1_2_stimuli","1_2","Incongruent","Congruent","Incongruent","Congruent",42.001225,42.201388,"2@",0.419834,"Correct","Correct","Correct","Correct"
"10",22,"3_4_stimuli","3_3","Congruent","Incongruent","Congruent","Incongruent",44.002873,44.203033,"3#",0.721833,"Correct","Correct","Correct","Correct"
"10",23,"5_6_stimuli","5_6","Incongruent","Congruent","Incongruent","Congruent",46.004516,46.204679,"6^",0.656005,"Correct","Correct","Correct","Correct"
"10",24,"7_8_stimuli","8_7","Incongruent","Incongruent","Congruent","Incongruent",48.006165,48.206325,"7&",0.43091,"Correct","Correct","Correct","Correct"
"10",25,"1_2_stimuli","2_2","Congruent","Incongruent","Incongruent","Congruent",50.007815,50.207975,"2@",0.540708,"Correct","Correct","Correct","Correct"
"10",26,"3_4_stimuli","3_3","Congruent","Congruent","Incongruent","Incongruent",52.009456,52.20962,"3#",0.57152,"Correct","Correct","Correct","Correct"
"10",27,"5_6_stimuli","6_6","Congruent","Congruent","Congruent","Incongruent",53.994421,54.194588,"6^",0.634764,"Correct","Correct","Correct","Correct"
"10",28,"7_8_stimuli","8_8","Congruent","Congruent","Congruent","Congruent",55.996064,56.196232,"8*",0.504986,"Correct","Correct","Correct","Correct"
"10",29,"1_2_stimuli","1_2","Incongruent","Congruent","Congruent","Congruent",57.997714,58.197884,"1!",0.662763,"Error","Correct","Correct","Correct"
"10",30,"3_4_stimuli","4_4","Congruent","Incongruent","Congruent","Congruent",59.999366,60.199534,"3#",0.997078,"Error","Error","Correct","Correct"
"10",31,"5_6_stimuli","5_5","Congruent","Congruent","Incongruent","Congruent",62.00101,62.201176,"5%",1.267634,"Correct","Error","Error","Correct"
"10",32,"7_8_stimuli","7_7","Congruent","Congruent","Congruent","Incongruent",64.002658,64.202834,"7&",0.641824,"Correct","Correct","Error","Error"
"10",33,"1_2_stimuli","1_1","Congruent","Congruent","Congruent","Congruent",66.00431,66.20448,"1!",0.608218,"Correct","Correct","Correct","Error"
"10",34,"3_4_stimuli","3_4","Incongruent","Congruent","Congruent","Congruent",68.005949,68.206126,"4$",0.65502,"Correct","Correct","Correct","Correct"
"10",35,"5_6_stimuli","6_6","Congruent","Incongruent","Congruent","Congruent",70.0076,70.207764,"6^",0.5569,"Correct","Correct","Correct","Correct"
"10",36,"7_8_stimuli","8_8","Congruent","Congruent","Incongruent","Congruent",72.009246,72.209409,"8*",0.507471,"Correct","Correct","Correct","Correct"
"10",37,"1_2_stimuli","1_2","Incongruent","Congruent","Congruent","Incongruent",73.99415,74.194382,"2@",0.746815,"Correct","Correct","Correct","Correct"
"10",38,"3_4_stimuli","4_3","Incongruent","Incongruent","Congruent","Congruent",75.99586,76.196029,"3#",0.793124,"Correct","Correct","Correct","Correct"
"10",39,"5_6_stimuli","6_5","Incongruent","Incongruent","Incongruent","Congruent",77.997513,78.197675,"5%",1.383606,"Correct","Correct","Correct","Correct"
"10",40,"7_8_stimuli","8_8","Congruent","Incongruent","Incongruent","Incongruent",79.999151,80.199322,"8*",0.581955,"Correct","Correct","Correct","Correct"
"10",41,"1_2_stimuli","2_1","Incongruent","Congruent","Incongruent","Incongruent",82.0008,82.200965,"1!",0.723683,"Correct","Correct","Correct","Correct"
"10",42,"3_4_stimuli","3_4","Incongruent","Incongruent","Congruent","Incongruent",84.002447,84.202612,"4$",0.786568,"Correct","Correct","Correct","Correct"
"10",43,"5_6_stimuli","6_6","Congruent","Incongruent","Incongruent","Congruent",86.004093,86.204267,"6^",0.736374,"Correct","Correct","Correct","Correct"
"10",44,"7_8_stimuli","7_8","Incongruent","Congruent","Incongruent","Incongruent",88.005747,88.205911,"8*",0.735235,"Correct","Correct","Correct","Correct"
"10",45,"1_2_stimuli","1_1","Congruent","Incongruent","Congruent","Incongruent",90.007388,90.207556,"1!",0.557578,"Correct","Correct","Correct","Correct"
"10",46,"3_4_stimuli","4_3","Incongruent","Congruent","Incongruent","Congruent",92.009044,92.209204,"3#",0.651435,"Correct","Correct","Correct","Correct"
"10",47,"5_6_stimuli","5_5","Congruent","Incongruent","Congruent","Incongruent",93.993724,94.194089,"5%",0.987447,"Correct","Correct","Correct","Correct"
"10",48,"7_8_stimuli","7_8","Incongruent","Congruent","Incongruent","Congruent",95.995669,96.195812,"8*",0.728971,"Correct","Correct","Correct","Correct"
"10",49,"1_2_stimuli","2_1","Incongruent","Incongruent","Congruent","Incongruent",97.997308,98.197456,"1!",0.471085,"Correct","Correct","Correct","Correct"
"10",50,"3_4_stimuli","3_4","Incongruent","Incongruent","Incongruent","Congruent",99.998945,100.19911,"4$",0.565445,"Correct","Correct","Correct","Correct"
"10",51,"5_6_stimuli","5_5","Congruent","Incongruent","Incongruent","Incongruent",102.000595,102.200752,"5%",1.027804,"Correct","Correct","Correct","Correct"
"10",52,"7_8_stimuli","8_8","Congruent","Congruent","Incongruent","Incongruent",104.002238,104.202402,"8*",0.594262,"Correct","Correct","Correct","Correct"
"10",53,"1_2_stimuli","1_1","Congruent","Congruent","Congruent","Incongruent",106.003885,106.204052,"1!",0.304951,"Correct","Correct","Correct","Correct"
"10",54,"3_4_stimuli","3_3","Congruent","Congruent","Congruent","Congruent",108.005536,108.205698,"3#",0.463369,"Correct","Correct","Correct","Correct"
"10",55,"5_6_stimuli","6_6","Congruent","Congruent","Congruent","Congruent",110.007182,110.207343,"6^",0.76522,"Correct","Correct","Correct","Correct"
"10",56,"7_8_stimuli","8_7","Incongruent","Congruent","Congruent","Congruent",112.008825,112.208992,"7&",0.492249,"Correct","Correct","Correct","Correct"
"10",57,"1_2_stimuli","2_1","Incongruent","Incongruent","Congruent","Congruent",114.010476,114.1939,"1!",0.585942,"Correct","Correct","Correct","Correct"
"10",58,"3_4_stimuli","3_3","Congruent","Incongruent","Incongruent","Congruent",115.995435,116.195597,"3#",0.537237,"Correct","Correct","Correct","Correct"
"10",59,"5_6_stimuli","6_5","Incongruent","Congruent","Incongruent","Incongruent",117.997089,118.19725,"5%",0.807359,"Correct","Correct","Correct","Correct"
"10",60,"7_8_stimuli","7_7","Congruent","Incongruent","Congruent","Incongruent",119.99874,120.198906,"7&",0.581895,"Correct","Correct","Correct","Correct"
"10",61,"1_2_stimuli","2_2","Congruent","Congruent","Incongruent","Congruent",122.000386,122.200548,"2@",0.692437,"Correct","Correct","Correct","Correct"
"10",62,"3_4_stimuli","4_3","Incongruent","Congruent","Congruent","Incongruent",124.002028,124.202195,"3#",0.691104,"Correct","Correct","Correct","Correct"
"10",63,"5_6_stimuli","6_5","Incongruent","Incongruent","Congruent","Congruent",126.00368,126.203848,"5%",0.689242,"Correct","Correct","Correct","Correct"
"10",64,"7_8_stimuli","8_7","Incongruent","Incongruent","Incongruent","Congruent",128.005325,128.205483,"7&",0.479323,"Correct","Correct","Correct","Correct"
"10",65,"1_2_stimuli","1_2","Incongruent","Incongruent","Incongruent","Incongruent",130.006975,130.207134,"2@",0.861881,"Correct","Correct","Correct","Correct"
"10",66,"3_4_stimuli","4_4","Congruent","Incongruent","Incongruent","Incongruent",132.008623,132.20878,"4$",0.69985,"Correct","Correct","Correct","Correct"
"10",67,"5_6_stimuli","5_5","Congruent","Congruent","Incongruent","Incongruent",134.01027,134.193463,"5%",0.410176,"Correct","Correct","Correct","Correct"
"10",68,"7_8_stimuli","7_8","Incongruent","Congruent","Congruent","Incongruent",135.995235,136.19539,"8*",0.649467,"Correct","Correct","Correct","Correct"
"11",1,"1_2_stimuli","1_1","Congruent",NA,NA,NA,2.001645,2.201809,"1!",0.601722,"Correct",NA,NA,NA
"11",2,"3_4_stimuli","3_4","Incongruent","Congruent",NA,NA,4.003292,4.203456,"4$",0.455602,"Correct","Correct",NA,NA
"11",3,"5_6_stimuli","5_5","Congruent","Incongruent","Congruent",NA,6.004942,6.205104,"5%",0.48615,"Correct","Correct","Correct",NA
"11",4,"7_8_stimuli","7_7","Congruent","Congruent","Incongruent","Congruent",8.006587,8.206758,"7&",0.533083,"Correct","Correct","Correct","Correct"
"11",5,"1_2_stimuli","2_1","Incongruent","Congruent","Congruent","Incongruent",10.008234,10.208401,"1!",0.642822,"Correct","Correct","Correct","Correct"
"11",6,"3_4_stimuli","3_4","Incongruent","Incongruent","Congruent","Congruent",12.009884,12.210046,"4$",0.801202,"Correct","Correct","Correct","Correct"
"11",7,"5_6_stimuli","6_5","Incongruent","Incongruent","Incongruent","Congruent",13.994846,14.195011,"5%",0.560549,"Correct","Correct","Correct","Correct"
"11",8,"7_8_stimuli","7_8","Incongruent","Incongruent","Incongruent","Incongruent",15.996494,16.196667,"8*",0.622596,"Correct","Correct","Correct","Correct"
"11",9,"1_2_stimuli","2_2","Congruent","Incongruent","Incongruent","Incongruent",17.998144,18.19831,"2@",0.620725,"Correct","Correct","Correct","Correct"
"11",10,"3_4_stimuli","4_4","Congruent","Congruent","Incongruent","Incongruent",19.999798,20.199951,"3#",0.443477,"Error","Correct","Correct","Correct"
"11",11,"5_6_stimuli","6_6","Congruent","Congruent","Congruent","Incongruent",22.001438,22.201599,"6^",1.001453,"Correct","Error","Correct","Correct"
"11",12,"7_8_stimuli","7_8","Incongruent","Congruent","Congruent","Congruent",24.003085,24.203254,"8*",0.600163,"Correct","Correct","Error","Correct"
"11",13,"1_2_stimuli","2_1","Incongruent","Incongruent","Congruent","Congruent",26.004733,26.204895,"1!",0.454666,"Correct","Correct","Correct","Error"
"11",14,"3_4_stimuli","4_3","Incongruent","Incongruent","Incongruent","Congruent",28.006377,28.206545,"3#",0.660485,"Correct","Correct","Correct","Correct"
"11",15,"5_6_stimuli","6_5","Incongruent","Incongruent","Incongruent","Incongruent",30.00803,30.208196,"5%",1.171562,"Correct","Correct","Correct","Correct"
"11",16,"7_8_stimuli","8_8","Congruent","Incongruent","Incongruent","Incongruent",32.00967,32.209842,"8*",0.609184,"Correct","Correct","Correct","Correct"
"11",17,"1_2_stimuli","2_2","Congruent","Congruent","Incongruent","Incongruent",33.994647,34.194805,"2@",0.848434,"Correct","Correct","Correct","Correct"
"11",18,"3_4_stimuli","4_4","Congruent","Congruent","Congruent","Incongruent",35.996306,36.196461,"4$",0.718839,"Correct","Correct","Correct","Correct"
"11",19,"5_6_stimuli","6_6","Congruent","Congruent","Congruent","Congruent",37.997935,38.198106,"6^",0.748842,"Correct","Correct","Correct","Correct"
"11",20,"7_8_stimuli","7_7","Congruent","Congruent","Congruent","Congruent",39.999586,40.199742,"7&",0.619812,"Correct","Correct","Correct","Correct"
"11",21,"1_2_stimuli","1_2","Incongruent","Congruent","Congruent","Congruent",42.001225,42.2014,"2@",0.938356,"Correct","Correct","Correct","Correct"
"11",22,"3_4_stimuli","3_3","Congruent","Incongruent","Congruent","Congruent",44.00287,44.203035,"3#",0.744369,"Correct","Correct","Correct","Correct"
"11",23,"5_6_stimuli","5_6","Incongruent","Congruent","Incongruent","Congruent",46.004522,46.204689,"6^",1.094487,"Correct","Correct","Correct","Correct"
"11",24,"7_8_stimuli","8_7","Incongruent","Incongruent","Congruent","Incongruent",48.006177,48.206334,"7&",0.725274,"Correct","Correct","Correct","Correct"
"11",25,"1_2_stimuli","1_1","Congruent","Incongruent","Incongruent","Congruent",50.00782,50.207979,"1!",0.643266,"Correct","Correct","Correct","Correct"
"11",26,"3_4_stimuli","4_3","Incongruent","Congruent","Incongruent","Incongruent",52.00946,52.209626,"3#",0.593625,"Correct","Correct","Correct","Correct"
"11",27,"5_6_stimuli","5_5","Congruent","Incongruent","Congruent","Incongruent",53.994419,54.1946,"5%",1.04064,"Correct","Correct","Correct","Correct"
"11",28,"7_8_stimuli","7_7","Congruent","Congruent","Incongruent","Congruent",55.996079,56.19624,"7&",0.49512,"Correct","Correct","Correct","Correct"
"11",29,"1_2_stimuli","1_1","Congruent","Congruent","Congruent","Incongruent",57.997731,58.19789,"1!",0.477762,"Correct","Correct","Correct","Correct"
"11",30,"3_4_stimuli","3_3","Congruent","Congruent","Congruent","Congruent",59.999374,60.199545,"3#",0.4916,"Correct","Correct","Correct","Correct"
"11",31,"5_6_stimuli","5_6","Incongruent","Congruent","Congruent","Congruent",62.001019,62.201179,"5%",0.986518,"Error","Correct","Correct","Correct"
"11",32,"7_8_stimuli","7_7","Congruent","Incongruent","Congruent","Congruent",64.002669,64.202828,"7&",0.568183,"Correct","Error","Correct","Correct"
"11",33,"1_2_stimuli","1_2","Incongruent","Congruent","Incongruent","Congruent",66.004308,66.204485,"2@",0.758763,"Correct","Correct","Error","Correct"
"11",34,"3_4_stimuli","4_3","Incongruent","Incongruent","Congruent","Incongruent",68.005958,68.206126,"3#",1.204878,"Correct","Correct","Correct","Error"
"11",35,"5_6_stimuli","6_6","Congruent","Incongruent","Incongruent","Congruent",70.007606,70.207769,"6^",1.139447,"Correct","Correct","Correct","Correct"
"11",36,"7_8_stimuli","8_7","Incongruent","Congruent","Incongruent","Incongruent",72.009254,72.20942,"7&",0.529573,"Correct","Correct","Correct","Correct"
"11",37,"1_2_stimuli","1_1","Congruent","Incongruent","Congruent","Incongruent",73.994139,74.194374,"1!",0.512949,"Correct","Correct","Correct","Correct"
"11",38,"3_4_stimuli","3_4","Incongruent","Congruent","Incongruent","Congruent",75.995859,76.196033,"4$",0.655177,"Correct","Correct","Correct","Correct"
"11",39,"5_6_stimuli","5_6","Incongruent","Incongruent","Congruent","Incongruent",77.99752,78.197677,"6^",0.765906,"Correct","Correct","Correct","Correct"
"11",40,"7_8_stimuli","8_8","Congruent","Incongruent","Incongruent","Congruent",79.999161,80.199328,"8*",0.571666,"Correct","Correct","Correct","Correct"
"11",41,"1_2_stimuli","2_1","Incongruent","Congruent","Incongruent","Incongruent",82.000803,82.200973,"1!",0.506452,"Correct","Correct","Correct","Correct"
"11",42,"3_4_stimuli","3_3","Congruent","Incongruent","Congruent","Incongruent",84.002451,84.202619,"3#",0.632383,"Correct","Correct","Correct","Correct"
"11",43,"5_6_stimuli","5_5","Congruent","Congruent","Incongruent","Congruent",86.004103,86.204267,"5%",0.64688,"Correct","Correct","Correct","Correct"
"11",44,"7_8_stimuli","7_8","Incongruent","Congruent","Congruent","Incongruent",88.005755,88.205914,"8*",0.725551,"Correct","Correct","Correct","Correct"
"11",45,"1_2_stimuli","2_2","Congruent","Incongruent","Congruent","Congruent",90.007393,90.207556,"2@",0.675655,"Correct","Correct","Correct","Correct"
"11",46,"3_4_stimuli","4_4","Congruent","Congruent","Incongruent","Congruent",92.009038,92.209206,"4$",0.641939,"Correct","Correct","Correct","Correct"
"11",47,"5_6_stimuli","6_5","Incongruent","Congruent","Congruent","Incongruent",93.99373,94.194161,"5%",0.721686,"Correct","Correct","Correct","Correct"
"11",48,"7_8_stimuli","7_8","Incongruent","Incongruent","Congruent","Congruent",95.99566,96.195813,"8*",0.68767,"Correct","Correct","Correct","Correct"
"11",49,"1_2_stimuli","1_2","Incongruent","Incongruent","Incongruent","Congruent",97.997315,98.197468,"2@",0.669493,"Correct","Correct","Correct","Correct"
"11",50,"3_4_stimuli","3_3","Congruent","Incongruent","Incongruent","Incongruent",99.998948,100.19912,"3#",0.540369,"Correct","Correct","Correct","Correct"
"11",51,"5_6_stimuli","6_5","Incongruent","Congruent","Incongruent","Incongruent",102.000594,102.200761,"5%",1.146942,"Correct","Correct","Correct","Correct"
"11",52,"7_8_stimuli","8_8","Congruent","Incongruent","Congruent","Incongruent",104.002246,104.202406,"8*",0.664562,"Correct","Correct","Correct","Correct"
"11",53,"1_2_stimuli","1_1","Congruent","Congruent","Incongruent","Congruent",106.003887,106.204055,"1!",0.391506,"Correct","Correct","Correct","Correct"
"11",54,"3_4_stimuli","3_4","Incongruent","Congruent","Congruent","Incongruent",108.005534,108.205704,"4$",0.645271,"Correct","Correct","Correct","Correct"
"11",55,"5_6_stimuli","6_6","Congruent","Incongruent","Congruent","Congruent",110.00719,110.207346,"6^",0.851612,"Correct","Correct","Correct","Correct"
"11",56,"7_8_stimuli","8_7","Incongruent","Congruent","Incongruent","Congruent",112.008828,112.208998,"7&",0.626392,"Correct","Correct","Correct","Correct"
"11",57,"1_2_stimuli","2_1","Incongruent","Incongruent","Congruent","Incongruent",114.010476,114.193682,"1!",0.400513,"Correct","Correct","Correct","Correct"
"11",58,"3_4_stimuli","4_4","Congruent","Incongruent","Incongruent","Congruent",115.995445,116.195613,"4$",0.527754,"Correct","Correct","Correct","Correct"
"11",59,"5_6_stimuli","5_5","Congruent","Congruent","Incongruent","Incongruent",117.997085,118.197264,"5%",1.325902,"Correct","Correct","Correct","Correct"
"11",60,"7_8_stimuli","8_8","Congruent","Congruent","Congruent","Incongruent",119.998737,120.198908,"8*",0.572013,"Correct","Correct","Correct","Correct"
"11",61,"1_2_stimuli","2_2","Congruent","Congruent","Congruent","Congruent",122.000385,122.20055,"2@",0.714612,"Correct","Correct","Correct","Correct"
"11",62,"3_4_stimuli","4_3","Incongruent","Congruent","Congruent","Congruent",124.002033,124.202196,"3#",0.473007,"Correct","Correct","Correct","Correct"
"11",63,"5_6_stimuli","5_6","Incongruent","Incongruent","Congruent","Congruent",126.003681,126.203853,"6^",1.09557,"Correct","Correct","Correct","Correct"
"11",64,"7_8_stimuli","8_7","Incongruent","Incongruent","Incongruent","Congruent",128.005326,128.205492,"7&",0.358054,"Correct","Correct","Correct","Correct"
"11",65,"1_2_stimuli","1_2","Incongruent","Incongruent","Incongruent","Incongruent",130.006973,130.207148,"2@",0.708619,"Correct","Correct","Correct","Correct"
"11",66,"3_4_stimuli","3_4","Incongruent","Incongruent","Incongruent","Incongruent",132.008621,132.208786,"4$",0.818699,"Correct","Correct","Correct","Correct"
"11",67,"5_6_stimuli","5_5","Congruent","Incongruent","Incongruent","Incongruent",134.010271,134.210441,"5%",0.737232,"Correct","Correct","Correct","Correct"
"11",68,"7_8_stimuli","7_7","Congruent","Congruent","Incongruent","Incongruent",135.995241,136.195404,"7&",0.703544,"Correct","Correct","Correct","Correct"
"12",1,"1_2_stimuli","2_2","Congruent",NA,NA,NA,2.00165,2.201809,"2@",0.798212,"Correct",NA,NA,NA
"12",2,"3_4_stimuli","3_4","Incongruent","Congruent",NA,NA,4.003287,4.203456,"4$",0.716075,"Correct","Correct",NA,NA
"12",3,"5_6_stimuli","6_5","Incongruent","Incongruent","Congruent",NA,6.004935,6.205103,"5%",0.602601,"Correct","Correct","Correct",NA
"12",4,"7_8_stimuli","8_7","Incongruent","Incongruent","Incongruent","Congruent",8.006584,8.206752,"7&",0.521352,"Correct","Correct","Correct","Correct"
"12",5,"1_2_stimuli","1_2","Incongruent","Incongruent","Incongruent","Incongruent",10.008238,10.208399,"2@",0.375436,"Correct","Correct","Correct","Correct"
"12",6,"3_4_stimuli","4_4","Congruent","Incongruent","Incongruent","Incongruent",12.009881,12.210042,"4$",0.645539,"Correct","Correct","Correct","Correct"
"12",7,"5_6_stimuli","5_5","Congruent","Congruent","Incongruent","Incongruent",13.99485,14.19501,"5%",0.341184,"Correct","Correct","Correct","Correct"
"12",8,"7_8_stimuli","8_7","Incongruent","Congruent","Congruent","Incongruent",15.996496,16.196664,"7&",0.562994,"Correct","Correct","Correct","Correct"
"12",9,"1_2_stimuli","1_1","Congruent","Incongruent","Congruent","Congruent",17.998137,18.198307,"1!",0.497265,"Correct","Correct","Correct","Correct"
"12",10,"3_4_stimuli","4_4","Congruent","Congruent","Incongruent","Congruent",19.999786,20.199957,"4$",0.352098,"Correct","Correct","Correct","Correct"
"12",11,"5_6_stimuli","5_6","Incongruent","Congruent","Congruent","Incongruent",22.001442,22.201597,"6^",0.366024,"Correct","Correct","Correct","Correct"
"12",12,"7_8_stimuli","8_8","Congruent","Incongruent","Congruent","Congruent",24.003079,24.203244,"8*",0.317141,"Correct","Correct","Correct","Correct"
"12",13,"1_2_stimuli","2_2","Congruent","Congruent","Incongruent","Congruent",26.004727,26.204892,"2@",0.442891,"Correct","Correct","Correct","Correct"
"12",14,"3_4_stimuli","3_3","Congruent","Congruent","Congruent","Incongruent",28.006378,28.206548,"3#",0.745028,"Correct","Correct","Correct","Correct"
"12",15,"5_6_stimuli","6_6","Congruent","Congruent","Congruent","Congruent",30.00802,30.208192,"6^",0.647485,"Correct","Correct","Correct","Correct"
"12",16,"7_8_stimuli","7_7","Congruent","Congruent","Congruent","Congruent",32.009678,32.209833,"7&",0.405724,"Correct","Correct","Correct","Correct"
"12",17,"1_2_stimuli","2_1","Incongruent","Congruent","Congruent","Congruent",33.994639,34.194802,"1!",0.452877,"Correct","Correct","Correct","Correct"
"12",18,"3_4_stimuli","4_3","Incongruent","Incongruent","Congruent","Congruent",35.996292,36.196449,"3#",0.595612,"Correct","Correct","Correct","Correct"
"12",19,"5_6_stimuli","5_5","Congruent","Incongruent","Incongruent","Congruent",37.997936,38.198097,"5%",0.801641,"Correct","Correct","Correct","Correct"
"12",20,"7_8_stimuli","7_8","Incongruent","Congruent","Incongruent","Incongruent",39.999583,40.199744,"8*",0.832224,"Correct","Correct","Correct","Correct"
"12",21,"1_2_stimuli","2_2","Congruent","Incongruent","Congruent","Incongruent",42.00122,42.201386,"2@",0.622157,"Correct","Correct","Correct","Correct"
"12",22,"3_4_stimuli","4_3","Incongruent","Congruent","Incongruent","Congruent",44.002867,44.203042,"3#",0.684509,"Correct","Correct","Correct","Correct"
"12",23,"5_6_stimuli","6_6","Congruent","Incongruent","Congruent","Incongruent",46.004515,46.204683,"6^",0.635124,"Correct","Correct","Correct","Correct"
"12",24,"7_8_stimuli","7_7","Congruent","Congruent","Incongruent","Congruent",48.006162,48.206338,"7&",0.457771,"Correct","Correct","Correct","Correct"
"12",25,"1_2_stimuli","1_1","Congruent","Congruent","Congruent","Incongruent",50.007818,50.207974,"1!",0.615705,"Correct","Correct","Correct","Correct"
"12",26,"3_4_stimuli","3_3","Congruent","Congruent","Congruent","Congruent",52.009467,52.209626,"2@",0.454224,"Error","Correct","Correct","Correct"
"12",27,"5_6_stimuli","5_6","Incongruent","Congruent","Congruent","Congruent",53.994428,54.194592,"6^",0.949387,"Correct","Error","Correct","Correct"
"12",28,"7_8_stimuli","7_8","Incongruent","Incongruent","Congruent","Congruent",55.99607,56.196234,"8*",0.643265,"Correct","Correct","Error","Correct"
"12",29,"1_2_stimuli","1_1","Congruent","Incongruent","Incongruent","Congruent",57.997728,58.197887,"1!",0.578305,"Correct","Correct","Correct","Error"
"12",30,"3_4_stimuli","3_4","Incongruent","Congruent","Incongruent","Incongruent",59.999362,60.19953,"4$",0.608666,"Correct","Correct","Correct","Correct"
"12",31,"5_6_stimuli","6_5","Incongruent","Incongruent","Congruent","Incongruent",62.001022,62.201175,"5%",0.94238,"Correct","Correct","Correct","Correct"
"12",32,"7_8_stimuli","8_8","Congruent","Incongruent","Incongruent","Congruent",64.002668,64.202823,"8*",0.717429,"Correct","Correct","Correct","Correct"
"12",33,"1_2_stimuli","1_1","Congruent","Congruent","Incongruent","Incongruent",66.004309,66.204473,"1!",0.57114,"Correct","Correct","Correct","Correct"
"12",34,"3_4_stimuli","4_3","Incongruent","Congruent","Congruent","Incongruent",68.005955,68.20612,"3#",0.730068,"Correct","Correct","Correct","Correct"
"12",35,"5_6_stimuli","6_5","Incongruent","Incongruent","Congruent","Congruent",70.007607,70.207763,"5%",0.759707,"Correct","Correct","Correct","Correct"
"12",36,"7_8_stimuli","8_7","Incongruent","Incongruent","Incongruent","Congruent",72.009247,72.209411,"Omission",5000,"Omission","Correct","Correct","Correct"
"12",37,"1_2_stimuli","2_2","Congruent","Incongruent","Incongruent","Incongruent",74.010898,74.19438,"Omission",5000,"Omission","Omission","Correct","Correct"
"12",38,"3_4_stimuli","3_3","Congruent","Congruent","Incongruent","Incongruent",75.995864,76.196028,"3#",0.899531,"Correct","Omission","Omission","Correct"
"12",39,"5_6_stimuli","6_6","Congruent","Congruent","Congruent","Incongruent",77.997515,78.197678,"6^",0.882412,"Correct","Correct","Omission","Omission"
"12",40,"7_8_stimuli","8_7","Incongruent","Congruent","Congruent","Congruent",79.999162,80.199321,"7&",0.592361,"Correct","Correct","Correct","Omission"
"12",41,"1_2_stimuli","2_1","Incongruent","Incongruent","Congruent","Congruent",82.0008,82.200968,"1!",0.830556,"Correct","Correct","Correct","Correct"
"12",42,"3_4_stimuli","4_4","Congruent","Incongruent","Incongruent","Congruent",84.002454,84.202612,"4$",0.893619,"Correct","Correct","Correct","Correct"
"12",43,"5_6_stimuli","6_5","Incongruent","Congruent","Incongruent","Incongruent",86.004094,86.204266,"5%",0.395885,"Correct","Correct","Correct","Correct"
"12",44,"7_8_stimuli","7_7","Congruent","Incongruent","Congruent","Incongruent",88.00575,88.205915,"7&",0.458281,"Correct","Correct","Correct","Correct"
"12",45,"1_2_stimuli","2_1","Incongruent","Congruent","Incongruent","Congruent",90.007386,90.207566,"1!",0.439984,"Correct","Correct","Correct","Correct"
"12",46,"3_4_stimuli","3_4","Incongruent","Incongruent","Congruent","Incongruent",92.009041,92.209202,"4$",0.742802,"Correct","Correct","Correct","Correct"
"12",47,"5_6_stimuli","5_6","Incongruent","Incongruent","Incongruent","Congruent",94.010689,94.194173,"6^",0.820837,"Correct","Correct","Correct","Correct"
"12",48,"7_8_stimuli","7_7","Congruent","Incongruent","Incongruent","Incongruent",95.995648,96.195815,"7&",0.772304,"Correct","Correct","Correct","Correct"
"12",49,"1_2_stimuli","2_1","Incongruent","Congruent","Incongruent","Incongruent",97.997296,98.197464,"1!",0.482467,"Correct","Correct","Correct","Correct"
"12",50,"3_4_stimuli","4_4","Congruent","Incongruent","Congruent","Incongruent",99.99895,100.199121,"4$",0.960883,"Correct","Correct","Correct","Correct"
"12",51,"5_6_stimuli","5_6","Incongruent","Congruent","Incongruent","Congruent",102.000593,102.200758,"6^",0.68682,"Correct","Correct","Correct","Correct"
"12",52,"7_8_stimuli","8_7","Incongruent","Incongruent","Congruent","Incongruent",104.002244,104.202412,"7&",0.461182,"Correct","Correct","Correct","Correct"
"12",53,"1_2_stimuli","1_2","Incongruent","Incongruent","Incongruent","Congruent",106.003896,106.204055,"2@",0.780045,"Correct","Correct","Correct","Correct"
"12",54,"3_4_stimuli","4_3","Incongruent","Incongruent","Incongruent","Incongruent",108.005534,108.205697,"3#",0.681757,"Correct","Correct","Correct","Correct"
"12",55,"5_6_stimuli","6_6","Congruent","Incongruent","Incongruent","Incongruent",110.007182,110.207355,"6^",0.776855,"Correct","Correct","Correct","Correct"
"12",56,"7_8_stimuli","8_8","Congruent","Congruent","Incongruent","Incongruent",112.008824,112.209002,"8*",0.679002,"Correct","Correct","Correct","Correct"
"12",57,"1_2_stimuli","1_2","Incongruent","Congruent","Congruent","Incongruent",114.010479,114.193877,"2@",0.805144,"Correct","Correct","Correct","Correct"
"12",58,"3_4_stimuli","3_3","Congruent","Incongruent","Congruent","Congruent",115.995442,116.195612,"3#",0.643928,"Correct","Correct","Correct","Correct"
"12",59,"5_6_stimuli","5_5","Congruent","Congruent","Incongruent","Congruent",117.997099,118.197254,"5%",1.282282,"Correct","Correct","Correct","Correct"
"12",60,"7_8_stimuli","8_8","Congruent","Congruent","Congruent","Incongruent",119.998732,120.198895,"8*",0.848638,"Correct","Correct","Correct","Correct"
"12",61,"1_2_stimuli","2_2","Congruent","Congruent","Congruent","Congruent",122.000381,122.200548,"2@",0.702983,"Correct","Correct","Correct","Correct"
"12",62,"3_4_stimuli","3_4","Incongruent","Congruent","Congruent","Congruent",124.002055,124.202193,"4$",0.781377,"Correct","Correct","Correct","Correct"
"12",63,"5_6_stimuli","5_5","Congruent","Incongruent","Congruent","Congruent",126.003675,126.20384,"5%",0.475656,"Correct","Correct","Correct","Correct"
"12",64,"7_8_stimuli","7_8","Incongruent","Congruent","Incongruent","Congruent",128.00532,128.205488,"8*",0.778523,"Correct","Correct","Correct","Correct"
"12",65,"1_2_stimuli","1_2","Incongruent","Incongruent","Congruent","Incongruent",130.006972,130.207135,"2@",0.616564,"Correct","Correct","Correct","Correct"
"12",66,"3_4_stimuli","3_4","Incongruent","Incongruent","Incongruent","Congruent",132.008617,132.208779,"4$",0.358643,"Correct","Correct","Correct","Correct"
"12",67,"5_6_stimuli","6_5","Incongruent","Incongruent","Incongruent","Incongruent",134.010271,134.193463,"5%",0.51718,"Correct","Correct","Correct","Correct"
"12",68,"7_8_stimuli","7_8","Incongruent","Incongruent","Incongruent","Incongruent",135.995225,136.195403,"8*",0.644109,"Correct","Correct","Correct","Correct"
"13",1,"1_2_stimuli","2_2","Congruent",NA,NA,NA,2.001651,2.201816,"2@",0.753646,"Correct",NA,NA,NA
"13",2,"3_4_stimuli","3_4","Incongruent","Congruent",NA,NA,4.003296,4.203461,"4$",0.479843,"Correct","Correct",NA,NA
"13",3,"5_6_stimuli","6_6","Congruent","Incongruent","Congruent",NA,6.004939,6.205104,"6^",0.57459,"Correct","Correct","Correct",NA
"13",4,"7_8_stimuli","7_7","Congruent","Congruent","Incongruent","Congruent",8.006597,8.20676,"7&",0.365166,"Correct","Correct","Correct","Correct"
"13",5,"1_2_stimuli","1_1","Congruent","Congruent","Congruent","Incongruent",10.008237,10.208408,"1!",0.52286,"Correct","Correct","Correct","Correct"
"13",6,"3_4_stimuli","4_3","Incongruent","Congruent","Congruent","Congruent",12.009883,12.210052,"3#",0.585343,"Correct","Correct","Correct","Correct"
"13",7,"5_6_stimuli","5_5","Congruent","Incongruent","Congruent","Congruent",13.994843,14.195016,"5%",0.696215,"Correct","Correct","Correct","Correct"
"13",8,"7_8_stimuli","7_8","Incongruent","Congruent","Incongruent","Congruent",15.996505,16.196658,"8*",0.375174,"Correct","Correct","Correct","Correct"
"13",9,"1_2_stimuli","2_1","Incongruent","Incongruent","Congruent","Incongruent",17.998146,18.198315,"1!",0.453354,"Correct","Correct","Correct","Correct"
"13",10,"3_4_stimuli","3_3","Congruent","Incongruent","Incongruent","Congruent",19.99979,20.199966,"3#",0.579857,"Correct","Correct","Correct","Correct"
"13",11,"5_6_stimuli","6_5","Incongruent","Congruent","Incongruent","Incongruent",22.001439,22.201606,"5%",0.849663,"Correct","Correct","Correct","Correct"
"13",12,"7_8_stimuli","7_7","Congruent","Incongruent","Congruent","Incongruent",24.003084,24.203248,"7&",0.688311,"Correct","Correct","Correct","Correct"
"13",13,"1_2_stimuli","1_2","Incongruent","Congruent","Incongruent","Congruent",26.004729,26.204896,"2@",0.798511,"Correct","Correct","Correct","Correct"
"13",14,"3_4_stimuli","4_4","Congruent","Incongruent","Congruent","Incongruent",28.006384,28.206547,"4$",0.509228,"Correct","Correct","Correct","Correct"
"13",15,"5_6_stimuli","6_6","Congruent","Congruent","Incongruent","Congruent",30.008032,30.208196,"6^",0.571424,"Correct","Correct","Correct","Correct"
"13",16,"7_8_stimuli","8_7","Incongruent","Congruent","Congruent","Incongruent",32.009681,32.209838,"7&",0.345481,"Correct","Correct","Correct","Correct"
"13",17,"1_2_stimuli","1_2","Incongruent","Incongruent","Congruent","Congruent",33.994647,34.194812,"2@",0.521186,"Correct","Correct","Correct","Correct"
"13",18,"3_4_stimuli","4_3","Incongruent","Incongruent","Incongruent","Congruent",35.996291,36.196448,"3#",0.598746,"Correct","Correct","Correct","Correct"
"13",19,"5_6_stimuli","6_5","Incongruent","Incongruent","Incongruent","Incongruent",37.997931,38.198108,"5%",0.597231,"Correct","Correct","Correct","Correct"
"13",20,"7_8_stimuli","7_7","Congruent","Incongruent","Incongruent","Incongruent",39.999581,40.199743,"7&",0.45181,"Correct","Correct","Correct","Correct"
"13",21,"1_2_stimuli","2_2","Congruent","Congruent","Incongruent","Incongruent",42.001228,42.201399,"2@",0.337799,"Correct","Correct","Correct","Correct"
"13",22,"3_4_stimuli","3_4","Incongruent","Congruent","Congruent","Incongruent",44.002882,44.203044,"4$",0.480117,"Correct","Correct","Correct","Correct"
"13",23,"5_6_stimuli","5_6","Incongruent","Incongruent","Congruent","Congruent",46.004523,46.204687,"6^",0.81464,"Correct","Correct","Correct","Correct"
"13",24,"7_8_stimuli","7_8","Incongruent","Incongruent","Incongruent","Congruent",48.006172,48.206333,"8*",0.749495,"Correct","Correct","Correct","Correct"
"13",25,"1_2_stimuli","2_1","Incongruent","Incongruent","Incongruent","Incongruent",50.00782,50.20799,"1!",0.891282,"Correct","Correct","Correct","Correct"
"13",26,"3_4_stimuli","3_3","Congruent","Incongruent","Incongruent","Incongruent",52.009471,52.209631,"3#",0.601719,"Correct","Correct","Correct","Correct"
"13",27,"5_6_stimuli","6_6","Congruent","Congruent","Incongruent","Incongruent",53.994432,54.194593,"6^",0.584627,"Correct","Correct","Correct","Correct"
"13",28,"7_8_stimuli","8_8","Congruent","Congruent","Congruent","Incongruent",55.996081,56.196248,"8*",0.48687,"Correct","Correct","Correct","Correct"
"13",29,"1_2_stimuli","1_1","Congruent","Congruent","Congruent","Congruent",57.997729,58.197889,"1!",0.533744,"Correct","Correct","Correct","Correct"
"13",30,"3_4_stimuli","3_3","Congruent","Congruent","Congruent","Congruent",59.999382,60.199537,"3#",0.532061,"Correct","Correct","Correct","Correct"
"13",31,"5_6_stimuli","6_6","Congruent","Congruent","Congruent","Congruent",62.00102,62.201187,"6^",0.898174,"Correct","Correct","Correct","Correct"
"13",32,"7_8_stimuli","8_7","Incongruent","Congruent","Congruent","Congruent",64.002662,64.20284,"7&",0.336937,"Correct","Correct","Correct","Correct"
"13",33,"1_2_stimuli","2_2","Congruent","Incongruent","Congruent","Congruent",66.004314,66.204475,"2@",0.782755,"Correct","Correct","Correct","Correct"
"13",34,"3_4_stimuli","4_4","Congruent","Congruent","Incongruent","Congruent",68.005959,68.20613,"4$",0.653034,"Correct","Correct","Correct","Correct"
"13",35,"5_6_stimuli","5_6","Incongruent","Congruent","Congruent","Incongruent",70.007612,70.20777,"6^",0.667962,"Correct","Correct","Correct","Correct"
"13",36,"7_8_stimuli","8_8","Congruent","Incongruent","Congruent","Congruent",72.009275,72.209423,"8*",0.537729,"Correct","Correct","Correct","Correct"
"13",37,"1_2_stimuli","1_1","Congruent","Congruent","Incongruent","Congruent",73.994143,74.194386,"2@",0.409121,"Error","Correct","Correct","Correct"
"13",38,"3_4_stimuli","4_4","Congruent","Congruent","Congruent","Incongruent",75.995867,76.196042,"4$",0.951188,"Correct","Error","Correct","Correct"
"13",39,"5_6_stimuli","5_6","Incongruent","Congruent","Congruent","Congruent",77.997515,78.197682,"6^",0.837681,"Correct","Correct","Error","Correct"
"13",40,"7_8_stimuli","8_7","Incongruent","Incongruent","Congruent","Congruent",79.999169,80.199325,"7&",0.628343,"Correct","Correct","Correct","Error"
"13",41,"1_2_stimuli","2_2","Congruent","Incongruent","Incongruent","Congruent",82.000807,82.200974,"2@",0.626729,"Correct","Correct","Correct","Correct"
"13",42,"3_4_stimuli","4_3","Incongruent","Congruent","Incongruent","Incongruent",84.002465,84.202627,"3#",0.608884,"Correct","Correct","Correct","Correct"
"13",43,"5_6_stimuli","5_6","Incongruent","Incongruent","Congruent","Incongruent",86.00411,86.204278,"6^",0.79959,"Correct","Correct","Correct","Correct"
"13",44,"7_8_stimuli","7_7","Congruent","Incongruent","Incongruent","Congruent",88.005754,88.205921,"7&",0.701533,"Correct","Correct","Correct","Correct"
"13",45,"1_2_stimuli","2_1","Incongruent","Congruent","Incongruent","Incongruent",90.007395,90.207561,"1!",0.588245,"Correct","Correct","Correct","Correct"
"13",46,"3_4_stimuli","3_4","Incongruent","Incongruent","Congruent","Incongruent",92.009051,92.20921,"4$",0.778623,"Correct","Correct","Correct","Correct"
"13",47,"5_6_stimuli","6_5","Incongruent","Incongruent","Incongruent","Congruent",94.01069,94.194178,"5%",0.872311,"Correct","Correct","Correct","Correct"
"13",48,"7_8_stimuli","7_8","Incongruent","Incongruent","Incongruent","Incongruent",95.995655,96.195827,"8*",0.79156,"Correct","Correct","Correct","Correct"
"13",49,"1_2_stimuli","1_1","Congruent","Incongruent","Incongruent","Incongruent",97.997308,98.197474,"1!",0.74224,"Correct","Correct","Correct","Correct"
"13",50,"3_4_stimuli","4_4","Congruent","Congruent","Incongruent","Incongruent",99.998949,100.199115,"4$",0.628047,"Correct","Correct","Correct","Correct"
"13",51,"5_6_stimuli","5_5","Congruent","Congruent","Congruent","Incongruent",102.000597,102.200773,"5%",0.882427,"Correct","Correct","Correct","Correct"
"13",52,"7_8_stimuli","8_8","Congruent","Congruent","Congruent","Congruent",104.002255,104.202411,"8*",0.561291,"Correct","Correct","Correct","Correct"
"13",53,"1_2_stimuli","2_1","Incongruent","Congruent","Congruent","Congruent",106.003897,106.20406,"1!",0.591092,"Correct","Correct","Correct","Correct"
"13",54,"3_4_stimuli","3_3","Congruent","Incongruent","Congruent","Congruent",108.005542,108.205706,"3#",0.893958,"Correct","Correct","Correct","Correct"
"13",55,"5_6_stimuli","6_5","Incongruent","Congruent","Incongruent","Congruent",110.007192,110.20736,"5%",0.764473,"Correct","Correct","Correct","Correct"
"13",56,"7_8_stimuli","7_8","Incongruent","Incongruent","Congruent","Incongruent",112.008835,112.208997,"8*",0.71467,"Correct","Correct","Correct","Correct"
"13",57,"1_2_stimuli","1_2","Incongruent","Incongruent","Incongruent","Congruent",114.010486,114.193905,"2@",0.648712,"Correct","Correct","Correct","Correct"
"13",58,"3_4_stimuli","3_4","Incongruent","Incongruent","Incongruent","Incongruent",115.995451,116.195622,"4$",1.239522,"Correct","Correct","Correct","Correct"
"13",59,"5_6_stimuli","5_5","Congruent","Incongruent","Incongruent","Incongruent",117.9971,118.197255,"5%",0.966236,"Correct","Correct","Correct","Correct"
"13",60,"7_8_stimuli","8_7","Incongruent","Congruent","Incongruent","Incongruent",119.998742,120.19891,"7&",0.86827,"Correct","Correct","Correct","Correct"
"13",61,"1_2_stimuli","2_2","Congruent","Incongruent","Congruent","Incongruent",122.000388,122.200554,"2@",0.626766,"Correct","Correct","Correct","Correct"
"13",62,"3_4_stimuli","4_3","Incongruent","Congruent","Incongruent","Congruent",124.002035,124.202198,"3#",0.641619,"Correct","Correct","Correct","Correct"
"13",63,"5_6_stimuli","5_5","Congruent","Incongruent","Congruent","Incongruent",126.003692,126.203848,"5%",0.431737,"Correct","Correct","Correct","Correct"
"13",64,"7_8_stimuli","7_7","Congruent","Congruent","Incongruent","Congruent",128.005327,128.205498,"7&",0.429612,"Correct","Correct","Correct","Correct"
"13",65,"1_2_stimuli","1_2","Incongruent","Congruent","Congruent","Incongruent",130.006981,130.207139,"2@",0.587996,"Correct","Correct","Correct","Correct"
"13",66,"3_4_stimuli","3_4","Incongruent","Incongruent","Congruent","Congruent",132.008624,132.208789,"4$",0.618323,"Correct","Correct","Correct","Correct"
"13",67,"5_6_stimuli","6_6","Congruent","Incongruent","Incongruent","Congruent",134.010277,134.193484,"6^",0.632881,"Correct","Correct","Correct","Correct"
"13",68,"7_8_stimuli","8_8","Congruent","Congruent","Incongruent","Incongruent",135.995236,136.195403,"8*",0.647731,"Correct","Correct","Correct","Correct"
