"Run.Number","Trial.Number","Task","Stimulus","Current.Trial.Type","Previous.Trial.Type","Previous.Trial.Type.N2","Previous.Trial.Type.N3","StimulusOnsetTime","StimulusOffsetTime","Response","RT","Accuracy","PreviousAccuracy","PreviousAccuracy.N2","Previous.Accuracy.N3"
"practice",1,"1_2_stimuli","1_1","Congruent",NA,NA,NA,1.99998,2.199993,"1!",1.039876,"Correct",NA,NA,NA
"practice",2,"3_4_stimuli","4_3","Incongruent","Congruent",NA,NA,3.999978,4.199968,"3#",1.424044,"Correct","Correct",NA,NA
"practice",3,"5_6_stimuli","5_6","Incongruent","Incongruent","Congruent",NA,5.999949,6.199944,"6^",1.215867,"Correct","Correct","Correct",NA
"practice",4,"7_8_stimuli","8_7","Incongruent","Incongruent","Incongruent","Congruent",7.999933,8.199928,"7&",1.039412,"Correct","Correct","Correct","Correct"
"practice",5,"1_2_stimuli","2_2","Congruent","Incongruent","Incongruent","Incongruent",9.999908,10.199909,"2@",1.135488,"Correct","Correct","Correct","Correct"
"practice",6,"3_4_stimuli","3_3","Congruent","Congruent","Incongruent","Incongruent",11.999897,12.199894,"3#",0.751506,"Correct","Correct","Correct","Correct"
"practice",7,"5_6_stimuli","5_5","Congruent","Congruent","Congruent","Incongruent",13.999878,14.199888,"5%",1.423515,"Correct","Correct","Correct","Correct"
"practice",8,"7_8_stimuli","7_7","Congruent","Congruent","Congruent","Congruent",15.999866,16.19987,"7&",1.039903,"Correct","Correct","Correct","Correct"
"practice",9,"1_2_stimuli","2_2","Congruent","Congruent","Congruent","Congruent",17.999844,18.199848,"2@",0.800003,"Correct","Correct","Correct","Correct"
"practice",10,"3_4_stimuli","3_3","Congruent","Congruent","Congruent","Congruent",19.999834,20.199828,"3#",0.799857,"Correct","Correct","Correct","Correct"
"practice",11,"5_6_stimuli","6_6","Congruent","Congruent","Congruent","Congruent",21.999811,22.199809,"Omission",5000,"Omission","Correct","Correct","Correct"
"practice",12,"7_8_stimuli","8_7","Incongruent","Congruent","Congruent","Congruent",23.999789,24.199797,"Omission",5000,"Omission","Omission","Correct","Correct"
"practice",13,"1_2_stimuli","2_1","Incongruent","Incongruent","Congruent","Congruent",25.999782,26.199775,"1!",0.784096,"Correct","Omission","Omission","Correct"
"practice",14,"3_4_stimuli","4_4","Congruent","Incongruent","Incongruent","Congruent",27.99977,28.199766,"4$",1.199895,"Correct","Correct","Omission","Omission"
"practice",15,"5_6_stimuli","6_5","Incongruent","Congruent","Incongruent","Incongruent",29.999748,30.199742,"5%",0.864106,"Correct","Correct","Correct","Omission"
"practice",16,"7_8_stimuli","7_7","Congruent","Incongruent","Congruent","Incongruent",31.999727,32.199719,"7&",0.81566,"Correct","Correct","Correct","Correct"
"practice",17,"1_2_stimuli","1_2","Incongruent","Congruent","Incongruent","Congruent",33.99971,34.199715,"2@",0.671971,"Correct","Correct","Correct","Correct"
"practice",18,"3_4_stimuli","4_4","Congruent","Incongruent","Congruent","Incongruent",35.999687,36.199688,"4$",1.151992,"Correct","Correct","Correct","Correct"
"practice",19,"5_6_stimuli","5_5","Congruent","Congruent","Incongruent","Congruent",37.999671,38.199682,"5%",0.816103,"Correct","Correct","Correct","Correct"
"practice",20,"7_8_stimuli","8_8","Congruent","Congruent","Congruent","Incongruent",39.999666,40.199652,"8*",1.328205,"Correct","Correct","Correct","Correct"
"practice",21,"1_2_stimuli","2_1","Incongruent","Congruent","Congruent","Congruent",41.999634,42.199636,"1!",0.767877,"Correct","Correct","Correct","Correct"
"practice",22,"3_4_stimuli","4_3","Incongruent","Incongruent","Congruent","Congruent",43.999617,44.199613,"3#",0.83174,"Correct","Correct","Correct","Correct"
"practice",23,"5_6_stimuli","6_6","Congruent","Incongruent","Incongruent","Congruent",45.999599,46.199598,"6^",1.472145,"Correct","Correct","Correct","Correct"
"practice",24,"7_8_stimuli","7_8","Incongruent","Congruent","Incongruent","Incongruent",47.999596,48.19959,"8*",0.976201,"Correct","Correct","Correct","Correct"
"practice",25,"1_2_stimuli","1_1","Congruent","Incongruent","Congruent","Incongruent",49.999565,50.199566,"1!",0.575917,"Correct","Correct","Correct","Correct"
"practice",26,"3_4_stimuli","3_4","Incongruent","Congruent","Incongruent","Congruent",51.99955,52.199559,"4$",0.976467,"Correct","Correct","Correct","Correct"
"practice",27,"5_6_stimuli","5_5","Congruent","Incongruent","Congruent","Incongruent",53.999531,54.199543,"5%",0.608253,"Correct","Correct","Correct","Correct"
"practice",28,"7_8_stimuli","8_8","Congruent","Congruent","Incongruent","Congruent",55.999512,56.199513,"8*",0.672271,"Correct","Correct","Correct","Correct"
"practice",29,"1_2_stimuli","2_2","Congruent","Congruent","Congruent","Incongruent",57.999504,58.199496,"2@",0.751854,"Correct","Correct","Correct","Correct"
"practice",30,"3_4_stimuli","4_3","Incongruent","Congruent","Congruent","Congruent",59.999477,60.199483,"3#",0.624379,"Correct","Correct","Correct","Correct"
"practice",31,"5_6_stimuli","6_6","Congruent","Incongruent","Congruent","Congruent",61.99947,62.199469,"Omission",5000,"Omission","Correct","Correct","Correct"
"practice",32,"7_8_stimuli","7_8","Incongruent","Congruent","Incongruent","Congruent",63.999452,64.19944,"Omission",5000,"Omission","Omission","Correct","Correct"
"practice",33,"1_2_stimuli","1_2","Incongruent","Incongruent","Congruent","Incongruent",65.999441,66.199435,"2@",0.879933,"Correct","Omission","Omission","Correct"
"practice",34,"3_4_stimuli","4_3","Incongruent","Incongruent","Incongruent","Congruent",67.999414,68.199406,"3#",0.704382,"Correct","Correct","Omission","Omission"
"practice",35,"5_6_stimuli","6_6","Congruent","Incongruent","Incongruent","Incongruent",69.999394,70.199401,"Omission",5000,"Omission","Correct","Correct","Omission"
"practice",36,"7_8_stimuli","8_8","Congruent","Congruent","Incongruent","Incongruent",71.99938,72.199385,"Omission",5000,"Omission","Omission","Correct","Correct"
"practice",37,"1_2_stimuli","2_1","Incongruent","Congruent","Congruent","Incongruent",73.999366,74.199354,"1!",0.624483,"Correct","Omission","Omission","Correct"
"practice",38,"3_4_stimuli","3_3","Congruent","Incongruent","Congruent","Congruent",75.999342,76.199355,"3#",0.880233,"Correct","Correct","Omission","Omission"
"practice",39,"5_6_stimuli","5_6","Incongruent","Congruent","Incongruent","Congruent",77.999319,78.199329,"6^",1.280012,"Correct","Correct","Correct","Omission"
"practice",40,"7_8_stimuli","7_8","Incongruent","Incongruent","Congruent","Incongruent",79.999302,80.199317,"8*",0.688422,"Correct","Correct","Correct","Correct"
"practice",41,"1_2_stimuli","1_2","Incongruent","Incongruent","Incongruent","Congruent",81.999296,82.19929,"2@",1.152064,"Correct","Correct","Correct","Correct"
"practice",42,"3_4_stimuli","4_3","Incongruent","Incongruent","Incongruent","Incongruent",83.999276,84.199277,"3#",0.752499,"Correct","Correct","Correct","Correct"
"practice",43,"5_6_stimuli","6_5","Incongruent","Incongruent","Incongruent","Incongruent",85.999254,86.199253,"5%",0.864864,"Correct","Correct","Correct","Correct"
"practice",44,"7_8_stimuli","8_8","Congruent","Incongruent","Incongruent","Incongruent",87.999237,88.19925,"8*",0.704097,"Correct","Correct","Correct","Correct"
"practice",45,"1_2_stimuli","1_1","Congruent","Congruent","Incongruent","Incongruent",89.999225,90.199222,"1!",0.56096,"Correct","Correct","Correct","Correct"
"practice",46,"3_4_stimuli","4_4","Congruent","Congruent","Congruent","Incongruent",91.999206,92.199198,"4$",0.688166,"Correct","Correct","Correct","Correct"
"practice",47,"5_6_stimuli","6_5","Incongruent","Congruent","Congruent","Congruent",93.999187,94.199188,"5%",0.672663,"Correct","Correct","Correct","Correct"
"practice",48,"7_8_stimuli","7_7","Congruent","Incongruent","Congruent","Congruent",95.999174,96.199175,"7&",0.720531,"Correct","Correct","Correct","Correct"
"practice",49,"1_2_stimuli","1_1","Congruent","Congruent","Incongruent","Congruent",97.999154,98.199135,"1!",0.54416,"Correct","Correct","Correct","Correct"
"practice",50,"3_4_stimuli","3_4","Incongruent","Congruent","Congruent","Incongruent",99.99913,100.19913,"4$",0.752188,"Correct","Correct","Correct","Correct"
"practice",51,"5_6_stimuli","5_6","Incongruent","Incongruent","Congruent","Congruent",101.999113,102.19912,"6^",1.328869,"Correct","Correct","Correct","Correct"
"practice",52,"7_8_stimuli","7_8","Incongruent","Incongruent","Incongruent","Congruent",103.999104,104.199098,"8*",0.624542,"Correct","Correct","Correct","Correct"
"practice",53,"1_2_stimuli","1_2","Incongruent","Incongruent","Incongruent","Incongruent",105.999091,106.199089,"2@",0.656772,"Correct","Correct","Correct","Correct"
"practice",54,"3_4_stimuli","4_4","Congruent","Incongruent","Incongruent","Incongruent",107.999062,108.19907,"4$",0.800978,"Correct","Correct","Correct","Correct"
"practice",55,"5_6_stimuli","5_5","Congruent","Congruent","Incongruent","Incongruent",109.999056,110.199045,"5%",0.70433,"Correct","Correct","Correct","Correct"
"practice",56,"7_8_stimuli","8_7","Incongruent","Congruent","Congruent","Incongruent",111.999032,112.199026,"7&",0.832331,"Correct","Correct","Correct","Correct"
"practice",57,"1_2_stimuli","2_2","Congruent","Incongruent","Congruent","Congruent",113.999012,114.199017,"2@",0.609013,"Correct","Correct","Correct","Correct"
"practice",58,"3_4_stimuli","3_3","Congruent","Congruent","Incongruent","Congruent",115.999001,116.199001,"3#",0.704353,"Correct","Correct","Correct","Correct"
"practice",59,"5_6_stimuli","6_5","Incongruent","Congruent","Congruent","Incongruent",117.998976,118.198985,"5%",0.57684,"Correct","Correct","Correct","Correct"
"practice",60,"7_8_stimuli","8_7","Incongruent","Incongruent","Congruent","Congruent",119.998961,120.198964,"7&",0.544703,"Correct","Correct","Correct","Correct"
"practice",61,"1_2_stimuli","1_1","Congruent","Incongruent","Incongruent","Congruent",121.998954,122.198942,"1!",0.576459,"Correct","Correct","Correct","Correct"
"practice",62,"3_4_stimuli","3_4","Incongruent","Congruent","Incongruent","Incongruent",123.998926,124.198928,"4$",0.768785,"Correct","Correct","Correct","Correct"
"practice",63,"5_6_stimuli","5_6","Incongruent","Incongruent","Congruent","Incongruent",125.998912,126.198913,"Omission",5000,"Omission","Correct","Correct","Correct"
"practice",64,"7_8_stimuli","7_7","Congruent","Incongruent","Incongruent","Congruent",127.998908,128.198897,"Omission",5000,"Omission","Omission","Correct","Correct"
"practice",65,"1_2_stimuli","2_1","Incongruent","Congruent","Incongruent","Incongruent",129.998871,130.198873,"1!",0.608509,"Correct","Omission","Omission","Correct"
"practice",66,"3_4_stimuli","3_4","Incongruent","Incongruent","Congruent","Incongruent",131.998866,132.198864,"4$",0.86522,"Correct","Correct","Omission","Omission"
"practice",67,"5_6_stimuli","5_6","Incongruent","Incongruent","Incongruent","Congruent",133.998848,134.198838,"6^",1.00876,"Correct","Correct","Correct","Omission"
"practice",68,"7_8_stimuli","8_7","Incongruent","Incongruent","Incongruent","Incongruent",135.998825,136.198832,"7&",0.577289,"Correct","Correct","Correct","Correct"
"1",1,"1_2_stimuli","2_1","Incongruent",NA,NA,NA,1.999981,2.199976,"1!",0.562325,"Correct",NA,NA,NA
"1",2,"3_4_stimuli","4_3","Incongruent","Incongruent",NA,NA,3.999977,4.199972,"3#",0.818312,"Correct","Correct",NA,NA
"1",3,"5_6_stimuli","6_6","Congruent","Incongruent","Incongruent",NA,5.999949,6.199942,"6^",0.818773,"Correct","Correct","Correct",NA
"1",4,"7_8_stimuli","8_8","Congruent","Congruent","Incongruent","Incongruent",7.999925,8.199934,"8*",0.626801,"Correct","Correct","Correct","Correct"
"1",5,"1_2_stimuli","2_2","Congruent","Congruent","Congruent","Incongruent",9.999914,10.199923,"2@",0.594991,"Correct","Correct","Correct","Correct"
"1",6,"3_4_stimuli","4_4","Congruent","Congruent","Congruent","Congruent",11.999902,12.199905,"4$",0.754439,"Correct","Correct","Correct","Correct"
"1",7,"5_6_stimuli","5_6","Incongruent","Congruent","Congruent","Congruent",13.999872,14.199889,"6^",0.738517,"Correct","Correct","Correct","Correct"
"1",8,"7_8_stimuli","8_8","Congruent","Incongruent","Congruent","Congruent",15.999863,16.199854,"8*",0.578394,"Correct","Correct","Correct","Correct"
"1",9,"1_2_stimuli","1_2","Incongruent","Congruent","Incongruent","Congruent",17.999843,18.19985,"2@",0.57893,"Correct","Correct","Correct","Correct"
"1",10,"3_4_stimuli","4_4","Congruent","Incongruent","Congruent","Incongruent",19.999823,20.199836,"4$",0.706662,"Correct","Correct","Correct","Correct"
"1",11,"5_6_stimuli","5_5","Congruent","Congruent","Incongruent","Congruent",21.999787,22.199808,"5%",0.611602,"Correct","Correct","Correct","Correct"
"1",12,"7_8_stimuli","8_7","Incongruent","Congruent","Congruent","Incongruent",23.999792,24.199784,"7&",0.739627,"Correct","Correct","Correct","Correct"
"1",13,"1_2_stimuli","1_2","Incongruent","Incongruent","Congruent","Congruent",25.99977,26.199778,"2@",0.562531,"Correct","Correct","Correct","Correct"
"1",14,"3_4_stimuli","4_4","Congruent","Incongruent","Incongruent","Congruent",27.999759,28.199764,"4$",0.690584,"Correct","Correct","Correct","Correct"
"1",15,"5_6_stimuli","5_5","Congruent","Congruent","Incongruent","Incongruent",29.999747,30.199751,"5%",0.882479,"Correct","Correct","Correct","Correct"
"1",16,"7_8_stimuli","8_8","Congruent","Congruent","Congruent","Incongruent",31.999726,32.199727,"8*",0.578972,"Correct","Correct","Correct","Correct"
"1",17,"1_2_stimuli","1_2","Incongruent","Congruent","Congruent","Congruent",33.999716,34.199702,"2@",0.563287,"Correct","Correct","Correct","Correct"
"1",18,"3_4_stimuli","3_4","Incongruent","Incongruent","Congruent","Congruent",35.999687,36.199685,"4$",0.89865,"Correct","Correct","Correct","Correct"
"1",19,"5_6_stimuli","6_5","Incongruent","Incongruent","Incongruent","Congruent",37.999674,38.199679,"5%",0.851116,"Correct","Correct","Correct","Correct"
"1",20,"7_8_stimuli","7_7","Congruent","Incongruent","Incongruent","Incongruent",39.999655,40.199665,"7&",0.803088,"Correct","Correct","Correct","Correct"
"1",21,"1_2_stimuli","2_1","Incongruent","Congruent","Incongruent","Incongruent",41.999648,42.199645,"1!",0.627274,"Correct","Correct","Correct","Correct"
"1",22,"3_4_stimuli","3_4","Incongruent","Incongruent","Congruent","Incongruent",43.999623,44.199622,"4$",0.611195,"Correct","Correct","Correct","Correct"
"1",23,"5_6_stimuli","5_5","Congruent","Incongruent","Incongruent","Congruent",45.999605,46.199614,"5%",0.722688,"Correct","Correct","Correct","Correct"
"1",24,"7_8_stimuli","7_7","Congruent","Congruent","Incongruent","Incongruent",47.999588,48.199581,"7&",1.026724,"Correct","Correct","Correct","Correct"
"1",25,"1_2_stimuli","1_2","Incongruent","Congruent","Congruent","Incongruent",49.999582,50.199578,"2@",0.547304,"Correct","Correct","Correct","Correct"
"1",26,"3_4_stimuli","3_3","Congruent","Incongruent","Congruent","Congruent",51.999551,52.199559,"3#",0.7395,"Correct","Correct","Correct","Correct"
"1",27,"5_6_stimuli","6_5","Incongruent","Congruent","Incongruent","Congruent",53.999537,54.199533,"5%",1.02716,"Correct","Correct","Correct","Correct"
"1",28,"7_8_stimuli","8_8","Congruent","Incongruent","Congruent","Incongruent",55.999519,56.199528,"8*",0.578805,"Correct","Correct","Correct","Correct"
"1",29,"1_2_stimuli","2_2","Congruent","Congruent","Incongruent","Congruent",57.999513,58.199515,"2@",0.579358,"Correct","Correct","Correct","Correct"
"1",30,"3_4_stimuli","4_4","Congruent","Congruent","Congruent","Incongruent",59.999481,60.199484,"4$",0.931088,"Correct","Correct","Correct","Correct"
"1",31,"5_6_stimuli","6_6","Congruent","Congruent","Congruent","Congruent",61.999462,62.199466,"6^",1.075132,"Correct","Correct","Correct","Correct"
"1",32,"7_8_stimuli","7_8","Incongruent","Congruent","Congruent","Congruent",63.999453,64.19944,"8*",0.611139,"Correct","Correct","Correct","Correct"
"1",33,"1_2_stimuli","2_2","Congruent","Incongruent","Congruent","Congruent",65.999442,66.199443,"2@",1.171418,"Correct","Correct","Correct","Correct"
"1",34,"3_4_stimuli","4_3","Incongruent","Congruent","Incongruent","Congruent",67.999418,68.199408,"3#",0.706852,"Correct","Correct","Correct","Correct"
"1",35,"5_6_stimuli","6_5","Incongruent","Incongruent","Congruent","Incongruent",69.9994,70.199396,"5%",0.835295,"Correct","Correct","Correct","Correct"
"1",36,"7_8_stimuli","7_7","Congruent","Incongruent","Incongruent","Congruent",71.999388,72.199377,"7&",0.563498,"Correct","Correct","Correct","Correct"
"1",37,"1_2_stimuli","1_1","Congruent","Congruent","Incongruent","Incongruent",73.999365,74.199364,"1!",0.53088,"Correct","Correct","Correct","Correct"
"1",38,"3_4_stimuli","3_4","Incongruent","Congruent","Congruent","Incongruent",75.999352,76.19934,"4$",0.690912,"Correct","Correct","Correct","Correct"
"1",39,"5_6_stimuli","5_6","Incongruent","Incongruent","Congruent","Congruent",77.999336,78.199331,"6^",1.074894,"Correct","Correct","Correct","Correct"
"1",40,"7_8_stimuli","8_7","Incongruent","Incongruent","Incongruent","Congruent",79.999309,80.19931,"7&",0.64296,"Correct","Correct","Correct","Correct"
"1",41,"1_2_stimuli","2_1","Incongruent","Incongruent","Incongruent","Incongruent",81.999295,82.199293,"1!",0.547805,"Correct","Correct","Correct","Correct"
"1",42,"3_4_stimuli","3_3","Congruent","Incongruent","Incongruent","Incongruent",83.999277,84.199277,"3#",0.771619,"Correct","Correct","Correct","Correct"
"1",43,"5_6_stimuli","6_5","Incongruent","Congruent","Incongruent","Incongruent",85.999267,86.199268,"5%",0.834997,"Correct","Correct","Correct","Correct"
"1",44,"7_8_stimuli","7_8","Incongruent","Incongruent","Congruent","Incongruent",87.999246,88.19924,"8*",0.627444,"Correct","Correct","Correct","Correct"
"1",45,"1_2_stimuli","2_1","Incongruent","Incongruent","Incongruent","Congruent",89.999233,90.199236,"1!",0.499714,"Correct","Correct","Correct","Correct"
"1",46,"3_4_stimuli","3_4","Incongruent","Incongruent","Incongruent","Incongruent",91.999206,92.199206,"5%",0.595553,"Error","Correct","Correct","Correct"
"1",47,"5_6_stimuli","6_6","Congruent","Incongruent","Incongruent","Incongruent",93.999191,94.199184,"6^",1.123423,"Correct","Error","Correct","Correct"
"1",48,"7_8_stimuli","8_7","Incongruent","Congruent","Incongruent","Incongruent",95.999177,96.199168,"7&",0.851816,"Correct","Correct","Error","Correct"
"1",49,"1_2_stimuli","1_1","Congruent","Incongruent","Congruent","Incongruent",97.999157,98.199161,"1!",0.46708,"Correct","Correct","Correct","Error"
"1",50,"3_4_stimuli","3_3","Congruent","Congruent","Incongruent","Congruent",99.99914,100.199133,"3#",0.723144,"Correct","Correct","Correct","Correct"
"1",51,"5_6_stimuli","5_6","Incongruent","Congruent","Congruent","Incongruent",101.999126,102.199121,"6^",0.93155,"Correct","Correct","Correct","Correct"
"1",52,"7_8_stimuli","7_8","Incongruent","Incongruent","Congruent","Congruent",103.999106,104.199098,"8*",0.627606,"Correct","Correct","Correct","Correct"
"1",53,"1_2_stimuli","1_1","Congruent","Incongruent","Incongruent","Congruent",105.999085,106.19909,"1!",0.499473,"Correct","Correct","Correct","Correct"
"1",54,"3_4_stimuli","3_3","Congruent","Congruent","Incongruent","Incongruent",107.999072,108.199072,"3#",0.611696,"Correct","Correct","Correct","Correct"
"1",55,"5_6_stimuli","6_6","Congruent","Congruent","Congruent","Incongruent",109.999054,110.199049,"6^",0.915803,"Correct","Correct","Correct","Correct"
"1",56,"7_8_stimuli","8_8","Congruent","Congruent","Congruent","Congruent",111.999031,112.199029,"8*",0.563756,"Correct","Correct","Correct","Correct"
"1",57,"1_2_stimuli","2_2","Congruent","Congruent","Congruent","Congruent",113.99902,114.199013,"2@",0.627686,"Correct","Correct","Correct","Correct"
"1",58,"3_4_stimuli","4_3","Incongruent","Congruent","Congruent","Congruent",115.999,116.199008,"3#",0.899398,"Correct","Correct","Correct","Correct"
"1",59,"5_6_stimuli","6_6","Congruent","Incongruent","Congruent","Congruent",117.998992,118.198984,"5%",0.739778,"Error","Correct","Correct","Correct"
"1",60,"7_8_stimuli","7_8","Incongruent","Congruent","Incongruent","Congruent",119.998967,120.198966,"8*",0.611593,"Correct","Error","Correct","Correct"
"1",61,"1_2_stimuli","2_1","Incongruent","Incongruent","Congruent","Incongruent",121.99895,122.198947,"1!",0.595878,"Correct","Correct","Error","Correct"
"1",62,"3_4_stimuli","4_3","Incongruent","Incongruent","Incongruent","Congruent",123.998943,124.198934,"3#",0.659329,"Correct","Correct","Correct","Error"
"1",63,"5_6_stimuli","5_6","Incongruent","Incongruent","Incongruent","Incongruent",125.998925,126.198915,"6^",1.171252,"Correct","Correct","Correct","Correct"
"1",64,"7_8_stimuli","8_7","Incongruent","Incongruent","Incongruent","Incongruent",127.998897,128.1989,"7&",0.627849,"Correct","Correct","Correct","Correct"
"1",65,"1_2_stimuli","1_1","Congruent","Incongruent","Incongruent","Incongruent",129.998884,130.19888,"1!",0.484573,"Correct","Correct","Correct","Correct"
"1",66,"3_4_stimuli","4_3","Incongruent","Congruent","Incongruent","Incongruent",131.998867,132.198861,"3#",0.659707,"Correct","Correct","Correct","Correct"
"1",67,"5_6_stimuli","5_5","Congruent","Incongruent","Congruent","Incongruent",133.998846,134.198842,"6^",0.739962,"Error","Correct","Correct","Correct"
"1",68,"7_8_stimuli","7_7","Congruent","Congruent","Incongruent","Congruent",135.998835,136.19883,"7&",0.659946,"Correct","Error","Correct","Correct"
"2",1,"1_2_stimuli","1_1","Congruent",NA,NA,NA,1.999989,2.199987,"1!",0.593008,"Correct",NA,NA,NA
"2",2,"3_4_stimuli","3_3","Congruent","Congruent",NA,NA,3.999979,4.199966,"3#",1.16911,"Correct","Correct",NA,NA
"2",3,"5_6_stimuli","6_5","Incongruent","Congruent","Congruent",NA,5.999948,6.199942,"5%",1.136856,"Correct","Correct","Correct",NA
"2",4,"7_8_stimuli","8_7","Incongruent","Incongruent","Congruent","Congruent",7.999934,8.199937,"7&",0.673457,"Correct","Correct","Correct","Correct"
"2",5,"1_2_stimuli","1_2","Incongruent","Incongruent","Incongruent","Congruent",9.999926,10.199912,"2@",0.848891,"Correct","Correct","Correct","Correct"
"2",6,"3_4_stimuli","4_4","Congruent","Incongruent","Incongruent","Incongruent",11.999907,12.199908,"4$",1.201229,"Correct","Correct","Correct","Correct"
"2",7,"5_6_stimuli","6_5","Incongruent","Congruent","Incongruent","Incongruent",13.999882,14.199881,"5%",0.881263,"Correct","Correct","Correct","Correct"
"2",8,"7_8_stimuli","8_8","Congruent","Incongruent","Congruent","Incongruent",15.999872,16.199865,"8*",0.688846,"Correct","Correct","Correct","Correct"
"2",9,"1_2_stimuli","2_1","Incongruent","Congruent","Incongruent","Congruent",17.999853,18.199841,"1!",0.576962,"Correct","Correct","Correct","Correct"
"2",10,"3_4_stimuli","4_3","Incongruent","Incongruent","Congruent","Incongruent",19.999841,20.19983,"3#",0.769198,"Correct","Correct","Correct","Correct"
"2",11,"5_6_stimuli","5_5","Congruent","Incongruent","Incongruent","Congruent",21.999809,22.199813,"5%",1.009083,"Correct","Correct","Correct","Correct"
"2",12,"7_8_stimuli","7_7","Congruent","Congruent","Incongruent","Incongruent",23.999793,24.199793,"7&",0.769071,"Correct","Correct","Correct","Correct"
"2",13,"1_2_stimuli","2_2","Congruent","Congruent","Congruent","Incongruent",25.999777,26.199782,"2@",0.609368,"Correct","Correct","Correct","Correct"
"2",14,"3_4_stimuli","4_4","Congruent","Congruent","Congruent","Congruent",27.999773,28.199766,"4$",0.817059,"Correct","Correct","Correct","Correct"
"2",15,"5_6_stimuli","6_6","Congruent","Congruent","Congruent","Congruent",29.999743,30.199742,"6^",1.249036,"Correct","Correct","Correct","Correct"
"2",16,"7_8_stimuli","7_7","Congruent","Congruent","Congruent","Congruent",31.999723,32.199738,"7&",1.185716,"Correct","Correct","Correct","Correct"
"2",17,"1_2_stimuli","2_1","Incongruent","Congruent","Congruent","Congruent",33.999719,34.199717,"1!",0.545837,"Correct","Correct","Correct","Correct"
"2",18,"3_4_stimuli","3_3","Congruent","Incongruent","Congruent","Congruent",35.999694,36.199689,"3#",0.753108,"Correct","Correct","Correct","Correct"
"2",19,"5_6_stimuli","6_6","Congruent","Congruent","Incongruent","Congruent",37.999673,38.199669,"7&",0.849337,"Error","Correct","Correct","Correct"
"2",20,"7_8_stimuli","8_8","Congruent","Congruent","Congruent","Incongruent",39.999663,40.199655,"8*",0.561641,"Correct","Error","Correct","Correct"
"2",21,"1_2_stimuli","1_1","Congruent","Congruent","Congruent","Congruent",41.999636,42.19963,"1!",0.625214,"Correct","Correct","Error","Correct"
"2",22,"3_4_stimuli","3_4","Incongruent","Congruent","Congruent","Congruent",43.999625,44.199617,"4$",0.801657,"Correct","Correct","Correct","Error"
"2",23,"5_6_stimuli","5_6","Incongruent","Incongruent","Congruent","Congruent",45.999613,46.199603,"6^",1.201203,"Correct","Correct","Correct","Correct"
"2",24,"7_8_stimuli","7_7","Congruent","Incongruent","Incongruent","Congruent",47.999587,48.199577,"7&",0.753627,"Correct","Correct","Correct","Correct"
"2",25,"1_2_stimuli","1_1","Congruent","Congruent","Incongruent","Incongruent",49.999566,50.199576,"1!",0.51392,"Correct","Correct","Correct","Correct"
"2",26,"3_4_stimuli","4_3","Incongruent","Congruent","Congruent","Incongruent",51.999551,52.199552,"3#",0.689709,"Correct","Correct","Correct","Correct"
"2",27,"5_6_stimuli","6_6","Congruent","Incongruent","Congruent","Congruent",53.999535,54.199533,"Omission",5000,"Omission","Correct","Correct","Correct"
"2",28,"7_8_stimuli","7_8","Incongruent","Congruent","Incongruent","Congruent",55.999528,56.199509,"Omission",5000,"Omission","Omission","Correct","Correct"
"2",29,"1_2_stimuli","1_1","Congruent","Incongruent","Congruent","Incongruent",57.999498,58.199502,"1!",0.545611,"Correct","Omission","Omission","Correct"
"2",30,"3_4_stimuli","3_3","Congruent","Congruent","Incongruent","Congruent",59.999484,60.199479,"3#",1.041788,"Correct","Correct","Omission","Omission"
"2",31,"5_6_stimuli","6_5","Incongruent","Congruent","Congruent","Incongruent",61.999466,62.199469,"5%",0.977337,"Correct","Correct","Correct","Omission"
"2",32,"7_8_stimuli","8_8","Congruent","Incongruent","Congruent","Congruent",63.999449,64.199447,"8*",0.545857,"Correct","Correct","Correct","Correct"
"2",33,"1_2_stimuli","2_2","Congruent","Congruent","Incongruent","Congruent",65.99943,66.19944,"2@",0.849369,"Correct","Correct","Correct","Correct"
"2",34,"3_4_stimuli","4_4","Congruent","Congruent","Congruent","Incongruent",67.999409,68.199416,"4$",0.801939,"Correct","Correct","Correct","Correct"
"2",35,"5_6_stimuli","6_5","Incongruent","Congruent","Congruent","Congruent",69.9994,70.199396,"5%",0.817847,"Correct","Correct","Correct","Correct"
"2",36,"7_8_stimuli","8_7","Incongruent","Incongruent","Congruent","Congruent",71.999375,72.199386,"7&",0.705575,"Correct","Correct","Correct","Correct"
"2",37,"1_2_stimuli","1_1","Congruent","Incongruent","Incongruent","Congruent",73.999356,74.199352,"1!",0.434093,"Correct","Correct","Correct","Correct"
"2",38,"3_4_stimuli","3_3","Congruent","Congruent","Incongruent","Incongruent",75.999353,76.199347,"3#",0.577649,"Correct","Correct","Correct","Correct"
"2",39,"5_6_stimuli","6_6","Congruent","Congruent","Congruent","Incongruent",77.999329,78.199331,"6^",1.329416,"Correct","Correct","Correct","Correct"
"2",40,"7_8_stimuli","8_7","Incongruent","Congruent","Congruent","Congruent",79.999317,80.199315,"7&",0.625947,"Correct","Correct","Correct","Correct"
"2",41,"1_2_stimuli","2_1","Incongruent","Incongruent","Congruent","Congruent",81.999286,82.199287,"1!",0.561515,"Correct","Correct","Correct","Correct"
"2",42,"3_4_stimuli","3_4","Incongruent","Incongruent","Incongruent","Congruent",83.999275,84.199274,"4$",0.930221,"Correct","Correct","Correct","Correct"
"2",43,"5_6_stimuli","5_6","Incongruent","Incongruent","Incongruent","Incongruent",85.999257,86.19925,"6^",0.929533,"Correct","Correct","Correct","Correct"
"2",44,"7_8_stimuli","8_7","Incongruent","Incongruent","Incongruent","Incongruent",87.999245,88.199242,"7&",0.530024,"Correct","Correct","Correct","Correct"
"2",45,"1_2_stimuli","2_2","Congruent","Incongruent","Incongruent","Incongruent",89.999227,90.199215,"2@",0.722029,"Correct","Correct","Correct","Correct"
"2",46,"3_4_stimuli","4_3","Incongruent","Congruent","Incongruent","Incongruent",91.999211,92.199208,"3#",0.674347,"Correct","Correct","Correct","Correct"
"2",47,"5_6_stimuli","6_5","Incongruent","Incongruent","Congruent","Incongruent",93.999187,94.199187,"Omission",5000,"Omission","Correct","Correct","Correct"
"2",48,"7_8_stimuli","7_8","Incongruent","Incongruent","Incongruent","Congruent",95.999173,96.199176,"Omission",5000,"Omission","Omission","Correct","Correct"
"2",49,"1_2_stimuli","1_2","Incongruent","Incongruent","Incongruent","Incongruent",97.999167,98.199161,"2@",0.641627,"Correct","Omission","Omission","Correct"
"2",50,"3_4_stimuli","3_4","Incongruent","Incongruent","Incongruent","Incongruent",99.999142,100.199137,"4$",0.882105,"Correct","Correct","Omission","Omission"
"2",51,"5_6_stimuli","5_5","Congruent","Incongruent","Incongruent","Incongruent",101.999122,102.199119,"5%",0.706486,"Correct","Correct","Correct","Omission"
"2",52,"7_8_stimuli","7_8","Incongruent","Congruent","Incongruent","Incongruent",103.999098,104.199108,"8*",1.186167,"Correct","Correct","Correct","Correct"
"2",53,"1_2_stimuli","1_2","Incongruent","Incongruent","Congruent","Incongruent",105.999086,106.199081,"2@",0.498013,"Correct","Correct","Correct","Correct"
"2",54,"3_4_stimuli","3_3","Congruent","Incongruent","Incongruent","Congruent",107.999066,108.199073,"3#",0.578333,"Correct","Correct","Correct","Correct"
"2",55,"5_6_stimuli","5_5","Congruent","Congruent","Incongruent","Incongruent",109.999053,110.199059,"5%",0.913859,"Correct","Correct","Correct","Correct"
"2",56,"7_8_stimuli","7_8","Incongruent","Congruent","Congruent","Incongruent",111.999027,112.199038,"8*",0.978184,"Correct","Correct","Correct","Correct"
"2",57,"1_2_stimuli","2_2","Congruent","Incongruent","Congruent","Congruent",113.999019,114.199017,"2@",0.61002,"Correct","Correct","Correct","Correct"
"2",58,"3_4_stimuli","4_3","Incongruent","Congruent","Incongruent","Congruent",115.999006,116.198992,"4$",0.642477,"Error","Correct","Correct","Correct"
"2",59,"5_6_stimuli","5_5","Congruent","Incongruent","Congruent","Incongruent",117.998983,118.19898,"5%",0.786263,"Correct","Error","Correct","Correct"
"2",60,"7_8_stimuli","8_8","Congruent","Congruent","Incongruent","Congruent",119.998966,120.198969,"8*",0.577816,"Correct","Correct","Error","Correct"
"2",61,"1_2_stimuli","1_2","Incongruent","Congruent","Congruent","Incongruent",121.998948,122.19894,"2@",0.609825,"Correct","Correct","Correct","Error"
"2",62,"3_4_stimuli","3_4","Incongruent","Incongruent","Congruent","Congruent",123.998925,124.198927,"4$",1.137865,"Correct","Correct","Correct","Correct"
"2",63,"5_6_stimuli","5_6","Incongruent","Incongruent","Incongruent","Congruent",125.998914,126.198907,"6^",1.2339,"Correct","Correct","Correct","Correct"
"2",64,"7_8_stimuli","7_7","Congruent","Incongruent","Incongruent","Incongruent",127.9989,128.198898,"7&",0.882087,"Correct","Correct","Correct","Correct"
"2",65,"1_2_stimuli","2_1","Incongruent","Congruent","Incongruent","Incongruent",129.998881,130.198877,"1!",0.626328,"Correct","Correct","Correct","Correct"
"2",66,"3_4_stimuli","4_4","Congruent","Incongruent","Congruent","Incongruent",131.998869,132.198857,"Omission",5000,"Omission","Correct","Correct","Correct"
"2",67,"5_6_stimuli","5_6","Incongruent","Congruent","Incongruent","Congruent",133.998853,134.19886,"Omission",5000,"Omission","Omission","Correct","Correct"
"2",68,"7_8_stimuli","8_7","Incongruent","Incongruent","Congruent","Incongruent",135.998834,136.198851,"7&",0.898638,"Correct","Omission","Omission","Correct"
"3",1,"1_2_stimuli","1_2","Incongruent",NA,NA,NA,1.999974,2.199976,"2@",0.632063,"Correct",NA,NA,NA
"3",2,"3_4_stimuli","4_3","Incongruent","Incongruent",NA,NA,3.999967,4.199971,"3#",0.584008,"Correct","Correct",NA,NA
"3",3,"5_6_stimuli","5_6","Incongruent","Incongruent","Incongruent",NA,5.999944,6.199948,"5%",0.952755,"Error","Correct","Correct",NA
"3",4,"7_8_stimuli","8_7","Incongruent","Incongruent","Incongruent","Incongruent",7.99993,8.199922,"7&",0.808112,"Correct","Error","Correct","Correct"
"3",5,"1_2_stimuli","2_2","Congruent","Incongruent","Incongruent","Incongruent",9.999916,10.199911,"2@",0.616842,"Correct","Correct","Error","Correct"
"3",6,"3_4_stimuli","3_4","Incongruent","Congruent","Incongruent","Incongruent",11.999899,12.199892,"4$",0.68066,"Correct","Correct","Correct","Error"
"3",7,"5_6_stimuli","5_6","Incongruent","Incongruent","Congruent","Incongruent",13.999879,14.199885,"6^",1.064757,"Correct","Correct","Correct","Correct"
"3",8,"7_8_stimuli","8_7","Incongruent","Incongruent","Incongruent","Congruent",15.99987,16.199869,"7&",0.584618,"Correct","Correct","Correct","Correct"
"3",9,"1_2_stimuli","1_2","Incongruent","Incongruent","Incongruent","Incongruent",17.999836,18.19984,"2@",0.584755,"Correct","Correct","Correct","Correct"
"3",10,"3_4_stimuli","3_3","Congruent","Incongruent","Incongruent","Incongruent",19.999827,20.199823,"3#",1.016717,"Correct","Correct","Correct","Correct"
"3",11,"5_6_stimuli","5_6","Incongruent","Congruent","Incongruent","Incongruent",21.999817,22.199817,"6^",0.776365,"Correct","Correct","Correct","Correct"
"3",12,"7_8_stimuli","8_7","Incongruent","Incongruent","Congruent","Incongruent",23.9998,24.199793,"7&",0.488667,"Correct","Correct","Correct","Correct"
"3",13,"1_2_stimuli","1_1","Congruent","Incongruent","Incongruent","Congruent",25.999777,26.199782,"1!",0.48869,"Correct","Correct","Correct","Correct"
"3",14,"3_4_stimuli","3_3","Congruent","Congruent","Incongruent","Incongruent",27.999765,28.199763,"3#",0.728265,"Correct","Correct","Correct","Correct"
"3",15,"5_6_stimuli","5_5","Congruent","Congruent","Congruent","Incongruent",29.99974,30.199739,"5%",0.920277,"Correct","Correct","Correct","Correct"
"3",16,"7_8_stimuli","7_8","Incongruent","Congruent","Congruent","Congruent",31.999722,32.199723,"8*",0.632769,"Correct","Correct","Correct","Correct"
"3",17,"1_2_stimuli","1_2","Incongruent","Incongruent","Congruent","Congruent",33.999707,34.199702,"2@",0.488362,"Correct","Correct","Correct","Correct"
"3",18,"3_4_stimuli","4_3","Incongruent","Incongruent","Incongruent","Congruent",35.9997,36.199686,"3#",0.568344,"Correct","Correct","Correct","Correct"
"3",19,"5_6_stimuli","6_6","Congruent","Incongruent","Incongruent","Incongruent",37.999673,38.199668,"7&",0.568335,"Error","Correct","Correct","Correct"
"3",20,"7_8_stimuli","8_8","Congruent","Congruent","Incongruent","Incongruent",39.999655,40.199664,"8*",0.536343,"Correct","Error","Correct","Correct"
"3",21,"1_2_stimuli","2_2","Congruent","Congruent","Congruent","Incongruent",41.999636,42.199638,"2@",0.584365,"Correct","Correct","Error","Correct"
"3",22,"3_4_stimuli","3_3","Congruent","Congruent","Congruent","Congruent",43.999624,44.199627,"3#",0.824906,"Correct","Correct","Correct","Error"
"3",23,"5_6_stimuli","5_5","Congruent","Congruent","Congruent","Congruent",45.99961,46.199613,"5%",0.792813,"Correct","Correct","Correct","Correct"
"3",24,"7_8_stimuli","7_7","Congruent","Congruent","Congruent","Congruent",47.999586,48.199591,"7&",0.856412,"Correct","Correct","Correct","Correct"
"3",25,"1_2_stimuli","1_1","Congruent","Congruent","Congruent","Congruent",49.999569,50.19957,"1!",0.520882,"Correct","Correct","Correct","Correct"
"3",26,"3_4_stimuli","4_3","Incongruent","Congruent","Congruent","Congruent",51.999555,52.199556,"3#",0.760929,"Correct","Correct","Correct","Correct"
"3",27,"5_6_stimuli","5_5","Congruent","Incongruent","Congruent","Congruent",53.999546,54.199544,"5%",0.79247,"Correct","Correct","Correct","Correct"
"3",28,"7_8_stimuli","8_7","Incongruent","Congruent","Incongruent","Congruent",55.999522,56.19952,"7&",0.568981,"Correct","Correct","Correct","Correct"
"3",29,"1_2_stimuli","1_2","Incongruent","Incongruent","Congruent","Incongruent",57.9995,58.1995,"2@",0.889094,"Correct","Correct","Correct","Correct"
"3",30,"3_4_stimuli","4_4","Congruent","Incongruent","Incongruent","Congruent",59.999486,60.199483,"4$",0.936536,"Correct","Correct","Correct","Correct"
"3",31,"5_6_stimuli","6_6","Congruent","Congruent","Incongruent","Incongruent",61.999466,62.199471,"7&",0.808959,"Error","Correct","Correct","Correct"
"3",32,"7_8_stimuli","8_8","Congruent","Congruent","Congruent","Incongruent",63.999452,64.199458,"8*",0.648542,"Correct","Error","Correct","Correct"
"3",33,"1_2_stimuli","2_1","Incongruent","Congruent","Congruent","Congruent",65.999446,66.199425,"1!",0.633209,"Correct","Correct","Error","Correct"
"3",34,"3_4_stimuli","4_4","Congruent","Incongruent","Congruent","Congruent",67.99942,68.199409,"4$",0.601025,"Correct","Correct","Correct","Error"
"3",35,"5_6_stimuli","6_5","Incongruent","Congruent","Incongruent","Congruent",69.999402,70.199396,"5%",0.77666,"Correct","Correct","Correct","Correct"
"3",36,"7_8_stimuli","7_7","Congruent","Incongruent","Congruent","Incongruent",71.999386,72.199387,"7&",1.464623,"Correct","Correct","Correct","Correct"
"3",37,"1_2_stimuli","1_1","Congruent","Congruent","Incongruent","Congruent",73.999357,74.199366,"1!",0.568633,"Correct","Correct","Correct","Correct"
"3",38,"3_4_stimuli","4_3","Incongruent","Congruent","Congruent","Incongruent",75.999354,76.199351,"3#",0.841189,"Correct","Correct","Correct","Correct"
"3",39,"5_6_stimuli","5_6","Incongruent","Incongruent","Congruent","Congruent",77.99933,78.199332,"6^",1.337115,"Correct","Correct","Correct","Correct"
"3",40,"7_8_stimuli","8_8","Congruent","Incongruent","Incongruent","Congruent",79.999308,80.199311,"8*",0.601133,"Correct","Correct","Correct","Correct"
"3",41,"1_2_stimuli","2_1","Incongruent","Congruent","Incongruent","Incongruent",81.999297,82.199287,"1!",0.585162,"Correct","Correct","Correct","Correct"
"3",42,"3_4_stimuli","4_4","Congruent","Incongruent","Congruent","Incongruent",83.999277,84.199274,"4$",1.097212,"Correct","Correct","Correct","Correct"
"3",43,"5_6_stimuli","5_5","Congruent","Congruent","Incongruent","Congruent",85.999257,86.199253,"5%",0.728772,"Correct","Correct","Correct","Correct"
"3",44,"7_8_stimuli","7_8","Incongruent","Congruent","Congruent","Incongruent",87.99925,88.199243,"8*",0.585391,"Correct","Correct","Correct","Correct"
"3",45,"1_2_stimuli","2_2","Congruent","Incongruent","Congruent","Congruent",89.999219,90.199222,"2@",0.584801,"Correct","Correct","Correct","Correct"
"3",46,"3_4_stimuli","3_3","Congruent","Congruent","Incongruent","Congruent",91.99921,92.199213,"3#",0.889069,"Correct","Correct","Correct","Correct"
"3",47,"5_6_stimuli","6_5","Incongruent","Congruent","Congruent","Incongruent",93.999196,94.199183,"5%",0.777631,"Correct","Correct","Correct","Correct"
"3",48,"7_8_stimuli","8_8","Congruent","Incongruent","Congruent","Congruent",95.999178,96.199179,"8*",0.681199,"Correct","Correct","Correct","Correct"
"3",49,"1_2_stimuli","1_2","Incongruent","Congruent","Incongruent","Congruent",97.999164,98.19915,"2@",0.617032,"Correct","Correct","Correct","Correct"
"3",50,"3_4_stimuli","4_3","Incongruent","Incongruent","Congruent","Incongruent",99.999145,100.199152,"3#",0.649281,"Correct","Correct","Correct","Correct"
"3",51,"5_6_stimuli","6_6","Congruent","Incongruent","Incongruent","Congruent",101.999117,102.199126,"6^",1.401476,"Correct","Correct","Correct","Correct"
"3",52,"7_8_stimuli","7_8","Incongruent","Congruent","Incongruent","Incongruent",103.999105,104.199112,"8*",0.745212,"Correct","Correct","Correct","Correct"
"3",53,"1_2_stimuli","2_2","Congruent","Incongruent","Congruent","Incongruent",105.999088,106.199081,"2@",0.857185,"Correct","Correct","Correct","Correct"
"3",54,"3_4_stimuli","3_4","Incongruent","Congruent","Incongruent","Congruent",107.999066,108.199071,"4$",0.633576,"Correct","Correct","Correct","Correct"
"3",55,"5_6_stimuli","6_6","Congruent","Incongruent","Congruent","Incongruent",109.999061,110.199049,"6^",0.953452,"Correct","Correct","Correct","Correct"
"3",56,"7_8_stimuli","7_7","Congruent","Congruent","Incongruent","Congruent",111.99904,112.199036,"7&",0.776977,"Correct","Correct","Correct","Correct"
"3",57,"1_2_stimuli","2_1","Incongruent","Congruent","Congruent","Incongruent",113.999021,114.199016,"1!",0.600988,"Correct","Correct","Correct","Correct"
"3",58,"3_4_stimuli","3_4","Incongruent","Incongruent","Congruent","Congruent",115.999005,116.198997,"4$",0.77701,"Correct","Correct","Correct","Correct"
"3",59,"5_6_stimuli","6_5","Incongruent","Incongruent","Incongruent","Congruent",117.998994,118.198979,"5%",0.617647,"Correct","Correct","Correct","Correct"
"3",60,"7_8_stimuli","7_7","Congruent","Incongruent","Incongruent","Incongruent",119.998965,120.198965,"7&",0.777016,"Correct","Correct","Correct","Correct"
"3",61,"1_2_stimuli","1_1","Congruent","Congruent","Incongruent","Incongruent",121.998952,122.198945,"1!",0.873063,"Correct","Correct","Correct","Correct"
"3",62,"3_4_stimuli","4_4","Congruent","Congruent","Congruent","Incongruent",123.99894,124.198941,"4$",0.681432,"Correct","Correct","Correct","Correct"
"3",63,"5_6_stimuli","6_5","Incongruent","Congruent","Congruent","Congruent",125.998913,126.198917,"5%",0.841069,"Correct","Correct","Correct","Correct"
"3",64,"7_8_stimuli","7_8","Incongruent","Incongruent","Congruent","Congruent",127.998907,128.198898,"8*",0.63391,"Correct","Correct","Correct","Correct"
"3",65,"1_2_stimuli","2_1","Incongruent","Incongruent","Incongruent","Congruent",129.998888,130.198884,"1!",0.601112,"Correct","Correct","Correct","Correct"
"3",66,"3_4_stimuli","3_4","Incongruent","Incongruent","Incongruent","Incongruent",131.998866,132.198868,"4$",0.82512,"Correct","Correct","Correct","Correct"
"3",67,"5_6_stimuli","5_6","Incongruent","Incongruent","Incongruent","Incongruent",133.998852,134.198843,"6^",1.337123,"Correct","Correct","Correct","Correct"
"3",68,"7_8_stimuli","8_7","Incongruent","Incongruent","Incongruent","Incongruent",135.998836,136.198838,"7&",0.681145,"Correct","Correct","Correct","Correct"
"4",1,"1_2_stimuli","2_1","Incongruent",NA,NA,NA,1.999983,2.199979,"1!",0.670533,"Correct",NA,NA,NA
"4",2,"3_4_stimuli","3_4","Incongruent","Incongruent",NA,NA,3.999961,4.199956,"4$",0.655377,"Correct","Correct",NA,NA
"4",3,"5_6_stimuli","5_6","Incongruent","Incongruent","Incongruent",NA,5.999944,6.199952,"6^",0.846976,"Correct","Correct","Correct",NA
"4",4,"7_8_stimuli","8_7","Incongruent","Incongruent","Incongruent","Incongruent",7.999928,8.19993,"7&",0.607235,"Correct","Correct","Correct","Correct"
"4",5,"1_2_stimuli","2_1","Incongruent","Incongruent","Incongruent","Incongruent",9.999907,10.199921,"1!",0.574626,"Correct","Correct","Correct","Correct"
"4",6,"3_4_stimuli","3_4","Incongruent","Incongruent","Incongruent","Incongruent",11.99991,12.1999,"4$",0.638594,"Correct","Correct","Correct","Correct"
"4",7,"5_6_stimuli","6_6","Congruent","Incongruent","Incongruent","Incongruent",13.999885,14.199871,"6^",1.230605,"Correct","Correct","Correct","Correct"
"4",8,"7_8_stimuli","7_7","Congruent","Congruent","Incongruent","Incongruent",15.999864,16.199868,"7&",0.607065,"Correct","Correct","Correct","Correct"
"4",9,"1_2_stimuli","1_1","Congruent","Congruent","Congruent","Incongruent",17.999843,18.199845,"1!",0.462658,"Correct","Correct","Correct","Correct"
"4",10,"3_4_stimuli","3_3","Congruent","Congruent","Congruent","Congruent",19.999829,20.199821,"3#",0.671306,"Correct","Correct","Correct","Correct"
"4",11,"5_6_stimuli","6_5","Incongruent","Congruent","Congruent","Congruent",21.999807,22.199806,"6^",0.798812,"Error","Correct","Correct","Correct"
"4",12,"7_8_stimuli","7_8","Incongruent","Incongruent","Congruent","Congruent",23.999804,24.199797,"8*",0.574682,"Correct","Error","Correct","Correct"
"4",13,"1_2_stimuli","1_2","Incongruent","Incongruent","Incongruent","Congruent",25.999775,26.199776,"2@",0.670735,"Correct","Correct","Error","Correct"
"4",14,"3_4_stimuli","3_3","Congruent","Incongruent","Incongruent","Incongruent",27.999799,28.199767,"3#",0.703169,"Correct","Correct","Correct","Error"
"4",15,"5_6_stimuli","5_6","Incongruent","Congruent","Incongruent","Incongruent",29.999752,30.199745,"6^",1.071168,"Correct","Correct","Correct","Correct"
"4",16,"7_8_stimuli","8_8","Congruent","Incongruent","Congruent","Incongruent",31.999724,32.199725,"8*",0.766831,"Correct","Correct","Correct","Correct"
"4",17,"1_2_stimuli","2_1","Incongruent","Congruent","Incongruent","Congruent",33.999705,34.199699,"1!",0.575272,"Correct","Correct","Correct","Correct"
"4",18,"3_4_stimuli","3_4","Incongruent","Incongruent","Congruent","Incongruent",35.9997,36.199687,"4$",0.798798,"Correct","Correct","Correct","Correct"
"4",19,"5_6_stimuli","5_5","Congruent","Incongruent","Incongruent","Congruent",37.999672,38.199677,"5%",0.815358,"Correct","Correct","Correct","Correct"
"4",20,"7_8_stimuli","8_7","Incongruent","Congruent","Incongruent","Incongruent",39.999656,40.199656,"7&",0.862854,"Correct","Correct","Correct","Correct"
"4",21,"1_2_stimuli","2_2","Congruent","Incongruent","Congruent","Incongruent",41.999634,42.199644,"2@",0.76729,"Correct","Correct","Correct","Correct"
"4",22,"3_4_stimuli","3_3","Congruent","Congruent","Incongruent","Congruent",43.99963,44.199622,"3#",0.671556,"Correct","Correct","Correct","Correct"
"4",23,"5_6_stimuli","6_5","Incongruent","Congruent","Congruent","Incongruent",45.999603,46.199611,"5%",0.878874,"Correct","Correct","Correct","Correct"
"4",24,"7_8_stimuli","7_7","Congruent","Incongruent","Congruent","Congruent",47.999588,48.199581,"7&",0.7349,"Correct","Correct","Correct","Correct"
"4",25,"1_2_stimuli","1_1","Congruent","Congruent","Incongruent","Congruent",49.99958,50.199564,"1!",0.5915,"Correct","Correct","Correct","Correct"
"4",26,"3_4_stimuli","4_4","Congruent","Congruent","Congruent","Incongruent",51.999546,52.19956,"3#",0.767607,"Error","Correct","Correct","Correct"
"4",27,"5_6_stimuli","6_6","Congruent","Congruent","Congruent","Congruent",53.999543,54.199541,"6^",0.767469,"Correct","Error","Correct","Correct"
"4",28,"7_8_stimuli","8_7","Incongruent","Congruent","Congruent","Congruent",55.999527,56.199516,"7&",0.686943,"Correct","Correct","Error","Correct"
"4",29,"1_2_stimuli","2_2","Congruent","Incongruent","Congruent","Congruent",57.999521,58.1995,"2@",1.02296,"Correct","Correct","Correct","Error"
"4",30,"3_4_stimuli","4_3","Incongruent","Congruent","Incongruent","Congruent",59.99949,60.199495,"3#",0.735002,"Correct","Correct","Correct","Correct"
"4",31,"5_6_stimuli","5_6","Incongruent","Incongruent","Congruent","Incongruent",61.999462,62.199468,"5%",0.895054,"Error","Correct","Correct","Correct"
"4",32,"7_8_stimuli","8_8","Congruent","Incongruent","Incongruent","Congruent",63.999452,64.199446,"8*",1.423586,"Correct","Error","Correct","Correct"
"4",33,"1_2_stimuli","1_2","Incongruent","Congruent","Incongruent","Incongruent",65.999446,66.199433,"2@",0.54354,"Correct","Correct","Error","Correct"
"4",34,"3_4_stimuli","4_4","Congruent","Incongruent","Congruent","Incongruent",67.999426,68.199417,"4$",1.023518,"Correct","Correct","Correct","Error"
"4",35,"5_6_stimuli","5_5","Congruent","Congruent","Incongruent","Congruent",69.999401,70.199404,"5%",0.879773,"Correct","Correct","Correct","Correct"
"4",36,"7_8_stimuli","8_8","Congruent","Congruent","Congruent","Incongruent",71.999378,72.199387,"8*",0.783744,"Correct","Correct","Correct","Correct"
"4",37,"1_2_stimuli","2_2","Congruent","Congruent","Congruent","Congruent",73.999359,74.199361,"2@",0.623181,"Correct","Correct","Correct","Correct"
"4",38,"3_4_stimuli","4_3","Incongruent","Congruent","Congruent","Congruent",75.999345,76.199352,"3#",0.703128,"Correct","Correct","Correct","Correct"
"4",39,"5_6_stimuli","6_6","Congruent","Incongruent","Congruent","Congruent",77.999337,78.199334,"Omission",5000,"Omission","Correct","Correct","Correct"
"4",40,"7_8_stimuli","7_7","Congruent","Congruent","Incongruent","Congruent",79.999312,80.199314,"Omission",5000,"Omission","Omission","Correct","Correct"
"4",41,"1_2_stimuli","2_1","Incongruent","Congruent","Congruent","Incongruent",81.999297,82.199295,"1!",0.671734,"Correct","Omission","Omission","Correct"
"4",42,"3_4_stimuli","4_4","Congruent","Incongruent","Congruent","Congruent",83.999285,84.199285,"4$",0.735272,"Correct","Correct","Omission","Omission"
"4",43,"5_6_stimuli","5_6","Incongruent","Congruent","Incongruent","Congruent",85.999259,86.199266,"6^",0.895576,"Correct","Correct","Correct","Omission"
"4",44,"7_8_stimuli","8_7","Incongruent","Incongruent","Congruent","Incongruent",87.999254,88.199242,"7&",0.783199,"Correct","Correct","Correct","Correct"
"4",45,"1_2_stimuli","1_1","Congruent","Incongruent","Incongruent","Congruent",89.999233,90.199221,"1!",0.575284,"Correct","Correct","Correct","Correct"
"4",46,"3_4_stimuli","3_4","Incongruent","Congruent","Incongruent","Incongruent",91.999221,92.199216,"4$",0.607939,"Correct","Correct","Correct","Correct"
"4",47,"5_6_stimuli","5_5","Congruent","Incongruent","Congruent","Incongruent",93.999202,94.199192,"5%",0.687621,"Correct","Correct","Correct","Correct"
"4",48,"7_8_stimuli","7_8","Incongruent","Congruent","Incongruent","Congruent",95.999182,96.19918,"8*",0.591602,"Correct","Correct","Correct","Correct"
"4",49,"1_2_stimuli","1_2","Incongruent","Incongruent","Congruent","Incongruent",97.999166,98.19916,"2@",0.655925,"Correct","Correct","Correct","Correct"
"4",50,"3_4_stimuli","3_3","Congruent","Incongruent","Incongruent","Congruent",99.999149,100.199145,"3#",0.73604,"Correct","Correct","Correct","Correct"
"4",51,"5_6_stimuli","6_6","Congruent","Congruent","Incongruent","Incongruent",101.999123,102.199119,"6^",1.087749,"Correct","Correct","Correct","Correct"
"4",52,"7_8_stimuli","7_8","Incongruent","Congruent","Congruent","Incongruent",103.999106,104.199112,"8*",0.703705,"Correct","Correct","Correct","Correct"
"4",53,"1_2_stimuli","1_2","Incongruent","Incongruent","Congruent","Congruent",105.999093,106.19909,"2@",0.591407,"Correct","Correct","Correct","Correct"
"4",54,"3_4_stimuli","3_4","Incongruent","Incongruent","Incongruent","Congruent",107.99907,108.199071,"4$",0.783493,"Correct","Correct","Correct","Correct"
"4",55,"5_6_stimuli","6_5","Incongruent","Incongruent","Incongruent","Incongruent",109.999056,110.199055,"4$",0.704117,"Error","Correct","Correct","Correct"
"4",56,"7_8_stimuli","7_8","Incongruent","Incongruent","Incongruent","Incongruent",111.999048,112.199039,"8*",0.608144,"Correct","Error","Correct","Correct"
"4",57,"1_2_stimuli","2_2","Congruent","Incongruent","Incongruent","Incongruent",113.999026,114.199018,"2@",0.687468,"Correct","Correct","Error","Correct"
"4",58,"3_4_stimuli","4_4","Congruent","Congruent","Incongruent","Incongruent",115.999016,116.199009,"4$",0.783857,"Correct","Correct","Correct","Error"
"4",59,"5_6_stimuli","5_5","Congruent","Congruent","Congruent","Incongruent",117.998998,118.198988,"5%",0.623469,"Correct","Correct","Correct","Correct"
"4",60,"7_8_stimuli","7_7","Congruent","Congruent","Congruent","Congruent",119.998974,120.198974,"7&",0.639995,"Correct","Correct","Correct","Correct"
"4",61,"1_2_stimuli","2_1","Incongruent","Congruent","Congruent","Congruent",121.99896,122.19896,"1!",0.543515,"Correct","Correct","Correct","Correct"
"4",62,"3_4_stimuli","4_3","Incongruent","Incongruent","Congruent","Congruent",123.998938,124.198944,"3#",0.927574,"Correct","Correct","Correct","Correct"
"4",63,"5_6_stimuli","6_5","Incongruent","Incongruent","Incongruent","Congruent",125.998929,126.198925,"5%",0.783971,"Correct","Correct","Correct","Correct"
"4",64,"7_8_stimuli","8_8","Congruent","Incongruent","Incongruent","Incongruent",127.998906,128.19891,"8*",0.607996,"Correct","Correct","Correct","Correct"
"4",65,"1_2_stimuli","1_1","Congruent","Congruent","Incongruent","Incongruent",129.998891,130.198896,"1!",0.576113,"Correct","Correct","Correct","Correct"
"4",66,"3_4_stimuli","4_3","Incongruent","Congruent","Congruent","Incongruent",131.998875,132.198882,"3#",0.815901,"Correct","Correct","Correct","Correct"
"4",67,"5_6_stimuli","5_6","Incongruent","Incongruent","Congruent","Congruent",133.998856,134.198855,"6^",1.215652,"Correct","Correct","Correct","Correct"
"4",68,"7_8_stimuli","8_7","Incongruent","Incongruent","Incongruent","Congruent",135.998841,136.198838,"7&",0.528214,"Correct","Correct","Correct","Correct"
"5",1,"1_2_stimuli","2_1","Incongruent",NA,NA,NA,1.999978,2.199992,"1!",0.729921,"Correct",NA,NA,NA
"5",2,"3_4_stimuli","4_3","Incongruent","Incongruent",NA,NA,3.999976,4.199975,"3#",0.649179,"Correct","Correct",NA,NA
"5",3,"5_6_stimuli","6_6","Congruent","Incongruent","Incongruent",NA,5.999958,6.199951,"6^",0.937444,"Correct","Correct","Correct",NA
"5",4,"7_8_stimuli","7_8","Incongruent","Congruent","Incongruent","Incongruent",7.999928,8.199928,"8*",0.521682,"Correct","Correct","Correct","Correct"
"5",5,"1_2_stimuli","1_1","Congruent","Incongruent","Congruent","Incongruent",9.999924,10.199912,"1!",0.55386,"Correct","Correct","Correct","Correct"
"5",6,"3_4_stimuli","3_4","Incongruent","Congruent","Incongruent","Congruent",11.9999,12.199897,"4$",0.617803,"Correct","Correct","Correct","Correct"
"5",7,"5_6_stimuli","6_5","Incongruent","Incongruent","Congruent","Incongruent",13.999881,14.19989,"5%",0.697264,"Correct","Correct","Correct","Correct"
"5",8,"7_8_stimuli","7_7","Congruent","Incongruent","Incongruent","Congruent",15.999862,16.199862,"7&",0.809647,"Correct","Correct","Correct","Correct"
"5",9,"1_2_stimuli","1_2","Incongruent","Congruent","Incongruent","Incongruent",17.999858,18.199846,"2@",0.569883,"Correct","Correct","Correct","Correct"
"5",10,"3_4_stimuli","4_3","Incongruent","Incongruent","Congruent","Incongruent",19.999828,20.199835,"3#",0.649901,"Correct","Correct","Correct","Correct"
"5",11,"5_6_stimuli","6_6","Congruent","Incongruent","Incongruent","Congruent",21.999819,22.199811,"7&",0.778039,"Error","Correct","Correct","Correct"
"5",12,"7_8_stimuli","7_7","Congruent","Congruent","Incongruent","Incongruent",23.999796,24.199797,"7&",0.569759,"Correct","Error","Correct","Correct"
"5",13,"1_2_stimuli","1_1","Congruent","Congruent","Congruent","Incongruent",25.999786,26.199782,"1!",0.569285,"Correct","Correct","Error","Correct"
"5",14,"3_4_stimuli","4_3","Incongruent","Congruent","Congruent","Congruent",27.999762,28.199763,"3#",0.681925,"Correct","Correct","Correct","Error"
"5",15,"5_6_stimuli","6_5","Incongruent","Incongruent","Congruent","Congruent",29.999744,30.199748,"4$",0.842045,"Error","Correct","Correct","Correct"
"5",16,"7_8_stimuli","8_7","Incongruent","Incongruent","Incongruent","Congruent",31.999723,32.199733,"7&",1.321858,"Correct","Error","Correct","Correct"
"5",17,"1_2_stimuli","1_2","Incongruent","Incongruent","Incongruent","Incongruent",33.999717,34.199714,"2@",0.521726,"Correct","Correct","Error","Correct"
"5",18,"3_4_stimuli","4_4","Congruent","Incongruent","Incongruent","Incongruent",35.999706,36.1997,"4$",0.601471,"Correct","Correct","Correct","Error"
"5",19,"5_6_stimuli","5_5","Congruent","Congruent","Incongruent","Incongruent",37.999681,38.199684,"5%",0.761428,"Correct","Correct","Correct","Correct"
"5",20,"7_8_stimuli","8_7","Incongruent","Congruent","Congruent","Incongruent",39.999663,40.199672,"7&",0.793932,"Correct","Correct","Correct","Correct"
"5",21,"1_2_stimuli","2_1","Incongruent","Incongruent","Congruent","Congruent",41.999643,42.199649,"1!",0.569823,"Correct","Correct","Correct","Correct"
"5",22,"3_4_stimuli","4_4","Congruent","Incongruent","Incongruent","Congruent",43.99963,44.199631,"4$",0.873547,"Correct","Correct","Correct","Correct"
"5",23,"5_6_stimuli","6_5","Incongruent","Congruent","Incongruent","Incongruent",45.999616,46.199609,"5%",0.649509,"Correct","Correct","Correct","Correct"
"5",24,"7_8_stimuli","8_7","Incongruent","Incongruent","Congruent","Incongruent",47.999589,48.19959,"7&",0.633542,"Correct","Correct","Correct","Correct"
"5",25,"1_2_stimuli","2_1","Incongruent","Incongruent","Incongruent","Congruent",49.999577,50.19957,"1!",0.618045,"Correct","Correct","Correct","Correct"
"5",26,"3_4_stimuli","4_3","Incongruent","Incongruent","Incongruent","Incongruent",51.999562,52.199556,"3#",0.634274,"Correct","Correct","Correct","Correct"
"5",27,"5_6_stimuli","6_6","Congruent","Incongruent","Incongruent","Incongruent",53.99954,54.199545,"6^",1.034333,"Correct","Correct","Correct","Correct"
"5",28,"7_8_stimuli","8_7","Incongruent","Congruent","Incongruent","Incongruent",55.999523,56.199518,"7&",0.681605,"Correct","Correct","Correct","Correct"
"5",29,"1_2_stimuli","2_1","Incongruent","Incongruent","Congruent","Incongruent",57.999505,58.199506,"1!",0.569733,"Correct","Correct","Correct","Correct"
"5",30,"3_4_stimuli","3_4","Incongruent","Incongruent","Incongruent","Congruent",59.999494,60.199482,"4$",0.794083,"Correct","Correct","Correct","Correct"
"5",31,"5_6_stimuli","5_6","Incongruent","Incongruent","Incongruent","Incongruent",61.999482,62.199473,"5%",1.24164,"Error","Correct","Correct","Correct"
"5",32,"7_8_stimuli","8_8","Congruent","Incongruent","Incongruent","Incongruent",63.999467,64.199453,"Omission",5000,"Omission","Error","Correct","Correct"
"5",33,"1_2_stimuli","2_2","Congruent","Congruent","Incongruent","Incongruent",65.999443,66.199441,"2@",0.634454,"Correct","Omission","Error","Correct"
"5",34,"3_4_stimuli","3_3","Congruent","Congruent","Congruent","Incongruent",67.99942,68.199421,"3#",1.049686,"Correct","Correct","Omission","Error"
"5",35,"5_6_stimuli","5_6","Incongruent","Congruent","Congruent","Congruent",69.999413,70.199404,"Omission",5000,"Omission","Correct","Correct","Omission"
"5",36,"7_8_stimuli","7_8","Incongruent","Incongruent","Congruent","Congruent",71.9994,72.199381,"8*",0.794313,"Correct","Omission","Correct","Correct"
"5",37,"1_2_stimuli","2_2","Congruent","Incongruent","Incongruent","Congruent",73.999368,74.199377,"2@",0.778311,"Correct","Correct","Omission","Correct"
"5",38,"3_4_stimuli","4_3","Incongruent","Congruent","Incongruent","Incongruent",75.999356,76.199354,"3#",0.698199,"Correct","Correct","Correct","Omission"
"5",39,"5_6_stimuli","6_6","Congruent","Incongruent","Congruent","Incongruent",77.999339,78.199333,"6^",1.098191,"Correct","Correct","Correct","Correct"
"5",40,"7_8_stimuli","8_8","Congruent","Congruent","Incongruent","Congruent",79.999325,80.199318,"8*",0.761832,"Correct","Correct","Correct","Correct"
"5",41,"1_2_stimuli","1_2","Incongruent","Congruent","Congruent","Incongruent",81.999331,82.199305,"2@",0.617852,"Correct","Correct","Correct","Correct"
"5",42,"3_4_stimuli","3_4","Incongruent","Incongruent","Congruent","Congruent",83.999289,84.199289,"4$",0.714129,"Correct","Correct","Correct","Correct"
"5",43,"5_6_stimuli","5_6","Incongruent","Incongruent","Incongruent","Congruent",85.999277,86.199263,"6^",0.857866,"Correct","Correct","Correct","Correct"
"5",44,"7_8_stimuli","7_8","Incongruent","Incongruent","Incongruent","Incongruent",87.999252,88.199262,"8*",1.226557,"Correct","Correct","Correct","Correct"
"5",45,"1_2_stimuli","1_1","Congruent","Incongruent","Incongruent","Incongruent",89.999233,90.199237,"1!",0.521953,"Correct","Correct","Correct","Correct"
"5",46,"3_4_stimuli","4_4","Congruent","Congruent","Incongruent","Incongruent",91.999215,92.199218,"4$",0.586229,"Correct","Correct","Correct","Correct"
"5",47,"5_6_stimuli","6_5","Incongruent","Congruent","Congruent","Incongruent",93.999204,94.199202,"5%",0.730752,"Correct","Correct","Correct","Correct"
"5",48,"7_8_stimuli","8_8","Congruent","Incongruent","Congruent","Congruent",95.999185,96.199183,"8*",0.601958,"Correct","Correct","Correct","Correct"
"5",49,"1_2_stimuli","2_1","Incongruent","Congruent","Incongruent","Congruent",97.999166,98.199171,"1!",0.538278,"Correct","Correct","Correct","Correct"
"5",50,"3_4_stimuli","3_3","Congruent","Incongruent","Congruent","Incongruent",99.999151,100.199152,"2@",0.922718,"Error","Correct","Correct","Correct"
"5",51,"5_6_stimuli","6_6","Congruent","Congruent","Incongruent","Congruent",101.99914,102.199131,"6^",1.113978,"Correct","Error","Correct","Correct"
"5",52,"7_8_stimuli","7_7","Congruent","Congruent","Congruent","Incongruent",103.999122,104.199117,"7&",0.570239,"Correct","Correct","Error","Correct"
"5",53,"1_2_stimuli","1_1","Congruent","Congruent","Congruent","Congruent",105.999103,106.199101,"1!",0.602538,"Correct","Correct","Correct","Error"
"5",54,"3_4_stimuli","3_3","Congruent","Congruent","Congruent","Congruent",107.999082,108.19908,"3#",0.730318,"Correct","Correct","Correct","Correct"
"5",55,"5_6_stimuli","5_5","Congruent","Congruent","Congruent","Congruent",109.999063,110.19906,"5%",0.827031,"Correct","Correct","Correct","Correct"
"5",56,"7_8_stimuli","7_8","Incongruent","Congruent","Congruent","Congruent",111.999055,112.199048,"8*",1.066331,"Correct","Correct","Correct","Correct"
"5",57,"1_2_stimuli","2_2","Congruent","Incongruent","Congruent","Congruent",113.999034,114.199036,"2@",0.634604,"Correct","Correct","Correct","Correct"
"5",58,"3_4_stimuli","3_3","Congruent","Congruent","Incongruent","Congruent",115.999016,116.199019,"3#",0.730103,"Correct","Correct","Correct","Correct"
"5",59,"5_6_stimuli","5_5","Congruent","Congruent","Congruent","Incongruent",117.998994,118.199002,"5%",0.7301,"Correct","Correct","Correct","Correct"
"5",60,"7_8_stimuli","8_8","Congruent","Congruent","Congruent","Congruent",119.998979,120.198978,"8*",0.5541,"Correct","Correct","Correct","Correct"
"5",61,"1_2_stimuli","1_2","Incongruent","Congruent","Congruent","Congruent",121.998964,122.198959,"2@",0.570131,"Correct","Correct","Correct","Correct"
"5",62,"3_4_stimuli","4_4","Congruent","Incongruent","Congruent","Congruent",123.998952,124.198942,"4$",0.602622,"Correct","Correct","Correct","Correct"
"5",63,"5_6_stimuli","5_6","Incongruent","Congruent","Incongruent","Congruent",125.998929,126.198936,"5%",1.194619,"Error","Correct","Correct","Correct"
"5",64,"7_8_stimuli","7_7","Congruent","Incongruent","Congruent","Incongruent",127.998915,128.198911,"7&",0.682208,"Correct","Error","Correct","Correct"
"5",65,"1_2_stimuli","2_2","Congruent","Congruent","Incongruent","Congruent",129.998899,130.198896,"2@",0.586218,"Correct","Correct","Error","Correct"
"5",66,"3_4_stimuli","3_4","Incongruent","Congruent","Congruent","Incongruent",131.998889,132.198881,"4$",0.730334,"Correct","Correct","Correct","Error"
"5",67,"5_6_stimuli","5_5","Congruent","Incongruent","Congruent","Congruent",133.998862,134.198867,"5%",0.714881,"Correct","Correct","Correct","Correct"
"5",68,"7_8_stimuli","7_8","Incongruent","Congruent","Incongruent","Congruent",135.998849,136.198847,"8*",0.842949,"Correct","Correct","Correct","Correct"
"6",1,"1_2_stimuli","1_2","Incongruent",NA,NA,NA,1.999978,2.199988,"2@",0.61063,"Correct",NA,NA,NA
"6",2,"3_4_stimuli","4_4","Congruent","Incongruent",NA,NA,3.999957,4.199972,"4$",0.578761,"Correct","Correct",NA,NA
"6",3,"5_6_stimuli","6_6","Congruent","Congruent","Incongruent",NA,5.99996,6.199955,"6^",0.754569,"Correct","Correct","Correct",NA
"6",4,"7_8_stimuli","8_8","Congruent","Congruent","Congruent","Incongruent",7.999925,8.19993,"8*",0.546863,"Correct","Correct","Correct","Correct"
"6",5,"1_2_stimuli","1_2","Incongruent","Congruent","Congruent","Congruent",9.999919,10.199918,"2@",0.546406,"Correct","Correct","Correct","Correct"
"6",6,"3_4_stimuli","4_3","Incongruent","Incongruent","Congruent","Congruent",11.999902,12.199905,"3#",0.658816,"Correct","Correct","Correct","Correct"
"6",7,"5_6_stimuli","6_6","Congruent","Incongruent","Incongruent","Congruent",13.999882,14.199877,"6^",0.754587,"Correct","Correct","Correct","Correct"
"6",8,"7_8_stimuli","8_8","Congruent","Congruent","Incongruent","Incongruent",15.999865,16.19987,"8*",0.851022,"Correct","Correct","Correct","Correct"
"6",9,"1_2_stimuli","1_2","Incongruent","Congruent","Congruent","Incongruent",17.999848,18.199853,"2@",0.547161,"Correct","Correct","Correct","Correct"
"6",10,"3_4_stimuli","4_4","Congruent","Incongruent","Congruent","Congruent",19.999835,20.199837,"4$",0.690805,"Correct","Correct","Correct","Correct"
"6",11,"5_6_stimuli","6_6","Congruent","Congruent","Incongruent","Congruent",21.999814,22.199818,"6^",1.315136,"Correct","Correct","Correct","Correct"
"6",12,"7_8_stimuli","8_7","Incongruent","Congruent","Congruent","Incongruent",23.999797,24.199793,"7&",0.626655,"Correct","Correct","Correct","Correct"
"6",13,"1_2_stimuli","2_1","Incongruent","Incongruent","Congruent","Congruent",25.999788,26.199785,"1!",0.62653,"Correct","Correct","Correct","Correct"
"6",14,"3_4_stimuli","3_3","Congruent","Incongruent","Incongruent","Congruent",27.999763,28.199774,"3#",0.706988,"Correct","Correct","Correct","Correct"
"6",15,"5_6_stimuli","6_5","Incongruent","Congruent","Incongruent","Incongruent",29.999754,30.199743,"5%",0.786533,"Correct","Correct","Correct","Correct"
"6",16,"7_8_stimuli","7_7","Congruent","Incongruent","Congruent","Incongruent",31.999735,32.199733,"7&",0.562551,"Correct","Correct","Correct","Correct"
"6",17,"1_2_stimuli","1_1","Congruent","Congruent","Incongruent","Congruent",33.999716,34.199714,"1!",0.498741,"Correct","Correct","Correct","Correct"
"6",18,"3_4_stimuli","4_3","Incongruent","Congruent","Congruent","Incongruent",35.999699,36.199705,"3#",0.771204,"Correct","Correct","Correct","Correct"
"6",19,"5_6_stimuli","5_5","Congruent","Incongruent","Congruent","Congruent",37.999686,38.199686,"5%",0.706604,"Correct","Correct","Correct","Correct"
"6",20,"7_8_stimuli","8_7","Incongruent","Congruent","Incongruent","Congruent",39.999672,40.199659,"7&",0.691349,"Correct","Correct","Correct","Correct"
"6",21,"1_2_stimuli","2_1","Incongruent","Incongruent","Congruent","Incongruent",41.999651,42.199644,"1!",0.514973,"Correct","Correct","Correct","Correct"
"6",22,"3_4_stimuli","3_4","Incongruent","Incongruent","Incongruent","Congruent",43.999632,44.199637,"4$",0.674654,"Correct","Correct","Correct","Correct"
"6",23,"5_6_stimuli","6_6","Congruent","Incongruent","Incongruent","Incongruent",45.999615,46.199609,"7&",1.075715,"Error","Correct","Correct","Correct"
"6",24,"7_8_stimuli","7_8","Incongruent","Congruent","Incongruent","Incongruent",47.999593,48.199603,"8*",0.531011,"Correct","Error","Correct","Correct"
"6",25,"1_2_stimuli","1_1","Congruent","Incongruent","Congruent","Incongruent",49.999579,50.199583,"1!",0.594742,"Correct","Correct","Error","Correct"
"6",26,"3_4_stimuli","4_4","Congruent","Congruent","Incongruent","Congruent",51.999558,52.19956,"4$",0.930991,"Correct","Correct","Correct","Error"
"6",27,"5_6_stimuli","5_5","Congruent","Congruent","Congruent","Incongruent",53.999539,54.19955,"5%",0.707189,"Correct","Correct","Correct","Correct"
"6",28,"7_8_stimuli","7_8","Incongruent","Congruent","Congruent","Congruent",55.999523,56.199527,"8*",0.947202,"Correct","Correct","Correct","Correct"
"6",29,"1_2_stimuli","1_1","Congruent","Incongruent","Congruent","Congruent",57.999506,58.199507,"1!",0.610767,"Correct","Correct","Correct","Correct"
"6",30,"3_4_stimuli","4_3","Incongruent","Congruent","Incongruent","Congruent",59.999494,60.199497,"3#",0.675258,"Correct","Correct","Correct","Correct"
"6",31,"5_6_stimuli","5_5","Congruent","Incongruent","Congruent","Incongruent",61.999484,62.199475,"5%",0.72324,"Correct","Correct","Correct","Correct"
"6",32,"7_8_stimuli","8_8","Congruent","Congruent","Incongruent","Congruent",63.999467,64.199452,"8*",0.595195,"Correct","Correct","Correct","Correct"
"6",33,"1_2_stimuli","2_2","Congruent","Congruent","Congruent","Incongruent",65.999449,66.19944,"2@",0.883131,"Correct","Correct","Correct","Correct"
"6",34,"3_4_stimuli","4_3","Incongruent","Congruent","Congruent","Congruent",67.999436,68.199435,"3#",0.802817,"Correct","Correct","Correct","Correct"
"6",35,"5_6_stimuli","6_5","Incongruent","Incongruent","Congruent","Congruent",69.999409,70.199407,"5%",0.754935,"Correct","Correct","Correct","Correct"
"6",36,"7_8_stimuli","8_7","Incongruent","Incongruent","Incongruent","Congruent",71.999396,72.199385,"7&",1.250864,"Correct","Correct","Correct","Correct"
"6",37,"1_2_stimuli","1_1","Congruent","Incongruent","Incongruent","Incongruent",73.999369,74.199376,"1!",0.546911,"Correct","Correct","Correct","Correct"
"6",38,"3_4_stimuli","3_4","Incongruent","Congruent","Incongruent","Incongruent",75.999361,76.199368,"4$",0.706933,"Correct","Correct","Correct","Correct"
"6",39,"5_6_stimuli","6_5","Incongruent","Incongruent","Congruent","Incongruent",77.999344,78.199338,"5%",0.86737,"Correct","Correct","Correct","Correct"
"6",40,"7_8_stimuli","7_7","Congruent","Incongruent","Incongruent","Congruent",79.999318,80.199328,"7&",0.754982,"Correct","Correct","Correct","Correct"
"6",41,"1_2_stimuli","2_2","Congruent","Congruent","Incongruent","Incongruent",81.999307,82.199311,"2@",0.611013,"Correct","Correct","Correct","Correct"
"6",42,"3_4_stimuli","3_3","Congruent","Congruent","Congruent","Incongruent",83.999289,84.199282,"3#",1.218932,"Correct","Correct","Correct","Correct"
"6",43,"5_6_stimuli","5_6","Incongruent","Congruent","Congruent","Congruent",85.999266,86.199271,"6^",1.155642,"Correct","Correct","Correct","Correct"
"6",44,"7_8_stimuli","7_7","Congruent","Incongruent","Congruent","Congruent",87.999249,88.199257,"7&",0.64348,"Correct","Correct","Correct","Correct"
"6",45,"1_2_stimuli","2_1","Incongruent","Congruent","Incongruent","Congruent",89.999246,90.199238,"1!",0.531677,"Correct","Correct","Correct","Correct"
"6",46,"3_4_stimuli","3_4","Incongruent","Incongruent","Congruent","Incongruent",91.99922,92.199225,"4$",0.70712,"Correct","Correct","Correct","Correct"
"6",47,"5_6_stimuli","6_5","Incongruent","Incongruent","Incongruent","Congruent",93.999203,94.1992,"5%",0.691508,"Correct","Correct","Correct","Correct"
"6",48,"7_8_stimuli","7_8","Incongruent","Incongruent","Incongruent","Incongruent",95.999192,96.199193,"8*",0.835076,"Correct","Correct","Correct","Correct"
"6",49,"1_2_stimuli","1_2","Incongruent","Incongruent","Incongruent","Incongruent",97.999178,98.199171,"2@",0.547837,"Correct","Correct","Correct","Correct"
"6",50,"3_4_stimuli","3_4","Incongruent","Incongruent","Incongruent","Incongruent",99.999161,100.199151,"4$",0.691558,"Correct","Correct","Correct","Correct"
"6",51,"5_6_stimuli","5_6","Incongruent","Incongruent","Incongruent","Incongruent",101.999132,102.199134,"6^",1.027707,"Correct","Correct","Correct","Correct"
"6",52,"7_8_stimuli","8_8","Congruent","Incongruent","Incongruent","Incongruent",103.999118,104.199117,"8*",0.723645,"Correct","Correct","Correct","Correct"
"6",53,"1_2_stimuli","1_2","Incongruent","Congruent","Incongruent","Incongruent",105.999108,106.199098,"2@",0.547185,"Correct","Correct","Correct","Correct"
"6",54,"3_4_stimuli","4_4","Congruent","Incongruent","Congruent","Incongruent",107.999087,108.199084,"4$",0.6272,"Correct","Correct","Correct","Correct"
"6",55,"5_6_stimuli","5_6","Incongruent","Congruent","Incongruent","Congruent",109.999065,110.199074,"5%",1.123547,"Error","Correct","Correct","Correct"
"6",56,"7_8_stimuli","8_7","Incongruent","Incongruent","Congruent","Incongruent",111.999051,112.199048,"7&",0.48325,"Correct","Error","Correct","Correct"
"6",57,"1_2_stimuli","2_2","Congruent","Incongruent","Incongruent","Congruent",113.999037,114.199034,"2@",0.531661,"Correct","Correct","Error","Correct"
"6",58,"3_4_stimuli","3_3","Congruent","Congruent","Incongruent","Incongruent",115.999031,116.199013,"3#",0.531561,"Correct","Correct","Correct","Error"
"6",59,"5_6_stimuli","5_6","Incongruent","Congruent","Congruent","Incongruent",117.999005,118.198998,"Omission",5000,"Omission","Correct","Correct","Correct"
"6",60,"7_8_stimuli","7_8","Incongruent","Incongruent","Congruent","Congruent",119.998992,120.198986,"Omission",5000,"Omission","Omission","Correct","Correct"
"6",61,"1_2_stimuli","2_1","Incongruent","Incongruent","Incongruent","Congruent",121.998962,122.19897,"1!",0.579571,"Correct","Omission","Omission","Correct"
"6",62,"3_4_stimuli","3_3","Congruent","Incongruent","Incongruent","Incongruent",123.998977,124.198948,"3#",0.723817,"Correct","Correct","Omission","Omission"
"6",63,"5_6_stimuli","6_6","Congruent","Congruent","Incongruent","Incongruent",125.998933,126.198942,"6^",1.043326,"Correct","Correct","Correct","Omission"
"6",64,"7_8_stimuli","7_7","Congruent","Congruent","Congruent","Incongruent",127.998924,128.198917,"7&",0.563661,"Correct","Correct","Correct","Correct"
"6",65,"1_2_stimuli","2_2","Congruent","Congruent","Congruent","Congruent",129.998902,130.198896,"2@",0.595877,"Correct","Correct","Correct","Correct"
"6",66,"3_4_stimuli","4_4","Congruent","Congruent","Congruent","Congruent",131.998881,132.198884,"4$",0.691825,"Correct","Correct","Correct","Correct"
"6",67,"5_6_stimuli","5_5","Congruent","Congruent","Congruent","Congruent",133.998867,134.198871,"5%",0.708095,"Correct","Correct","Correct","Correct"
"6",68,"7_8_stimuli","8_8","Congruent","Congruent","Congruent","Congruent",135.998851,136.198846,"8*",0.643922,"Correct","Correct","Correct","Correct"
"7",1,"1_2_stimuli","2_2","Congruent",NA,NA,NA,1.999982,2.199969,"2@",0.628883,"Correct",NA,NA,NA
"7",2,"3_4_stimuli","4_4","Congruent","Congruent",NA,NA,3.999966,4.19997,"4$",0.820152,"Correct","Correct",NA,NA
"7",3,"5_6_stimuli","6_5","Incongruent","Congruent","Congruent",NA,5.999947,6.199937,"5%",0.676599,"Correct","Correct","Correct",NA
"7",4,"7_8_stimuli","8_8","Congruent","Incongruent","Congruent","Congruent",7.99994,8.199928,"8*",0.564658,"Correct","Correct","Correct","Correct"
"7",5,"1_2_stimuli","2_1","Incongruent","Congruent","Incongruent","Congruent",9.999913,10.199911,"1!",0.548677,"Correct","Correct","Correct","Correct"
"7",6,"3_4_stimuli","4_3","Incongruent","Incongruent","Congruent","Incongruent",11.999895,12.199901,"3#",0.628256,"Correct","Correct","Correct","Correct"
"7",7,"5_6_stimuli","5_5","Congruent","Incongruent","Incongruent","Congruent",13.999881,14.199888,"5%",0.86826,"Correct","Correct","Correct","Correct"
"7",8,"7_8_stimuli","7_8","Incongruent","Congruent","Incongruent","Incongruent",15.999868,16.199856,"8*",0.580236,"Correct","Correct","Correct","Correct"
"7",9,"1_2_stimuli","2_1","Incongruent","Incongruent","Congruent","Incongruent",17.999842,18.199846,"1!",0.516389,"Correct","Correct","Correct","Correct"
"7",10,"3_4_stimuli","3_4","Incongruent","Incongruent","Incongruent","Congruent",19.999831,20.199824,"4$",0.836791,"Correct","Correct","Correct","Correct"
"7",11,"5_6_stimuli","6_6","Congruent","Incongruent","Incongruent","Incongruent",21.999815,22.199804,"6^",0.980251,"Correct","Correct","Correct","Correct"
"7",12,"7_8_stimuli","7_7","Congruent","Congruent","Incongruent","Incongruent",23.999806,24.199799,"7&",0.596596,"Correct","Correct","Correct","Correct"
"7",13,"1_2_stimuli","2_2","Congruent","Congruent","Congruent","Incongruent",25.99978,26.199777,"2@",0.868299,"Correct","Correct","Correct","Correct"
"7",14,"3_4_stimuli","3_4","Incongruent","Congruent","Congruent","Congruent",27.999763,28.19977,"4$",0.62848,"Correct","Correct","Correct","Correct"
"7",15,"5_6_stimuli","6_5","Incongruent","Incongruent","Congruent","Congruent",29.999743,30.199747,"5%",0.660861,"Correct","Correct","Correct","Correct"
"7",16,"7_8_stimuli","8_8","Congruent","Incongruent","Incongruent","Congruent",31.999732,32.199727,"8*",0.756384,"Correct","Correct","Correct","Correct"
"7",17,"1_2_stimuli","1_2","Incongruent","Congruent","Incongruent","Incongruent",33.99971,34.1997,"2@",0.67707,"Correct","Correct","Correct","Correct"
"7",18,"3_4_stimuli","4_4","Congruent","Incongruent","Congruent","Incongruent",35.99969,36.199686,"4$",0.532393,"Correct","Correct","Correct","Correct"
"7",19,"5_6_stimuli","5_6","Incongruent","Congruent","Incongruent","Congruent",37.999687,38.199669,"6^",0.900879,"Correct","Correct","Correct","Correct"
"7",20,"7_8_stimuli","8_7","Incongruent","Incongruent","Congruent","Incongruent",39.999663,40.199652,"7&",0.564781,"Correct","Correct","Correct","Correct"
"7",21,"1_2_stimuli","1_1","Congruent","Incongruent","Incongruent","Congruent",41.999644,42.19965,"1!",0.484833,"Correct","Correct","Correct","Correct"
"7",22,"3_4_stimuli","3_4","Incongruent","Congruent","Incongruent","Incongruent",43.99963,44.199622,"4$",0.661101,"Correct","Correct","Correct","Correct"
"7",23,"5_6_stimuli","5_5","Congruent","Incongruent","Congruent","Incongruent",45.999608,46.199609,"5%",0.740944,"Correct","Correct","Correct","Correct"
"7",24,"7_8_stimuli","8_7","Incongruent","Congruent","Incongruent","Congruent",47.999601,48.199593,"7&",0.804555,"Correct","Correct","Correct","Correct"
"7",25,"1_2_stimuli","1_1","Congruent","Incongruent","Congruent","Incongruent",49.999577,50.199581,"1!",0.437259,"Correct","Correct","Correct","Correct"
"7",26,"3_4_stimuli","4_3","Incongruent","Congruent","Incongruent","Congruent",51.999567,52.199566,"3#",0.564534,"Correct","Correct","Correct","Correct"
"7",27,"5_6_stimuli","5_6","Incongruent","Incongruent","Congruent","Incongruent",53.999539,54.199547,"6^",0.869028,"Correct","Correct","Correct","Correct"
"7",28,"7_8_stimuli","7_8","Incongruent","Incongruent","Incongruent","Congruent",55.999534,56.199526,"8*",0.596546,"Correct","Correct","Correct","Correct"
"7",29,"1_2_stimuli","1_2","Incongruent","Incongruent","Incongruent","Incongruent",57.999511,58.199501,"2@",0.645184,"Correct","Correct","Correct","Correct"
"7",30,"3_4_stimuli","3_3","Congruent","Incongruent","Incongruent","Incongruent",59.9995,60.199493,"3#",0.70873,"Correct","Correct","Correct","Correct"
"7",31,"5_6_stimuli","6_6","Congruent","Congruent","Incongruent","Incongruent",61.999476,62.199471,"6^",1.108659,"Correct","Correct","Correct","Correct"
"7",32,"7_8_stimuli","8_8","Congruent","Congruent","Congruent","Incongruent",63.999461,64.199461,"8*",0.677349,"Correct","Correct","Correct","Correct"
"7",33,"1_2_stimuli","2_2","Congruent","Congruent","Congruent","Congruent",65.999433,66.199444,"2@",0.500625,"Correct","Correct","Correct","Correct"
"7",34,"3_4_stimuli","4_4","Congruent","Congruent","Congruent","Congruent",67.999422,68.199422,"4$",0.613295,"Correct","Correct","Correct","Correct"
"7",35,"5_6_stimuli","6_5","Incongruent","Congruent","Congruent","Congruent",69.999407,70.199404,"5%",0.596831,"Correct","Correct","Correct","Correct"
"7",36,"7_8_stimuli","7_7","Congruent","Incongruent","Congruent","Congruent",71.999399,72.199397,"7&",0.757361,"Correct","Correct","Correct","Correct"
"7",37,"1_2_stimuli","2_2","Congruent","Congruent","Incongruent","Congruent",73.999374,74.19937,"2@",1.092689,"Correct","Correct","Correct","Correct"
"7",38,"3_4_stimuli","4_3","Incongruent","Congruent","Congruent","Incongruent",75.99936,76.199347,"3#",0.677032,"Correct","Correct","Correct","Correct"
"7",39,"5_6_stimuli","5_5","Congruent","Incongruent","Congruent","Congruent",77.999345,78.199341,"5%",0.91675,"Correct","Correct","Correct","Correct"
"7",40,"7_8_stimuli","7_7","Congruent","Congruent","Incongruent","Congruent",79.999322,80.199318,"7&",0.613342,"Correct","Correct","Correct","Correct"
"7",41,"1_2_stimuli","1_2","Incongruent","Congruent","Congruent","Incongruent",81.999307,82.199305,"2@",0.564768,"Correct","Correct","Correct","Correct"
"7",42,"3_4_stimuli","4_4","Congruent","Incongruent","Congruent","Congruent",83.999295,84.199279,"4$",0.564832,"Correct","Correct","Correct","Correct"
"7",43,"5_6_stimuli","6_6","Congruent","Congruent","Incongruent","Congruent",85.999265,86.19927,"6^",0.836779,"Correct","Correct","Correct","Correct"
"7",44,"7_8_stimuli","8_7","Incongruent","Congruent","Congruent","Incongruent",87.999258,88.199251,"7&",0.565295,"Correct","Correct","Correct","Correct"
"7",45,"1_2_stimuli","2_2","Congruent","Incongruent","Congruent","Congruent",89.999248,90.199229,"2@",0.661572,"Correct","Correct","Correct","Correct"
"7",46,"3_4_stimuli","4_4","Congruent","Congruent","Incongruent","Congruent",91.999223,92.199228,"4$",0.613409,"Correct","Correct","Correct","Correct"
"7",47,"5_6_stimuli","5_6","Incongruent","Congruent","Congruent","Incongruent",93.999201,94.199204,"6^",1.492887,"Correct","Correct","Correct","Correct"
"7",48,"7_8_stimuli","8_7","Incongruent","Incongruent","Congruent","Congruent",95.999186,96.199178,"7&",0.485246,"Correct","Correct","Correct","Correct"
"7",49,"1_2_stimuli","2_1","Incongruent","Incongruent","Incongruent","Congruent",97.999164,98.199171,"1!",0.597454,"Correct","Correct","Correct","Correct"
"7",50,"3_4_stimuli","3_4","Incongruent","Incongruent","Incongruent","Incongruent",99.999153,100.199148,"4$",0.725071,"Correct","Correct","Correct","Correct"
"7",51,"5_6_stimuli","5_6","Incongruent","Incongruent","Incongruent","Incongruent",101.99913,102.199131,"6^",1.253183,"Correct","Correct","Correct","Correct"
"7",52,"7_8_stimuli","7_8","Incongruent","Incongruent","Incongruent","Incongruent",103.999115,104.199122,"8*",0.629376,"Correct","Correct","Correct","Correct"
"7",53,"1_2_stimuli","1_1","Congruent","Incongruent","Incongruent","Incongruent",105.999098,106.199103,"1!",0.629583,"Correct","Correct","Correct","Correct"
"7",54,"3_4_stimuli","3_3","Congruent","Congruent","Incongruent","Incongruent",107.999091,108.199078,"3#",0.628919,"Correct","Correct","Correct","Correct"
"7",55,"5_6_stimuli","6_6","Congruent","Congruent","Congruent","Incongruent",109.999066,110.199068,"6^",0.949653,"Correct","Correct","Correct","Correct"
"7",56,"7_8_stimuli","7_7","Congruent","Congruent","Congruent","Congruent",111.999053,112.199049,"7&",0.533083,"Correct","Correct","Correct","Correct"
"7",57,"1_2_stimuli","1_2","Incongruent","Congruent","Congruent","Congruent",113.999033,114.199031,"2@",0.517021,"Correct","Correct","Correct","Correct"
"7",58,"3_4_stimuli","4_3","Incongruent","Incongruent","Congruent","Congruent",115.999013,116.199012,"3#",0.62914,"Correct","Correct","Correct","Correct"
"7",59,"5_6_stimuli","6_5","Incongruent","Incongruent","Incongruent","Congruent",117.999,118.198997,"5%",0.805815,"Correct","Correct","Correct","Correct"
"7",60,"7_8_stimuli","8_8","Congruent","Incongruent","Incongruent","Incongruent",119.998991,120.198983,"8*",0.581459,"Correct","Correct","Correct","Correct"
"7",61,"1_2_stimuli","1_1","Congruent","Congruent","Incongruent","Incongruent",121.998974,122.198966,"1!",0.597599,"Correct","Correct","Correct","Correct"
"7",62,"3_4_stimuli","3_3","Congruent","Congruent","Congruent","Incongruent",123.998951,124.198948,"3#",0.821741,"Correct","Correct","Correct","Correct"
"7",63,"5_6_stimuli","5_5","Congruent","Congruent","Congruent","Congruent",125.99893,126.198934,"6^",1.461113,"Error","Correct","Correct","Correct"
"7",64,"7_8_stimuli","7_8","Incongruent","Congruent","Congruent","Congruent",127.998907,128.198914,"8*",0.725632,"Correct","Error","Correct","Correct"
"7",65,"1_2_stimuli","2_1","Incongruent","Incongruent","Congruent","Congruent",129.998897,130.198907,"1!",0.533166,"Correct","Correct","Error","Correct"
"7",66,"3_4_stimuli","3_3","Congruent","Incongruent","Incongruent","Congruent",131.998882,132.198878,"3#",0.725767,"Correct","Correct","Correct","Error"
"7",67,"5_6_stimuli","6_5","Incongruent","Congruent","Incongruent","Incongruent",133.998875,134.19886,"5%",0.933212,"Correct","Correct","Correct","Correct"
"7",68,"7_8_stimuli","8_8","Congruent","Incongruent","Congruent","Incongruent",135.998851,136.198843,"8*",0.661684,"Correct","Correct","Correct","Correct"
"8",1,"1_2_stimuli","2_2","Congruent",NA,NA,NA,1.999973,2.199978,"2@",0.668568,"Correct",NA,NA,NA
"8",2,"3_4_stimuli","4_4","Congruent","Congruent",NA,NA,3.999963,4.199964,"4$",0.524112,"Correct","Correct",NA,NA
"8",3,"5_6_stimuli","5_5","Congruent","Congruent","Congruent",NA,5.999953,6.199949,"5%",0.716081,"Correct","Correct","Correct",NA
"8",4,"7_8_stimuli","8_8","Congruent","Congruent","Congruent","Congruent",7.999926,8.199931,"8*",0.508392,"Correct","Correct","Correct","Correct"
"8",5,"1_2_stimuli","2_2","Congruent","Congruent","Congruent","Congruent",9.999912,10.199917,"2@",0.44458,"Correct","Correct","Correct","Correct"
"8",6,"3_4_stimuli","3_3","Congruent","Congruent","Congruent","Congruent",11.999893,12.19989,"3#",0.380908,"Correct","Correct","Correct","Correct"
"8",7,"5_6_stimuli","6_5","Incongruent","Congruent","Congruent","Congruent",13.999881,14.199874,"5%",1.356626,"Correct","Correct","Correct","Correct"
"8",8,"7_8_stimuli","7_7","Congruent","Incongruent","Congruent","Congruent",15.999858,16.199863,"7&",0.956622,"Correct","Correct","Correct","Correct"
"8",9,"1_2_stimuli","2_2","Congruent","Congruent","Incongruent","Congruent",17.999848,18.199847,"2@",0.524214,"Correct","Correct","Correct","Correct"
"8",10,"3_4_stimuli","4_4","Congruent","Congruent","Congruent","Incongruent",19.999826,20.199831,"3#",0.636551,"Error","Correct","Correct","Correct"
"8",11,"5_6_stimuli","6_6","Congruent","Congruent","Congruent","Congruent",21.999811,22.199814,"Omission",5000,"Omission","Error","Correct","Correct"
"8",12,"7_8_stimuli","7_7","Congruent","Congruent","Congruent","Congruent",23.999794,24.19979,"Omission",5000,"Omission","Omission","Error","Correct"
"8",13,"1_2_stimuli","1_2","Incongruent","Congruent","Congruent","Congruent",25.999783,26.199774,"2@",0.572451,"Correct","Omission","Omission","Error"
"8",14,"3_4_stimuli","4_3","Incongruent","Incongruent","Congruent","Congruent",27.999765,28.199763,"3#",0.572281,"Correct","Correct","Omission","Omission"
"8",15,"5_6_stimuli","6_5","Incongruent","Incongruent","Incongruent","Congruent",29.999752,30.199746,"Omission",5000,"Omission","Correct","Correct","Omission"
"8",16,"7_8_stimuli","7_8","Incongruent","Incongruent","Incongruent","Incongruent",31.999728,32.199717,"8*",0.620334,"Correct","Omission","Correct","Correct"
"8",17,"1_2_stimuli","2_1","Incongruent","Incongruent","Incongruent","Incongruent",33.999709,34.199715,"1!",0.572783,"Correct","Correct","Omission","Correct"
"8",18,"3_4_stimuli","4_3","Incongruent","Incongruent","Incongruent","Incongruent",35.9997,36.199702,"3#",0.700589,"Correct","Correct","Correct","Omission"
"8",19,"5_6_stimuli","6_5","Incongruent","Incongruent","Incongruent","Incongruent",37.999674,38.199674,"5%",0.780326,"Correct","Correct","Correct","Correct"
"8",20,"7_8_stimuli","7_7","Congruent","Incongruent","Incongruent","Incongruent",39.999665,40.199649,"7&",0.63688,"Correct","Correct","Correct","Correct"
"8",21,"1_2_stimuli","2_2","Congruent","Congruent","Incongruent","Incongruent",41.999651,42.199644,"2@",0.588673,"Correct","Correct","Correct","Correct"
"8",22,"3_4_stimuli","3_4","Incongruent","Congruent","Congruent","Incongruent",43.999622,44.199619,"4$",0.668727,"Correct","Correct","Correct","Correct"
"8",23,"5_6_stimuli","5_6","Incongruent","Incongruent","Congruent","Congruent",45.99961,46.199605,"6^",0.892483,"Correct","Correct","Correct","Correct"
"8",24,"7_8_stimuli","7_8","Incongruent","Incongruent","Incongruent","Congruent",47.999602,48.1996,"8*",0.621082,"Correct","Correct","Correct","Correct"
"8",25,"1_2_stimuli","1_1","Congruent","Incongruent","Incongruent","Incongruent",49.999573,50.199585,"1!",0.540491,"Correct","Correct","Correct","Correct"
"8",26,"3_4_stimuli","4_3","Incongruent","Congruent","Incongruent","Incongruent",51.999556,52.199551,"3#",0.620819,"Correct","Correct","Correct","Correct"
"8",27,"5_6_stimuli","5_5","Congruent","Incongruent","Congruent","Incongruent",53.999541,54.199542,"5%",0.844491,"Correct","Correct","Correct","Correct"
"8",28,"7_8_stimuli","8_8","Congruent","Congruent","Incongruent","Congruent",55.999519,56.199526,"8*",0.55705,"Correct","Correct","Correct","Correct"
"8",29,"1_2_stimuli","1_2","Incongruent","Congruent","Congruent","Incongruent",57.999507,58.199507,"2@",0.620475,"Correct","Correct","Correct","Correct"
"8",30,"3_4_stimuli","3_3","Congruent","Incongruent","Congruent","Congruent",59.9995,60.19949,"3#",0.669014,"Correct","Correct","Correct","Correct"
"8",31,"5_6_stimuli","5_5","Congruent","Congruent","Incongruent","Congruent",61.999474,62.199473,"5%",0.749057,"Correct","Correct","Correct","Correct"
"8",32,"7_8_stimuli","7_8","Incongruent","Congruent","Congruent","Incongruent",63.99946,64.199451,"8*",0.556874,"Correct","Correct","Correct","Correct"
"8",33,"1_2_stimuli","1_2","Incongruent","Incongruent","Congruent","Congruent",65.999438,66.199423,"2@",0.492701,"Correct","Correct","Correct","Correct"
"8",34,"3_4_stimuli","4_3","Incongruent","Incongruent","Incongruent","Congruent",67.99943,68.199427,"3#",0.604626,"Correct","Correct","Correct","Correct"
"8",35,"5_6_stimuli","5_5","Congruent","Incongruent","Incongruent","Incongruent",69.999406,70.199404,"5%",0.653098,"Correct","Correct","Correct","Correct"
"8",36,"7_8_stimuli","7_8","Incongruent","Congruent","Incongruent","Incongruent",71.999386,72.19938,"8*",0.636638,"Correct","Correct","Correct","Correct"
"8",37,"1_2_stimuli","1_1","Congruent","Incongruent","Congruent","Incongruent",73.99937,74.199368,"1!",0.556654,"Correct","Correct","Correct","Correct"
"8",38,"3_4_stimuli","3_3","Congruent","Congruent","Incongruent","Congruent",75.999352,76.19936,"3#",0.58958,"Correct","Correct","Correct","Correct"
"8",39,"5_6_stimuli","5_6","Incongruent","Congruent","Congruent","Incongruent",77.999331,78.199346,"5%",1.069062,"Error","Correct","Correct","Correct"
"8",40,"7_8_stimuli","8_7","Incongruent","Incongruent","Congruent","Congruent",79.999328,80.199327,"7&",0.637053,"Correct","Error","Correct","Correct"
"8",41,"1_2_stimuli","2_2","Congruent","Incongruent","Incongruent","Congruent",81.999308,82.199303,"2@",0.541138,"Correct","Correct","Error","Correct"
"8",42,"3_4_stimuli","4_4","Congruent","Congruent","Incongruent","Incongruent",83.999299,84.199292,"4$",0.557214,"Correct","Correct","Correct","Error"
"8",43,"5_6_stimuli","6_6","Congruent","Congruent","Congruent","Incongruent",85.999275,86.199271,"6^",0.813469,"Correct","Correct","Correct","Correct"
"8",44,"7_8_stimuli","8_7","Incongruent","Congruent","Congruent","Congruent",87.99925,88.199254,"7&",0.700724,"Correct","Correct","Correct","Correct"
"8",45,"1_2_stimuli","1_1","Congruent","Incongruent","Congruent","Congruent",89.999233,90.199233,"1!",0.621453,"Correct","Correct","Correct","Correct"
"8",46,"3_4_stimuli","3_4","Incongruent","Congruent","Incongruent","Congruent",91.99922,92.199223,"4$",1.164804,"Correct","Correct","Correct","Correct"
"8",47,"5_6_stimuli","5_6","Incongruent","Incongruent","Congruent","Incongruent",93.999203,94.199201,"6^",0.956774,"Correct","Correct","Correct","Correct"
"8",48,"7_8_stimuli","8_8","Congruent","Incongruent","Incongruent","Congruent",95.999192,96.199189,"8*",0.573456,"Correct","Correct","Correct","Correct"
"8",49,"1_2_stimuli","2_1","Incongruent","Congruent","Incongruent","Incongruent",97.999173,98.199163,"1!",0.477275,"Correct","Correct","Correct","Correct"
"8",50,"3_4_stimuli","3_3","Congruent","Incongruent","Congruent","Incongruent",99.999151,100.199153,"3#",0.749021,"Correct","Correct","Correct","Correct"
"8",51,"5_6_stimuli","5_6","Incongruent","Congruent","Incongruent","Congruent",101.999133,102.199131,"6^",0.973321,"Correct","Correct","Correct","Correct"
"8",52,"7_8_stimuli","8_7","Incongruent","Incongruent","Congruent","Incongruent",103.999114,104.199115,"7&",0.605399,"Correct","Correct","Correct","Correct"
"8",53,"1_2_stimuli","2_1","Incongruent","Incongruent","Incongruent","Congruent",105.999103,106.1991,"1!",0.557056,"Correct","Correct","Correct","Correct"
"8",54,"3_4_stimuli","4_4","Congruent","Incongruent","Incongruent","Incongruent",107.999093,108.199081,"4$",0.668959,"Correct","Correct","Correct","Correct"
"8",55,"5_6_stimuli","6_5","Incongruent","Congruent","Incongruent","Incongruent",109.999064,110.199065,"5%",0.780987,"Correct","Correct","Correct","Correct"
"8",56,"7_8_stimuli","8_8","Congruent","Incongruent","Congruent","Incongruent",111.999055,112.199043,"8*",0.588902,"Correct","Correct","Correct","Correct"
"8",57,"1_2_stimuli","2_1","Incongruent","Congruent","Incongruent","Congruent",113.999039,114.199024,"1!",0.557054,"Correct","Correct","Correct","Correct"
"8",58,"3_4_stimuli","3_4","Incongruent","Incongruent","Congruent","Incongruent",115.999021,116.199016,"4$",0.573705,"Correct","Correct","Correct","Correct"
"8",59,"5_6_stimuli","6_6","Congruent","Incongruent","Incongruent","Congruent",117.999002,118.198997,"6^",0.877361,"Correct","Correct","Correct","Correct"
"8",60,"7_8_stimuli","7_7","Congruent","Congruent","Incongruent","Incongruent",119.99899,120.198981,"7&",0.669449,"Correct","Correct","Correct","Correct"
"8",61,"1_2_stimuli","1_1","Congruent","Congruent","Congruent","Incongruent",121.998962,122.198965,"1!",0.605082,"Correct","Correct","Correct","Correct"
"8",62,"3_4_stimuli","3_4","Incongruent","Congruent","Congruent","Congruent",123.998947,124.198948,"4$",0.605816,"Correct","Correct","Correct","Correct"
"8",63,"5_6_stimuli","5_5","Congruent","Incongruent","Congruent","Congruent",125.998927,126.198938,"5%",0.669105,"Correct","Correct","Correct","Correct"
"8",64,"7_8_stimuli","8_7","Incongruent","Congruent","Incongruent","Congruent",127.998919,128.198914,"7&",0.62108,"Correct","Correct","Correct","Correct"
"8",65,"1_2_stimuli","1_2","Incongruent","Incongruent","Congruent","Incongruent",129.998897,130.198903,"2@",0.541117,"Correct","Correct","Correct","Correct"
"8",66,"3_4_stimuli","4_4","Congruent","Incongruent","Incongruent","Congruent",131.998886,132.198878,"4$",0.621083,"Correct","Correct","Correct","Correct"
"8",67,"5_6_stimuli","6_6","Congruent","Congruent","Incongruent","Incongruent",133.998874,134.19886,"6^",1.005451,"Correct","Correct","Correct","Correct"
"8",68,"7_8_stimuli","8_8","Congruent","Congruent","Congruent","Incongruent",135.998848,136.198848,"8*",0.573173,"Correct","Correct","Correct","Correct"
"9",1,"1_2_stimuli","2_2","Congruent",NA,NA,NA,1.999969,2.199979,"2@",0.708512,"Correct",NA,NA,NA
"9",2,"3_4_stimuli","4_4","Congruent","Congruent",NA,NA,3.999955,4.199952,"4$",0.516782,"Correct","Correct",NA,NA
"9",3,"5_6_stimuli","5_6","Incongruent","Congruent","Congruent",NA,5.999938,6.199937,"5%",0.949062,"Error","Correct","Correct",NA
"9",4,"7_8_stimuli","7_7","Congruent","Incongruent","Congruent","Congruent",7.999934,8.199917,"7&",0.452992,"Correct","Error","Correct","Correct"
"9",5,"1_2_stimuli","2_1","Incongruent","Congruent","Incongruent","Congruent",9.999912,10.199906,"1!",0.596637,"Correct","Correct","Error","Correct"
"9",6,"3_4_stimuli","4_4","Congruent","Incongruent","Congruent","Incongruent",11.999897,12.199894,"4$",0.613063,"Correct","Correct","Correct","Error"
"9",7,"5_6_stimuli","6_6","Congruent","Congruent","Incongruent","Congruent",13.999884,14.199879,"6^",1.156616,"Correct","Correct","Correct","Correct"
"9",8,"7_8_stimuli","7_7","Congruent","Congruent","Congruent","Incongruent",15.999864,16.199854,"7&",0.709254,"Correct","Correct","Correct","Correct"
"9",9,"1_2_stimuli","1_2","Incongruent","Congruent","Congruent","Congruent",17.999844,18.199839,"2@",0.581178,"Correct","Correct","Correct","Correct"
"9",10,"3_4_stimuli","3_4","Incongruent","Incongruent","Congruent","Congruent",19.999823,20.19983,"4$",0.901005,"Correct","Correct","Correct","Correct"
"9",11,"5_6_stimuli","6_5","Incongruent","Incongruent","Incongruent","Congruent",21.999816,22.199805,"5%",0.900698,"Correct","Correct","Correct","Correct"
"9",12,"7_8_stimuli","7_8","Incongruent","Incongruent","Incongruent","Incongruent",23.999797,24.199782,"8*",0.644894,"Correct","Correct","Correct","Correct"
"9",13,"1_2_stimuli","1_1","Congruent","Incongruent","Incongruent","Incongruent",25.99977,26.199781,"1!",0.581483,"Correct","Correct","Correct","Correct"
"9",14,"3_4_stimuli","3_3","Congruent","Congruent","Incongruent","Incongruent",27.999759,28.199763,"3#",0.772772,"Correct","Correct","Correct","Correct"
"9",15,"5_6_stimuli","6_6","Congruent","Congruent","Congruent","Incongruent",29.999739,30.199744,"6^",0.900778,"Correct","Correct","Correct","Correct"
"9",16,"7_8_stimuli","8_8","Congruent","Congruent","Congruent","Congruent",31.999729,32.19972,"8*",0.628863,"Correct","Correct","Correct","Correct"
"9",17,"1_2_stimuli","2_2","Congruent","Congruent","Congruent","Congruent",33.999714,34.199715,"2@",0.533403,"Correct","Correct","Correct","Correct"
"9",18,"3_4_stimuli","3_4","Incongruent","Congruent","Congruent","Congruent",35.999681,36.199681,"4$",0.693276,"Correct","Correct","Correct","Correct"
"9",19,"5_6_stimuli","6_6","Congruent","Incongruent","Congruent","Congruent",37.999671,38.199664,"6^",0.78931,"Correct","Correct","Correct","Correct"
"9",20,"7_8_stimuli","8_8","Congruent","Congruent","Incongruent","Congruent",39.999654,40.199658,"8*",0.564856,"Correct","Correct","Correct","Correct"
"9",21,"1_2_stimuli","2_2","Congruent","Congruent","Congruent","Incongruent",41.999635,42.199643,"2@",0.53333,"Correct","Correct","Correct","Correct"
"9",22,"3_4_stimuli","4_4","Congruent","Congruent","Congruent","Congruent",43.999619,44.199629,"4$",0.677318,"Correct","Correct","Correct","Correct"
"9",23,"5_6_stimuli","5_5","Congruent","Congruent","Congruent","Congruent",45.999612,46.199603,"5%",1.109554,"Correct","Correct","Correct","Correct"
"9",24,"7_8_stimuli","8_7","Incongruent","Congruent","Congruent","Congruent",47.999596,48.199592,"7&",0.612921,"Correct","Correct","Correct","Correct"
"9",25,"1_2_stimuli","2_2","Congruent","Incongruent","Congruent","Congruent",49.999572,50.199571,"2@",0.741408,"Correct","Correct","Correct","Correct"
"9",26,"3_4_stimuli","3_3","Congruent","Congruent","Incongruent","Congruent",51.999564,52.199543,"3#",0.612924,"Correct","Correct","Correct","Correct"
"9",27,"5_6_stimuli","5_6","Incongruent","Congruent","Congruent","Incongruent",53.999546,54.199536,"6^",0.996951,"Correct","Correct","Correct","Correct"
"9",28,"7_8_stimuli","7_7","Congruent","Incongruent","Congruent","Congruent",55.999527,56.199529,"7&",0.581697,"Correct","Correct","Correct","Correct"
"9",29,"1_2_stimuli","1_1","Congruent","Congruent","Incongruent","Congruent",57.999514,58.199496,"1!",0.48497,"Correct","Correct","Correct","Correct"
"9",30,"3_4_stimuli","4_3","Incongruent","Congruent","Congruent","Incongruent",59.999483,60.199485,"3#",0.757069,"Correct","Correct","Correct","Correct"
"9",31,"5_6_stimuli","5_6","Incongruent","Incongruent","Congruent","Congruent",61.999475,62.199465,"6^",0.869667,"Correct","Correct","Correct","Correct"
"9",32,"7_8_stimuli","8_8","Congruent","Incongruent","Incongruent","Congruent",63.999463,64.199454,"8*",0.517524,"Correct","Correct","Correct","Correct"
"9",33,"1_2_stimuli","1_2","Incongruent","Congruent","Incongruent","Incongruent",65.999434,66.19944,"2@",0.533032,"Correct","Correct","Correct","Correct"
"9",34,"3_4_stimuli","4_3","Incongruent","Incongruent","Congruent","Incongruent",67.999415,68.19943,"3#",0.581518,"Correct","Correct","Correct","Correct"
"9",35,"5_6_stimuli","5_5","Congruent","Incongruent","Incongruent","Congruent",69.999414,70.199407,"4$",0.629023,"Error","Correct","Correct","Correct"
"9",36,"7_8_stimuli","7_7","Congruent","Congruent","Incongruent","Incongruent",71.999384,72.199388,"7&",0.677324,"Correct","Error","Correct","Correct"
"9",37,"1_2_stimuli","1_2","Incongruent","Congruent","Congruent","Incongruent",73.999371,74.199362,"2@",0.565667,"Correct","Correct","Error","Correct"
"9",38,"3_4_stimuli","4_4","Congruent","Incongruent","Congruent","Congruent",75.999353,76.199356,"4$",0.645129,"Correct","Correct","Correct","Error"
"9",39,"5_6_stimuli","6_5","Incongruent","Congruent","Incongruent","Congruent",77.99933,78.199328,"5%",0.885627,"Correct","Correct","Correct","Correct"
"9",40,"7_8_stimuli","8_7","Incongruent","Incongruent","Congruent","Incongruent",79.999326,80.199312,"7&",0.66145,"Correct","Correct","Correct","Correct"
"9",41,"1_2_stimuli","1_1","Congruent","Incongruent","Incongruent","Congruent",81.999303,82.199304,"1!",0.485592,"Correct","Correct","Correct","Correct"
"9",42,"3_4_stimuli","3_4","Incongruent","Congruent","Incongruent","Incongruent",83.99928,84.199286,"4$",0.629789,"Correct","Correct","Correct","Correct"
"9",43,"5_6_stimuli","6_6","Congruent","Incongruent","Congruent","Incongruent",85.999266,86.199263,"6^",0.853836,"Correct","Correct","Correct","Correct"
"9",44,"7_8_stimuli","8_7","Incongruent","Congruent","Incongruent","Congruent",87.999247,88.199245,"7&",0.661561,"Correct","Correct","Correct","Correct"
"9",45,"1_2_stimuli","1_2","Incongruent","Incongruent","Congruent","Incongruent",89.999228,90.199229,"2@",0.517264,"Correct","Correct","Correct","Correct"
"9",46,"3_4_stimuli","4_4","Congruent","Incongruent","Incongruent","Congruent",91.999213,92.199217,"4$",0.581715,"Correct","Correct","Correct","Correct"
"9",47,"5_6_stimuli","5_5","Congruent","Congruent","Incongruent","Incongruent",93.999203,94.199198,"5%",0.709253,"Correct","Correct","Correct","Correct"
"9",48,"7_8_stimuli","7_8","Incongruent","Congruent","Congruent","Incongruent",95.999179,96.199186,"8*",0.662253,"Correct","Correct","Correct","Correct"
"9",49,"1_2_stimuli","2_1","Incongruent","Incongruent","Congruent","Congruent",97.999173,98.19917,"1!",0.565333,"Correct","Correct","Correct","Correct"
"9",50,"3_4_stimuli","4_3","Incongruent","Incongruent","Incongruent","Congruent",99.999165,100.19915,"3#",0.694024,"Correct","Correct","Correct","Correct"
"9",51,"5_6_stimuli","6_5","Incongruent","Incongruent","Incongruent","Incongruent",101.999143,102.199132,"5%",0.741347,"Correct","Correct","Correct","Correct"
"9",52,"7_8_stimuli","8_8","Congruent","Incongruent","Incongruent","Incongruent",103.999113,104.199109,"8*",0.613812,"Correct","Correct","Correct","Correct"
"9",53,"1_2_stimuli","1_1","Congruent","Congruent","Incongruent","Incongruent",105.999099,106.199093,"1!",0.550153,"Correct","Correct","Correct","Correct"
"9",54,"3_4_stimuli","3_3","Congruent","Congruent","Congruent","Incongruent",107.99908,108.19908,"3#",0.693693,"Correct","Correct","Correct","Correct"
"9",55,"5_6_stimuli","5_6","Incongruent","Congruent","Congruent","Congruent",109.999069,110.199071,"5%",1.045377,"Error","Correct","Correct","Correct"
"9",56,"7_8_stimuli","8_7","Incongruent","Incongruent","Congruent","Congruent",111.999045,112.199045,"7&",0.613754,"Correct","Error","Correct","Correct"
"9",57,"1_2_stimuli","2_1","Incongruent","Incongruent","Incongruent","Congruent",113.999029,114.199029,"1!",0.54995,"Correct","Correct","Error","Correct"
"9",58,"3_4_stimuli","4_3","Incongruent","Incongruent","Incongruent","Incongruent",115.999021,116.199018,"3#",0.662012,"Correct","Correct","Correct","Error"
"9",59,"5_6_stimuli","5_5","Congruent","Incongruent","Incongruent","Incongruent",117.998996,118.198994,"5%",0.934055,"Correct","Correct","Correct","Correct"
"9",60,"7_8_stimuli","7_8","Incongruent","Congruent","Incongruent","Incongruent",119.998982,120.19898,"8*",0.565948,"Correct","Correct","Correct","Correct"
"9",61,"1_2_stimuli","2_2","Congruent","Incongruent","Congruent","Incongruent",121.998966,122.198965,"2@",0.645873,"Correct","Correct","Correct","Correct"
"9",62,"3_4_stimuli","3_4","Incongruent","Congruent","Incongruent","Congruent",123.998947,124.198943,"4$",0.71027,"Correct","Correct","Correct","Correct"
"9",63,"5_6_stimuli","6_5","Incongruent","Incongruent","Congruent","Incongruent",125.99894,126.198935,"5%",0.661816,"Correct","Correct","Correct","Correct"
"9",64,"7_8_stimuli","7_8","Incongruent","Incongruent","Incongruent","Congruent",127.99892,128.198908,"8*",0.613991,"Correct","Correct","Correct","Correct"
"9",65,"1_2_stimuli","2_1","Incongruent","Incongruent","Incongruent","Incongruent",129.998919,130.198897,"1!",0.550111,"Correct","Correct","Correct","Correct"
"9",66,"3_4_stimuli","3_3","Congruent","Incongruent","Incongruent","Incongruent",131.99888,132.198886,"3#",0.981971,"Correct","Correct","Correct","Correct"
"9",67,"5_6_stimuli","5_6","Incongruent","Congruent","Incongruent","Incongruent",133.998863,134.19886,"6^",1.013991,"Correct","Correct","Correct","Correct"
"9",68,"7_8_stimuli","7_7","Congruent","Incongruent","Congruent","Incongruent",135.998846,136.198843,"7&",0.661666,"Correct","Correct","Correct","Correct"
"10",1,"1_2_stimuli","1_2","Incongruent",NA,NA,NA,1.999981,2.199972,"2@",0.485556,"Correct",NA,NA,NA
"10",2,"3_4_stimuli","4_4","Congruent","Incongruent",NA,NA,3.999966,4.199953,"4$",0.533834,"Correct","Correct",NA,NA
"10",3,"5_6_stimuli","5_5","Congruent","Congruent","Incongruent",NA,5.999945,6.199936,"5%",0.59764,"Correct","Correct","Correct",NA
"10",4,"7_8_stimuli","8_8","Congruent","Congruent","Congruent","Incongruent",7.99992,8.199929,"8*",0.517669,"Correct","Correct","Correct","Correct"
"10",5,"1_2_stimuli","1_1","Congruent","Congruent","Congruent","Congruent",9.999916,10.199912,"2@",0.357612,"Error","Correct","Correct","Correct"
"10",6,"3_4_stimuli","4_4","Congruent","Congruent","Congruent","Congruent",11.999887,12.199889,"4$",0.6295,"Correct","Error","Correct","Correct"
"10",7,"5_6_stimuli","6_5","Incongruent","Congruent","Congruent","Congruent",13.999878,14.199877,"5%",0.741538,"Correct","Correct","Error","Correct"
"10",8,"7_8_stimuli","7_7","Congruent","Incongruent","Congruent","Congruent",15.999865,16.199857,"7&",0.629189,"Correct","Correct","Correct","Error"
"10",9,"1_2_stimuli","2_1","Incongruent","Congruent","Incongruent","Congruent",17.999854,18.199852,"1!",0.501559,"Correct","Correct","Correct","Correct"
"10",10,"3_4_stimuli","4_4","Congruent","Incongruent","Congruent","Incongruent",19.999822,20.19983,"4$",0.677682,"Correct","Correct","Correct","Correct"
"10",11,"5_6_stimuli","6_6","Congruent","Congruent","Incongruent","Congruent",21.999811,22.199802,"6^",0.805951,"Correct","Correct","Correct","Correct"
"10",12,"7_8_stimuli","8_8","Congruent","Congruent","Congruent","Incongruent",23.999792,24.199787,"8*",0.565861,"Correct","Correct","Correct","Correct"
"10",13,"1_2_stimuli","1_2","Incongruent","Congruent","Congruent","Congruent",25.999777,26.19978,"2@",0.453308,"Correct","Correct","Correct","Correct"
"10",14,"3_4_stimuli","4_3","Incongruent","Incongruent","Congruent","Congruent",27.999761,28.199761,"3#",0.661773,"Correct","Correct","Correct","Correct"
"10",15,"5_6_stimuli","5_6","Incongruent","Incongruent","Incongruent","Congruent",29.999769,30.199747,"6^",0.597334,"Correct","Correct","Correct","Correct"
"10",16,"7_8_stimuli","8_8","Congruent","Incongruent","Incongruent","Incongruent",31.999725,32.199728,"8*",0.501926,"Correct","Correct","Correct","Correct"
"10",17,"1_2_stimuli","1_1","Congruent","Congruent","Incongruent","Incongruent",33.999709,34.199706,"1!",0.40585,"Correct","Correct","Correct","Correct"
"10",18,"3_4_stimuli","3_4","Incongruent","Congruent","Congruent","Incongruent",35.999693,36.199697,"4$",0.837982,"Correct","Correct","Correct","Correct"
"10",19,"5_6_stimuli","5_5","Congruent","Incongruent","Congruent","Congruent",37.999675,38.199672,"5%",0.613434,"Correct","Correct","Correct","Correct"
"10",20,"7_8_stimuli","7_8","Incongruent","Congruent","Incongruent","Congruent",39.999662,40.199657,"8*",0.549431,"Correct","Correct","Correct","Correct"
"10",21,"1_2_stimuli","2_2","Congruent","Incongruent","Congruent","Incongruent",41.999637,42.199634,"2@",0.678105,"Correct","Correct","Correct","Correct"
"10",22,"3_4_stimuli","4_3","Incongruent","Congruent","Incongruent","Congruent",43.999637,44.199629,"3#",0.645559,"Correct","Correct","Correct","Correct"
"10",23,"5_6_stimuli","6_6","Congruent","Incongruent","Congruent","Incongruent",45.999612,46.199606,"6^",0.853817,"Correct","Correct","Correct","Correct"
"10",24,"7_8_stimuli","7_7","Congruent","Congruent","Incongruent","Congruent",47.999592,48.199601,"7&",0.549998,"Correct","Correct","Correct","Correct"
"10",25,"1_2_stimuli","2_2","Congruent","Congruent","Congruent","Incongruent",49.999575,50.199573,"2@",0.534208,"Correct","Correct","Correct","Correct"
"10",26,"3_4_stimuli","3_4","Incongruent","Congruent","Congruent","Congruent",51.999564,52.199553,"4$",0.693469,"Correct","Correct","Correct","Correct"
"10",27,"5_6_stimuli","5_6","Incongruent","Incongruent","Congruent","Congruent",53.999548,54.199543,"6^",1.013547,"Correct","Correct","Correct","Correct"
"10",28,"7_8_stimuli","7_7","Congruent","Incongruent","Incongruent","Congruent",55.999534,56.199526,"7&",0.629562,"Correct","Correct","Correct","Correct"
"10",29,"1_2_stimuli","1_2","Incongruent","Congruent","Incongruent","Incongruent",57.999514,58.199516,"2@",0.470066,"Correct","Correct","Correct","Correct"
"10",30,"3_4_stimuli","3_4","Incongruent","Incongruent","Congruent","Incongruent",59.99949,60.199486,"4$",0.678142,"Correct","Correct","Correct","Correct"
"10",31,"5_6_stimuli","5_5","Congruent","Incongruent","Incongruent","Congruent",61.999472,62.199467,"5%",0.805627,"Correct","Correct","Correct","Correct"
"10",32,"7_8_stimuli","8_8","Congruent","Congruent","Incongruent","Incongruent",63.999466,64.199452,"8*",0.598109,"Correct","Correct","Correct","Correct"
"10",33,"1_2_stimuli","1_2","Incongruent","Congruent","Congruent","Incongruent",65.999448,66.199434,"2@",0.645694,"Correct","Correct","Correct","Correct"
"10",34,"3_4_stimuli","3_3","Congruent","Incongruent","Congruent","Congruent",67.999431,68.199426,"3#",0.741648,"Correct","Correct","Correct","Correct"
"10",35,"5_6_stimuli","5_6","Incongruent","Congruent","Incongruent","Congruent",69.999407,70.199403,"5%",1.110147,"Error","Correct","Correct","Correct"
"10",36,"7_8_stimuli","7_7","Congruent","Incongruent","Congruent","Incongruent",71.999404,72.199402,"7&",0.582176,"Correct","Error","Correct","Correct"
"10",37,"1_2_stimuli","2_2","Congruent","Congruent","Incongruent","Congruent",73.999374,74.199378,"2@",0.51774,"Correct","Correct","Error","Correct"
"10",38,"3_4_stimuli","3_3","Congruent","Congruent","Congruent","Incongruent",75.999359,76.199352,"3#",0.598463,"Correct","Correct","Correct","Error"
"10",39,"5_6_stimuli","6_6","Congruent","Congruent","Congruent","Congruent",77.999343,78.199338,"6^",0.982139,"Correct","Correct","Correct","Correct"
"10",40,"7_8_stimuli","8_7","Incongruent","Congruent","Congruent","Congruent",79.999325,80.199318,"7&",0.518157,"Correct","Correct","Correct","Correct"
"10",41,"1_2_stimuli","2_1","Incongruent","Incongruent","Congruent","Congruent",81.999307,82.199304,"1!",0.614323,"Correct","Correct","Correct","Correct"
"10",42,"3_4_stimuli","4_4","Congruent","Incongruent","Incongruent","Congruent",83.999297,84.199286,"4$",0.742485,"Correct","Correct","Correct","Correct"
"10",43,"5_6_stimuli","6_5","Incongruent","Congruent","Incongruent","Incongruent",85.999276,86.199273,"5%",0.806221,"Correct","Correct","Correct","Correct"
"10",44,"7_8_stimuli","8_7","Incongruent","Incongruent","Congruent","Incongruent",87.999258,88.199258,"7&",0.806117,"Correct","Correct","Correct","Correct"
"10",45,"1_2_stimuli","1_2","Incongruent","Incongruent","Incongruent","Congruent",89.999243,90.199242,"2@",0.70981,"Correct","Correct","Correct","Correct"
"10",46,"3_4_stimuli","3_4","Incongruent","Incongruent","Incongruent","Incongruent",91.999229,92.199228,"4$",0.773854,"Correct","Correct","Correct","Correct"
"10",47,"5_6_stimuli","5_5","Congruent","Incongruent","Incongruent","Incongruent",93.999201,94.199206,"5%",0.726477,"Correct","Correct","Correct","Correct"
"10",48,"7_8_stimuli","8_7","Incongruent","Congruent","Incongruent","Incongruent",95.99919,96.199188,"7&",0.96636,"Correct","Correct","Correct","Correct"
"10",49,"1_2_stimuli","2_1","Incongruent","Incongruent","Congruent","Incongruent",97.999176,98.199167,"1!",0.597929,"Correct","Correct","Correct","Correct"
"10",50,"3_4_stimuli","4_3","Incongruent","Incongruent","Incongruent","Congruent",99.99915,100.19916,"3#",0.645928,"Correct","Correct","Correct","Correct"
"10",51,"5_6_stimuli","5_6","Incongruent","Incongruent","Incongruent","Incongruent",101.999144,102.199137,"6^",0.934495,"Correct","Correct","Correct","Correct"
"10",52,"7_8_stimuli","7_8","Incongruent","Incongruent","Incongruent","Incongruent",103.999129,104.199134,"8*",0.630542,"Correct","Correct","Correct","Correct"
"10",53,"1_2_stimuli","1_1","Congruent","Incongruent","Incongruent","Incongruent",105.999107,106.199104,"1!",0.613962,"Correct","Correct","Correct","Correct"
"10",54,"3_4_stimuli","3_3","Congruent","Congruent","Incongruent","Incongruent",107.999094,108.199082,"3#",0.677945,"Correct","Correct","Correct","Correct"
"10",55,"5_6_stimuli","6_5","Incongruent","Congruent","Congruent","Incongruent",109.999074,110.199052,"5%",0.79066,"Correct","Correct","Correct","Correct"
"10",56,"7_8_stimuli","7_8","Incongruent","Incongruent","Congruent","Congruent",111.999053,112.199052,"8*",0.758652,"Correct","Correct","Correct","Correct"
"10",57,"1_2_stimuli","2_2","Congruent","Incongruent","Incongruent","Congruent",113.999035,114.199033,"2@",0.598035,"Correct","Correct","Correct","Correct"
"10",58,"3_4_stimuli","4_3","Incongruent","Congruent","Incongruent","Incongruent",115.999021,116.199023,"3#",0.646124,"Correct","Correct","Correct","Correct"
"10",59,"5_6_stimuli","6_5","Incongruent","Incongruent","Congruent","Incongruent",117.999007,118.199006,"5%",0.630098,"Correct","Correct","Correct","Correct"
"10",60,"7_8_stimuli","8_7","Incongruent","Incongruent","Incongruent","Congruent",119.998992,120.198984,"7&",0.82209,"Correct","Correct","Correct","Correct"
"10",61,"1_2_stimuli","2_1","Incongruent","Incongruent","Incongruent","Incongruent",121.998967,122.198972,"1!",0.566247,"Correct","Correct","Correct","Correct"
"10",62,"3_4_stimuli","3_3","Congruent","Incongruent","Incongruent","Incongruent",123.998952,124.198957,"3#",0.550145,"Correct","Correct","Correct","Correct"
"10",63,"5_6_stimuli","6_6","Congruent","Congruent","Incongruent","Incongruent",125.99894,126.198936,"6^",0.870263,"Correct","Correct","Correct","Correct"
"10",64,"7_8_stimuli","7_8","Incongruent","Congruent","Congruent","Incongruent",127.998921,128.198924,"8*",0.790213,"Correct","Correct","Correct","Correct"
"10",65,"1_2_stimuli","1_1","Congruent","Incongruent","Congruent","Congruent",129.998915,130.198905,"1!",0.502914,"Correct","Correct","Correct","Correct"
"10",66,"3_4_stimuli","4_4","Congruent","Congruent","Incongruent","Congruent",131.998891,132.198883,"4$",0.678563,"Correct","Correct","Correct","Correct"
"10",67,"5_6_stimuli","5_5","Congruent","Congruent","Congruent","Incongruent",133.998874,134.198874,"5%",1.078729,"Correct","Correct","Correct","Correct"
"10",68,"7_8_stimuli","8_8","Congruent","Congruent","Congruent","Congruent",135.998859,136.198856,"8*",0.566655,"Correct","Correct","Correct","Correct"
"11",1,"1_2_stimuli","1_2","Incongruent",NA,NA,NA,1.999993,2.199987,"2@",0.646266,"Correct",NA,NA,NA
"11",2,"3_4_stimuli","4_3","Incongruent","Incongruent",NA,NA,3.999965,4.199964,"3#",0.598713,"Correct","Correct",NA,NA
"11",3,"5_6_stimuli","6_5","Incongruent","Incongruent","Incongruent",NA,5.999964,6.199951,"5%",0.710732,"Correct","Correct","Correct",NA
"11",4,"7_8_stimuli","7_8","Incongruent","Incongruent","Incongruent","Incongruent",7.999937,8.199943,"8*",0.774954,"Correct","Correct","Correct","Correct"
"11",5,"1_2_stimuli","2_2","Congruent","Incongruent","Incongruent","Incongruent",9.999928,10.199928,"2@",0.550806,"Correct","Correct","Correct","Correct"
"11",6,"3_4_stimuli","4_4","Congruent","Congruent","Incongruent","Incongruent",11.999913,12.199901,"4$",0.710379,"Correct","Correct","Correct","Correct"
"11",7,"5_6_stimuli","5_6","Incongruent","Congruent","Congruent","Incongruent",13.999895,14.199892,"6^",0.90298,"Correct","Correct","Correct","Correct"
"11",8,"7_8_stimuli","7_8","Incongruent","Incongruent","Congruent","Congruent",15.999871,16.199874,"8*",0.582527,"Correct","Correct","Correct","Correct"
"11",9,"1_2_stimuli","1_2","Incongruent","Incongruent","Incongruent","Congruent",17.999858,18.199858,"2@",0.583025,"Correct","Correct","Correct","Correct"
"11",10,"3_4_stimuli","4_4","Congruent","Incongruent","Incongruent","Incongruent",19.999833,20.199837,"4$",0.502915,"Correct","Correct","Correct","Correct"
"11",11,"5_6_stimuli","6_6","Congruent","Congruent","Incongruent","Incongruent",21.999827,22.199822,"6^",0.982925,"Correct","Correct","Correct","Correct"
"11",12,"7_8_stimuli","8_8","Congruent","Congruent","Congruent","Incongruent",23.999806,24.199806,"8*",0.518438,"Correct","Correct","Correct","Correct"
"11",13,"1_2_stimuli","2_1","Incongruent","Congruent","Congruent","Congruent",25.999801,26.199787,"1!",0.550467,"Correct","Correct","Correct","Correct"
"11",14,"3_4_stimuli","3_3","Congruent","Incongruent","Congruent","Congruent",27.999769,28.199769,"3#",0.662884,"Correct","Correct","Correct","Correct"
"11",15,"5_6_stimuli","5_5","Congruent","Congruent","Incongruent","Congruent",29.99976,30.199748,"5%",0.726966,"Correct","Correct","Correct","Correct"
"11",16,"7_8_stimuli","7_8","Incongruent","Congruent","Congruent","Incongruent",31.999742,32.199736,"8*",0.56666,"Correct","Correct","Correct","Correct"
"11",17,"1_2_stimuli","2_1","Incongruent","Incongruent","Congruent","Congruent",33.999724,34.199724,"1!",0.518601,"Correct","Correct","Correct","Correct"
"11",18,"3_4_stimuli","4_3","Incongruent","Incongruent","Incongruent","Congruent",35.999711,36.199712,"3#",0.663019,"Correct","Correct","Correct","Correct"
"11",19,"5_6_stimuli","6_5","Incongruent","Incongruent","Incongruent","Incongruent",37.999693,38.199692,"5%",0.647026,"Correct","Correct","Correct","Correct"
"11",20,"7_8_stimuli","7_7","Congruent","Incongruent","Incongruent","Incongruent",39.999681,40.199679,"7&",0.695069,"Correct","Correct","Correct","Correct"
"11",21,"1_2_stimuli","2_1","Incongruent","Congruent","Incongruent","Incongruent",41.999664,42.199656,"1!",0.566862,"Correct","Correct","Correct","Correct"
"11",22,"3_4_stimuli","3_3","Congruent","Incongruent","Congruent","Incongruent",43.99964,44.199634,"3#",0.550633,"Correct","Correct","Correct","Correct"
"11",23,"5_6_stimuli","6_5","Incongruent","Congruent","Incongruent","Congruent",45.99962,46.199622,"6^",0.567355,"Error","Correct","Correct","Correct"
"11",24,"7_8_stimuli","8_7","Incongruent","Incongruent","Congruent","Incongruent",47.999604,48.199604,"8*",0.806634,"Error","Error","Correct","Correct"
"11",25,"1_2_stimuli","1_1","Congruent","Incongruent","Incongruent","Congruent",49.999593,50.199588,"1!",0.59928,"Correct","Error","Error","Correct"
"11",26,"3_4_stimuli","3_4","Incongruent","Congruent","Incongruent","Incongruent",51.99958,52.199575,"4$",0.75941,"Correct","Correct","Error","Error"
"11",27,"5_6_stimuli","5_6","Incongruent","Incongruent","Congruent","Incongruent",53.999552,54.199554,"6^",0.71112,"Correct","Correct","Correct","Error"
"11",28,"7_8_stimuli","8_8","Congruent","Incongruent","Incongruent","Congruent",55.999544,56.199538,"8*",0.550711,"Correct","Correct","Correct","Correct"
"11",29,"1_2_stimuli","1_1","Congruent","Congruent","Incongruent","Incongruent",57.999532,58.199519,"1!",0.534719,"Correct","Correct","Correct","Correct"
"11",30,"3_4_stimuli","3_3","Congruent","Congruent","Congruent","Incongruent",59.999507,60.199501,"3#",0.775251,"Correct","Correct","Correct","Correct"
"11",31,"5_6_stimuli","6_5","Incongruent","Congruent","Congruent","Congruent",61.999492,62.199478,"5%",0.88703,"Correct","Correct","Correct","Correct"
"11",32,"7_8_stimuli","8_8","Congruent","Incongruent","Congruent","Congruent",63.999478,64.199465,"8*",0.615472,"Correct","Correct","Correct","Correct"
"11",33,"1_2_stimuli","2_1","Incongruent","Congruent","Incongruent","Congruent",65.999454,66.199453,"1!",0.582795,"Correct","Correct","Correct","Correct"
"11",34,"3_4_stimuli","4_3","Incongruent","Incongruent","Congruent","Incongruent",67.999432,68.199442,"3#",0.759203,"Correct","Correct","Correct","Correct"
"11",35,"5_6_stimuli","5_6","Incongruent","Incongruent","Incongruent","Congruent",69.999422,70.199409,"6^",0.998824,"Correct","Correct","Correct","Correct"
"11",36,"7_8_stimuli","8_7","Incongruent","Incongruent","Incongruent","Incongruent",71.999405,72.199401,"7&",0.615321,"Correct","Correct","Correct","Correct"
"11",37,"1_2_stimuli","1_2","Incongruent","Incongruent","Incongruent","Incongruent",73.999382,74.199381,"2@",0.807453,"Correct","Correct","Correct","Correct"
"11",38,"3_4_stimuli","4_3","Incongruent","Incongruent","Incongruent","Incongruent",75.999368,76.199367,"3#",0.631587,"Correct","Correct","Correct","Correct"
"11",39,"5_6_stimuli","6_6","Congruent","Incongruent","Incongruent","Incongruent",77.999354,78.199344,"7&",0.726905,"Error","Correct","Correct","Correct"
"11",40,"7_8_stimuli","7_7","Congruent","Congruent","Incongruent","Incongruent",79.999338,80.199334,"7&",0.391365,"Correct","Error","Correct","Correct"
"11",41,"1_2_stimuli","1_1","Congruent","Congruent","Congruent","Incongruent",81.999314,82.199313,"1!",0.551366,"Correct","Correct","Error","Correct"
"11",42,"3_4_stimuli","3_4","Incongruent","Congruent","Congruent","Congruent",83.99931,84.199294,"4$",0.838942,"Correct","Correct","Correct","Error"
"11",43,"5_6_stimuli","5_5","Congruent","Incongruent","Congruent","Congruent",85.99929,86.199291,"5%",0.663414,"Correct","Correct","Correct","Correct"
"11",44,"7_8_stimuli","7_7","Congruent","Congruent","Incongruent","Congruent",87.999267,88.19926,"6^",1.479468,"Error","Correct","Correct","Correct"
"11",45,"1_2_stimuli","1_2","Incongruent","Congruent","Congruent","Incongruent",89.999244,90.199248,"2@",0.854998,"Correct","Error","Correct","Correct"
"11",46,"3_4_stimuli","4_3","Incongruent","Incongruent","Congruent","Congruent",91.999219,92.199229,"3#",0.599033,"Correct","Correct","Error","Correct"
"11",47,"5_6_stimuli","5_5","Congruent","Incongruent","Incongruent","Congruent",93.999215,94.199222,"5%",0.839035,"Correct","Correct","Correct","Error"
"11",48,"7_8_stimuli","7_8","Incongruent","Congruent","Incongruent","Incongruent",95.999207,96.199196,"8*",0.615417,"Correct","Correct","Correct","Correct"
"11",49,"1_2_stimuli","2_2","Congruent","Incongruent","Congruent","Incongruent",97.999184,98.19919,"2@",0.567086,"Correct","Correct","Correct","Correct"
"11",50,"3_4_stimuli","4_4","Congruent","Congruent","Incongruent","Congruent",99.99917,100.199165,"4$",0.631008,"Correct","Correct","Correct","Correct"
"11",51,"5_6_stimuli","6_6","Congruent","Congruent","Congruent","Incongruent",101.999151,102.199151,"6^",0.871074,"Correct","Correct","Correct","Correct"
"11",52,"7_8_stimuli","8_8","Congruent","Congruent","Congruent","Congruent",103.999127,104.199129,"8*",0.727778,"Correct","Correct","Correct","Correct"
"11",53,"1_2_stimuli","1_1","Congruent","Congruent","Congruent","Congruent",105.999119,106.199122,"1!",0.503139,"Correct","Correct","Correct","Correct"
"11",54,"3_4_stimuli","3_3","Congruent","Congruent","Congruent","Congruent",107.999097,108.199096,"3#",0.567161,"Correct","Correct","Correct","Correct"
"11",55,"5_6_stimuli","5_5","Congruent","Congruent","Congruent","Congruent",109.999087,110.199081,"5%",0.743588,"Correct","Correct","Correct","Correct"
"11",56,"7_8_stimuli","7_8","Incongruent","Congruent","Congruent","Congruent",111.999064,112.19907,"8*",0.615179,"Correct","Correct","Correct","Correct"
"11",57,"1_2_stimuli","2_2","Congruent","Incongruent","Congruent","Congruent",113.999058,114.199043,"2@",0.791675,"Correct","Correct","Correct","Correct"
"11",58,"3_4_stimuli","3_4","Incongruent","Congruent","Incongruent","Congruent",115.999033,116.199027,"5%",1.015609,"Error","Correct","Correct","Correct"
"11",59,"5_6_stimuli","6_6","Congruent","Incongruent","Congruent","Incongruent",117.999014,118.19901,"6^",0.599865,"Correct","Error","Correct","Correct"
"11",60,"7_8_stimuli","8_7","Incongruent","Congruent","Incongruent","Congruent",119.999002,120.199005,"7&",0.535901,"Correct","Correct","Error","Correct"
"11",61,"1_2_stimuli","1_2","Incongruent","Incongruent","Congruent","Incongruent",121.998986,122.198984,"2@",0.791984,"Correct","Correct","Correct","Error"
"11",62,"3_4_stimuli","4_4","Congruent","Incongruent","Incongruent","Congruent",123.998975,124.198974,"4$",0.855693,"Correct","Correct","Correct","Correct"
"11",63,"5_6_stimuli","5_6","Incongruent","Congruent","Incongruent","Incongruent",125.99895,126.198955,"6^",1.095504,"Correct","Correct","Correct","Correct"
"11",64,"7_8_stimuli","7_7","Congruent","Incongruent","Congruent","Incongruent",127.998919,128.198935,"7&",0.503805,"Correct","Correct","Correct","Correct"
"11",65,"1_2_stimuli","2_2","Congruent","Congruent","Incongruent","Congruent",129.998917,130.198922,"2@",0.551816,"Correct","Correct","Correct","Correct"
"11",66,"3_4_stimuli","3_4","Incongruent","Congruent","Congruent","Incongruent",131.998908,132.198899,"4$",0.775691,"Correct","Correct","Correct","Correct"
"11",67,"5_6_stimuli","6_5","Incongruent","Incongruent","Congruent","Congruent",133.998884,134.198877,"5%",1.016066,"Correct","Correct","Correct","Correct"
"11",68,"7_8_stimuli","8_7","Incongruent","Incongruent","Incongruent","Congruent",135.998867,136.198872,"6^",0.583279,"Error","Correct","Correct","Correct"
"12",1,"1_2_stimuli","1_2","Incongruent",NA,NA,NA,1.999994,2.199986,"2@",0.624804,"Correct",NA,NA,NA
"12",2,"3_4_stimuli","4_4","Congruent","Incongruent",NA,NA,3.999971,4.199978,"4$",0.737301,"Correct","Correct",NA,NA
"12",3,"5_6_stimuli","5_5","Congruent","Congruent","Incongruent",NA,5.999959,6.199951,"5%",0.721235,"Correct","Correct","Correct",NA
"12",4,"7_8_stimuli","8_8","Congruent","Congruent","Congruent","Incongruent",7.999943,8.199933,"8*",0.593729,"Correct","Correct","Correct","Correct"
"12",5,"1_2_stimuli","2_2","Congruent","Congruent","Congruent","Congruent",9.999925,10.199915,"2@",0.672825,"Correct","Correct","Correct","Correct"
"12",6,"3_4_stimuli","3_4","Incongruent","Congruent","Congruent","Congruent",11.999908,12.199906,"4$",0.704827,"Correct","Correct","Correct","Correct"
"12",7,"5_6_stimuli","5_5","Congruent","Incongruent","Congruent","Congruent",13.999888,14.199886,"5%",0.656844,"Correct","Correct","Correct","Correct"
"12",8,"7_8_stimuli","7_7","Congruent","Congruent","Incongruent","Congruent",15.999881,16.199871,"7&",0.545183,"Correct","Correct","Correct","Correct"
"12",9,"1_2_stimuli","1_1","Congruent","Congruent","Congruent","Incongruent",17.999862,18.199857,"1!",0.576859,"Correct","Correct","Correct","Correct"
"12",10,"3_4_stimuli","4_4","Congruent","Congruent","Congruent","Congruent",19.99985,20.199836,"4$",0.56127,"Correct","Correct","Correct","Correct"
"12",11,"5_6_stimuli","6_6","Congruent","Congruent","Congruent","Congruent",21.999826,22.19982,"6^",0.641236,"Correct","Correct","Correct","Correct"
"12",12,"7_8_stimuli","8_7","Incongruent","Congruent","Congruent","Congruent",23.999809,24.199813,"7&",0.624943,"Correct","Correct","Correct","Correct"
"12",13,"1_2_stimuli","2_2","Congruent","Incongruent","Congruent","Congruent",25.999794,26.199794,"2@",0.561651,"Correct","Correct","Correct","Correct"
"12",14,"3_4_stimuli","4_4","Congruent","Congruent","Incongruent","Congruent",27.999773,28.199772,"4$",0.801439,"Correct","Correct","Correct","Correct"
"12",15,"5_6_stimuli","6_6","Congruent","Congruent","Congruent","Incongruent",29.999762,30.199762,"6^",0.640975,"Correct","Correct","Correct","Correct"
"12",16,"7_8_stimuli","8_8","Congruent","Congruent","Congruent","Congruent",31.999744,32.199736,"8*",0.560972,"Correct","Correct","Correct","Correct"
"12",17,"1_2_stimuli","2_1","Incongruent","Congruent","Congruent","Congruent",33.999727,34.199717,"1!",0.577456,"Correct","Correct","Correct","Correct"
"12",18,"3_4_stimuli","3_3","Congruent","Incongruent","Congruent","Congruent",35.999711,36.199727,"3#",0.51295,"Correct","Correct","Correct","Correct"
"12",19,"5_6_stimuli","6_6","Congruent","Congruent","Incongruent","Congruent",37.999699,38.199691,"6^",0.849083,"Correct","Correct","Correct","Correct"
"12",20,"7_8_stimuli","7_8","Incongruent","Congruent","Congruent","Incongruent",39.999671,40.199678,"8*",0.817608,"Correct","Correct","Correct","Correct"
"12",21,"1_2_stimuli","1_2","Incongruent","Incongruent","Congruent","Congruent",41.999666,42.199664,"2@",0.609555,"Correct","Correct","Correct","Correct"
"12",22,"3_4_stimuli","4_3","Incongruent","Incongruent","Incongruent","Congruent",43.999646,44.199648,"3#",0.545648,"Correct","Correct","Correct","Correct"
"12",23,"5_6_stimuli","5_6","Incongruent","Incongruent","Incongruent","Incongruent",45.999622,46.199623,"6^",0.737134,"Correct","Correct","Correct","Correct"
"12",24,"7_8_stimuli","7_7","Congruent","Incongruent","Incongruent","Incongruent",47.999603,48.199611,"7&",0.529437,"Correct","Correct","Correct","Correct"
"12",25,"1_2_stimuli","1_2","Incongruent","Congruent","Incongruent","Incongruent",49.999587,50.199597,"2@",0.529683,"Correct","Correct","Correct","Correct"
"12",26,"3_4_stimuli","4_4","Congruent","Incongruent","Congruent","Incongruent",51.999571,52.199572,"4$",0.817088,"Correct","Correct","Correct","Correct"
"12",27,"5_6_stimuli","6_5","Incongruent","Congruent","Incongruent","Congruent",53.999554,54.199555,"5%",0.593375,"Correct","Correct","Correct","Correct"
"12",28,"7_8_stimuli","8_7","Incongruent","Incongruent","Congruent","Incongruent",55.999538,56.199533,"7&",0.497653,"Correct","Correct","Correct","Correct"
"12",29,"1_2_stimuli","1_1","Congruent","Incongruent","Incongruent","Congruent",57.999515,58.199519,"1!",0.545521,"Correct","Correct","Correct","Correct"
"12",30,"3_4_stimuli","3_4","Incongruent","Congruent","Incongruent","Incongruent",59.999507,60.199514,"4$",0.785255,"Correct","Correct","Correct","Correct"
"12",31,"5_6_stimuli","5_5","Congruent","Incongruent","Congruent","Incongruent",61.999493,62.199499,"5%",0.577185,"Correct","Correct","Correct","Correct"
"12",32,"7_8_stimuli","7_8","Incongruent","Congruent","Incongruent","Congruent",63.999481,64.19947,"8*",0.561222,"Correct","Correct","Correct","Correct"
"12",33,"1_2_stimuli","2_1","Incongruent","Incongruent","Congruent","Incongruent",65.999456,66.199454,"1!",0.449249,"Correct","Correct","Correct","Correct"
"12",34,"3_4_stimuli","3_3","Congruent","Incongruent","Incongruent","Congruent",67.999442,68.19944,"3#",0.689999,"Correct","Correct","Correct","Correct"
"12",35,"5_6_stimuli","6_5","Incongruent","Congruent","Incongruent","Incongruent",69.999431,70.199428,"5%",0.721716,"Correct","Correct","Correct","Correct"
"12",36,"7_8_stimuli","8_8","Congruent","Incongruent","Congruent","Incongruent",71.999408,72.199408,"8*",0.51326,"Correct","Correct","Correct","Correct"
"12",37,"1_2_stimuli","2_2","Congruent","Congruent","Incongruent","Congruent",73.999395,74.199381,"2@",0.753314,"Correct","Correct","Correct","Correct"
"12",38,"3_4_stimuli","3_3","Congruent","Congruent","Congruent","Incongruent",75.999383,76.199374,"3#",0.881734,"Correct","Correct","Correct","Correct"
"12",39,"5_6_stimuli","5_6","Incongruent","Congruent","Congruent","Congruent",77.999357,78.199355,"6^",1.249534,"Correct","Correct","Correct","Correct"
"12",40,"7_8_stimuli","8_8","Congruent","Incongruent","Congruent","Congruent",79.999344,80.199341,"8*",0.593814,"Correct","Correct","Correct","Correct"
"12",41,"1_2_stimuli","1_2","Incongruent","Congruent","Incongruent","Congruent",81.999331,82.199324,"2@",0.81805,"Correct","Correct","Correct","Correct"
"12",42,"3_4_stimuli","4_3","Incongruent","Incongruent","Congruent","Incongruent",83.999308,84.199304,"3#",0.689874,"Correct","Correct","Correct","Correct"
"12",43,"5_6_stimuli","5_5","Congruent","Incongruent","Incongruent","Congruent",85.999288,86.199284,"5%",0.657816,"Correct","Correct","Correct","Correct"
"12",44,"7_8_stimuli","7_7","Congruent","Congruent","Incongruent","Incongruent",87.999268,88.199269,"6^",0.801521,"Error","Correct","Correct","Correct"
"12",45,"1_2_stimuli","1_2","Incongruent","Congruent","Congruent","Incongruent",89.999251,90.199277,"2@",0.626083,"Correct","Error","Correct","Correct"
"12",46,"3_4_stimuli","3_4","Incongruent","Incongruent","Congruent","Congruent",91.999235,92.199232,"4$",0.962183,"Correct","Correct","Error","Correct"
"12",47,"5_6_stimuli","5_6","Incongruent","Incongruent","Incongruent","Congruent",93.999228,94.199222,"6^",0.78594,"Correct","Correct","Correct","Error"
"12",48,"7_8_stimuli","7_8","Incongruent","Incongruent","Incongruent","Incongruent",95.999208,96.199208,"8*",0.546214,"Correct","Correct","Correct","Correct"
"12",49,"1_2_stimuli","2_1","Incongruent","Incongruent","Incongruent","Incongruent",97.999184,98.199184,"1!",0.545989,"Correct","Correct","Correct","Correct"
"12",50,"3_4_stimuli","4_3","Incongruent","Incongruent","Incongruent","Incongruent",99.999171,100.199168,"3#",0.610159,"Correct","Correct","Correct","Correct"
"12",51,"5_6_stimuli","5_5","Congruent","Incongruent","Incongruent","Incongruent",101.999158,102.199154,"6^",0.737884,"Error","Correct","Correct","Correct"
"12",52,"7_8_stimuli","7_8","Incongruent","Congruent","Incongruent","Incongruent",103.999139,104.199144,"8*",0.850244,"Correct","Error","Correct","Correct"
"12",53,"1_2_stimuli","1_1","Congruent","Incongruent","Congruent","Incongruent",105.999124,106.199118,"1!",0.561816,"Correct","Correct","Error","Correct"
"12",54,"3_4_stimuli","3_4","Incongruent","Congruent","Incongruent","Congruent",107.999101,108.1991,"4$",0.738033,"Correct","Correct","Correct","Error"
"12",55,"5_6_stimuli","6_5","Incongruent","Incongruent","Congruent","Incongruent",109.999083,110.199082,"5%",1.39367,"Correct","Correct","Correct","Correct"
"12",56,"7_8_stimuli","8_8","Congruent","Incongruent","Incongruent","Congruent",111.999078,112.199069,"8*",0.498336,"Correct","Correct","Correct","Correct"
"12",57,"1_2_stimuli","2_2","Congruent","Congruent","Incongruent","Incongruent",113.99905,114.199057,"2@",0.65772,"Correct","Correct","Correct","Correct"
"12",58,"3_4_stimuli","4_3","Incongruent","Congruent","Congruent","Incongruent",115.999047,116.199033,"3#",0.54621,"Correct","Correct","Correct","Correct"
"12",59,"5_6_stimuli","6_5","Incongruent","Incongruent","Congruent","Congruent",117.999031,118.19902,"5%",0.881707,"Correct","Correct","Correct","Correct"
"12",60,"7_8_stimuli","8_7","Incongruent","Incongruent","Incongruent","Congruent",119.999007,120.199006,"7&",0.737688,"Correct","Correct","Correct","Correct"
"12",61,"1_2_stimuli","1_1","Congruent","Incongruent","Incongruent","Incongruent",121.998992,122.198983,"1!",0.530287,"Correct","Correct","Correct","Correct"
"12",62,"3_4_stimuli","4_4","Congruent","Congruent","Incongruent","Incongruent",123.998967,124.198973,"3#",0.54575,"Error","Correct","Correct","Correct"
"12",63,"5_6_stimuli","5_6","Incongruent","Congruent","Congruent","Incongruent",125.998955,126.198958,"6^",0.721664,"Correct","Error","Correct","Correct"
"12",64,"7_8_stimuli","8_7","Incongruent","Incongruent","Congruent","Congruent",127.998945,128.198944,"7&",0.6582,"Correct","Correct","Error","Correct"
"12",65,"1_2_stimuli","2_1","Incongruent","Incongruent","Incongruent","Congruent",129.998918,130.198921,"1!",0.546447,"Correct","Correct","Correct","Error"
"12",66,"3_4_stimuli","3_3","Congruent","Incongruent","Incongruent","Incongruent",131.998908,132.1989,"3#",0.866452,"Correct","Correct","Correct","Correct"
"12",67,"5_6_stimuli","6_6","Congruent","Congruent","Incongruent","Incongruent",133.998897,134.198891,"6^",0.705795,"Correct","Correct","Correct","Correct"
"12",68,"7_8_stimuli","7_7","Congruent","Congruent","Congruent","Incongruent",135.998873,136.19887,"7&",0.658548,"Correct","Correct","Correct","Correct"
"13",1,"1_2_stimuli","2_2","Congruent",NA,NA,NA,1.999987,2.199984,"2@",0.499956,"Correct",NA,NA,NA
"13",2,"3_4_stimuli","3_3","Congruent","Congruent",NA,NA,3.999983,4.199973,"3#",0.500435,"Correct","Correct",NA,NA
"13",3,"5_6_stimuli","5_6","Incongruent","Congruent","Congruent",NA,5.999951,6.199959,"6^",0.77251,"Correct","Correct","Correct",NA
"13",4,"7_8_stimuli","7_7","Congruent","Incongruent","Congruent","Congruent",7.999966,8.199947,"7&",0.484641,"Correct","Correct","Correct","Correct"
"13",5,"1_2_stimuli","1_1","Congruent","Congruent","Incongruent","Congruent",9.999914,10.199919,"1!",0.644057,"Correct","Correct","Correct","Correct"
"13",6,"3_4_stimuli","4_4","Congruent","Congruent","Congruent","Incongruent",11.9999,12.199904,"4$",0.676778,"Correct","Correct","Correct","Correct"
"13",7,"5_6_stimuli","5_5","Congruent","Congruent","Congruent","Congruent",13.999882,14.199893,"5%",0.72477,"Correct","Correct","Correct","Correct"
"13",8,"7_8_stimuli","7_7","Congruent","Congruent","Congruent","Congruent",15.999878,16.199873,"7&",0.548097,"Correct","Correct","Correct","Correct"
"13",9,"1_2_stimuli","2_2","Congruent","Congruent","Congruent","Congruent",17.999866,18.199859,"2@",0.452114,"Correct","Correct","Correct","Correct"
"13",10,"3_4_stimuli","4_4","Congruent","Congruent","Congruent","Congruent",19.999831,20.199842,"4$",0.676728,"Correct","Correct","Correct","Correct"
"13",11,"5_6_stimuli","6_5","Incongruent","Congruent","Congruent","Congruent",21.999832,22.199819,"5%",0.788721,"Correct","Correct","Correct","Correct"
"13",12,"7_8_stimuli","8_7","Incongruent","Incongruent","Congruent","Congruent",23.999807,24.19981,"7&",0.532178,"Correct","Correct","Correct","Correct"
"13",13,"1_2_stimuli","2_1","Incongruent","Incongruent","Incongruent","Congruent",25.999798,26.199778,"1!",0.596769,"Correct","Correct","Correct","Correct"
"13",14,"3_4_stimuli","4_4","Congruent","Incongruent","Incongruent","Incongruent",27.999773,28.199778,"4$",0.5806,"Correct","Correct","Correct","Correct"
"13",15,"5_6_stimuli","6_5","Incongruent","Congruent","Incongruent","Incongruent",29.999751,30.199755,"5%",0.66061,"Correct","Correct","Correct","Correct"
"13",16,"7_8_stimuli","8_7","Incongruent","Incongruent","Congruent","Incongruent",31.999741,32.199738,"7&",0.548651,"Correct","Correct","Correct","Correct"
"13",17,"1_2_stimuli","2_2","Congruent","Incongruent","Incongruent","Congruent",33.99973,34.199725,"2@",0.516304,"Correct","Correct","Correct","Correct"
"13",18,"3_4_stimuli","4_3","Incongruent","Congruent","Incongruent","Incongruent",35.999709,36.199708,"3#",0.884241,"Correct","Correct","Correct","Correct"
"13",19,"5_6_stimuli","5_6","Incongruent","Incongruent","Congruent","Incongruent",37.999696,38.199698,"5%",1.028723,"Error","Correct","Correct","Correct"
"13",20,"7_8_stimuli","8_7","Incongruent","Incongruent","Incongruent","Congruent",39.999683,40.199682,"7&",0.916616,"Correct","Error","Correct","Correct"
"13",21,"1_2_stimuli","2_1","Incongruent","Incongruent","Incongruent","Incongruent",41.999657,42.199658,"1!",0.564787,"Correct","Correct","Error","Correct"
"13",22,"3_4_stimuli","3_4","Incongruent","Incongruent","Incongruent","Incongruent",43.999646,44.199637,"4$",0.86972,"Correct","Correct","Correct","Error"
"13",23,"5_6_stimuli","6_5","Incongruent","Incongruent","Incongruent","Incongruent",45.999632,46.19962,"5%",0.805648,"Correct","Correct","Correct","Correct"
"13",24,"7_8_stimuli","8_8","Congruent","Incongruent","Incongruent","Incongruent",47.999599,48.199613,"8*",0.676958,"Correct","Correct","Correct","Correct"
"13",25,"1_2_stimuli","1_1","Congruent","Congruent","Incongruent","Incongruent",49.999593,50.199592,"1!",0.58072,"Correct","Correct","Correct","Correct"
"13",26,"3_4_stimuli","3_4","Incongruent","Congruent","Congruent","Incongruent",51.999566,52.199575,"4$",0.628894,"Correct","Correct","Correct","Correct"
"13",27,"5_6_stimuli","5_5","Congruent","Incongruent","Congruent","Congruent",53.999556,54.199558,"5%",0.709054,"Correct","Correct","Correct","Correct"
"13",28,"7_8_stimuli","7_8","Incongruent","Congruent","Incongruent","Congruent",55.999547,56.199544,"8*",1.140798,"Correct","Correct","Correct","Correct"
"13",29,"1_2_stimuli","2_1","Incongruent","Incongruent","Congruent","Incongruent",57.999528,58.19952,"1!",0.532966,"Correct","Correct","Correct","Correct"
"13",30,"3_4_stimuli","3_4","Incongruent","Incongruent","Incongruent","Congruent",59.999508,60.199514,"4$",0.644647,"Correct","Correct","Correct","Correct"
"13",31,"5_6_stimuli","5_5","Congruent","Incongruent","Incongruent","Incongruent",61.999498,62.199489,"5%",0.724509,"Correct","Correct","Correct","Correct"
"13",32,"7_8_stimuli","7_8","Incongruent","Congruent","Incongruent","Incongruent",63.999479,64.199477,"8*",0.564482,"Correct","Correct","Correct","Correct"
"13",33,"1_2_stimuli","1_1","Congruent","Incongruent","Congruent","Incongruent",65.999453,66.199454,"1!",0.468488,"Correct","Correct","Correct","Correct"
"13",34,"3_4_stimuli","3_3","Congruent","Congruent","Incongruent","Congruent",67.999437,68.199446,"2@",0.805016,"Error","Correct","Correct","Correct"
"13",35,"5_6_stimuli","5_6","Incongruent","Congruent","Congruent","Incongruent",69.999423,70.199419,"6^",0.74054,"Correct","Error","Correct","Correct"
"13",36,"7_8_stimuli","8_8","Congruent","Incongruent","Congruent","Congruent",71.999403,72.199415,"8*",0.548851,"Correct","Correct","Error","Correct"
"13",37,"1_2_stimuli","2_1","Incongruent","Congruent","Incongruent","Congruent",73.999399,74.199386,"1!",0.516996,"Correct","Correct","Correct","Error"
"13",38,"3_4_stimuli","4_3","Incongruent","Incongruent","Congruent","Incongruent",75.999378,76.199366,"3#",0.645086,"Correct","Correct","Correct","Correct"
"13",39,"5_6_stimuli","5_5","Congruent","Incongruent","Incongruent","Congruent",77.999364,78.199354,"5%",0.80617,"Correct","Correct","Correct","Correct"
"13",40,"7_8_stimuli","8_8","Congruent","Congruent","Incongruent","Incongruent",79.999337,80.199342,"8*",0.580594,"Correct","Correct","Correct","Correct"
"13",41,"1_2_stimuli","2_2","Congruent","Congruent","Congruent","Incongruent",81.999311,82.19932,"2@",0.580571,"Correct","Correct","Correct","Correct"
"13",42,"3_4_stimuli","3_4","Incongruent","Congruent","Congruent","Congruent",83.999316,84.199312,"4$",0.852925,"Correct","Correct","Correct","Correct"
"13",43,"5_6_stimuli","5_6","Incongruent","Incongruent","Congruent","Congruent",85.999284,86.199286,"6^",0.997003,"Correct","Correct","Correct","Correct"
"13",44,"7_8_stimuli","7_7","Congruent","Incongruent","Incongruent","Congruent",87.999289,88.199271,"7&",0.645094,"Correct","Correct","Correct","Correct"
"13",45,"1_2_stimuli","1_2","Incongruent","Congruent","Incongruent","Incongruent",89.999231,90.199251,"2@",0.549151,"Correct","Correct","Correct","Correct"
"13",46,"3_4_stimuli","3_3","Congruent","Incongruent","Congruent","Incongruent",91.99922,92.199237,"3#",0.613314,"Correct","Correct","Correct","Correct"
"13",47,"5_6_stimuli","6_6","Congruent","Congruent","Incongruent","Congruent",93.999214,94.199217,"5%",0.869633,"Error","Correct","Correct","Correct"
"13",48,"7_8_stimuli","7_7","Congruent","Congruent","Congruent","Incongruent",95.999205,96.19921,"7&",0.565353,"Correct","Error","Correct","Correct"
"13",49,"1_2_stimuli","1_2","Incongruent","Congruent","Congruent","Congruent",97.99919,98.199179,"2@",0.516746,"Correct","Correct","Error","Correct"
"13",50,"3_4_stimuli","4_3","Incongruent","Incongruent","Congruent","Congruent",99.99917,100.19917,"3#",0.661227,"Correct","Correct","Correct","Error"
"13",51,"5_6_stimuli","5_6","Incongruent","Incongruent","Incongruent","Congruent",101.999155,102.199156,"6^",0.757347,"Correct","Correct","Correct","Correct"
"13",52,"7_8_stimuli","7_8","Incongruent","Incongruent","Incongruent","Incongruent",103.999137,104.199132,"8*",0.596844,"Correct","Correct","Correct","Correct"
"13",53,"1_2_stimuli","1_1","Congruent","Incongruent","Incongruent","Incongruent",105.999133,106.199123,"1!",0.453253,"Correct","Correct","Correct","Correct"
"13",54,"3_4_stimuli","4_4","Congruent","Congruent","Incongruent","Incongruent",107.99909,108.199102,"4$",0.644869,"Correct","Correct","Correct","Correct"
"13",55,"5_6_stimuli","6_6","Congruent","Congruent","Congruent","Incongruent",109.999078,110.199081,"6^",1.205365,"Correct","Correct","Correct","Correct"
"13",56,"7_8_stimuli","7_8","Incongruent","Congruent","Congruent","Congruent",111.999075,112.199065,"8*",0.5969,"Correct","Correct","Correct","Correct"
"13",57,"1_2_stimuli","1_2","Incongruent","Incongruent","Congruent","Congruent",113.999056,114.199054,"2@",0.532976,"Correct","Correct","Correct","Correct"
"13",58,"3_4_stimuli","3_3","Congruent","Incongruent","Incongruent","Congruent",115.999035,116.199032,"3#",0.596911,"Correct","Correct","Correct","Correct"
"13",59,"5_6_stimuli","6_6","Congruent","Congruent","Incongruent","Incongruent",117.999016,118.199021,"6^",0.645523,"Correct","Correct","Correct","Correct"
"13",60,"7_8_stimuli","8_7","Incongruent","Congruent","Congruent","Incongruent",119.999005,120.199007,"7&",0.356985,"Correct","Correct","Correct","Correct"
"13",61,"1_2_stimuli","2_2","Congruent","Incongruent","Congruent","Congruent",121.998988,122.198991,"2@",0.548939,"Correct","Correct","Correct","Correct"
"13",62,"3_4_stimuli","4_3","Incongruent","Congruent","Incongruent","Congruent",123.998964,124.198968,"3#",0.613044,"Correct","Correct","Correct","Correct"
"13",63,"5_6_stimuli","6_6","Congruent","Incongruent","Congruent","Incongruent",125.998949,126.198956,"6^",0.805391,"Correct","Correct","Correct","Correct"
"13",64,"7_8_stimuli","8_8","Congruent","Congruent","Incongruent","Congruent",127.998933,128.198939,"8*",0.805058,"Correct","Correct","Correct","Correct"
"13",65,"1_2_stimuli","1_2","Incongruent","Congruent","Congruent","Incongruent",129.998913,130.19892,"2@",0.51739,"Correct","Correct","Correct","Correct"
"13",66,"3_4_stimuli","3_3","Congruent","Incongruent","Congruent","Congruent",131.9989,132.198895,"3#",0.597048,"Correct","Correct","Correct","Correct"
"13",67,"5_6_stimuli","6_5","Incongruent","Congruent","Incongruent","Congruent",133.998884,134.198886,"5%",1.061429,"Correct","Correct","Correct","Correct"
"13",68,"7_8_stimuli","7_7","Congruent","Incongruent","Congruent","Incongruent",135.998864,136.198866,"7&",0.629629,"Correct","Correct","Correct","Correct"
