"Run.Number","Trial.Number","Task","Stimulus","Current.Trial.Type","Previous.Trial.Type","Previous.Trial.Type.N2","Previous.Trial.Type.N3","StimulusOnsetTime","StimulusOffsetTime","Response","RT","Accuracy","PreviousAccuracy","PreviousAccuracy.N2","Previous.Accuracy.N3"
"practice",1,"1_2_stimuli","2_2","Congruent",NA,NA,NA,1.999975,2.199971,"2@",1.427712,"Correct",NA,NA,NA
"practice",2,"3_4_stimuli","3_4","Incongruent","Congruent",NA,NA,3.999972,4.199963,"4$",1.475719,"Correct","Correct",NA,NA
"practice",3,"5_6_stimuli","5_5","Congruent","Incongruent","Congruent",NA,5.999949,6.199971,"Omission",5000,"Omission","Correct","Correct",NA
"practice",4,"7_8_stimuli","7_7","Congruent","Congruent","Incongruent","Congruent",7.999937,8.199942,"7&",1.172099,"Correct","Omission","Correct","Correct"
"practice",5,"1_2_stimuli","1_2","Incongruent","Congruent","Congruent","Incongruent",9.999914,10.199921,"2@",1.124053,"Correct","Correct","Omission","Correct"
"practice",6,"3_4_stimuli","4_4","Congruent","Incongruent","Congruent","Congruent",11.999904,12.199913,"4$",0.867822,"Correct","Correct","Correct","Omission"
"practice",7,"5_6_stimuli","6_6","Congruent","Congruent","Incongruent","Congruent",13.999886,14.19989,"6^",1.092031,"Correct","Correct","Correct","Correct"
"practice",8,"7_8_stimuli","7_8","Incongruent","Congruent","Congruent","Incongruent",15.99988,16.199878,"7&",0.819827,"Error","Correct","Correct","Correct"
"practice",9,"1_2_stimuli","1_1","Congruent","Incongruent","Congruent","Congruent",17.999856,18.19987,"1!",0.772187,"Correct","Error","Correct","Correct"
"practice",10,"3_4_stimuli","4_3","Incongruent","Congruent","Incongruent","Congruent",19.999872,20.199855,"3#",1.220231,"Correct","Correct","Error","Correct"
"practice",11,"5_6_stimuli","5_5","Congruent","Incongruent","Congruent","Incongruent",21.999831,22.199837,"5%",0.996507,"Correct","Correct","Correct","Error"
"practice",12,"7_8_stimuli","8_7","Incongruent","Congruent","Incongruent","Congruent",23.999827,24.19982,"7&",1.076263,"Correct","Correct","Correct","Correct"
"practice",13,"1_2_stimuli","1_2","Incongruent","Incongruent","Congruent","Incongruent",25.999805,26.199805,"2@",0.772213,"Correct","Correct","Correct","Correct"
"practice",14,"3_4_stimuli","3_3","Congruent","Incongruent","Incongruent","Congruent",27.999791,28.199787,"3#",0.708111,"Correct","Correct","Correct","Correct"
"practice",15,"5_6_stimuli","6_5","Incongruent","Congruent","Incongruent","Incongruent",29.999783,30.199772,"5%",0.884187,"Correct","Correct","Correct","Correct"
"practice",16,"7_8_stimuli","7_7","Congruent","Incongruent","Congruent","Incongruent",31.999769,32.199763,"7&",0.804233,"Correct","Correct","Correct","Correct"
"practice",17,"1_2_stimuli","2_2","Congruent","Congruent","Incongruent","Congruent",33.999742,34.199751,"2@",0.580354,"Correct","Correct","Correct","Correct"
"practice",18,"3_4_stimuli","3_3","Congruent","Congruent","Congruent","Incongruent",35.999725,36.199729,"3#",0.579967,"Correct","Correct","Correct","Correct"
"practice",19,"5_6_stimuli","6_5","Incongruent","Congruent","Congruent","Congruent",37.999716,38.199713,"5%",0.948676,"Correct","Correct","Correct","Correct"
"practice",20,"7_8_stimuli","8_7","Incongruent","Incongruent","Congruent","Congruent",39.999706,40.199703,"7&",0.676408,"Correct","Correct","Correct","Correct"
"practice",21,"1_2_stimuli","2_2","Congruent","Incongruent","Incongruent","Congruent",41.999682,42.199683,"2@",0.964196,"Correct","Correct","Correct","Correct"
"practice",22,"3_4_stimuli","3_4","Incongruent","Congruent","Incongruent","Incongruent",43.999672,44.19967,"4$",0.836513,"Correct","Correct","Correct","Correct"
"practice",23,"5_6_stimuli","5_6","Incongruent","Incongruent","Congruent","Incongruent",45.999653,46.199653,"6^",1.140482,"Correct","Correct","Correct","Correct"
"practice",24,"7_8_stimuli","8_7","Incongruent","Incongruent","Incongruent","Congruent",47.999649,48.199639,"7&",0.772041,"Correct","Correct","Correct","Correct"
"practice",25,"1_2_stimuli","2_1","Incongruent","Incongruent","Incongruent","Incongruent",49.999627,50.199624,"1!",0.676076,"Correct","Correct","Correct","Correct"
"practice",26,"3_4_stimuli","3_3","Congruent","Incongruent","Incongruent","Incongruent",51.999606,52.199601,"3#",1.284307,"Correct","Correct","Correct","Correct"
"practice",27,"5_6_stimuli","5_5","Congruent","Congruent","Incongruent","Incongruent",53.999596,54.199591,"5%",1.076746,"Correct","Correct","Correct","Correct"
"practice",28,"7_8_stimuli","8_8","Congruent","Congruent","Congruent","Incongruent",55.999582,56.199587,"7&",0.852401,"Error","Correct","Correct","Correct"
"practice",29,"1_2_stimuli","2_1","Incongruent","Congruent","Congruent","Congruent",57.999575,58.199563,"1!",0.852131,"Correct","Error","Correct","Correct"
"practice",30,"3_4_stimuli","4_3","Incongruent","Incongruent","Congruent","Congruent",59.99956,60.199548,"3#",0.756119,"Correct","Correct","Error","Correct"
"practice",31,"5_6_stimuli","6_5","Incongruent","Incongruent","Incongruent","Congruent",61.999542,62.199543,"5%",0.980485,"Correct","Correct","Correct","Error"
"practice",32,"7_8_stimuli","7_8","Incongruent","Incongruent","Incongruent","Incongruent",63.999531,64.19953,"8*",0.676804,"Correct","Correct","Correct","Correct"
"practice",33,"1_2_stimuli","1_1","Congruent","Incongruent","Incongruent","Incongruent",65.999512,66.199507,"1!",0.516706,"Correct","Correct","Correct","Correct"
"practice",34,"3_4_stimuli","3_3","Congruent","Congruent","Incongruent","Incongruent",67.99949,68.199487,"4$",0.56446,"Error","Correct","Correct","Correct"
"practice",35,"5_6_stimuli","6_5","Incongruent","Congruent","Congruent","Incongruent",69.999469,70.199479,"5%",0.660468,"Correct","Error","Correct","Correct"
"practice",36,"7_8_stimuli","8_8","Congruent","Incongruent","Congruent","Congruent",71.99946,72.199469,"8*",0.676654,"Correct","Correct","Error","Correct"
"practice",37,"1_2_stimuli","2_1","Incongruent","Congruent","Incongruent","Congruent",73.99945,74.199445,"1!",0.660612,"Correct","Correct","Correct","Error"
"practice",38,"3_4_stimuli","4_4","Congruent","Incongruent","Congruent","Incongruent",75.999431,76.199429,"4$",0.564289,"Correct","Correct","Correct","Correct"
"practice",39,"5_6_stimuli","5_6","Incongruent","Congruent","Incongruent","Congruent",77.999419,78.199416,"6^",0.756744,"Correct","Correct","Correct","Correct"
"practice",40,"7_8_stimuli","7_8","Incongruent","Incongruent","Congruent","Incongruent",79.9994,80.199397,"8*",0.436332,"Correct","Correct","Correct","Correct"
"practice",41,"1_2_stimuli","1_2","Incongruent","Incongruent","Incongruent","Congruent",81.999386,82.199385,"2@",0.532613,"Correct","Correct","Correct","Correct"
"practice",42,"3_4_stimuli","3_4","Incongruent","Incongruent","Incongruent","Incongruent",83.999377,84.199375,"4$",0.980924,"Correct","Correct","Correct","Correct"
"practice",43,"5_6_stimuli","6_6","Congruent","Incongruent","Incongruent","Incongruent",85.999357,86.199356,"6^",0.804377,"Correct","Correct","Correct","Correct"
"practice",44,"7_8_stimuli","7_7","Congruent","Congruent","Incongruent","Incongruent",87.999345,88.199337,"7&",0.596388,"Correct","Correct","Correct","Correct"
"practice",45,"1_2_stimuli","2_2","Congruent","Congruent","Congruent","Incongruent",89.999328,90.19932,"2@",0.724625,"Correct","Correct","Correct","Correct"
"practice",46,"3_4_stimuli","4_4","Congruent","Congruent","Congruent","Congruent",91.999306,92.199307,"4$",0.596608,"Correct","Correct","Correct","Correct"
"practice",47,"5_6_stimuli","5_5","Congruent","Congruent","Congruent","Congruent",93.999301,94.199296,"5%",0.628484,"Correct","Correct","Correct","Correct"
"practice",48,"7_8_stimuli","8_8","Congruent","Congruent","Congruent","Congruent",95.999287,96.19928,"8*",0.452782,"Correct","Correct","Correct","Correct"
"practice",49,"1_2_stimuli","2_2","Congruent","Congruent","Congruent","Congruent",97.999269,98.199259,"2@",0.708762,"Correct","Correct","Correct","Correct"
"practice",50,"3_4_stimuli","4_3","Incongruent","Congruent","Congruent","Congruent",99.999251,100.199249,"4$",0.580815,"Error","Correct","Correct","Correct"
"practice",51,"5_6_stimuli","5_6","Incongruent","Incongruent","Congruent","Congruent",101.999234,102.199235,"6^",0.821515,"Correct","Error","Correct","Correct"
"practice",52,"7_8_stimuli","8_8","Congruent","Incongruent","Incongruent","Congruent",103.999219,104.199225,"8*",0.86853,"Correct","Correct","Error","Correct"
"practice",53,"1_2_stimuli","1_2","Incongruent","Congruent","Incongruent","Incongruent",105.99921,106.199207,"2@",0.58087,"Correct","Correct","Correct","Error"
"practice",54,"3_4_stimuli","4_3","Incongruent","Incongruent","Congruent","Incongruent",107.999195,108.199193,"3#",0.516866,"Correct","Correct","Correct","Correct"
"practice",55,"5_6_stimuli","6_6","Congruent","Incongruent","Incongruent","Congruent",109.999179,110.199176,"6^",0.516523,"Correct","Correct","Correct","Correct"
"practice",56,"7_8_stimuli","7_8","Incongruent","Congruent","Incongruent","Incongruent",111.999166,112.199163,"7&",0.532591,"Error","Correct","Correct","Correct"
"practice",57,"1_2_stimuli","1_1","Congruent","Incongruent","Congruent","Incongruent",113.999153,114.19915,"1!",0.484585,"Correct","Error","Correct","Correct"
"practice",58,"3_4_stimuli","4_4","Congruent","Congruent","Incongruent","Congruent",115.999132,116.199133,"4$",0.580563,"Correct","Correct","Error","Correct"
"practice",59,"5_6_stimuli","6_6","Congruent","Congruent","Congruent","Incongruent",117.99912,118.19912,"6^",0.8369,"Correct","Correct","Correct","Error"
"practice",60,"7_8_stimuli","8_7","Incongruent","Congruent","Congruent","Congruent",119.999097,120.199102,"6^",0.548974,"Error","Correct","Correct","Correct"
"practice",61,"1_2_stimuli","2_1","Incongruent","Incongruent","Congruent","Congruent",121.999093,122.199088,"1!",0.532647,"Correct","Error","Correct","Correct"
"practice",62,"3_4_stimuli","3_4","Incongruent","Incongruent","Incongruent","Congruent",123.999073,124.199072,"4$",0.596671,"Correct","Correct","Error","Correct"
"practice",63,"5_6_stimuli","5_6","Incongruent","Incongruent","Incongruent","Incongruent",125.999057,126.199059,"5%",0.660901,"Error","Correct","Correct","Error"
"practice",64,"7_8_stimuli","7_7","Congruent","Incongruent","Incongruent","Incongruent",127.999046,128.199042,"7&",0.933123,"Correct","Error","Correct","Correct"
"practice",65,"1_2_stimuli","1_1","Congruent","Congruent","Incongruent","Incongruent",129.999024,130.199031,"1!",0.581109,"Correct","Correct","Error","Correct"
"practice",66,"3_4_stimuli","3_4","Incongruent","Congruent","Congruent","Incongruent",131.999005,132.199015,"4$",0.725121,"Correct","Correct","Correct","Error"
"practice",67,"5_6_stimuli","5_5","Congruent","Incongruent","Congruent","Congruent",133.999008,134.19899,"5%",0.676706,"Correct","Correct","Correct","Correct"
"practice",68,"7_8_stimuli","7_7","Congruent","Congruent","Incongruent","Congruent",135.998982,136.198977,"7&",0.757142,"Correct","Correct","Correct","Correct"
"1",1,"1_2_stimuli","2_2","Congruent",NA,NA,NA,1.999982,2.199984,"2@",0.697049,"Correct",NA,NA,NA
"1",2,"3_4_stimuli","4_4","Congruent","Congruent",NA,NA,3.999974,4.199968,"4$",0.569421,"Correct","Correct",NA,NA
"1",3,"5_6_stimuli","5_6","Incongruent","Congruent","Congruent",NA,5.999947,6.199948,"6^",0.71335,"Correct","Correct","Correct",NA
"1",4,"7_8_stimuli","8_8","Congruent","Incongruent","Congruent","Congruent",7.999943,8.199936,"8*",0.521293,"Correct","Correct","Correct","Correct"
"1",5,"1_2_stimuli","1_2","Incongruent","Congruent","Incongruent","Congruent",9.999923,10.199917,"2@",0.553548,"Correct","Correct","Correct","Correct"
"1",6,"3_4_stimuli","4_3","Incongruent","Incongruent","Congruent","Incongruent",11.999912,12.199906,"3#",0.489537,"Correct","Correct","Correct","Correct"
"1",7,"5_6_stimuli","6_5","Incongruent","Incongruent","Incongruent","Congruent",13.999895,14.1999,"5%",0.825393,"Correct","Correct","Correct","Correct"
"1",8,"7_8_stimuli","8_8","Congruent","Incongruent","Incongruent","Incongruent",15.999888,16.199871,"8*",0.585382,"Correct","Correct","Correct","Correct"
"1",9,"1_2_stimuli","2_2","Congruent","Congruent","Incongruent","Incongruent",17.999865,18.199869,"3#",0.553569,"Error","Correct","Correct","Correct"
"1",10,"3_4_stimuli","3_3","Congruent","Congruent","Congruent","Incongruent",19.999848,20.199847,"3#",0.713557,"Correct","Error","Correct","Correct"
"1",11,"5_6_stimuli","5_5","Congruent","Congruent","Congruent","Congruent",21.999833,22.199832,"5%",0.76187,"Correct","Correct","Error","Correct"
"1",12,"7_8_stimuli","8_7","Incongruent","Congruent","Congruent","Congruent",23.99982,24.199821,"7&",0.7935,"Correct","Correct","Correct","Error"
"1",13,"1_2_stimuli","1_1","Congruent","Incongruent","Congruent","Congruent",25.999807,26.199813,"1!",0.649446,"Correct","Correct","Correct","Correct"
"1",14,"3_4_stimuli","3_4","Incongruent","Congruent","Incongruent","Congruent",27.999787,28.199789,"4$",0.729658,"Correct","Correct","Correct","Correct"
"1",15,"5_6_stimuli","5_6","Incongruent","Incongruent","Congruent","Incongruent",29.999777,30.199766,"6^",0.985254,"Correct","Correct","Correct","Correct"
"1",16,"7_8_stimuli","8_8","Congruent","Incongruent","Incongruent","Congruent",31.999758,32.199765,"8*",0.537682,"Correct","Correct","Correct","Correct"
"1",17,"1_2_stimuli","1_2","Incongruent","Congruent","Incongruent","Incongruent",33.999748,34.199741,"2@",0.793593,"Correct","Correct","Correct","Correct"
"1",18,"3_4_stimuli","4_4","Congruent","Incongruent","Congruent","Incongruent",35.999731,36.199735,"4$",0.681361,"Correct","Correct","Correct","Correct"
"1",19,"5_6_stimuli","6_5","Incongruent","Congruent","Incongruent","Congruent",37.999718,38.199713,"6^",0.713961,"Error","Correct","Correct","Correct"
"1",20,"7_8_stimuli","7_7","Congruent","Incongruent","Congruent","Incongruent",39.999702,40.199707,"7&",0.87383,"Correct","Error","Correct","Correct"
"1",21,"1_2_stimuli","2_2","Congruent","Congruent","Incongruent","Congruent",41.999685,42.19968,"2@",0.793328,"Correct","Correct","Error","Correct"
"1",22,"3_4_stimuli","4_3","Incongruent","Congruent","Congruent","Incongruent",43.999668,44.19967,"3#",0.66589,"Correct","Correct","Correct","Error"
"1",23,"5_6_stimuli","5_6","Incongruent","Incongruent","Congruent","Congruent",45.999654,46.199646,"6^",0.777648,"Correct","Correct","Correct","Correct"
"1",24,"7_8_stimuli","7_8","Incongruent","Incongruent","Incongruent","Congruent",47.999635,48.199638,"8*",0.601676,"Correct","Correct","Correct","Correct"
"1",25,"1_2_stimuli","1_2","Incongruent","Incongruent","Incongruent","Incongruent",49.999634,50.199632,"3#",0.569805,"Error","Correct","Correct","Correct"
"1",26,"3_4_stimuli","4_3","Incongruent","Incongruent","Incongruent","Incongruent",51.999613,52.199608,"3#",0.617461,"Correct","Error","Correct","Correct"
"1",27,"5_6_stimuli","6_6","Congruent","Incongruent","Incongruent","Incongruent",53.999593,54.199593,"8*",0.60149,"Error","Correct","Error","Correct"
"1",28,"7_8_stimuli","8_7","Incongruent","Congruent","Incongruent","Incongruent",55.999575,56.19958,"7&",0.986102,"Correct","Error","Correct","Error"
"1",29,"1_2_stimuli","2_2","Congruent","Incongruent","Congruent","Incongruent",57.999567,58.199565,"2@",0.650049,"Correct","Correct","Error","Correct"
"1",30,"3_4_stimuli","3_3","Congruent","Congruent","Incongruent","Congruent",59.999553,60.199546,"3#",0.681553,"Correct","Correct","Correct","Error"
"1",31,"5_6_stimuli","6_6","Congruent","Congruent","Congruent","Incongruent",61.999534,62.19953,"6^",0.922181,"Correct","Correct","Correct","Correct"
"1",32,"7_8_stimuli","7_7","Congruent","Congruent","Congruent","Congruent",63.999528,64.199522,"7&",0.569763,"Correct","Correct","Correct","Correct"
"1",33,"1_2_stimuli","2_1","Incongruent","Congruent","Congruent","Congruent",65.999504,66.199504,"1!",0.601589,"Correct","Correct","Correct","Correct"
"1",34,"3_4_stimuli","3_4","Incongruent","Incongruent","Congruent","Congruent",67.999482,68.199496,"3#",0.71402,"Error","Correct","Correct","Correct"
"1",35,"5_6_stimuli","6_6","Congruent","Incongruent","Incongruent","Congruent",69.999472,70.199472,"6^",0.985618,"Correct","Error","Correct","Correct"
"1",36,"7_8_stimuli","7_7","Congruent","Congruent","Incongruent","Incongruent",71.999464,72.199456,"7&",0.5859,"Correct","Correct","Error","Correct"
"1",37,"1_2_stimuli","1_1","Congruent","Congruent","Congruent","Incongruent",73.99944,74.199444,"1!",0.666023,"Correct","Correct","Correct","Error"
"1",38,"3_4_stimuli","4_3","Incongruent","Congruent","Congruent","Congruent",75.999434,76.199428,"3#",0.697644,"Correct","Correct","Correct","Correct"
"1",39,"5_6_stimuli","5_5","Congruent","Incongruent","Congruent","Congruent",77.999416,78.199422,"5%",1.257702,"Correct","Correct","Correct","Correct"
"1",40,"7_8_stimuli","8_7","Incongruent","Congruent","Incongruent","Congruent",79.999396,80.199399,"7&",0.729698,"Correct","Correct","Correct","Correct"
"1",41,"1_2_stimuli","2_1","Incongruent","Incongruent","Congruent","Incongruent",81.999382,82.199381,"1!",0.585686,"Correct","Correct","Correct","Correct"
"1",42,"3_4_stimuli","3_4","Incongruent","Incongruent","Incongruent","Congruent",83.999369,84.19937,"4$",0.601888,"Correct","Correct","Correct","Correct"
"1",43,"5_6_stimuli","5_6","Incongruent","Incongruent","Incongruent","Incongruent",85.999351,86.199358,"5%",0.761671,"Error","Correct","Correct","Correct"
"1",44,"7_8_stimuli","7_8","Incongruent","Incongruent","Incongruent","Incongruent",87.999343,88.199337,"8*",0.745748,"Correct","Error","Correct","Correct"
"1",45,"1_2_stimuli","1_1","Congruent","Incongruent","Incongruent","Incongruent",89.999321,90.199327,"1!",0.442025,"Correct","Correct","Error","Correct"
"1",46,"3_4_stimuli","3_3","Congruent","Congruent","Incongruent","Incongruent",91.999312,92.19931,"3#",0.745786,"Correct","Correct","Correct","Error"
"1",47,"5_6_stimuli","6_5","Incongruent","Congruent","Congruent","Incongruent",93.999286,94.199283,"5%",0.80984,"Correct","Correct","Correct","Correct"
"1",48,"7_8_stimuli","8_7","Incongruent","Incongruent","Congruent","Congruent",95.999277,96.199268,"7&",0.666258,"Correct","Correct","Correct","Correct"
"1",49,"1_2_stimuli","2_1","Incongruent","Incongruent","Incongruent","Congruent",97.99926,98.199261,"1!",0.56981,"Correct","Correct","Correct","Correct"
"1",50,"3_4_stimuli","4_4","Congruent","Incongruent","Incongruent","Incongruent",99.99925,100.19925,"4$",0.713871,"Correct","Correct","Correct","Correct"
"1",51,"5_6_stimuli","5_6","Incongruent","Congruent","Incongruent","Incongruent",101.999233,102.199235,"5%",0.793893,"Error","Correct","Correct","Correct"
"1",52,"7_8_stimuli","7_8","Incongruent","Incongruent","Congruent","Incongruent",103.999217,104.199226,"8*",0.922591,"Correct","Error","Correct","Correct"
"1",53,"1_2_stimuli","1_1","Congruent","Incongruent","Incongruent","Congruent",105.999204,106.199203,"1!",0.537816,"Correct","Correct","Error","Correct"
"1",54,"3_4_stimuli","3_4","Incongruent","Congruent","Incongruent","Incongruent",107.999188,108.199189,"4$",0.985906,"Correct","Correct","Correct","Error"
"1",55,"5_6_stimuli","5_5","Congruent","Incongruent","Congruent","Incongruent",109.999172,110.199176,"5%",1.018398,"Correct","Correct","Correct","Correct"
"1",56,"7_8_stimuli","7_7","Congruent","Congruent","Incongruent","Congruent",111.999164,112.19915,"8*",0.586503,"Error","Correct","Correct","Correct"
"1",57,"1_2_stimuli","1_2","Incongruent","Congruent","Congruent","Incongruent",113.99914,114.199137,"2@",0.714132,"Correct","Error","Correct","Correct"
"1",58,"3_4_stimuli","4_4","Congruent","Incongruent","Congruent","Congruent",115.999125,116.199119,"4$",0.665991,"Correct","Correct","Error","Correct"
"1",59,"5_6_stimuli","5_5","Congruent","Congruent","Incongruent","Congruent",117.999113,118.199113,"5%",0.841978,"Correct","Correct","Correct","Error"
"1",60,"7_8_stimuli","7_8","Incongruent","Congruent","Congruent","Incongruent",119.9991,120.199097,"7&",0.634394,"Error","Correct","Correct","Correct"
"1",61,"1_2_stimuli","2_1","Incongruent","Incongruent","Congruent","Congruent",121.999082,122.199083,"1!",0.682007,"Correct","Error","Correct","Correct"
"1",62,"3_4_stimuli","3_3","Congruent","Incongruent","Incongruent","Congruent",123.999063,124.199068,"3#",0.954118,"Correct","Correct","Error","Correct"
"1",63,"5_6_stimuli","6_6","Congruent","Congruent","Incongruent","Incongruent",125.999055,126.199052,"6^",0.98624,"Correct","Correct","Correct","Error"
"1",64,"7_8_stimuli","8_8","Congruent","Congruent","Congruent","Incongruent",127.999035,128.19904,"8*",0.634624,"Correct","Correct","Correct","Correct"
"1",65,"1_2_stimuli","2_2","Congruent","Congruent","Congruent","Congruent",129.999029,130.199019,"2@",0.762391,"Correct","Correct","Correct","Correct"
"1",66,"3_4_stimuli","4_4","Congruent","Congruent","Congruent","Congruent",131.999006,132.199011,"4$",0.746092,"Correct","Correct","Correct","Correct"
"1",67,"5_6_stimuli","6_5","Incongruent","Congruent","Congruent","Congruent",133.998995,134.198987,"5%",0.842358,"Correct","Correct","Correct","Correct"
"1",68,"7_8_stimuli","8_8","Congruent","Incongruent","Congruent","Congruent",135.998976,136.198975,"8*",0.826232,"Correct","Correct","Correct","Correct"
"2",1,"1_2_stimuli","1_2","Incongruent",NA,NA,NA,1.999982,2.199986,"3#",0.718715,"Error",NA,NA,NA
"2",2,"3_4_stimuli","3_3","Congruent","Incongruent",NA,NA,3.999964,4.199966,"3#",0.622363,"Correct","Error",NA,NA
"2",3,"5_6_stimuli","6_6","Congruent","Congruent","Incongruent",NA,5.999952,6.19995,"6^",0.830646,"Correct","Correct","Error",NA
"2",4,"7_8_stimuli","8_8","Congruent","Congruent","Congruent","Incongruent",7.999942,8.199939,"8*",0.622784,"Correct","Correct","Correct","Error"
"2",5,"1_2_stimuli","1_1","Congruent","Congruent","Congruent","Congruent",9.999922,10.19993,"1!",0.494787,"Correct","Correct","Correct","Correct"
"2",6,"3_4_stimuli","4_3","Incongruent","Congruent","Congruent","Congruent",11.999917,12.19991,"3#",0.606711,"Correct","Correct","Correct","Correct"
"2",7,"5_6_stimuli","5_6","Incongruent","Incongruent","Congruent","Congruent",13.999901,14.199893,"5%",0.718383,"Error","Correct","Correct","Correct"
"2",8,"7_8_stimuli","8_8","Congruent","Incongruent","Incongruent","Congruent",15.999873,16.199877,"8*",0.623513,"Correct","Error","Correct","Correct"
"2",9,"1_2_stimuli","1_2","Incongruent","Congruent","Incongruent","Incongruent",17.999871,18.19986,"2@",0.686435,"Correct","Correct","Error","Correct"
"2",10,"3_4_stimuli","3_4","Incongruent","Incongruent","Congruent","Incongruent",19.999853,20.199848,"4$",0.67052,"Correct","Correct","Correct","Error"
"2",11,"5_6_stimuli","6_6","Congruent","Incongruent","Incongruent","Congruent",21.999832,22.199826,"6^",0.878474,"Correct","Correct","Correct","Correct"
"2",12,"7_8_stimuli","7_7","Congruent","Congruent","Incongruent","Incongruent",23.999819,24.199823,"7&",0.59072,"Correct","Correct","Correct","Correct"
"2",13,"1_2_stimuli","2_1","Incongruent","Congruent","Congruent","Incongruent",25.999808,26.199807,"1!",0.574908,"Correct","Correct","Correct","Correct"
"2",14,"3_4_stimuli","3_3","Congruent","Incongruent","Congruent","Congruent",27.999798,28.199797,"3#",0.654944,"Correct","Correct","Correct","Correct"
"2",15,"5_6_stimuli","5_5","Congruent","Congruent","Incongruent","Congruent",29.999781,30.199772,"5%",0.654523,"Correct","Correct","Correct","Correct"
"2",16,"7_8_stimuli","8_7","Incongruent","Congruent","Congruent","Incongruent",31.999765,32.199757,"7&",0.638541,"Correct","Correct","Correct","Correct"
"2",17,"1_2_stimuli","2_1","Incongruent","Incongruent","Congruent","Congruent",33.999748,34.199742,"1!",0.478504,"Correct","Correct","Correct","Correct"
"2",18,"3_4_stimuli","3_4","Incongruent","Incongruent","Incongruent","Congruent",35.999729,36.199737,"4$",0.623125,"Correct","Correct","Correct","Correct"
"2",19,"5_6_stimuli","6_6","Congruent","Incongruent","Incongruent","Incongruent",37.999713,38.199714,"7&",0.718811,"Error","Correct","Correct","Correct"
"2",20,"7_8_stimuli","7_8","Incongruent","Congruent","Incongruent","Incongruent",39.999703,40.199709,"8*",0.590649,"Correct","Error","Correct","Correct"
"2",21,"1_2_stimuli","2_2","Congruent","Incongruent","Congruent","Incongruent",41.999701,42.199685,"2@",0.814824,"Correct","Correct","Error","Correct"
"2",22,"3_4_stimuli","4_4","Congruent","Congruent","Incongruent","Congruent",43.999673,44.199671,"4$",0.638906,"Correct","Correct","Correct","Error"
"2",23,"5_6_stimuli","6_5","Incongruent","Congruent","Congruent","Incongruent",45.999673,46.199651,"6^",0.607027,"Error","Correct","Correct","Correct"
"2",24,"7_8_stimuli","8_8","Congruent","Incongruent","Congruent","Congruent",47.999634,48.19964,"8*",0.527058,"Correct","Error","Correct","Correct"
"2",25,"1_2_stimuli","1_1","Congruent","Congruent","Incongruent","Congruent",49.999626,50.199624,"1!",0.49509,"Correct","Correct","Error","Correct"
"2",26,"3_4_stimuli","4_3","Incongruent","Congruent","Congruent","Incongruent",51.999611,52.199615,"3#",0.703081,"Correct","Correct","Correct","Error"
"2",27,"5_6_stimuli","5_5","Congruent","Incongruent","Congruent","Congruent",53.9996,54.199601,"5%",0.830948,"Correct","Correct","Correct","Correct"
"2",28,"7_8_stimuli","8_7","Incongruent","Congruent","Incongruent","Congruent",55.999577,56.19958,"7&",0.974741,"Correct","Correct","Correct","Correct"
"2",29,"1_2_stimuli","1_2","Incongruent","Incongruent","Congruent","Incongruent",57.999567,58.199565,"2@",0.638956,"Correct","Correct","Correct","Correct"
"2",30,"3_4_stimuli","4_4","Congruent","Incongruent","Incongruent","Congruent",59.999547,60.199546,"4$",0.687213,"Correct","Correct","Correct","Correct"
"2",31,"5_6_stimuli","6_5","Incongruent","Congruent","Incongruent","Incongruent",61.999535,62.199537,"5%",1.438983,"Correct","Correct","Correct","Correct"
"2",32,"7_8_stimuli","8_8","Congruent","Incongruent","Congruent","Incongruent",63.999521,64.199518,"8*",0.750845,"Correct","Correct","Correct","Correct"
"2",33,"1_2_stimuli","1_2","Incongruent","Congruent","Incongruent","Congruent",65.999512,66.199505,"2@",0.670839,"Correct","Correct","Correct","Correct"
"2",34,"3_4_stimuli","3_3","Congruent","Incongruent","Congruent","Incongruent",67.99949,68.19949,"3#",0.84687,"Correct","Correct","Correct","Correct"
"2",35,"5_6_stimuli","6_5","Incongruent","Congruent","Incongruent","Congruent",69.999476,70.199481,"5%",0.799248,"Correct","Correct","Correct","Correct"
"2",36,"7_8_stimuli","8_7","Incongruent","Incongruent","Congruent","Incongruent",71.999463,72.19946,"7&",1.215416,"Correct","Correct","Correct","Correct"
"2",37,"1_2_stimuli","1_1","Congruent","Incongruent","Incongruent","Congruent",73.999469,74.199443,"1!",0.671441,"Correct","Correct","Correct","Correct"
"2",38,"3_4_stimuli","3_4","Incongruent","Congruent","Incongruent","Incongruent",75.999434,76.199429,"3#",0.543261,"Error","Correct","Correct","Correct"
"2",39,"5_6_stimuli","6_5","Incongruent","Incongruent","Congruent","Incongruent",77.999425,78.19941,"5%",0.830909,"Correct","Error","Correct","Correct"
"2",40,"7_8_stimuli","7_8","Incongruent","Incongruent","Incongruent","Congruent",79.999402,80.199399,"8*",0.495143,"Correct","Correct","Error","Correct"
"2",41,"1_2_stimuli","2_2","Congruent","Incongruent","Incongruent","Incongruent",81.999388,82.199374,"2@",0.591199,"Correct","Correct","Correct","Error"
"2",42,"3_4_stimuli","4_4","Congruent","Congruent","Incongruent","Incongruent",83.999371,84.199373,"4$",0.799321,"Correct","Correct","Correct","Correct"
"2",43,"5_6_stimuli","6_6","Congruent","Congruent","Congruent","Incongruent",85.999357,86.199362,"6^",0.814974,"Correct","Correct","Correct","Correct"
"2",44,"7_8_stimuli","8_8","Congruent","Congruent","Congruent","Congruent",87.99934,88.199339,"8*",0.527011,"Correct","Correct","Correct","Correct"
"2",45,"1_2_stimuli","2_1","Incongruent","Congruent","Congruent","Congruent",89.999321,90.199321,"1!",0.511193,"Correct","Correct","Correct","Correct"
"2",46,"3_4_stimuli","4_3","Incongruent","Incongruent","Congruent","Congruent",91.999314,92.199311,"3#",0.639192,"Correct","Correct","Correct","Correct"
"2",47,"5_6_stimuli","5_6","Incongruent","Incongruent","Incongruent","Congruent",93.999298,94.199298,"6^",0.751314,"Correct","Correct","Correct","Correct"
"2",48,"7_8_stimuli","7_8","Incongruent","Incongruent","Incongruent","Incongruent",95.99928,96.199287,"8*",0.639473,"Correct","Correct","Correct","Correct"
"2",49,"1_2_stimuli","2_1","Incongruent","Incongruent","Incongruent","Incongruent",97.999263,98.199262,"1!",0.751123,"Correct","Correct","Correct","Correct"
"2",50,"3_4_stimuli","4_3","Incongruent","Incongruent","Incongruent","Incongruent",99.999251,100.199248,"3#",0.671453,"Correct","Correct","Correct","Correct"
"2",51,"5_6_stimuli","5_6","Incongruent","Incongruent","Incongruent","Incongruent",101.999238,102.199238,"6^",0.815686,"Correct","Correct","Correct","Correct"
"2",52,"7_8_stimuli","7_7","Congruent","Incongruent","Incongruent","Incongruent",103.999216,104.199222,"7&",0.52708,"Correct","Correct","Correct","Correct"
"2",53,"1_2_stimuli","2_2","Congruent","Congruent","Incongruent","Incongruent",105.999207,106.199196,"2@",0.687126,"Correct","Correct","Correct","Correct"
"2",54,"3_4_stimuli","4_4","Congruent","Congruent","Congruent","Incongruent",107.999192,108.199193,"4$",0.767489,"Correct","Correct","Correct","Correct"
"2",55,"5_6_stimuli","6_6","Congruent","Congruent","Congruent","Congruent",109.999194,110.199166,"6^",0.639498,"Correct","Correct","Correct","Correct"
"2",56,"7_8_stimuli","7_8","Incongruent","Congruent","Congruent","Congruent",111.99916,112.199156,"8*",0.38321,"Correct","Correct","Correct","Correct"
"2",57,"1_2_stimuli","1_1","Congruent","Incongruent","Congruent","Congruent",113.999148,114.199148,"1!",0.399708,"Correct","Correct","Correct","Correct"
"2",58,"3_4_stimuli","3_4","Incongruent","Congruent","Incongruent","Congruent",115.999133,116.199133,"4$",0.575466,"Correct","Correct","Correct","Correct"
"2",59,"5_6_stimuli","5_5","Congruent","Incongruent","Congruent","Incongruent",117.99911,118.199114,"5%",0.879574,"Correct","Correct","Correct","Correct"
"2",60,"7_8_stimuli","7_7","Congruent","Congruent","Incongruent","Congruent",119.999101,120.199102,"7&",0.76785,"Correct","Correct","Correct","Correct"
"2",61,"1_2_stimuli","2_2","Congruent","Congruent","Congruent","Incongruent",121.999084,122.199082,"3#",0.575515,"Error","Correct","Correct","Correct"
"2",62,"3_4_stimuli","3_3","Congruent","Congruent","Congruent","Congruent",123.999069,124.199072,"3#",0.655261,"Correct","Error","Correct","Correct"
"2",63,"5_6_stimuli","5_6","Incongruent","Congruent","Congruent","Congruent",125.999055,126.199047,"5%",0.76767,"Error","Correct","Error","Correct"
"2",64,"7_8_stimuli","8_7","Incongruent","Incongruent","Congruent","Congruent",127.999043,128.199037,"7&",0.863533,"Correct","Error","Correct","Error"
"2",65,"1_2_stimuli","1_2","Incongruent","Incongruent","Incongruent","Congruent",129.99903,130.199023,"2@",0.591709,"Correct","Correct","Error","Correct"
"2",66,"3_4_stimuli","3_3","Congruent","Incongruent","Incongruent","Incongruent",131.999005,132.199004,"4$",0.639607,"Error","Correct","Correct","Error"
"2",67,"5_6_stimuli","5_5","Congruent","Congruent","Incongruent","Incongruent",133.998999,134.198992,"5%",0.831747,"Correct","Error","Correct","Correct"
"2",68,"7_8_stimuli","7_7","Congruent","Congruent","Congruent","Incongruent",135.998981,136.198981,"7&",0.76777,"Correct","Correct","Error","Correct"
"3",1,"1_2_stimuli","2_1","Incongruent",NA,NA,NA,1.999986,2.199992,"1!",0.71397,"Correct",NA,NA,NA
"3",2,"3_4_stimuli","3_3","Congruent","Incongruent",NA,NA,3.99997,4.199971,"3#",0.63403,"Correct","Correct",NA,NA
"3",3,"5_6_stimuli","5_5","Congruent","Congruent","Incongruent",NA,5.999957,6.199958,"5%",0.842045,"Correct","Correct","Correct",NA
"3",4,"7_8_stimuli","7_7","Congruent","Congruent","Congruent","Incongruent",7.999942,8.199936,"7&",0.90585,"Correct","Correct","Correct","Correct"
"3",5,"1_2_stimuli","2_1","Incongruent","Congruent","Congruent","Congruent",9.999929,10.199921,"1!",0.665609,"Correct","Correct","Correct","Correct"
"3",6,"3_4_stimuli","4_3","Incongruent","Incongruent","Congruent","Congruent",11.99992,12.19991,"3#",0.569699,"Correct","Correct","Correct","Correct"
"3",7,"5_6_stimuli","6_6","Congruent","Incongruent","Incongruent","Congruent",13.999893,14.199901,"6^",0.858022,"Correct","Correct","Correct","Correct"
"3",8,"7_8_stimuli","7_7","Congruent","Congruent","Incongruent","Incongruent",15.999896,16.199881,"7&",0.650068,"Correct","Correct","Correct","Correct"
"3",9,"1_2_stimuli","2_2","Congruent","Congruent","Congruent","Incongruent",17.999874,18.199874,"2@",0.522077,"Correct","Correct","Correct","Correct"
"3",10,"3_4_stimuli","4_4","Congruent","Congruent","Congruent","Congruent",19.999858,20.199847,"3#",0.649744,"Error","Correct","Correct","Correct"
"3",11,"5_6_stimuli","5_6","Incongruent","Congruent","Congruent","Congruent",21.99985,22.199837,"6^",0.793789,"Correct","Error","Correct","Correct"
"3",12,"7_8_stimuli","7_7","Congruent","Incongruent","Congruent","Congruent",23.999822,24.199823,"7&",0.682006,"Correct","Correct","Error","Correct"
"3",13,"1_2_stimuli","2_1","Incongruent","Congruent","Incongruent","Congruent",25.999818,26.199816,"1!",0.522069,"Correct","Correct","Correct","Error"
"3",14,"3_4_stimuli","4_3","Incongruent","Incongruent","Congruent","Incongruent",27.999796,28.199803,"3#",0.697781,"Correct","Correct","Correct","Correct"
"3",15,"5_6_stimuli","6_5","Incongruent","Incongruent","Incongruent","Congruent",29.999787,30.199777,"7&",0.889771,"Error","Correct","Correct","Correct"
"3",16,"7_8_stimuli","7_8","Incongruent","Incongruent","Incongruent","Incongruent",31.999768,32.199773,"8*",0.857812,"Correct","Error","Correct","Correct"
"3",17,"1_2_stimuli","1_2","Incongruent","Incongruent","Incongruent","Incongruent",33.99976,34.199749,"2@",0.697867,"Correct","Correct","Error","Correct"
"3",18,"3_4_stimuli","3_4","Incongruent","Incongruent","Incongruent","Incongruent",35.999736,36.199744,"4$",0.68189,"Correct","Correct","Correct","Error"
"3",19,"5_6_stimuli","5_5","Congruent","Incongruent","Incongruent","Incongruent",37.99972,38.199715,"5%",1.290193,"Correct","Correct","Correct","Correct"
"3",20,"7_8_stimuli","8_7","Incongruent","Congruent","Incongruent","Incongruent",39.999713,40.199705,"7&",1.258351,"Correct","Correct","Correct","Correct"
"3",21,"1_2_stimuli","1_2","Incongruent","Incongruent","Congruent","Incongruent",41.999688,42.199691,"2@",0.602049,"Correct","Correct","Correct","Correct"
"3",22,"3_4_stimuli","3_3","Congruent","Incongruent","Incongruent","Congruent",43.999679,44.199683,"3#",0.682491,"Correct","Correct","Correct","Correct"
"3",23,"5_6_stimuli","5_6","Incongruent","Congruent","Incongruent","Incongruent",45.999668,46.199664,"6^",1.12994,"Correct","Correct","Correct","Correct"
"3",24,"7_8_stimuli","7_8","Incongruent","Incongruent","Congruent","Incongruent",47.999644,48.199645,"8*",0.682459,"Correct","Correct","Correct","Correct"
"3",25,"1_2_stimuli","2_2","Congruent","Incongruent","Incongruent","Congruent",49.999632,50.199637,"3#",0.554353,"Error","Correct","Correct","Correct"
"3",26,"3_4_stimuli","3_4","Incongruent","Congruent","Incongruent","Incongruent",51.999621,52.199616,"4$",0.697973,"Correct","Error","Correct","Correct"
"3",27,"5_6_stimuli","6_5","Incongruent","Incongruent","Congruent","Incongruent",53.999599,54.199589,"5%",0.970372,"Correct","Correct","Error","Correct"
"3",28,"7_8_stimuli","8_8","Congruent","Incongruent","Incongruent","Congruent",55.999576,56.199581,"8*",0.61805,"Correct","Correct","Correct","Error"
"3",29,"1_2_stimuli","2_2","Congruent","Congruent","Incongruent","Incongruent",57.999574,58.199566,"2@",0.618264,"Correct","Correct","Correct","Correct"
"3",30,"3_4_stimuli","4_3","Incongruent","Congruent","Congruent","Incongruent",59.999553,60.199559,"3#",0.650377,"Correct","Correct","Correct","Correct"
"3",31,"5_6_stimuli","6_5","Incongruent","Incongruent","Congruent","Congruent",61.999541,62.199541,"5%",1.00209,"Correct","Correct","Correct","Correct"
"3",32,"7_8_stimuli","8_7","Incongruent","Incongruent","Incongruent","Congruent",63.999519,64.199522,"7&",0.746373,"Correct","Correct","Correct","Correct"
"3",33,"1_2_stimuli","2_2","Congruent","Incongruent","Incongruent","Incongruent",65.999509,66.199509,"2@",0.55414,"Correct","Correct","Correct","Correct"
"3",34,"3_4_stimuli","4_4","Congruent","Congruent","Incongruent","Incongruent",67.999501,68.199503,"4$",1.050133,"Correct","Correct","Correct","Correct"
"3",35,"5_6_stimuli","5_5","Congruent","Congruent","Congruent","Incongruent",69.999475,70.199486,"5%",0.922126,"Correct","Correct","Correct","Correct"
"3",36,"7_8_stimuli","8_7","Incongruent","Congruent","Congruent","Congruent",71.999471,72.199467,"7&",1.066267,"Correct","Correct","Correct","Correct"
"3",37,"1_2_stimuli","1_1","Congruent","Incongruent","Congruent","Congruent",73.999451,74.199451,"1!",0.618636,"Correct","Correct","Correct","Correct"
"3",38,"3_4_stimuli","4_3","Incongruent","Congruent","Incongruent","Congruent",75.99944,76.199433,"3#",0.746399,"Correct","Correct","Correct","Correct"
"3",39,"5_6_stimuli","6_6","Congruent","Incongruent","Congruent","Incongruent",77.999432,78.199417,"6^",1.258179,"Correct","Correct","Correct","Correct"
"3",40,"7_8_stimuli","8_8","Congruent","Congruent","Incongruent","Congruent",79.999406,80.199423,"8*",0.618198,"Correct","Correct","Correct","Correct"
"3",41,"1_2_stimuli","2_1","Incongruent","Congruent","Congruent","Incongruent",81.999392,82.199392,"2@",0.538218,"Error","Correct","Correct","Correct"
"3",42,"3_4_stimuli","3_3","Congruent","Incongruent","Congruent","Congruent",83.999374,84.199371,"3#",0.666678,"Correct","Error","Correct","Correct"
"3",43,"5_6_stimuli","6_6","Congruent","Congruent","Incongruent","Congruent",85.999367,86.199361,"6^",0.826213,"Correct","Correct","Error","Correct"
"3",44,"7_8_stimuli","7_8","Incongruent","Congruent","Congruent","Incongruent",87.999343,88.199348,"8*",0.570519,"Correct","Correct","Correct","Error"
"3",45,"1_2_stimuli","1_2","Incongruent","Incongruent","Congruent","Congruent",89.999322,90.19933,"1!",0.634245,"Error","Correct","Correct","Correct"
"3",46,"3_4_stimuli","3_4","Incongruent","Incongruent","Incongruent","Congruent",91.999317,92.199311,"4$",0.826736,"Correct","Error","Correct","Correct"
"3",47,"5_6_stimuli","5_6","Incongruent","Incongruent","Incongruent","Incongruent",93.999304,94.19929,"6^",0.762906,"Correct","Correct","Error","Correct"
"3",48,"7_8_stimuli","8_8","Congruent","Incongruent","Incongruent","Incongruent",95.999288,96.199288,"8*",0.602743,"Correct","Correct","Correct","Error"
"3",49,"1_2_stimuli","1_2","Incongruent","Congruent","Incongruent","Incongruent",97.999273,98.199288,"1!",0.378365,"Error","Correct","Correct","Correct"
"3",50,"3_4_stimuli","4_4","Congruent","Incongruent","Congruent","Incongruent",99.99926,100.199258,"4$",0.698456,"Correct","Error","Correct","Correct"
"3",51,"5_6_stimuli","5_6","Incongruent","Congruent","Incongruent","Congruent",101.999234,102.199239,"6^",0.810428,"Correct","Correct","Error","Correct"
"3",52,"7_8_stimuli","7_7","Congruent","Incongruent","Congruent","Incongruent",103.999228,104.199229,"7&",0.714624,"Correct","Correct","Correct","Error"
"3",53,"1_2_stimuli","1_1","Congruent","Congruent","Incongruent","Congruent",105.999209,106.199202,"1!",0.618812,"Correct","Correct","Correct","Correct"
"3",54,"3_4_stimuli","3_3","Congruent","Congruent","Congruent","Incongruent",107.999198,108.199194,"3#",0.602784,"Correct","Correct","Correct","Correct"
"3",55,"5_6_stimuli","6_6","Congruent","Congruent","Congruent","Congruent",109.999177,110.199179,"6^",0.874863,"Correct","Correct","Correct","Correct"
"3",56,"7_8_stimuli","7_7","Congruent","Congruent","Congruent","Congruent",111.99916,112.199162,"7&",0.618931,"Correct","Correct","Correct","Correct"
"3",57,"1_2_stimuli","1_1","Congruent","Congruent","Congruent","Congruent",113.999155,114.199151,"1!",0.586863,"Correct","Correct","Correct","Correct"
"3",58,"3_4_stimuli","3_4","Incongruent","Congruent","Congruent","Congruent",115.999142,116.199136,"4$",0.730729,"Correct","Correct","Correct","Correct"
"3",59,"5_6_stimuli","5_5","Congruent","Incongruent","Congruent","Congruent",117.999117,118.199125,"5%",0.699482,"Correct","Correct","Correct","Correct"
"3",60,"7_8_stimuli","8_7","Incongruent","Congruent","Incongruent","Congruent",119.999106,120.199107,"7&",1.002848,"Correct","Correct","Correct","Correct"
"3",61,"1_2_stimuli","1_1","Congruent","Incongruent","Congruent","Incongruent",121.999094,122.199092,"1!",0.603058,"Correct","Correct","Correct","Correct"
"3",62,"3_4_stimuli","4_4","Congruent","Congruent","Incongruent","Congruent",123.999076,124.199074,"3#",0.602953,"Error","Correct","Correct","Correct"
"3",63,"5_6_stimuli","6_5","Incongruent","Congruent","Congruent","Incongruent",125.999062,126.199053,"5%",0.97088,"Correct","Error","Correct","Correct"
"3",64,"7_8_stimuli","7_8","Incongruent","Incongruent","Congruent","Congruent",127.999051,128.199045,"8*",0.634586,"Correct","Correct","Error","Correct"
"3",65,"1_2_stimuli","2_1","Incongruent","Incongruent","Incongruent","Congruent",129.999032,130.199029,"1!",0.506833,"Correct","Correct","Correct","Error"
"3",66,"3_4_stimuli","3_3","Congruent","Incongruent","Incongruent","Incongruent",131.999017,132.199018,"3#",0.827016,"Correct","Correct","Correct","Correct"
"3",67,"5_6_stimuli","5_5","Congruent","Congruent","Incongruent","Incongruent",133.999004,134.198997,"5%",0.634644,"Correct","Correct","Correct","Correct"
"3",68,"7_8_stimuli","8_8","Congruent","Congruent","Congruent","Incongruent",135.99899,136.198985,"8*",0.699097,"Correct","Correct","Correct","Correct"
"4",1,"1_2_stimuli","1_2","Incongruent",NA,NA,NA,1.999974,2.199981,"2@",0.852865,"Correct",NA,NA,NA
"4",2,"3_4_stimuli","3_4","Incongruent","Incongruent",NA,NA,3.999966,4.199966,"4$",0.66107,"Correct","Correct",NA,NA
"4",3,"5_6_stimuli","5_5","Congruent","Incongruent","Incongruent",NA,5.999961,6.199957,"5%",0.677061,"Correct","Correct","Correct",NA
"4",4,"7_8_stimuli","7_8","Incongruent","Congruent","Incongruent","Incongruent",7.999934,8.199932,"8*",0.484893,"Correct","Correct","Correct","Correct"
"4",5,"1_2_stimuli","1_1","Congruent","Incongruent","Congruent","Incongruent",9.999931,10.199918,"1!",0.581365,"Correct","Correct","Correct","Correct"
"4",6,"3_4_stimuli","3_3","Congruent","Congruent","Incongruent","Congruent",11.999908,12.199898,"3#",0.597593,"Correct","Correct","Correct","Correct"
"4",7,"5_6_stimuli","6_5","Incongruent","Congruent","Congruent","Incongruent",13.999883,14.199892,"5%",0.853345,"Correct","Correct","Correct","Correct"
"4",8,"7_8_stimuli","8_7","Incongruent","Incongruent","Congruent","Congruent",15.999881,16.199881,"7&",0.516956,"Correct","Correct","Correct","Correct"
"4",9,"1_2_stimuli","2_2","Congruent","Incongruent","Incongruent","Congruent",17.999884,18.199859,"2@",0.533104,"Correct","Correct","Correct","Correct"
"4",10,"3_4_stimuli","4_4","Congruent","Congruent","Incongruent","Incongruent",19.999849,20.199851,"4$",0.597598,"Correct","Correct","Correct","Correct"
"4",11,"5_6_stimuli","6_6","Congruent","Congruent","Congruent","Incongruent",21.999834,22.199827,"5%",0.661547,"Error","Correct","Correct","Correct"
"4",12,"7_8_stimuli","8_8","Congruent","Congruent","Congruent","Congruent",23.999813,24.199817,"8*",0.645093,"Correct","Error","Correct","Correct"
"4",13,"1_2_stimuli","2_1","Incongruent","Congruent","Congruent","Congruent",25.999799,26.199798,"1!",0.741073,"Correct","Correct","Error","Correct"
"4",14,"3_4_stimuli","4_3","Incongruent","Incongruent","Congruent","Congruent",27.999793,28.199793,"3#",0.757238,"Correct","Correct","Correct","Error"
"4",15,"5_6_stimuli","6_5","Incongruent","Incongruent","Incongruent","Congruent",29.999771,30.199771,"5%",0.725038,"Correct","Correct","Correct","Correct"
"4",16,"7_8_stimuli","8_7","Incongruent","Incongruent","Incongruent","Incongruent",31.999755,32.199753,"6^",0.629107,"Error","Correct","Correct","Correct"
"4",17,"1_2_stimuli","2_1","Incongruent","Incongruent","Incongruent","Incongruent",33.999741,34.19974,"1!",0.629305,"Correct","Error","Correct","Correct"
"4",18,"3_4_stimuli","4_3","Incongruent","Incongruent","Incongruent","Incongruent",35.999743,36.199722,"3#",0.597307,"Correct","Correct","Error","Correct"
"4",19,"5_6_stimuli","6_5","Incongruent","Incongruent","Incongruent","Incongruent",37.999721,38.199713,"5%",0.62914,"Correct","Correct","Correct","Error"
"4",20,"7_8_stimuli","8_8","Congruent","Incongruent","Incongruent","Incongruent",39.999707,40.199695,"8*",0.533457,"Correct","Correct","Correct","Correct"
"4",21,"1_2_stimuli","2_1","Incongruent","Congruent","Incongruent","Incongruent",41.999685,42.199677,"1!",0.709239,"Correct","Correct","Correct","Correct"
"4",22,"3_4_stimuli","3_3","Congruent","Incongruent","Congruent","Incongruent",43.999675,44.199676,"3#",0.741616,"Correct","Correct","Correct","Correct"
"4",23,"5_6_stimuli","6_6","Congruent","Congruent","Incongruent","Congruent",45.999663,46.199652,"6^",1.34955,"Correct","Correct","Correct","Correct"
"4",24,"7_8_stimuli","8_7","Incongruent","Congruent","Congruent","Incongruent",47.99964,48.199632,"7&",0.709599,"Correct","Correct","Correct","Correct"
"4",25,"1_2_stimuli","2_2","Congruent","Incongruent","Congruent","Congruent",49.999627,50.199626,"2@",0.693658,"Correct","Correct","Correct","Correct"
"4",26,"3_4_stimuli","4_3","Incongruent","Congruent","Incongruent","Congruent",51.999603,52.199605,"3#",0.661455,"Correct","Correct","Correct","Correct"
"4",27,"5_6_stimuli","5_6","Incongruent","Incongruent","Congruent","Incongruent",53.999596,54.199594,"6^",0.99723,"Correct","Correct","Correct","Correct"
"4",28,"7_8_stimuli","7_8","Incongruent","Incongruent","Incongruent","Congruent",55.999575,56.19958,"Omission",5000,"Omission","Correct","Correct","Correct"
"4",29,"1_2_stimuli","2_2","Congruent","Incongruent","Incongruent","Incongruent",57.999567,58.199559,"Omission",5000,"Omission","Omission","Correct","Correct"
"4",30,"3_4_stimuli","3_4","Incongruent","Congruent","Incongruent","Incongruent",59.999549,60.199551,"4$",0.725568,"Correct","Omission","Omission","Correct"
"4",31,"5_6_stimuli","5_5","Congruent","Incongruent","Congruent","Incongruent",61.999538,62.199535,"5%",0.757928,"Correct","Correct","Omission","Omission"
"4",32,"7_8_stimuli","7_7","Congruent","Congruent","Incongruent","Congruent",63.999515,64.199519,"7&",0.613356,"Correct","Correct","Correct","Omission"
"4",33,"1_2_stimuli","1_1","Congruent","Congruent","Congruent","Incongruent",65.999505,66.199499,"1!",0.533622,"Correct","Correct","Correct","Correct"
"4",34,"3_4_stimuli","3_4","Incongruent","Congruent","Congruent","Congruent",67.999489,68.199494,"4$",0.661616,"Correct","Correct","Correct","Correct"
"4",35,"5_6_stimuli","5_6","Incongruent","Incongruent","Congruent","Congruent",69.999476,70.199474,"5%",0.789269,"Error","Correct","Correct","Correct"
"4",36,"7_8_stimuli","8_8","Congruent","Incongruent","Incongruent","Congruent",71.999457,72.199462,"8*",0.533468,"Correct","Error","Correct","Correct"
"4",37,"1_2_stimuli","2_2","Congruent","Congruent","Incongruent","Incongruent",73.999447,74.199441,"2@",0.853423,"Correct","Correct","Error","Correct"
"4",38,"3_4_stimuli","4_4","Congruent","Congruent","Congruent","Incongruent",75.999429,76.199424,"4$",0.869712,"Correct","Correct","Correct","Error"
"4",39,"5_6_stimuli","6_6","Congruent","Congruent","Congruent","Congruent",77.999419,78.199415,"6^",0.869845,"Correct","Correct","Correct","Correct"
"4",40,"7_8_stimuli","8_7","Incongruent","Congruent","Congruent","Congruent",79.999408,80.199405,"7&",0.565396,"Correct","Correct","Correct","Correct"
"4",41,"1_2_stimuli","1_2","Incongruent","Incongruent","Congruent","Congruent",81.999393,82.199376,"2@",0.709756,"Correct","Correct","Correct","Correct"
"4",42,"3_4_stimuli","4_3","Incongruent","Incongruent","Incongruent","Congruent",83.999366,84.199373,"3#",1.49371,"Correct","Correct","Correct","Correct"
"4",43,"5_6_stimuli","5_5","Congruent","Incongruent","Incongruent","Incongruent",85.999359,86.199358,"5%",0.949532,"Correct","Correct","Correct","Correct"
"4",44,"7_8_stimuli","7_8","Incongruent","Congruent","Incongruent","Incongruent",87.999338,88.19934,"8*",0.629533,"Correct","Correct","Correct","Correct"
"4",45,"1_2_stimuli","1_2","Incongruent","Incongruent","Congruent","Incongruent",89.999323,90.199315,"2@",0.613933,"Correct","Correct","Correct","Correct"
"4",46,"3_4_stimuli","3_3","Congruent","Incongruent","Incongruent","Congruent",91.999304,92.199315,"3#",0.774189,"Correct","Correct","Correct","Correct"
"4",47,"5_6_stimuli","6_5","Incongruent","Congruent","Incongruent","Incongruent",93.999296,94.199299,"5%",0.69415,"Correct","Correct","Correct","Correct"
"4",48,"7_8_stimuli","7_8","Incongruent","Incongruent","Congruent","Incongruent",95.999285,96.199287,"8*",0.581859,"Correct","Correct","Correct","Correct"
"4",49,"1_2_stimuli","1_2","Incongruent","Incongruent","Incongruent","Congruent",97.999264,98.199261,"2@",0.64596,"Correct","Correct","Correct","Correct"
"4",50,"3_4_stimuli","4_4","Congruent","Incongruent","Incongruent","Incongruent",99.999245,100.199251,"4$",0.645871,"Correct","Correct","Correct","Correct"
"4",51,"5_6_stimuli","5_5","Congruent","Congruent","Incongruent","Incongruent",101.999239,102.199235,"5%",0.77394,"Correct","Correct","Correct","Correct"
"4",52,"7_8_stimuli","7_7","Congruent","Congruent","Congruent","Incongruent",103.999218,104.199222,"7&",0.757632,"Correct","Correct","Correct","Correct"
"4",53,"1_2_stimuli","1_1","Congruent","Congruent","Congruent","Congruent",105.999208,106.199203,"1!",0.565898,"Correct","Correct","Correct","Correct"
"4",54,"3_4_stimuli","3_3","Congruent","Congruent","Congruent","Congruent",107.999194,108.199188,"3#",0.806115,"Correct","Correct","Correct","Correct"
"4",55,"5_6_stimuli","5_6","Incongruent","Congruent","Congruent","Congruent",109.999171,110.199177,"6^",0.789721,"Correct","Correct","Correct","Correct"
"4",56,"7_8_stimuli","7_7","Congruent","Incongruent","Congruent","Congruent",111.999156,112.199158,"7&",0.565762,"Correct","Correct","Correct","Correct"
"4",57,"1_2_stimuli","1_2","Incongruent","Congruent","Incongruent","Congruent",113.999144,114.199144,"1!",0.437749,"Error","Correct","Correct","Correct"
"4",58,"3_4_stimuli","3_4","Incongruent","Incongruent","Congruent","Incongruent",115.999132,116.199127,"4$",0.646181,"Correct","Error","Correct","Correct"
"4",59,"5_6_stimuli","6_6","Congruent","Incongruent","Incongruent","Congruent",117.999106,118.199115,"6^",0.806051,"Correct","Correct","Error","Correct"
"4",60,"7_8_stimuli","8_8","Congruent","Congruent","Incongruent","Incongruent",119.999101,120.199091,"8*",0.454201,"Correct","Correct","Correct","Error"
"4",61,"1_2_stimuli","2_1","Incongruent","Congruent","Congruent","Incongruent",121.999087,122.199074,"1!",0.677776,"Correct","Correct","Correct","Correct"
"4",62,"3_4_stimuli","4_4","Congruent","Incongruent","Congruent","Congruent",123.999066,124.199072,"4$",0.758475,"Correct","Correct","Correct","Correct"
"4",63,"5_6_stimuli","5_6","Incongruent","Congruent","Incongruent","Congruent",125.999058,126.199055,"6^",0.662389,"Correct","Correct","Correct","Correct"
"4",64,"7_8_stimuli","7_7","Congruent","Incongruent","Congruent","Incongruent",127.999039,128.19904,"7&",0.390426,"Correct","Correct","Correct","Correct"
"4",65,"1_2_stimuli","1_1","Congruent","Congruent","Incongruent","Congruent",129.999024,130.199025,"1!",0.373891,"Correct","Correct","Correct","Correct"
"4",66,"3_4_stimuli","3_4","Incongruent","Congruent","Congruent","Incongruent",131.99901,132.199013,"4$",0.678268,"Correct","Correct","Correct","Correct"
"4",67,"5_6_stimuli","5_5","Congruent","Incongruent","Congruent","Congruent",133.998994,134.198997,"Omission",5000,"Omission","Correct","Correct","Correct"
"4",68,"7_8_stimuli","7_8","Incongruent","Congruent","Incongruent","Congruent",135.998984,136.19898,"8*",0.950102,"Correct","Omission","Correct","Correct"
"5",1,"1_2_stimuli","1_1","Congruent",NA,NA,NA,1.999979,2.199984,"1!",0.563545,"Correct",NA,NA,NA
"5",2,"3_4_stimuli","4_4","Congruent","Congruent",NA,NA,3.999968,4.199962,"4$",0.387279,"Correct","Correct",NA,NA
"5",3,"5_6_stimuli","5_5","Congruent","Congruent","Congruent",NA,5.999958,6.199956,"5%",0.819602,"Correct","Correct","Correct",NA
"5",4,"7_8_stimuli","7_7","Congruent","Congruent","Congruent","Congruent",7.99994,8.199944,"6^",0.547644,"Error","Correct","Correct","Correct"
"5",5,"1_2_stimuli","2_1","Incongruent","Congruent","Congruent","Congruent",9.999923,10.199925,"1!",0.53202,"Correct","Error","Correct","Correct"
"5",6,"3_4_stimuli","3_4","Incongruent","Incongruent","Congruent","Congruent",11.99991,12.19991,"4$",0.787648,"Correct","Correct","Error","Correct"
"5",7,"5_6_stimuli","5_5","Congruent","Incongruent","Incongruent","Congruent",13.99989,14.19989,"5%",0.707621,"Correct","Correct","Correct","Error"
"5",8,"7_8_stimuli","8_7","Incongruent","Congruent","Incongruent","Incongruent",15.999877,16.199877,"7&",0.83631,"Correct","Correct","Correct","Correct"
"5",9,"1_2_stimuli","2_1","Incongruent","Incongruent","Congruent","Incongruent",17.999872,18.199864,"1!",0.723627,"Correct","Correct","Correct","Correct"
"5",10,"3_4_stimuli","3_4","Incongruent","Incongruent","Incongruent","Congruent",19.999837,20.199837,"4$",0.707481,"Correct","Correct","Correct","Correct"
"5",11,"5_6_stimuli","6_6","Congruent","Incongruent","Incongruent","Incongruent",21.999832,22.199839,"6^",0.787976,"Correct","Correct","Correct","Correct"
"5",12,"7_8_stimuli","8_8","Congruent","Congruent","Incongruent","Incongruent",23.999825,24.199822,"8*",0.53149,"Correct","Correct","Correct","Correct"
"5",13,"1_2_stimuli","2_1","Incongruent","Congruent","Congruent","Incongruent",25.999809,26.199809,"1!",0.531719,"Correct","Correct","Correct","Correct"
"5",14,"3_4_stimuli","4_4","Congruent","Incongruent","Congruent","Congruent",27.999796,28.199783,"4$",0.579881,"Correct","Correct","Correct","Correct"
"5",15,"5_6_stimuli","5_5","Congruent","Congruent","Incongruent","Congruent",29.999783,30.19978,"5%",0.611749,"Correct","Correct","Correct","Correct"
"5",16,"7_8_stimuli","7_7","Congruent","Congruent","Congruent","Incongruent",31.999759,32.199761,"7&",0.675551,"Correct","Correct","Correct","Correct"
"5",17,"1_2_stimuli","2_2","Congruent","Congruent","Congruent","Congruent",33.999746,34.199742,"2@",0.723518,"Correct","Correct","Correct","Correct"
"5",18,"3_4_stimuli","4_3","Incongruent","Congruent","Congruent","Congruent",35.99972,36.199729,"3#",0.804088,"Correct","Correct","Correct","Correct"
"5",19,"5_6_stimuli","5_6","Incongruent","Incongruent","Congruent","Congruent",37.999717,38.199707,"6^",0.851595,"Correct","Correct","Correct","Correct"
"5",20,"7_8_stimuli","8_8","Congruent","Incongruent","Incongruent","Congruent",39.999703,40.199707,"8*",0.563678,"Correct","Correct","Correct","Correct"
"5",21,"1_2_stimuli","2_2","Congruent","Congruent","Incongruent","Incongruent",41.999676,42.199684,"2@",0.51589,"Correct","Correct","Correct","Correct"
"5",22,"3_4_stimuli","3_4","Incongruent","Congruent","Congruent","Incongruent",43.999671,44.199666,"4$",0.660245,"Correct","Correct","Correct","Correct"
"5",23,"5_6_stimuli","6_6","Congruent","Incongruent","Congruent","Congruent",45.999653,46.199662,"6^",0.564067,"Correct","Correct","Correct","Correct"
"5",24,"7_8_stimuli","8_7","Incongruent","Congruent","Incongruent","Congruent",47.999633,48.199639,"7&",0.403726,"Correct","Correct","Correct","Correct"
"5",25,"1_2_stimuli","2_2","Congruent","Incongruent","Congruent","Incongruent",49.999634,50.199622,"2@",0.612251,"Correct","Correct","Correct","Correct"
"5",26,"3_4_stimuli","4_3","Incongruent","Congruent","Incongruent","Congruent",51.999606,52.199618,"3#",0.340081,"Correct","Correct","Correct","Correct"
"5",27,"5_6_stimuli","6_5","Incongruent","Incongruent","Congruent","Incongruent",53.999602,54.199594,"5%",0.675708,"Correct","Correct","Correct","Correct"
"5",28,"7_8_stimuli","7_8","Incongruent","Incongruent","Incongruent","Congruent",55.999588,56.199581,"7&",0.500253,"Error","Correct","Correct","Correct"
"5",29,"1_2_stimuli","1_1","Congruent","Incongruent","Incongruent","Incongruent",57.999567,58.199561,"1!",0.660119,"Correct","Error","Correct","Correct"
"5",30,"3_4_stimuli","4_3","Incongruent","Congruent","Incongruent","Incongruent",59.99956,60.199555,"3#",0.56415,"Correct","Correct","Error","Correct"
"5",31,"5_6_stimuli","5_5","Congruent","Incongruent","Congruent","Incongruent",61.999542,62.199528,"5%",0.564025,"Correct","Correct","Correct","Error"
"5",32,"7_8_stimuli","7_7","Congruent","Congruent","Incongruent","Congruent",63.999531,64.199515,"7&",0.595785,"Correct","Correct","Correct","Correct"
"5",33,"1_2_stimuli","1_1","Congruent","Congruent","Congruent","Incongruent",65.999505,66.199504,"1!",0.420145,"Correct","Correct","Correct","Correct"
"5",34,"3_4_stimuli","4_4","Congruent","Congruent","Congruent","Congruent",67.999496,68.199487,"8*",0.388073,"Error","Correct","Correct","Correct"
"5",35,"5_6_stimuli","5_6","Incongruent","Congruent","Congruent","Congruent",69.999473,70.19948,"6^",0.787892,"Correct","Error","Correct","Correct"
"5",36,"7_8_stimuli","8_8","Congruent","Incongruent","Congruent","Congruent",71.999467,72.199456,"8*",0.611865,"Correct","Correct","Error","Correct"
"5",37,"1_2_stimuli","1_1","Congruent","Congruent","Incongruent","Congruent",73.999447,74.199449,"1!",0.515857,"Correct","Correct","Correct","Error"
"5",38,"3_4_stimuli","3_3","Congruent","Congruent","Congruent","Incongruent",75.999431,76.199434,"2@",0.61246,"Error","Correct","Correct","Correct"
"5",39,"5_6_stimuli","6_6","Congruent","Congruent","Congruent","Congruent",77.999417,78.199421,"6^",0.756369,"Correct","Error","Correct","Correct"
"5",40,"7_8_stimuli","7_8","Incongruent","Congruent","Congruent","Congruent",79.999409,80.199398,"8*",0.612327,"Correct","Correct","Error","Correct"
"5",41,"1_2_stimuli","2_2","Congruent","Incongruent","Congruent","Congruent",81.999388,82.199385,"2@",0.643933,"Correct","Correct","Correct","Error"
"5",42,"3_4_stimuli","4_4","Congruent","Congruent","Incongruent","Congruent",83.99937,84.199374,"4$",0.723938,"Correct","Correct","Correct","Correct"
"5",43,"5_6_stimuli","6_5","Incongruent","Congruent","Congruent","Incongruent",85.99935,86.199355,"5%",0.755936,"Correct","Correct","Correct","Correct"
"5",44,"7_8_stimuli","8_7","Incongruent","Incongruent","Congruent","Congruent",87.999346,88.19934,"7&",0.851982,"Correct","Correct","Correct","Correct"
"5",45,"1_2_stimuli","1_2","Incongruent","Incongruent","Incongruent","Congruent",89.999325,90.199329,"2@",0.548439,"Correct","Correct","Correct","Correct"
"5",46,"3_4_stimuli","4_3","Incongruent","Incongruent","Incongruent","Incongruent",91.999317,92.19931,"3#",0.64445,"Correct","Correct","Correct","Correct"
"5",47,"5_6_stimuli","5_6","Incongruent","Incongruent","Incongruent","Incongruent",93.999296,94.199294,"6^",0.980066,"Correct","Correct","Correct","Correct"
"5",48,"7_8_stimuli","7_7","Congruent","Incongruent","Incongruent","Incongruent",95.999277,96.199279,"7&",0.740088,"Correct","Correct","Correct","Correct"
"5",49,"1_2_stimuli","1_2","Incongruent","Congruent","Incongruent","Incongruent",97.999283,98.199263,"2@",0.804432,"Correct","Correct","Correct","Correct"
"5",50,"3_4_stimuli","3_4","Incongruent","Incongruent","Congruent","Incongruent",99.999259,100.199248,"4$",0.8524,"Correct","Correct","Correct","Correct"
"5",51,"5_6_stimuli","6_5","Incongruent","Incongruent","Incongruent","Congruent",101.999238,102.19924,"6^",0.516506,"Error","Correct","Correct","Correct"
"5",52,"7_8_stimuli","7_8","Incongruent","Incongruent","Incongruent","Incongruent",103.99923,104.199218,"8*",0.564049,"Correct","Error","Correct","Correct"
"5",53,"1_2_stimuli","1_2","Incongruent","Incongruent","Incongruent","Incongruent",105.999211,106.19921,"2@",0.580544,"Correct","Correct","Error","Correct"
"5",54,"3_4_stimuli","3_3","Congruent","Incongruent","Incongruent","Incongruent",107.99919,108.199192,"3#",0.548721,"Correct","Correct","Correct","Error"
"5",55,"5_6_stimuli","6_6","Congruent","Congruent","Incongruent","Incongruent",109.999178,110.199172,"6^",0.692626,"Correct","Correct","Correct","Correct"
"5",56,"7_8_stimuli","7_8","Incongruent","Congruent","Congruent","Incongruent",111.999169,112.199159,"8*",0.676445,"Correct","Correct","Correct","Correct"
"5",57,"1_2_stimuli","1_2","Incongruent","Incongruent","Congruent","Congruent",113.999151,114.199159,"2@",0.628331,"Correct","Correct","Correct","Correct"
"5",58,"3_4_stimuli","4_4","Congruent","Incongruent","Incongruent","Congruent",115.999137,116.199131,"4$",0.676417,"Correct","Correct","Correct","Correct"
"5",59,"5_6_stimuli","6_5","Incongruent","Congruent","Incongruent","Incongruent",117.999118,118.199113,"Omission",5000,"Omission","Correct","Correct","Correct"
"5",60,"7_8_stimuli","8_8","Congruent","Incongruent","Congruent","Incongruent",119.999104,120.199106,"8*",0.884224,"Correct","Omission","Correct","Correct"
"5",61,"1_2_stimuli","2_1","Incongruent","Congruent","Incongruent","Congruent",121.999094,122.199087,"1!",0.900257,"Correct","Correct","Omission","Correct"
"5",62,"3_4_stimuli","3_3","Congruent","Incongruent","Congruent","Incongruent",123.999071,124.199072,"Omission",5000,"Omission","Correct","Correct","Omission"
"5",63,"5_6_stimuli","5_6","Incongruent","Congruent","Incongruent","Congruent",125.99906,126.199054,"6^",0.788641,"Correct","Omission","Correct","Correct"
"5",64,"7_8_stimuli","8_7","Incongruent","Incongruent","Congruent","Incongruent",127.999048,128.199039,"7&",0.708757,"Correct","Correct","Omission","Correct"
"5",65,"1_2_stimuli","1_1","Congruent","Incongruent","Incongruent","Congruent",129.999032,130.199033,"1!",0.612669,"Correct","Correct","Correct","Omission"
"5",66,"3_4_stimuli","3_3","Congruent","Congruent","Incongruent","Incongruent",131.999016,132.199006,"4$",0.532376,"Error","Correct","Correct","Correct"
"5",67,"5_6_stimuli","5_5","Congruent","Congruent","Congruent","Incongruent",133.999002,134.198995,"5%",0.852574,"Correct","Error","Correct","Correct"
"5",68,"7_8_stimuli","7_7","Congruent","Congruent","Congruent","Congruent",135.998992,136.198985,"7&",0.773023,"Correct","Correct","Error","Correct"
"6",1,"1_2_stimuli","2_1","Incongruent",NA,NA,NA,1.999987,2.199982,"1!",0.725218,"Correct",NA,NA,NA
"6",2,"3_4_stimuli","4_4","Congruent","Incongruent",NA,NA,3.999968,4.199967,"4$",0.693612,"Correct","Correct",NA,NA
"6",3,"5_6_stimuli","5_6","Incongruent","Congruent","Incongruent",NA,5.999955,6.199948,"6^",0.885221,"Correct","Correct","Correct",NA
"6",4,"7_8_stimuli","7_7","Congruent","Incongruent","Congruent","Incongruent",7.999944,8.199936,"7&",0.597526,"Correct","Correct","Correct","Correct"
"6",5,"1_2_stimuli","2_1","Incongruent","Congruent","Incongruent","Congruent",9.999921,10.199924,"1!",0.501495,"Correct","Correct","Correct","Correct"
"6",6,"3_4_stimuli","3_4","Incongruent","Incongruent","Congruent","Incongruent",11.999913,12.199909,"4$",0.533774,"Correct","Correct","Correct","Correct"
"6",7,"5_6_stimuli","5_5","Congruent","Incongruent","Incongruent","Congruent",13.999887,14.199886,"5%",0.43765,"Correct","Correct","Correct","Correct"
"6",8,"7_8_stimuli","7_7","Congruent","Congruent","Incongruent","Incongruent",15.999871,16.19988,"7&",0.421641,"Correct","Correct","Correct","Correct"
"6",9,"1_2_stimuli","1_1","Congruent","Congruent","Congruent","Incongruent",17.999858,18.199861,"2@",0.405372,"Error","Correct","Correct","Correct"
"6",10,"3_4_stimuli","4_4","Congruent","Congruent","Congruent","Congruent",19.999849,20.19985,"4$",0.597745,"Correct","Error","Correct","Correct"
"6",11,"5_6_stimuli","5_6","Incongruent","Congruent","Congruent","Congruent",21.999836,22.199837,"6^",0.853655,"Correct","Correct","Error","Correct"
"6",12,"7_8_stimuli","8_7","Incongruent","Incongruent","Congruent","Congruent",23.999813,24.199823,"7&",0.629668,"Correct","Correct","Correct","Error"
"6",13,"1_2_stimuli","2_2","Congruent","Incongruent","Incongruent","Congruent",25.999811,26.199812,"1!",0.517965,"Error","Correct","Correct","Correct"
"6",14,"3_4_stimuli","3_4","Incongruent","Congruent","Incongruent","Incongruent",27.999789,28.19979,"4$",0.613543,"Correct","Error","Correct","Correct"
"6",15,"5_6_stimuli","6_6","Congruent","Incongruent","Congruent","Incongruent",29.999773,30.19978,"6^",0.789745,"Correct","Correct","Error","Correct"
"6",16,"7_8_stimuli","8_7","Incongruent","Congruent","Incongruent","Congruent",31.999764,32.199764,"7&",0.581495,"Correct","Correct","Correct","Error"
"6",17,"1_2_stimuli","2_1","Incongruent","Incongruent","Congruent","Incongruent",33.999744,34.199744,"1!",0.6299,"Correct","Correct","Correct","Correct"
"6",18,"3_4_stimuli","3_4","Incongruent","Incongruent","Incongruent","Congruent",35.999731,36.199729,"4$",0.661715,"Correct","Correct","Correct","Correct"
"6",19,"5_6_stimuli","6_5","Incongruent","Incongruent","Incongruent","Incongruent",37.999718,38.199715,"5%",0.70984,"Correct","Correct","Correct","Correct"
"6",20,"7_8_stimuli","7_7","Congruent","Incongruent","Incongruent","Incongruent",39.999707,40.19969,"7&",0.485543,"Correct","Correct","Correct","Correct"
"6",21,"1_2_stimuli","2_1","Incongruent","Congruent","Incongruent","Incongruent",41.999693,42.199686,"1!",0.453587,"Correct","Correct","Correct","Correct"
"6",22,"3_4_stimuli","4_4","Congruent","Incongruent","Congruent","Incongruent",43.999669,44.19967,"4$",0.66158,"Correct","Correct","Correct","Correct"
"6",23,"5_6_stimuli","5_5","Congruent","Congruent","Incongruent","Congruent",45.999659,46.199662,"5%",0.693558,"Correct","Correct","Correct","Correct"
"6",24,"7_8_stimuli","7_8","Incongruent","Congruent","Congruent","Incongruent",47.999642,48.199643,"8*",0.741605,"Correct","Correct","Correct","Correct"
"6",25,"1_2_stimuli","1_1","Congruent","Incongruent","Congruent","Congruent",49.999628,50.19963,"1!",0.453994,"Correct","Correct","Correct","Correct"
"6",26,"3_4_stimuli","4_4","Congruent","Congruent","Incongruent","Congruent",51.999608,52.199613,"4$",0.501682,"Correct","Correct","Correct","Correct"
"6",27,"5_6_stimuli","5_5","Congruent","Congruent","Congruent","Incongruent",53.9996,54.199598,"6^",0.469654,"Error","Correct","Correct","Correct"
"6",28,"7_8_stimuli","7_7","Congruent","Congruent","Congruent","Congruent",55.999584,56.199581,"8*",0.517638,"Error","Error","Correct","Correct"
"6",29,"1_2_stimuli","1_2","Incongruent","Congruent","Congruent","Congruent",57.999576,58.199565,"2@",0.709936,"Correct","Error","Error","Correct"
"6",30,"3_4_stimuli","3_3","Congruent","Incongruent","Congruent","Congruent",59.999546,60.199549,"3#",0.693696,"Correct","Correct","Error","Error"
"6",31,"5_6_stimuli","6_5","Incongruent","Congruent","Incongruent","Congruent",61.999539,62.199529,"5%",0.693704,"Correct","Correct","Correct","Error"
"6",32,"7_8_stimuli","8_8","Congruent","Incongruent","Congruent","Incongruent",63.999522,64.199524,"8*",0.502108,"Correct","Correct","Correct","Correct"
"6",33,"1_2_stimuli","2_2","Congruent","Congruent","Incongruent","Congruent",65.999504,66.19951,"2@",0.677787,"Correct","Correct","Correct","Correct"
"6",34,"3_4_stimuli","4_3","Incongruent","Congruent","Congruent","Incongruent",67.999486,68.199497,"3#",0.645737,"Correct","Correct","Correct","Correct"
"6",35,"5_6_stimuli","6_6","Congruent","Incongruent","Congruent","Congruent",69.999482,70.199487,"6^",0.678175,"Correct","Correct","Correct","Correct"
"6",36,"7_8_stimuli","8_8","Congruent","Congruent","Incongruent","Congruent",71.999463,72.199462,"8*",0.566134,"Correct","Correct","Correct","Correct"
"6",37,"1_2_stimuli","1_2","Incongruent","Congruent","Congruent","Incongruent",73.999452,74.199452,"2@",0.549819,"Correct","Correct","Correct","Correct"
"6",38,"3_4_stimuli","4_3","Incongruent","Incongruent","Congruent","Congruent",75.999433,76.199424,"3#",0.454311,"Correct","Correct","Correct","Correct"
"6",39,"5_6_stimuli","6_5","Incongruent","Incongruent","Incongruent","Congruent",77.999418,78.199417,"5%",0.565871,"Correct","Correct","Correct","Correct"
"6",40,"7_8_stimuli","7_8","Incongruent","Incongruent","Incongruent","Incongruent",79.999407,80.199403,"7&",0.422491,"Error","Correct","Correct","Correct"
"6",41,"1_2_stimuli","1_2","Incongruent","Incongruent","Incongruent","Incongruent",81.999393,82.19939,"3#",0.534144,"Error","Error","Correct","Correct"
"6",42,"3_4_stimuli","3_4","Incongruent","Incongruent","Incongruent","Incongruent",83.999367,84.199371,"3#",0.710036,"Error","Error","Error","Correct"
"6",43,"5_6_stimuli","6_6","Congruent","Incongruent","Incongruent","Incongruent",85.99936,86.199365,"6^",0.822388,"Correct","Error","Error","Error"
"6",44,"7_8_stimuli","7_8","Incongruent","Congruent","Incongruent","Incongruent",87.999338,88.199334,"8*",0.550108,"Correct","Correct","Error","Error"
"6",45,"1_2_stimuli","1_1","Congruent","Incongruent","Congruent","Incongruent",89.999334,90.199333,"1!",0.5023,"Correct","Correct","Correct","Error"
"6",46,"3_4_stimuli","4_3","Incongruent","Congruent","Incongruent","Congruent",91.999322,92.199317,"3#",0.661961,"Correct","Correct","Correct","Correct"
"6",47,"5_6_stimuli","5_6","Incongruent","Incongruent","Congruent","Incongruent",93.999301,94.199294,"6^",0.694328,"Correct","Correct","Correct","Correct"
"6",48,"7_8_stimuli","8_8","Congruent","Incongruent","Incongruent","Congruent",95.999279,96.199278,"8*",0.470207,"Correct","Correct","Correct","Correct"
"6",49,"1_2_stimuli","2_2","Congruent","Congruent","Incongruent","Incongruent",97.999275,98.199278,"2@",0.51831,"Correct","Correct","Correct","Correct"
"6",50,"3_4_stimuli","3_3","Congruent","Congruent","Congruent","Incongruent",99.999251,100.199257,"3#",0.486262,"Correct","Correct","Correct","Correct"
"6",51,"5_6_stimuli","6_6","Congruent","Congruent","Congruent","Congruent",101.999242,102.19924,"6^",0.550019,"Correct","Correct","Correct","Correct"
"6",52,"7_8_stimuli","8_7","Incongruent","Congruent","Congruent","Congruent",103.999229,104.199225,"7&",0.422037,"Correct","Correct","Correct","Correct"
"6",53,"1_2_stimuli","1_2","Incongruent","Incongruent","Congruent","Congruent",105.999207,106.199206,"1!",0.45468,"Error","Correct","Correct","Correct"
"6",54,"3_4_stimuli","4_4","Congruent","Incongruent","Incongruent","Congruent",107.999192,108.199194,"4$",0.598459,"Correct","Error","Correct","Correct"
"6",55,"5_6_stimuli","6_5","Incongruent","Congruent","Incongruent","Incongruent",109.999183,110.199178,"6^",0.550497,"Error","Correct","Error","Correct"
"6",56,"7_8_stimuli","8_7","Incongruent","Incongruent","Congruent","Incongruent",111.999163,112.199162,"6^",0.614708,"Error","Error","Correct","Error"
"6",57,"1_2_stimuli","2_1","Incongruent","Incongruent","Incongruent","Congruent",113.999162,114.19915,"1!",0.71047,"Correct","Error","Error","Correct"
"6",58,"3_4_stimuli","3_3","Congruent","Incongruent","Incongruent","Incongruent",115.999135,116.199128,"3#",0.646132,"Correct","Correct","Error","Error"
"6",59,"5_6_stimuli","5_5","Congruent","Congruent","Incongruent","Incongruent",117.999114,118.199121,"5%",0.502525,"Correct","Correct","Correct","Error"
"6",60,"7_8_stimuli","8_8","Congruent","Congruent","Congruent","Incongruent",119.999106,120.199106,"8*",0.550663,"Correct","Correct","Correct","Correct"
"6",61,"1_2_stimuli","2_2","Congruent","Congruent","Congruent","Congruent",121.999098,122.199095,"2@",0.694187,"Correct","Correct","Correct","Correct"
"6",62,"3_4_stimuli","4_3","Incongruent","Congruent","Congruent","Congruent",123.999083,124.19908,"3#",0.742569,"Correct","Correct","Correct","Correct"
"6",63,"5_6_stimuli","5_6","Incongruent","Incongruent","Congruent","Congruent",125.999063,126.199054,"5%",0.646443,"Error","Correct","Correct","Correct"
"6",64,"7_8_stimuli","7_8","Incongruent","Incongruent","Incongruent","Congruent",127.999047,128.199044,"8*",0.726528,"Correct","Error","Correct","Correct"
"6",65,"1_2_stimuli","1_1","Congruent","Incongruent","Incongruent","Incongruent",129.999036,130.19903,"1!",0.55061,"Correct","Correct","Error","Correct"
"6",66,"3_4_stimuli","3_3","Congruent","Congruent","Incongruent","Incongruent",131.999022,132.199021,"3#",0.710526,"Correct","Correct","Correct","Error"
"6",67,"5_6_stimuli","5_6","Incongruent","Congruent","Congruent","Incongruent",133.999006,134.198996,"6^",1.014294,"Correct","Correct","Correct","Correct"
"6",68,"7_8_stimuli","7_7","Congruent","Incongruent","Congruent","Congruent",135.998998,136.198977,"7&",0.61454,"Correct","Correct","Correct","Correct"
"7",1,"1_2_stimuli","2_1","Incongruent",NA,NA,NA,1.999973,2.199977,"1!",0.473665,"Correct",NA,NA,NA
"7",2,"3_4_stimuli","4_3","Incongruent","Incongruent",NA,NA,3.999964,4.199957,"3#",0.60151,"Correct","Correct",NA,NA
"7",3,"5_6_stimuli","6_6","Congruent","Incongruent","Incongruent",NA,5.999944,6.199952,"6^",0.665539,"Correct","Correct","Correct",NA
"7",4,"7_8_stimuli","8_7","Incongruent","Congruent","Incongruent","Incongruent",7.999937,8.199929,"7&",0.457355,"Correct","Correct","Correct","Correct"
"7",5,"1_2_stimuli","1_2","Incongruent","Incongruent","Congruent","Incongruent",9.999923,10.199919,"2@",0.665654,"Correct","Correct","Correct","Correct"
"7",6,"3_4_stimuli","3_4","Incongruent","Incongruent","Incongruent","Congruent",11.999905,12.199897,"4$",0.633323,"Correct","Correct","Correct","Correct"
"7",7,"5_6_stimuli","6_6","Congruent","Incongruent","Incongruent","Incongruent",13.999892,14.199886,"6^",0.84165,"Correct","Correct","Correct","Correct"
"7",8,"7_8_stimuli","8_8","Congruent","Congruent","Incongruent","Incongruent",15.99987,16.19987,"8*",0.60136,"Correct","Correct","Correct","Correct"
"7",9,"1_2_stimuli","1_2","Incongruent","Congruent","Congruent","Incongruent",17.999857,18.199853,"2@",0.553985,"Correct","Correct","Correct","Correct"
"7",10,"3_4_stimuli","3_3","Congruent","Incongruent","Congruent","Congruent",19.999851,20.199839,"3#",0.409386,"Correct","Correct","Correct","Correct"
"7",11,"5_6_stimuli","6_5","Incongruent","Congruent","Incongruent","Congruent",21.999825,22.199835,"5%",0.617777,"Correct","Correct","Correct","Correct"
"7",12,"7_8_stimuli","7_7","Congruent","Incongruent","Congruent","Incongruent",23.999813,24.199813,"7&",0.633951,"Correct","Correct","Correct","Correct"
"7",13,"1_2_stimuli","2_1","Incongruent","Congruent","Incongruent","Congruent",25.999799,26.199795,"2@",0.441695,"Error","Correct","Correct","Correct"
"7",14,"3_4_stimuli","4_4","Congruent","Incongruent","Congruent","Incongruent",27.999783,28.199781,"4$",0.553464,"Correct","Error","Correct","Correct"
"7",15,"5_6_stimuli","5_5","Congruent","Congruent","Incongruent","Congruent",29.999763,30.199774,"7&",0.569898,"Error","Correct","Error","Correct"
"7",16,"7_8_stimuli","8_7","Incongruent","Congruent","Congruent","Incongruent",31.99976,32.199758,"7&",0.713894,"Correct","Error","Correct","Error"
"7",17,"1_2_stimuli","1_2","Incongruent","Incongruent","Congruent","Congruent",33.999744,34.199749,"2@",0.649743,"Correct","Correct","Error","Correct"
"7",18,"3_4_stimuli","4_4","Congruent","Incongruent","Incongruent","Congruent",35.999722,36.199725,"4$",0.553798,"Correct","Correct","Correct","Error"
"7",19,"5_6_stimuli","6_6","Congruent","Congruent","Incongruent","Incongruent",37.999712,38.1997,"5%",0.681589,"Error","Correct","Correct","Correct"
"7",20,"7_8_stimuli","7_7","Congruent","Congruent","Congruent","Incongruent",39.999699,40.199693,"7&",0.777586,"Correct","Error","Correct","Correct"
"7",21,"1_2_stimuli","1_2","Incongruent","Congruent","Congruent","Congruent",41.999679,42.199683,"2@",0.71417,"Correct","Correct","Error","Correct"
"7",22,"3_4_stimuli","4_3","Incongruent","Incongruent","Congruent","Congruent",43.999663,44.19968,"4$",0.585807,"Error","Correct","Correct","Error"
"7",23,"5_6_stimuli","5_6","Incongruent","Incongruent","Incongruent","Congruent",45.999649,46.199648,"6^",0.953828,"Correct","Error","Correct","Correct"
"7",24,"7_8_stimuli","7_8","Incongruent","Incongruent","Incongruent","Incongruent",47.999635,48.19964,"8*",0.88962,"Correct","Correct","Error","Correct"
"7",25,"1_2_stimuli","2_1","Incongruent","Incongruent","Incongruent","Incongruent",49.999621,50.199616,"1!",0.841644,"Correct","Correct","Correct","Error"
"7",26,"3_4_stimuli","3_3","Congruent","Incongruent","Incongruent","Incongruent",51.999615,52.199603,"3#",0.746028,"Correct","Correct","Correct","Correct"
"7",27,"5_6_stimuli","5_6","Incongruent","Congruent","Incongruent","Incongruent",53.99959,54.19959,"6^",0.682028,"Correct","Correct","Correct","Correct"
"7",28,"7_8_stimuli","8_7","Incongruent","Incongruent","Congruent","Incongruent",55.999574,56.199578,"7&",0.649804,"Correct","Correct","Correct","Correct"
"7",29,"1_2_stimuli","2_2","Congruent","Incongruent","Incongruent","Congruent",57.999559,58.199559,"2@",0.586069,"Correct","Correct","Correct","Correct"
"7",30,"3_4_stimuli","3_4","Incongruent","Congruent","Incongruent","Incongruent",59.999546,60.199554,"4$",0.81063,"Correct","Correct","Correct","Correct"
"7",31,"5_6_stimuli","6_5","Incongruent","Incongruent","Congruent","Incongruent",61.999534,62.199537,"5%",0.714131,"Correct","Correct","Correct","Correct"
"7",32,"7_8_stimuli","7_8","Incongruent","Incongruent","Incongruent","Congruent",63.999518,64.199522,"8*",0.553806,"Correct","Correct","Correct","Correct"
"7",33,"1_2_stimuli","1_1","Congruent","Incongruent","Incongruent","Incongruent",65.999501,66.1995,"1!",0.49011,"Correct","Correct","Correct","Correct"
"7",34,"3_4_stimuli","3_3","Congruent","Congruent","Incongruent","Incongruent",67.999487,68.199488,"3#",0.60218,"Correct","Correct","Correct","Correct"
"7",35,"5_6_stimuli","5_5","Congruent","Congruent","Congruent","Incongruent",69.999475,70.199469,"5%",0.649807,"Correct","Correct","Correct","Correct"
"7",36,"7_8_stimuli","8_8","Congruent","Congruent","Congruent","Congruent",71.999466,72.199451,"8*",0.634447,"Correct","Correct","Correct","Correct"
"7",37,"1_2_stimuli","1_1","Congruent","Congruent","Congruent","Congruent",73.999445,74.19944,"1!",0.521852,"Correct","Correct","Correct","Correct"
"7",38,"3_4_stimuli","3_3","Congruent","Congruent","Congruent","Congruent",75.999424,76.199423,"3#",0.53784,"Correct","Correct","Correct","Correct"
"7",39,"5_6_stimuli","6_6","Congruent","Congruent","Congruent","Congruent",77.999416,78.199415,"6^",0.889875,"Correct","Correct","Correct","Correct"
"7",40,"7_8_stimuli","8_7","Incongruent","Congruent","Congruent","Congruent",79.999403,80.199397,"7&",1.242136,"Correct","Correct","Correct","Correct"
"7",41,"1_2_stimuli","1_1","Congruent","Incongruent","Congruent","Congruent",81.999379,82.199385,"1!",0.553883,"Correct","Correct","Correct","Correct"
"7",42,"3_4_stimuli","4_3","Incongruent","Congruent","Incongruent","Congruent",83.999374,84.19936,"3#",1.337893,"Correct","Correct","Correct","Correct"
"7",43,"5_6_stimuli","5_5","Congruent","Incongruent","Congruent","Incongruent",85.999357,86.199354,"5%",1.002295,"Correct","Correct","Correct","Correct"
"7",44,"7_8_stimuli","7_7","Congruent","Congruent","Incongruent","Congruent",87.999337,88.199336,"7&",1.30631,"Correct","Correct","Correct","Correct"
"7",45,"1_2_stimuli","2_2","Congruent","Congruent","Congruent","Incongruent",89.999322,90.199323,"2@",0.570333,"Correct","Correct","Correct","Correct"
"7",46,"3_4_stimuli","3_4","Incongruent","Congruent","Congruent","Congruent",91.999307,92.199312,"4$",0.697971,"Correct","Correct","Correct","Correct"
"7",47,"5_6_stimuli","5_6","Incongruent","Incongruent","Congruent","Congruent",93.999295,94.199293,"6^",0.874545,"Correct","Correct","Correct","Correct"
"7",48,"7_8_stimuli","8_8","Congruent","Incongruent","Incongruent","Congruent",95.999282,96.199289,"8*",0.490429,"Correct","Correct","Correct","Correct"
"7",49,"1_2_stimuli","2_1","Incongruent","Congruent","Incongruent","Incongruent",97.999261,98.19926,"1!",0.538514,"Correct","Correct","Correct","Correct"
"7",50,"3_4_stimuli","4_3","Incongruent","Incongruent","Congruent","Incongruent",99.999253,100.199249,"3#",0.762441,"Correct","Correct","Correct","Correct"
"7",51,"5_6_stimuli","6_6","Congruent","Incongruent","Incongruent","Congruent",101.999246,102.199236,"6^",0.922358,"Correct","Correct","Correct","Correct"
"7",52,"7_8_stimuli","8_7","Incongruent","Congruent","Incongruent","Incongruent",103.999222,104.199219,"7&",0.650482,"Correct","Correct","Correct","Correct"
"7",53,"1_2_stimuli","1_1","Congruent","Incongruent","Congruent","Incongruent",105.999197,106.199204,"1!",0.570608,"Correct","Correct","Correct","Correct"
"7",54,"3_4_stimuli","4_4","Congruent","Congruent","Incongruent","Congruent",107.999187,108.199193,"4$",0.570508,"Correct","Correct","Correct","Correct"
"7",55,"5_6_stimuli","5_6","Incongruent","Congruent","Congruent","Incongruent",109.999179,110.199179,"6^",0.538495,"Correct","Correct","Correct","Correct"
"7",56,"7_8_stimuli","7_8","Incongruent","Incongruent","Congruent","Congruent",111.999163,112.199162,"8*",0.538525,"Correct","Correct","Correct","Correct"
"7",57,"1_2_stimuli","2_1","Incongruent","Incongruent","Incongruent","Congruent",113.999146,114.199148,"1!",0.586461,"Correct","Correct","Correct","Correct"
"7",58,"3_4_stimuli","3_4","Incongruent","Incongruent","Incongruent","Incongruent",115.999127,116.199132,"4$",0.570444,"Correct","Correct","Correct","Correct"
"7",59,"5_6_stimuli","6_5","Incongruent","Incongruent","Incongruent","Incongruent",117.99912,118.199123,"5%",0.602209,"Correct","Correct","Correct","Correct"
"7",60,"7_8_stimuli","7_7","Congruent","Incongruent","Incongruent","Incongruent",119.999104,120.199103,"7&",0.571272,"Correct","Correct","Correct","Correct"
"7",61,"1_2_stimuli","2_2","Congruent","Congruent","Incongruent","Incongruent",121.999083,122.19909,"2@",0.554569,"Correct","Correct","Correct","Correct"
"7",62,"3_4_stimuli","4_4","Congruent","Congruent","Congruent","Incongruent",123.999074,124.199071,"4$",0.474502,"Correct","Correct","Correct","Correct"
"7",63,"5_6_stimuli","6_5","Incongruent","Congruent","Congruent","Congruent",125.999058,126.199059,"5%",0.682578,"Correct","Correct","Correct","Correct"
"7",64,"7_8_stimuli","8_8","Congruent","Incongruent","Congruent","Congruent",127.999035,128.199047,"8*",0.410297,"Correct","Correct","Correct","Correct"
"7",65,"1_2_stimuli","2_2","Congruent","Congruent","Incongruent","Congruent",129.999029,130.199029,"1!",0.538487,"Error","Correct","Correct","Correct"
"7",66,"3_4_stimuli","4_3","Incongruent","Congruent","Congruent","Incongruent",131.999011,132.199019,"3#",0.618292,"Correct","Error","Correct","Correct"
"7",67,"5_6_stimuli","5_5","Congruent","Incongruent","Congruent","Congruent",133.999003,134.198997,"5%",0.618614,"Correct","Correct","Error","Correct"
"7",68,"7_8_stimuli","7_8","Incongruent","Congruent","Incongruent","Congruent",135.998986,136.198982,"8*",0.458683,"Correct","Correct","Correct","Error"
"8",1,"1_2_stimuli","1_1","Congruent",NA,NA,NA,1.99999,2.199982,"1!",0.526695,"Correct",NA,NA,NA
"8",2,"3_4_stimuli","4_3","Incongruent","Congruent",NA,NA,3.999982,4.199973,"3#",0.59042,"Correct","Correct",NA,NA
"8",3,"5_6_stimuli","5_6","Incongruent","Incongruent","Congruent",NA,5.999964,6.199946,"6^",0.702729,"Correct","Correct","Correct",NA
"8",4,"7_8_stimuli","7_7","Congruent","Incongruent","Incongruent","Congruent",7.999948,8.199936,"7&",0.51048,"Correct","Correct","Correct","Correct"
"8",5,"1_2_stimuli","1_1","Congruent","Congruent","Incongruent","Incongruent",9.99993,10.199918,"1!",0.350563,"Correct","Correct","Correct","Correct"
"8",6,"3_4_stimuli","3_4","Incongruent","Congruent","Congruent","Incongruent",11.999911,12.199916,"3#",0.590793,"Error","Correct","Correct","Correct"
"8",7,"5_6_stimuli","6_6","Congruent","Incongruent","Congruent","Congruent",13.999888,14.199888,"6^",0.798556,"Correct","Error","Correct","Correct"
"8",8,"7_8_stimuli","7_8","Incongruent","Congruent","Incongruent","Congruent",15.999881,16.199876,"8*",0.639195,"Correct","Correct","Error","Correct"
"8",9,"1_2_stimuli","2_2","Congruent","Incongruent","Congruent","Incongruent",17.999867,18.199872,"2@",0.622575,"Correct","Correct","Correct","Error"
"8",10,"3_4_stimuli","4_4","Congruent","Congruent","Incongruent","Congruent",19.999862,20.199861,"4$",0.558522,"Correct","Correct","Correct","Correct"
"8",11,"5_6_stimuli","6_6","Congruent","Congruent","Congruent","Incongruent",21.999836,22.19984,"6^",0.846863,"Correct","Correct","Correct","Correct"
"8",12,"7_8_stimuli","7_7","Congruent","Congruent","Congruent","Congruent",23.999817,24.199829,"7&",0.542959,"Correct","Correct","Correct","Correct"
"8",13,"1_2_stimuli","1_2","Incongruent","Congruent","Congruent","Congruent",25.999818,26.199811,"2@",0.734619,"Correct","Correct","Correct","Correct"
"8",14,"3_4_stimuli","3_3","Congruent","Incongruent","Congruent","Congruent",27.999802,28.199794,"4$",0.655057,"Error","Correct","Correct","Correct"
"8",15,"5_6_stimuli","5_6","Incongruent","Congruent","Incongruent","Congruent",29.99977,30.199779,"6^",0.862914,"Correct","Error","Correct","Correct"
"8",16,"7_8_stimuli","8_8","Congruent","Incongruent","Congruent","Incongruent",31.999761,32.199754,"8*",0.622984,"Correct","Correct","Error","Correct"
"8",17,"1_2_stimuli","1_1","Congruent","Congruent","Incongruent","Congruent",33.999753,34.199744,"1!",0.510676,"Correct","Correct","Correct","Error"
"8",18,"3_4_stimuli","3_3","Congruent","Congruent","Congruent","Incongruent",35.999734,36.199733,"3#",0.798713,"Correct","Correct","Correct","Correct"
"8",19,"5_6_stimuli","5_6","Incongruent","Congruent","Congruent","Congruent",37.999727,38.199716,"6^",0.718902,"Correct","Correct","Correct","Correct"
"8",20,"7_8_stimuli","7_8","Incongruent","Incongruent","Congruent","Congruent",39.999709,40.199701,"8*",0.622756,"Correct","Correct","Correct","Correct"
"8",21,"1_2_stimuli","2_1","Incongruent","Incongruent","Incongruent","Congruent",41.999697,42.199691,"1!",0.638794,"Correct","Correct","Correct","Correct"
"8",22,"3_4_stimuli","4_4","Congruent","Incongruent","Incongruent","Incongruent",43.999674,44.199677,"4$",0.702744,"Correct","Correct","Correct","Correct"
"8",23,"5_6_stimuli","6_5","Incongruent","Congruent","Incongruent","Incongruent",45.999663,46.199662,"5%",0.510787,"Correct","Correct","Correct","Correct"
"8",24,"7_8_stimuli","8_7","Incongruent","Incongruent","Congruent","Incongruent",47.999646,48.19967,"7&",0.463257,"Correct","Correct","Correct","Correct"
"8",25,"1_2_stimuli","1_1","Congruent","Incongruent","Incongruent","Congruent",49.999639,50.199625,"1!",0.511177,"Correct","Correct","Correct","Correct"
"8",26,"3_4_stimuli","4_3","Incongruent","Congruent","Incongruent","Incongruent",51.999616,52.199615,"3#",0.734853,"Correct","Correct","Correct","Correct"
"8",27,"5_6_stimuli","5_6","Incongruent","Incongruent","Congruent","Incongruent",53.999602,54.199609,"6^",0.527463,"Correct","Correct","Correct","Correct"
"8",28,"7_8_stimuli","8_8","Congruent","Incongruent","Incongruent","Congruent",55.999592,56.199588,"8*",0.510875,"Correct","Correct","Correct","Correct"
"8",29,"1_2_stimuli","1_2","Incongruent","Congruent","Incongruent","Incongruent",57.999574,58.199564,"2@",0.559194,"Correct","Correct","Correct","Correct"
"8",30,"3_4_stimuli","4_4","Congruent","Incongruent","Congruent","Incongruent",59.999558,60.199551,"4$",0.526908,"Correct","Correct","Correct","Correct"
"8",31,"5_6_stimuli","5_5","Congruent","Congruent","Incongruent","Congruent",61.999552,62.199547,"5%",0.558963,"Correct","Correct","Correct","Correct"
"8",32,"7_8_stimuli","8_7","Incongruent","Congruent","Congruent","Incongruent",63.999527,64.199527,"8*",0.527309,"Error","Correct","Correct","Correct"
"8",33,"1_2_stimuli","1_1","Congruent","Incongruent","Congruent","Congruent",65.999516,66.199506,"1!",0.654928,"Correct","Error","Correct","Correct"
"8",34,"3_4_stimuli","4_3","Incongruent","Congruent","Incongruent","Congruent",67.999503,68.199495,"3#",0.510961,"Correct","Correct","Error","Correct"
"8",35,"5_6_stimuli","5_5","Congruent","Incongruent","Congruent","Incongruent",69.999489,70.199483,"5%",0.639177,"Correct","Correct","Correct","Error"
"8",36,"7_8_stimuli","8_8","Congruent","Congruent","Incongruent","Congruent",71.999469,72.199469,"8*",0.463447,"Correct","Correct","Correct","Correct"
"8",37,"1_2_stimuli","1_2","Incongruent","Congruent","Congruent","Incongruent",73.999452,74.199454,"2@",0.479461,"Correct","Correct","Correct","Correct"
"8",38,"3_4_stimuli","3_4","Incongruent","Incongruent","Congruent","Congruent",75.999434,76.199443,"4$",0.511305,"Correct","Correct","Correct","Correct"
"8",39,"5_6_stimuli","6_6","Congruent","Incongruent","Incongruent","Congruent",77.999423,78.199431,"6^",0.703389,"Correct","Correct","Correct","Correct"
"8",40,"7_8_stimuli","7_7","Congruent","Congruent","Incongruent","Incongruent",79.999415,80.199409,"7&",0.831257,"Correct","Correct","Correct","Correct"
"8",41,"1_2_stimuli","2_2","Congruent","Congruent","Congruent","Incongruent",81.999395,82.199394,"2@",0.735239,"Correct","Correct","Correct","Correct"
"8",42,"3_4_stimuli","3_3","Congruent","Congruent","Congruent","Congruent",83.999375,84.199371,"3#",0.623109,"Correct","Correct","Correct","Correct"
"8",43,"5_6_stimuli","6_6","Congruent","Congruent","Congruent","Congruent",85.99937,86.199363,"6^",0.719128,"Correct","Correct","Correct","Correct"
"8",44,"7_8_stimuli","8_7","Incongruent","Congruent","Congruent","Congruent",87.99935,88.199346,"7&",0.703171,"Correct","Correct","Correct","Correct"
"8",45,"1_2_stimuli","2_1","Incongruent","Incongruent","Congruent","Congruent",89.999336,90.199336,"1!",0.543503,"Correct","Correct","Correct","Correct"
"8",46,"3_4_stimuli","4_4","Congruent","Incongruent","Incongruent","Congruent",91.999313,92.19932,"4$",0.68716,"Correct","Correct","Correct","Correct"
"8",47,"5_6_stimuli","5_5","Congruent","Congruent","Incongruent","Incongruent",93.999304,94.199304,"5%",0.719166,"Correct","Correct","Correct","Correct"
"8",48,"7_8_stimuli","7_7","Congruent","Congruent","Congruent","Incongruent",95.99929,96.199284,"7&",0.527573,"Correct","Correct","Correct","Correct"
"8",49,"1_2_stimuli","2_2","Congruent","Congruent","Congruent","Congruent",97.999277,98.199273,"2@",0.607207,"Correct","Correct","Correct","Correct"
"8",50,"3_4_stimuli","4_3","Incongruent","Congruent","Congruent","Congruent",99.999255,100.19926,"3#",0.591758,"Correct","Correct","Correct","Correct"
"8",51,"5_6_stimuli","5_6","Incongruent","Incongruent","Congruent","Congruent",101.999247,102.199244,"5%",0.655417,"Error","Correct","Correct","Correct"
"8",52,"7_8_stimuli","7_8","Incongruent","Incongruent","Incongruent","Congruent",103.999224,104.199225,"8*",0.671259,"Correct","Error","Correct","Correct"
"8",53,"1_2_stimuli","2_2","Congruent","Incongruent","Incongruent","Incongruent",105.999216,106.199214,"2@",0.527265,"Correct","Correct","Error","Correct"
"8",54,"3_4_stimuli","3_3","Congruent","Congruent","Incongruent","Incongruent",107.999196,108.199201,"6^",0.527563,"Error","Correct","Correct","Error"
"8",55,"5_6_stimuli","6_5","Incongruent","Congruent","Congruent","Incongruent",109.999199,110.19918,"5%",0.623656,"Correct","Error","Correct","Correct"
"8",56,"7_8_stimuli","7_7","Congruent","Incongruent","Congruent","Congruent",111.999172,112.199174,"6^",0.719323,"Error","Correct","Error","Correct"
"8",57,"1_2_stimuli","2_1","Incongruent","Congruent","Incongruent","Congruent",113.999153,114.199154,"2@",0.719717,"Error","Error","Correct","Error"
"8",58,"3_4_stimuli","3_4","Incongruent","Incongruent","Congruent","Incongruent",115.999144,116.199141,"4$",0.687667,"Correct","Error","Error","Correct"
"8",59,"5_6_stimuli","6_5","Incongruent","Incongruent","Incongruent","Congruent",117.99913,118.199123,"5%",0.70334,"Correct","Correct","Error","Error"
"8",60,"7_8_stimuli","8_7","Incongruent","Incongruent","Incongruent","Incongruent",119.999105,120.199104,"7&",0.751371,"Correct","Correct","Correct","Error"
"8",61,"1_2_stimuli","2_1","Incongruent","Incongruent","Incongruent","Incongruent",121.999101,122.199085,"1!",0.479732,"Correct","Correct","Correct","Correct"
"8",62,"3_4_stimuli","4_3","Incongruent","Incongruent","Incongruent","Incongruent",123.999079,124.199088,"3#",0.703486,"Correct","Correct","Correct","Correct"
"8",63,"5_6_stimuli","5_5","Congruent","Incongruent","Incongruent","Incongruent",125.999074,126.199069,"5%",0.639395,"Correct","Correct","Correct","Correct"
"8",64,"7_8_stimuli","7_8","Incongruent","Congruent","Incongruent","Incongruent",127.999056,128.199056,"8*",0.511493,"Correct","Correct","Correct","Correct"
"8",65,"1_2_stimuli","1_2","Incongruent","Incongruent","Congruent","Incongruent",129.999042,130.199035,"2@",0.495436,"Correct","Correct","Correct","Correct"
"8",66,"3_4_stimuli","3_4","Incongruent","Incongruent","Incongruent","Congruent",131.999025,132.199016,"4$",0.703814,"Correct","Correct","Correct","Correct"
"8",67,"5_6_stimuli","6_5","Incongruent","Incongruent","Incongruent","Incongruent",133.999003,134.199005,"5%",0.639658,"Correct","Correct","Correct","Correct"
"8",68,"7_8_stimuli","8_8","Congruent","Incongruent","Incongruent","Incongruent",135.998997,136.19899,"8*",0.527715,"Correct","Correct","Correct","Correct"
"9",1,"1_2_stimuli","2_2","Congruent",NA,NA,NA,1.999992,2.199979,"3#",0.616846,"Error",NA,NA,NA
"9",2,"3_4_stimuli","4_3","Incongruent","Congruent",NA,NA,3.999969,4.199978,"3#",0.632244,"Correct","Error",NA,NA
"9",3,"5_6_stimuli","6_6","Congruent","Incongruent","Congruent",NA,5.99996,6.199958,"8*",0.664638,"Error","Correct","Error",NA
"9",4,"7_8_stimuli","8_8","Congruent","Congruent","Incongruent","Congruent",7.999949,8.199945,"8*",0.440292,"Correct","Error","Correct","Error"
"9",5,"1_2_stimuli","2_1","Incongruent","Congruent","Congruent","Incongruent",9.999927,10.199939,"1!",0.55289,"Correct","Correct","Error","Correct"
"9",6,"3_4_stimuli","4_3","Incongruent","Incongruent","Congruent","Congruent",11.999915,12.199911,"3#",0.600273,"Correct","Correct","Correct","Error"
"9",7,"5_6_stimuli","6_6","Congruent","Incongruent","Incongruent","Congruent",13.999909,14.19989,"6^",0.888316,"Correct","Correct","Correct","Correct"
"9",8,"7_8_stimuli","8_8","Congruent","Congruent","Incongruent","Incongruent",15.999889,16.199879,"8*",0.600338,"Correct","Correct","Correct","Correct"
"9",9,"1_2_stimuli","1_1","Congruent","Congruent","Congruent","Incongruent",17.999892,18.199878,"1!",0.61673,"Correct","Correct","Correct","Correct"
"9",10,"3_4_stimuli","3_4","Incongruent","Congruent","Congruent","Congruent",19.999877,20.199851,"4$",0.808783,"Correct","Correct","Correct","Correct"
"9",11,"5_6_stimuli","5_6","Incongruent","Incongruent","Congruent","Congruent",21.999848,22.199838,"6^",0.90437,"Correct","Correct","Correct","Correct"
"9",12,"7_8_stimuli","8_7","Incongruent","Incongruent","Incongruent","Congruent",23.999828,24.199832,"7&",0.600812,"Correct","Correct","Correct","Correct"
"9",13,"1_2_stimuli","1_1","Congruent","Incongruent","Incongruent","Incongruent",25.999812,26.199805,"1!",0.568765,"Correct","Correct","Correct","Correct"
"9",14,"3_4_stimuli","3_3","Congruent","Congruent","Incongruent","Incongruent",27.999797,28.199792,"3#",0.760411,"Correct","Correct","Correct","Correct"
"9",15,"5_6_stimuli","6_6","Congruent","Congruent","Congruent","Incongruent",29.999789,30.199789,"6^",0.744447,"Correct","Correct","Correct","Correct"
"9",16,"7_8_stimuli","7_8","Incongruent","Congruent","Congruent","Congruent",31.999775,32.199767,"8*",0.520753,"Correct","Correct","Correct","Correct"
"9",17,"1_2_stimuli","1_2","Incongruent","Incongruent","Congruent","Congruent",33.999754,34.199755,"1!",0.456689,"Error","Correct","Correct","Correct"
"9",18,"3_4_stimuli","3_4","Incongruent","Incongruent","Incongruent","Congruent",35.999742,36.199739,"3#",0.952691,"Error","Error","Correct","Correct"
"9",19,"5_6_stimuli","5_5","Congruent","Incongruent","Incongruent","Incongruent",37.999725,38.199724,"5%",0.792515,"Correct","Error","Error","Correct"
"9",20,"7_8_stimuli","7_8","Incongruent","Congruent","Incongruent","Incongruent",39.999717,40.199704,"8*",0.568486,"Correct","Correct","Error","Error"
"9",21,"1_2_stimuli","1_2","Incongruent","Incongruent","Congruent","Incongruent",41.999696,42.199689,"2@",0.792555,"Correct","Correct","Correct","Error"
"9",22,"3_4_stimuli","4_4","Congruent","Incongruent","Incongruent","Congruent",43.999686,44.199677,"4$",1.000529,"Correct","Correct","Correct","Correct"
"9",23,"5_6_stimuli","6_6","Congruent","Congruent","Incongruent","Incongruent",45.999669,46.199662,"6^",0.744953,"Correct","Correct","Correct","Correct"
"9",24,"7_8_stimuli","7_7","Congruent","Congruent","Congruent","Incongruent",47.999647,48.199658,"7&",0.617549,"Correct","Correct","Correct","Correct"
"9",25,"1_2_stimuli","1_1","Congruent","Congruent","Congruent","Congruent",49.999632,50.199639,"1!",0.760601,"Correct","Correct","Correct","Correct"
"9",26,"3_4_stimuli","4_4","Congruent","Congruent","Congruent","Congruent",51.999622,52.199614,"4$",0.697245,"Correct","Correct","Correct","Correct"
"9",27,"5_6_stimuli","5_6","Incongruent","Congruent","Congruent","Congruent",53.999605,54.1996,"6^",0.9049,"Correct","Correct","Correct","Correct"
"9",28,"7_8_stimuli","8_7","Incongruent","Incongruent","Congruent","Congruent",55.999596,56.199596,"7&",0.408679,"Correct","Correct","Correct","Correct"
"9",29,"1_2_stimuli","2_1","Incongruent","Incongruent","Incongruent","Congruent",57.99957,58.19958,"1!",0.696679,"Correct","Correct","Correct","Correct"
"9",30,"3_4_stimuli","3_4","Incongruent","Incongruent","Incongruent","Incongruent",59.999556,60.199557,"4$",0.376653,"Correct","Correct","Correct","Correct"
"9",31,"5_6_stimuli","6_5","Incongruent","Incongruent","Incongruent","Incongruent",61.999545,62.199542,"5%",0.664698,"Correct","Correct","Correct","Correct"
"9",32,"7_8_stimuli","7_8","Incongruent","Incongruent","Incongruent","Incongruent",63.999534,64.199538,"8*",0.553025,"Correct","Correct","Correct","Correct"
"9",33,"1_2_stimuli","2_1","Incongruent","Incongruent","Incongruent","Incongruent",65.999512,66.199511,"1!",0.665277,"Correct","Correct","Correct","Correct"
"9",34,"3_4_stimuli","3_3","Congruent","Incongruent","Incongruent","Incongruent",67.999498,68.199505,"3#",1.129175,"Correct","Correct","Correct","Correct"
"9",35,"5_6_stimuli","5_6","Incongruent","Congruent","Incongruent","Incongruent",69.999485,70.199483,"6^",0.745309,"Correct","Correct","Correct","Correct"
"9",36,"7_8_stimuli","8_7","Incongruent","Incongruent","Congruent","Incongruent",71.99947,72.199472,"7&",0.633003,"Correct","Correct","Correct","Correct"
"9",37,"1_2_stimuli","2_2","Congruent","Incongruent","Incongruent","Congruent",73.99945,74.199459,"3#",0.840819,"Error","Correct","Correct","Correct"
"9",38,"3_4_stimuli","4_3","Incongruent","Congruent","Incongruent","Incongruent",75.999442,76.19944,"3#",0.377189,"Correct","Error","Correct","Correct"
"9",39,"5_6_stimuli","5_5","Congruent","Incongruent","Congruent","Incongruent",77.999435,78.199421,"5%",0.553762,"Correct","Correct","Error","Correct"
"9",40,"7_8_stimuli","8_7","Incongruent","Congruent","Incongruent","Congruent",79.999414,80.199401,"7&",0.345204,"Correct","Correct","Correct","Error"
"9",41,"1_2_stimuli","2_2","Congruent","Incongruent","Congruent","Incongruent",81.999388,82.199395,"2@",0.633155,"Correct","Correct","Correct","Correct"
"9",42,"3_4_stimuli","4_3","Incongruent","Congruent","Incongruent","Congruent",83.999378,84.199383,"3#",0.473015,"Correct","Correct","Correct","Correct"
"9",43,"5_6_stimuli","6_5","Incongruent","Incongruent","Congruent","Incongruent",85.999367,86.19937,"5%",0.665358,"Correct","Correct","Correct","Correct"
"9",44,"7_8_stimuli","7_7","Congruent","Incongruent","Incongruent","Congruent",87.999346,88.199347,"8*",0.216962,"Error","Correct","Correct","Correct"
"9",45,"1_2_stimuli","1_2","Incongruent","Congruent","Incongruent","Incongruent",89.99934,90.199332,"2@",0.680915,"Correct","Error","Correct","Correct"
"9",46,"3_4_stimuli","4_3","Incongruent","Incongruent","Congruent","Incongruent",91.999325,92.199319,"3#",0.376928,"Correct","Correct","Error","Correct"
"9",47,"5_6_stimuli","6_5","Incongruent","Incongruent","Incongruent","Congruent",93.999307,94.199301,"5%",0.313454,"Correct","Correct","Correct","Error"
"9",48,"7_8_stimuli","8_8","Congruent","Incongruent","Incongruent","Incongruent",95.999293,96.199289,"8*",0.297622,"Correct","Correct","Correct","Correct"
"9",49,"1_2_stimuli","2_2","Congruent","Congruent","Incongruent","Incongruent",97.999281,98.199277,"2@",0.440892,"Correct","Correct","Correct","Correct"
"9",50,"3_4_stimuli","3_3","Congruent","Congruent","Congruent","Incongruent",99.999262,100.19927,"3#",0.393238,"Correct","Correct","Correct","Correct"
"9",51,"5_6_stimuli","6_6","Congruent","Congruent","Congruent","Congruent",101.999247,102.19925,"6^",0.553749,"Correct","Correct","Correct","Correct"
"9",52,"7_8_stimuli","8_8","Congruent","Congruent","Congruent","Congruent",103.999233,104.199234,"8*",0.441305,"Correct","Correct","Correct","Correct"
"9",53,"1_2_stimuli","1_2","Incongruent","Congruent","Congruent","Congruent",105.999221,106.199218,"2@",0.60135,"Correct","Correct","Correct","Correct"
"9",54,"3_4_stimuli","4_4","Congruent","Incongruent","Congruent","Congruent",107.999208,108.199207,"4$",0.777371,"Correct","Correct","Correct","Correct"
"9",55,"5_6_stimuli","6_5","Incongruent","Congruent","Incongruent","Congruent",109.999189,110.199186,"5%",0.489024,"Correct","Correct","Correct","Correct"
"9",56,"7_8_stimuli","7_7","Congruent","Incongruent","Congruent","Incongruent",111.999165,112.199175,"7&",0.42563,"Correct","Correct","Correct","Correct"
"9",57,"1_2_stimuli","2_1","Incongruent","Congruent","Incongruent","Congruent",113.999162,114.199151,"1!",0.873118,"Correct","Correct","Correct","Correct"
"9",58,"3_4_stimuli","4_4","Congruent","Incongruent","Congruent","Incongruent",115.999142,116.199145,"4$",0.777312,"Correct","Correct","Correct","Correct"
"9",59,"5_6_stimuli","5_5","Congruent","Congruent","Incongruent","Congruent",117.999133,118.199132,"5%",0.585653,"Correct","Correct","Correct","Correct"
"9",60,"7_8_stimuli","7_8","Incongruent","Congruent","Congruent","Incongruent",119.999124,120.199119,"8*",0.601493,"Correct","Correct","Correct","Correct"
"9",61,"1_2_stimuli","1_1","Congruent","Incongruent","Congruent","Congruent",121.999103,122.1991,"1!",0.489834,"Correct","Correct","Correct","Correct"
"9",62,"3_4_stimuli","3_3","Congruent","Congruent","Incongruent","Congruent",123.999086,124.199083,"3#",0.697234,"Correct","Correct","Correct","Correct"
"9",63,"5_6_stimuli","5_6","Incongruent","Congruent","Congruent","Incongruent",125.999073,126.199064,"6^",0.473242,"Correct","Correct","Correct","Correct"
"9",64,"7_8_stimuli","7_7","Congruent","Incongruent","Congruent","Congruent",127.999057,128.199057,"7&",0.4572,"Correct","Correct","Correct","Correct"
"9",65,"1_2_stimuli","2_2","Congruent","Congruent","Incongruent","Congruent",129.999038,130.199031,"2@",0.681548,"Correct","Correct","Correct","Correct"
"9",66,"3_4_stimuli","3_4","Incongruent","Congruent","Congruent","Incongruent",131.999021,132.199028,"4$",0.617262,"Correct","Correct","Correct","Correct"
"9",67,"5_6_stimuli","5_5","Congruent","Incongruent","Congruent","Congruent",133.999011,134.19901,"5%",0.569623,"Correct","Correct","Correct","Correct"
"9",68,"7_8_stimuli","8_8","Congruent","Congruent","Incongruent","Congruent",135.999001,136.19899,"8*",0.553342,"Correct","Correct","Correct","Correct"
"10",1,"1_2_stimuli","1_2","Incongruent",NA,NA,NA,1.999981,2.199981,"2@",0.90746,"Correct",NA,NA,NA
"10",2,"3_4_stimuli","4_3","Incongruent","Incongruent",NA,NA,3.999972,4.199969,"3#",0.587765,"Correct","Correct",NA,NA
"10",3,"5_6_stimuli","5_6","Incongruent","Incongruent","Incongruent",NA,5.999953,6.19996,"6^",0.859816,"Correct","Correct","Correct",NA
"10",4,"7_8_stimuli","8_7","Incongruent","Incongruent","Incongruent","Incongruent",7.999941,8.199945,"6^",0.635426,"Error","Correct","Correct","Correct"
"10",5,"1_2_stimuli","2_1","Incongruent","Incongruent","Incongruent","Incongruent",9.999929,10.199922,"1!",0.667833,"Correct","Error","Correct","Correct"
"10",6,"3_4_stimuli","4_3","Incongruent","Incongruent","Incongruent","Incongruent",11.999915,12.199915,"3#",0.555708,"Correct","Correct","Error","Correct"
"10",7,"5_6_stimuli","6_6","Congruent","Incongruent","Incongruent","Incongruent",13.999897,14.199901,"6^",0.715483,"Correct","Correct","Correct","Error"
"10",8,"7_8_stimuli","7_8","Incongruent","Congruent","Incongruent","Incongruent",15.999884,16.199877,"8*",0.491499,"Correct","Correct","Correct","Correct"
"10",9,"1_2_stimuli","2_2","Congruent","Incongruent","Congruent","Incongruent",17.999877,18.19987,"2@",0.715437,"Correct","Correct","Correct","Correct"
"10",10,"3_4_stimuli","4_3","Incongruent","Congruent","Incongruent","Congruent",19.999849,20.199853,"3#",0.395516,"Correct","Correct","Correct","Correct"
"10",11,"5_6_stimuli","6_5","Incongruent","Incongruent","Congruent","Incongruent",21.999834,22.199837,"5%",0.683849,"Correct","Correct","Correct","Correct"
"10",12,"7_8_stimuli","8_7","Incongruent","Incongruent","Incongruent","Congruent",23.999825,24.199819,"7&",0.539539,"Correct","Correct","Correct","Correct"
"10",13,"1_2_stimuli","2_2","Congruent","Incongruent","Incongruent","Incongruent",25.999816,26.199805,"2@",0.699643,"Correct","Correct","Correct","Correct"
"10",14,"3_4_stimuli","4_4","Congruent","Congruent","Incongruent","Incongruent",27.999798,28.199795,"4$",0.955988,"Correct","Correct","Correct","Correct"
"10",15,"5_6_stimuli","6_6","Congruent","Congruent","Congruent","Incongruent",29.999782,30.199776,"6^",0.747833,"Correct","Correct","Correct","Correct"
"10",16,"7_8_stimuli","7_8","Incongruent","Congruent","Congruent","Congruent",31.999774,32.199761,"8*",0.699903,"Correct","Correct","Correct","Correct"
"10",17,"1_2_stimuli","2_2","Congruent","Incongruent","Congruent","Congruent",33.999754,34.199758,"1!",0.46015,"Error","Correct","Correct","Correct"
"10",18,"3_4_stimuli","3_3","Congruent","Congruent","Incongruent","Congruent",35.999736,36.199727,"3#",0.747645,"Correct","Error","Correct","Correct"
"10",19,"5_6_stimuli","5_6","Incongruent","Congruent","Congruent","Incongruent",37.999719,38.19972,"6^",0.747675,"Correct","Correct","Error","Correct"
"10",20,"7_8_stimuli","7_7","Congruent","Incongruent","Congruent","Congruent",39.999713,40.199708,"7&",0.363672,"Correct","Correct","Correct","Error"
"10",21,"1_2_stimuli","1_2","Incongruent","Congruent","Incongruent","Congruent",41.999683,42.199687,"2@",0.620011,"Correct","Correct","Correct","Correct"
"10",22,"3_4_stimuli","3_3","Congruent","Incongruent","Congruent","Incongruent",43.999684,44.199675,"3#",0.395687,"Correct","Correct","Correct","Correct"
"10",23,"5_6_stimuli","6_5","Incongruent","Congruent","Incongruent","Congruent",45.999663,46.199667,"5%",0.748132,"Correct","Correct","Correct","Correct"
"10",24,"7_8_stimuli","7_8","Incongruent","Incongruent","Congruent","Incongruent",47.999654,48.199649,"8*",0.57197,"Correct","Correct","Correct","Correct"
"10",25,"1_2_stimuli","1_1","Congruent","Incongruent","Incongruent","Congruent",49.999635,50.199633,"2@",0.78063,"Error","Correct","Correct","Correct"
"10",26,"3_4_stimuli","3_4","Incongruent","Congruent","Incongruent","Incongruent",51.99961,52.199612,"4$",0.555825,"Correct","Error","Correct","Correct"
"10",27,"5_6_stimuli","5_5","Congruent","Incongruent","Congruent","Incongruent",53.999603,54.199609,"5%",0.668376,"Correct","Correct","Error","Correct"
"10",28,"7_8_stimuli","8_7","Incongruent","Congruent","Incongruent","Congruent",55.99959,56.199589,"7&",0.844301,"Correct","Correct","Correct","Error"
"10",29,"1_2_stimuli","2_1","Incongruent","Incongruent","Congruent","Incongruent",57.999562,58.199577,"1!",0.65189,"Correct","Correct","Correct","Correct"
"10",30,"3_4_stimuli","4_4","Congruent","Incongruent","Incongruent","Congruent",59.999556,60.199559,"4$",0.971823,"Correct","Correct","Correct","Correct"
"10",31,"5_6_stimuli","5_5","Congruent","Congruent","Incongruent","Incongruent",61.999547,62.199548,"5%",0.715913,"Correct","Correct","Correct","Correct"
"10",32,"7_8_stimuli","8_8","Congruent","Congruent","Congruent","Incongruent",63.999531,64.199517,"8*",0.604338,"Correct","Correct","Correct","Correct"
"10",33,"1_2_stimuli","1_2","Incongruent","Congruent","Congruent","Congruent",65.999509,66.199502,"1!",0.828285,"Error","Correct","Correct","Correct"
"10",34,"3_4_stimuli","4_3","Incongruent","Incongruent","Congruent","Congruent",67.999495,68.199497,"3#",0.812094,"Correct","Error","Correct","Correct"
"10",35,"5_6_stimuli","5_6","Incongruent","Incongruent","Incongruent","Congruent",69.999486,70.199482,"6^",0.796268,"Correct","Correct","Error","Correct"
"10",36,"7_8_stimuli","8_8","Congruent","Incongruent","Incongruent","Incongruent",71.999468,72.199464,"8*",0.4604,"Correct","Correct","Correct","Error"
"10",37,"1_2_stimuli","1_1","Congruent","Congruent","Incongruent","Incongruent",73.999455,74.199453,"1!",0.588302,"Correct","Correct","Correct","Correct"
"10",38,"3_4_stimuli","4_3","Incongruent","Congruent","Congruent","Incongruent",75.999443,76.199446,"4$",0.636266,"Error","Correct","Correct","Correct"
"10",39,"5_6_stimuli","6_5","Incongruent","Incongruent","Congruent","Congruent",77.999434,78.199428,"5%",0.860422,"Correct","Error","Correct","Correct"
"10",40,"7_8_stimuli","7_7","Congruent","Incongruent","Incongruent","Congruent",79.999411,80.199409,"7&",0.652943,"Correct","Correct","Error","Correct"
"10",41,"1_2_stimuli","2_1","Incongruent","Congruent","Incongruent","Incongruent",81.999394,82.1994,"1!",0.604423,"Correct","Correct","Correct","Error"
"10",42,"3_4_stimuli","3_4","Incongruent","Incongruent","Congruent","Incongruent",83.999378,84.199373,"4$",0.620553,"Correct","Correct","Correct","Correct"
"10",43,"5_6_stimuli","5_5","Congruent","Incongruent","Incongruent","Congruent",85.999363,86.199354,"5%",0.73239,"Correct","Correct","Correct","Correct"
"10",44,"7_8_stimuli","8_8","Congruent","Congruent","Incongruent","Incongruent",87.99935,88.199348,"8*",0.492078,"Correct","Correct","Correct","Correct"
"10",45,"1_2_stimuli","1_1","Congruent","Congruent","Congruent","Incongruent",89.999337,90.199332,"1!",0.572067,"Correct","Correct","Correct","Correct"
"10",46,"3_4_stimuli","4_4","Congruent","Congruent","Congruent","Congruent",91.999319,92.199319,"4$",0.636589,"Correct","Correct","Correct","Correct"
"10",47,"5_6_stimuli","5_6","Incongruent","Congruent","Congruent","Congruent",93.99931,94.199303,"6^",0.940315,"Correct","Correct","Correct","Correct"
"10",48,"7_8_stimuli","8_7","Incongruent","Incongruent","Congruent","Congruent",95.999281,96.199289,"7&",0.956147,"Correct","Correct","Correct","Correct"
"10",49,"1_2_stimuli","2_1","Incongruent","Incongruent","Incongruent","Congruent",97.999275,98.199275,"2@",0.572592,"Error","Correct","Correct","Correct"
"10",50,"3_4_stimuli","4_4","Congruent","Incongruent","Incongruent","Incongruent",99.99926,100.199263,"4$",0.620467,"Correct","Error","Correct","Correct"
"10",51,"5_6_stimuli","5_6","Incongruent","Congruent","Incongruent","Incongruent",101.999252,102.199246,"6^",0.988195,"Correct","Correct","Error","Correct"
"10",52,"7_8_stimuli","7_7","Congruent","Incongruent","Congruent","Incongruent",103.999228,104.199233,"7&",0.396561,"Correct","Correct","Correct","Error"
"10",53,"1_2_stimuli","1_1","Congruent","Congruent","Incongruent","Congruent",105.999221,106.199214,"1!",0.524627,"Correct","Correct","Correct","Correct"
"10",54,"3_4_stimuli","3_3","Congruent","Congruent","Congruent","Incongruent",107.999199,108.199188,"3#",0.684563,"Correct","Correct","Correct","Correct"
"10",55,"5_6_stimuli","6_6","Congruent","Congruent","Congruent","Congruent",109.999185,110.199183,"6^",0.972224,"Correct","Correct","Correct","Correct"
"10",56,"7_8_stimuli","8_8","Congruent","Congruent","Congruent","Congruent",111.999173,112.199176,"8*",0.604483,"Correct","Correct","Correct","Correct"
"10",57,"1_2_stimuli","2_2","Congruent","Congruent","Congruent","Congruent",113.999155,114.199153,"2@",0.668532,"Correct","Correct","Correct","Correct"
"10",58,"3_4_stimuli","3_4","Incongruent","Congruent","Congruent","Congruent",115.99914,116.199142,"4$",0.700351,"Correct","Correct","Correct","Correct"
"10",59,"5_6_stimuli","6_6","Congruent","Incongruent","Congruent","Congruent",117.99913,118.199124,"6^",0.668233,"Correct","Correct","Correct","Correct"
"10",60,"7_8_stimuli","7_7","Congruent","Congruent","Incongruent","Congruent",119.999115,120.199112,"7&",0.58875,"Correct","Correct","Correct","Correct"
"10",61,"1_2_stimuli","1_2","Incongruent","Congruent","Congruent","Incongruent",121.9991,122.199098,"2@",0.716298,"Correct","Correct","Correct","Correct"
"10",62,"3_4_stimuli","3_3","Congruent","Incongruent","Congruent","Congruent",123.999087,124.199085,"3#",0.524618,"Correct","Correct","Correct","Correct"
"10",63,"5_6_stimuli","5_5","Congruent","Congruent","Incongruent","Congruent",125.99907,126.199068,"7&",0.636563,"Error","Correct","Correct","Correct"
"10",64,"7_8_stimuli","8_7","Incongruent","Congruent","Congruent","Incongruent",127.999056,128.199052,"7&",0.73251,"Correct","Error","Correct","Correct"
"10",65,"1_2_stimuli","1_2","Incongruent","Incongruent","Congruent","Congruent",129.999042,130.199039,"2@",0.588554,"Correct","Correct","Error","Correct"
"10",66,"3_4_stimuli","3_4","Incongruent","Incongruent","Incongruent","Congruent",131.999023,132.199025,"4$",0.604651,"Correct","Correct","Correct","Error"
"10",67,"5_6_stimuli","6_5","Incongruent","Incongruent","Incongruent","Incongruent",133.999015,134.199006,"5%",0.684852,"Correct","Correct","Correct","Correct"
"10",68,"7_8_stimuli","7_8","Incongruent","Incongruent","Incongruent","Incongruent",135.998995,136.198995,"8*",0.636668,"Correct","Correct","Correct","Correct"
"11",1,"1_2_stimuli","2_2","Congruent",NA,NA,NA,1.99998,2.19998,"2@",0.603507,"Correct",NA,NA,NA
"11",2,"3_4_stimuli","4_3","Incongruent","Congruent",NA,NA,3.999968,4.199964,"3#",0.443724,"Correct","Correct",NA,NA
"11",3,"5_6_stimuli","6_6","Congruent","Incongruent","Congruent",NA,5.99996,6.199944,"6^",0.475461,"Correct","Correct","Correct",NA
"11",4,"7_8_stimuli","7_8","Incongruent","Congruent","Incongruent","Congruent",7.999935,8.199937,"8*",0.507974,"Correct","Correct","Correct","Correct"
"11",5,"1_2_stimuli","2_2","Congruent","Incongruent","Congruent","Incongruent",9.999922,10.199923,"2@",0.443878,"Correct","Correct","Correct","Correct"
"11",6,"3_4_stimuli","4_4","Congruent","Congruent","Incongruent","Congruent",11.999911,12.19991,"4$",0.507858,"Correct","Correct","Correct","Correct"
"11",7,"5_6_stimuli","6_6","Congruent","Congruent","Congruent","Incongruent",13.999895,14.199895,"6^",0.52399,"Correct","Correct","Correct","Correct"
"11",8,"7_8_stimuli","8_7","Incongruent","Congruent","Congruent","Congruent",15.999879,16.199872,"7&",0.572021,"Correct","Correct","Correct","Correct"
"11",9,"1_2_stimuli","1_2","Incongruent","Incongruent","Congruent","Congruent",17.999865,18.199868,"2@",0.411869,"Correct","Correct","Correct","Correct"
"11",10,"3_4_stimuli","4_4","Congruent","Incongruent","Incongruent","Congruent",19.999844,20.199849,"4$",0.315714,"Correct","Correct","Correct","Correct"
"11",11,"5_6_stimuli","6_5","Incongruent","Congruent","Incongruent","Incongruent",21.999836,22.199832,"6^",0.491661,"Error","Correct","Correct","Correct"
"11",12,"7_8_stimuli","8_8","Congruent","Incongruent","Congruent","Incongruent",23.999816,24.199818,"8*",0.620161,"Correct","Error","Correct","Correct"
"11",13,"1_2_stimuli","2_2","Congruent","Congruent","Incongruent","Congruent",25.999804,26.19981,"1!",0.428048,"Error","Correct","Error","Correct"
"11",14,"3_4_stimuli","3_3","Congruent","Congruent","Congruent","Incongruent",27.99979,28.199783,"3#",0.443989,"Correct","Error","Correct","Error"
"11",15,"5_6_stimuli","6_5","Incongruent","Congruent","Congruent","Congruent",29.999785,30.199774,"5%",0.731756,"Correct","Correct","Error","Correct"
"11",16,"7_8_stimuli","8_7","Incongruent","Incongruent","Congruent","Congruent",31.999759,32.199756,"7&",0.620138,"Correct","Correct","Correct","Error"
"11",17,"1_2_stimuli","1_2","Incongruent","Incongruent","Incongruent","Congruent",33.999743,34.199739,"2@",0.54002,"Correct","Correct","Correct","Correct"
"11",18,"3_4_stimuli","4_3","Incongruent","Incongruent","Incongruent","Incongruent",35.999732,36.199719,"3#",0.379783,"Correct","Correct","Correct","Correct"
"11",19,"5_6_stimuli","6_6","Congruent","Incongruent","Incongruent","Incongruent",37.999715,38.199714,"5%",0.620002,"Error","Correct","Correct","Correct"
"11",20,"7_8_stimuli","7_7","Congruent","Congruent","Incongruent","Incongruent",39.999706,40.199697,"7&",0.603847,"Correct","Error","Correct","Correct"
"11",21,"1_2_stimuli","2_1","Incongruent","Congruent","Congruent","Incongruent",41.999685,42.199684,"1!",0.652041,"Correct","Correct","Error","Correct"
"11",22,"3_4_stimuli","4_3","Incongruent","Incongruent","Congruent","Congruent",43.999678,44.199676,"3#",0.604061,"Correct","Correct","Correct","Error"
"11",23,"5_6_stimuli","5_6","Incongruent","Incongruent","Incongruent","Congruent",45.999657,46.199659,"6^",0.988276,"Correct","Correct","Correct","Correct"
"11",24,"7_8_stimuli","8_7","Incongruent","Incongruent","Incongruent","Incongruent",47.999643,48.199641,"7&",0.363888,"Correct","Correct","Correct","Correct"
"11",25,"1_2_stimuli","2_1","Incongruent","Incongruent","Incongruent","Incongruent",49.999623,50.199625,"1!",0.411888,"Correct","Correct","Correct","Correct"
"11",26,"3_4_stimuli","3_3","Congruent","Incongruent","Incongruent","Incongruent",51.999619,52.19961,"3#",0.476119,"Correct","Correct","Correct","Correct"
"11",27,"5_6_stimuli","5_5","Congruent","Congruent","Incongruent","Incongruent",53.999599,54.199598,"5%",0.716188,"Correct","Correct","Correct","Correct"
"11",28,"7_8_stimuli","7_8","Incongruent","Congruent","Congruent","Incongruent",55.999583,56.19959,"8*",0.34819,"Correct","Correct","Correct","Correct"
"11",29,"1_2_stimuli","2_2","Congruent","Incongruent","Congruent","Congruent",57.999572,58.199566,"2@",0.475963,"Correct","Correct","Correct","Correct"
"11",30,"3_4_stimuli","4_3","Incongruent","Congruent","Incongruent","Congruent",59.99955,60.199559,"3#",0.283981,"Correct","Correct","Correct","Correct"
"11",31,"5_6_stimuli","5_6","Incongruent","Incongruent","Congruent","Incongruent",61.999536,62.199531,"5%",0.572367,"Error","Correct","Correct","Correct"
"11",32,"7_8_stimuli","7_8","Incongruent","Incongruent","Incongruent","Congruent",63.999531,64.199514,"7&",0.540228,"Error","Error","Correct","Correct"
"11",33,"1_2_stimuli","1_1","Congruent","Incongruent","Incongruent","Incongruent",65.999509,66.199499,"1!",0.652259,"Correct","Error","Error","Correct"
"11",34,"3_4_stimuli","4_4","Congruent","Congruent","Incongruent","Incongruent",67.999488,68.199493,"4$",0.540054,"Correct","Correct","Error","Error"
"11",35,"5_6_stimuli","6_5","Incongruent","Congruent","Congruent","Incongruent",69.999483,70.199477,"5%",0.828086,"Correct","Correct","Correct","Error"
"11",36,"7_8_stimuli","7_7","Congruent","Incongruent","Congruent","Congruent",71.999468,72.199463,"7&",0.684463,"Correct","Correct","Correct","Correct"
"11",37,"1_2_stimuli","1_2","Incongruent","Congruent","Incongruent","Congruent",73.999444,74.199453,"2@",0.700304,"Correct","Correct","Correct","Correct"
"11",38,"3_4_stimuli","3_3","Congruent","Incongruent","Congruent","Incongruent",75.999444,76.199432,"3#",0.412331,"Correct","Correct","Correct","Correct"
"11",39,"5_6_stimuli","6_6","Congruent","Congruent","Incongruent","Congruent",77.999421,78.199408,"6^",0.908383,"Correct","Correct","Correct","Correct"
"11",40,"7_8_stimuli","8_8","Congruent","Congruent","Congruent","Incongruent",79.999401,80.199405,"8*",0.57276,"Correct","Correct","Correct","Correct"
"11",41,"1_2_stimuli","2_1","Incongruent","Congruent","Congruent","Congruent",81.999379,82.199389,"1!",0.572518,"Correct","Correct","Correct","Correct"
"11",42,"3_4_stimuli","3_3","Congruent","Incongruent","Congruent","Congruent",83.999377,84.199384,"3#",0.588711,"Correct","Correct","Correct","Correct"
"11",43,"5_6_stimuli","5_6","Incongruent","Congruent","Incongruent","Congruent",85.999361,86.199359,"6^",1.06865,"Correct","Correct","Correct","Correct"
"11",44,"7_8_stimuli","8_7","Incongruent","Incongruent","Congruent","Incongruent",87.999345,88.199341,"7&",0.652224,"Correct","Correct","Correct","Correct"
"11",45,"1_2_stimuli","1_1","Congruent","Incongruent","Incongruent","Congruent",89.999328,90.199331,"1!",0.620204,"Correct","Correct","Correct","Correct"
"11",46,"3_4_stimuli","3_4","Incongruent","Congruent","Incongruent","Incongruent",91.99931,92.199322,"4$",0.732241,"Correct","Correct","Correct","Correct"
"11",47,"5_6_stimuli","5_5","Congruent","Incongruent","Congruent","Incongruent",93.999305,94.199298,"5%",0.684485,"Correct","Correct","Correct","Correct"
"11",48,"7_8_stimuli","7_7","Congruent","Congruent","Incongruent","Congruent",95.999286,96.199277,"6^",0.716596,"Error","Correct","Correct","Correct"
"11",49,"1_2_stimuli","1_1","Congruent","Congruent","Congruent","Incongruent",97.999268,98.199273,"1!",1.10067,"Correct","Error","Correct","Correct"
"11",50,"3_4_stimuli","4_4","Congruent","Congruent","Congruent","Congruent",99.999258,100.199261,"4$",0.668551,"Correct","Correct","Error","Correct"
"11",51,"5_6_stimuli","6_6","Congruent","Congruent","Congruent","Congruent",101.99924,102.199242,"5%",0.492699,"Error","Correct","Correct","Error"
"11",52,"7_8_stimuli","8_8","Congruent","Congruent","Congruent","Congruent",103.999227,104.199222,"8*",0.508694,"Correct","Error","Correct","Correct"
"11",53,"1_2_stimuli","2_2","Congruent","Congruent","Congruent","Congruent",105.999208,106.199208,"2@",0.748777,"Correct","Correct","Error","Correct"
"11",54,"3_4_stimuli","3_4","Incongruent","Congruent","Congruent","Congruent",107.999202,108.199195,"4$",0.492394,"Correct","Correct","Correct","Error"
"11",55,"5_6_stimuli","5_5","Congruent","Incongruent","Congruent","Congruent",109.999184,110.199173,"5%",0.572352,"Correct","Correct","Correct","Correct"
"11",56,"7_8_stimuli","7_8","Incongruent","Congruent","Incongruent","Congruent",111.999158,112.19917,"8*",0.524606,"Correct","Correct","Correct","Correct"
"11",57,"1_2_stimuli","2_1","Incongruent","Incongruent","Congruent","Incongruent",113.99915,114.199149,"1!",0.732381,"Correct","Correct","Correct","Correct"
"11",58,"3_4_stimuli","3_4","Incongruent","Incongruent","Incongruent","Congruent",115.999141,116.199137,"4$",0.540419,"Correct","Correct","Correct","Correct"
"11",59,"5_6_stimuli","5_6","Incongruent","Incongruent","Incongruent","Incongruent",117.99912,118.199117,"6^",0.908874,"Correct","Correct","Correct","Correct"
"11",60,"7_8_stimuli","7_7","Congruent","Incongruent","Incongruent","Incongruent",119.999107,120.199106,"7&",0.540405,"Correct","Correct","Correct","Correct"
"11",61,"1_2_stimuli","1_1","Congruent","Congruent","Incongruent","Incongruent",121.99909,122.199088,"1!",0.588925,"Correct","Correct","Correct","Correct"
"11",62,"3_4_stimuli","4_3","Incongruent","Congruent","Congruent","Incongruent",123.999083,124.19908,"3#",0.541082,"Correct","Correct","Correct","Correct"
"11",63,"5_6_stimuli","6_5","Incongruent","Incongruent","Congruent","Congruent",125.999064,126.199068,"5%",0.556411,"Correct","Correct","Correct","Correct"
"11",64,"7_8_stimuli","8_8","Congruent","Incongruent","Incongruent","Congruent",127.999048,128.199039,"8*",0.620928,"Correct","Correct","Correct","Correct"
"11",65,"1_2_stimuli","1_2","Incongruent","Congruent","Incongruent","Incongruent",129.999033,130.199029,"2@",0.604518,"Correct","Correct","Correct","Correct"
"11",66,"3_4_stimuli","3_4","Incongruent","Incongruent","Congruent","Incongruent",131.999017,132.199017,"4$",0.620869,"Correct","Correct","Correct","Correct"
"11",67,"5_6_stimuli","5_5","Congruent","Incongruent","Incongruent","Congruent",133.999004,134.199,"5%",0.396549,"Correct","Correct","Correct","Correct"
"11",68,"7_8_stimuli","7_8","Incongruent","Congruent","Incongruent","Incongruent",135.998992,136.198991,"8*",0.476562,"Correct","Correct","Correct","Correct"
"12",1,"1_2_stimuli","1_1","Congruent",NA,NA,NA,1.999981,2.19998,"1!",0.519254,"Correct",NA,NA,NA
"12",2,"3_4_stimuli","3_3","Congruent","Congruent",NA,NA,3.999964,4.19997,"3#",0.535098,"Correct","Correct",NA,NA
"12",3,"5_6_stimuli","6_5","Incongruent","Congruent","Congruent",NA,5.999953,6.199955,"6^",0.567391,"Error","Correct","Correct",NA
"12",4,"7_8_stimuli","8_8","Congruent","Incongruent","Congruent","Congruent",7.999939,8.199941,"8*",0.518784,"Correct","Error","Correct","Correct"
"12",5,"1_2_stimuli","1_1","Congruent","Congruent","Incongruent","Congruent",9.999921,10.19993,"1!",0.486772,"Correct","Correct","Error","Correct"
"12",6,"3_4_stimuli","3_3","Congruent","Congruent","Congruent","Incongruent",11.999917,12.199907,"3#",0.359135,"Correct","Correct","Correct","Error"
"12",7,"5_6_stimuli","6_6","Congruent","Congruent","Congruent","Congruent",13.999893,14.199896,"6^",0.583093,"Correct","Correct","Correct","Correct"
"12",8,"7_8_stimuli","8_7","Incongruent","Congruent","Congruent","Congruent",15.999887,16.199882,"8*",0.358786,"Error","Correct","Correct","Correct"
"12",9,"1_2_stimuli","2_1","Incongruent","Incongruent","Congruent","Congruent",17.999863,18.199862,"1!",0.887358,"Correct","Error","Correct","Correct"
"12",10,"3_4_stimuli","4_4","Congruent","Incongruent","Incongruent","Congruent",19.999852,20.199845,"4$",0.710826,"Correct","Correct","Error","Correct"
"12",11,"5_6_stimuli","6_5","Incongruent","Congruent","Incongruent","Incongruent",21.999833,22.199841,"5%",1.095353,"Correct","Correct","Correct","Error"
"12",12,"7_8_stimuli","7_7","Congruent","Incongruent","Congruent","Incongruent",23.999817,24.199817,"7&",1.174891,"Correct","Correct","Correct","Correct"
"12",13,"1_2_stimuli","2_1","Incongruent","Congruent","Incongruent","Congruent",25.9998,26.199806,"1!",0.615243,"Correct","Correct","Correct","Correct"
"12",14,"3_4_stimuli","3_3","Congruent","Incongruent","Congruent","Incongruent",27.99979,28.199781,"3#",0.614883,"Correct","Correct","Correct","Correct"
"12",15,"5_6_stimuli","5_6","Incongruent","Congruent","Incongruent","Congruent",29.999779,30.199777,"6^",0.839139,"Correct","Correct","Correct","Correct"
"12",16,"7_8_stimuli","7_8","Incongruent","Incongruent","Congruent","Incongruent",31.999762,32.199766,"8*",0.343421,"Correct","Correct","Correct","Correct"
"12",17,"1_2_stimuli","2_2","Congruent","Incongruent","Incongruent","Congruent",33.999754,34.199747,"2@",0.583106,"Correct","Correct","Correct","Correct"
"12",18,"3_4_stimuli","3_4","Incongruent","Congruent","Incongruent","Incongruent",35.999728,36.199729,"4$",0.614982,"Correct","Correct","Correct","Correct"
"12",19,"5_6_stimuli","6_6","Congruent","Incongruent","Congruent","Incongruent",37.999718,38.199723,"5%",0.695555,"Error","Correct","Correct","Correct"
"12",20,"7_8_stimuli","7_8","Incongruent","Congruent","Incongruent","Congruent",39.999707,40.199698,"8*",0.471354,"Correct","Error","Correct","Correct"
"12",21,"1_2_stimuli","1_1","Congruent","Incongruent","Congruent","Incongruent",41.999686,42.199688,"1!",0.439203,"Correct","Correct","Error","Correct"
"12",22,"3_4_stimuli","4_4","Congruent","Congruent","Incongruent","Congruent",43.999673,44.199669,"4$",0.535641,"Correct","Correct","Correct","Error"
"12",23,"5_6_stimuli","6_5","Incongruent","Congruent","Congruent","Incongruent",45.999652,46.199659,"5%",0.567052,"Correct","Correct","Correct","Correct"
"12",24,"7_8_stimuli","8_7","Incongruent","Incongruent","Congruent","Congruent",47.999635,48.199647,"6^",0.487433,"Error","Correct","Correct","Correct"
"12",25,"1_2_stimuli","1_2","Incongruent","Incongruent","Incongruent","Congruent",49.999632,50.19963,"2@",0.631444,"Correct","Error","Correct","Correct"
"12",26,"3_4_stimuli","4_3","Incongruent","Incongruent","Incongruent","Incongruent",51.999599,52.199609,"3#",0.375338,"Correct","Correct","Error","Correct"
"12",27,"5_6_stimuli","5_5","Congruent","Incongruent","Incongruent","Incongruent",53.999602,54.199593,"5%",0.391343,"Correct","Correct","Correct","Error"
"12",28,"7_8_stimuli","8_7","Incongruent","Congruent","Incongruent","Incongruent",55.999585,56.199581,"7&",0.391408,"Correct","Correct","Correct","Correct"
"12",29,"1_2_stimuli","2_1","Incongruent","Incongruent","Congruent","Incongruent",57.999565,58.199568,"1!",0.455212,"Correct","Correct","Correct","Correct"
"12",30,"3_4_stimuli","4_3","Incongruent","Incongruent","Incongruent","Congruent",59.999556,60.199551,"3#",0.391134,"Correct","Correct","Correct","Correct"
"12",31,"5_6_stimuli","5_6","Incongruent","Incongruent","Incongruent","Incongruent",61.999541,62.199534,"5%",0.391575,"Error","Correct","Correct","Correct"
"12",32,"7_8_stimuli","7_8","Incongruent","Incongruent","Incongruent","Incongruent",63.999531,64.19953,"8*",0.439583,"Correct","Error","Correct","Correct"
"12",33,"1_2_stimuli","2_1","Incongruent","Incongruent","Incongruent","Incongruent",65.999517,66.199508,"2@",0.599163,"Error","Correct","Error","Correct"
"12",34,"3_4_stimuli","3_3","Congruent","Incongruent","Incongruent","Incongruent",67.999499,68.199491,"3#",0.391248,"Correct","Error","Correct","Error"
"12",35,"5_6_stimuli","5_5","Congruent","Congruent","Incongruent","Incongruent",69.999479,70.199486,"5%",0.5196,"Correct","Correct","Error","Correct"
"12",36,"7_8_stimuli","8_7","Incongruent","Congruent","Congruent","Incongruent",71.999472,72.199465,"7&",0.503243,"Correct","Correct","Correct","Error"
"12",37,"1_2_stimuli","1_1","Congruent","Incongruent","Congruent","Congruent",73.999452,74.199447,"1!",0.535298,"Correct","Correct","Correct","Correct"
"12",38,"3_4_stimuli","3_4","Incongruent","Congruent","Incongruent","Congruent",75.999444,76.199439,"4$",0.535683,"Correct","Correct","Correct","Correct"
"12",39,"5_6_stimuli","5_6","Incongruent","Incongruent","Congruent","Incongruent",77.999418,78.199413,"6^",0.551498,"Correct","Correct","Correct","Correct"
"12",40,"7_8_stimuli","8_8","Congruent","Incongruent","Incongruent","Congruent",79.999409,80.199408,"8*",0.455565,"Correct","Correct","Correct","Correct"
"12",41,"1_2_stimuli","1_2","Incongruent","Congruent","Incongruent","Incongruent",81.99939,82.199392,"2@",0.615625,"Correct","Correct","Correct","Correct"
"12",42,"3_4_stimuli","4_3","Incongruent","Incongruent","Congruent","Incongruent",83.999379,84.19937,"3#",0.311519,"Correct","Correct","Correct","Correct"
"12",43,"5_6_stimuli","6_6","Congruent","Incongruent","Incongruent","Congruent",85.99936,86.199353,"6^",0.51939,"Correct","Correct","Correct","Correct"
"12",44,"7_8_stimuli","7_7","Congruent","Congruent","Incongruent","Incongruent",87.999344,88.19935,"7&",0.375415,"Correct","Correct","Correct","Correct"
"12",45,"1_2_stimuli","1_2","Incongruent","Congruent","Congruent","Incongruent",89.999339,90.199325,"2@",0.487826,"Correct","Correct","Correct","Correct"
"12",46,"3_4_stimuli","3_3","Congruent","Incongruent","Congruent","Congruent",91.999314,92.199317,"3#",0.343741,"Correct","Correct","Correct","Correct"
"12",47,"5_6_stimuli","5_5","Congruent","Congruent","Incongruent","Congruent",93.999303,94.199299,"6^",0.4558,"Error","Correct","Correct","Correct"
"12",48,"7_8_stimuli","8_8","Congruent","Congruent","Congruent","Incongruent",95.999289,96.199283,"8*",0.295886,"Correct","Error","Correct","Correct"
"12",49,"1_2_stimuli","1_1","Congruent","Congruent","Congruent","Congruent",97.999269,98.199268,"1!",0.632007,"Correct","Correct","Error","Correct"
"12",50,"3_4_stimuli","4_3","Incongruent","Congruent","Congruent","Congruent",99.999267,100.199244,"3#",0.359676,"Correct","Correct","Correct","Error"
"12",51,"5_6_stimuli","5_6","Incongruent","Incongruent","Congruent","Congruent",101.999246,102.199241,"6^",0.519888,"Correct","Correct","Correct","Correct"
"12",52,"7_8_stimuli","7_8","Incongruent","Incongruent","Incongruent","Congruent",103.999225,104.199226,"8*",0.503929,"Correct","Correct","Correct","Correct"
"12",53,"1_2_stimuli","2_2","Congruent","Incongruent","Incongruent","Incongruent",105.999218,106.199207,"2@",0.504026,"Correct","Correct","Correct","Correct"
"12",54,"3_4_stimuli","4_4","Congruent","Congruent","Incongruent","Incongruent",107.999202,108.199192,"4$",0.327983,"Correct","Correct","Correct","Correct"
"12",55,"5_6_stimuli","5_5","Congruent","Congruent","Congruent","Incongruent",109.999184,110.199185,"5%",0.455749,"Correct","Correct","Correct","Correct"
"12",56,"7_8_stimuli","7_7","Congruent","Congruent","Congruent","Congruent",111.999169,112.199168,"7&",0.407561,"Correct","Correct","Correct","Correct"
"12",57,"1_2_stimuli","1_2","Incongruent","Congruent","Congruent","Congruent",113.999158,114.199148,"2@",0.584121,"Correct","Correct","Correct","Correct"
"12",58,"3_4_stimuli","3_4","Incongruent","Incongruent","Congruent","Congruent",115.999143,116.19914,"4$",0.344,"Correct","Correct","Correct","Correct"
"12",59,"5_6_stimuli","6_5","Incongruent","Incongruent","Incongruent","Congruent",117.999138,118.199119,"5%",0.439845,"Correct","Correct","Correct","Correct"
"12",60,"7_8_stimuli","7_7","Congruent","Incongruent","Incongruent","Incongruent",119.999109,120.199109,"7&",0.504155,"Correct","Correct","Correct","Correct"
"12",61,"1_2_stimuli","2_2","Congruent","Congruent","Incongruent","Incongruent",121.999097,122.199085,"2@",0.440004,"Correct","Correct","Correct","Correct"
"12",62,"3_4_stimuli","3_4","Incongruent","Congruent","Congruent","Incongruent",123.999091,124.199078,"4$",0.439602,"Correct","Correct","Correct","Correct"
"12",63,"5_6_stimuli","6_6","Congruent","Incongruent","Congruent","Congruent",125.999064,126.199063,"6^",0.376006,"Correct","Correct","Correct","Correct"
"12",64,"7_8_stimuli","8_8","Congruent","Congruent","Incongruent","Congruent",127.999052,128.19905,"8*",0.264157,"Correct","Correct","Correct","Correct"
"12",65,"1_2_stimuli","2_2","Congruent","Congruent","Congruent","Incongruent",129.99904,130.199026,"2@",0.58368,"Correct","Correct","Correct","Correct"
"12",66,"3_4_stimuli","4_4","Congruent","Congruent","Congruent","Congruent",131.999021,132.199023,"4$",0.520161,"Correct","Correct","Correct","Correct"
"12",67,"5_6_stimuli","6_5","Incongruent","Congruent","Congruent","Congruent",133.999011,134.199005,"5%",0.503739,"Correct","Correct","Correct","Correct"
"12",68,"7_8_stimuli","8_8","Congruent","Incongruent","Congruent","Congruent",135.998991,136.198994,"8*",0.359984,"Correct","Correct","Correct","Correct"
"13",1,"1_2_stimuli","2_2","Congruent",NA,NA,NA,1.999983,2.199987,"2@",0.521578,"Correct",NA,NA,NA
"13",2,"3_4_stimuli","4_4","Congruent","Congruent",NA,NA,3.999969,4.199974,"4$",0.425537,"Correct","Correct",NA,NA
"13",3,"5_6_stimuli","6_6","Congruent","Congruent","Congruent",NA,5.999966,6.199955,"5%",0.393641,"Error","Correct","Correct",NA
"13",4,"7_8_stimuli","7_7","Congruent","Congruent","Congruent","Congruent",7.999942,8.199953,"7&",0.585708,"Correct","Error","Correct","Correct"
"13",5,"1_2_stimuli","1_1","Congruent","Congruent","Congruent","Congruent",9.999934,10.199935,"1!",0.537801,"Correct","Correct","Error","Correct"
"13",6,"3_4_stimuli","3_4","Incongruent","Congruent","Congruent","Congruent",11.999924,12.19991,"4$",0.425722,"Correct","Correct","Correct","Error"
"13",7,"5_6_stimuli","5_5","Congruent","Incongruent","Congruent","Congruent",13.999908,14.199909,"5%",0.521698,"Correct","Correct","Correct","Correct"
"13",8,"7_8_stimuli","7_8","Incongruent","Congruent","Incongruent","Congruent",15.999893,16.199886,"8*",0.489801,"Correct","Correct","Correct","Correct"
"13",9,"1_2_stimuli","2_2","Congruent","Incongruent","Congruent","Incongruent",17.999873,18.199868,"2@",0.441868,"Correct","Correct","Correct","Correct"
"13",10,"3_4_stimuli","4_4","Congruent","Congruent","Incongruent","Congruent",19.999855,20.199861,"4$",0.426015,"Correct","Correct","Correct","Correct"
"13",11,"5_6_stimuli","5_6","Incongruent","Congruent","Congruent","Incongruent",21.999847,22.199841,"6^",0.489867,"Correct","Correct","Correct","Correct"
"13",12,"7_8_stimuli","7_7","Congruent","Incongruent","Congruent","Congruent",23.999828,24.199823,"7&",0.361656,"Correct","Correct","Correct","Correct"
"13",13,"1_2_stimuli","1_2","Incongruent","Congruent","Incongruent","Congruent",25.999819,26.199822,"3#",0.713738,"Error","Correct","Correct","Correct"
"13",14,"3_4_stimuli","3_4","Incongruent","Incongruent","Congruent","Incongruent",27.999795,28.199798,"4$",0.553747,"Correct","Error","Correct","Correct"
"13",15,"5_6_stimuli","6_5","Incongruent","Incongruent","Incongruent","Congruent",29.999783,30.199787,"5%",0.857552,"Correct","Correct","Error","Correct"
"13",16,"7_8_stimuli","8_7","Incongruent","Incongruent","Incongruent","Incongruent",31.999761,32.199773,"7&",0.441534,"Correct","Correct","Correct","Error"
"13",17,"1_2_stimuli","1_2","Incongruent","Incongruent","Incongruent","Incongruent",33.99976,34.19975,"2@",0.570056,"Correct","Correct","Correct","Correct"
"13",18,"3_4_stimuli","4_3","Incongruent","Incongruent","Incongruent","Incongruent",35.999744,36.199735,"3#",0.426176,"Correct","Correct","Correct","Correct"
"13",19,"5_6_stimuli","5_6","Incongruent","Incongruent","Incongruent","Incongruent",37.999723,38.199721,"6^",0.697554,"Correct","Correct","Correct","Correct"
"13",20,"7_8_stimuli","8_8","Congruent","Incongruent","Incongruent","Incongruent",39.99972,40.199729,"8*",0.521892,"Correct","Correct","Correct","Correct"
"13",21,"1_2_stimuli","2_2","Congruent","Congruent","Incongruent","Incongruent",41.999691,42.19969,"1!",0.602192,"Error","Correct","Correct","Correct"
"13",22,"3_4_stimuli","3_4","Incongruent","Congruent","Congruent","Incongruent",43.999681,44.199687,"4$",0.537669,"Correct","Error","Correct","Correct"
"13",23,"5_6_stimuli","5_6","Incongruent","Incongruent","Congruent","Congruent",45.999676,46.199675,"6^",0.730226,"Correct","Correct","Error","Correct"
"13",24,"7_8_stimuli","8_7","Incongruent","Incongruent","Incongruent","Congruent",47.999648,48.199643,"7&",0.394001,"Correct","Correct","Correct","Error"
"13",25,"1_2_stimuli","1_1","Congruent","Incongruent","Incongruent","Incongruent",49.999646,50.199641,"1!",0.698096,"Correct","Correct","Correct","Correct"
"13",26,"3_4_stimuli","3_3","Congruent","Congruent","Incongruent","Incongruent",51.999631,52.199624,"3#",0.345944,"Correct","Correct","Correct","Correct"
"13",27,"5_6_stimuli","6_6","Congruent","Congruent","Congruent","Incongruent",53.999611,54.199602,"6^",0.714033,"Correct","Correct","Correct","Correct"
"13",28,"7_8_stimuli","7_7","Congruent","Congruent","Congruent","Congruent",55.99959,56.199597,"7&",0.53769,"Correct","Correct","Correct","Correct"
"13",29,"1_2_stimuli","2_1","Incongruent","Congruent","Congruent","Congruent",57.999586,58.199576,"1!",0.681765,"Correct","Correct","Correct","Correct"
"13",30,"3_4_stimuli","3_3","Congruent","Incongruent","Congruent","Congruent",59.999552,60.199568,"3#",0.570225,"Correct","Correct","Correct","Correct"
"13",31,"5_6_stimuli","5_5","Congruent","Congruent","Incongruent","Congruent",61.999544,62.199551,"6^",0.586051,"Error","Correct","Correct","Correct"
"13",32,"7_8_stimuli","7_8","Incongruent","Congruent","Congruent","Incongruent",63.999525,64.199537,"8*",0.442155,"Correct","Error","Correct","Correct"
"13",33,"1_2_stimuli","2_2","Congruent","Incongruent","Congruent","Congruent",65.999523,66.199514,"2@",0.697814,"Correct","Correct","Error","Correct"
"13",34,"3_4_stimuli","4_3","Incongruent","Congruent","Incongruent","Congruent",67.999501,68.199505,"3#",0.409867,"Correct","Correct","Correct","Error"
"13",35,"5_6_stimuli","6_5","Incongruent","Incongruent","Congruent","Incongruent",69.999493,70.199489,"5%",0.346005,"Correct","Correct","Correct","Correct"
"13",36,"7_8_stimuli","8_8","Congruent","Incongruent","Incongruent","Congruent",71.999487,72.199476,"7&",0.200125,"Error","Correct","Correct","Correct"
"13",37,"1_2_stimuli","1_2","Incongruent","Congruent","Incongruent","Incongruent",73.999457,74.199467,"2@",0.634188,"Correct","Error","Correct","Correct"
"13",38,"3_4_stimuli","3_3","Congruent","Incongruent","Congruent","Incongruent",75.999451,76.199445,"3#",0.314372,"Correct","Correct","Error","Correct"
"13",39,"5_6_stimuli","6_5","Incongruent","Congruent","Incongruent","Congruent",77.999428,78.199426,"5%",0.409905,"Correct","Correct","Correct","Error"
"13",40,"7_8_stimuli","7_8","Incongruent","Incongruent","Congruent","Incongruent",79.999413,80.199421,"8*",0.409912,"Correct","Correct","Correct","Correct"
"13",41,"1_2_stimuli","1_1","Congruent","Incongruent","Incongruent","Congruent",81.999404,82.199393,"1!",0.538147,"Correct","Correct","Correct","Correct"
"13",42,"3_4_stimuli","4_3","Incongruent","Congruent","Incongruent","Incongruent",83.999389,84.199378,"3#",0.762125,"Correct","Correct","Correct","Correct"
"13",43,"5_6_stimuli","6_6","Congruent","Incongruent","Congruent","Incongruent",85.999365,86.199374,"6^",0.474171,"Correct","Correct","Correct","Correct"
"13",44,"7_8_stimuli","7_7","Congruent","Congruent","Incongruent","Congruent",87.999353,88.199354,"7&",0.346277,"Correct","Correct","Correct","Correct"
"13",45,"1_2_stimuli","2_1","Incongruent","Congruent","Congruent","Incongruent",89.999336,90.199345,"1!",0.778134,"Correct","Correct","Correct","Correct"
"13",46,"3_4_stimuli","4_3","Incongruent","Incongruent","Congruent","Congruent",91.999327,92.199324,"3#",0.554006,"Correct","Correct","Correct","Correct"
"13",47,"5_6_stimuli","5_5","Congruent","Incongruent","Incongruent","Congruent",93.999308,94.19931,"5%",0.602069,"Correct","Correct","Correct","Correct"
"13",48,"7_8_stimuli","8_8","Congruent","Congruent","Incongruent","Incongruent",95.999295,96.199297,"7&",0.394591,"Error","Correct","Correct","Correct"
"13",49,"1_2_stimuli","2_2","Congruent","Congruent","Congruent","Incongruent",97.999291,98.199273,"2@",0.554085,"Correct","Error","Correct","Correct"
"13",50,"3_4_stimuli","4_4","Congruent","Congruent","Congruent","Congruent",99.99927,100.199257,"4$",0.474066,"Correct","Correct","Error","Correct"
"13",51,"5_6_stimuli","6_6","Congruent","Congruent","Congruent","Congruent",101.999253,102.199255,"7&",0.666591,"Error","Correct","Correct","Error"
"13",52,"7_8_stimuli","8_7","Incongruent","Congruent","Congruent","Congruent",103.999243,104.199233,"7&",0.378091,"Correct","Error","Correct","Correct"
"13",53,"1_2_stimuli","1_2","Incongruent","Incongruent","Congruent","Congruent",105.999224,106.199214,"2@",0.570351,"Correct","Correct","Error","Correct"
"13",54,"3_4_stimuli","3_4","Incongruent","Incongruent","Incongruent","Congruent",107.999209,108.199206,"4$",0.538804,"Correct","Correct","Correct","Error"
"13",55,"5_6_stimuli","5_5","Congruent","Incongruent","Incongruent","Incongruent",109.99919,110.199194,"5%",0.842848,"Correct","Correct","Correct","Correct"
"13",56,"7_8_stimuli","7_8","Incongruent","Congruent","Incongruent","Incongruent",111.999178,112.199189,"8*",0.650436,"Correct","Correct","Correct","Correct"
"13",57,"1_2_stimuli","2_1","Incongruent","Incongruent","Congruent","Incongruent",113.999166,114.19916,"1!",0.586593,"Correct","Correct","Correct","Correct"
"13",58,"3_4_stimuli","4_4","Congruent","Incongruent","Incongruent","Congruent",115.999165,116.19915,"4$",0.474449,"Correct","Correct","Correct","Correct"
"13",59,"5_6_stimuli","6_5","Incongruent","Congruent","Incongruent","Incongruent",117.999129,118.199137,"5%",0.410208,"Correct","Correct","Correct","Correct"
"13",60,"7_8_stimuli","7_7","Congruent","Incongruent","Congruent","Incongruent",119.999124,120.199117,"7&",0.250566,"Correct","Correct","Correct","Correct"
"13",61,"1_2_stimuli","1_1","Congruent","Congruent","Incongruent","Congruent",121.999102,122.199103,"1!",0.394576,"Correct","Correct","Correct","Correct"
"13",62,"3_4_stimuli","3_3","Congruent","Congruent","Congruent","Incongruent",123.999091,124.199081,"3#",0.266304,"Correct","Correct","Correct","Correct"
"13",63,"5_6_stimuli","5_6","Incongruent","Congruent","Congruent","Congruent",125.999075,126.199074,"6^",0.522803,"Correct","Correct","Correct","Correct"
"13",64,"7_8_stimuli","8_7","Incongruent","Incongruent","Congruent","Congruent",127.999066,128.199055,"7&",0.394675,"Correct","Correct","Correct","Correct"
"13",65,"1_2_stimuli","2_1","Incongruent","Incongruent","Incongruent","Congruent",129.999047,130.199049,"1!",0.490718,"Correct","Correct","Correct","Correct"
"13",66,"3_4_stimuli","4_4","Congruent","Incongruent","Incongruent","Incongruent",131.999036,132.199038,"4$",0.490322,"Correct","Correct","Correct","Correct"
"13",67,"5_6_stimuli","6_6","Congruent","Congruent","Incongruent","Incongruent",133.999013,134.199016,"6^",0.458657,"Correct","Correct","Correct","Correct"
"13",68,"7_8_stimuli","8_8","Congruent","Congruent","Congruent","Incongruent",135.999003,136.199002,"8*",0.410509,"Correct","Correct","Correct","Correct"
