"Run.Number","Trial.Number","Task","Stimulus","Current.Trial.Type","Previous.Trial.Type","Previous.Trial.Type.N2","Previous.Trial.Type.N3","StimulusOnsetTime","StimulusOffsetTime","Response","RT","Accuracy","PreviousAccuracy","PreviousAccuracy.N2","Previous.Accuracy.N3"
"practice",1,"1_2_stimuli","1_2","Incongruent",NA,NA,NA,1.999982,2.199992,"2@",0.58884,"Correct",NA,NA,NA
"practice",2,"3_4_stimuli","3_3","Congruent","Incongruent",NA,NA,3.999977,4.199971,"3#",0.732851,"Correct","Correct",NA,NA
"practice",3,"5_6_stimuli","6_6","Congruent","Congruent","Incongruent",NA,5.999955,6.199967,"6^",1.484346,"Correct","Correct","Correct",NA
"practice",4,"7_8_stimuli","7_8","Incongruent","Congruent","Congruent","Incongruent",7.999945,8.199952,"8*",1.244845,"Correct","Correct","Correct","Correct"
"practice",5,"1_2_stimuli","2_1","Incongruent","Incongruent","Congruent","Congruent",9.999936,10.199929,"1!",0.780411,"Correct","Correct","Correct","Correct"
"practice",6,"3_4_stimuli","3_4","Incongruent","Incongruent","Incongruent","Congruent",11.999924,12.199928,"4$",0.828856,"Correct","Correct","Correct","Correct"
"practice",7,"5_6_stimuli","5_5","Congruent","Incongruent","Incongruent","Incongruent",13.999909,14.199917,"5%",1.14845,"Correct","Correct","Correct","Correct"
"practice",8,"7_8_stimuli","7_8","Incongruent","Congruent","Incongruent","Incongruent",15.999897,16.1999,"8*",0.700545,"Correct","Correct","Correct","Correct"
"practice",9,"1_2_stimuli","1_2","Incongruent","Incongruent","Congruent","Incongruent",17.999886,18.199879,"2@",0.652769,"Correct","Correct","Correct","Correct"
"practice",10,"3_4_stimuli","3_3","Congruent","Incongruent","Incongruent","Congruent",19.999867,20.199869,"3#",0.572931,"Correct","Correct","Correct","Correct"
"practice",11,"5_6_stimuli","5_6","Incongruent","Congruent","Incongruent","Incongruent",21.999866,22.199857,"6^",1.308927,"Correct","Correct","Correct","Correct"
"practice",12,"7_8_stimuli","7_7","Congruent","Incongruent","Congruent","Incongruent",23.999847,24.199843,"7&",0.556669,"Correct","Correct","Correct","Correct"
"practice",13,"1_2_stimuli","1_1","Congruent","Congruent","Incongruent","Congruent",25.999838,26.199837,"1!",0.652494,"Correct","Correct","Correct","Correct"
"practice",14,"3_4_stimuli","4_3","Incongruent","Congruent","Congruent","Incongruent",27.999827,28.199817,"3#",0.684554,"Correct","Correct","Correct","Correct"
"practice",15,"5_6_stimuli","5_5","Congruent","Incongruent","Congruent","Congruent",29.999802,30.199807,"5%",0.812565,"Correct","Correct","Correct","Correct"
"practice",16,"7_8_stimuli","7_8","Incongruent","Congruent","Incongruent","Congruent",31.999799,32.199797,"8*",0.717137,"Correct","Correct","Correct","Correct"
"practice",17,"1_2_stimuli","2_2","Congruent","Incongruent","Congruent","Incongruent",33.999789,34.19978,"2@",0.573297,"Correct","Correct","Correct","Correct"
"practice",18,"3_4_stimuli","4_4","Congruent","Congruent","Incongruent","Congruent",35.999769,36.199773,"4$",0.861145,"Correct","Correct","Correct","Correct"
"practice",19,"5_6_stimuli","5_6","Incongruent","Congruent","Congruent","Incongruent",37.999745,38.199743,"7&",0.573087,"Error","Correct","Correct","Correct"
"practice",20,"7_8_stimuli","8_8","Congruent","Incongruent","Congruent","Congruent",39.999745,40.199734,"8*",0.748648,"Correct","Error","Correct","Correct"
"practice",21,"1_2_stimuli","1_2","Incongruent","Congruent","Incongruent","Congruent",41.99973,42.19972,"2@",0.749303,"Correct","Correct","Error","Correct"
"practice",22,"3_4_stimuli","3_3","Congruent","Incongruent","Congruent","Incongruent",43.999718,44.199707,"3#",0.66896,"Correct","Correct","Correct","Error"
"practice",23,"5_6_stimuli","5_5","Congruent","Congruent","Incongruent","Congruent",45.999703,46.199707,"5%",0.940689,"Correct","Correct","Correct","Correct"
"practice",24,"7_8_stimuli","8_8","Congruent","Congruent","Congruent","Incongruent",47.999691,48.199691,"8*",0.733294,"Correct","Correct","Correct","Correct"
"practice",25,"1_2_stimuli","1_1","Congruent","Congruent","Congruent","Congruent",49.999677,50.199683,"1!",0.620741,"Correct","Correct","Correct","Correct"
"practice",26,"3_4_stimuli","4_4","Congruent","Congruent","Congruent","Congruent",51.999674,52.199666,"4$",0.749015,"Correct","Correct","Correct","Correct"
"practice",27,"5_6_stimuli","6_5","Incongruent","Congruent","Congruent","Congruent",53.999652,54.199655,"5%",0.765293,"Correct","Correct","Correct","Correct"
"practice",28,"7_8_stimuli","8_7","Incongruent","Incongruent","Congruent","Congruent",55.999635,56.19964,"7&",0.589298,"Correct","Correct","Correct","Correct"
"practice",29,"1_2_stimuli","2_1","Incongruent","Incongruent","Incongruent","Congruent",57.999633,58.199624,"1!",0.508792,"Correct","Correct","Correct","Correct"
"practice",30,"3_4_stimuli","3_4","Incongruent","Incongruent","Incongruent","Incongruent",59.999605,60.199605,"4$",0.540821,"Correct","Correct","Correct","Correct"
"practice",31,"5_6_stimuli","6_5","Incongruent","Incongruent","Incongruent","Incongruent",61.999597,62.199594,"5%",0.797076,"Correct","Correct","Correct","Correct"
"practice",32,"7_8_stimuli","8_7","Incongruent","Incongruent","Incongruent","Incongruent",63.99958,64.199586,"7&",1.165365,"Correct","Correct","Correct","Correct"
"practice",33,"1_2_stimuli","2_2","Congruent","Incongruent","Incongruent","Incongruent",65.99957,66.199581,"2@",0.813372,"Correct","Correct","Correct","Correct"
"practice",34,"3_4_stimuli","4_4","Congruent","Congruent","Incongruent","Incongruent",67.999565,68.199563,"4$",0.989924,"Correct","Correct","Correct","Correct"
"practice",35,"5_6_stimuli","6_6","Congruent","Congruent","Congruent","Incongruent",69.999539,70.199555,"6^",0.973473,"Correct","Correct","Correct","Correct"
"practice",36,"7_8_stimuli","8_8","Congruent","Congruent","Congruent","Congruent",71.999532,72.199532,"8*",0.65347,"Correct","Correct","Correct","Correct"
"practice",37,"1_2_stimuli","1_2","Incongruent","Congruent","Congruent","Congruent",73.999513,74.199529,"2@",0.909101,"Correct","Correct","Correct","Correct"
"practice",38,"3_4_stimuli","4_3","Incongruent","Incongruent","Congruent","Congruent",75.999506,76.199507,"3#",0.733227,"Correct","Correct","Correct","Correct"
"practice",39,"5_6_stimuli","5_6","Incongruent","Incongruent","Incongruent","Congruent",77.999489,78.199485,"6^",1.405261,"Correct","Correct","Correct","Correct"
"practice",40,"7_8_stimuli","8_8","Congruent","Incongruent","Incongruent","Incongruent",79.999481,80.199485,"8*",1.053488,"Correct","Correct","Correct","Correct"
"practice",41,"1_2_stimuli","2_1","Incongruent","Congruent","Incongruent","Incongruent",81.999479,82.199466,"1!",0.668946,"Correct","Correct","Correct","Correct"
"practice",42,"3_4_stimuli","3_4","Incongruent","Incongruent","Congruent","Incongruent",83.999458,84.199458,"4$",0.733398,"Correct","Correct","Correct","Correct"
"practice",43,"5_6_stimuli","6_6","Congruent","Incongruent","Incongruent","Congruent",85.99945,86.19945,"Omission",5000,"Omission","Correct","Correct","Correct"
"practice",44,"7_8_stimuli","7_7","Congruent","Congruent","Incongruent","Incongruent",87.999434,88.199425,"Omission",5000,"Omission","Omission","Correct","Correct"
"practice",45,"1_2_stimuli","1_2","Incongruent","Congruent","Congruent","Incongruent",89.999414,90.199419,"2@",0.557038,"Correct","Omission","Omission","Correct"
"practice",46,"3_4_stimuli","3_3","Congruent","Incongruent","Congruent","Congruent",91.999404,92.199409,"3#",0.685073,"Correct","Correct","Omission","Omission"
"practice",47,"5_6_stimuli","5_6","Incongruent","Congruent","Incongruent","Congruent",93.999386,94.199387,"6^",1.085627,"Correct","Correct","Correct","Omission"
"practice",48,"7_8_stimuli","7_8","Incongruent","Incongruent","Congruent","Incongruent",95.999376,96.199373,"8*",0.621551,"Correct","Correct","Correct","Correct"
"practice",49,"1_2_stimuli","1_1","Congruent","Incongruent","Incongruent","Congruent",97.999361,98.199368,"1!",0.557519,"Correct","Correct","Correct","Correct"
"practice",50,"3_4_stimuli","4_3","Incongruent","Congruent","Incongruent","Incongruent",99.999352,100.199349,"3#",0.829647,"Correct","Correct","Correct","Correct"
"practice",51,"5_6_stimuli","6_5","Incongruent","Incongruent","Congruent","Incongruent",101.999339,102.199338,"5%",1.037095,"Correct","Correct","Correct","Correct"
"practice",52,"7_8_stimuli","8_7","Incongruent","Incongruent","Incongruent","Congruent",103.999335,104.19933,"7&",0.765527,"Correct","Correct","Correct","Correct"
"practice",53,"1_2_stimuli","2_1","Incongruent","Incongruent","Incongruent","Incongruent",105.999305,106.199308,"1!",0.653143,"Correct","Correct","Correct","Correct"
"practice",54,"3_4_stimuli","3_3","Congruent","Incongruent","Incongruent","Incongruent",107.999296,108.199301,"3#",0.845591,"Correct","Correct","Correct","Correct"
"practice",55,"5_6_stimuli","6_6","Congruent","Congruent","Incongruent","Incongruent",109.999283,110.199288,"6^",1.053636,"Correct","Correct","Correct","Correct"
"practice",56,"7_8_stimuli","8_7","Incongruent","Congruent","Congruent","Incongruent",111.999267,112.199275,"7&",0.797224,"Correct","Correct","Correct","Correct"
"practice",57,"1_2_stimuli","1_1","Congruent","Incongruent","Congruent","Congruent",113.99926,114.199257,"1!",0.685749,"Correct","Correct","Correct","Correct"
"practice",58,"3_4_stimuli","3_4","Incongruent","Congruent","Incongruent","Congruent",115.999251,116.199239,"4$",0.717841,"Correct","Correct","Correct","Correct"
"practice",59,"5_6_stimuli","5_5","Congruent","Incongruent","Congruent","Incongruent",117.999241,118.199233,"5%",1.085849,"Correct","Correct","Correct","Correct"
"practice",60,"7_8_stimuli","7_7","Congruent","Congruent","Incongruent","Congruent",119.999224,120.199213,"7&",1.19759,"Correct","Correct","Correct","Correct"
"practice",61,"1_2_stimuli","2_2","Congruent","Congruent","Congruent","Incongruent",121.999207,122.199201,"2@",0.781887,"Correct","Correct","Correct","Correct"
"practice",62,"3_4_stimuli","4_3","Incongruent","Congruent","Congruent","Congruent",123.999201,124.199191,"3#",0.733521,"Correct","Correct","Correct","Correct"
"practice",63,"5_6_stimuli","6_5","Incongruent","Incongruent","Congruent","Congruent",125.999185,126.199186,"5%",1.037487,"Correct","Correct","Correct","Correct"
"practice",64,"7_8_stimuli","7_7","Congruent","Incongruent","Incongruent","Congruent",127.999173,128.199174,"7&",1.085867,"Correct","Correct","Correct","Correct"
"practice",65,"1_2_stimuli","2_2","Congruent","Congruent","Incongruent","Incongruent",129.999151,130.199161,"2@",0.653422,"Correct","Correct","Correct","Correct"
"practice",66,"3_4_stimuli","4_4","Congruent","Congruent","Congruent","Incongruent",131.999145,132.199141,"4$",1.246072,"Correct","Correct","Correct","Correct"
"practice",67,"5_6_stimuli","6_6","Congruent","Congruent","Congruent","Congruent",133.999124,134.199134,"6^",0.78191,"Correct","Correct","Correct","Correct"
"practice",68,"7_8_stimuli","7_8","Incongruent","Congruent","Congruent","Congruent",135.999117,136.199114,"8*",0.6537,"Correct","Correct","Correct","Correct"
"1",1,"1_2_stimuli","1_2","Incongruent",NA,NA,NA,1.99998,2.199984,"2@",0.573925,"Correct",NA,NA,NA
"1",2,"3_4_stimuli","4_4","Congruent","Incongruent",NA,NA,3.999973,4.199962,"4$",0.749745,"Correct","Correct",NA,NA
"1",3,"5_6_stimuli","5_6","Incongruent","Congruent","Incongruent",NA,5.999969,6.199963,"6^",0.973925,"Correct","Correct","Correct",NA
"1",4,"7_8_stimuli","8_7","Incongruent","Incongruent","Congruent","Incongruent",7.999955,8.199954,"7&",1.38983,"Correct","Correct","Correct","Correct"
"1",5,"1_2_stimuli","2_2","Congruent","Incongruent","Incongruent","Congruent",9.99994,10.199934,"2@",0.589773,"Correct","Correct","Correct","Correct"
"1",6,"3_4_stimuli","3_3","Congruent","Congruent","Incongruent","Incongruent",11.999921,12.199914,"3#",0.846378,"Correct","Correct","Correct","Correct"
"1",7,"5_6_stimuli","6_6","Congruent","Congruent","Congruent","Incongruent",13.999897,14.199905,"6^",1.437854,"Correct","Correct","Correct","Correct"
"1",8,"7_8_stimuli","7_8","Incongruent","Congruent","Congruent","Congruent",15.999896,16.199889,"8*",1.342305,"Correct","Correct","Correct","Correct"
"1",9,"1_2_stimuli","1_1","Congruent","Incongruent","Congruent","Congruent",17.999888,18.199887,"1!",0.782169,"Correct","Correct","Correct","Correct"
"1",10,"3_4_stimuli","4_3","Incongruent","Congruent","Incongruent","Congruent",19.999872,20.199876,"3#",1.134213,"Correct","Correct","Correct","Correct"
"1",11,"5_6_stimuli","5_5","Congruent","Incongruent","Congruent","Incongruent",21.99986,22.199852,"5%",1.133895,"Correct","Correct","Correct","Correct"
"1",12,"7_8_stimuli","8_8","Congruent","Congruent","Incongruent","Congruent",23.999847,24.199841,"8*",0.68646,"Correct","Correct","Correct","Correct"
"1",13,"1_2_stimuli","2_2","Congruent","Congruent","Congruent","Incongruent",25.999822,26.199827,"2@",0.590473,"Correct","Correct","Correct","Correct"
"1",14,"3_4_stimuli","4_4","Congruent","Congruent","Congruent","Congruent",27.999808,28.199817,"4$",0.71801,"Correct","Correct","Correct","Correct"
"1",15,"5_6_stimuli","6_6","Congruent","Congruent","Congruent","Congruent",29.999812,30.199809,"6^",1.454247,"Correct","Correct","Correct","Correct"
"1",16,"7_8_stimuli","7_7","Congruent","Congruent","Congruent","Congruent",31.999781,32.199792,"7&",0.606545,"Correct","Correct","Correct","Correct"
"1",17,"1_2_stimuli","2_2","Congruent","Congruent","Congruent","Congruent",33.999776,34.199777,"2@",0.654431,"Correct","Correct","Correct","Correct"
"1",18,"3_4_stimuli","3_4","Incongruent","Congruent","Congruent","Congruent",35.999766,36.199772,"4$",0.798457,"Correct","Correct","Correct","Correct"
"1",19,"5_6_stimuli","6_5","Incongruent","Incongruent","Congruent","Congruent",37.999749,38.199721,"5%",1.214408,"Correct","Correct","Correct","Correct"
"1",20,"7_8_stimuli","7_8","Incongruent","Incongruent","Incongruent","Congruent",39.999735,40.199741,"8*",0.73457,"Correct","Correct","Correct","Correct"
"1",21,"1_2_stimuli","1_1","Congruent","Incongruent","Incongruent","Incongruent",41.999718,42.199722,"1!",0.654009,"Correct","Correct","Correct","Correct"
"1",22,"3_4_stimuli","3_4","Incongruent","Congruent","Incongruent","Incongruent",43.999712,44.199709,"4$",0.942056,"Correct","Correct","Correct","Correct"
"1",23,"5_6_stimuli","6_5","Incongruent","Incongruent","Congruent","Incongruent",45.999705,46.199702,"5%",1.182465,"Correct","Correct","Correct","Correct"
"1",24,"7_8_stimuli","7_7","Congruent","Incongruent","Incongruent","Congruent",47.999685,48.199695,"7&",0.798677,"Correct","Correct","Correct","Correct"
"1",25,"1_2_stimuli","1_2","Incongruent","Congruent","Incongruent","Incongruent",49.999672,50.199683,"2@",0.670106,"Correct","Correct","Correct","Correct"
"1",26,"3_4_stimuli","3_4","Incongruent","Incongruent","Congruent","Incongruent",51.999664,52.199669,"4$",1.294499,"Correct","Correct","Correct","Correct"
"1",27,"5_6_stimuli","6_6","Congruent","Incongruent","Incongruent","Congruent",53.999648,54.199646,"6^",1.182188,"Correct","Correct","Correct","Correct"
"1",28,"7_8_stimuli","8_7","Incongruent","Congruent","Incongruent","Incongruent",55.999645,56.199635,"7&",0.830711,"Correct","Correct","Correct","Correct"
"1",29,"1_2_stimuli","1_2","Incongruent","Incongruent","Congruent","Incongruent",57.999622,58.199626,"2@",0.526201,"Correct","Correct","Correct","Correct"
"1",30,"3_4_stimuli","4_3","Incongruent","Incongruent","Incongruent","Congruent",59.999613,60.199615,"3#",0.654714,"Correct","Correct","Correct","Correct"
"1",31,"5_6_stimuli","5_6","Incongruent","Incongruent","Incongruent","Incongruent",61.999606,62.199594,"6^",1.278193,"Correct","Correct","Correct","Correct"
"1",32,"7_8_stimuli","8_7","Incongruent","Incongruent","Incongruent","Incongruent",63.999585,64.199587,"7&",0.734527,"Correct","Correct","Correct","Correct"
"1",33,"1_2_stimuli","2_1","Incongruent","Incongruent","Incongruent","Incongruent",65.999549,66.199579,"1!",0.686285,"Correct","Correct","Correct","Correct"
"1",34,"3_4_stimuli","4_3","Incongruent","Incongruent","Incongruent","Incongruent",67.999556,68.199559,"3#",1.054796,"Correct","Correct","Correct","Correct"
"1",35,"5_6_stimuli","5_5","Congruent","Incongruent","Incongruent","Incongruent",69.999548,70.199543,"4$",1.390279,"Error","Correct","Correct","Correct"
"1",36,"7_8_stimuli","7_7","Congruent","Congruent","Incongruent","Incongruent",71.999528,72.199539,"7&",1.246284,"Correct","Error","Correct","Correct"
"1",37,"1_2_stimuli","2_1","Incongruent","Congruent","Congruent","Incongruent",73.999529,74.199518,"1!",0.686708,"Correct","Correct","Error","Correct"
"1",38,"3_4_stimuli","4_4","Congruent","Incongruent","Congruent","Congruent",75.999505,76.199503,"4$",0.734299,"Correct","Correct","Correct","Error"
"1",39,"5_6_stimuli","5_6","Incongruent","Congruent","Incongruent","Congruent",77.999502,78.1995,"6^",0.942712,"Correct","Correct","Correct","Correct"
"1",40,"7_8_stimuli","7_8","Incongruent","Incongruent","Congruent","Incongruent",79.999487,80.199474,"8*",0.974359,"Correct","Correct","Correct","Correct"
"1",41,"1_2_stimuli","2_1","Incongruent","Incongruent","Incongruent","Congruent",81.99947,82.199464,"1!",0.702415,"Correct","Correct","Correct","Correct"
"1",42,"3_4_stimuli","4_4","Congruent","Incongruent","Incongruent","Incongruent",83.999462,84.199452,"4$",0.846814,"Correct","Correct","Correct","Correct"
"1",43,"5_6_stimuli","5_6","Incongruent","Congruent","Incongruent","Incongruent",85.99945,86.199446,"6^",0.830686,"Correct","Correct","Correct","Correct"
"1",44,"7_8_stimuli","7_7","Congruent","Incongruent","Congruent","Incongruent",87.999433,88.199427,"Omission",5000,"Omission","Correct","Correct","Correct"
"1",45,"1_2_stimuli","1_1","Congruent","Congruent","Incongruent","Congruent",89.999415,90.199415,"1!",1.230756,"Correct","Omission","Correct","Correct"
"1",46,"3_4_stimuli","3_4","Incongruent","Congruent","Congruent","Incongruent",91.999408,92.199398,"4$",0.815104,"Correct","Correct","Omission","Correct"
"1",47,"5_6_stimuli","5_5","Congruent","Incongruent","Congruent","Congruent",93.999394,94.199384,"5%",0.990925,"Correct","Correct","Correct","Omission"
"1",48,"7_8_stimuli","8_7","Incongruent","Congruent","Incongruent","Congruent",95.999384,96.199381,"7&",1.054477,"Correct","Correct","Correct","Correct"
"1",49,"1_2_stimuli","2_2","Congruent","Incongruent","Congruent","Incongruent",97.999358,98.19937,"2@",0.639144,"Correct","Correct","Correct","Correct"
"1",50,"3_4_stimuli","3_3","Congruent","Congruent","Incongruent","Congruent",99.999352,100.199368,"3#",0.846492,"Correct","Correct","Correct","Correct"
"1",51,"5_6_stimuli","5_6","Incongruent","Congruent","Congruent","Incongruent",101.999343,102.19933,"5%",0.830591,"Error","Correct","Correct","Correct"
"1",52,"7_8_stimuli","8_8","Congruent","Incongruent","Congruent","Congruent",103.999335,104.199326,"8*",0.702823,"Correct","Error","Correct","Correct"
"1",53,"1_2_stimuli","2_1","Incongruent","Congruent","Incongruent","Congruent",105.999322,106.199315,"1!",0.542824,"Correct","Correct","Error","Correct"
"1",54,"3_4_stimuli","4_4","Congruent","Incongruent","Congruent","Incongruent",107.999311,108.199296,"4$",0.543013,"Correct","Correct","Correct","Error"
"1",55,"5_6_stimuli","6_6","Congruent","Congruent","Incongruent","Congruent",109.999291,110.199284,"6^",0.782902,"Correct","Correct","Correct","Correct"
"1",56,"7_8_stimuli","8_7","Incongruent","Congruent","Congruent","Incongruent",111.999273,112.199268,"7&",0.751155,"Correct","Correct","Correct","Correct"
"1",57,"1_2_stimuli","1_2","Incongruent","Incongruent","Congruent","Congruent",113.999265,114.199264,"2@",0.671183,"Correct","Correct","Correct","Correct"
"1",58,"3_4_stimuli","3_3","Congruent","Incongruent","Incongruent","Congruent",115.99925,116.199247,"3#",0.622664,"Correct","Correct","Correct","Correct"
"1",59,"5_6_stimuli","5_5","Congruent","Congruent","Incongruent","Incongruent",117.999242,118.199236,"5%",0.766878,"Correct","Correct","Correct","Correct"
"1",60,"7_8_stimuli","8_8","Congruent","Congruent","Congruent","Incongruent",119.999216,120.199215,"8*",0.63899,"Correct","Correct","Correct","Correct"
"1",61,"1_2_stimuli","1_2","Incongruent","Congruent","Congruent","Congruent",121.999205,122.199212,"2@",0.862711,"Correct","Correct","Correct","Correct"
"1",62,"3_4_stimuli","4_3","Incongruent","Incongruent","Congruent","Congruent",123.999199,124.19919,"3#",0.606657,"Correct","Correct","Correct","Correct"
"1",63,"5_6_stimuli","6_5","Incongruent","Incongruent","Incongruent","Congruent",125.999188,126.199178,"5%",0.958986,"Correct","Correct","Correct","Correct"
"1",64,"7_8_stimuli","8_8","Congruent","Incongruent","Incongruent","Incongruent",127.999177,128.199167,"8*",0.63936,"Correct","Correct","Correct","Correct"
"1",65,"1_2_stimuli","1_1","Congruent","Congruent","Incongruent","Incongruent",129.999152,130.199169,"1!",0.542929,"Correct","Correct","Correct","Correct"
"1",66,"3_4_stimuli","3_3","Congruent","Congruent","Congruent","Incongruent",131.999146,132.199146,"3#",0.575107,"Correct","Correct","Correct","Correct"
"1",67,"5_6_stimuli","6_5","Incongruent","Congruent","Congruent","Congruent",133.999141,134.199131,"5%",0.798799,"Correct","Correct","Correct","Correct"
"1",68,"7_8_stimuli","7_8","Incongruent","Incongruent","Congruent","Congruent",135.999121,136.199113,"8*",0.607374,"Correct","Correct","Correct","Correct"
"2",1,"1_2_stimuli","1_2","Incongruent",NA,NA,NA,1.999954,2.199961,"2@",0.450168,"Correct",NA,NA,NA
"2",2,"3_4_stimuli","4_4","Congruent","Incongruent",NA,NA,3.999941,4.199956,"5%",0.786246,"Error","Correct",NA,NA
"2",3,"5_6_stimuli","5_5","Congruent","Congruent","Incongruent",NA,5.999941,6.19993,"5%",0.562568,"Correct","Error","Correct",NA
"2",4,"7_8_stimuli","7_7","Congruent","Congruent","Congruent","Incongruent",7.999922,8.199917,"7&",0.946725,"Correct","Correct","Error","Correct"
"2",5,"1_2_stimuli","2_2","Congruent","Congruent","Congruent","Congruent",9.999919,10.199928,"2@",0.578758,"Correct","Correct","Correct","Error"
"2",6,"3_4_stimuli","4_4","Congruent","Congruent","Congruent","Congruent",11.999892,12.1999,"4$",0.642589,"Correct","Correct","Correct","Correct"
"2",7,"5_6_stimuli","5_5","Congruent","Congruent","Congruent","Congruent",13.99988,14.199879,"5%",0.962764,"Correct","Correct","Correct","Correct"
"2",8,"7_8_stimuli","8_7","Incongruent","Congruent","Congruent","Congruent",15.99987,16.199872,"7&",0.738885,"Correct","Correct","Correct","Correct"
"2",9,"1_2_stimuli","1_1","Congruent","Incongruent","Congruent","Congruent",17.999856,18.199854,"1!",0.530971,"Correct","Correct","Correct","Correct"
"2",10,"3_4_stimuli","3_3","Congruent","Congruent","Incongruent","Congruent",19.999854,20.199839,"3#",0.578767,"Correct","Correct","Correct","Correct"
"2",11,"5_6_stimuli","6_6","Congruent","Congruent","Congruent","Incongruent",21.999836,22.199828,"6^",1.122833,"Correct","Correct","Correct","Correct"
"2",12,"7_8_stimuli","8_8","Congruent","Congruent","Congruent","Congruent",23.999819,24.199814,"8*",0.562417,"Correct","Correct","Correct","Correct"
"2",13,"1_2_stimuli","2_1","Incongruent","Congruent","Congruent","Congruent",25.999806,26.199804,"1!",0.514756,"Correct","Correct","Correct","Correct"
"2",14,"3_4_stimuli","4_4","Congruent","Incongruent","Congruent","Congruent",27.999795,28.199791,"4$",0.882985,"Correct","Correct","Correct","Correct"
"2",15,"5_6_stimuli","6_5","Incongruent","Congruent","Incongruent","Congruent",29.999783,30.199799,"5%",0.530977,"Correct","Correct","Correct","Correct"
"2",16,"7_8_stimuli","7_8","Incongruent","Incongruent","Congruent","Incongruent",31.999775,32.199769,"8*",0.594444,"Correct","Correct","Correct","Correct"
"2",17,"1_2_stimuli","2_2","Congruent","Incongruent","Incongruent","Congruent",33.99975,34.199754,"2@",0.64243,"Correct","Correct","Correct","Correct"
"2",18,"3_4_stimuli","3_3","Congruent","Congruent","Incongruent","Incongruent",35.99975,36.199774,"3#",0.562926,"Correct","Correct","Correct","Correct"
"2",19,"5_6_stimuli","5_6","Incongruent","Congruent","Congruent","Incongruent",37.999733,38.199729,"6^",0.755197,"Correct","Correct","Correct","Correct"
"2",20,"7_8_stimuli","7_7","Congruent","Incongruent","Congruent","Congruent",39.999724,40.199715,"7&",0.578687,"Correct","Correct","Correct","Correct"
"2",21,"1_2_stimuli","2_2","Congruent","Congruent","Incongruent","Congruent",41.999711,42.199706,"2@",0.530908,"Correct","Correct","Correct","Correct"
"2",22,"3_4_stimuli","3_3","Congruent","Congruent","Congruent","Incongruent",43.999683,44.199692,"3#",0.594993,"Correct","Correct","Correct","Correct"
"2",23,"5_6_stimuli","5_6","Incongruent","Congruent","Congruent","Congruent",45.999676,46.19967,"6^",0.83466,"Correct","Correct","Correct","Correct"
"2",24,"7_8_stimuli","7_8","Incongruent","Incongruent","Congruent","Congruent",47.999669,48.199673,"8*",0.610932,"Correct","Correct","Correct","Correct"
"2",25,"1_2_stimuli","1_2","Incongruent","Incongruent","Incongruent","Congruent",49.999654,50.19966,"2@",0.515669,"Correct","Correct","Correct","Correct"
"2",26,"3_4_stimuli","4_3","Incongruent","Incongruent","Incongruent","Incongruent",51.99964,52.199646,"3#",0.546988,"Correct","Correct","Correct","Correct"
"2",27,"5_6_stimuli","5_5","Congruent","Incongruent","Incongruent","Incongruent",53.99963,54.199635,"5%",0.690994,"Correct","Correct","Correct","Correct"
"2",28,"7_8_stimuli","7_7","Congruent","Congruent","Incongruent","Incongruent",55.999612,56.199605,"7&",0.866571,"Correct","Correct","Correct","Correct"
"2",29,"1_2_stimuli","2_2","Congruent","Congruent","Congruent","Incongruent",57.999606,58.199602,"2@",0.498753,"Correct","Correct","Correct","Correct"
"2",30,"3_4_stimuli","3_4","Incongruent","Congruent","Congruent","Congruent",59.999583,60.199594,"4$",0.579317,"Correct","Correct","Correct","Correct"
"2",31,"5_6_stimuli","6_6","Congruent","Incongruent","Congruent","Congruent",61.999571,62.199575,"6^",0.994845,"Correct","Correct","Correct","Correct"
"2",32,"7_8_stimuli","7_8","Incongruent","Congruent","Incongruent","Congruent",63.999561,64.199565,"8*",0.579141,"Correct","Correct","Correct","Correct"
"2",33,"1_2_stimuli","1_2","Incongruent","Incongruent","Congruent","Incongruent",65.999554,66.199558,"2@",0.546935,"Correct","Correct","Correct","Correct"
"2",34,"3_4_stimuli","4_3","Incongruent","Incongruent","Incongruent","Congruent",67.999537,68.199534,"3#",0.594716,"Correct","Correct","Correct","Correct"
"2",35,"5_6_stimuli","6_5","Incongruent","Incongruent","Incongruent","Incongruent",69.999531,70.199526,"5%",0.914755,"Correct","Correct","Correct","Correct"
"2",36,"7_8_stimuli","7_8","Incongruent","Incongruent","Incongruent","Incongruent",71.999512,72.199514,"8*",0.595123,"Correct","Correct","Correct","Correct"
"2",37,"1_2_stimuli","2_1","Incongruent","Incongruent","Incongruent","Incongruent",73.999495,74.199494,"1!",0.547218,"Correct","Correct","Correct","Correct"
"2",38,"3_4_stimuli","4_4","Congruent","Incongruent","Incongruent","Incongruent",75.99949,76.199485,"4$",0.57925,"Correct","Correct","Correct","Correct"
"2",39,"5_6_stimuli","6_6","Congruent","Congruent","Incongruent","Incongruent",77.999469,78.199474,"6^",0.643145,"Correct","Correct","Correct","Correct"
"2",40,"7_8_stimuli","8_7","Incongruent","Congruent","Congruent","Incongruent",79.999459,80.199458,"7&",0.531406,"Correct","Correct","Correct","Correct"
"2",41,"1_2_stimuli","2_1","Incongruent","Incongruent","Congruent","Congruent",81.999455,82.199441,"1!",0.531396,"Correct","Correct","Correct","Correct"
"2",42,"3_4_stimuli","4_4","Congruent","Incongruent","Incongruent","Congruent",83.99944,84.199435,"4$",0.563384,"Correct","Correct","Correct","Correct"
"2",43,"5_6_stimuli","6_5","Incongruent","Congruent","Incongruent","Incongruent",85.99943,86.199413,"5%",0.803394,"Correct","Correct","Correct","Correct"
"2",44,"7_8_stimuli","8_8","Congruent","Incongruent","Congruent","Incongruent",87.999406,88.199413,"8*",0.562835,"Correct","Correct","Correct","Correct"
"2",45,"1_2_stimuli","1_2","Incongruent","Congruent","Incongruent","Congruent",89.999391,90.199389,"2@",0.578867,"Correct","Correct","Correct","Correct"
"2",46,"3_4_stimuli","4_3","Incongruent","Incongruent","Congruent","Incongruent",91.999393,92.199381,"3#",0.675192,"Correct","Correct","Correct","Correct"
"2",47,"5_6_stimuli","5_5","Congruent","Incongruent","Incongruent","Congruent",93.999368,94.199365,"5%",0.61111,"Correct","Correct","Correct","Correct"
"2",48,"7_8_stimuli","8_7","Incongruent","Congruent","Incongruent","Incongruent",95.999367,96.199355,"7&",0.626974,"Correct","Correct","Correct","Correct"
"2",49,"1_2_stimuli","1_1","Congruent","Incongruent","Congruent","Incongruent",97.999353,98.199344,"1!",0.658977,"Correct","Correct","Correct","Correct"
"2",50,"3_4_stimuli","3_4","Incongruent","Congruent","Incongruent","Congruent",99.999323,100.19933,"4$",0.515393,"Correct","Correct","Correct","Correct"
"2",51,"5_6_stimuli","6_6","Congruent","Incongruent","Congruent","Incongruent",101.999321,102.199317,"6^",0.75504,"Correct","Correct","Correct","Correct"
"2",52,"7_8_stimuli","7_7","Congruent","Congruent","Incongruent","Congruent",103.999317,104.199298,"7&",0.435034,"Correct","Correct","Correct","Correct"
"2",53,"1_2_stimuli","2_1","Incongruent","Congruent","Congruent","Incongruent",105.999298,106.199314,"1!",0.483045,"Correct","Correct","Correct","Correct"
"2",54,"3_4_stimuli","4_3","Incongruent","Incongruent","Congruent","Congruent",107.999275,108.199288,"3#",0.467462,"Correct","Correct","Correct","Correct"
"2",55,"5_6_stimuli","5_6","Incongruent","Incongruent","Incongruent","Congruent",109.99926,110.199264,"7&",0.627299,"Error","Correct","Correct","Correct"
"2",56,"7_8_stimuli","8_8","Congruent","Incongruent","Incongruent","Incongruent",111.999261,112.199257,"8*",0.659556,"Correct","Error","Correct","Correct"
"2",57,"1_2_stimuli","1_1","Congruent","Congruent","Incongruent","Incongruent",113.99924,114.199252,"1!",0.54758,"Correct","Correct","Error","Correct"
"2",58,"3_4_stimuli","3_4","Incongruent","Congruent","Congruent","Incongruent",115.999233,116.199231,"4$",0.6111,"Correct","Correct","Correct","Error"
"2",59,"5_6_stimuli","5_6","Incongruent","Incongruent","Congruent","Congruent",117.99921,118.199212,"6^",0.979661,"Correct","Correct","Correct","Correct"
"2",60,"7_8_stimuli","8_7","Incongruent","Incongruent","Incongruent","Congruent",119.999203,120.199204,"7&",0.515125,"Correct","Correct","Correct","Correct"
"2",61,"1_2_stimuli","1_1","Congruent","Incongruent","Incongruent","Incongruent",121.999183,122.199193,"1!",0.451119,"Correct","Correct","Correct","Correct"
"2",62,"3_4_stimuli","3_4","Incongruent","Congruent","Incongruent","Incongruent",123.999175,124.199173,"4$",0.563241,"Correct","Correct","Correct","Correct"
"2",63,"5_6_stimuli","6_5","Incongruent","Incongruent","Congruent","Incongruent",125.999165,126.19916,"5%",0.883209,"Correct","Correct","Correct","Correct"
"2",64,"7_8_stimuli","7_7","Congruent","Incongruent","Incongruent","Congruent",127.999146,128.199155,"7&",0.643677,"Correct","Correct","Correct","Correct"
"2",65,"1_2_stimuli","1_2","Incongruent","Congruent","Incongruent","Incongruent",129.999133,130.199132,"2@",0.467216,"Correct","Correct","Correct","Correct"
"2",66,"3_4_stimuli","3_3","Congruent","Incongruent","Congruent","Incongruent",131.999127,132.199116,"3#",0.579659,"Correct","Correct","Correct","Correct"
"2",67,"5_6_stimuli","5_5","Congruent","Congruent","Incongruent","Congruent",133.999117,134.199103,"5%",0.659677,"Correct","Correct","Correct","Correct"
"2",68,"7_8_stimuli","8_8","Congruent","Congruent","Congruent","Incongruent",135.999093,136.199097,"7&",0.755589,"Error","Correct","Correct","Correct"
"3",1,"1_2_stimuli","1_1","Congruent",NA,NA,NA,1.999994,2.19998,"1!",0.459217,"Correct",NA,NA,NA
"3",2,"3_4_stimuli","4_4","Congruent","Congruent",NA,NA,3.999974,4.199978,"4$",0.602753,"Correct","Correct",NA,NA
"3",3,"5_6_stimuli","5_5","Congruent","Congruent","Congruent",NA,5.999966,6.199973,"5%",0.634881,"Correct","Correct","Correct",NA
"3",4,"7_8_stimuli","8_8","Congruent","Congruent","Congruent","Congruent",7.99995,8.199944,"8*",0.651095,"Correct","Correct","Correct","Correct"
"3",5,"1_2_stimuli","1_1","Congruent","Congruent","Congruent","Congruent",9.999941,10.199956,"1!",0.506769,"Correct","Correct","Correct","Correct"
"3",6,"3_4_stimuli","3_3","Congruent","Congruent","Congruent","Congruent",11.999919,12.199932,"3#",0.539349,"Correct","Correct","Correct","Correct"
"3",7,"5_6_stimuli","6_5","Incongruent","Congruent","Congruent","Congruent",13.99992,14.199911,"5%",0.538776,"Correct","Correct","Correct","Correct"
"3",8,"7_8_stimuli","7_8","Incongruent","Incongruent","Congruent","Congruent",15.999898,16.199903,"8*",0.554963,"Correct","Correct","Correct","Correct"
"3",9,"1_2_stimuli","1_1","Congruent","Incongruent","Incongruent","Congruent",17.999893,18.199881,"1!",0.426809,"Correct","Correct","Correct","Correct"
"3",10,"3_4_stimuli","3_3","Congruent","Congruent","Incongruent","Incongruent",19.999864,20.199874,"3#",0.47531,"Correct","Correct","Correct","Correct"
"3",11,"5_6_stimuli","5_5","Congruent","Congruent","Congruent","Incongruent",21.99986,22.199864,"5%",0.619166,"Correct","Correct","Correct","Correct"
"3",12,"7_8_stimuli","8_7","Incongruent","Congruent","Congruent","Congruent",23.99985,24.199849,"7&",0.570887,"Correct","Correct","Correct","Correct"
"3",13,"1_2_stimuli","2_2","Congruent","Incongruent","Congruent","Congruent",25.999836,26.199828,"2@",0.490906,"Correct","Correct","Correct","Correct"
"3",14,"3_4_stimuli","3_3","Congruent","Congruent","Incongruent","Congruent",27.999825,28.199821,"3#",0.475494,"Correct","Correct","Correct","Correct"
"3",15,"5_6_stimuli","6_5","Incongruent","Congruent","Congruent","Incongruent",29.999818,30.199807,"5%",0.634867,"Correct","Correct","Correct","Correct"
"3",16,"7_8_stimuli","8_8","Congruent","Incongruent","Congruent","Congruent",31.9998,32.199796,"8*",0.714945,"Correct","Correct","Correct","Correct"
"3",17,"1_2_stimuli","1_2","Incongruent","Congruent","Incongruent","Congruent",33.999785,34.199786,"2@",0.635377,"Correct","Correct","Correct","Correct"
"3",18,"3_4_stimuli","4_3","Incongruent","Incongruent","Congruent","Incongruent",35.999778,36.19978,"3#",0.379114,"Correct","Correct","Correct","Correct"
"3",19,"5_6_stimuli","6_6","Congruent","Incongruent","Incongruent","Congruent",37.999757,38.199762,"6^",0.907422,"Correct","Correct","Correct","Correct"
"3",20,"7_8_stimuli","8_7","Incongruent","Congruent","Incongruent","Incongruent",39.999749,40.199742,"7&",0.635536,"Correct","Correct","Correct","Correct"
"3",21,"1_2_stimuli","1_2","Incongruent","Incongruent","Congruent","Incongruent",41.999734,42.199729,"2@",0.539465,"Correct","Correct","Correct","Correct"
"3",22,"3_4_stimuli","4_3","Incongruent","Incongruent","Incongruent","Congruent",43.999719,44.199717,"3#",0.571452,"Correct","Correct","Correct","Correct"
"3",23,"5_6_stimuli","5_6","Incongruent","Incongruent","Incongruent","Incongruent",45.999707,46.199715,"7&",1.115028,"Error","Correct","Correct","Correct"
"3",24,"7_8_stimuli","7_7","Congruent","Incongruent","Incongruent","Incongruent",47.999696,48.199689,"7&",0.522971,"Correct","Error","Correct","Correct"
"3",25,"1_2_stimuli","2_2","Congruent","Congruent","Incongruent","Incongruent",49.999693,50.19968,"2@",0.523313,"Correct","Correct","Error","Correct"
"3",26,"3_4_stimuli","4_4","Congruent","Congruent","Congruent","Incongruent",51.999668,52.199675,"4$",0.667568,"Correct","Correct","Correct","Error"
"3",27,"5_6_stimuli","6_6","Congruent","Congruent","Congruent","Congruent",53.999658,54.199657,"6^",0.77906,"Correct","Correct","Correct","Correct"
"3",28,"7_8_stimuli","7_7","Congruent","Congruent","Congruent","Congruent",55.999639,56.199643,"7&",0.491562,"Correct","Correct","Correct","Correct"
"3",29,"1_2_stimuli","2_1","Incongruent","Congruent","Congruent","Congruent",57.99963,58.199637,"1!",0.507734,"Correct","Correct","Correct","Correct"
"3",30,"3_4_stimuli","4_4","Congruent","Incongruent","Congruent","Congruent",59.999628,60.199621,"4$",0.603677,"Correct","Correct","Correct","Correct"
"3",31,"5_6_stimuli","6_5","Incongruent","Congruent","Incongruent","Congruent",61.999606,62.199603,"5%",0.827659,"Correct","Correct","Correct","Correct"
"3",32,"7_8_stimuli","8_7","Incongruent","Incongruent","Congruent","Incongruent",63.999591,64.199588,"7&",0.843191,"Correct","Correct","Correct","Correct"
"3",33,"1_2_stimuli","2_1","Incongruent","Incongruent","Incongruent","Congruent",65.999588,66.199587,"1!",0.523452,"Correct","Correct","Correct","Correct"
"3",34,"3_4_stimuli","3_4","Incongruent","Incongruent","Incongruent","Incongruent",67.999567,68.199564,"4$",0.98758,"Correct","Correct","Correct","Correct"
"3",35,"5_6_stimuli","5_5","Congruent","Incongruent","Incongruent","Incongruent",69.999556,70.199563,"5%",1.483787,"Correct","Correct","Correct","Correct"
"3",36,"7_8_stimuli","7_7","Congruent","Congruent","Incongruent","Incongruent",71.999544,72.199537,"7&",0.891748,"Correct","Correct","Correct","Correct"
"3",37,"1_2_stimuli","2_2","Congruent","Congruent","Congruent","Incongruent",73.999525,74.199533,"2@",0.571423,"Correct","Correct","Correct","Correct"
"3",38,"3_4_stimuli","3_4","Incongruent","Congruent","Congruent","Congruent",75.999521,76.199511,"4$",0.66725,"Correct","Correct","Correct","Correct"
"3",39,"5_6_stimuli","6_6","Congruent","Incongruent","Congruent","Congruent",77.9995,78.199499,"6^",1.067722,"Correct","Correct","Correct","Correct"
"3",40,"7_8_stimuli","8_8","Congruent","Congruent","Incongruent","Congruent",79.99949,80.199485,"8*",0.683755,"Correct","Correct","Correct","Correct"
"3",41,"1_2_stimuli","1_2","Incongruent","Congruent","Congruent","Incongruent",81.999478,82.199476,"2@",0.587868,"Correct","Correct","Correct","Correct"
"3",42,"3_4_stimuli","4_3","Incongruent","Incongruent","Congruent","Congruent",83.999468,84.199468,"3#",0.635322,"Correct","Correct","Correct","Correct"
"3",43,"5_6_stimuli","5_6","Incongruent","Incongruent","Incongruent","Congruent",85.999443,86.19945,"6^",1.339342,"Correct","Correct","Correct","Correct"
"3",44,"7_8_stimuli","8_7","Incongruent","Incongruent","Incongruent","Incongruent",87.999442,88.199444,"7&",0.843408,"Correct","Correct","Correct","Correct"
"3",45,"1_2_stimuli","2_2","Congruent","Incongruent","Incongruent","Incongruent",89.999438,90.199424,"2@",0.459374,"Correct","Correct","Correct","Correct"
"3",46,"3_4_stimuli","3_4","Incongruent","Congruent","Incongruent","Incongruent",91.999411,92.19941,"3#",0.491532,"Error","Correct","Correct","Correct"
"3",47,"5_6_stimuli","5_5","Congruent","Incongruent","Congruent","Incongruent",93.9994,94.19942,"5%",0.987372,"Correct","Error","Correct","Correct"
"3",48,"7_8_stimuli","7_8","Incongruent","Congruent","Incongruent","Congruent",95.999387,96.199384,"8*",0.603534,"Correct","Correct","Error","Correct"
"3",49,"1_2_stimuli","1_1","Congruent","Incongruent","Congruent","Incongruent",97.999378,98.19937,"1!",0.635413,"Correct","Correct","Correct","Error"
"3",50,"3_4_stimuli","3_4","Incongruent","Congruent","Incongruent","Congruent",99.999363,100.199371,"4$",0.475493,"Correct","Correct","Correct","Correct"
"3",51,"5_6_stimuli","5_6","Incongruent","Incongruent","Congruent","Incongruent",101.999344,102.199345,"6^",0.700186,"Correct","Correct","Correct","Correct"
"3",52,"7_8_stimuli","8_8","Congruent","Incongruent","Incongruent","Congruent",103.999342,104.199337,"8*",0.555362,"Correct","Correct","Correct","Correct"
"3",53,"1_2_stimuli","1_2","Incongruent","Congruent","Incongruent","Incongruent",105.999317,106.199324,"2@",0.50818,"Correct","Correct","Correct","Correct"
"3",54,"3_4_stimuli","4_4","Congruent","Incongruent","Congruent","Incongruent",107.999313,108.19931,"4$",0.491786,"Correct","Correct","Correct","Correct"
"3",55,"5_6_stimuli","5_5","Congruent","Congruent","Incongruent","Congruent",109.999296,110.199295,"5%",1.068121,"Correct","Correct","Correct","Correct"
"3",56,"7_8_stimuli","7_8","Incongruent","Congruent","Congruent","Incongruent",111.999288,112.199282,"8*",0.604038,"Correct","Correct","Correct","Correct"
"3",57,"1_2_stimuli","2_1","Incongruent","Incongruent","Congruent","Congruent",113.999278,114.19928,"1!",0.539855,"Correct","Correct","Correct","Correct"
"3",58,"3_4_stimuli","3_3","Congruent","Incongruent","Incongruent","Congruent",115.99926,116.19926,"3#",0.556181,"Correct","Correct","Correct","Correct"
"3",59,"5_6_stimuli","6_5","Incongruent","Congruent","Incongruent","Incongruent",117.999243,118.199248,"5%",0.875736,"Correct","Correct","Correct","Correct"
"3",60,"7_8_stimuli","7_7","Congruent","Incongruent","Congruent","Incongruent",119.999237,120.199225,"7&",0.619756,"Correct","Correct","Correct","Correct"
"3",61,"1_2_stimuli","1_1","Congruent","Congruent","Incongruent","Congruent",121.999221,122.199217,"1!",0.444033,"Correct","Correct","Correct","Correct"
"3",62,"3_4_stimuli","4_3","Incongruent","Congruent","Congruent","Incongruent",123.999208,124.199212,"3#",0.508096,"Correct","Correct","Correct","Correct"
"3",63,"5_6_stimuli","5_6","Incongruent","Incongruent","Congruent","Congruent",125.999201,126.199195,"6^",0.924198,"Correct","Correct","Correct","Correct"
"3",64,"7_8_stimuli","7_8","Incongruent","Incongruent","Incongruent","Congruent",127.999194,128.199177,"8*",0.556324,"Correct","Correct","Correct","Correct"
"3",65,"1_2_stimuli","2_1","Incongruent","Incongruent","Incongruent","Incongruent",129.999166,130.199172,"1!",0.52399,"Correct","Correct","Correct","Correct"
"3",66,"3_4_stimuli","4_4","Congruent","Incongruent","Incongruent","Incongruent",131.999158,132.199159,"4$",0.955713,"Correct","Correct","Correct","Correct"
"3",67,"5_6_stimuli","6_6","Congruent","Congruent","Incongruent","Incongruent",133.999141,134.199146,"6^",0.972172,"Correct","Correct","Correct","Correct"
"3",68,"7_8_stimuli","8_8","Congruent","Congruent","Congruent","Incongruent",135.999133,136.199129,"8*",0.523689,"Correct","Correct","Correct","Correct"
"4",1,"1_2_stimuli","2_2","Congruent",NA,NA,NA,2.000216,2.200205,"2@",0.460996,"Correct",NA,NA,NA
"4",2,"3_4_stimuli","4_4","Congruent","Congruent",NA,NA,4.000203,4.200202,"4$",0.524594,"Correct","Correct",NA,NA
"4",3,"5_6_stimuli","5_6","Incongruent","Congruent","Congruent",NA,6.00019,6.200178,"6^",0.797175,"Correct","Correct","Correct",NA
"4",4,"7_8_stimuli","8_7","Incongruent","Incongruent","Congruent","Congruent",8.000178,8.200173,"7&",0.524977,"Correct","Correct","Correct","Correct"
"4",5,"1_2_stimuli","2_2","Congruent","Incongruent","Incongruent","Congruent",10.000159,10.200161,"2@",0.444636,"Correct","Correct","Correct","Correct"
"4",6,"3_4_stimuli","4_3","Incongruent","Congruent","Incongruent","Incongruent",12.000149,12.200148,"3#",0.717241,"Correct","Correct","Correct","Correct"
"4",7,"5_6_stimuli","5_6","Incongruent","Incongruent","Congruent","Incongruent",14.000137,14.200128,"7&",0.733072,"Error","Correct","Correct","Correct"
"4",8,"7_8_stimuli","8_7","Incongruent","Incongruent","Incongruent","Congruent",16.000129,16.200123,"7&",0.588677,"Correct","Error","Correct","Correct"
"4",9,"1_2_stimuli","2_1","Incongruent","Incongruent","Incongruent","Incongruent",18.000108,18.200108,"1!",0.621336,"Correct","Correct","Error","Correct"
"4",10,"3_4_stimuli","4_4","Congruent","Incongruent","Incongruent","Incongruent",20.000096,20.200089,"4$",0.604996,"Correct","Correct","Correct","Error"
"4",11,"5_6_stimuli","6_6","Congruent","Congruent","Incongruent","Incongruent",22.00008,22.200085,"6^",0.893123,"Correct","Correct","Correct","Correct"
"4",12,"7_8_stimuli","8_7","Incongruent","Congruent","Congruent","Incongruent",24.000071,24.200074,"7&",0.748841,"Correct","Correct","Correct","Correct"
"4",13,"1_2_stimuli","1_2","Incongruent","Incongruent","Congruent","Congruent",26.00006,26.200056,"2@",0.525436,"Correct","Correct","Correct","Correct"
"4",14,"3_4_stimuli","4_3","Incongruent","Incongruent","Incongruent","Congruent",28.00004,28.20004,"3#",0.604802,"Correct","Correct","Correct","Correct"
"4",15,"5_6_stimuli","6_5","Incongruent","Incongruent","Incongruent","Incongruent",30.000025,30.200033,"5%",0.957253,"Correct","Correct","Correct","Correct"
"4",16,"7_8_stimuli","8_8","Congruent","Incongruent","Incongruent","Incongruent",32.000009,32.20002,"8*",0.716774,"Correct","Correct","Correct","Correct"
"4",17,"1_2_stimuli","1_1","Congruent","Congruent","Incongruent","Incongruent",34.000006,34.200006,"1!",0.493343,"Correct","Correct","Correct","Correct"
"4",18,"3_4_stimuli","4_4","Congruent","Congruent","Congruent","Incongruent",35.999985,36.199991,"4$",0.509284,"Correct","Correct","Correct","Correct"
"4",19,"5_6_stimuli","5_5","Congruent","Congruent","Congruent","Congruent",38.000003,38.199985,"5%",0.621426,"Correct","Correct","Correct","Correct"
"4",20,"7_8_stimuli","8_7","Incongruent","Congruent","Congruent","Congruent",39.999964,40.199969,"7&",0.589201,"Correct","Correct","Correct","Correct"
"4",21,"1_2_stimuli","1_1","Congruent","Incongruent","Congruent","Congruent",41.999958,42.19995,"1!",0.461456,"Correct","Correct","Correct","Correct"
"4",22,"3_4_stimuli","3_4","Incongruent","Congruent","Incongruent","Congruent",43.999964,44.199938,"4$",0.557303,"Correct","Correct","Correct","Correct"
"4",23,"5_6_stimuli","6_6","Congruent","Incongruent","Congruent","Incongruent",45.999928,46.199937,"6^",0.941359,"Correct","Correct","Correct","Correct"
"4",24,"7_8_stimuli","8_7","Incongruent","Congruent","Incongruent","Congruent",47.999919,48.199919,"7&",1.164895,"Correct","Correct","Correct","Correct"
"4",25,"1_2_stimuli","1_1","Congruent","Incongruent","Congruent","Incongruent",49.999906,50.199911,"1!",0.524946,"Correct","Correct","Correct","Correct"
"4",26,"3_4_stimuli","3_3","Congruent","Congruent","Incongruent","Congruent",51.999894,52.199898,"3#",0.652992,"Correct","Correct","Correct","Correct"
"4",27,"5_6_stimuli","5_5","Congruent","Congruent","Congruent","Incongruent",53.999885,54.199879,"5%",0.732933,"Correct","Correct","Correct","Correct"
"4",28,"7_8_stimuli","7_7","Congruent","Congruent","Congruent","Congruent",55.999869,56.199872,"7&",0.70128,"Correct","Correct","Correct","Correct"
"4",29,"1_2_stimuli","1_2","Incongruent","Congruent","Congruent","Congruent",57.99986,58.19986,"2@",0.476988,"Correct","Correct","Correct","Correct"
"4",30,"3_4_stimuli","3_3","Congruent","Incongruent","Congruent","Congruent",59.999841,60.199836,"3#",0.493397,"Correct","Correct","Correct","Correct"
"4",31,"5_6_stimuli","5_5","Congruent","Congruent","Incongruent","Congruent",61.999825,62.199836,"5%",0.797525,"Correct","Correct","Correct","Correct"
"4",32,"7_8_stimuli","8_8","Congruent","Congruent","Congruent","Incongruent",63.999811,64.199821,"8*",0.653343,"Correct","Correct","Correct","Correct"
"4",33,"1_2_stimuli","2_2","Congruent","Congruent","Congruent","Congruent",65.999808,66.199804,"2@",0.557531,"Correct","Correct","Correct","Correct"
"4",34,"3_4_stimuli","3_3","Congruent","Congruent","Congruent","Congruent",67.999793,68.199793,"3#",0.493021,"Correct","Correct","Correct","Correct"
"4",35,"5_6_stimuli","6_5","Incongruent","Congruent","Congruent","Congruent",69.999776,70.19978,"5%",0.893714,"Correct","Correct","Correct","Correct"
"4",36,"7_8_stimuli","7_7","Congruent","Incongruent","Congruent","Congruent",71.999756,72.199769,"7&",0.573169,"Correct","Correct","Correct","Correct"
"4",37,"1_2_stimuli","1_2","Incongruent","Congruent","Incongruent","Congruent",73.999753,74.19975,"2@",0.54164,"Correct","Correct","Correct","Correct"
"4",38,"3_4_stimuli","3_3","Congruent","Incongruent","Congruent","Incongruent",75.999748,76.199735,"3#",0.541617,"Correct","Correct","Correct","Correct"
"4",39,"5_6_stimuli","6_5","Incongruent","Congruent","Incongruent","Congruent",77.999732,78.199727,"5%",0.733205,"Correct","Correct","Correct","Correct"
"4",40,"7_8_stimuli","7_7","Congruent","Incongruent","Congruent","Incongruent",79.999713,80.19972,"7&",0.765326,"Correct","Correct","Correct","Correct"
"4",41,"1_2_stimuli","2_2","Congruent","Congruent","Incongruent","Congruent",81.999696,82.199703,"2@",0.413184,"Correct","Correct","Correct","Correct"
"4",42,"3_4_stimuli","3_4","Incongruent","Congruent","Congruent","Incongruent",83.999687,84.199689,"4$",0.573511,"Correct","Correct","Correct","Correct"
"4",43,"5_6_stimuli","6_6","Congruent","Incongruent","Congruent","Congruent",85.999678,86.199677,"7&",0.60522,"Error","Correct","Correct","Correct"
"4",44,"7_8_stimuli","8_8","Congruent","Congruent","Incongruent","Congruent",87.999663,88.199669,"8*",0.525165,"Correct","Error","Correct","Correct"
"4",45,"1_2_stimuli","2_1","Incongruent","Congruent","Congruent","Incongruent",89.999647,90.199645,"1!",0.541873,"Correct","Correct","Error","Correct"
"4",46,"3_4_stimuli","4_3","Incongruent","Incongruent","Congruent","Congruent",91.99964,92.199642,"3#",0.621572,"Correct","Correct","Correct","Error"
"4",47,"5_6_stimuli","5_6","Incongruent","Incongruent","Incongruent","Congruent",93.999628,94.199619,"6^",0.957297,"Correct","Correct","Correct","Correct"
"4",48,"7_8_stimuli","7_8","Incongruent","Incongruent","Incongruent","Incongruent",95.999608,96.19961,"8*",0.765629,"Correct","Correct","Correct","Correct"
"4",49,"1_2_stimuli","2_2","Congruent","Incongruent","Incongruent","Incongruent",97.999597,98.199593,"2@",0.542024,"Correct","Correct","Correct","Correct"
"4",50,"3_4_stimuli","4_4","Congruent","Congruent","Incongruent","Incongruent",99.999582,100.199579,"4$",0.589777,"Correct","Correct","Correct","Correct"
"4",51,"5_6_stimuli","5_6","Incongruent","Congruent","Congruent","Incongruent",101.999581,102.199571,"6^",1.197303,"Correct","Correct","Correct","Correct"
"4",52,"7_8_stimuli","7_8","Incongruent","Incongruent","Congruent","Congruent",103.999566,104.199565,"8*",0.733344,"Correct","Correct","Correct","Correct"
"4",53,"1_2_stimuli","1_2","Incongruent","Incongruent","Incongruent","Congruent",105.999549,106.199536,"2@",0.509852,"Correct","Correct","Correct","Correct"
"4",54,"3_4_stimuli","3_4","Incongruent","Incongruent","Incongruent","Incongruent",107.999534,108.19953,"4$",0.605886,"Correct","Correct","Correct","Correct"
"4",55,"5_6_stimuli","6_6","Congruent","Incongruent","Incongruent","Incongruent",109.999515,110.199517,"6^",0.509398,"Correct","Correct","Correct","Correct"
"4",56,"7_8_stimuli","7_7","Congruent","Congruent","Incongruent","Incongruent",111.999506,112.199516,"7&",0.461819,"Correct","Correct","Correct","Correct"
"4",57,"1_2_stimuli","1_1","Congruent","Congruent","Congruent","Incongruent",113.999492,114.199493,"1!",0.509629,"Correct","Correct","Correct","Correct"
"4",58,"3_4_stimuli","4_3","Incongruent","Congruent","Congruent","Congruent",115.999486,116.199473,"3#",0.525382,"Correct","Correct","Correct","Correct"
"4",59,"5_6_stimuli","6_5","Incongruent","Incongruent","Congruent","Congruent",117.999468,118.199475,"5%",0.861511,"Correct","Correct","Correct","Correct"
"4",60,"7_8_stimuli","8_8","Congruent","Incongruent","Incongruent","Congruent",119.999456,120.199456,"8*",0.717884,"Correct","Correct","Correct","Correct"
"4",61,"1_2_stimuli","2_1","Incongruent","Congruent","Incongruent","Incongruent",121.999444,122.199449,"1!",0.749481,"Correct","Correct","Correct","Correct"
"4",62,"3_4_stimuli","3_4","Incongruent","Incongruent","Congruent","Incongruent",123.999437,124.199421,"4$",0.669798,"Correct","Correct","Correct","Correct"
"4",63,"5_6_stimuli","5_5","Congruent","Incongruent","Incongruent","Congruent",125.999429,126.199414,"5%",0.813871,"Correct","Correct","Correct","Correct"
"4",64,"7_8_stimuli","7_8","Incongruent","Congruent","Incongruent","Incongruent",127.999406,128.199401,"8*",0.750065,"Correct","Correct","Correct","Correct"
"4",65,"1_2_stimuli","2_1","Incongruent","Incongruent","Congruent","Incongruent",129.999402,130.199395,"1!",0.605968,"Correct","Correct","Correct","Correct"
"4",66,"3_4_stimuli","4_4","Congruent","Incongruent","Incongruent","Congruent",131.999375,132.199384,"4$",0.861577,"Correct","Correct","Correct","Correct"
"4",67,"5_6_stimuli","5_6","Incongruent","Congruent","Incongruent","Incongruent",133.99936,134.199371,"6^",0.797516,"Correct","Correct","Correct","Correct"
"4",68,"7_8_stimuli","7_8","Incongruent","Incongruent","Congruent","Incongruent",135.999349,136.199369,"8*",0.542014,"Correct","Correct","Correct","Correct"
"5",1,"1_2_stimuli","2_2","Congruent",NA,NA,NA,1.999974,2.199979,"2@",0.390214,"Correct",NA,NA,NA
"5",2,"3_4_stimuli","4_3","Incongruent","Congruent",NA,NA,3.999963,4.199959,"3#",0.48606,"Correct","Correct",NA,NA
"5",3,"5_6_stimuli","5_6","Incongruent","Incongruent","Congruent",NA,5.999958,6.19995,"6^",0.662183,"Correct","Correct","Correct",NA
"5",4,"7_8_stimuli","7_8","Incongruent","Incongruent","Incongruent","Congruent",7.999953,8.199937,"8*",0.566081,"Correct","Correct","Correct","Correct"
"5",5,"1_2_stimuli","2_1","Incongruent","Incongruent","Incongruent","Incongruent",9.999922,10.199929,"1!",0.50228,"Correct","Correct","Correct","Correct"
"5",6,"3_4_stimuli","3_4","Incongruent","Incongruent","Incongruent","Incongruent",11.999923,12.199913,"4$",0.518463,"Correct","Correct","Correct","Correct"
"5",7,"5_6_stimuli","5_6","Incongruent","Incongruent","Incongruent","Incongruent",13.999902,14.199909,"6^",0.789846,"Correct","Correct","Correct","Correct"
"5",8,"7_8_stimuli","7_7","Congruent","Incongruent","Incongruent","Incongruent",15.999889,16.199899,"7&",0.550233,"Correct","Correct","Correct","Correct"
"5",9,"1_2_stimuli","2_1","Incongruent","Congruent","Incongruent","Incongruent",17.999884,18.199875,"1!",0.470561,"Correct","Correct","Correct","Correct"
"5",10,"3_4_stimuli","3_3","Congruent","Incongruent","Congruent","Incongruent",19.999863,20.199874,"3#",0.486384,"Correct","Correct","Correct","Correct"
"5",11,"5_6_stimuli","6_5","Incongruent","Congruent","Incongruent","Congruent",21.999852,22.199852,"5%",0.774712,"Correct","Correct","Correct","Correct"
"5",12,"7_8_stimuli","7_7","Congruent","Incongruent","Congruent","Incongruent",23.999838,24.199848,"6^",0.982332,"Error","Correct","Correct","Correct"
"5",13,"1_2_stimuli","2_2","Congruent","Congruent","Incongruent","Congruent",25.999826,26.199834,"2@",0.518276,"Correct","Error","Correct","Correct"
"5",14,"3_4_stimuli","3_3","Congruent","Congruent","Congruent","Incongruent",27.99981,28.199818,"3#",0.902276,"Correct","Correct","Error","Correct"
"5",15,"5_6_stimuli","5_6","Incongruent","Congruent","Congruent","Congruent",29.999808,30.199803,"6^",0.870013,"Correct","Correct","Correct","Error"
"5",16,"7_8_stimuli","7_8","Incongruent","Incongruent","Congruent","Congruent",31.999792,32.199789,"8*",0.598151,"Correct","Correct","Correct","Correct"
"5",17,"1_2_stimuli","1_2","Incongruent","Incongruent","Incongruent","Congruent",33.999776,34.19978,"1!",0.550067,"Error","Correct","Correct","Correct"
"5",18,"3_4_stimuli","4_4","Congruent","Incongruent","Incongruent","Incongruent",35.999767,36.199765,"4$",0.646484,"Correct","Error","Correct","Correct"
"5",19,"5_6_stimuli","5_5","Congruent","Congruent","Incongruent","Incongruent",37.99976,38.199754,"5%",0.838415,"Correct","Correct","Error","Correct"
"5",20,"7_8_stimuli","8_7","Incongruent","Congruent","Congruent","Incongruent",39.999737,40.199735,"7&",0.822453,"Correct","Correct","Correct","Error"
"5",21,"1_2_stimuli","1_1","Congruent","Incongruent","Congruent","Congruent",41.999736,42.199734,"1!",0.486538,"Correct","Correct","Correct","Correct"
"5",22,"3_4_stimuli","3_3","Congruent","Congruent","Incongruent","Congruent",43.999713,44.19972,"3#",0.502137,"Correct","Correct","Correct","Correct"
"5",23,"5_6_stimuli","5_5","Congruent","Congruent","Congruent","Incongruent",45.999709,46.1997,"5%",0.918075,"Correct","Correct","Correct","Correct"
"5",24,"7_8_stimuli","7_8","Incongruent","Congruent","Congruent","Congruent",47.999695,48.199688,"8*",0.806151,"Correct","Correct","Correct","Correct"
"5",25,"1_2_stimuli","1_2","Incongruent","Incongruent","Congruent","Congruent",49.999682,50.199682,"2@",0.53414,"Correct","Correct","Correct","Correct"
"5",26,"3_4_stimuli","4_3","Incongruent","Incongruent","Incongruent","Congruent",51.99966,52.199669,"3#",0.662427,"Correct","Correct","Correct","Correct"
"5",27,"5_6_stimuli","5_5","Congruent","Incongruent","Incongruent","Incongruent",53.999657,54.199652,"5%",0.790575,"Correct","Correct","Correct","Correct"
"5",28,"7_8_stimuli","7_8","Incongruent","Congruent","Incongruent","Incongruent",55.999638,56.199645,"8*",0.614173,"Correct","Correct","Correct","Correct"
"5",29,"1_2_stimuli","1_1","Congruent","Incongruent","Congruent","Incongruent",57.999633,58.199624,"1!",0.534571,"Correct","Correct","Correct","Correct"
"5",30,"3_4_stimuli","3_4","Incongruent","Congruent","Incongruent","Congruent",59.999617,60.199614,"4$",0.582678,"Correct","Correct","Correct","Correct"
"5",31,"5_6_stimuli","5_6","Incongruent","Incongruent","Congruent","Incongruent",61.999591,62.199602,"6^",1.126642,"Correct","Correct","Correct","Correct"
"5",32,"7_8_stimuli","8_8","Congruent","Incongruent","Incongruent","Congruent",63.999586,64.199582,"8*",0.502164,"Correct","Correct","Correct","Correct"
"5",33,"1_2_stimuli","2_2","Congruent","Congruent","Incongruent","Incongruent",65.999575,66.19958,"2@",0.470172,"Correct","Correct","Correct","Correct"
"5",34,"3_4_stimuli","4_3","Incongruent","Congruent","Congruent","Incongruent",67.999557,68.199557,"3#",0.502527,"Correct","Correct","Correct","Correct"
"5",35,"5_6_stimuli","6_6","Congruent","Incongruent","Congruent","Congruent",69.999546,70.199554,"6^",0.679209,"Correct","Correct","Correct","Correct"
"5",36,"7_8_stimuli","7_8","Incongruent","Congruent","Incongruent","Congruent",71.999537,72.199543,"8*",0.486269,"Correct","Correct","Correct","Correct"
"5",37,"1_2_stimuli","1_2","Incongruent","Incongruent","Congruent","Incongruent",73.999529,74.199529,"2@",0.422575,"Correct","Correct","Correct","Correct"
"5",38,"3_4_stimuli","4_4","Congruent","Incongruent","Incongruent","Congruent",75.999507,76.199515,"4$",0.598541,"Correct","Correct","Correct","Correct"
"5",39,"5_6_stimuli","6_5","Incongruent","Congruent","Incongruent","Incongruent",77.999497,78.199494,"6^",0.743702,"Error","Correct","Correct","Correct"
"5",40,"7_8_stimuli","8_7","Incongruent","Incongruent","Congruent","Incongruent",79.999487,80.199491,"7&",0.77499,"Correct","Error","Correct","Correct"
"5",41,"1_2_stimuli","1_1","Congruent","Incongruent","Incongruent","Congruent",81.999461,82.199469,"1!",0.551165,"Correct","Correct","Error","Correct"
"5",42,"3_4_stimuli","3_4","Incongruent","Congruent","Incongruent","Incongruent",83.999464,84.199466,"4$",0.822383,"Correct","Correct","Correct","Error"
"5",43,"5_6_stimuli","6_6","Congruent","Incongruent","Congruent","Incongruent",85.999442,86.199437,"6^",1.142988,"Correct","Correct","Correct","Correct"
"5",44,"7_8_stimuli","8_8","Congruent","Congruent","Incongruent","Congruent",87.999426,88.199426,"8*",0.582715,"Correct","Correct","Correct","Correct"
"5",45,"1_2_stimuli","2_2","Congruent","Congruent","Congruent","Incongruent",89.999422,90.199415,"2@",0.806439,"Correct","Correct","Correct","Correct"
"5",46,"3_4_stimuli","4_4","Congruent","Congruent","Congruent","Congruent",91.999417,92.199409,"Omission",5000,"Omission","Correct","Correct","Correct"
"5",47,"5_6_stimuli","6_6","Congruent","Congruent","Congruent","Congruent",93.999388,94.1994,"Omission",5000,"Omission","Omission","Correct","Correct"
"5",48,"7_8_stimuli","8_8","Congruent","Congruent","Congruent","Congruent",95.999386,96.199376,"8*",0.48665,"Correct","Omission","Omission","Correct"
"5",49,"1_2_stimuli","2_1","Incongruent","Congruent","Congruent","Congruent",97.999373,98.199359,"1!",0.53494,"Correct","Correct","Omission","Omission"
"5",50,"3_4_stimuli","4_3","Incongruent","Incongruent","Congruent","Congruent",99.999358,100.199356,"3#",0.550501,"Correct","Correct","Correct","Omission"
"5",51,"5_6_stimuli","5_6","Incongruent","Incongruent","Incongruent","Congruent",101.999338,102.19934,"5%",0.822552,"Error","Correct","Correct","Correct"
"5",52,"7_8_stimuli","8_7","Incongruent","Incongruent","Incongruent","Incongruent",103.999325,104.199321,"7&",0.710624,"Correct","Error","Correct","Correct"
"5",53,"1_2_stimuli","2_2","Congruent","Incongruent","Incongruent","Incongruent",105.999324,106.199332,"2@",0.422819,"Correct","Correct","Error","Correct"
"5",54,"3_4_stimuli","4_4","Congruent","Congruent","Incongruent","Incongruent",107.999309,108.199298,"4$",0.55052,"Correct","Correct","Correct","Error"
"5",55,"5_6_stimuli","6_5","Incongruent","Congruent","Congruent","Incongruent",109.999295,110.199284,"6^",1.06321,"Error","Correct","Correct","Correct"
"5",56,"7_8_stimuli","7_7","Congruent","Incongruent","Congruent","Congruent",111.999289,112.199278,"7&",0.63118,"Correct","Error","Correct","Correct"
"5",57,"1_2_stimuli","1_2","Incongruent","Congruent","Incongruent","Congruent",113.999273,114.199255,"2@",0.454656,"Correct","Correct","Error","Correct"
"5",58,"3_4_stimuli","4_3","Incongruent","Incongruent","Congruent","Incongruent",115.999257,116.199246,"3#",0.614613,"Correct","Correct","Correct","Error"
"5",59,"5_6_stimuli","6_6","Congruent","Incongruent","Incongruent","Congruent",117.999234,118.19924,"6^",0.839134,"Correct","Correct","Correct","Correct"
"5",60,"7_8_stimuli","7_7","Congruent","Congruent","Incongruent","Incongruent",119.999228,120.199228,"7&",0.567418,"Correct","Correct","Correct","Correct"
"5",61,"1_2_stimuli","2_1","Incongruent","Congruent","Congruent","Incongruent",121.999219,122.199208,"1!",0.582727,"Correct","Correct","Correct","Correct"
"5",62,"3_4_stimuli","3_3","Congruent","Incongruent","Congruent","Congruent",123.999196,124.199211,"3#",0.471064,"Correct","Correct","Correct","Correct"
"5",63,"5_6_stimuli","5_5","Congruent","Congruent","Incongruent","Congruent",125.99919,126.199181,"5%",0.743166,"Correct","Correct","Correct","Correct"
"5",64,"7_8_stimuli","8_8","Congruent","Congruent","Congruent","Incongruent",127.999176,128.199168,"8*",0.567321,"Correct","Correct","Correct","Correct"
"5",65,"1_2_stimuli","1_1","Congruent","Congruent","Congruent","Congruent",129.999164,130.199163,"1!",0.454711,"Correct","Correct","Correct","Correct"
"5",66,"3_4_stimuli","3_4","Incongruent","Congruent","Congruent","Congruent",131.999147,132.199145,"4$",0.567388,"Correct","Correct","Correct","Correct"
"5",67,"5_6_stimuli","6_5","Incongruent","Incongruent","Congruent","Congruent",133.999135,134.19913,"5%",0.695321,"Correct","Correct","Correct","Correct"
"5",68,"7_8_stimuli","8_7","Incongruent","Incongruent","Incongruent","Congruent",135.999121,136.199126,"7&",0.598992,"Correct","Correct","Correct","Correct"
"6",1,"1_2_stimuli","2_1","Incongruent",NA,NA,NA,1.999984,2.19999,"1!",0.466551,"Correct",NA,NA,NA
"6",2,"3_4_stimuli","4_4","Congruent","Incongruent",NA,NA,3.999977,4.199981,"4$",0.498337,"Correct","Correct",NA,NA
"6",3,"5_6_stimuli","5_5","Congruent","Congruent","Incongruent",NA,5.999955,6.199959,"5%",0.706191,"Correct","Correct","Correct",NA
"6",4,"7_8_stimuli","7_7","Congruent","Congruent","Congruent","Incongruent",7.999949,8.199936,"7&",0.641927,"Correct","Correct","Correct","Correct"
"6",5,"1_2_stimuli","1_1","Congruent","Congruent","Congruent","Congruent",9.999933,10.199929,"1!",0.43423,"Correct","Correct","Correct","Correct"
"6",6,"3_4_stimuli","4_3","Incongruent","Congruent","Congruent","Congruent",11.999926,12.199927,"3#",0.466005,"Correct","Correct","Correct","Correct"
"6",7,"5_6_stimuli","5_6","Incongruent","Incongruent","Congruent","Congruent",13.999907,14.199907,"6^",0.930225,"Correct","Correct","Correct","Correct"
"6",8,"7_8_stimuli","7_8","Incongruent","Incongruent","Incongruent","Congruent",15.999894,16.199888,"8*",0.54641,"Correct","Correct","Correct","Correct"
"6",9,"1_2_stimuli","2_2","Congruent","Incongruent","Incongruent","Incongruent",17.999878,18.199886,"2@",0.434533,"Correct","Correct","Correct","Correct"
"6",10,"3_4_stimuli","3_4","Incongruent","Congruent","Incongruent","Incongruent",19.999874,20.199874,"4$",0.514179,"Correct","Correct","Correct","Correct"
"6",11,"5_6_stimuli","5_6","Incongruent","Incongruent","Congruent","Incongruent",21.999859,22.199859,"6^",0.770038,"Correct","Correct","Correct","Correct"
"6",12,"7_8_stimuli","7_7","Congruent","Incongruent","Incongruent","Congruent",23.99984,24.199845,"7&",0.546325,"Correct","Correct","Correct","Correct"
"6",13,"1_2_stimuli","1_2","Incongruent","Congruent","Incongruent","Incongruent",25.999832,26.19983,"2@",0.450603,"Correct","Correct","Correct","Correct"
"6",14,"3_4_stimuli","3_4","Incongruent","Incongruent","Congruent","Incongruent",27.999828,28.199827,"4$",0.498129,"Correct","Correct","Correct","Correct"
"6",15,"5_6_stimuli","5_5","Congruent","Incongruent","Incongruent","Congruent",29.999807,30.199797,"5%",0.562729,"Correct","Correct","Correct","Correct"
"6",16,"7_8_stimuli","7_7","Congruent","Congruent","Incongruent","Incongruent",31.999788,32.199788,"7&",0.546307,"Correct","Correct","Correct","Correct"
"6",17,"1_2_stimuli","2_2","Congruent","Congruent","Congruent","Incongruent",33.999789,34.199788,"2@",0.498154,"Correct","Correct","Correct","Correct"
"6",18,"3_4_stimuli","3_3","Congruent","Congruent","Congruent","Congruent",35.999773,36.199776,"3#",0.450319,"Correct","Correct","Correct","Correct"
"6",19,"5_6_stimuli","5_6","Incongruent","Congruent","Congruent","Congruent",37.999747,38.199753,"6^",0.59458,"Correct","Correct","Correct","Correct"
"6",20,"7_8_stimuli","8_7","Incongruent","Incongruent","Congruent","Congruent",39.999748,40.199748,"7&",0.578665,"Correct","Correct","Correct","Correct"
"6",21,"1_2_stimuli","2_2","Congruent","Incongruent","Incongruent","Congruent",41.999725,42.19973,"2@",0.466174,"Correct","Correct","Correct","Correct"
"6",22,"3_4_stimuli","3_3","Congruent","Congruent","Incongruent","Incongruent",43.999718,44.199715,"3#",0.402481,"Correct","Correct","Correct","Correct"
"6",23,"5_6_stimuli","6_5","Incongruent","Congruent","Congruent","Incongruent",45.999707,46.199713,"5%",0.562572,"Correct","Correct","Correct","Correct"
"6",24,"7_8_stimuli","8_8","Congruent","Incongruent","Congruent","Congruent",47.999692,48.199684,"8*",0.514908,"Correct","Correct","Correct","Correct"
"6",25,"1_2_stimuli","1_1","Congruent","Congruent","Incongruent","Congruent",49.99968,50.199679,"1!",0.402312,"Correct","Correct","Correct","Correct"
"6",26,"3_4_stimuli","4_4","Congruent","Congruent","Congruent","Incongruent",51.999674,52.19966,"4$",0.482277,"Correct","Correct","Correct","Correct"
"6",27,"5_6_stimuli","6_6","Congruent","Congruent","Congruent","Congruent",53.999661,54.199677,"6^",0.898305,"Correct","Correct","Correct","Correct"
"6",28,"7_8_stimuli","8_7","Incongruent","Congruent","Congruent","Congruent",55.999641,56.199636,"7&",0.450253,"Correct","Correct","Correct","Correct"
"6",29,"1_2_stimuli","2_1","Incongruent","Incongruent","Congruent","Congruent",57.999627,58.199631,"1!",0.498873,"Correct","Correct","Correct","Correct"
"6",30,"3_4_stimuli","3_4","Incongruent","Incongruent","Incongruent","Congruent",59.999626,60.199622,"4$",0.498843,"Correct","Correct","Correct","Correct"
"6",31,"5_6_stimuli","6_6","Congruent","Incongruent","Incongruent","Incongruent",61.999611,62.199606,"6^",0.658336,"Correct","Correct","Correct","Correct"
"6",32,"7_8_stimuli","8_7","Incongruent","Congruent","Incongruent","Incongruent",63.999596,64.199598,"7&",0.482405,"Correct","Correct","Correct","Correct"
"6",33,"1_2_stimuli","1_1","Congruent","Incongruent","Congruent","Incongruent",65.99958,66.199579,"1!",0.434391,"Correct","Correct","Correct","Correct"
"6",34,"3_4_stimuli","3_4","Incongruent","Congruent","Incongruent","Congruent",67.999575,68.199562,"4$",0.46636,"Correct","Correct","Correct","Correct"
"6",35,"5_6_stimuli","5_5","Congruent","Incongruent","Congruent","Incongruent",69.999555,70.199562,"5%",0.499276,"Correct","Correct","Correct","Correct"
"6",36,"7_8_stimuli","8_8","Congruent","Congruent","Incongruent","Congruent",71.99954,72.199545,"8*",0.482475,"Correct","Correct","Correct","Correct"
"6",37,"1_2_stimuli","1_2","Incongruent","Congruent","Congruent","Incongruent",73.999531,74.199519,"2@",0.43502,"Correct","Correct","Correct","Correct"
"6",38,"3_4_stimuli","4_3","Incongruent","Incongruent","Congruent","Congruent",75.999517,76.199506,"3#",0.370527,"Correct","Correct","Correct","Correct"
"6",39,"5_6_stimuli","6_5","Incongruent","Incongruent","Incongruent","Congruent",77.999506,78.19951,"5%",0.594414,"Correct","Correct","Correct","Correct"
"6",40,"7_8_stimuli","8_8","Congruent","Incongruent","Incongruent","Incongruent",79.999493,80.199484,"8*",0.515055,"Correct","Correct","Correct","Correct"
"6",41,"1_2_stimuli","1_1","Congruent","Congruent","Incongruent","Incongruent",81.999483,82.199471,"1!",0.467068,"Correct","Correct","Correct","Correct"
"6",42,"3_4_stimuli","4_3","Incongruent","Congruent","Congruent","Incongruent",83.999473,84.199454,"3#",0.434799,"Correct","Correct","Correct","Correct"
"6",43,"5_6_stimuli","6_6","Congruent","Incongruent","Congruent","Congruent",85.99945,86.19945,"5%",0.658531,"Error","Correct","Correct","Correct"
"6",44,"7_8_stimuli","7_8","Incongruent","Congruent","Incongruent","Congruent",87.999439,88.199428,"8*",0.563248,"Correct","Error","Correct","Correct"
"6",45,"1_2_stimuli","2_1","Incongruent","Incongruent","Congruent","Incongruent",89.999427,90.199424,"1!",0.499358,"Correct","Correct","Error","Correct"
"6",46,"3_4_stimuli","4_4","Congruent","Incongruent","Incongruent","Congruent",91.999422,92.199412,"4$",0.658822,"Correct","Correct","Correct","Error"
"6",47,"5_6_stimuli","5_6","Incongruent","Congruent","Incongruent","Incongruent",93.999395,94.199395,"6^",0.547189,"Correct","Correct","Correct","Correct"
"6",48,"7_8_stimuli","8_8","Congruent","Incongruent","Congruent","Incongruent",95.999383,96.199383,"8*",0.467192,"Correct","Correct","Correct","Correct"
"6",49,"1_2_stimuli","1_2","Incongruent","Congruent","Incongruent","Congruent",97.999384,98.199374,"2@",0.402659,"Correct","Correct","Correct","Correct"
"6",50,"3_4_stimuli","3_3","Congruent","Incongruent","Congruent","Incongruent",99.99937,100.199359,"3#",0.450648,"Correct","Correct","Correct","Correct"
"6",51,"5_6_stimuli","5_5","Congruent","Congruent","Incongruent","Congruent",101.999354,102.199353,"5%",0.738648,"Correct","Correct","Correct","Correct"
"6",52,"7_8_stimuli","7_8","Incongruent","Congruent","Congruent","Incongruent",103.999344,104.199358,"8*",0.594683,"Correct","Correct","Correct","Correct"
"6",53,"1_2_stimuli","2_2","Congruent","Incongruent","Congruent","Congruent",105.999321,106.199318,"2@",0.610727,"Correct","Correct","Correct","Correct"
"6",54,"3_4_stimuli","3_3","Congruent","Congruent","Incongruent","Congruent",107.999315,108.199304,"3#",0.451064,"Correct","Correct","Correct","Correct"
"6",55,"5_6_stimuli","6_6","Congruent","Congruent","Congruent","Incongruent",109.999304,110.199295,"6^",0.738999,"Correct","Correct","Correct","Correct"
"6",56,"7_8_stimuli","7_7","Congruent","Congruent","Congruent","Congruent",111.999284,112.199281,"7&",0.546977,"Correct","Correct","Correct","Correct"
"6",57,"1_2_stimuli","2_1","Incongruent","Congruent","Congruent","Congruent",113.999267,114.199264,"1!",0.530846,"Correct","Correct","Correct","Correct"
"6",58,"3_4_stimuli","4_4","Congruent","Incongruent","Congruent","Congruent",115.999259,116.199259,"4$",0.819572,"Correct","Correct","Correct","Correct"
"6",59,"5_6_stimuli","6_5","Incongruent","Congruent","Incongruent","Congruent",117.999247,118.199241,"5%",0.979199,"Correct","Correct","Correct","Correct"
"6",60,"7_8_stimuli","8_7","Incongruent","Incongruent","Congruent","Incongruent",119.999228,120.199235,"7&",0.562815,"Correct","Correct","Correct","Correct"
"6",61,"1_2_stimuli","1_2","Incongruent","Incongruent","Incongruent","Congruent",121.99922,122.199218,"2@",0.514795,"Correct","Correct","Correct","Correct"
"6",62,"3_4_stimuli","4_3","Incongruent","Incongruent","Incongruent","Incongruent",123.999212,124.199208,"3#",0.499447,"Correct","Correct","Correct","Correct"
"6",63,"5_6_stimuli","6_5","Incongruent","Incongruent","Incongruent","Incongruent",125.999188,126.199189,"5%",0.80334,"Correct","Correct","Correct","Correct"
"6",64,"7_8_stimuli","7_8","Incongruent","Incongruent","Incongruent","Incongruent",127.999176,128.199178,"8*",0.690858,"Correct","Correct","Correct","Correct"
"6",65,"1_2_stimuli","2_1","Incongruent","Incongruent","Incongruent","Incongruent",129.999173,130.199171,"1!",0.531455,"Correct","Correct","Correct","Correct"
"6",66,"3_4_stimuli","4_4","Congruent","Incongruent","Incongruent","Incongruent",131.999164,132.199149,"4$",0.483332,"Correct","Correct","Correct","Correct"
"6",67,"5_6_stimuli","5_5","Congruent","Congruent","Incongruent","Incongruent",133.999138,134.199143,"5%",0.675354,"Correct","Correct","Correct","Correct"
"6",68,"7_8_stimuli","7_7","Congruent","Congruent","Congruent","Incongruent",135.999136,136.199133,"7&",0.738895,"Correct","Correct","Correct","Correct"
"7",1,"1_2_stimuli","1_2","Incongruent",NA,NA,NA,1.999963,2.199964,"2@",0.473871,"Correct",NA,NA,NA
"7",2,"3_4_stimuli","3_4","Incongruent","Incongruent",NA,NA,3.999961,4.199951,"4$",0.49058,"Correct","Correct",NA,NA
"7",3,"5_6_stimuli","5_6","Incongruent","Incongruent","Incongruent",NA,5.999936,6.19994,"6^",0.697911,"Correct","Correct","Correct",NA
"7",4,"7_8_stimuli","8_8","Congruent","Incongruent","Incongruent","Incongruent",7.999929,8.199937,"8*",0.490417,"Correct","Correct","Correct","Correct"
"7",5,"1_2_stimuli","2_2","Congruent","Congruent","Incongruent","Incongruent",9.999921,10.199918,"2@",0.40996,"Correct","Correct","Correct","Correct"
"7",6,"3_4_stimuli","4_3","Incongruent","Congruent","Congruent","Incongruent",11.999904,12.199905,"3#",0.425916,"Correct","Correct","Correct","Correct"
"7",7,"5_6_stimuli","6_6","Congruent","Incongruent","Congruent","Congruent",13.99989,14.199881,"6^",0.714346,"Correct","Correct","Correct","Correct"
"7",8,"7_8_stimuli","7_8","Incongruent","Congruent","Incongruent","Congruent",15.999879,16.199883,"8*",0.537947,"Correct","Correct","Correct","Correct"
"7",9,"1_2_stimuli","2_1","Incongruent","Incongruent","Congruent","Incongruent",17.999867,18.199867,"1!",0.458447,"Correct","Correct","Correct","Correct"
"7",10,"3_4_stimuli","4_4","Congruent","Incongruent","Incongruent","Congruent",19.999858,20.199854,"4$",0.458439,"Correct","Correct","Correct","Correct"
"7",11,"5_6_stimuli","5_6","Incongruent","Congruent","Incongruent","Incongruent",21.999832,22.199835,"6^",0.650034,"Correct","Correct","Correct","Correct"
"7",12,"7_8_stimuli","7_7","Congruent","Incongruent","Congruent","Incongruent",23.999838,24.19983,"7&",0.570024,"Correct","Correct","Correct","Correct"
"7",13,"1_2_stimuli","1_2","Incongruent","Congruent","Incongruent","Congruent",25.999821,26.199814,"2@",0.490342,"Correct","Correct","Correct","Correct"
"7",14,"3_4_stimuli","4_3","Incongruent","Incongruent","Congruent","Incongruent",27.999797,28.199806,"3#",0.362067,"Correct","Correct","Correct","Correct"
"7",15,"5_6_stimuli","6_6","Congruent","Incongruent","Incongruent","Congruent",29.999799,30.199791,"6^",0.714054,"Correct","Correct","Correct","Correct"
"7",16,"7_8_stimuli","7_8","Incongruent","Congruent","Incongruent","Incongruent",31.999769,32.19978,"8*",0.570662,"Correct","Correct","Correct","Correct"
"7",17,"1_2_stimuli","1_1","Congruent","Incongruent","Congruent","Incongruent",33.999767,34.199763,"1!",0.52214,"Correct","Correct","Correct","Correct"
"7",18,"3_4_stimuli","4_3","Incongruent","Congruent","Incongruent","Congruent",35.999758,36.199748,"3#",0.586645,"Correct","Correct","Correct","Correct"
"7",19,"5_6_stimuli","6_6","Congruent","Incongruent","Congruent","Incongruent",37.999738,38.199737,"6^",1.130316,"Correct","Correct","Correct","Correct"
"7",20,"7_8_stimuli","7_7","Congruent","Congruent","Incongruent","Congruent",39.999736,40.19973,"7&",0.602554,"Correct","Correct","Correct","Correct"
"7",21,"1_2_stimuli","1_1","Congruent","Congruent","Congruent","Incongruent",41.999714,42.199711,"1!",0.490717,"Correct","Correct","Correct","Correct"
"7",22,"3_4_stimuli","3_4","Incongruent","Congruent","Congruent","Congruent",43.9997,44.199708,"4$",0.490691,"Correct","Correct","Correct","Correct"
"7",23,"5_6_stimuli","6_5","Incongruent","Incongruent","Congruent","Congruent",45.999694,46.199693,"5%",0.698217,"Correct","Correct","Correct","Correct"
"7",24,"7_8_stimuli","7_8","Incongruent","Incongruent","Incongruent","Congruent",47.999681,48.199684,"8*",0.554194,"Correct","Correct","Correct","Correct"
"7",25,"1_2_stimuli","2_1","Incongruent","Incongruent","Incongruent","Incongruent",49.999657,50.199666,"1!",0.538692,"Correct","Correct","Correct","Correct"
"7",26,"3_4_stimuli","3_3","Congruent","Incongruent","Incongruent","Incongruent",51.999652,52.199643,"3#",0.362793,"Correct","Correct","Correct","Correct"
"7",27,"5_6_stimuli","6_6","Congruent","Congruent","Incongruent","Incongruent",53.999634,54.199632,"6^",0.682808,"Correct","Correct","Correct","Correct"
"7",28,"7_8_stimuli","8_7","Incongruent","Congruent","Congruent","Incongruent",55.999623,56.199622,"7&",0.698276,"Correct","Correct","Correct","Correct"
"7",29,"1_2_stimuli","2_2","Congruent","Incongruent","Congruent","Congruent",57.999611,58.199609,"2@",0.426743,"Correct","Correct","Correct","Correct"
"7",30,"3_4_stimuli","4_4","Congruent","Congruent","Incongruent","Congruent",59.999599,60.199593,"4$",0.442349,"Correct","Correct","Correct","Correct"
"7",31,"5_6_stimuli","5_5","Congruent","Congruent","Congruent","Incongruent",61.999597,62.199585,"5%",0.634959,"Correct","Correct","Correct","Correct"
"7",32,"7_8_stimuli","8_8","Congruent","Congruent","Congruent","Congruent",63.999572,64.199576,"8*",0.538735,"Correct","Correct","Correct","Correct"
"7",33,"1_2_stimuli","2_2","Congruent","Congruent","Congruent","Congruent",65.999563,66.199555,"2@",0.506339,"Correct","Correct","Correct","Correct"
"7",34,"3_4_stimuli","4_4","Congruent","Congruent","Congruent","Congruent",67.999551,68.19954,"4$",0.410367,"Correct","Correct","Correct","Correct"
"7",35,"5_6_stimuli","5_6","Incongruent","Congruent","Congruent","Congruent",69.999535,70.199528,"6^",0.682387,"Correct","Correct","Correct","Correct"
"7",36,"7_8_stimuli","8_7","Incongruent","Incongruent","Congruent","Congruent",71.999528,72.199522,"7&",0.538914,"Correct","Correct","Correct","Correct"
"7",37,"1_2_stimuli","1_2","Incongruent","Incongruent","Incongruent","Congruent",73.999513,74.199504,"2@",0.394921,"Correct","Correct","Correct","Correct"
"7",38,"3_4_stimuli","3_4","Incongruent","Incongruent","Incongruent","Incongruent",75.999497,76.199494,"4$",0.506455,"Correct","Correct","Correct","Correct"
"7",39,"5_6_stimuli","5_5","Congruent","Incongruent","Incongruent","Incongruent",77.999486,78.199476,"5%",0.570905,"Correct","Correct","Correct","Correct"
"7",40,"7_8_stimuli","8_8","Congruent","Congruent","Incongruent","Incongruent",79.999467,80.199465,"8*",0.506514,"Correct","Correct","Correct","Correct"
"7",41,"1_2_stimuli","2_1","Incongruent","Congruent","Congruent","Incongruent",81.999468,82.199466,"1!",0.426469,"Correct","Correct","Correct","Correct"
"7",42,"3_4_stimuli","3_3","Congruent","Incongruent","Congruent","Congruent",83.99945,84.199453,"3#",0.45849,"Correct","Correct","Correct","Correct"
"7",43,"5_6_stimuli","5_6","Incongruent","Congruent","Incongruent","Congruent",85.99944,86.19943,"6^",0.746541,"Correct","Correct","Correct","Correct"
"7",44,"7_8_stimuli","8_7","Incongruent","Incongruent","Congruent","Incongruent",87.999427,88.199426,"7&",0.394513,"Correct","Correct","Correct","Correct"
"7",45,"1_2_stimuli","1_1","Congruent","Incongruent","Incongruent","Congruent",89.999403,90.199402,"1!",0.443084,"Correct","Correct","Correct","Correct"
"7",46,"3_4_stimuli","3_3","Congruent","Congruent","Incongruent","Incongruent",91.999394,92.199391,"3#",0.379067,"Correct","Correct","Correct","Correct"
"7",47,"5_6_stimuli","6_5","Incongruent","Congruent","Congruent","Incongruent",93.99938,94.199377,"5%",0.667065,"Correct","Correct","Correct","Correct"
"7",48,"7_8_stimuli","7_7","Congruent","Incongruent","Congruent","Congruent",95.99937,96.19937,"7&",0.490996,"Correct","Correct","Correct","Correct"
"7",49,"1_2_stimuli","1_1","Congruent","Congruent","Incongruent","Congruent",97.999361,98.199356,"1!",0.410608,"Correct","Correct","Correct","Correct"
"7",50,"3_4_stimuli","3_3","Congruent","Congruent","Congruent","Incongruent",99.999345,100.19934,"3#",0.411012,"Correct","Correct","Correct","Correct"
"7",51,"5_6_stimuli","5_5","Congruent","Congruent","Congruent","Congruent",101.999331,102.199333,"5%",0.763056,"Correct","Correct","Correct","Correct"
"7",52,"7_8_stimuli","8_7","Incongruent","Congruent","Congruent","Congruent",103.999319,104.199313,"7&",0.667073,"Correct","Correct","Correct","Correct"
"7",53,"1_2_stimuli","1_2","Incongruent","Incongruent","Congruent","Congruent",105.999303,106.199301,"2@",0.491116,"Correct","Correct","Correct","Correct"
"7",54,"3_4_stimuli","3_4","Incongruent","Incongruent","Incongruent","Congruent",107.999296,108.199289,"4$",0.442706,"Correct","Correct","Correct","Correct"
"7",55,"5_6_stimuli","5_6","Incongruent","Incongruent","Incongruent","Incongruent",109.999283,110.199275,"6^",0.650952,"Correct","Correct","Correct","Correct"
"7",56,"7_8_stimuli","8_8","Congruent","Incongruent","Incongruent","Incongruent",111.99927,112.19926,"8*",0.538983,"Correct","Correct","Correct","Correct"
"7",57,"1_2_stimuli","1_2","Incongruent","Congruent","Incongruent","Incongruent",113.999252,114.199248,"2@",0.475329,"Correct","Correct","Correct","Correct"
"7",58,"3_4_stimuli","4_4","Congruent","Incongruent","Congruent","Incongruent",115.999245,116.19924,"4$",0.507486,"Correct","Correct","Correct","Correct"
"7",59,"5_6_stimuli","5_5","Congruent","Congruent","Incongruent","Congruent",117.999235,118.199228,"5%",0.794764,"Correct","Correct","Correct","Correct"
"7",60,"7_8_stimuli","8_8","Congruent","Congruent","Congruent","Incongruent",119.99921,120.199226,"7&",0.907375,"Error","Correct","Correct","Correct"
"7",61,"1_2_stimuli","2_1","Incongruent","Congruent","Congruent","Congruent",121.999198,122.199224,"1!",0.491267,"Correct","Error","Correct","Correct"
"7",62,"3_4_stimuli","4_3","Incongruent","Incongruent","Congruent","Congruent",123.999187,124.199191,"3#",0.507305,"Correct","Correct","Error","Correct"
"7",63,"5_6_stimuli","6_5","Incongruent","Incongruent","Incongruent","Congruent",125.999177,126.199177,"5%",0.571192,"Correct","Correct","Correct","Error"
"7",64,"7_8_stimuli","7_8","Incongruent","Incongruent","Incongruent","Incongruent",127.999164,128.199157,"8*",0.50707,"Correct","Correct","Correct","Correct"
"7",65,"1_2_stimuli","2_2","Congruent","Incongruent","Incongruent","Incongruent",129.999154,130.199155,"2@",0.474845,"Correct","Correct","Correct","Correct"
"7",66,"3_4_stimuli","3_4","Incongruent","Congruent","Incongruent","Incongruent",131.999133,132.199135,"4$",0.491339,"Correct","Correct","Correct","Correct"
"7",67,"5_6_stimuli","6_5","Incongruent","Incongruent","Congruent","Incongruent",133.999126,134.199122,"5%",0.586889,"Correct","Correct","Correct","Correct"
"7",68,"7_8_stimuli","7_7","Congruent","Incongruent","Incongruent","Congruent",135.99911,136.199119,"7&",0.635116,"Correct","Correct","Correct","Correct"
"8",1,"1_2_stimuli","2_1","Incongruent",NA,NA,NA,1.999987,2.19999,"1!",0.495364,"Correct",NA,NA,NA
"8",2,"3_4_stimuli","3_4","Incongruent","Incongruent",NA,NA,3.99997,4.199968,"4$",0.431626,"Correct","Correct",NA,NA
"8",3,"5_6_stimuli","5_6","Incongruent","Incongruent","Incongruent",NA,5.99997,6.199965,"6^",0.607793,"Correct","Correct","Correct",NA
"8",4,"7_8_stimuli","8_8","Congruent","Incongruent","Incongruent","Incongruent",7.999952,8.199954,"8*",0.479904,"Correct","Correct","Correct","Correct"
"8",5,"1_2_stimuli","1_1","Congruent","Congruent","Incongruent","Incongruent",9.999941,10.199938,"1!",0.463812,"Correct","Correct","Correct","Correct"
"8",6,"3_4_stimuli","4_3","Incongruent","Congruent","Congruent","Incongruent",11.999928,12.199927,"3#",0.511634,"Correct","Correct","Correct","Correct"
"8",7,"5_6_stimuli","6_5","Incongruent","Incongruent","Congruent","Congruent",13.999914,14.199908,"5%",0.639408,"Correct","Correct","Correct","Correct"
"8",8,"7_8_stimuli","8_7","Incongruent","Incongruent","Incongruent","Congruent",15.999896,16.199907,"7&",0.480092,"Correct","Correct","Correct","Correct"
"8",9,"1_2_stimuli","2_2","Congruent","Incongruent","Incongruent","Incongruent",17.999883,18.19989,"2@",0.415569,"Correct","Correct","Correct","Correct"
"8",10,"3_4_stimuli","4_4","Congruent","Congruent","Incongruent","Incongruent",19.999864,20.199882,"4$",0.448173,"Correct","Correct","Correct","Correct"
"8",11,"5_6_stimuli","5_6","Incongruent","Congruent","Congruent","Incongruent",21.999872,22.199864,"6^",0.751907,"Correct","Correct","Correct","Correct"
"8",12,"7_8_stimuli","7_7","Congruent","Incongruent","Congruent","Congruent",23.999855,24.199845,"7&",0.479547,"Correct","Correct","Correct","Correct"
"8",13,"1_2_stimuli","2_1","Incongruent","Congruent","Incongruent","Congruent",25.999829,26.199832,"1!",0.463509,"Correct","Correct","Correct","Correct"
"8",14,"3_4_stimuli","3_4","Incongruent","Incongruent","Congruent","Incongruent",27.999824,28.199823,"4$",0.655862,"Correct","Correct","Correct","Correct"
"8",15,"5_6_stimuli","5_5","Congruent","Incongruent","Incongruent","Congruent",29.999814,30.199815,"6^",0.99202,"Error","Correct","Correct","Correct"
"8",16,"7_8_stimuli","8_8","Congruent","Congruent","Incongruent","Incongruent",31.999798,32.199798,"8*",0.544025,"Correct","Error","Correct","Correct"
"8",17,"1_2_stimuli","2_1","Incongruent","Congruent","Congruent","Incongruent",33.99979,34.199794,"1!",0.543553,"Correct","Correct","Error","Correct"
"8",18,"3_4_stimuli","4_3","Incongruent","Incongruent","Congruent","Congruent",35.999773,36.199777,"3#",0.960271,"Correct","Correct","Correct","Error"
"8",19,"5_6_stimuli","6_5","Incongruent","Incongruent","Incongruent","Congruent",37.999763,38.199769,"5%",0.832324,"Correct","Correct","Correct","Correct"
"8",20,"7_8_stimuli","8_7","Incongruent","Incongruent","Incongruent","Incongruent",39.999745,40.19975,"7&",0.911886,"Correct","Correct","Correct","Correct"
"8",21,"1_2_stimuli","2_1","Incongruent","Incongruent","Incongruent","Incongruent",41.999742,42.199731,"1!",0.447629,"Correct","Correct","Correct","Correct"
"8",22,"3_4_stimuli","3_4","Incongruent","Incongruent","Incongruent","Incongruent",43.999729,44.199725,"4$",0.464214,"Correct","Correct","Correct","Correct"
"8",23,"5_6_stimuli","5_6","Incongruent","Incongruent","Incongruent","Incongruent",45.999706,46.199709,"6^",0.815625,"Correct","Correct","Correct","Correct"
"8",24,"7_8_stimuli","7_7","Congruent","Incongruent","Incongruent","Incongruent",47.999699,48.199694,"7&",0.591707,"Correct","Correct","Correct","Correct"
"8",25,"1_2_stimuli","1_2","Incongruent","Congruent","Incongruent","Incongruent",49.999683,50.199691,"2@",0.464374,"Correct","Correct","Correct","Correct"
"8",26,"3_4_stimuli","3_3","Congruent","Incongruent","Congruent","Incongruent",51.99967,52.199669,"3#",0.575499,"Correct","Correct","Correct","Correct"
"8",27,"5_6_stimuli","5_5","Congruent","Congruent","Incongruent","Congruent",53.999665,54.199663,"5%",0.623924,"Correct","Correct","Correct","Correct"
"8",28,"7_8_stimuli","8_8","Congruent","Congruent","Congruent","Incongruent",55.99965,56.19964,"8*",0.511725,"Correct","Correct","Correct","Correct"
"8",29,"1_2_stimuli","1_1","Congruent","Congruent","Congruent","Congruent",57.999632,58.19963,"1!",0.399824,"Correct","Correct","Correct","Correct"
"8",30,"3_4_stimuli","3_4","Incongruent","Congruent","Congruent","Congruent",59.99962,60.199623,"4$",0.448022,"Correct","Correct","Correct","Correct"
"8",31,"5_6_stimuli","6_6","Congruent","Incongruent","Congruent","Congruent",61.99961,62.199615,"6^",0.720507,"Correct","Correct","Correct","Correct"
"8",32,"7_8_stimuli","7_8","Incongruent","Congruent","Incongruent","Congruent",63.999596,64.199595,"7&",0.752281,"Error","Correct","Correct","Correct"
"8",33,"1_2_stimuli","1_1","Congruent","Incongruent","Congruent","Incongruent",65.999588,66.19958,"1!",0.47987,"Correct","Error","Correct","Correct"
"8",34,"3_4_stimuli","4_3","Incongruent","Congruent","Incongruent","Congruent",67.999561,68.19957,"3#",0.49593,"Correct","Correct","Error","Correct"
"8",35,"5_6_stimuli","6_6","Congruent","Incongruent","Congruent","Incongruent",69.99955,70.19956,"6^",0.848254,"Correct","Correct","Correct","Error"
"8",36,"7_8_stimuli","8_8","Congruent","Congruent","Incongruent","Congruent",71.999539,72.199547,"8*",0.559956,"Correct","Correct","Correct","Correct"
"8",37,"1_2_stimuli","2_2","Congruent","Congruent","Congruent","Incongruent",73.999542,74.199525,"2@",0.384324,"Correct","Correct","Correct","Correct"
"8",38,"3_4_stimuli","4_4","Congruent","Congruent","Congruent","Congruent",75.999518,76.199524,"4$",0.432759,"Correct","Correct","Correct","Correct"
"8",39,"5_6_stimuli","6_6","Congruent","Congruent","Congruent","Congruent",77.999507,78.199509,"6^",0.784523,"Correct","Correct","Correct","Correct"
"8",40,"7_8_stimuli","7_7","Congruent","Congruent","Congruent","Congruent",79.999494,80.199498,"7&",0.560539,"Correct","Correct","Correct","Correct"
"8",41,"1_2_stimuli","1_2","Incongruent","Congruent","Congruent","Congruent",81.99948,82.199484,"2@",0.52833,"Correct","Correct","Correct","Correct"
"8",42,"3_4_stimuli","4_4","Congruent","Incongruent","Congruent","Congruent",83.999478,84.199473,"4$",0.496001,"Correct","Correct","Correct","Correct"
"8",43,"5_6_stimuli","5_6","Incongruent","Congruent","Incongruent","Congruent",85.99946,86.199445,"6^",0.896519,"Correct","Correct","Correct","Correct"
"8",44,"7_8_stimuli","8_7","Incongruent","Incongruent","Congruent","Incongruent",87.999453,88.199439,"7&",0.496667,"Correct","Correct","Correct","Correct"
"8",45,"1_2_stimuli","1_2","Incongruent","Incongruent","Incongruent","Congruent",89.999436,90.199427,"2@",0.496524,"Correct","Correct","Correct","Correct"
"8",46,"3_4_stimuli","4_4","Congruent","Incongruent","Incongruent","Incongruent",91.999425,92.199423,"4$",0.464341,"Correct","Correct","Correct","Correct"
"8",47,"5_6_stimuli","5_5","Congruent","Congruent","Incongruent","Incongruent",93.999404,94.199396,"5%",0.70408,"Correct","Correct","Correct","Correct"
"8",48,"7_8_stimuli","7_8","Incongruent","Congruent","Congruent","Incongruent",95.999395,96.199395,"8*",0.576506,"Correct","Correct","Correct","Correct"
"8",49,"1_2_stimuli","1_1","Congruent","Incongruent","Congruent","Congruent",97.999377,98.199377,"1!",0.560526,"Correct","Correct","Correct","Correct"
"8",50,"3_4_stimuli","3_3","Congruent","Congruent","Incongruent","Congruent",99.999367,100.19937,"3#",0.480494,"Correct","Correct","Correct","Correct"
"8",51,"5_6_stimuli","5_5","Congruent","Congruent","Congruent","Incongruent",101.999362,102.199348,"6^",0.52812,"Error","Correct","Correct","Correct"
"8",52,"7_8_stimuli","8_7","Incongruent","Congruent","Congruent","Congruent",103.999346,104.199336,"7&",0.496591,"Correct","Error","Correct","Correct"
"8",53,"1_2_stimuli","2_1","Incongruent","Incongruent","Congruent","Congruent",105.999332,106.199333,"1!",0.496336,"Correct","Correct","Error","Correct"
"8",54,"3_4_stimuli","4_3","Incongruent","Incongruent","Incongruent","Congruent",107.999316,108.199312,"3#",0.496477,"Correct","Correct","Correct","Error"
"8",55,"5_6_stimuli","6_6","Congruent","Incongruent","Incongruent","Incongruent",109.999298,110.199298,"6^",1.040996,"Correct","Correct","Correct","Correct"
"8",56,"7_8_stimuli","7_8","Incongruent","Congruent","Incongruent","Incongruent",111.99929,112.199292,"8*",0.512759,"Correct","Correct","Correct","Correct"
"8",57,"1_2_stimuli","1_2","Incongruent","Incongruent","Congruent","Incongruent",113.999273,114.199279,"2@",0.592245,"Correct","Correct","Correct","Correct"
"8",58,"3_4_stimuli","3_3","Congruent","Incongruent","Incongruent","Congruent",115.999257,116.199259,"3#",0.656262,"Correct","Correct","Correct","Correct"
"8",59,"5_6_stimuli","5_6","Incongruent","Congruent","Incongruent","Incongruent",117.999245,118.199252,"6^",0.768258,"Correct","Correct","Correct","Correct"
"8",60,"7_8_stimuli","8_8","Congruent","Incongruent","Congruent","Incongruent",119.999234,120.199241,"8*",0.560413,"Correct","Correct","Correct","Correct"
"8",61,"1_2_stimuli","2_2","Congruent","Congruent","Incongruent","Congruent",121.999225,122.199227,"2@",0.592471,"Correct","Correct","Correct","Correct"
"8",62,"3_4_stimuli","3_3","Congruent","Congruent","Congruent","Incongruent",123.999221,124.199216,"3#",0.592801,"Correct","Correct","Correct","Correct"
"8",63,"5_6_stimuli","6_5","Incongruent","Congruent","Congruent","Congruent",125.999193,126.199196,"5%",0.72061,"Correct","Correct","Correct","Correct"
"8",64,"7_8_stimuli","7_8","Incongruent","Incongruent","Congruent","Congruent",127.999182,128.199184,"8*",0.656873,"Correct","Correct","Correct","Correct"
"8",65,"1_2_stimuli","2_2","Congruent","Incongruent","Incongruent","Congruent",129.999174,130.199172,"2@",0.352338,"Correct","Correct","Correct","Correct"
"8",66,"3_4_stimuli","3_4","Incongruent","Congruent","Incongruent","Incongruent",131.999164,132.199162,"4$",0.480985,"Correct","Correct","Correct","Correct"
"8",67,"5_6_stimuli","6_5","Incongruent","Incongruent","Congruent","Incongruent",133.999148,134.199143,"5%",0.752655,"Correct","Correct","Correct","Correct"
"8",68,"7_8_stimuli","7_7","Congruent","Incongruent","Incongruent","Congruent",135.999132,136.199136,"7&",0.544798,"Correct","Correct","Correct","Correct"
"9",1,"1_2_stimuli","2_1","Incongruent",NA,NA,NA,1.999993,2.199999,"1!",0.484233,"Correct",NA,NA,NA
"9",2,"3_4_stimuli","4_4","Congruent","Incongruent",NA,NA,3.999979,4.199975,"4$",0.419921,"Correct","Correct",NA,NA
"9",3,"5_6_stimuli","5_5","Congruent","Congruent","Incongruent",NA,5.999979,6.199965,"5%",0.499758,"Correct","Correct","Correct",NA
"9",4,"7_8_stimuli","7_8","Incongruent","Congruent","Congruent","Incongruent",7.999952,8.199959,"8*",0.564161,"Correct","Correct","Correct","Correct"
"9",5,"1_2_stimuli","1_1","Congruent","Incongruent","Congruent","Congruent",9.999939,10.199949,"1!",0.435783,"Correct","Correct","Correct","Correct"
"9",6,"3_4_stimuli","3_3","Congruent","Congruent","Incongruent","Congruent",11.999931,12.199938,"3#",0.419787,"Correct","Correct","Correct","Correct"
"9",7,"5_6_stimuli","6_6","Congruent","Congruent","Congruent","Incongruent",13.999926,14.199918,"6^",0.49995,"Correct","Correct","Correct","Correct"
"9",8,"7_8_stimuli","7_7","Congruent","Congruent","Congruent","Congruent",15.999908,16.199898,"7&",0.436398,"Correct","Correct","Correct","Correct"
"9",9,"1_2_stimuli","2_1","Incongruent","Congruent","Congruent","Congruent",17.999896,18.199892,"1!",0.452325,"Correct","Correct","Correct","Correct"
"9",10,"3_4_stimuli","4_4","Congruent","Incongruent","Congruent","Congruent",19.999877,20.199877,"4$",0.435851,"Correct","Correct","Correct","Correct"
"9",11,"5_6_stimuli","5_5","Congruent","Congruent","Incongruent","Congruent",21.999871,22.199866,"5%",0.531878,"Correct","Correct","Correct","Correct"
"9",12,"7_8_stimuli","8_7","Incongruent","Congruent","Congruent","Incongruent",23.999865,24.199847,"7&",0.772011,"Correct","Correct","Correct","Correct"
"9",13,"1_2_stimuli","1_2","Incongruent","Incongruent","Congruent","Congruent",25.999843,26.199846,"2@",0.451924,"Correct","Correct","Correct","Correct"
"9",14,"3_4_stimuli","3_3","Congruent","Incongruent","Incongruent","Congruent",27.999832,28.199828,"3#",0.3719,"Correct","Correct","Correct","Correct"
"9",15,"5_6_stimuli","5_5","Congruent","Congruent","Incongruent","Incongruent",29.999814,30.199813,"5%",0.611904,"Correct","Correct","Correct","Correct"
"9",16,"7_8_stimuli","7_7","Congruent","Congruent","Congruent","Incongruent",31.999811,32.199802,"7&",0.564359,"Correct","Correct","Correct","Correct"
"9",17,"1_2_stimuli","1_1","Congruent","Congruent","Congruent","Congruent",33.999794,34.199787,"1!",0.40419,"Correct","Correct","Correct","Correct"
"9",18,"3_4_stimuli","3_4","Incongruent","Congruent","Congruent","Congruent",35.999776,36.199788,"4$",0.548161,"Correct","Correct","Correct","Correct"
"9",19,"5_6_stimuli","6_6","Congruent","Incongruent","Congruent","Congruent",37.999765,38.199769,"6^",0.740396,"Correct","Correct","Correct","Correct"
"9",20,"7_8_stimuli","7_8","Incongruent","Congruent","Incongruent","Congruent",39.999758,40.199763,"8*",0.516499,"Correct","Correct","Correct","Correct"
"9",21,"1_2_stimuli","2_2","Congruent","Incongruent","Congruent","Incongruent",41.999749,42.19974,"2@",0.452497,"Correct","Correct","Correct","Correct"
"9",22,"3_4_stimuli","3_4","Incongruent","Congruent","Incongruent","Congruent",43.999727,44.199731,"4$",0.564503,"Correct","Correct","Correct","Correct"
"9",23,"5_6_stimuli","6_6","Congruent","Incongruent","Congruent","Incongruent",45.999715,46.199723,"6^",0.724563,"Correct","Correct","Correct","Correct"
"9",24,"7_8_stimuli","8_8","Congruent","Congruent","Incongruent","Congruent",47.999702,48.199702,"8*",0.548572,"Correct","Correct","Correct","Correct"
"9",25,"1_2_stimuli","1_2","Incongruent","Congruent","Congruent","Incongruent",49.9997,50.199699,"2@",0.48463,"Correct","Correct","Correct","Correct"
"9",26,"3_4_stimuli","4_3","Incongruent","Incongruent","Congruent","Congruent",51.999674,52.1997,"3#",0.436564,"Correct","Correct","Correct","Correct"
"9",27,"5_6_stimuli","5_5","Congruent","Incongruent","Incongruent","Congruent",53.999661,54.199655,"5%",1.156668,"Correct","Correct","Correct","Correct"
"9",28,"7_8_stimuli","8_7","Incongruent","Congruent","Incongruent","Incongruent",55.99966,56.199651,"7&",0.500655,"Correct","Correct","Correct","Correct"
"9",29,"1_2_stimuli","2_1","Incongruent","Incongruent","Congruent","Incongruent",57.999647,58.19964,"2@",0.356123,"Error","Correct","Correct","Correct"
"9",30,"3_4_stimuli","4_3","Incongruent","Incongruent","Incongruent","Congruent",59.999625,60.199628,"3#",0.484161,"Correct","Error","Correct","Correct"
"9",31,"5_6_stimuli","5_6","Incongruent","Incongruent","Incongruent","Incongruent",61.999614,62.199608,"6^",0.836651,"Correct","Correct","Error","Correct"
"9",32,"7_8_stimuli","8_8","Congruent","Incongruent","Incongruent","Incongruent",63.999605,64.19961,"8*",0.468185,"Correct","Correct","Correct","Error"
"9",33,"1_2_stimuli","1_2","Incongruent","Congruent","Incongruent","Incongruent",65.999595,66.199593,"2@",0.436195,"Correct","Correct","Correct","Correct"
"9",34,"3_4_stimuli","4_4","Congruent","Incongruent","Congruent","Incongruent",67.999571,68.19958,"4$",0.468247,"Correct","Correct","Correct","Correct"
"9",35,"5_6_stimuli","6_5","Incongruent","Congruent","Incongruent","Congruent",69.999575,70.199557,"5%",0.756252,"Correct","Correct","Correct","Correct"
"9",36,"7_8_stimuli","8_8","Congruent","Incongruent","Congruent","Incongruent",71.99956,72.199543,"8*",0.516283,"Correct","Correct","Correct","Correct"
"9",37,"1_2_stimuli","1_2","Incongruent","Congruent","Incongruent","Congruent",73.999549,74.199536,"2@",0.452843,"Correct","Correct","Correct","Correct"
"9",38,"3_4_stimuli","4_3","Incongruent","Incongruent","Congruent","Incongruent",75.999528,76.199527,"3#",0.500266,"Correct","Correct","Correct","Correct"
"9",39,"5_6_stimuli","5_6","Incongruent","Incongruent","Incongruent","Congruent",77.999522,78.199512,"6^",0.724347,"Correct","Correct","Correct","Correct"
"9",40,"7_8_stimuli","7_8","Incongruent","Incongruent","Incongruent","Incongruent",79.999505,80.199503,"8*",0.756297,"Correct","Correct","Correct","Correct"
"9",41,"1_2_stimuli","2_2","Congruent","Incongruent","Incongruent","Incongruent",81.999488,82.199487,"2@",0.469021,"Correct","Correct","Correct","Correct"
"9",42,"3_4_stimuli","3_3","Congruent","Congruent","Incongruent","Incongruent",83.999477,84.199478,"3#",0.452362,"Correct","Correct","Correct","Correct"
"9",43,"5_6_stimuli","6_5","Incongruent","Congruent","Congruent","Incongruent",85.999463,86.199462,"5%",0.724509,"Correct","Correct","Correct","Correct"
"9",44,"7_8_stimuli","7_8","Incongruent","Incongruent","Congruent","Congruent",87.999449,88.199451,"8*",0.56439,"Correct","Correct","Correct","Correct"
"9",45,"1_2_stimuli","1_1","Congruent","Incongruent","Incongruent","Congruent",89.99944,90.199428,"1!",0.484933,"Correct","Correct","Correct","Correct"
"9",46,"3_4_stimuli","3_4","Incongruent","Congruent","Incongruent","Incongruent",91.999432,92.199419,"4$",0.484343,"Correct","Correct","Correct","Correct"
"9",47,"5_6_stimuli","6_5","Incongruent","Incongruent","Congruent","Incongruent",93.999417,94.199419,"5%",0.75667,"Correct","Correct","Correct","Correct"
"9",48,"7_8_stimuli","8_7","Incongruent","Incongruent","Incongruent","Congruent",95.999396,96.19939,"7&",0.709228,"Correct","Correct","Correct","Correct"
"9",49,"1_2_stimuli","2_1","Incongruent","Incongruent","Incongruent","Incongruent",97.999391,98.199383,"1!",0.372445,"Correct","Correct","Correct","Correct"
"9",50,"3_4_stimuli","4_4","Congruent","Incongruent","Incongruent","Incongruent",99.999376,100.199366,"4$",0.484488,"Correct","Correct","Correct","Correct"
"9",51,"5_6_stimuli","5_6","Incongruent","Congruent","Incongruent","Incongruent",101.999368,102.19936,"6^",0.708812,"Correct","Correct","Correct","Correct"
"9",52,"7_8_stimuli","7_8","Incongruent","Incongruent","Congruent","Incongruent",103.999353,104.199345,"8*",0.500519,"Correct","Correct","Correct","Correct"
"9",53,"1_2_stimuli","2_1","Incongruent","Incongruent","Incongruent","Congruent",105.999338,106.199329,"1!",0.389092,"Correct","Correct","Correct","Correct"
"9",54,"3_4_stimuli","3_4","Incongruent","Incongruent","Incongruent","Incongruent",107.999331,108.199321,"4$",0.484983,"Correct","Correct","Correct","Correct"
"9",55,"5_6_stimuli","6_6","Congruent","Incongruent","Incongruent","Incongruent",109.999314,110.19931,"6^",0.709698,"Correct","Correct","Correct","Correct"
"9",56,"7_8_stimuli","7_7","Congruent","Congruent","Incongruent","Incongruent",111.999302,112.199291,"1!",0.420608,"Error","Correct","Correct","Correct"
"9",57,"1_2_stimuli","1_1","Congruent","Congruent","Congruent","Incongruent",113.999302,114.199279,"1!",0.500795,"Correct","Error","Correct","Correct"
"9",58,"3_4_stimuli","3_3","Congruent","Congruent","Congruent","Congruent",115.999265,116.199271,"3#",0.548956,"Correct","Correct","Error","Correct"
"9",59,"5_6_stimuli","5_6","Incongruent","Congruent","Congruent","Congruent",117.999257,118.199256,"6^",0.692959,"Correct","Correct","Correct","Error"
"9",60,"7_8_stimuli","7_7","Congruent","Incongruent","Congruent","Congruent",119.999238,120.199245,"7&",0.421089,"Correct","Correct","Correct","Correct"
"9",61,"1_2_stimuli","2_2","Congruent","Congruent","Incongruent","Congruent",121.99924,122.199231,"2@",0.501161,"Correct","Correct","Correct","Correct"
"9",62,"3_4_stimuli","4_3","Incongruent","Congruent","Congruent","Incongruent",123.999228,124.199233,"3#",0.453099,"Correct","Correct","Correct","Correct"
"9",63,"5_6_stimuli","6_5","Incongruent","Incongruent","Congruent","Congruent",125.999207,126.199202,"5%",0.628902,"Correct","Correct","Correct","Correct"
"9",64,"7_8_stimuli","8_8","Congruent","Incongruent","Incongruent","Congruent",127.999191,128.199197,"8*",0.436679,"Correct","Correct","Correct","Correct"
"9",65,"1_2_stimuli","2_2","Congruent","Congruent","Incongruent","Incongruent",129.999184,130.199181,"2@",0.421201,"Correct","Correct","Correct","Correct"
"9",66,"3_4_stimuli","4_4","Congruent","Congruent","Congruent","Incongruent",131.999167,132.199174,"4$",0.421209,"Correct","Correct","Correct","Correct"
"9",67,"5_6_stimuli","5_5","Congruent","Congruent","Congruent","Congruent",133.999158,134.19915,"5%",0.43677,"Correct","Correct","Correct","Correct"
"9",68,"7_8_stimuli","8_7","Incongruent","Congruent","Congruent","Congruent",135.999149,136.199136,"7&",0.453136,"Correct","Correct","Correct","Correct"
"10",1,"1_2_stimuli","2_1","Incongruent",NA,NA,NA,1.999978,2.199972,"1!",0.413098,"Correct",NA,NA,NA
"10",2,"3_4_stimuli","3_4","Incongruent","Incongruent",NA,NA,3.999963,4.19996,"4$",0.412783,"Correct","Correct",NA,NA
"10",3,"5_6_stimuli","6_6","Congruent","Incongruent","Incongruent",NA,5.999956,6.199943,"6^",0.605437,"Correct","Correct","Correct",NA
"10",4,"7_8_stimuli","7_8","Incongruent","Congruent","Incongruent","Incongruent",7.999934,8.199941,"8*",0.364716,"Correct","Correct","Correct","Correct"
"10",5,"1_2_stimuli","2_1","Incongruent","Incongruent","Congruent","Incongruent",9.999926,10.199916,"2@",0.39683,"Error","Correct","Correct","Correct"
"10",6,"3_4_stimuli","3_3","Congruent","Incongruent","Incongruent","Congruent",11.999911,12.199917,"3#",0.445529,"Correct","Error","Correct","Correct"
"10",7,"5_6_stimuli","6_5","Incongruent","Congruent","Incongruent","Incongruent",13.999897,14.199891,"5%",0.733466,"Correct","Correct","Error","Correct"
"10",8,"7_8_stimuli","8_8","Congruent","Incongruent","Congruent","Incongruent",15.999888,16.199892,"8*",0.573118,"Correct","Correct","Correct","Error"
"10",9,"1_2_stimuli","1_2","Incongruent","Congruent","Incongruent","Congruent",17.999872,18.199884,"2@",0.445309,"Correct","Correct","Correct","Correct"
"10",10,"3_4_stimuli","3_4","Incongruent","Incongruent","Congruent","Incongruent",19.999862,20.199863,"4$",0.445004,"Correct","Correct","Correct","Correct"
"10",11,"5_6_stimuli","5_5","Congruent","Incongruent","Incongruent","Congruent",21.999851,22.199849,"5%",0.541341,"Correct","Correct","Correct","Correct"
"10",12,"7_8_stimuli","8_8","Congruent","Congruent","Incongruent","Incongruent",23.999829,24.199845,"8*",0.524993,"Correct","Correct","Correct","Correct"
"10",13,"1_2_stimuli","1_2","Incongruent","Congruent","Congruent","Incongruent",25.99983,26.199818,"2@",0.412926,"Correct","Correct","Correct","Correct"
"10",14,"3_4_stimuli","4_3","Incongruent","Incongruent","Congruent","Congruent",27.999803,28.199806,"3#",0.397424,"Correct","Correct","Correct","Correct"
"10",15,"5_6_stimuli","6_5","Incongruent","Incongruent","Incongruent","Congruent",29.999802,30.199807,"5%",0.669699,"Correct","Correct","Correct","Correct"
"10",16,"7_8_stimuli","8_7","Incongruent","Incongruent","Incongruent","Incongruent",31.999781,32.199795,"8*",0.4935,"Error","Correct","Correct","Correct"
"10",17,"1_2_stimuli","2_2","Congruent","Incongruent","Incongruent","Incongruent",33.999766,34.199774,"2@",0.509758,"Correct","Error","Correct","Correct"
"10",18,"3_4_stimuli","4_4","Congruent","Congruent","Incongruent","Incongruent",35.999762,36.199756,"4$",0.653621,"Correct","Correct","Error","Correct"
"10",19,"5_6_stimuli","5_6","Incongruent","Congruent","Congruent","Incongruent",37.999741,38.199756,"6^",0.637017,"Correct","Correct","Correct","Error"
"10",20,"7_8_stimuli","7_7","Congruent","Incongruent","Congruent","Congruent",39.999729,40.199743,"7&",0.573546,"Correct","Correct","Correct","Correct"
"10",21,"1_2_stimuli","1_1","Congruent","Congruent","Incongruent","Congruent",41.999719,42.199714,"1!",0.477516,"Correct","Correct","Correct","Correct"
"10",22,"3_4_stimuli","3_3","Congruent","Congruent","Congruent","Incongruent",43.999714,44.199703,"3#",0.397018,"Correct","Correct","Correct","Correct"
"10",23,"5_6_stimuli","6_6","Congruent","Congruent","Congruent","Congruent",45.999699,46.1997,"6^",0.653419,"Correct","Correct","Correct","Correct"
"10",24,"7_8_stimuli","8_8","Congruent","Congruent","Congruent","Congruent",47.999694,48.199674,"8*",0.509511,"Correct","Correct","Correct","Correct"
"10",25,"1_2_stimuli","1_2","Incongruent","Congruent","Congruent","Congruent",49.999676,50.199672,"2@",0.365689,"Correct","Correct","Correct","Correct"
"10",26,"3_4_stimuli","4_4","Congruent","Incongruent","Congruent","Congruent",51.999654,52.199656,"4$",0.797137,"Correct","Correct","Correct","Correct"
"10",27,"5_6_stimuli","6_5","Incongruent","Congruent","Incongruent","Congruent",53.999656,54.199648,"5%",0.461141,"Correct","Correct","Correct","Correct"
"10",28,"7_8_stimuli","8_7","Incongruent","Incongruent","Congruent","Incongruent",55.999633,56.199638,"7&",0.42972,"Correct","Correct","Correct","Correct"
"10",29,"1_2_stimuli","2_2","Congruent","Incongruent","Incongruent","Congruent",57.999618,58.199625,"2@",0.717656,"Correct","Correct","Correct","Correct"
"10",30,"3_4_stimuli","3_4","Incongruent","Congruent","Incongruent","Incongruent",59.999609,60.199608,"4$",0.94145,"Correct","Correct","Correct","Correct"
"10",31,"5_6_stimuli","5_5","Congruent","Incongruent","Congruent","Incongruent",61.999603,62.199592,"5%",0.845757,"Correct","Correct","Correct","Correct"
"10",32,"7_8_stimuli","8_7","Incongruent","Congruent","Incongruent","Congruent",63.99959,64.199589,"7&",1.069217,"Correct","Correct","Correct","Correct"
"10",33,"1_2_stimuli","1_1","Congruent","Incongruent","Congruent","Incongruent",65.999579,66.199579,"1!",0.525243,"Correct","Correct","Correct","Correct"
"10",34,"3_4_stimuli","3_3","Congruent","Congruent","Incongruent","Congruent",67.999562,68.199563,"3#",0.493401,"Correct","Correct","Correct","Correct"
"10",35,"5_6_stimuli","6_6","Congruent","Congruent","Congruent","Incongruent",69.999537,70.199542,"6^",0.893565,"Correct","Correct","Correct","Correct"
"10",36,"7_8_stimuli","7_8","Incongruent","Congruent","Congruent","Congruent",71.999536,72.199541,"8*",0.589782,"Correct","Correct","Correct","Correct"
"10",37,"1_2_stimuli","1_1","Congruent","Incongruent","Congruent","Congruent",73.99952,74.199529,"1!",0.525863,"Correct","Correct","Correct","Correct"
"10",38,"3_4_stimuli","4_3","Incongruent","Congruent","Incongruent","Congruent",75.999508,76.199506,"3#",0.477764,"Correct","Correct","Correct","Correct"
"10",39,"5_6_stimuli","5_6","Incongruent","Incongruent","Congruent","Incongruent",77.999504,78.19949,"6^",0.941827,"Correct","Correct","Correct","Correct"
"10",40,"7_8_stimuli","8_8","Congruent","Incongruent","Incongruent","Congruent",79.999473,80.199479,"8*",0.749358,"Correct","Correct","Correct","Correct"
"10",41,"1_2_stimuli","2_1","Incongruent","Congruent","Incongruent","Incongruent",81.999468,82.199465,"1!",0.557946,"Correct","Correct","Correct","Correct"
"10",42,"3_4_stimuli","3_3","Congruent","Incongruent","Congruent","Incongruent",83.999454,84.199461,"3#",0.493564,"Correct","Correct","Correct","Correct"
"10",43,"5_6_stimuli","6_6","Congruent","Congruent","Incongruent","Congruent",85.999451,86.199447,"6^",0.701995,"Correct","Correct","Correct","Correct"
"10",44,"7_8_stimuli","7_7","Congruent","Congruent","Congruent","Incongruent",87.99943,88.199429,"7&",0.589891,"Correct","Correct","Correct","Correct"
"10",45,"1_2_stimuli","2_2","Congruent","Congruent","Congruent","Congruent",89.999419,90.199414,"2@",0.573518,"Correct","Correct","Correct","Correct"
"10",46,"3_4_stimuli","3_4","Incongruent","Congruent","Congruent","Congruent",91.999403,92.199401,"4$",0.445441,"Correct","Correct","Correct","Correct"
"10",47,"5_6_stimuli","6_6","Congruent","Incongruent","Congruent","Congruent",93.99939,94.19939,"6^",0.765584,"Correct","Correct","Correct","Correct"
"10",48,"7_8_stimuli","7_7","Congruent","Congruent","Incongruent","Congruent",95.999381,96.199375,"7&",0.493922,"Correct","Correct","Correct","Correct"
"10",49,"1_2_stimuli","2_2","Congruent","Congruent","Congruent","Incongruent",97.999374,98.19936,"1!",0.36549,"Error","Correct","Correct","Correct"
"10",50,"3_4_stimuli","4_4","Congruent","Congruent","Congruent","Congruent",99.999355,100.199358,"4$",0.525691,"Correct","Error","Correct","Correct"
"10",51,"5_6_stimuli","6_5","Incongruent","Congruent","Congruent","Congruent",101.999338,102.199339,"5%",0.701518,"Correct","Correct","Error","Correct"
"10",52,"7_8_stimuli","7_8","Incongruent","Incongruent","Congruent","Congruent",103.99934,104.199302,"8*",0.525523,"Correct","Correct","Correct","Error"
"10",53,"1_2_stimuli","2_1","Incongruent","Incongruent","Incongruent","Congruent",105.999314,106.199306,"1!",0.477612,"Correct","Correct","Correct","Correct"
"10",54,"3_4_stimuli","3_4","Incongruent","Incongruent","Incongruent","Incongruent",107.999305,108.199296,"4$",0.4141,"Correct","Correct","Correct","Correct"
"10",55,"5_6_stimuli","5_6","Incongruent","Incongruent","Incongruent","Incongruent",109.999292,110.199284,"6^",0.574267,"Correct","Correct","Correct","Correct"
"10",56,"7_8_stimuli","7_7","Congruent","Incongruent","Incongruent","Incongruent",111.999279,112.199279,"7&",0.637889,"Correct","Correct","Correct","Correct"
"10",57,"1_2_stimuli","1_1","Congruent","Congruent","Incongruent","Incongruent",113.999263,114.199262,"1!",0.478122,"Correct","Correct","Correct","Correct"
"10",58,"3_4_stimuli","4_3","Incongruent","Congruent","Congruent","Incongruent",115.99925,116.19926,"3#",0.509649,"Correct","Correct","Correct","Correct"
"10",59,"5_6_stimuli","5_6","Incongruent","Incongruent","Congruent","Congruent",117.999242,118.199239,"6^",0.766216,"Correct","Correct","Correct","Correct"
"10",60,"7_8_stimuli","8_7","Incongruent","Incongruent","Incongruent","Congruent",119.999222,120.19923,"7&",0.493728,"Correct","Correct","Correct","Correct"
"10",61,"1_2_stimuli","2_1","Incongruent","Incongruent","Incongruent","Incongruent",121.999209,122.199208,"1!",0.365919,"Correct","Correct","Correct","Correct"
"10",62,"3_4_stimuli","4_4","Congruent","Incongruent","Incongruent","Incongruent",123.999199,124.199199,"4$",0.430113,"Correct","Correct","Correct","Correct"
"10",63,"5_6_stimuli","5_5","Congruent","Congruent","Incongruent","Incongruent",125.999187,126.199184,"5%",0.62217,"Correct","Correct","Correct","Correct"
"10",64,"7_8_stimuli","7_8","Incongruent","Congruent","Congruent","Incongruent",127.999174,128.199172,"8*",0.52601,"Correct","Correct","Correct","Correct"
"10",65,"1_2_stimuli","1_2","Incongruent","Incongruent","Congruent","Congruent",129.999163,130.19916,"1!",0.430214,"Error","Correct","Correct","Correct"
"10",66,"3_4_stimuli","4_3","Incongruent","Incongruent","Incongruent","Congruent",131.99915,132.199146,"3#",0.478298,"Correct","Error","Correct","Correct"
"10",67,"5_6_stimuli","5_5","Congruent","Incongruent","Incongruent","Incongruent",133.999134,134.199132,"5%",0.605828,"Correct","Correct","Error","Correct"
"10",68,"7_8_stimuli","7_8","Incongruent","Congruent","Incongruent","Incongruent",135.999122,136.199119,"8*",0.494195,"Correct","Correct","Correct","Error"
"11",1,"1_2_stimuli","1_2","Incongruent",NA,NA,NA,1.999991,2.199988,"2@",0.467571,"Correct",NA,NA,NA
"11",2,"3_4_stimuli","3_4","Incongruent","Incongruent",NA,NA,3.999976,4.199986,"4$",0.435081,"Correct","Correct",NA,NA
"11",3,"5_6_stimuli","5_6","Incongruent","Incongruent","Incongruent",NA,5.999966,6.199963,"6^",0.611225,"Correct","Correct","Correct",NA
"11",4,"7_8_stimuli","8_8","Congruent","Incongruent","Incongruent","Incongruent",7.999958,8.199955,"8*",0.579326,"Correct","Correct","Correct","Correct"
"11",5,"1_2_stimuli","2_1","Incongruent","Congruent","Incongruent","Incongruent",9.999938,10.199933,"1!",0.451551,"Correct","Correct","Correct","Correct"
"11",6,"3_4_stimuli","4_3","Incongruent","Incongruent","Congruent","Incongruent",11.999937,12.199937,"3#",0.403441,"Correct","Correct","Correct","Correct"
"11",7,"5_6_stimuli","5_5","Congruent","Incongruent","Incongruent","Congruent",13.999924,14.199908,"5%",0.483464,"Correct","Correct","Correct","Correct"
"11",8,"7_8_stimuli","7_8","Incongruent","Congruent","Incongruent","Incongruent",15.999903,16.19991,"8*",0.499707,"Correct","Correct","Correct","Correct"
"11",9,"1_2_stimuli","2_2","Congruent","Incongruent","Congruent","Incongruent",17.999897,18.199891,"2@",0.419404,"Correct","Correct","Correct","Correct"
"11",10,"3_4_stimuli","4_4","Congruent","Congruent","Incongruent","Congruent",19.999871,20.19988,"4$",0.419622,"Correct","Correct","Correct","Correct"
"11",11,"5_6_stimuli","6_5","Incongruent","Congruent","Congruent","Incongruent",21.999858,22.199858,"5%",0.65952,"Correct","Correct","Correct","Correct"
"11",12,"7_8_stimuli","8_7","Incongruent","Incongruent","Congruent","Congruent",23.99985,24.199856,"7&",0.547715,"Correct","Correct","Correct","Correct"
"11",13,"1_2_stimuli","2_2","Congruent","Incongruent","Incongruent","Congruent",25.999849,26.199838,"2@",0.483578,"Correct","Correct","Correct","Correct"
"11",14,"3_4_stimuli","4_4","Congruent","Congruent","Incongruent","Incongruent",27.999836,28.199816,"4$",0.467706,"Correct","Correct","Correct","Correct"
"11",15,"5_6_stimuli","5_5","Congruent","Congruent","Congruent","Incongruent",29.999819,30.199819,"5%",0.547674,"Correct","Correct","Correct","Correct"
"11",16,"7_8_stimuli","7_8","Incongruent","Congruent","Congruent","Congruent",31.999804,32.19981,"8*",0.531851,"Correct","Correct","Correct","Correct"
"11",17,"1_2_stimuli","2_2","Congruent","Incongruent","Congruent","Congruent",33.999797,34.199793,"2@",0.387301,"Correct","Correct","Correct","Correct"
"11",18,"3_4_stimuli","4_3","Incongruent","Congruent","Incongruent","Congruent",35.999769,36.199774,"3#",0.48333,"Correct","Correct","Correct","Correct"
"11",19,"5_6_stimuli","5_5","Congruent","Incongruent","Congruent","Incongruent",37.999768,38.199755,"5%",0.883815,"Correct","Correct","Correct","Correct"
"11",20,"7_8_stimuli","7_7","Congruent","Congruent","Incongruent","Congruent",39.999749,40.199758,"7&",0.515845,"Correct","Correct","Correct","Correct"
"11",21,"1_2_stimuli","2_1","Incongruent","Congruent","Congruent","Incongruent",41.999742,42.199737,"1!",0.563632,"Correct","Correct","Correct","Correct"
"11",22,"3_4_stimuli","4_4","Congruent","Incongruent","Congruent","Congruent",43.999733,44.199733,"4$",0.483813,"Correct","Correct","Correct","Correct"
"11",23,"5_6_stimuli","6_5","Incongruent","Congruent","Incongruent","Congruent",45.999709,46.199719,"5%",0.595988,"Correct","Correct","Correct","Correct"
"11",24,"7_8_stimuli","8_8","Congruent","Incongruent","Congruent","Incongruent",47.999698,48.199703,"8*",0.627407,"Correct","Correct","Correct","Correct"
"11",25,"1_2_stimuli","1_1","Congruent","Congruent","Incongruent","Congruent",49.999694,50.199684,"1!",0.355991,"Correct","Correct","Correct","Correct"
"11",26,"3_4_stimuli","4_4","Congruent","Congruent","Congruent","Incongruent",51.99968,52.199681,"4$",0.53147,"Correct","Correct","Correct","Correct"
"11",27,"5_6_stimuli","6_5","Incongruent","Congruent","Congruent","Congruent",53.99966,54.19966,"5%",0.515432,"Correct","Correct","Correct","Correct"
"11",28,"7_8_stimuli","7_7","Congruent","Incongruent","Congruent","Congruent",55.99965,56.199646,"7&",0.56353,"Correct","Correct","Correct","Correct"
"11",29,"1_2_stimuli","2_1","Incongruent","Congruent","Incongruent","Congruent",57.999636,58.199626,"1!",0.467932,"Correct","Correct","Correct","Correct"
"11",30,"3_4_stimuli","3_3","Congruent","Incongruent","Congruent","Incongruent",59.999621,60.199626,"3#",0.563505,"Correct","Correct","Correct","Correct"
"11",31,"5_6_stimuli","6_6","Congruent","Congruent","Incongruent","Congruent",61.999608,62.199603,"5%",0.611704,"Error","Correct","Correct","Correct"
"11",32,"7_8_stimuli","8_7","Incongruent","Congruent","Congruent","Incongruent",63.999605,64.199606,"7&",0.564163,"Correct","Error","Correct","Correct"
"11",33,"1_2_stimuli","1_2","Incongruent","Incongruent","Congruent","Congruent",65.999595,66.199581,"2@",0.499604,"Correct","Correct","Error","Correct"
"11",34,"3_4_stimuli","4_3","Incongruent","Incongruent","Incongruent","Congruent",67.999581,68.19958,"3#",0.51557,"Correct","Correct","Correct","Error"
"11",35,"5_6_stimuli","5_6","Incongruent","Incongruent","Incongruent","Incongruent",69.999566,70.199567,"6^",0.515898,"Correct","Correct","Correct","Correct"
"11",36,"7_8_stimuli","8_7","Incongruent","Incongruent","Incongruent","Incongruent",71.99954,72.199539,"7&",0.628113,"Correct","Correct","Correct","Correct"
"11",37,"1_2_stimuli","1_1","Congruent","Incongruent","Incongruent","Incongruent",73.999539,74.19953,"1!",0.435565,"Correct","Correct","Correct","Correct"
"11",38,"3_4_stimuli","3_4","Incongruent","Congruent","Incongruent","Incongruent",75.999528,76.199528,"4$",0.54804,"Correct","Correct","Correct","Correct"
"11",39,"5_6_stimuli","6_5","Incongruent","Incongruent","Congruent","Incongruent",77.99952,78.199506,"5%",0.57961,"Correct","Correct","Correct","Correct"
"11",40,"7_8_stimuli","7_8","Incongruent","Incongruent","Incongruent","Congruent",79.999493,80.199496,"8*",0.564246,"Correct","Correct","Correct","Correct"
"11",41,"1_2_stimuli","1_2","Incongruent","Incongruent","Incongruent","Incongruent",81.999481,82.199488,"2@",0.323912,"Correct","Correct","Correct","Correct"
"11",42,"3_4_stimuli","3_3","Congruent","Incongruent","Incongruent","Incongruent",83.999476,84.199478,"3#",0.547688,"Correct","Correct","Correct","Correct"
"11",43,"5_6_stimuli","5_6","Incongruent","Congruent","Incongruent","Incongruent",85.999463,86.19945,"6^",0.772177,"Correct","Correct","Correct","Correct"
"11",44,"7_8_stimuli","8_7","Incongruent","Incongruent","Congruent","Incongruent",87.999453,88.199436,"7&",0.51605,"Correct","Correct","Correct","Correct"
"11",45,"1_2_stimuli","1_2","Incongruent","Incongruent","Incongruent","Congruent",89.999436,90.199439,"2@",0.420273,"Correct","Correct","Correct","Correct"
"11",46,"3_4_stimuli","4_3","Incongruent","Incongruent","Incongruent","Incongruent",91.999421,92.199428,"3#",0.484162,"Correct","Correct","Correct","Correct"
"11",47,"5_6_stimuli","6_6","Congruent","Incongruent","Incongruent","Incongruent",93.999419,94.199417,"6^",0.659785,"Correct","Correct","Correct","Correct"
"11",48,"7_8_stimuli","8_8","Congruent","Congruent","Incongruent","Incongruent",95.999406,96.199396,"8*",0.420117,"Correct","Correct","Correct","Correct"
"11",49,"1_2_stimuli","2_2","Congruent","Congruent","Congruent","Incongruent",97.999382,98.199377,"2@",0.500893,"Correct","Correct","Correct","Correct"
"11",50,"3_4_stimuli","3_3","Congruent","Congruent","Congruent","Congruent",99.999367,100.199379,"3#",0.404092,"Correct","Correct","Correct","Correct"
"11",51,"5_6_stimuli","6_6","Congruent","Congruent","Congruent","Congruent",101.999368,102.199357,"5%",0.788106,"Error","Correct","Correct","Correct"
"11",52,"7_8_stimuli","8_8","Congruent","Congruent","Congruent","Congruent",103.999345,104.199348,"8*",0.515844,"Correct","Error","Correct","Correct"
"11",53,"1_2_stimuli","1_1","Congruent","Congruent","Congruent","Congruent",105.999342,106.199336,"1!",0.516512,"Correct","Correct","Error","Correct"
"11",54,"3_4_stimuli","3_4","Incongruent","Congruent","Congruent","Congruent",107.999317,108.199321,"4$",0.49989,"Correct","Correct","Correct","Error"
"11",55,"5_6_stimuli","5_6","Incongruent","Incongruent","Congruent","Congruent",109.99931,110.199308,"6^",0.756328,"Correct","Correct","Correct","Correct"
"11",56,"7_8_stimuli","7_7","Congruent","Incongruent","Incongruent","Congruent",111.999294,112.199289,"7&",0.676221,"Correct","Correct","Correct","Correct"
"11",57,"1_2_stimuli","1_1","Congruent","Congruent","Incongruent","Incongruent",113.999285,114.199279,"1!",0.468215,"Correct","Correct","Correct","Correct"
"11",58,"3_4_stimuli","3_4","Incongruent","Congruent","Congruent","Incongruent",115.999273,116.199263,"4$",0.451916,"Correct","Correct","Correct","Correct"
"11",59,"5_6_stimuli","5_5","Congruent","Incongruent","Congruent","Congruent",117.999272,118.199249,"5%",0.740113,"Correct","Correct","Correct","Correct"
"11",60,"7_8_stimuli","7_8","Incongruent","Congruent","Incongruent","Congruent",119.999239,120.199239,"8*",0.596068,"Correct","Correct","Correct","Correct"
"11",61,"1_2_stimuli","1_2","Incongruent","Incongruent","Congruent","Incongruent",121.999234,122.199228,"2@",0.532591,"Correct","Correct","Correct","Correct"
"11",62,"3_4_stimuli","3_3","Congruent","Incongruent","Incongruent","Congruent",123.999214,124.19921,"3#",0.452024,"Correct","Correct","Correct","Correct"
"11",63,"5_6_stimuli","6_6","Congruent","Congruent","Incongruent","Incongruent",125.999198,126.199196,"5%",0.692037,"Error","Correct","Correct","Correct"
"11",64,"7_8_stimuli","8_8","Congruent","Congruent","Congruent","Incongruent",127.999193,128.199189,"8*",0.516075,"Correct","Error","Correct","Correct"
"11",65,"1_2_stimuli","2_1","Incongruent","Congruent","Congruent","Congruent",129.999186,130.199172,"1!",0.468329,"Correct","Correct","Error","Correct"
"11",66,"3_4_stimuli","3_4","Incongruent","Incongruent","Congruent","Congruent",131.999162,132.199164,"4$",0.932087,"Correct","Correct","Correct","Error"
"11",67,"5_6_stimuli","5_6","Incongruent","Incongruent","Incongruent","Congruent",133.999158,134.199154,"6^",0.772108,"Correct","Correct","Correct","Correct"
"11",68,"7_8_stimuli","7_7","Congruent","Incongruent","Incongruent","Incongruent",135.999139,136.199133,"7&",0.612373,"Correct","Correct","Correct","Correct"
"12",1,"1_2_stimuli","1_1","Congruent",NA,NA,NA,1.999983,2.19999,"1!",0.474053,"Correct",NA,NA,NA
"12",2,"3_4_stimuli","4_3","Incongruent","Congruent",NA,NA,3.999977,4.199974,"3#",0.506509,"Correct","Correct",NA,NA
"12",3,"5_6_stimuli","6_5","Incongruent","Incongruent","Congruent",NA,5.999961,6.199965,"5%",0.537909,"Correct","Correct","Correct",NA
"12",4,"7_8_stimuli","8_7","Incongruent","Incongruent","Incongruent","Congruent",7.99995,8.199954,"7&",0.633896,"Correct","Correct","Correct","Correct"
"12",5,"1_2_stimuli","1_2","Incongruent","Incongruent","Incongruent","Incongruent",9.999936,10.199938,"1!",0.410515,"Error","Correct","Correct","Correct"
"12",6,"3_4_stimuli","3_3","Congruent","Incongruent","Incongruent","Incongruent",11.999922,12.199917,"3#",0.490622,"Correct","Error","Correct","Correct"
"12",7,"5_6_stimuli","5_5","Congruent","Congruent","Incongruent","Incongruent",13.999909,14.199919,"5%",0.650514,"Correct","Correct","Error","Correct"
"12",8,"7_8_stimuli","7_8","Incongruent","Congruent","Congruent","Incongruent",15.999898,16.199903,"8*",0.554378,"Correct","Correct","Correct","Error"
"12",9,"1_2_stimuli","1_1","Congruent","Incongruent","Congruent","Congruent",17.999884,18.199897,"1!",0.458236,"Correct","Correct","Correct","Correct"
"12",10,"3_4_stimuli","4_3","Incongruent","Congruent","Incongruent","Congruent",19.999874,20.199873,"3#",0.458194,"Correct","Correct","Correct","Correct"
"12",11,"5_6_stimuli","6_6","Congruent","Incongruent","Congruent","Incongruent",21.999871,22.199867,"6^",0.890798,"Correct","Correct","Correct","Correct"
"12",12,"7_8_stimuli","8_8","Congruent","Congruent","Incongruent","Congruent",23.999851,24.199858,"8*",0.554475,"Correct","Correct","Correct","Correct"
"12",13,"1_2_stimuli","2_1","Incongruent","Congruent","Congruent","Incongruent",25.999841,26.199836,"1!",0.474015,"Correct","Correct","Correct","Correct"
"12",14,"3_4_stimuli","4_4","Congruent","Incongruent","Congruent","Congruent",27.999822,28.199825,"4$",0.410525,"Correct","Correct","Correct","Correct"
"12",15,"5_6_stimuli","5_5","Congruent","Congruent","Incongruent","Congruent",29.999811,30.19981,"5%",0.554128,"Correct","Correct","Correct","Correct"
"12",16,"7_8_stimuli","7_7","Congruent","Congruent","Congruent","Incongruent",31.999796,32.199796,"7&",0.490122,"Correct","Correct","Correct","Correct"
"12",17,"1_2_stimuli","1_1","Congruent","Congruent","Congruent","Congruent",33.999791,34.199778,"1!",0.442754,"Correct","Correct","Correct","Correct"
"12",18,"3_4_stimuli","4_4","Congruent","Congruent","Congruent","Congruent",35.999772,36.199777,"4$",0.410122,"Correct","Correct","Correct","Correct"
"12",19,"5_6_stimuli","5_6","Incongruent","Congruent","Congruent","Congruent",37.999768,38.199761,"6^",0.81068,"Correct","Correct","Correct","Correct"
"12",20,"7_8_stimuli","7_8","Incongruent","Incongruent","Congruent","Congruent",39.999747,40.199749,"7&",0.730627,"Error","Correct","Correct","Correct"
"12",21,"1_2_stimuli","2_2","Congruent","Incongruent","Incongruent","Congruent",41.999735,42.199742,"2@",0.506713,"Correct","Error","Correct","Correct"
"12",22,"3_4_stimuli","3_4","Incongruent","Congruent","Incongruent","Incongruent",43.999724,44.199722,"4$",0.410516,"Correct","Correct","Error","Correct"
"12",23,"5_6_stimuli","5_6","Incongruent","Incongruent","Congruent","Incongruent",45.999719,46.199708,"6^",0.714867,"Correct","Correct","Correct","Error"
"12",24,"7_8_stimuli","8_7","Incongruent","Incongruent","Incongruent","Congruent",47.999695,48.199692,"7&",0.730961,"Correct","Correct","Correct","Correct"
"12",25,"1_2_stimuli","2_2","Congruent","Incongruent","Incongruent","Incongruent",49.999686,50.199677,"2@",0.442453,"Correct","Correct","Correct","Correct"
"12",26,"3_4_stimuli","3_3","Congruent","Congruent","Incongruent","Incongruent",51.99967,52.199681,"3#",0.538282,"Correct","Correct","Correct","Correct"
"12",27,"5_6_stimuli","6_6","Congruent","Congruent","Congruent","Incongruent",53.999668,54.199657,"6^",0.714587,"Correct","Correct","Correct","Correct"
"12",28,"7_8_stimuli","8_8","Congruent","Congruent","Congruent","Congruent",55.99965,56.199655,"8*",0.682676,"Correct","Correct","Correct","Correct"
"12",29,"1_2_stimuli","2_1","Incongruent","Congruent","Congruent","Congruent",57.999642,58.199638,"1!",0.506456,"Correct","Correct","Correct","Correct"
"12",30,"3_4_stimuli","4_3","Incongruent","Incongruent","Congruent","Congruent",59.999613,60.199619,"3#",0.538814,"Correct","Correct","Correct","Correct"
"12",31,"5_6_stimuli","6_5","Incongruent","Incongruent","Incongruent","Congruent",61.99961,62.199605,"5%",0.986364,"Correct","Correct","Correct","Correct"
"12",32,"7_8_stimuli","7_7","Congruent","Incongruent","Incongruent","Incongruent",63.9996,64.199593,"7&",0.874915,"Correct","Correct","Correct","Correct"
"12",33,"1_2_stimuli","2_1","Incongruent","Congruent","Incongruent","Incongruent",65.999588,66.199578,"1!",0.474369,"Correct","Correct","Correct","Correct"
"12",34,"3_4_stimuli","3_3","Congruent","Incongruent","Congruent","Incongruent",67.999574,68.199566,"3#",0.490796,"Correct","Correct","Correct","Correct"
"12",35,"5_6_stimuli","6_5","Incongruent","Congruent","Incongruent","Congruent",69.999557,70.199561,"5%",0.602403,"Correct","Correct","Correct","Correct"
"12",36,"7_8_stimuli","7_7","Congruent","Incongruent","Congruent","Incongruent",71.999543,72.199555,"7&",0.859023,"Correct","Correct","Correct","Correct"
"12",37,"1_2_stimuli","1_1","Congruent","Congruent","Incongruent","Congruent",73.999532,74.199533,"1!",0.474434,"Correct","Correct","Correct","Correct"
"12",38,"3_4_stimuli","4_3","Incongruent","Congruent","Congruent","Incongruent",75.999522,76.199518,"3#",0.410505,"Correct","Correct","Correct","Correct"
"12",39,"5_6_stimuli","6_6","Congruent","Incongruent","Congruent","Congruent",77.999516,78.199516,"6^",0.714933,"Correct","Correct","Correct","Correct"
"12",40,"7_8_stimuli","7_8","Incongruent","Congruent","Incongruent","Congruent",79.999494,80.199503,"8*",0.666514,"Correct","Correct","Correct","Correct"
"12",41,"1_2_stimuli","2_1","Incongruent","Incongruent","Congruent","Incongruent",81.999485,82.19948,"1!",0.427055,"Correct","Correct","Correct","Correct"
"12",42,"3_4_stimuli","3_3","Congruent","Incongruent","Incongruent","Congruent",83.999476,84.19947,"3#",0.458726,"Correct","Correct","Correct","Correct"
"12",43,"5_6_stimuli","5_6","Incongruent","Congruent","Incongruent","Incongruent",85.999457,86.199454,"6^",0.554849,"Correct","Correct","Correct","Correct"
"12",44,"7_8_stimuli","8_7","Incongruent","Incongruent","Congruent","Incongruent",87.999447,88.199437,"7&",0.5865,"Correct","Correct","Correct","Correct"
"12",45,"1_2_stimuli","1_2","Incongruent","Incongruent","Incongruent","Congruent",89.999429,90.199437,"2@",0.379083,"Correct","Correct","Correct","Correct"
"12",46,"3_4_stimuli","3_4","Incongruent","Incongruent","Incongruent","Incongruent",91.999415,92.199419,"4$",0.506555,"Correct","Correct","Correct","Correct"
"12",47,"5_6_stimuli","6_6","Congruent","Incongruent","Incongruent","Incongruent",93.999405,94.199405,"6^",0.619123,"Correct","Correct","Correct","Correct"
"12",48,"7_8_stimuli","7_8","Incongruent","Congruent","Incongruent","Incongruent",95.999402,96.199393,"8*",0.699179,"Correct","Correct","Correct","Correct"
"12",49,"1_2_stimuli","1_1","Congruent","Incongruent","Congruent","Incongruent",97.999376,98.199372,"1!",0.490906,"Correct","Correct","Correct","Correct"
"12",50,"3_4_stimuli","4_4","Congruent","Congruent","Incongruent","Congruent",99.999366,100.199362,"4$",0.458687,"Correct","Correct","Correct","Correct"
"12",51,"5_6_stimuli","6_5","Incongruent","Congruent","Congruent","Incongruent",101.99936,102.199351,"5%",0.890949,"Correct","Correct","Correct","Correct"
"12",52,"7_8_stimuli","8_8","Congruent","Incongruent","Congruent","Congruent",103.999338,104.199352,"8*",0.507111,"Correct","Correct","Correct","Correct"
"12",53,"1_2_stimuli","1_2","Incongruent","Congruent","Incongruent","Congruent",105.999332,106.199326,"2@",0.475299,"Correct","Correct","Correct","Correct"
"12",54,"3_4_stimuli","4_3","Incongruent","Incongruent","Congruent","Incongruent",107.999313,108.199308,"3#",0.490727,"Correct","Correct","Correct","Correct"
"12",55,"5_6_stimuli","5_5","Congruent","Incongruent","Incongruent","Congruent",109.999299,110.199307,"5%",0.570681,"Correct","Correct","Correct","Correct"
"12",56,"7_8_stimuli","8_8","Congruent","Congruent","Incongruent","Incongruent",111.999292,112.199283,"8*",0.539213,"Correct","Correct","Correct","Correct"
"12",57,"1_2_stimuli","2_2","Congruent","Congruent","Congruent","Incongruent",113.999287,114.199281,"2@",0.426764,"Correct","Correct","Correct","Correct"
"12",58,"3_4_stimuli","3_4","Incongruent","Congruent","Congruent","Congruent",115.99926,116.199263,"4$",0.475262,"Correct","Correct","Correct","Correct"
"12",59,"5_6_stimuli","5_6","Incongruent","Incongruent","Congruent","Congruent",117.999248,118.199254,"6^",1.17871,"Correct","Correct","Correct","Correct"
"12",60,"7_8_stimuli","7_7","Congruent","Incongruent","Incongruent","Congruent",119.999242,120.199245,"7&",1.003532,"Correct","Correct","Correct","Correct"
"12",61,"1_2_stimuli","2_2","Congruent","Congruent","Incongruent","Incongruent",121.999231,122.199232,"2@",0.474814,"Correct","Correct","Correct","Correct"
"12",62,"3_4_stimuli","4_4","Congruent","Congruent","Congruent","Incongruent",123.99922,124.199215,"4$",0.443467,"Correct","Correct","Correct","Correct"
"12",63,"5_6_stimuli","5_5","Congruent","Congruent","Congruent","Congruent",125.99921,126.199206,"5%",0.602863,"Correct","Correct","Correct","Correct"
"12",64,"7_8_stimuli","8_7","Incongruent","Congruent","Congruent","Congruent",127.999187,128.199188,"7&",0.730879,"Correct","Correct","Correct","Correct"
"12",65,"1_2_stimuli","1_2","Incongruent","Incongruent","Congruent","Congruent",129.999181,130.199175,"2@",0.426864,"Correct","Correct","Correct","Correct"
"12",66,"3_4_stimuli","3_4","Incongruent","Incongruent","Incongruent","Congruent",131.999165,132.199161,"4$",0.491097,"Correct","Correct","Correct","Correct"
"12",67,"5_6_stimuli","6_5","Incongruent","Incongruent","Incongruent","Incongruent",133.999153,134.199146,"5%",0.794951,"Correct","Correct","Correct","Correct"
"12",68,"7_8_stimuli","8_7","Incongruent","Incongruent","Incongruent","Incongruent",135.999138,136.199141,"7&",0.523054,"Correct","Correct","Correct","Correct"
"13",1,"1_2_stimuli","1_2","Incongruent",NA,NA,NA,2.000001,2.199988,"2@",0.455122,"Correct",NA,NA,NA
"13",2,"3_4_stimuli","3_4","Incongruent","Incongruent",NA,NA,3.999984,4.199981,"4$",0.406917,"Correct","Correct",NA,NA
"13",3,"5_6_stimuli","6_5","Incongruent","Incongruent","Incongruent",NA,5.999961,6.199967,"5%",0.614831,"Correct","Correct","Correct",NA
"13",4,"7_8_stimuli","7_8","Incongruent","Incongruent","Incongruent","Incongruent",7.999961,8.199958,"8*",0.454931,"Correct","Correct","Correct","Correct"
"13",5,"1_2_stimuli","2_1","Incongruent","Incongruent","Incongruent","Incongruent",9.999953,10.19994,"1!",0.455234,"Correct","Correct","Correct","Correct"
"13",6,"3_4_stimuli","4_3","Incongruent","Incongruent","Incongruent","Incongruent",11.999932,12.199929,"3#",0.37475,"Correct","Correct","Correct","Correct"
"13",7,"5_6_stimuli","5_6","Incongruent","Incongruent","Incongruent","Incongruent",13.99992,14.199922,"6^",0.758595,"Correct","Correct","Correct","Correct"
"13",8,"7_8_stimuli","8_7","Incongruent","Incongruent","Incongruent","Incongruent",15.999913,16.199898,"7&",0.390559,"Correct","Correct","Correct","Correct"
"13",9,"1_2_stimuli","2_2","Congruent","Incongruent","Incongruent","Incongruent",17.999898,18.199901,"2@",0.326555,"Correct","Correct","Correct","Correct"
"13",10,"3_4_stimuli","4_3","Incongruent","Congruent","Incongruent","Incongruent",19.999884,20.19988,"3#",0.423089,"Correct","Correct","Correct","Correct"
"13",11,"5_6_stimuli","5_5","Congruent","Incongruent","Congruent","Incongruent",21.999864,22.199869,"4$",0.839076,"Error","Correct","Correct","Correct"
"13",12,"7_8_stimuli","7_7","Congruent","Congruent","Incongruent","Congruent",23.999863,24.199853,"7&",0.61522,"Correct","Error","Correct","Correct"
"13",13,"1_2_stimuli","1_1","Congruent","Congruent","Congruent","Incongruent",25.999842,26.199845,"1!",0.56715,"Correct","Correct","Error","Correct"
"13",14,"3_4_stimuli","3_3","Congruent","Congruent","Congruent","Congruent",27.999839,28.199838,"3#",0.439382,"Correct","Correct","Correct","Error"
"13",15,"5_6_stimuli","5_6","Incongruent","Congruent","Congruent","Congruent",29.999828,30.199818,"6^",0.775183,"Correct","Correct","Correct","Correct"
"13",16,"7_8_stimuli","7_7","Congruent","Incongruent","Congruent","Congruent",31.999809,32.199809,"7&",0.55076,"Correct","Correct","Correct","Correct"
"13",17,"1_2_stimuli","2_2","Congruent","Congruent","Incongruent","Congruent",33.999798,34.199783,"2@",0.375294,"Correct","Correct","Correct","Correct"
"13",18,"3_4_stimuli","3_4","Incongruent","Congruent","Congruent","Incongruent",35.999785,36.19978,"4$",0.454733,"Correct","Correct","Correct","Correct"
"13",19,"5_6_stimuli","6_5","Incongruent","Incongruent","Congruent","Congruent",37.999771,38.199776,"5%",0.710743,"Correct","Correct","Correct","Correct"
"13",20,"7_8_stimuli","8_8","Congruent","Incongruent","Incongruent","Congruent",39.999761,40.199761,"8*",0.582847,"Correct","Correct","Correct","Correct"
"13",21,"1_2_stimuli","2_1","Incongruent","Congruent","Incongruent","Incongruent",41.99975,42.199743,"1!",0.486931,"Correct","Correct","Correct","Correct"
"13",22,"3_4_stimuli","4_4","Congruent","Incongruent","Congruent","Incongruent",43.999731,44.199725,"4$",0.487083,"Correct","Correct","Correct","Correct"
"13",23,"5_6_stimuli","5_5","Congruent","Congruent","Incongruent","Congruent",45.999717,46.199714,"5%",0.678821,"Correct","Correct","Correct","Correct"
"13",24,"7_8_stimuli","8_8","Congruent","Congruent","Congruent","Incongruent",47.999712,48.199703,"8*",0.566787,"Correct","Correct","Correct","Correct"
"13",25,"1_2_stimuli","1_1","Congruent","Congruent","Congruent","Congruent",49.999696,50.199698,"1!",0.423007,"Correct","Correct","Correct","Correct"
"13",26,"3_4_stimuli","4_3","Incongruent","Congruent","Congruent","Congruent",51.999676,52.19968,"3#",0.487044,"Correct","Correct","Correct","Correct"
"13",27,"5_6_stimuli","6_6","Congruent","Incongruent","Congruent","Congruent",53.99966,54.19967,"7&",0.567616,"Error","Correct","Correct","Correct"
"13",28,"7_8_stimuli","7_8","Incongruent","Congruent","Incongruent","Congruent",55.999651,56.19965,"8*",0.599585,"Correct","Error","Correct","Correct"
"13",29,"1_2_stimuli","1_2","Incongruent","Incongruent","Congruent","Incongruent",57.999642,58.199647,"2@",0.423199,"Correct","Correct","Error","Correct"
"13",30,"3_4_stimuli","3_4","Incongruent","Incongruent","Incongruent","Congruent",59.999634,60.199631,"4$",0.535495,"Correct","Correct","Correct","Error"
"13",31,"5_6_stimuli","5_5","Congruent","Incongruent","Incongruent","Incongruent",61.999613,62.199621,"5%",0.695224,"Correct","Correct","Correct","Correct"
"13",32,"7_8_stimuli","7_7","Congruent","Congruent","Incongruent","Incongruent",63.999604,64.199605,"7&",0.519362,"Correct","Correct","Correct","Correct"
"13",33,"1_2_stimuli","1_2","Incongruent","Congruent","Congruent","Incongruent",65.999593,66.199588,"2@",0.423073,"Correct","Correct","Correct","Correct"
"13",34,"3_4_stimuli","4_3","Incongruent","Incongruent","Congruent","Congruent",67.999581,68.199579,"3#",0.439585,"Correct","Correct","Correct","Correct"
"13",35,"5_6_stimuli","6_5","Incongruent","Incongruent","Incongruent","Congruent",69.999571,70.199564,"5%",0.583428,"Correct","Correct","Correct","Correct"
"13",36,"7_8_stimuli","8_8","Congruent","Incongruent","Incongruent","Incongruent",71.99955,72.199555,"8*",0.567492,"Correct","Correct","Correct","Correct"
"13",37,"1_2_stimuli","2_2","Congruent","Congruent","Incongruent","Incongruent",73.99954,74.199539,"2@",0.40723,"Correct","Correct","Correct","Correct"
"13",38,"3_4_stimuli","4_4","Congruent","Congruent","Congruent","Incongruent",75.999524,76.199533,"4$",0.391565,"Correct","Correct","Correct","Correct"
"13",39,"5_6_stimuli","6_6","Congruent","Congruent","Congruent","Congruent",77.999505,78.199511,"6^",0.695358,"Correct","Correct","Correct","Correct"
"13",40,"7_8_stimuli","8_8","Congruent","Congruent","Congruent","Congruent",79.999504,80.199509,"8*",0.519087,"Correct","Correct","Correct","Correct"
"13",41,"1_2_stimuli","1_2","Incongruent","Congruent","Congruent","Congruent",81.999494,82.199494,"2@",0.487269,"Correct","Correct","Correct","Correct"
"13",42,"3_4_stimuli","3_3","Congruent","Incongruent","Congruent","Congruent",83.999468,84.199473,"3#",0.391087,"Correct","Correct","Correct","Correct"
"13",43,"5_6_stimuli","6_5","Incongruent","Congruent","Incongruent","Congruent",85.999455,86.199453,"5%",0.695328,"Correct","Correct","Correct","Correct"
"13",44,"7_8_stimuli","8_7","Incongruent","Incongruent","Congruent","Incongruent",87.99944,88.199455,"6^",0.583602,"Error","Correct","Correct","Correct"
"13",45,"1_2_stimuli","1_1","Congruent","Incongruent","Incongruent","Congruent",89.999448,90.199439,"1!",0.51915,"Correct","Error","Correct","Correct"
"13",46,"3_4_stimuli","3_3","Congruent","Congruent","Incongruent","Incongruent",91.999416,92.199424,"3#",0.535188,"Correct","Correct","Error","Correct"
"13",47,"5_6_stimuli","5_6","Incongruent","Congruent","Congruent","Incongruent",93.999402,94.199416,"6^",1.111194,"Correct","Correct","Correct","Error"
"13",48,"7_8_stimuli","7_8","Incongruent","Incongruent","Congruent","Congruent",95.999407,96.199396,"8*",0.568181,"Correct","Correct","Correct","Correct"
"13",49,"1_2_stimuli","2_1","Incongruent","Incongruent","Incongruent","Congruent",97.999398,98.199381,"1!",0.535225,"Correct","Correct","Correct","Correct"
"13",50,"3_4_stimuli","4_4","Congruent","Incongruent","Incongruent","Incongruent",99.999379,100.199375,"4$",0.471641,"Correct","Correct","Correct","Correct"
"13",51,"5_6_stimuli","6_6","Congruent","Congruent","Incongruent","Incongruent",101.999366,102.199354,"6^",1.031267,"Correct","Correct","Correct","Correct"
"13",52,"7_8_stimuli","8_7","Incongruent","Congruent","Congruent","Incongruent",103.999349,104.199342,"7&",0.663602,"Correct","Correct","Correct","Correct"
"13",53,"1_2_stimuli","1_2","Incongruent","Incongruent","Congruent","Congruent",105.999344,106.199325,"2@",0.423375,"Correct","Correct","Correct","Correct"
"13",54,"3_4_stimuli","3_3","Congruent","Incongruent","Incongruent","Congruent",107.999321,108.199317,"3#",0.391746,"Correct","Correct","Correct","Correct"
"13",55,"5_6_stimuli","5_6","Incongruent","Congruent","Incongruent","Incongruent",109.999308,110.199311,"6^",1.015755,"Correct","Correct","Correct","Correct"
"13",56,"7_8_stimuli","7_7","Congruent","Incongruent","Congruent","Incongruent",111.999289,112.199288,"7&",0.50333,"Correct","Correct","Correct","Correct"
"13",57,"1_2_stimuli","2_1","Incongruent","Congruent","Incongruent","Congruent",113.999305,114.19928,"1!",0.471385,"Correct","Correct","Correct","Correct"
"13",58,"3_4_stimuli","3_4","Incongruent","Incongruent","Congruent","Incongruent",115.999269,116.199271,"4$",0.58341,"Correct","Correct","Correct","Correct"
"13",59,"5_6_stimuli","6_6","Congruent","Incongruent","Incongruent","Congruent",117.99925,118.199249,"6^",0.887461,"Correct","Correct","Correct","Correct"
"13",60,"7_8_stimuli","8_7","Incongruent","Congruent","Incongruent","Incongruent",119.999247,120.199238,"7&",0.599434,"Correct","Correct","Correct","Correct"
"13",61,"1_2_stimuli","1_1","Congruent","Incongruent","Congruent","Incongruent",121.999232,122.199222,"1!",0.471987,"Correct","Correct","Correct","Correct"
"13",62,"3_4_stimuli","4_4","Congruent","Congruent","Incongruent","Congruent",123.999212,124.199213,"4$",0.503468,"Correct","Correct","Correct","Correct"
"13",63,"5_6_stimuli","5_5","Congruent","Congruent","Congruent","Incongruent",125.999199,126.199199,"5%",0.823411,"Correct","Correct","Correct","Correct"
"13",64,"7_8_stimuli","7_8","Incongruent","Congruent","Congruent","Congruent",127.999201,128.199191,"8*",0.600102,"Correct","Correct","Correct","Correct"
"13",65,"1_2_stimuli","2_2","Congruent","Incongruent","Congruent","Congruent",129.999183,130.19917,"2@",0.407871,"Correct","Correct","Correct","Correct"
"13",66,"3_4_stimuli","3_4","Incongruent","Congruent","Incongruent","Congruent",131.999165,132.199161,"4$",0.504943,"Correct","Correct","Correct","Correct"
"13",67,"5_6_stimuli","6_5","Incongruent","Incongruent","Congruent","Incongruent",133.999134,134.199152,"5%",0.808345,"Correct","Correct","Correct","Correct"
"13",68,"7_8_stimuli","7_8","Incongruent","Incongruent","Incongruent","Congruent",135.999146,136.199133,"8*",0.647966,"Correct","Correct","Correct","Correct"
