"Run.Number","Trial.Number","Task","Stimulus","Current.Trial.Type","Previous.Trial.Type","Previous.Trial.Type.N2","Previous.Trial.Type.N3","StimulusOnsetTime","StimulusOffsetTime","Response","RT","Accuracy","PreviousAccuracy","PreviousAccuracy.N2","Previous.Accuracy.N3"
"practice",1,"1_2_stimuli","1_1","Congruent",NA,NA,NA,1.999961,2.199974,"1!",0.868589,"Correct",NA,NA,NA
"practice",2,"3_4_stimuli","3_3","Congruent","Congruent",NA,NA,3.99995,4.199943,"3#",1.140275,"Correct","Correct",NA,NA
"practice",3,"5_6_stimuli","5_5","Congruent","Congruent","Congruent",NA,5.999916,6.19992,"5%",0.724375,"Correct","Correct","Correct",NA
"practice",4,"7_8_stimuli","8_8","Congruent","Congruent","Congruent","Congruent",7.999888,8.199905,"8*",0.868708,"Correct","Correct","Correct","Correct"
"practice",5,"1_2_stimuli","1_1","Congruent","Congruent","Congruent","Congruent",9.999889,10.199876,"1!",0.660048,"Correct","Correct","Correct","Correct"
"practice",6,"3_4_stimuli","3_4","Incongruent","Congruent","Congruent","Congruent",11.999852,12.199857,"5%",1.076581,"Error","Correct","Correct","Correct"
"practice",7,"5_6_stimuli","5_6","Incongruent","Incongruent","Congruent","Congruent",13.999842,14.199836,"Omission",5000,"Omission","Error","Correct","Correct"
"practice",8,"7_8_stimuli","7_8","Incongruent","Incongruent","Incongruent","Congruent",15.999813,16.199812,"8*",0.788303,"Correct","Omission","Error","Correct"
"practice",9,"1_2_stimuli","1_2","Incongruent","Incongruent","Incongruent","Incongruent",17.999775,18.199782,"2@",1.18818,"Correct","Correct","Omission","Error"
"practice",10,"3_4_stimuli","3_4","Incongruent","Incongruent","Incongruent","Incongruent",19.999763,20.199759,"4$",0.964173,"Correct","Correct","Correct","Omission"
"practice",11,"5_6_stimuli","5_6","Incongruent","Incongruent","Incongruent","Incongruent",21.999741,22.199746,"6^",1.07679,"Correct","Correct","Correct","Correct"
"practice",12,"7_8_stimuli","8_7","Incongruent","Incongruent","Incongruent","Incongruent",23.999715,24.199722,"7&",1.01272,"Correct","Correct","Correct","Correct"
"practice",13,"1_2_stimuli","1_1","Congruent","Incongruent","Incongruent","Incongruent",25.999686,26.199701,"1!",0.660847,"Correct","Correct","Correct","Correct"
"practice",14,"3_4_stimuli","3_3","Congruent","Congruent","Incongruent","Incongruent",27.999666,28.199664,"Omission",5000,"Omission","Correct","Correct","Correct"
"practice",15,"5_6_stimuli","6_6","Congruent","Congruent","Congruent","Incongruent",29.999648,30.199643,"5%",1.300807,"Error","Omission","Correct","Correct"
"practice",16,"7_8_stimuli","8_7","Incongruent","Congruent","Congruent","Congruent",31.999625,32.199615,"Omission",5000,"Omission","Error","Omission","Correct"
"practice",17,"1_2_stimuli","2_1","Incongruent","Incongruent","Congruent","Congruent",33.999607,34.199601,"Omission",5000,"Omission","Omission","Error","Omission"
"practice",18,"3_4_stimuli","4_3","Incongruent","Incongruent","Incongruent","Congruent",35.999575,36.199572,"Omission",5000,"Omission","Omission","Omission","Error"
"practice",19,"5_6_stimuli","5_5","Congruent","Incongruent","Incongruent","Incongruent",37.999554,38.19955,"5%",1.140304,"Correct","Omission","Omission","Omission"
"practice",20,"7_8_stimuli","7_8","Incongruent","Congruent","Incongruent","Incongruent",39.999528,40.199525,"Omission",5000,"Omission","Correct","Omission","Omission"
"practice",21,"1_2_stimuli","2_2","Congruent","Incongruent","Congruent","Incongruent",41.999509,42.199506,"2@",1.332961,"Correct","Omission","Correct","Omission"
"practice",22,"3_4_stimuli","4_4","Congruent","Congruent","Incongruent","Congruent",43.999485,44.199489,"4$",1.172957,"Correct","Correct","Omission","Correct"
"practice",23,"5_6_stimuli","5_6","Incongruent","Congruent","Congruent","Incongruent",45.99946,46.199467,"6^",1.157004,"Correct","Correct","Correct","Omission"
"practice",24,"7_8_stimuli","8_8","Congruent","Incongruent","Congruent","Congruent",47.999436,48.19944,"8*",1.492882,"Correct","Correct","Correct","Correct"
"practice",25,"1_2_stimuli","2_1","Incongruent","Congruent","Incongruent","Congruent",49.999406,50.199407,"Omission",5000,"Omission","Correct","Correct","Correct"
"practice",26,"3_4_stimuli","3_4","Incongruent","Incongruent","Congruent","Incongruent",51.999391,52.199397,"4$",1.012739,"Correct","Omission","Correct","Correct"
"practice",27,"5_6_stimuli","5_5","Congruent","Incongruent","Incongruent","Congruent",53.99936,54.19937,"5%",0.676448,"Correct","Correct","Omission","Correct"
"practice",28,"7_8_stimuli","8_8","Congruent","Congruent","Incongruent","Incongruent",55.999345,56.199351,"8*",0.708809,"Correct","Correct","Correct","Omission"
"practice",29,"1_2_stimuli","2_2","Congruent","Congruent","Congruent","Incongruent",57.999333,58.199317,"2@",0.900474,"Correct","Correct","Correct","Correct"
"practice",30,"3_4_stimuli","3_3","Congruent","Congruent","Congruent","Congruent",59.999306,60.199302,"3#",1.044943,"Correct","Correct","Correct","Correct"
"practice",31,"5_6_stimuli","6_5","Incongruent","Congruent","Congruent","Congruent",61.999272,62.199278,"5%",1.044853,"Correct","Correct","Correct","Correct"
"practice",32,"7_8_stimuli","7_8","Incongruent","Incongruent","Congruent","Congruent",63.999255,64.199246,"8*",1.316567,"Correct","Correct","Correct","Correct"
"practice",33,"1_2_stimuli","2_1","Incongruent","Incongruent","Incongruent","Congruent",65.999234,66.199232,"1!",1.108474,"Correct","Correct","Correct","Correct"
"practice",34,"3_4_stimuli","4_4","Congruent","Incongruent","Incongruent","Incongruent",67.999208,68.199211,"4$",0.948618,"Correct","Correct","Correct","Correct"
"practice",35,"5_6_stimuli","6_6","Congruent","Congruent","Incongruent","Incongruent",69.999196,70.199179,"6^",0.932954,"Correct","Correct","Correct","Correct"
"practice",36,"7_8_stimuli","7_7","Congruent","Congruent","Congruent","Incongruent",71.999176,72.199165,"7&",0.804573,"Correct","Correct","Correct","Correct"
"practice",37,"1_2_stimuli","1_2","Incongruent","Congruent","Congruent","Congruent",73.999135,74.199142,"2@",1.236611,"Correct","Correct","Correct","Correct"
"practice",38,"3_4_stimuli","4_3","Incongruent","Incongruent","Congruent","Congruent",75.999111,76.199113,"3#",1.413155,"Correct","Correct","Correct","Correct"
"practice",39,"5_6_stimuli","6_5","Incongruent","Incongruent","Incongruent","Congruent",77.999088,78.199096,"5%",1.188638,"Correct","Correct","Correct","Correct"
"practice",40,"7_8_stimuli","8_8","Congruent","Incongruent","Incongruent","Incongruent",79.999078,80.199065,"8*",0.805132,"Correct","Correct","Correct","Correct"
"practice",41,"1_2_stimuli","1_2","Incongruent","Congruent","Incongruent","Incongruent",81.999055,82.199046,"2@",1.045,"Correct","Correct","Correct","Correct"
"practice",42,"3_4_stimuli","3_3","Congruent","Incongruent","Congruent","Incongruent",83.999031,84.199024,"3#",0.964953,"Correct","Correct","Correct","Correct"
"practice",43,"5_6_stimuli","6_6","Congruent","Congruent","Incongruent","Congruent",85.999008,86.199003,"6^",1.428762,"Correct","Correct","Correct","Correct"
"practice",44,"7_8_stimuli","8_7","Incongruent","Congruent","Congruent","Incongruent",87.998985,88.198977,"7&",0.932751,"Correct","Correct","Correct","Correct"
"practice",45,"1_2_stimuli","2_2","Congruent","Incongruent","Congruent","Congruent",89.998963,90.198959,"2@",0.885155,"Correct","Correct","Correct","Correct"
"practice",46,"3_4_stimuli","4_3","Incongruent","Congruent","Incongruent","Congruent",91.998937,92.198935,"3#",1.268766,"Correct","Correct","Correct","Correct"
"practice",47,"5_6_stimuli","5_5","Congruent","Incongruent","Congruent","Incongruent",93.998915,94.198916,"5%",1.285373,"Correct","Correct","Correct","Correct"
"practice",48,"7_8_stimuli","8_7","Incongruent","Congruent","Incongruent","Congruent",95.998886,96.198882,"7&",1.044828,"Correct","Correct","Correct","Correct"
"practice",49,"1_2_stimuli","2_1","Incongruent","Incongruent","Congruent","Incongruent",97.998865,98.198872,"1!",0.868835,"Correct","Correct","Correct","Correct"
"practice",50,"3_4_stimuli","4_4","Congruent","Incongruent","Incongruent","Congruent",99.998849,100.19885,"4$",0.805416,"Correct","Correct","Correct","Correct"
"practice",51,"5_6_stimuli","5_6","Incongruent","Congruent","Incongruent","Incongruent",101.998818,102.198816,"6^",1.349484,"Correct","Correct","Correct","Correct"
"practice",52,"7_8_stimuli","7_8","Incongruent","Incongruent","Congruent","Incongruent",103.998783,104.198803,"8*",1.012905,"Correct","Correct","Correct","Correct"
"practice",53,"1_2_stimuli","1_1","Congruent","Incongruent","Incongruent","Congruent",105.998777,106.198775,"1!",0.948884,"Correct","Correct","Correct","Correct"
"practice",54,"3_4_stimuli","4_3","Incongruent","Congruent","Incongruent","Incongruent",107.998751,108.19876,"4$",0.98121,"Error","Correct","Correct","Correct"
"practice",55,"5_6_stimuli","6_5","Incongruent","Incongruent","Congruent","Incongruent",109.998736,110.198729,"Omission",5000,"Omission","Error","Correct","Correct"
"practice",56,"7_8_stimuli","8_8","Congruent","Incongruent","Incongruent","Congruent",111.998712,112.198707,"8*",0.9822,"Correct","Omission","Error","Correct"
"practice",57,"1_2_stimuli","2_2","Congruent","Congruent","Incongruent","Incongruent",113.998686,114.198681,"2@",1.061682,"Correct","Correct","Omission","Error"
"practice",58,"3_4_stimuli","3_4","Incongruent","Congruent","Congruent","Incongruent",115.998671,116.198664,"4$",1.125661,"Correct","Correct","Correct","Omission"
"practice",59,"5_6_stimuli","6_6","Congruent","Incongruent","Congruent","Congruent",117.998647,118.198636,"6^",1.413624,"Correct","Correct","Correct","Correct"
"practice",60,"7_8_stimuli","7_7","Congruent","Congruent","Incongruent","Congruent",119.998626,120.198628,"7&",0.789019,"Correct","Correct","Correct","Correct"
"practice",61,"1_2_stimuli","1_2","Incongruent","Congruent","Congruent","Incongruent",121.998604,122.198597,"2@",0.949574,"Correct","Correct","Correct","Correct"
"practice",62,"3_4_stimuli","4_4","Congruent","Incongruent","Congruent","Congruent",123.998578,124.198579,"4$",0.869046,"Correct","Correct","Correct","Correct"
"practice",63,"5_6_stimuli","6_5","Incongruent","Congruent","Incongruent","Congruent",125.998562,126.198551,"5%",0.789442,"Correct","Correct","Correct","Correct"
"practice",64,"7_8_stimuli","7_7","Congruent","Incongruent","Congruent","Incongruent",127.998535,128.198531,"7&",0.901582,"Correct","Correct","Correct","Correct"
"practice",65,"1_2_stimuli","1_1","Congruent","Congruent","Incongruent","Congruent",129.99852,130.198514,"1!",0.70906,"Correct","Correct","Correct","Correct"
"practice",66,"3_4_stimuli","3_3","Congruent","Congruent","Congruent","Incongruent",131.998494,132.198489,"Omission",5000,"Omission","Correct","Correct","Correct"
"practice",67,"5_6_stimuli","5_5","Congruent","Congruent","Congruent","Congruent",133.998466,134.198467,"Omission",5000,"Omission","Omission","Correct","Correct"
"practice",68,"7_8_stimuli","7_7","Congruent","Congruent","Congruent","Congruent",135.998443,136.198438,"7&",1.013741,"Correct","Omission","Omission","Correct"
"1",1,"1_2_stimuli","1_2","Incongruent",NA,NA,NA,1.999982,2.199981,"2@",1.08081,"Correct",NA,NA,NA
"1",2,"3_4_stimuli","3_3","Congruent","Incongruent",NA,NA,3.999956,4.199963,"4$",1.208864,"Error","Correct",NA,NA
"1",3,"5_6_stimuli","5_6","Incongruent","Congruent","Incongruent",NA,5.999945,6.199939,"6^",1.289425,"Correct","Error","Correct",NA
"1",4,"7_8_stimuli","7_7","Congruent","Incongruent","Congruent","Incongruent",7.999918,8.199913,"Omission",5000,"Omission","Correct","Error","Correct"
"1",5,"1_2_stimuli","2_2","Congruent","Congruent","Incongruent","Congruent",9.999889,10.199887,"Omission",5000,"Omission","Omission","Correct","Error"
"1",6,"3_4_stimuli","3_3","Congruent","Congruent","Congruent","Incongruent",11.99987,12.199867,"3#",1.08092,"Correct","Omission","Omission","Correct"
"1",7,"5_6_stimuli","5_5","Congruent","Congruent","Congruent","Congruent",13.999846,14.199854,"5%",0.920956,"Correct","Correct","Omission","Omission"
"1",8,"7_8_stimuli","8_7","Incongruent","Congruent","Congruent","Congruent",15.999828,16.199833,"7&",1.09687,"Correct","Correct","Correct","Omission"
"1",9,"1_2_stimuli","1_1","Congruent","Incongruent","Congruent","Congruent",17.999814,18.199802,"1!",0.745026,"Correct","Correct","Correct","Correct"
"1",10,"3_4_stimuli","3_3","Congruent","Congruent","Incongruent","Congruent",19.999789,20.199788,"4$",0.953571,"Error","Correct","Correct","Correct"
"1",11,"5_6_stimuli","5_5","Congruent","Congruent","Congruent","Incongruent",21.99976,22.199759,"5%",1.081502,"Correct","Error","Correct","Correct"
"1",12,"7_8_stimuli","7_7","Congruent","Congruent","Congruent","Congruent",23.999739,24.199738,"7&",1.145018,"Correct","Correct","Error","Correct"
"1",13,"1_2_stimuli","1_1","Congruent","Congruent","Congruent","Congruent",25.999718,26.199718,"1!",0.729411,"Correct","Correct","Correct","Error"
"1",14,"3_4_stimuli","4_3","Incongruent","Congruent","Congruent","Congruent",27.999691,28.199694,"3#",1.209571,"Correct","Correct","Correct","Correct"
"1",15,"5_6_stimuli","6_6","Congruent","Incongruent","Congruent","Congruent",29.999671,30.199673,"7&",1.177068,"Error","Correct","Correct","Correct"
"1",16,"7_8_stimuli","7_7","Congruent","Congruent","Incongruent","Congruent",31.999646,32.199653,"7&",1.28909,"Correct","Error","Correct","Correct"
"1",17,"1_2_stimuli","2_2","Congruent","Congruent","Congruent","Incongruent",33.99963,34.199625,"2@",1.25746,"Correct","Correct","Error","Correct"
"1",18,"3_4_stimuli","4_4","Congruent","Congruent","Congruent","Congruent",35.999609,36.199607,"Omission",5000,"Omission","Correct","Correct","Error"
"1",19,"5_6_stimuli","6_5","Incongruent","Congruent","Congruent","Congruent",37.999588,38.199583,"5%",0.905171,"Correct","Omission","Correct","Correct"
"1",20,"7_8_stimuli","8_7","Incongruent","Incongruent","Congruent","Congruent",39.99956,40.199555,"7&",1.257583,"Correct","Correct","Omission","Correct"
"1",21,"1_2_stimuli","2_2","Congruent","Incongruent","Incongruent","Congruent",41.999537,42.199532,"2@",1.113754,"Correct","Correct","Correct","Omission"
"1",22,"3_4_stimuli","3_4","Incongruent","Congruent","Incongruent","Incongruent",43.999519,44.199512,"4$",1.161667,"Correct","Correct","Correct","Correct"
"1",23,"5_6_stimuli","5_6","Incongruent","Incongruent","Congruent","Incongruent",45.999489,46.199494,"7&",0.970089,"Error","Correct","Correct","Correct"
"1",24,"7_8_stimuli","8_8","Congruent","Incongruent","Incongruent","Congruent",47.999472,48.199476,"8*",0.970189,"Correct","Error","Correct","Correct"
"1",25,"1_2_stimuli","2_2","Congruent","Congruent","Incongruent","Incongruent",49.999446,50.199454,"2@",0.745261,"Correct","Correct","Error","Correct"
"1",26,"3_4_stimuli","4_3","Incongruent","Congruent","Congruent","Incongruent",51.999435,52.199433,"3#",1.449246,"Correct","Correct","Correct","Error"
"1",27,"5_6_stimuli","6_5","Incongruent","Incongruent","Congruent","Congruent",53.999407,54.199406,"5%",1.081255,"Correct","Correct","Correct","Correct"
"1",28,"7_8_stimuli","7_8","Incongruent","Incongruent","Incongruent","Congruent",55.999393,56.199379,"7&",1.353257,"Error","Correct","Correct","Correct"
"1",29,"1_2_stimuli","1_2","Incongruent","Incongruent","Incongruent","Incongruent",57.999367,58.199359,"2@",0.95374,"Correct","Error","Correct","Correct"
"1",30,"3_4_stimuli","3_4","Incongruent","Incongruent","Incongruent","Incongruent",59.999338,60.199332,"4$",1.417826,"Correct","Correct","Error","Correct"
"1",31,"5_6_stimuli","6_6","Congruent","Incongruent","Incongruent","Incongruent",61.999316,62.199316,"6^",1.225358,"Correct","Correct","Correct","Error"
"1",32,"7_8_stimuli","8_8","Congruent","Congruent","Incongruent","Incongruent",63.999296,64.199294,"8*",0.889887,"Correct","Correct","Correct","Correct"
"1",33,"1_2_stimuli","1_2","Incongruent","Congruent","Congruent","Incongruent",65.999269,66.199269,"Omission",5000,"Omission","Correct","Correct","Correct"
"1",34,"3_4_stimuli","4_4","Congruent","Incongruent","Congruent","Congruent",67.999242,68.19925,"4$",0.98587,"Correct","Omission","Correct","Correct"
"1",35,"5_6_stimuli","6_6","Congruent","Congruent","Incongruent","Congruent",69.999227,70.199224,"6^",1.161389,"Correct","Correct","Omission","Correct"
"1",36,"7_8_stimuli","7_7","Congruent","Congruent","Congruent","Incongruent",71.999215,72.199207,"7&",0.825748,"Correct","Correct","Correct","Omission"
"1",37,"1_2_stimuli","1_2","Incongruent","Congruent","Congruent","Congruent",73.999186,74.199184,"2@",0.873431,"Correct","Correct","Correct","Correct"
"1",38,"3_4_stimuli","3_4","Incongruent","Incongruent","Congruent","Congruent",75.999174,76.199163,"4$",0.729849,"Correct","Correct","Correct","Correct"
"1",39,"5_6_stimuli","5_6","Incongruent","Incongruent","Incongruent","Congruent",77.999142,78.199138,"6^",0.953667,"Correct","Correct","Correct","Correct"
"1",40,"7_8_stimuli","8_8","Congruent","Incongruent","Incongruent","Incongruent",79.999119,80.199109,"8*",0.793936,"Correct","Correct","Correct","Correct"
"1",41,"1_2_stimuli","2_1","Incongruent","Congruent","Incongruent","Incongruent",81.999101,82.199095,"1!",0.729775,"Correct","Correct","Correct","Correct"
"1",42,"3_4_stimuli","3_4","Incongruent","Incongruent","Congruent","Incongruent",83.999068,84.199065,"4$",0.729504,"Correct","Correct","Correct","Correct"
"1",43,"5_6_stimuli","6_6","Congruent","Incongruent","Incongruent","Congruent",85.999055,86.199051,"6^",0.93758,"Correct","Correct","Correct","Correct"
"1",44,"7_8_stimuli","8_7","Incongruent","Congruent","Incongruent","Incongruent",87.999028,88.199025,"7&",1.322075,"Correct","Correct","Correct","Correct"
"1",45,"1_2_stimuli","1_1","Congruent","Incongruent","Congruent","Incongruent",89.999013,90.198999,"1!",0.80965,"Correct","Correct","Correct","Correct"
"1",46,"3_4_stimuli","4_3","Incongruent","Congruent","Incongruent","Congruent",91.998983,92.198987,"3#",1.401568,"Correct","Correct","Correct","Correct"
"1",47,"5_6_stimuli","5_5","Congruent","Incongruent","Congruent","Incongruent",93.998977,94.198962,"5%",1.498072,"Correct","Correct","Correct","Correct"
"1",48,"7_8_stimuli","8_7","Incongruent","Congruent","Incongruent","Congruent",95.998947,96.198942,"7&",1.177658,"Correct","Correct","Correct","Correct"
"1",49,"1_2_stimuli","2_1","Incongruent","Incongruent","Congruent","Incongruent",97.998925,98.198919,"1!",1.05016,"Correct","Correct","Correct","Correct"
"1",50,"3_4_stimuli","4_4","Congruent","Incongruent","Incongruent","Congruent",99.998898,100.198897,"4$",0.858153,"Correct","Correct","Correct","Correct"
"1",51,"5_6_stimuli","5_5","Congruent","Congruent","Incongruent","Incongruent",101.998872,102.198872,"5%",0.841875,"Correct","Correct","Correct","Correct"
"1",52,"7_8_stimuli","7_8","Incongruent","Congruent","Congruent","Incongruent",103.99885,104.19885,"8*",0.761678,"Correct","Correct","Correct","Correct"
"1",53,"1_2_stimuli","2_1","Incongruent","Incongruent","Congruent","Congruent",105.998835,106.198831,"1!",0.857683,"Correct","Correct","Correct","Correct"
"1",54,"3_4_stimuli","4_3","Incongruent","Incongruent","Incongruent","Congruent",107.998815,108.198809,"3#",1.178333,"Correct","Correct","Correct","Correct"
"1",55,"5_6_stimuli","5_6","Incongruent","Incongruent","Incongruent","Incongruent",109.998793,110.198787,"Omission",5000,"Omission","Correct","Correct","Correct"
"1",56,"7_8_stimuli","7_8","Incongruent","Incongruent","Incongruent","Incongruent",111.998791,112.198762,"8*",0.826102,"Correct","Omission","Correct","Correct"
"1",57,"1_2_stimuli","1_1","Congruent","Incongruent","Incongruent","Incongruent",113.998746,114.198736,"1!",0.634017,"Correct","Correct","Omission","Correct"
"1",58,"3_4_stimuli","4_4","Congruent","Congruent","Incongruent","Incongruent",115.998716,116.198723,"4$",0.954349,"Correct","Correct","Correct","Omission"
"1",59,"5_6_stimuli","5_6","Incongruent","Congruent","Congruent","Incongruent",117.998701,118.198706,"6^",1.018399,"Correct","Correct","Correct","Correct"
"1",60,"7_8_stimuli","8_8","Congruent","Incongruent","Congruent","Congruent",119.99868,120.198679,"8*",0.922183,"Correct","Correct","Correct","Correct"
"1",61,"1_2_stimuli","2_1","Incongruent","Congruent","Incongruent","Congruent",121.998659,122.198659,"1!",0.889778,"Correct","Correct","Correct","Correct"
"1",62,"3_4_stimuli","3_3","Congruent","Incongruent","Congruent","Incongruent",123.998627,124.198627,"3#",1.114355,"Correct","Correct","Correct","Correct"
"1",63,"5_6_stimuli","6_5","Incongruent","Congruent","Incongruent","Congruent",125.998611,126.198617,"5%",0.969851,"Correct","Correct","Correct","Correct"
"1",64,"7_8_stimuli","7_8","Incongruent","Incongruent","Congruent","Incongruent",127.998591,128.198592,"8*",0.841853,"Correct","Correct","Correct","Correct"
"1",65,"1_2_stimuli","1_2","Incongruent","Incongruent","Incongruent","Congruent",129.998572,130.198567,"2@",1.066436,"Correct","Correct","Correct","Correct"
"1",66,"3_4_stimuli","3_3","Congruent","Incongruent","Incongruent","Incongruent",131.998545,132.198551,"3#",1.401921,"Correct","Correct","Correct","Correct"
"1",67,"5_6_stimuli","6_5","Incongruent","Congruent","Incongruent","Incongruent",133.998523,134.198525,"5%",1.258217,"Correct","Correct","Correct","Correct"
"1",68,"7_8_stimuli","7_7","Congruent","Incongruent","Congruent","Incongruent",135.998506,136.198498,"7&",0.985938,"Correct","Correct","Correct","Correct"
"2",1,"1_2_stimuli","2_2","Congruent",NA,NA,NA,1.999979,2.19998,"2@",0.950829,"Correct",NA,NA,NA
"2",2,"3_4_stimuli","3_4","Incongruent","Congruent",NA,NA,3.99997,4.199969,"4$",0.934987,"Correct","Correct",NA,NA
"2",3,"5_6_stimuli","5_5","Congruent","Incongruent","Congruent",NA,5.999938,6.199928,"5%",0.710762,"Correct","Correct","Correct",NA
"2",4,"7_8_stimuli","8_7","Incongruent","Congruent","Incongruent","Congruent",7.999928,8.199916,"7&",0.855181,"Correct","Correct","Correct","Correct"
"2",5,"1_2_stimuli","1_2","Incongruent","Incongruent","Congruent","Incongruent",9.999905,10.199896,"2@",0.839038,"Correct","Correct","Correct","Correct"
"2",6,"3_4_stimuli","3_3","Congruent","Incongruent","Incongruent","Congruent",11.999875,12.199869,"3#",0.934748,"Correct","Correct","Correct","Correct"
"2",7,"5_6_stimuli","6_6","Congruent","Congruent","Incongruent","Incongruent",13.999842,14.199846,"7&",0.902821,"Error","Correct","Correct","Correct"
"2",8,"7_8_stimuli","8_8","Congruent","Congruent","Congruent","Incongruent",15.999836,16.19983,"8*",1.063264,"Correct","Error","Correct","Correct"
"2",9,"1_2_stimuli","1_1","Congruent","Congruent","Congruent","Congruent",17.999804,18.199811,"1!",0.711055,"Correct","Correct","Error","Correct"
"2",10,"3_4_stimuli","3_4","Incongruent","Congruent","Congruent","Congruent",19.999785,20.199796,"4$",1.159305,"Correct","Correct","Correct","Error"
"2",11,"5_6_stimuli","6_5","Incongruent","Incongruent","Congruent","Congruent",21.999763,22.199767,"5%",0.679353,"Correct","Correct","Correct","Correct"
"2",12,"7_8_stimuli","7_8","Incongruent","Incongruent","Incongruent","Congruent",23.999746,24.199735,"8*",1.015317,"Correct","Correct","Correct","Correct"
"2",13,"1_2_stimuli","2_2","Congruent","Incongruent","Incongruent","Incongruent",25.999729,26.199714,"2@",1.159132,"Correct","Correct","Correct","Correct"
"2",14,"3_4_stimuli","3_4","Incongruent","Congruent","Incongruent","Incongruent",27.999708,28.199697,"4$",0.871051,"Correct","Correct","Correct","Correct"
"2",15,"5_6_stimuli","6_5","Incongruent","Incongruent","Congruent","Incongruent",29.999682,30.199685,"5%",0.871207,"Correct","Correct","Correct","Correct"
"2",16,"7_8_stimuli","7_7","Congruent","Incongruent","Incongruent","Congruent",31.999656,32.199646,"7&",1.031204,"Correct","Correct","Correct","Correct"
"2",17,"1_2_stimuli","2_2","Congruent","Congruent","Incongruent","Incongruent",33.999642,34.199631,"2@",1.175188,"Correct","Correct","Correct","Correct"
"2",18,"3_4_stimuli","4_3","Incongruent","Congruent","Congruent","Incongruent",35.999613,36.199609,"3#",1.255446,"Correct","Correct","Correct","Correct"
"2",19,"5_6_stimuli","5_5","Congruent","Incongruent","Congruent","Congruent",37.999586,38.199588,"5%",1.09542,"Correct","Correct","Correct","Correct"
"2",20,"7_8_stimuli","8_8","Congruent","Congruent","Incongruent","Congruent",39.999564,40.199565,"8*",0.951019,"Correct","Correct","Correct","Correct"
"2",21,"1_2_stimuli","1_1","Congruent","Congruent","Congruent","Incongruent",41.99955,42.199541,"1!",0.791288,"Correct","Correct","Correct","Correct"
"2",22,"3_4_stimuli","3_3","Congruent","Congruent","Congruent","Congruent",43.99953,44.199529,"3#",1.01499,"Correct","Correct","Correct","Correct"
"2",23,"5_6_stimuli","6_6","Congruent","Congruent","Congruent","Congruent",45.999502,46.199504,"6^",1.12702,"Correct","Correct","Correct","Correct"
"2",24,"7_8_stimuli","7_7","Congruent","Congruent","Congruent","Congruent",47.999482,48.199484,"7&",1.223006,"Correct","Correct","Correct","Correct"
"2",25,"1_2_stimuli","1_2","Incongruent","Congruent","Congruent","Congruent",49.999457,50.199455,"Omission",5000,"Omission","Correct","Correct","Correct"
"2",26,"3_4_stimuli","4_4","Congruent","Incongruent","Congruent","Congruent",51.999434,52.199429,"5%",0.791507,"Error","Omission","Correct","Correct"
"2",27,"5_6_stimuli","5_6","Incongruent","Congruent","Incongruent","Congruent",53.999415,54.19942,"6^",0.98346,"Correct","Error","Omission","Correct"
"2",28,"7_8_stimuli","8_7","Incongruent","Incongruent","Congruent","Incongruent",55.999401,56.199381,"7&",0.951477,"Correct","Correct","Error","Omission"
"2",29,"1_2_stimuli","2_1","Incongruent","Incongruent","Incongruent","Congruent",57.999368,58.199391,"1!",0.791614,"Correct","Correct","Correct","Error"
"2",30,"3_4_stimuli","3_3","Congruent","Incongruent","Incongruent","Incongruent",59.999351,60.199352,"3#",1.047155,"Correct","Correct","Correct","Correct"
"2",31,"5_6_stimuli","6_5","Incongruent","Congruent","Incongruent","Incongruent",61.99933,62.199319,"5%",1.303128,"Correct","Correct","Correct","Correct"
"2",32,"7_8_stimuli","7_7","Congruent","Incongruent","Congruent","Incongruent",63.999302,64.199306,"7&",1.303376,"Correct","Correct","Correct","Correct"
"2",33,"1_2_stimuli","2_2","Congruent","Congruent","Incongruent","Congruent",65.999285,66.199279,"2@",1.255649,"Correct","Correct","Correct","Correct"
"2",34,"3_4_stimuli","4_4","Congruent","Congruent","Congruent","Incongruent",67.999263,68.199251,"4$",1.015139,"Correct","Correct","Correct","Correct"
"2",35,"5_6_stimuli","5_6","Incongruent","Congruent","Congruent","Congruent",69.999236,70.199238,"6^",1.399703,"Correct","Correct","Correct","Correct"
"2",36,"7_8_stimuli","7_8","Incongruent","Incongruent","Congruent","Congruent",71.999218,72.199213,"8*",1.111685,"Correct","Correct","Correct","Correct"
"2",37,"1_2_stimuli","2_2","Congruent","Incongruent","Incongruent","Congruent",73.999193,74.199195,"2@",0.967746,"Correct","Correct","Correct","Correct"
"2",38,"3_4_stimuli","4_4","Congruent","Congruent","Incongruent","Incongruent",75.999167,76.199166,"4$",0.919772,"Correct","Correct","Correct","Correct"
"2",39,"5_6_stimuli","5_6","Incongruent","Congruent","Congruent","Incongruent",77.999151,78.199154,"6^",1.159816,"Correct","Correct","Correct","Correct"
"2",40,"7_8_stimuli","7_7","Congruent","Incongruent","Congruent","Congruent",79.99912,80.199109,"7&",1.127758,"Correct","Correct","Correct","Correct"
"2",41,"1_2_stimuli","2_1","Incongruent","Congruent","Incongruent","Congruent",81.999103,82.199095,"1!",1.127818,"Correct","Correct","Correct","Correct"
"2",42,"3_4_stimuli","4_3","Incongruent","Incongruent","Congruent","Incongruent",83.999099,84.199079,"Omission",5000,"Omission","Correct","Correct","Correct"
"2",43,"5_6_stimuli","5_6","Incongruent","Incongruent","Incongruent","Congruent",85.999053,86.199063,"6^",0.951758,"Correct","Omission","Correct","Correct"
"2",44,"7_8_stimuli","8_8","Congruent","Incongruent","Incongruent","Incongruent",87.999043,88.199034,"8*",0.679508,"Correct","Correct","Omission","Correct"
"2",45,"1_2_stimuli","2_1","Incongruent","Congruent","Incongruent","Incongruent",89.999022,90.199008,"1!",0.663952,"Correct","Correct","Correct","Omission"
"2",46,"3_4_stimuli","4_4","Congruent","Incongruent","Congruent","Incongruent",91.998997,92.198995,"4$",1.175799,"Correct","Correct","Correct","Correct"
"2",47,"5_6_stimuli","5_5","Congruent","Congruent","Incongruent","Congruent",93.998974,94.198974,"Omission",5000,"Omission","Correct","Correct","Correct"
"2",48,"7_8_stimuli","7_8","Incongruent","Congruent","Congruent","Incongruent",95.998948,96.198948,"8*",0.727765,"Correct","Omission","Correct","Correct"
"2",49,"1_2_stimuli","1_1","Congruent","Incongruent","Congruent","Congruent",97.99893,98.198921,"1!",0.871417,"Correct","Correct","Omission","Correct"
"2",50,"3_4_stimuli","3_3","Congruent","Congruent","Incongruent","Congruent",99.998906,100.198911,"3#",0.984051,"Correct","Correct","Correct","Omission"
"2",51,"5_6_stimuli","6_6","Congruent","Congruent","Congruent","Incongruent",101.998885,102.198879,"6^",0.935841,"Correct","Correct","Correct","Correct"
"2",52,"7_8_stimuli","8_7","Incongruent","Congruent","Congruent","Congruent",103.998865,104.198863,"7&",0.967962,"Correct","Correct","Correct","Correct"
"2",53,"1_2_stimuli","1_2","Incongruent","Incongruent","Congruent","Congruent",105.998839,106.198836,"2@",1.031441,"Correct","Correct","Correct","Correct"
"2",54,"3_4_stimuli","4_3","Incongruent","Incongruent","Incongruent","Congruent",107.998824,108.198819,"3#",1.015964,"Correct","Correct","Correct","Correct"
"2",55,"5_6_stimuli","6_5","Incongruent","Incongruent","Incongruent","Incongruent",109.998799,110.198789,"5%",0.935518,"Correct","Correct","Correct","Correct"
"2",56,"7_8_stimuli","8_7","Incongruent","Incongruent","Incongruent","Incongruent",111.998773,112.19877,"7&",1.352152,"Correct","Correct","Correct","Correct"
"2",57,"1_2_stimuli","2_1","Incongruent","Incongruent","Incongruent","Incongruent",113.998758,114.198748,"1!",0.999556,"Correct","Correct","Correct","Correct"
"2",58,"3_4_stimuli","3_4","Incongruent","Incongruent","Incongruent","Incongruent",115.99873,116.198729,"4$",1.239912,"Correct","Correct","Correct","Correct"
"2",59,"5_6_stimuli","5_5","Congruent","Incongruent","Incongruent","Incongruent",117.998718,118.198709,"5%",0.967885,"Correct","Correct","Correct","Correct"
"2",60,"7_8_stimuli","8_8","Congruent","Congruent","Incongruent","Incongruent",119.998688,120.198695,"8*",0.903832,"Correct","Correct","Correct","Correct"
"2",61,"1_2_stimuli","1_2","Incongruent","Congruent","Congruent","Incongruent",121.998671,122.198662,"2@",0.999647,"Correct","Correct","Correct","Correct"
"2",62,"3_4_stimuli","3_4","Incongruent","Incongruent","Congruent","Congruent",123.998642,124.198643,"4$",0.792089,"Correct","Correct","Correct","Correct"
"2",63,"5_6_stimuli","5_5","Congruent","Incongruent","Incongruent","Congruent",125.998624,126.198619,"5%",0.680201,"Correct","Correct","Correct","Correct"
"2",64,"7_8_stimuli","8_7","Incongruent","Congruent","Incongruent","Incongruent",127.998605,128.198599,"7&",0.984239,"Correct","Correct","Correct","Correct"
"2",65,"1_2_stimuli","1_1","Congruent","Incongruent","Congruent","Incongruent",129.998581,130.198583,"1!",0.680057,"Correct","Correct","Correct","Correct"
"2",66,"3_4_stimuli","4_3","Incongruent","Congruent","Incongruent","Congruent",131.998562,132.198547,"3#",1.367704,"Correct","Correct","Correct","Correct"
"2",67,"5_6_stimuli","6_6","Congruent","Incongruent","Congruent","Incongruent",133.998531,134.198539,"5%",1.496132,"Error","Correct","Correct","Correct"
"2",68,"7_8_stimuli","7_8","Incongruent","Congruent","Incongruent","Congruent",135.998517,136.198506,"8*",1.336169,"Correct","Error","Correct","Correct"
"3",1,"1_2_stimuli","2_2","Congruent",NA,NA,NA,1.999973,2.199979,"2@",0.781154,"Correct",NA,NA,NA
"3",2,"3_4_stimuli","3_4","Incongruent","Congruent",NA,NA,3.99995,4.199955,"4$",0.861635,"Correct","Correct",NA,NA
"3",3,"5_6_stimuli","6_6","Congruent","Incongruent","Congruent",NA,5.999932,6.199927,"6^",0.957552,"Correct","Correct","Correct",NA
"3",4,"7_8_stimuli","8_7","Incongruent","Congruent","Incongruent","Congruent",7.999904,8.199915,"7&",0.669504,"Correct","Correct","Correct","Correct"
"3",5,"1_2_stimuli","2_1","Incongruent","Incongruent","Congruent","Incongruent",9.999888,10.199892,"1!",0.605431,"Correct","Correct","Correct","Correct"
"3",6,"3_4_stimuli","4_4","Congruent","Incongruent","Incongruent","Congruent",11.999874,12.19987,"4$",0.653756,"Correct","Correct","Correct","Correct"
"3",7,"5_6_stimuli","5_6","Incongruent","Congruent","Incongruent","Incongruent",13.999843,14.199852,"6^",0.973661,"Correct","Correct","Correct","Correct"
"3",8,"7_8_stimuli","8_8","Congruent","Incongruent","Congruent","Incongruent",15.999822,16.199819,"8*",0.63775,"Correct","Correct","Correct","Correct"
"3",9,"1_2_stimuli","2_2","Congruent","Congruent","Incongruent","Congruent",17.999796,18.1998,"3#",0.845419,"Error","Correct","Correct","Correct"
"3",10,"3_4_stimuli","4_3","Incongruent","Congruent","Congruent","Incongruent",19.999778,20.199771,"Omission",5000,"Omission","Error","Correct","Correct"
"3",11,"5_6_stimuli","5_5","Congruent","Incongruent","Congruent","Congruent",21.999755,22.199754,"5%",1.021823,"Correct","Omission","Error","Correct"
"3",12,"7_8_stimuli","7_7","Congruent","Congruent","Incongruent","Congruent",23.999735,24.19974,"7&",1.261769,"Correct","Correct","Omission","Error"
"3",13,"1_2_stimuli","1_1","Congruent","Congruent","Congruent","Incongruent",25.999707,26.199701,"1!",0.638112,"Correct","Correct","Correct","Omission"
"3",14,"3_4_stimuli","3_3","Congruent","Congruent","Congruent","Congruent",27.999692,28.1997,"3#",1.485697,"Correct","Correct","Correct","Correct"
"3",15,"5_6_stimuli","5_5","Congruent","Congruent","Congruent","Congruent",29.999667,30.19967,"5%",0.973551,"Correct","Correct","Correct","Correct"
"3",16,"7_8_stimuli","8_8","Congruent","Congruent","Congruent","Congruent",31.999658,32.199644,"8*",1.037397,"Correct","Correct","Correct","Correct"
"3",17,"1_2_stimuli","1_2","Incongruent","Congruent","Congruent","Congruent",33.999627,34.199627,"2@",1.16543,"Correct","Correct","Correct","Correct"
"3",18,"3_4_stimuli","3_3","Congruent","Incongruent","Congruent","Congruent",35.999603,36.199605,"3#",1.053432,"Correct","Correct","Correct","Correct"
"3",19,"5_6_stimuli","5_6","Incongruent","Congruent","Incongruent","Congruent",37.999572,38.19957,"6^",1.453452,"Correct","Correct","Correct","Correct"
"3",20,"7_8_stimuli","8_7","Incongruent","Incongruent","Congruent","Incongruent",39.999562,40.199569,"7&",1.101473,"Correct","Correct","Correct","Correct"
"3",21,"1_2_stimuli","1_1","Congruent","Incongruent","Incongruent","Congruent",41.999548,42.199531,"1!",0.733526,"Correct","Correct","Correct","Correct"
"3",22,"3_4_stimuli","4_4","Congruent","Congruent","Incongruent","Incongruent",43.999518,44.19951,"4$",1.117834,"Correct","Correct","Correct","Correct"
"3",23,"5_6_stimuli","6_5","Incongruent","Congruent","Congruent","Incongruent",45.9995,46.199503,"5%",0.766104,"Correct","Correct","Correct","Correct"
"3",24,"7_8_stimuli","8_7","Incongruent","Incongruent","Congruent","Congruent",47.999472,48.199478,"6^",0.717549,"Error","Correct","Correct","Correct"
"3",25,"1_2_stimuli","1_2","Incongruent","Incongruent","Incongruent","Congruent",49.999437,50.199447,"2@",1.245555,"Correct","Error","Correct","Correct"
"3",26,"3_4_stimuli","4_3","Incongruent","Incongruent","Incongruent","Incongruent",51.999434,52.199422,"3#",1.358136,"Correct","Correct","Error","Correct"
"3",27,"5_6_stimuli","6_6","Congruent","Incongruent","Incongruent","Incongruent",53.999407,54.199414,"Omission",5000,"Omission","Correct","Correct","Error"
"3",28,"7_8_stimuli","7_7","Congruent","Congruent","Incongruent","Incongruent",55.999384,56.199384,"Omission",5000,"Omission","Omission","Correct","Correct"
"3",29,"1_2_stimuli","2_1","Incongruent","Congruent","Congruent","Incongruent",57.999367,58.199356,"Omission",5000,"Omission","Omission","Omission","Correct"
"3",30,"3_4_stimuli","3_4","Incongruent","Incongruent","Congruent","Congruent",59.99934,60.199343,"4$",0.829629,"Correct","Omission","Omission","Omission"
"3",31,"5_6_stimuli","6_5","Incongruent","Incongruent","Incongruent","Congruent",61.999323,62.19932,"5%",0.734201,"Correct","Correct","Omission","Omission"
"3",32,"7_8_stimuli","7_7","Congruent","Incongruent","Incongruent","Incongruent",63.999308,64.199294,"7&",0.957684,"Correct","Correct","Correct","Omission"
"3",33,"1_2_stimuli","2_1","Incongruent","Congruent","Incongruent","Incongruent",65.999285,66.199277,"1!",0.814095,"Correct","Correct","Correct","Correct"
"3",34,"3_4_stimuli","3_3","Congruent","Incongruent","Congruent","Incongruent",67.999257,68.199251,"4$",1.13488,"Error","Correct","Correct","Correct"
"3",35,"5_6_stimuli","6_6","Congruent","Congruent","Incongruent","Congruent",69.999236,70.199225,"6^",1.230037,"Correct","Error","Correct","Correct"
"3",36,"7_8_stimuli","8_8","Congruent","Congruent","Congruent","Incongruent",71.999216,72.1992,"8*",0.685737,"Correct","Correct","Error","Correct"
"3",37,"1_2_stimuli","2_2","Congruent","Congruent","Congruent","Congruent",73.999186,74.199186,"3#",0.81387,"Error","Correct","Correct","Error"
"3",38,"3_4_stimuli","3_4","Incongruent","Congruent","Congruent","Congruent",75.99916,76.199163,"4$",1.165777,"Correct","Error","Correct","Correct"
"3",39,"5_6_stimuli","5_6","Incongruent","Incongruent","Congruent","Congruent",77.999143,78.199142,"Omission",5000,"Omission","Correct","Error","Correct"
"3",40,"7_8_stimuli","8_8","Congruent","Incongruent","Incongruent","Congruent",79.999118,80.199114,"8*",1.246296,"Correct","Omission","Correct","Error"
"3",41,"1_2_stimuli","2_2","Congruent","Congruent","Incongruent","Incongruent",81.999103,82.199104,"2@",1.278018,"Correct","Correct","Omission","Correct"
"3",42,"3_4_stimuli","4_4","Congruent","Congruent","Congruent","Incongruent",83.999079,84.199081,"4$",0.797866,"Correct","Correct","Correct","Omission"
"3",43,"5_6_stimuli","5_6","Incongruent","Congruent","Congruent","Congruent",85.99905,86.199056,"6^",1.005847,"Correct","Correct","Correct","Correct"
"3",44,"7_8_stimuli","7_7","Congruent","Incongruent","Congruent","Congruent",87.999029,88.199025,"7&",0.878117,"Correct","Correct","Correct","Correct"
"3",45,"1_2_stimuli","1_2","Incongruent","Congruent","Incongruent","Congruent",89.99901,90.199008,"2@",1.37385,"Correct","Correct","Correct","Correct"
"3",46,"3_4_stimuli","3_4","Incongruent","Incongruent","Congruent","Incongruent",91.998987,92.198992,"4$",0.798168,"Correct","Correct","Correct","Correct"
"3",47,"5_6_stimuli","5_5","Congruent","Incongruent","Incongruent","Congruent",93.998967,94.198971,"Omission",5000,"Omission","Correct","Correct","Correct"
"3",48,"7_8_stimuli","7_8","Incongruent","Congruent","Incongruent","Incongruent",95.998947,96.198948,"8*",0.717919,"Correct","Omission","Correct","Correct"
"3",49,"1_2_stimuli","1_1","Congruent","Incongruent","Congruent","Incongruent",97.99892,98.198926,"1!",0.638291,"Correct","Correct","Omission","Correct"
"3",50,"3_4_stimuli","4_4","Congruent","Congruent","Incongruent","Congruent",99.998904,100.1989,"4$",0.574757,"Correct","Correct","Correct","Omission"
"3",51,"5_6_stimuli","6_6","Congruent","Congruent","Congruent","Incongruent",101.998884,102.198887,"6^",0.926564,"Correct","Correct","Correct","Correct"
"3",52,"7_8_stimuli","7_8","Incongruent","Congruent","Congruent","Congruent",103.998855,104.19886,"8*",0.686367,"Correct","Correct","Correct","Correct"
"3",53,"1_2_stimuli","2_1","Incongruent","Incongruent","Congruent","Congruent",105.998844,106.19883,"1!",0.509986,"Correct","Correct","Correct","Correct"
"3",54,"3_4_stimuli","4_3","Incongruent","Incongruent","Incongruent","Congruent",107.998821,108.198808,"3#",0.814028,"Correct","Correct","Correct","Correct"
"3",55,"5_6_stimuli","6_5","Incongruent","Incongruent","Incongruent","Incongruent",109.998796,110.198795,"5%",0.974573,"Correct","Correct","Correct","Correct"
"3",56,"7_8_stimuli","8_7","Incongruent","Incongruent","Incongruent","Incongruent",111.998767,112.198773,"7&",0.942682,"Correct","Correct","Correct","Correct"
"3",57,"1_2_stimuli","2_2","Congruent","Incongruent","Incongruent","Incongruent",113.99875,114.198742,"2@",0.862101,"Correct","Correct","Correct","Correct"
"3",58,"3_4_stimuli","3_4","Incongruent","Congruent","Incongruent","Incongruent",115.998737,116.198726,"4$",1.102608,"Correct","Correct","Correct","Correct"
"3",59,"5_6_stimuli","6_5","Incongruent","Incongruent","Congruent","Incongruent",117.998702,118.198707,"5%",0.9424,"Correct","Correct","Correct","Correct"
"3",60,"7_8_stimuli","8_7","Incongruent","Incongruent","Incongruent","Congruent",119.998686,120.198688,"7&",1.102108,"Correct","Correct","Correct","Correct"
"3",61,"1_2_stimuli","1_2","Incongruent","Incongruent","Incongruent","Incongruent",121.998667,122.198664,"Omission",5000,"Omission","Correct","Correct","Correct"
"3",62,"3_4_stimuli","3_3","Congruent","Incongruent","Incongruent","Incongruent",123.998642,124.198643,"3#",1.070166,"Correct","Omission","Correct","Correct"
"3",63,"5_6_stimuli","5_5","Congruent","Congruent","Incongruent","Incongruent",125.998627,126.198625,"5%",0.830731,"Correct","Correct","Omission","Correct"
"3",64,"7_8_stimuli","7_8","Incongruent","Congruent","Congruent","Incongruent",127.998606,128.198607,"8*",1.422669,"Correct","Correct","Correct","Omission"
"3",65,"1_2_stimuli","1_1","Congruent","Incongruent","Congruent","Congruent",129.998577,130.198582,"1!",0.686617,"Correct","Correct","Correct","Correct"
"3",66,"3_4_stimuli","4_3","Incongruent","Congruent","Incongruent","Congruent",131.998557,132.198556,"3#",0.894183,"Correct","Correct","Correct","Correct"
"3",67,"5_6_stimuli","6_6","Congruent","Incongruent","Congruent","Incongruent",133.99854,134.198535,"7&",1.166603,"Error","Correct","Correct","Correct"
"3",68,"7_8_stimuli","7_8","Incongruent","Congruent","Incongruent","Congruent",135.998514,136.198507,"8*",0.654726,"Correct","Error","Correct","Correct"
"4",1,"1_2_stimuli","2_2","Congruent",NA,NA,NA,1.999959,2.199959,"2@",0.854307,"Correct",NA,NA,NA
"4",2,"3_4_stimuli","3_3","Congruent","Congruent",NA,NA,3.999938,4.199935,"3#",0.774401,"Correct","Correct",NA,NA
"4",3,"5_6_stimuli","6_5","Incongruent","Congruent","Congruent",NA,5.999924,6.19991,"5%",0.758098,"Correct","Correct","Correct",NA
"4",4,"7_8_stimuli","8_8","Congruent","Incongruent","Congruent","Congruent",7.999891,8.199884,"8*",0.566437,"Correct","Correct","Correct","Correct"
"4",5,"1_2_stimuli","1_1","Congruent","Congruent","Incongruent","Congruent",9.999873,10.19987,"1!",0.630356,"Correct","Correct","Correct","Correct"
"4",6,"3_4_stimuli","4_3","Incongruent","Congruent","Congruent","Incongruent",11.999858,12.19985,"3#",1.110224,"Correct","Correct","Correct","Correct"
"4",7,"5_6_stimuli","5_5","Congruent","Incongruent","Congruent","Congruent",13.99983,14.199832,"5%",0.871035,"Correct","Correct","Correct","Correct"
"4",8,"7_8_stimuli","7_8","Incongruent","Congruent","Incongruent","Congruent",15.9998,16.199813,"8*",0.678317,"Correct","Correct","Correct","Correct"
"4",9,"1_2_stimuli","2_1","Incongruent","Incongruent","Congruent","Incongruent",17.999789,18.199783,"1!",0.581937,"Correct","Correct","Correct","Correct"
"4",10,"3_4_stimuli","4_4","Congruent","Incongruent","Incongruent","Congruent",19.999763,20.199769,"4$",0.901865,"Correct","Correct","Correct","Correct"
"4",11,"5_6_stimuli","6_5","Incongruent","Congruent","Incongruent","Incongruent",21.99974,22.199738,"5%",0.453913,"Correct","Correct","Correct","Correct"
"4",12,"7_8_stimuli","7_7","Congruent","Incongruent","Congruent","Incongruent",23.999724,24.199718,"7&",0.934655,"Correct","Correct","Correct","Correct"
"4",13,"1_2_stimuli","2_1","Incongruent","Congruent","Incongruent","Congruent",25.999701,26.199707,"1!",0.630278,"Correct","Correct","Correct","Correct"
"4",14,"3_4_stimuli","4_4","Congruent","Incongruent","Congruent","Incongruent",27.999683,28.199681,"4$",0.773932,"Correct","Correct","Correct","Correct"
"4",15,"5_6_stimuli","6_6","Congruent","Congruent","Incongruent","Congruent",29.999662,30.199658,"6^",1.317941,"Correct","Correct","Correct","Correct"
"4",16,"7_8_stimuli","7_7","Congruent","Congruent","Congruent","Incongruent",31.999627,32.199633,"7&",1.094163,"Correct","Correct","Correct","Correct"
"4",17,"1_2_stimuli","2_2","Congruent","Congruent","Congruent","Congruent",33.999612,34.199614,"2@",1.09444,"Correct","Correct","Correct","Correct"
"4",18,"3_4_stimuli","3_4","Incongruent","Congruent","Congruent","Congruent",35.999596,36.199586,"4$",0.662277,"Correct","Correct","Correct","Correct"
"4",19,"5_6_stimuli","5_6","Incongruent","Incongruent","Congruent","Congruent",37.999564,38.199576,"7&",1.126376,"Error","Correct","Correct","Correct"
"4",20,"7_8_stimuli","8_8","Congruent","Incongruent","Incongruent","Congruent",39.999548,40.199542,"8*",0.678509,"Correct","Error","Correct","Correct"
"4",21,"1_2_stimuli","1_2","Incongruent","Congruent","Incongruent","Incongruent",41.999529,42.199524,"2@",0.871331,"Correct","Correct","Error","Correct"
"4",22,"3_4_stimuli","3_4","Incongruent","Incongruent","Congruent","Incongruent",43.99951,44.199503,"4$",0.710361,"Correct","Correct","Correct","Error"
"4",23,"5_6_stimuli","5_6","Incongruent","Incongruent","Incongruent","Congruent",45.999464,46.199472,"6^",1.302593,"Correct","Correct","Correct","Correct"
"4",24,"7_8_stimuli","8_8","Congruent","Incongruent","Incongruent","Incongruent",47.999472,48.199459,"8*",1.094117,"Correct","Correct","Correct","Correct"
"4",25,"1_2_stimuli","2_2","Congruent","Congruent","Incongruent","Incongruent",49.99944,50.199428,"2@",1.126104,"Correct","Correct","Correct","Correct"
"4",26,"3_4_stimuli","3_3","Congruent","Congruent","Congruent","Incongruent",51.999415,52.199413,"3#",0.774124,"Correct","Correct","Correct","Correct"
"4",27,"5_6_stimuli","5_5","Congruent","Congruent","Congruent","Congruent",53.99939,54.199395,"5%",1.014563,"Correct","Correct","Correct","Correct"
"4",28,"7_8_stimuli","7_7","Congruent","Congruent","Congruent","Congruent",55.999374,56.199373,"7&",0.950138,"Correct","Correct","Correct","Correct"
"4",29,"1_2_stimuli","1_2","Incongruent","Congruent","Congruent","Congruent",57.999349,58.199343,"2@",0.935109,"Correct","Correct","Correct","Correct"
"4",30,"3_4_stimuli","4_3","Incongruent","Incongruent","Congruent","Congruent",59.999331,60.199327,"3#",0.934217,"Correct","Correct","Correct","Correct"
"4",31,"5_6_stimuli","6_6","Congruent","Incongruent","Incongruent","Congruent",61.99931,62.199301,"6^",0.998147,"Correct","Correct","Correct","Correct"
"4",32,"7_8_stimuli","8_8","Congruent","Congruent","Incongruent","Incongruent",63.999287,64.199279,"8*",0.854621,"Correct","Correct","Correct","Correct"
"4",33,"1_2_stimuli","2_2","Congruent","Congruent","Congruent","Incongruent",65.999258,66.199264,"2@",1.25419,"Correct","Correct","Correct","Correct"
"4",34,"3_4_stimuli","4_4","Congruent","Congruent","Congruent","Congruent",67.999242,68.199247,"4$",0.662442,"Correct","Correct","Correct","Correct"
"4",35,"5_6_stimuli","6_5","Incongruent","Congruent","Congruent","Congruent",69.999221,70.199212,"5%",0.646542,"Correct","Correct","Correct","Correct"
"4",36,"7_8_stimuli","7_8","Incongruent","Incongruent","Congruent","Congruent",71.999193,72.1992,"8*",0.598286,"Correct","Correct","Correct","Correct"
"4",37,"1_2_stimuli","1_2","Incongruent","Incongruent","Incongruent","Congruent",73.999176,74.199178,"3#",0.678643,"Error","Correct","Correct","Correct"
"4",38,"3_4_stimuli","4_4","Congruent","Incongruent","Incongruent","Incongruent",75.999156,76.199149,"4$",0.662817,"Correct","Error","Correct","Correct"
"4",39,"5_6_stimuli","6_6","Congruent","Congruent","Incongruent","Incongruent",77.999133,78.199131,"Omission",5000,"Omission","Correct","Error","Correct"
"4",40,"7_8_stimuli","8_7","Incongruent","Congruent","Congruent","Incongruent",79.999114,80.199109,"Omission",5000,"Omission","Omission","Correct","Error"
"4",41,"1_2_stimuli","1_1","Congruent","Incongruent","Congruent","Congruent",81.999089,82.199088,"1!",0.854337,"Correct","Omission","Omission","Correct"
"4",42,"3_4_stimuli","4_3","Incongruent","Congruent","Incongruent","Congruent",83.999074,84.199059,"3#",1.222567,"Correct","Correct","Omission","Omission"
"4",43,"5_6_stimuli","5_6","Incongruent","Incongruent","Congruent","Incongruent",85.999045,86.199047,"7&",1.014855,"Error","Correct","Correct","Omission"
"4",44,"7_8_stimuli","8_7","Incongruent","Incongruent","Incongruent","Congruent",87.999028,88.199024,"Omission",5000,"Omission","Error","Correct","Correct"
"4",45,"1_2_stimuli","2_1","Incongruent","Incongruent","Incongruent","Incongruent",89.999005,90.199,"Omission",5000,"Omission","Omission","Error","Correct"
"4",46,"3_4_stimuli","3_4","Incongruent","Incongruent","Incongruent","Incongruent",91.998981,92.19898,"Omission",5000,"Omission","Omission","Omission","Error"
"4",47,"5_6_stimuli","6_5","Incongruent","Incongruent","Incongruent","Incongruent",93.998957,94.198953,"5%",0.822736,"Correct","Omission","Omission","Omission"
"4",48,"7_8_stimuli","7_8","Incongruent","Incongruent","Incongruent","Incongruent",95.998938,96.198936,"8*",0.710456,"Correct","Correct","Omission","Omission"
"4",49,"1_2_stimuli","1_1","Congruent","Incongruent","Incongruent","Incongruent",97.998918,98.198914,"1!",0.790971,"Correct","Correct","Correct","Omission"
"4",50,"3_4_stimuli","3_4","Incongruent","Congruent","Incongruent","Incongruent",99.998892,100.198887,"4$",0.918851,"Correct","Correct","Correct","Correct"
"4",51,"5_6_stimuli","5_5","Congruent","Incongruent","Congruent","Incongruent",101.998864,102.198871,"5%",0.583163,"Correct","Correct","Correct","Correct"
"4",52,"7_8_stimuli","7_7","Congruent","Congruent","Incongruent","Congruent",103.998852,104.198853,"7&",0.918524,"Correct","Correct","Correct","Correct"
"4",53,"1_2_stimuli","1_2","Incongruent","Congruent","Congruent","Incongruent",105.998821,106.198828,"2@",0.998952,"Correct","Correct","Correct","Correct"
"4",54,"3_4_stimuli","3_3","Congruent","Incongruent","Congruent","Congruent",107.998794,108.198802,"4$",0.918995,"Error","Correct","Correct","Correct"
"4",55,"5_6_stimuli","6_5","Incongruent","Congruent","Incongruent","Congruent",109.998781,110.198782,"Omission",5000,"Omission","Error","Correct","Correct"
"4",56,"7_8_stimuli","8_7","Incongruent","Incongruent","Congruent","Incongruent",111.998759,112.198762,"Omission",5000,"Omission","Omission","Error","Correct"
"4",57,"1_2_stimuli","2_2","Congruent","Incongruent","Incongruent","Congruent",113.998737,114.19874,"2@",0.79115,"Correct","Omission","Omission","Error"
"4",58,"3_4_stimuli","3_3","Congruent","Congruent","Incongruent","Incongruent",115.99872,116.198724,"3#",0.6306,"Correct","Correct","Omission","Omission"
"4",59,"5_6_stimuli","5_5","Congruent","Congruent","Congruent","Incongruent",117.998697,118.1987,"5%",0.727239,"Correct","Correct","Correct","Omission"
"4",60,"7_8_stimuli","7_8","Incongruent","Congruent","Congruent","Congruent",119.99868,120.198668,"8*",0.647185,"Correct","Correct","Correct","Correct"
"4",61,"1_2_stimuli","2_1","Incongruent","Incongruent","Congruent","Congruent",121.998654,122.198653,"2@",0.742634,"Error","Correct","Correct","Correct"
"4",62,"3_4_stimuli","4_3","Incongruent","Incongruent","Incongruent","Congruent",123.998631,124.19864,"Omission",5000,"Omission","Error","Correct","Correct"
"4",63,"5_6_stimuli","6_6","Congruent","Incongruent","Incongruent","Incongruent",125.998614,126.198607,"6^",1.222697,"Correct","Omission","Error","Correct"
"4",64,"7_8_stimuli","8_7","Incongruent","Congruent","Incongruent","Incongruent",127.998587,128.198593,"7&",0.870667,"Correct","Correct","Omission","Error"
"4",65,"1_2_stimuli","1_1","Congruent","Incongruent","Congruent","Incongruent",129.998562,130.198556,"1!",0.854747,"Correct","Correct","Correct","Omission"
"4",66,"3_4_stimuli","3_3","Congruent","Congruent","Incongruent","Congruent",131.998542,132.198539,"3#",1.031177,"Correct","Correct","Correct","Correct"
"4",67,"5_6_stimuli","5_6","Incongruent","Congruent","Congruent","Incongruent",133.998522,134.198523,"5%",0.983273,"Error","Correct","Correct","Correct"
"4",68,"7_8_stimuli","8_8","Congruent","Incongruent","Congruent","Congruent",135.998505,136.198499,"8*",0.727335,"Correct","Error","Correct","Correct"
"5",1,"1_2_stimuli","2_2","Congruent",NA,NA,NA,1.999979,2.199981,"2@",0.706058,"Correct",NA,NA,NA
"5",2,"3_4_stimuli","4_4","Congruent","Congruent",NA,NA,3.999959,4.199966,"4$",0.769955,"Correct","Correct",NA,NA
"5",3,"5_6_stimuli","5_6","Incongruent","Congruent","Congruent",NA,5.999947,6.19994,"6^",0.962099,"Correct","Correct","Correct",NA
"5",4,"7_8_stimuli","7_7","Congruent","Incongruent","Congruent","Congruent",7.999915,8.199927,"7&",0.721751,"Correct","Correct","Correct","Correct"
"5",5,"1_2_stimuli","2_1","Incongruent","Congruent","Incongruent","Congruent",9.999898,10.199902,"1!",0.626096,"Correct","Correct","Correct","Correct"
"5",6,"3_4_stimuli","3_4","Incongruent","Incongruent","Congruent","Incongruent",11.999877,12.19988,"4$",0.705773,"Correct","Correct","Correct","Correct"
"5",7,"5_6_stimuli","6_6","Congruent","Incongruent","Incongruent","Congruent",13.999857,14.199852,"6^",0.83398,"Correct","Correct","Correct","Correct"
"5",8,"7_8_stimuli","8_7","Incongruent","Congruent","Incongruent","Incongruent",15.999828,16.199821,"7&",0.817827,"Correct","Correct","Correct","Correct"
"5",9,"1_2_stimuli","2_2","Congruent","Incongruent","Congruent","Incongruent",17.999808,18.199806,"2@",0.625824,"Correct","Correct","Correct","Correct"
"5",10,"3_4_stimuli","3_3","Congruent","Congruent","Incongruent","Congruent",19.999796,20.199796,"4$",0.802231,"Error","Correct","Correct","Correct"
"5",11,"5_6_stimuli","5_6","Incongruent","Congruent","Congruent","Incongruent",21.999765,22.199765,"6^",0.75415,"Correct","Error","Correct","Correct"
"5",12,"7_8_stimuli","7_8","Incongruent","Incongruent","Congruent","Congruent",23.999752,24.199748,"8*",0.705891,"Correct","Correct","Error","Correct"
"5",13,"1_2_stimuli","2_1","Incongruent","Incongruent","Incongruent","Congruent",25.999725,26.199723,"1!",0.706435,"Correct","Correct","Correct","Error"
"5",14,"3_4_stimuli","3_4","Incongruent","Incongruent","Incongruent","Incongruent",27.999707,28.199709,"4$",0.78633,"Correct","Correct","Correct","Correct"
"5",15,"5_6_stimuli","6_6","Congruent","Incongruent","Incongruent","Incongruent",29.999677,30.199675,"6^",0.898308,"Correct","Correct","Correct","Correct"
"5",16,"7_8_stimuli","7_7","Congruent","Congruent","Incongruent","Incongruent",31.999663,32.199653,"7&",0.625945,"Correct","Correct","Correct","Correct"
"5",17,"1_2_stimuli","2_2","Congruent","Congruent","Congruent","Incongruent",33.99964,34.199634,"2@",0.754254,"Correct","Correct","Correct","Correct"
"5",18,"3_4_stimuli","4_3","Incongruent","Congruent","Congruent","Congruent",35.999614,36.199613,"3#",0.561975,"Correct","Correct","Correct","Correct"
"5",19,"5_6_stimuli","5_5","Congruent","Incongruent","Congruent","Congruent",37.999597,38.199595,"6^",0.610519,"Error","Correct","Correct","Correct"
"5",20,"7_8_stimuli","8_8","Congruent","Congruent","Incongruent","Congruent",39.999577,40.199577,"8*",0.626409,"Correct","Error","Correct","Correct"
"5",21,"1_2_stimuli","1_2","Incongruent","Congruent","Congruent","Incongruent",41.999537,42.199562,"2@",0.738076,"Correct","Correct","Error","Correct"
"5",22,"3_4_stimuli","3_4","Incongruent","Incongruent","Congruent","Congruent",43.999534,44.199535,"4$",0.674022,"Correct","Correct","Correct","Error"
"5",23,"5_6_stimuli","6_5","Incongruent","Incongruent","Incongruent","Congruent",45.999503,46.199496,"5%",0.930432,"Correct","Correct","Correct","Correct"
"5",24,"7_8_stimuli","8_7","Incongruent","Incongruent","Incongruent","Incongruent",47.999475,48.199481,"7&",0.738564,"Correct","Correct","Correct","Correct"
"5",25,"1_2_stimuli","2_2","Congruent","Incongruent","Incongruent","Incongruent",49.99947,50.199449,"2@",0.546744,"Correct","Correct","Correct","Correct"
"5",26,"3_4_stimuli","3_3","Congruent","Congruent","Incongruent","Incongruent",51.999447,52.19943,"3#",1.106354,"Correct","Correct","Correct","Correct"
"5",27,"5_6_stimuli","6_6","Congruent","Congruent","Congruent","Incongruent",53.999417,54.199419,"6^",1.186568,"Correct","Correct","Correct","Correct"
"5",28,"7_8_stimuli","8_8","Congruent","Congruent","Congruent","Congruent",55.999387,56.199392,"8*",0.754167,"Correct","Correct","Correct","Correct"
"5",29,"1_2_stimuli","1_2","Incongruent","Congruent","Congruent","Congruent",57.999371,58.199368,"2@",0.914777,"Correct","Correct","Correct","Correct"
"5",30,"3_4_stimuli","3_3","Congruent","Incongruent","Congruent","Congruent",59.999345,60.199345,"3#",0.738433,"Correct","Correct","Correct","Correct"
"5",31,"5_6_stimuli","5_5","Congruent","Congruent","Incongruent","Congruent",61.999321,62.199325,"5%",0.866757,"Correct","Correct","Correct","Correct"
"5",32,"7_8_stimuli","8_8","Congruent","Congruent","Congruent","Incongruent",63.999301,64.199304,"8*",0.658203,"Correct","Correct","Correct","Correct"
"5",33,"1_2_stimuli","1_1","Congruent","Congruent","Congruent","Congruent",65.999287,66.199283,"1!",0.498788,"Correct","Correct","Correct","Correct"
"5",34,"3_4_stimuli","4_4","Congruent","Congruent","Congruent","Congruent",67.999259,68.19926,"4$",0.994223,"Correct","Correct","Correct","Correct"
"5",35,"5_6_stimuli","5_6","Incongruent","Congruent","Congruent","Congruent",69.999239,70.199239,"6^",0.930721,"Correct","Correct","Correct","Correct"
"5",36,"7_8_stimuli","7_7","Congruent","Incongruent","Congruent","Congruent",71.999225,72.199208,"7&",0.930235,"Correct","Correct","Correct","Correct"
"5",37,"1_2_stimuli","1_1","Congruent","Congruent","Incongruent","Congruent",73.999196,74.199187,"1!",0.562559,"Correct","Correct","Correct","Correct"
"5",38,"3_4_stimuli","4_3","Incongruent","Congruent","Congruent","Incongruent",75.999173,76.199168,"3#",0.802864,"Correct","Correct","Correct","Correct"
"5",39,"5_6_stimuli","5_6","Incongruent","Incongruent","Congruent","Congruent",77.999151,78.199148,"Omission",5000,"Omission","Correct","Correct","Correct"
"5",40,"7_8_stimuli","7_7","Congruent","Incongruent","Incongruent","Congruent",79.999126,80.19913,"7&",0.914921,"Correct","Omission","Correct","Correct"
"5",41,"1_2_stimuli","2_2","Congruent","Congruent","Incongruent","Incongruent",81.999104,82.199103,"2@",1.138357,"Correct","Correct","Omission","Correct"
"5",42,"3_4_stimuli","4_4","Congruent","Congruent","Congruent","Incongruent",83.999081,84.199077,"4$",0.818934,"Correct","Correct","Correct","Omission"
"5",43,"5_6_stimuli","6_6","Congruent","Congruent","Congruent","Congruent",85.999064,86.199059,"6^",0.723003,"Correct","Correct","Correct","Correct"
"5",44,"7_8_stimuli","8_7","Incongruent","Congruent","Congruent","Congruent",87.999031,88.199035,"7&",0.610901,"Correct","Correct","Correct","Correct"
"5",45,"1_2_stimuli","2_1","Incongruent","Incongruent","Congruent","Congruent",89.99901,90.199021,"1!",0.706909,"Correct","Correct","Correct","Correct"
"5",46,"3_4_stimuli","4_4","Congruent","Incongruent","Incongruent","Congruent",91.998998,92.198989,"4$",1.010891,"Correct","Correct","Correct","Correct"
"5",47,"5_6_stimuli","6_5","Incongruent","Congruent","Incongruent","Incongruent",93.998976,94.19897,"5%",0.978981,"Correct","Correct","Correct","Correct"
"5",48,"7_8_stimuli","8_7","Incongruent","Incongruent","Congruent","Incongruent",95.998952,96.198946,"7&",0.962473,"Correct","Correct","Correct","Correct"
"5",49,"1_2_stimuli","1_1","Congruent","Incongruent","Incongruent","Congruent",97.99893,98.198926,"1!",0.482483,"Correct","Correct","Correct","Correct"
"5",50,"3_4_stimuli","3_4","Incongruent","Congruent","Incongruent","Incongruent",99.998902,100.198902,"4$",0.642487,"Correct","Correct","Correct","Correct"
"5",51,"5_6_stimuli","6_5","Incongruent","Incongruent","Congruent","Incongruent",101.998883,102.198884,"5%",0.787028,"Correct","Correct","Correct","Correct"
"5",52,"7_8_stimuli","7_8","Incongruent","Incongruent","Incongruent","Congruent",103.998863,104.198864,"8*",0.690546,"Correct","Correct","Correct","Correct"
"5",53,"1_2_stimuli","2_1","Incongruent","Incongruent","Incongruent","Incongruent",105.998842,106.198837,"1!",0.867147,"Correct","Correct","Correct","Correct"
"5",54,"3_4_stimuli","3_3","Congruent","Incongruent","Incongruent","Incongruent",107.998816,108.198818,"3#",1.314571,"Correct","Correct","Correct","Correct"
"5",55,"5_6_stimuli","5_5","Congruent","Congruent","Incongruent","Incongruent",109.998806,110.198788,"5%",0.99457,"Correct","Correct","Correct","Correct"
"5",56,"7_8_stimuli","7_8","Incongruent","Congruent","Congruent","Incongruent",111.998766,112.198768,"8*",0.722984,"Correct","Correct","Correct","Correct"
"5",57,"1_2_stimuli","1_1","Congruent","Incongruent","Congruent","Congruent",113.99874,114.19875,"1!",0.611261,"Correct","Correct","Correct","Correct"
"5",58,"3_4_stimuli","4_3","Incongruent","Congruent","Incongruent","Congruent",115.99873,116.198722,"3#",1.026995,"Correct","Correct","Correct","Correct"
"5",59,"5_6_stimuli","5_5","Congruent","Incongruent","Congruent","Incongruent",117.998702,118.198702,"5%",0.882671,"Correct","Correct","Correct","Correct"
"5",60,"7_8_stimuli","7_8","Incongruent","Congruent","Incongruent","Congruent",119.998682,120.19868,"8*",1.027693,"Correct","Correct","Correct","Correct"
"5",61,"1_2_stimuli","1_2","Incongruent","Incongruent","Congruent","Incongruent",121.998657,122.198658,"Omission",5000,"Omission","Correct","Correct","Correct"
"5",62,"3_4_stimuli","4_3","Incongruent","Incongruent","Incongruent","Congruent",123.998635,124.198627,"Omission",5000,"Omission","Omission","Correct","Correct"
"5",63,"5_6_stimuli","6_5","Incongruent","Incongruent","Incongruent","Incongruent",125.998611,126.198604,"5%",0.834713,"Correct","Omission","Omission","Correct"
"5",64,"7_8_stimuli","8_8","Congruent","Incongruent","Incongruent","Incongruent",127.998595,128.198581,"8*",0.674684,"Correct","Correct","Omission","Omission"
"5",65,"1_2_stimuli","1_2","Incongruent","Congruent","Incongruent","Incongruent",129.998566,130.198562,"2@",0.914747,"Correct","Correct","Correct","Omission"
"5",66,"3_4_stimuli","4_4","Congruent","Incongruent","Congruent","Incongruent",131.998537,132.198548,"4$",0.89881,"Correct","Correct","Correct","Correct"
"5",67,"5_6_stimuli","5_6","Incongruent","Congruent","Incongruent","Congruent",133.998518,134.198521,"6^",1.075393,"Correct","Correct","Correct","Correct"
"5",68,"7_8_stimuli","7_7","Congruent","Incongruent","Congruent","Incongruent",135.998495,136.1985,"7&",0.594807,"Correct","Correct","Correct","Correct"
"6",1,"1_2_stimuli","1_2","Incongruent",NA,NA,NA,1.999968,2.199973,"1!",0.941011,"Error",NA,NA,NA
"6",2,"3_4_stimuli","4_3","Incongruent","Incongruent",NA,NA,3.99995,4.199947,"4$",1.100333,"Error","Error",NA,NA
"6",3,"5_6_stimuli","5_5","Congruent","Incongruent","Incongruent",NA,5.999928,6.199921,"5%",1.196369,"Correct","Error","Error",NA
"6",4,"7_8_stimuli","8_8","Congruent","Congruent","Incongruent","Incongruent",7.999901,8.199902,"8*",0.684452,"Correct","Correct","Error","Error"
"6",5,"1_2_stimuli","1_2","Incongruent","Congruent","Congruent","Incongruent",9.999881,10.199878,"1!",0.508794,"Error","Correct","Correct","Error"
"6",6,"3_4_stimuli","3_3","Congruent","Incongruent","Congruent","Congruent",11.999857,12.199857,"4$",0.972732,"Error","Error","Correct","Correct"
"6",7,"5_6_stimuli","6_5","Incongruent","Congruent","Incongruent","Congruent",13.999841,14.199826,"5%",0.892344,"Correct","Error","Error","Correct"
"6",8,"7_8_stimuli","7_7","Congruent","Incongruent","Congruent","Incongruent",15.999815,16.199811,"7&",1.036738,"Correct","Correct","Error","Error"
"6",9,"1_2_stimuli","1_2","Incongruent","Congruent","Incongruent","Congruent",17.999791,18.199793,"2@",1.213078,"Correct","Correct","Correct","Error"
"6",10,"3_4_stimuli","3_3","Congruent","Incongruent","Congruent","Incongruent",19.999768,20.199767,"3#",0.732499,"Correct","Correct","Correct","Correct"
"6",11,"5_6_stimuli","6_6","Congruent","Congruent","Incongruent","Congruent",21.999742,22.199741,"6^",0.717034,"Correct","Correct","Correct","Correct"
"6",12,"7_8_stimuli","7_8","Incongruent","Congruent","Congruent","Incongruent",23.999726,24.199725,"8*",0.636544,"Correct","Correct","Correct","Correct"
"6",13,"1_2_stimuli","1_1","Congruent","Incongruent","Congruent","Congruent",25.999697,26.199705,"1!",0.668542,"Correct","Correct","Correct","Correct"
"6",14,"3_4_stimuli","4_3","Incongruent","Congruent","Incongruent","Congruent",27.999677,28.199669,"3#",0.813202,"Correct","Correct","Correct","Correct"
"6",15,"5_6_stimuli","6_6","Congruent","Incongruent","Congruent","Incongruent",29.999652,30.199646,"6^",1.084909,"Correct","Correct","Correct","Correct"
"6",16,"7_8_stimuli","7_8","Incongruent","Congruent","Incongruent","Congruent",31.999634,32.199627,"8*",0.940566,"Correct","Correct","Correct","Correct"
"6",17,"1_2_stimuli","2_2","Congruent","Incongruent","Congruent","Incongruent",33.999604,34.1996,"2@",1.021067,"Correct","Correct","Correct","Correct"
"6",18,"3_4_stimuli","4_4","Congruent","Congruent","Incongruent","Congruent",35.99958,36.19958,"4$",0.941067,"Correct","Correct","Correct","Correct"
"6",19,"5_6_stimuli","5_6","Incongruent","Congruent","Congruent","Incongruent",37.999567,38.199554,"6^",0.828628,"Correct","Correct","Correct","Correct"
"6",20,"7_8_stimuli","7_7","Congruent","Incongruent","Congruent","Congruent",39.999535,40.199532,"7&",0.797009,"Correct","Correct","Correct","Correct"
"6",21,"1_2_stimuli","2_2","Congruent","Congruent","Incongruent","Congruent",41.999511,42.1995,"2@",0.652696,"Correct","Correct","Correct","Correct"
"6",22,"3_4_stimuli","3_3","Congruent","Congruent","Congruent","Incongruent",43.999487,44.199493,"3#",0.668706,"Correct","Correct","Correct","Correct"
"6",23,"5_6_stimuli","5_5","Congruent","Congruent","Congruent","Congruent",45.999468,46.199463,"5%",1.404978,"Correct","Correct","Correct","Correct"
"6",24,"7_8_stimuli","8_7","Incongruent","Congruent","Congruent","Congruent",47.999443,48.199448,"7&",0.988806,"Correct","Correct","Correct","Correct"
"6",25,"1_2_stimuli","2_1","Incongruent","Incongruent","Congruent","Congruent",49.999421,50.199408,"1!",0.573064,"Correct","Correct","Correct","Correct"
"6",26,"3_4_stimuli","4_3","Incongruent","Incongruent","Incongruent","Congruent",51.999406,52.19939,"3#",0.58911,"Correct","Correct","Correct","Correct"
"6",27,"5_6_stimuli","5_5","Congruent","Incongruent","Incongruent","Incongruent",53.999373,54.199368,"5%",0.652839,"Correct","Correct","Correct","Correct"
"6",28,"7_8_stimuli","8_7","Incongruent","Congruent","Incongruent","Incongruent",55.999348,56.199345,"7&",0.556738,"Correct","Correct","Correct","Correct"
"6",29,"1_2_stimuli","2_1","Incongruent","Incongruent","Congruent","Incongruent",57.99932,58.199329,"1!",0.701371,"Correct","Correct","Correct","Correct"
"6",30,"3_4_stimuli","3_3","Congruent","Incongruent","Incongruent","Congruent",59.999305,60.199293,"3#",0.892876,"Correct","Correct","Correct","Correct"
"6",31,"5_6_stimuli","5_6","Incongruent","Congruent","Incongruent","Incongruent",61.999282,62.199272,"Omission",5000,"Omission","Correct","Correct","Correct"
"6",32,"7_8_stimuli","8_7","Incongruent","Incongruent","Congruent","Incongruent",63.999255,64.199251,"7&",0.669376,"Correct","Omission","Correct","Correct"
"6",33,"1_2_stimuli","1_2","Incongruent","Incongruent","Incongruent","Congruent",65.999233,66.199231,"2@",0.669215,"Correct","Correct","Omission","Correct"
"6",34,"3_4_stimuli","3_4","Incongruent","Incongruent","Incongruent","Incongruent",67.999212,68.199202,"4$",0.829375,"Correct","Correct","Correct","Omission"
"6",35,"5_6_stimuli","5_6","Incongruent","Incongruent","Incongruent","Incongruent",69.999177,70.199185,"7&",0.924862,"Error","Correct","Correct","Correct"
"6",36,"7_8_stimuli","8_8","Congruent","Incongruent","Incongruent","Incongruent",71.999164,72.199153,"8*",0.572916,"Correct","Error","Correct","Correct"
"6",37,"1_2_stimuli","2_1","Incongruent","Congruent","Incongruent","Incongruent",73.999139,74.199136,"1!",0.669665,"Correct","Correct","Error","Correct"
"6",38,"3_4_stimuli","4_3","Incongruent","Incongruent","Congruent","Incongruent",75.99912,76.199119,"3#",0.700965,"Correct","Correct","Correct","Error"
"6",39,"5_6_stimuli","5_6","Incongruent","Incongruent","Incongruent","Congruent",77.999086,78.199091,"6^",0.941357,"Correct","Correct","Correct","Correct"
"6",40,"7_8_stimuli","8_7","Incongruent","Incongruent","Incongruent","Incongruent",79.999069,80.199074,"7&",0.925507,"Correct","Correct","Correct","Correct"
"6",41,"1_2_stimuli","2_1","Incongruent","Incongruent","Incongruent","Incongruent",81.999042,82.199051,"1!",0.653023,"Correct","Correct","Correct","Correct"
"6",42,"3_4_stimuli","4_4","Congruent","Incongruent","Incongruent","Incongruent",83.999029,84.199019,"4$",0.605565,"Correct","Correct","Correct","Correct"
"6",43,"5_6_stimuli","6_6","Congruent","Congruent","Incongruent","Incongruent",85.999009,86.199005,"6^",0.797422,"Correct","Correct","Correct","Correct"
"6",44,"7_8_stimuli","8_8","Congruent","Congruent","Congruent","Incongruent",87.998982,88.198974,"8*",0.525125,"Correct","Correct","Correct","Correct"
"6",45,"1_2_stimuli","2_2","Congruent","Congruent","Congruent","Congruent",89.998955,90.19895,"2@",0.637622,"Correct","Correct","Correct","Correct"
"6",46,"3_4_stimuli","4_4","Congruent","Congruent","Congruent","Congruent",91.998939,92.19893,"4$",0.493125,"Correct","Correct","Correct","Correct"
"6",47,"5_6_stimuli","6_5","Incongruent","Congruent","Congruent","Congruent",93.998906,94.198914,"5%",0.813699,"Correct","Correct","Correct","Correct"
"6",48,"7_8_stimuli","7_8","Incongruent","Incongruent","Congruent","Congruent",95.998891,96.198883,"7&",1.181651,"Error","Correct","Correct","Correct"
"6",49,"1_2_stimuli","1_1","Congruent","Incongruent","Incongruent","Congruent",97.998869,98.198865,"1!",0.461483,"Correct","Error","Correct","Correct"
"6",50,"3_4_stimuli","4_3","Incongruent","Congruent","Incongruent","Incongruent",99.998844,100.198842,"3#",1.069646,"Correct","Correct","Error","Correct"
"6",51,"5_6_stimuli","6_5","Incongruent","Incongruent","Congruent","Incongruent",101.998822,102.198823,"5%",0.749195,"Correct","Correct","Correct","Error"
"6",52,"7_8_stimuli","7_8","Incongruent","Incongruent","Incongruent","Congruent",103.998807,104.198796,"8*",0.525691,"Correct","Correct","Correct","Correct"
"6",53,"1_2_stimuli","2_2","Congruent","Incongruent","Incongruent","Incongruent",105.998779,106.198769,"2@",0.765601,"Correct","Correct","Correct","Correct"
"6",54,"3_4_stimuli","4_4","Congruent","Congruent","Incongruent","Incongruent",107.998755,108.19875,"4$",0.461256,"Correct","Correct","Correct","Correct"
"6",55,"5_6_stimuli","6_6","Congruent","Congruent","Congruent","Incongruent",109.998742,110.198742,"6^",0.637672,"Correct","Correct","Correct","Correct"
"6",56,"7_8_stimuli","7_7","Congruent","Congruent","Congruent","Congruent",111.998715,112.198705,"7&",1.021865,"Correct","Correct","Correct","Correct"
"6",57,"1_2_stimuli","1_2","Incongruent","Congruent","Congruent","Congruent",113.998689,114.19869,"2@",0.893315,"Correct","Correct","Correct","Correct"
"6",58,"3_4_stimuli","3_4","Incongruent","Incongruent","Congruent","Congruent",115.99866,116.198667,"4$",0.701362,"Correct","Correct","Correct","Correct"
"6",59,"5_6_stimuli","5_5","Congruent","Incongruent","Incongruent","Congruent",117.998648,118.198635,"5%",1.085927,"Correct","Correct","Correct","Correct"
"6",60,"7_8_stimuli","7_7","Congruent","Congruent","Incongruent","Incongruent",119.998621,120.19861,"7&",0.925976,"Correct","Correct","Correct","Correct"
"6",61,"1_2_stimuli","1_1","Congruent","Congruent","Congruent","Incongruent",121.998602,122.198589,"1!",0.525407,"Correct","Correct","Correct","Correct"
"6",62,"3_4_stimuli","3_4","Incongruent","Congruent","Congruent","Congruent",123.998584,124.198572,"4$",0.589941,"Correct","Correct","Correct","Correct"
"6",63,"5_6_stimuli","6_5","Incongruent","Incongruent","Congruent","Congruent",125.998549,126.198549,"5%",0.589463,"Correct","Correct","Correct","Correct"
"6",64,"7_8_stimuli","8_8","Congruent","Incongruent","Incongruent","Congruent",127.998537,128.198526,"8*",0.621632,"Correct","Correct","Correct","Correct"
"6",65,"1_2_stimuli","1_1","Congruent","Congruent","Incongruent","Incongruent",129.99851,130.198503,"1!",0.445456,"Correct","Correct","Correct","Correct"
"6",66,"3_4_stimuli","3_4","Incongruent","Congruent","Congruent","Incongruent",131.998477,132.198479,"4$",0.573443,"Correct","Correct","Correct","Correct"
"6",67,"5_6_stimuli","5_5","Congruent","Incongruent","Congruent","Congruent",133.998454,134.198464,"5%",0.813476,"Correct","Correct","Correct","Correct"
"6",68,"7_8_stimuli","8_8","Congruent","Congruent","Incongruent","Congruent",135.998437,136.198435,"8*",0.573474,"Correct","Correct","Correct","Correct"
"7",1,"1_2_stimuli","1_2","Incongruent",NA,NA,NA,1.999987,2.199979,"2@",0.982133,"Correct",NA,NA,NA
"7",2,"3_4_stimuli","4_3","Incongruent","Incongruent",NA,NA,3.999959,4.199957,"3#",1.0136,"Correct","Correct",NA,NA
"7",3,"5_6_stimuli","6_5","Incongruent","Incongruent","Incongruent",NA,5.999932,6.199938,"5%",0.565824,"Correct","Correct","Correct",NA
"7",4,"7_8_stimuli","8_8","Congruent","Incongruent","Incongruent","Incongruent",7.99992,8.199928,"8*",0.581783,"Correct","Correct","Correct","Correct"
"7",5,"1_2_stimuli","2_1","Incongruent","Congruent","Incongruent","Incongruent",9.999891,10.199889,"1!",0.662219,"Correct","Correct","Correct","Correct"
"7",6,"3_4_stimuli","4_3","Incongruent","Incongruent","Congruent","Incongruent",11.999872,12.19987,"3#",0.710242,"Correct","Correct","Correct","Correct"
"7",7,"5_6_stimuli","5_6","Incongruent","Incongruent","Incongruent","Congruent",13.999852,14.199845,"6^",0.934107,"Correct","Correct","Correct","Correct"
"7",8,"7_8_stimuli","7_8","Incongruent","Incongruent","Incongruent","Incongruent",15.999821,16.19981,"8*",0.581998,"Correct","Correct","Correct","Correct"
"7",9,"1_2_stimuli","2_2","Congruent","Incongruent","Incongruent","Incongruent",17.999797,18.199796,"2@",0.710119,"Correct","Correct","Correct","Correct"
"7",10,"3_4_stimuli","4_3","Incongruent","Congruent","Incongruent","Incongruent",19.999774,20.199768,"3#",0.566033,"Correct","Correct","Correct","Correct"
"7",11,"5_6_stimuli","5_5","Congruent","Incongruent","Congruent","Incongruent",21.999758,22.199753,"5%",0.421841,"Correct","Correct","Correct","Correct"
"7",12,"7_8_stimuli","8_8","Congruent","Congruent","Incongruent","Congruent",23.999737,24.199734,"8*",0.48577,"Correct","Correct","Correct","Correct"
"7",13,"1_2_stimuli","2_1","Incongruent","Congruent","Congruent","Incongruent",25.999712,26.199701,"1!",0.565725,"Correct","Correct","Correct","Correct"
"7",14,"3_4_stimuli","4_4","Congruent","Incongruent","Congruent","Congruent",27.999685,28.199681,"4$",0.805806,"Correct","Correct","Correct","Correct"
"7",15,"5_6_stimuli","5_6","Incongruent","Congruent","Incongruent","Congruent",29.999658,30.199658,"6^",0.598243,"Correct","Correct","Correct","Correct"
"7",16,"7_8_stimuli","8_7","Incongruent","Incongruent","Congruent","Incongruent",31.999625,32.19963,"7&",0.726059,"Correct","Correct","Correct","Correct"
"7",17,"1_2_stimuli","1_2","Incongruent","Incongruent","Incongruent","Congruent",33.99961,34.199615,"2@",0.64641,"Correct","Correct","Correct","Correct"
"7",18,"3_4_stimuli","4_3","Incongruent","Incongruent","Incongruent","Incongruent",35.999588,36.199594,"3#",0.422186,"Correct","Correct","Correct","Correct"
"7",19,"5_6_stimuli","6_6","Congruent","Incongruent","Incongruent","Incongruent",37.999568,38.199557,"6^",0.598227,"Correct","Correct","Correct","Correct"
"7",20,"7_8_stimuli","7_7","Congruent","Congruent","Incongruent","Incongruent",39.999542,40.199537,"7&",0.661869,"Correct","Correct","Correct","Correct"
"7",21,"1_2_stimuli","1_1","Congruent","Congruent","Congruent","Incongruent",41.999513,42.199526,"2@",0.646389,"Error","Correct","Correct","Correct"
"7",22,"3_4_stimuli","3_4","Incongruent","Congruent","Congruent","Congruent",43.999498,44.199499,"4$",0.88592,"Correct","Error","Correct","Correct"
"7",23,"5_6_stimuli","5_5","Congruent","Incongruent","Congruent","Congruent",45.999469,46.199477,"5%",0.598514,"Correct","Correct","Error","Correct"
"7",24,"7_8_stimuli","7_8","Incongruent","Congruent","Incongruent","Congruent",47.999457,48.199448,"8*",0.709952,"Correct","Correct","Correct","Error"
"7",25,"1_2_stimuli","2_1","Incongruent","Incongruent","Congruent","Incongruent",49.999433,50.199432,"1!",0.59814,"Correct","Correct","Correct","Correct"
"7",26,"3_4_stimuli","3_4","Incongruent","Incongruent","Incongruent","Congruent",51.9994,52.199406,"4$",0.565953,"Correct","Correct","Correct","Correct"
"7",27,"5_6_stimuli","6_5","Incongruent","Incongruent","Incongruent","Incongruent",53.999381,54.199379,"5%",0.597997,"Correct","Correct","Correct","Correct"
"7",28,"7_8_stimuli","8_8","Congruent","Incongruent","Incongruent","Incongruent",55.999364,56.199355,"8*",0.518499,"Correct","Correct","Correct","Correct"
"7",29,"1_2_stimuli","1_1","Congruent","Congruent","Incongruent","Incongruent",57.999327,58.199331,"1!",0.502311,"Correct","Correct","Correct","Correct"
"7",30,"3_4_stimuli","3_3","Congruent","Congruent","Congruent","Incongruent",59.999304,60.199299,"2@",0.533972,"Error","Correct","Correct","Correct"
"7",31,"5_6_stimuli","5_5","Congruent","Congruent","Congruent","Congruent",61.99928,62.199281,"5%",1.238613,"Correct","Error","Correct","Correct"
"7",32,"7_8_stimuli","8_7","Incongruent","Congruent","Congruent","Congruent",63.999261,64.19926,"7&",0.99812,"Correct","Correct","Error","Correct"
"7",33,"1_2_stimuli","2_1","Incongruent","Incongruent","Congruent","Congruent",65.999243,66.199231,"1!",0.870434,"Correct","Correct","Correct","Error"
"7",34,"3_4_stimuli","3_3","Congruent","Incongruent","Incongruent","Congruent",67.999218,68.199211,"3#",1.270172,"Correct","Correct","Correct","Correct"
"7",35,"5_6_stimuli","5_5","Congruent","Congruent","Incongruent","Incongruent",69.999189,70.199185,"5%",0.758593,"Correct","Correct","Correct","Correct"
"7",36,"7_8_stimuli","7_8","Incongruent","Congruent","Congruent","Incongruent",71.999152,72.199164,"8*",0.66214,"Correct","Correct","Correct","Correct"
"7",37,"1_2_stimuli","2_2","Congruent","Incongruent","Congruent","Congruent",73.999144,74.199144,"1!",0.614152,"Error","Correct","Correct","Correct"
"7",38,"3_4_stimuli","4_3","Incongruent","Congruent","Incongruent","Congruent",75.999123,76.199122,"3#",1.238632,"Correct","Error","Correct","Correct"
"7",39,"5_6_stimuli","5_6","Incongruent","Incongruent","Congruent","Incongruent",77.999096,78.199091,"5%",0.614171,"Error","Correct","Error","Correct"
"7",40,"7_8_stimuli","8_7","Incongruent","Incongruent","Incongruent","Congruent",79.999077,80.199072,"7&",0.95065,"Correct","Error","Correct","Error"
"7",41,"1_2_stimuli","1_2","Incongruent","Incongruent","Incongruent","Incongruent",81.999057,82.199044,"2@",0.806288,"Correct","Correct","Error","Correct"
"7",42,"3_4_stimuli","3_3","Congruent","Incongruent","Incongruent","Incongruent",83.999024,84.199025,"3#",1.382607,"Correct","Correct","Correct","Error"
"7",43,"5_6_stimuli","5_6","Incongruent","Congruent","Incongruent","Incongruent",85.999009,86.199006,"6^",0.886234,"Correct","Correct","Correct","Correct"
"7",44,"7_8_stimuli","8_8","Congruent","Incongruent","Congruent","Incongruent",87.998978,88.198984,"8*",0.486264,"Correct","Correct","Correct","Correct"
"7",45,"1_2_stimuli","1_2","Incongruent","Congruent","Incongruent","Congruent",89.998951,90.198956,"3#",0.56672,"Error","Correct","Correct","Correct"
"7",46,"3_4_stimuli","4_4","Congruent","Incongruent","Congruent","Incongruent",91.998933,92.198934,"4$",0.790379,"Correct","Error","Correct","Correct"
"7",47,"5_6_stimuli","6_6","Congruent","Congruent","Incongruent","Congruent",93.998915,94.198901,"6^",1.142775,"Correct","Correct","Error","Correct"
"7",48,"7_8_stimuli","8_8","Congruent","Congruent","Congruent","Incongruent",95.998887,96.198884,"8*",0.614741,"Correct","Correct","Correct","Error"
"7",49,"1_2_stimuli","1_2","Incongruent","Congruent","Congruent","Congruent",97.998859,98.19886,"2@",0.966845,"Correct","Correct","Correct","Correct"
"7",50,"3_4_stimuli","3_4","Incongruent","Incongruent","Congruent","Congruent",99.998842,100.198841,"4$",0.630812,"Correct","Correct","Correct","Correct"
"7",51,"5_6_stimuli","6_6","Congruent","Incongruent","Incongruent","Congruent",101.998816,102.198817,"6^",0.694945,"Correct","Correct","Correct","Correct"
"7",52,"7_8_stimuli","8_7","Incongruent","Congruent","Incongruent","Incongruent",103.998793,104.198799,"7&",0.774989,"Correct","Correct","Correct","Correct"
"7",53,"1_2_stimuli","2_2","Congruent","Incongruent","Congruent","Incongruent",105.998773,106.198768,"2@",0.502857,"Correct","Correct","Correct","Correct"
"7",54,"3_4_stimuli","3_3","Congruent","Congruent","Incongruent","Congruent",107.998749,108.198752,"3#",0.870905,"Correct","Correct","Correct","Correct"
"7",55,"5_6_stimuli","6_5","Incongruent","Congruent","Congruent","Incongruent",109.998726,110.198728,"5%",0.791095,"Correct","Correct","Correct","Correct"
"7",56,"7_8_stimuli","7_8","Incongruent","Incongruent","Congruent","Congruent",111.9987,112.198696,"8*",0.742504,"Correct","Correct","Correct","Correct"
"7",57,"1_2_stimuli","1_1","Congruent","Incongruent","Incongruent","Congruent",113.998671,114.19868,"1!",0.678828,"Correct","Correct","Correct","Correct"
"7",58,"3_4_stimuli","4_4","Congruent","Congruent","Incongruent","Incongruent",115.998657,116.19865,"4$",0.58297,"Correct","Correct","Correct","Correct"
"7",59,"5_6_stimuli","6_6","Congruent","Congruent","Congruent","Incongruent",117.99863,118.198625,"6^",1.046556,"Correct","Correct","Correct","Correct"
"7",60,"7_8_stimuli","7_7","Congruent","Congruent","Congruent","Congruent",119.998601,120.198608,"7&",0.807033,"Correct","Correct","Correct","Correct"
"7",61,"1_2_stimuli","2_2","Congruent","Congruent","Congruent","Congruent",121.998584,122.198583,"2@",0.614597,"Correct","Correct","Correct","Correct"
"7",62,"3_4_stimuli","4_4","Congruent","Congruent","Congruent","Congruent",123.99856,124.198555,"4$",0.487153,"Correct","Correct","Correct","Correct"
"7",63,"5_6_stimuli","6_5","Incongruent","Congruent","Congruent","Congruent",125.998534,126.198534,"5%",0.983232,"Correct","Correct","Correct","Correct"
"7",64,"7_8_stimuli","7_7","Congruent","Incongruent","Congruent","Congruent",127.998507,128.198515,"7&",1.12665,"Correct","Correct","Correct","Correct"
"7",65,"1_2_stimuli","1_1","Congruent","Congruent","Incongruent","Congruent",129.998492,130.198495,"1!",1.127233,"Correct","Correct","Correct","Correct"
"7",66,"3_4_stimuli","3_4","Incongruent","Congruent","Congruent","Incongruent",131.998468,132.198469,"4$",1.238614,"Correct","Correct","Correct","Correct"
"7",67,"5_6_stimuli","6_5","Incongruent","Incongruent","Congruent","Congruent",133.998446,134.198445,"5%",0.631066,"Correct","Correct","Correct","Correct"
"7",68,"7_8_stimuli","7_7","Congruent","Incongruent","Incongruent","Congruent",135.998425,136.198415,"7&",0.790708,"Correct","Correct","Correct","Correct"
"8",1,"1_2_stimuli","2_2","Congruent",NA,NA,NA,1.999997,2.199982,"3#",0.776796,"Error",NA,NA,NA
"8",2,"3_4_stimuli","4_3","Incongruent","Congruent",NA,NA,3.99996,4.199945,"3#",0.760769,"Correct","Error",NA,NA
"8",3,"5_6_stimuli","6_5","Incongruent","Incongruent","Congruent",NA,5.99994,6.199936,"5%",0.697321,"Correct","Correct","Error",NA
"8",4,"7_8_stimuli","8_7","Incongruent","Incongruent","Incongruent","Congruent",7.999909,8.199898,"7&",0.857363,"Correct","Correct","Correct","Error"
"8",5,"1_2_stimuli","1_2","Incongruent","Incongruent","Incongruent","Incongruent",9.999884,10.199883,"2@",0.697369,"Correct","Correct","Correct","Correct"
"8",6,"3_4_stimuli","4_4","Congruent","Incongruent","Incongruent","Incongruent",11.999858,12.199857,"4$",0.553394,"Correct","Correct","Correct","Correct"
"8",7,"5_6_stimuli","5_5","Congruent","Congruent","Incongruent","Incongruent",13.999844,14.199852,"5%",1.144868,"Correct","Correct","Correct","Correct"
"8",8,"7_8_stimuli","7_7","Congruent","Congruent","Congruent","Incongruent",15.99982,16.199813,"7&",0.664931,"Correct","Correct","Correct","Correct"
"8",9,"1_2_stimuli","1_2","Incongruent","Congruent","Congruent","Congruent",17.999792,18.199794,"2@",0.601297,"Correct","Correct","Correct","Correct"
"8",10,"3_4_stimuli","3_3","Congruent","Incongruent","Congruent","Congruent",19.999776,20.199762,"3#",1.080945,"Correct","Correct","Correct","Correct"
"8",11,"5_6_stimuli","6_5","Incongruent","Congruent","Incongruent","Congruent",21.999747,22.199742,"5%",0.681599,"Correct","Correct","Correct","Correct"
"8",12,"7_8_stimuli","8_8","Congruent","Incongruent","Congruent","Incongruent",23.999728,24.199716,"8*",0.585475,"Correct","Correct","Correct","Correct"
"8",13,"1_2_stimuli","2_1","Incongruent","Congruent","Incongruent","Congruent",25.999691,26.199704,"1!",0.616986,"Correct","Correct","Correct","Correct"
"8",14,"3_4_stimuli","4_3","Incongruent","Incongruent","Congruent","Incongruent",27.999663,28.19967,"3#",1.20962,"Correct","Correct","Correct","Correct"
"8",15,"5_6_stimuli","6_6","Congruent","Incongruent","Incongruent","Congruent",29.999648,30.199647,"6^",0.889012,"Correct","Correct","Correct","Correct"
"8",16,"7_8_stimuli","8_7","Incongruent","Congruent","Incongruent","Incongruent",31.999628,32.199629,"7&",0.745281,"Correct","Correct","Correct","Correct"
"8",17,"1_2_stimuli","1_2","Incongruent","Incongruent","Congruent","Incongruent",33.999594,34.199598,"2@",0.95354,"Correct","Correct","Correct","Correct"
"8",18,"3_4_stimuli","3_3","Congruent","Incongruent","Incongruent","Congruent",35.999585,36.199575,"3#",1.353092,"Correct","Correct","Correct","Correct"
"8",19,"5_6_stimuli","5_6","Incongruent","Congruent","Incongruent","Incongruent",37.999557,38.199556,"Omission",5000,"Omission","Correct","Correct","Correct"
"8",20,"7_8_stimuli","8_7","Incongruent","Incongruent","Congruent","Incongruent",39.999527,40.199541,"7&",0.6491,"Correct","Omission","Correct","Correct"
"8",21,"1_2_stimuli","1_1","Congruent","Incongruent","Incongruent","Congruent",41.999514,42.199499,"1!",0.569149,"Correct","Correct","Omission","Correct"
"8",22,"3_4_stimuli","4_4","Congruent","Congruent","Incongruent","Incongruent",43.999486,44.199492,"4$",0.841725,"Correct","Correct","Correct","Omission"
"8",23,"5_6_stimuli","6_6","Congruent","Congruent","Congruent","Incongruent",45.999464,46.199463,"6^",0.729064,"Correct","Correct","Correct","Correct"
"8",24,"7_8_stimuli","7_8","Incongruent","Congruent","Congruent","Congruent",47.999444,48.199435,"8*",0.825175,"Correct","Correct","Correct","Correct"
"8",25,"1_2_stimuli","2_2","Congruent","Incongruent","Congruent","Congruent",49.999418,50.199405,"3#",0.697571,"Error","Correct","Correct","Correct"
"8",26,"3_4_stimuli","3_4","Incongruent","Congruent","Incongruent","Congruent",51.99939,52.199383,"4$",1.337582,"Correct","Error","Correct","Correct"
"8",27,"5_6_stimuli","6_5","Incongruent","Incongruent","Congruent","Incongruent",53.999368,54.199368,"6^",1.27323,"Error","Correct","Error","Correct"
"8",28,"7_8_stimuli","8_8","Congruent","Incongruent","Incongruent","Congruent",55.999347,56.199346,"8*",0.585499,"Correct","Error","Correct","Error"
"8",29,"1_2_stimuli","2_1","Incongruent","Congruent","Incongruent","Incongruent",57.999322,58.199327,"1!",0.825749,"Correct","Correct","Error","Correct"
"8",30,"3_4_stimuli","3_3","Congruent","Incongruent","Congruent","Incongruent",59.999296,60.199301,"3#",0.825927,"Correct","Correct","Correct","Error"
"8",31,"5_6_stimuli","5_5","Congruent","Congruent","Incongruent","Congruent",61.999285,62.199268,"5%",0.713881,"Correct","Correct","Correct","Correct"
"8",32,"7_8_stimuli","7_8","Incongruent","Congruent","Congruent","Incongruent",63.999254,64.199248,"8*",0.777901,"Correct","Correct","Correct","Correct"
"8",33,"1_2_stimuli","2_1","Incongruent","Incongruent","Congruent","Congruent",65.999221,66.199227,"1!",0.601629,"Correct","Correct","Correct","Correct"
"8",34,"3_4_stimuli","4_3","Incongruent","Incongruent","Incongruent","Congruent",67.999203,68.199203,"3#",1.018054,"Correct","Correct","Correct","Correct"
"8",35,"5_6_stimuli","5_5","Congruent","Incongruent","Incongruent","Incongruent",69.99918,70.199173,"5%",0.665995,"Correct","Correct","Correct","Correct"
"8",36,"7_8_stimuli","7_7","Congruent","Congruent","Incongruent","Incongruent",71.999158,72.199157,"6^",0.857876,"Error","Correct","Correct","Correct"
"8",37,"1_2_stimuli","1_2","Incongruent","Congruent","Congruent","Incongruent",73.999135,74.199127,"2@",0.77779,"Correct","Error","Correct","Correct"
"8",38,"3_4_stimuli","3_4","Incongruent","Incongruent","Congruent","Congruent",75.999106,76.199113,"4$",0.921943,"Correct","Correct","Error","Correct"
"8",39,"5_6_stimuli","6_5","Incongruent","Incongruent","Incongruent","Congruent",77.999081,78.199082,"5%",1.369895,"Correct","Correct","Correct","Error"
"8",40,"7_8_stimuli","7_7","Congruent","Incongruent","Incongruent","Incongruent",79.999063,80.199055,"7&",0.985429,"Correct","Correct","Correct","Correct"
"8",41,"1_2_stimuli","1_1","Congruent","Congruent","Incongruent","Incongruent",81.999045,82.199025,"1!",0.489459,"Correct","Correct","Correct","Correct"
"8",42,"3_4_stimuli","3_4","Incongruent","Congruent","Congruent","Incongruent",83.99902,84.199006,"4$",0.793552,"Correct","Correct","Correct","Correct"
"8",43,"5_6_stimuli","5_5","Congruent","Incongruent","Congruent","Congruent",85.998997,86.198994,"5%",1.049486,"Correct","Correct","Correct","Correct"
"8",44,"7_8_stimuli","8_7","Incongruent","Congruent","Incongruent","Congruent",87.998963,88.198972,"7&",0.873512,"Correct","Correct","Correct","Correct"
"8",45,"1_2_stimuli","2_2","Congruent","Incongruent","Congruent","Incongruent",89.99895,90.198945,"3#",0.650048,"Error","Correct","Correct","Correct"
"8",46,"3_4_stimuli","4_4","Congruent","Congruent","Incongruent","Congruent",91.998923,92.198924,"4$",0.617578,"Correct","Error","Correct","Correct"
"8",47,"5_6_stimuli","5_6","Incongruent","Congruent","Congruent","Incongruent",93.998896,94.198893,"Omission",5000,"Omission","Correct","Error","Correct"
"8",48,"7_8_stimuli","8_8","Congruent","Incongruent","Congruent","Congruent",95.998881,96.198869,"8*",0.569608,"Correct","Omission","Correct","Error"
"8",49,"1_2_stimuli","1_1","Congruent","Congruent","Incongruent","Congruent",97.998854,98.198853,"1!",0.473537,"Correct","Correct","Omission","Correct"
"8",50,"3_4_stimuli","4_4","Congruent","Congruent","Congruent","Incongruent",99.99884,100.198825,"4$",0.665917,"Correct","Correct","Correct","Omission"
"8",51,"5_6_stimuli","6_6","Congruent","Congruent","Congruent","Congruent",101.998806,102.198808,"6^",1.033656,"Correct","Correct","Correct","Correct"
"8",52,"7_8_stimuli","7_7","Congruent","Congruent","Congruent","Congruent",103.998787,104.198773,"7&",0.809671,"Correct","Correct","Correct","Correct"
"8",53,"1_2_stimuli","2_2","Congruent","Congruent","Congruent","Congruent",105.998763,106.198751,"2@",0.665689,"Correct","Correct","Correct","Correct"
"8",54,"3_4_stimuli","4_3","Incongruent","Congruent","Congruent","Congruent",107.998729,108.198733,"3#",0.697703,"Correct","Correct","Correct","Correct"
"8",55,"5_6_stimuli","6_5","Incongruent","Incongruent","Congruent","Congruent",109.99871,110.198703,"5%",0.810127,"Correct","Correct","Correct","Correct"
"8",56,"7_8_stimuli","8_7","Incongruent","Incongruent","Incongruent","Congruent",111.998691,112.198685,"7&",0.874018,"Correct","Correct","Correct","Correct"
"8",57,"1_2_stimuli","2_2","Congruent","Incongruent","Incongruent","Incongruent",113.998669,114.198659,"2@",0.50611,"Correct","Correct","Correct","Correct"
"8",58,"3_4_stimuli","4_3","Incongruent","Congruent","Incongruent","Incongruent",115.998644,116.198632,"3#",0.841753,"Correct","Correct","Correct","Correct"
"8",59,"5_6_stimuli","6_6","Congruent","Incongruent","Congruent","Incongruent",117.998617,118.19862,"6^",1.498246,"Correct","Correct","Correct","Correct"
"8",60,"7_8_stimuli","8_8","Congruent","Congruent","Incongruent","Congruent",119.998606,120.198592,"8*",1.369923,"Correct","Correct","Correct","Correct"
"8",61,"1_2_stimuli","1_1","Congruent","Congruent","Congruent","Incongruent",121.998573,122.198571,"1!",0.553808,"Correct","Correct","Correct","Correct"
"8",62,"3_4_stimuli","3_3","Congruent","Congruent","Congruent","Congruent",123.998545,124.198548,"3#",1.161825,"Correct","Correct","Correct","Correct"
"8",63,"5_6_stimuli","5_6","Incongruent","Congruent","Congruent","Congruent",125.99852,126.198518,"6^",0.697875,"Correct","Correct","Correct","Correct"
"8",64,"7_8_stimuli","7_8","Incongruent","Incongruent","Congruent","Congruent",127.998501,128.1985,"Omission",5000,"Omission","Correct","Correct","Correct"
"8",65,"1_2_stimuli","2_1","Incongruent","Incongruent","Incongruent","Congruent",129.998482,130.198482,"1!",1.274357,"Correct","Omission","Correct","Correct"
"8",66,"3_4_stimuli","3_4","Incongruent","Incongruent","Incongruent","Incongruent",131.998449,132.198444,"4$",0.682098,"Correct","Correct","Omission","Correct"
"8",67,"5_6_stimuli","5_6","Incongruent","Incongruent","Incongruent","Incongruent",133.998425,134.198433,"6^",1.033919,"Correct","Correct","Correct","Omission"
"8",68,"7_8_stimuli","7_8","Incongruent","Incongruent","Incongruent","Incongruent",135.998402,136.198403,"7&",0.794576,"Error","Correct","Correct","Correct"
"9",1,"1_2_stimuli","1_2","Incongruent",NA,NA,NA,1.99998,2.19998,"1!",0.567346,"Error",NA,NA,NA
"9",2,"3_4_stimuli","3_4","Incongruent","Incongruent",NA,NA,3.99995,4.199959,"Omission",5000,"Omission","Error",NA,NA
"9",3,"5_6_stimuli","5_6","Incongruent","Incongruent","Incongruent",NA,5.999929,6.199934,"6^",0.742905,"Correct","Omission","Error",NA
"9",4,"7_8_stimuli","7_8","Incongruent","Incongruent","Incongruent","Incongruent",7.999908,8.199917,"8*",0.551532,"Correct","Correct","Omission","Error"
"9",5,"1_2_stimuli","1_1","Congruent","Incongruent","Incongruent","Incongruent",9.999886,10.199892,"1!",0.470923,"Correct","Correct","Correct","Omission"
"9",6,"3_4_stimuli","3_3","Congruent","Congruent","Incongruent","Incongruent",11.999862,12.199863,"3#",0.487379,"Correct","Correct","Correct","Correct"
"9",7,"5_6_stimuli","5_6","Incongruent","Congruent","Congruent","Incongruent",13.999843,14.199836,"6^",1.079335,"Correct","Correct","Correct","Correct"
"9",8,"7_8_stimuli","8_8","Congruent","Incongruent","Congruent","Congruent",15.999817,16.199825,"8*",0.50301,"Correct","Correct","Correct","Correct"
"9",9,"1_2_stimuli","1_1","Congruent","Congruent","Incongruent","Congruent",17.999794,18.199803,"1!",0.550979,"Correct","Correct","Correct","Correct"
"9",10,"3_4_stimuli","4_3","Incongruent","Congruent","Congruent","Incongruent",19.999764,20.199761,"3#",0.80734,"Correct","Correct","Correct","Correct"
"9",11,"5_6_stimuli","5_5","Congruent","Incongruent","Congruent","Congruent",21.999742,22.199744,"5%",1.271676,"Correct","Correct","Correct","Correct"
"9",12,"7_8_stimuli","7_8","Incongruent","Congruent","Incongruent","Congruent",23.999718,24.199728,"8*",0.999311,"Correct","Correct","Correct","Correct"
"9",13,"1_2_stimuli","2_2","Congruent","Incongruent","Congruent","Incongruent",25.999709,26.19969,"2@",0.71151,"Correct","Correct","Correct","Correct"
"9",14,"3_4_stimuli","4_4","Congruent","Congruent","Incongruent","Congruent",27.999676,28.199675,"4$",0.791675,"Correct","Correct","Correct","Correct"
"9",15,"5_6_stimuli","5_5","Congruent","Congruent","Congruent","Incongruent",29.99965,30.199648,"5%",0.807533,"Correct","Correct","Correct","Correct"
"9",16,"7_8_stimuli","8_7","Incongruent","Congruent","Congruent","Congruent",31.999628,32.199627,"7&",0.855396,"Correct","Correct","Correct","Correct"
"9",17,"1_2_stimuli","1_1","Congruent","Incongruent","Congruent","Congruent",33.999605,34.199612,"1!",0.519617,"Correct","Correct","Correct","Correct"
"9",18,"3_4_stimuli","3_4","Incongruent","Congruent","Incongruent","Congruent",35.999592,36.199584,"4$",0.663468,"Correct","Correct","Correct","Correct"
"9",19,"5_6_stimuli","5_6","Incongruent","Incongruent","Congruent","Incongruent",37.999557,38.199555,"6^",0.823149,"Correct","Correct","Correct","Correct"
"9",20,"7_8_stimuli","7_7","Congruent","Incongruent","Incongruent","Congruent",39.99954,40.199542,"7&",0.760119,"Correct","Correct","Correct","Correct"
"9",21,"1_2_stimuli","2_2","Congruent","Congruent","Incongruent","Incongruent",41.999509,42.199508,"2@",0.583579,"Correct","Correct","Correct","Correct"
"9",22,"3_4_stimuli","3_3","Congruent","Congruent","Congruent","Incongruent",43.999493,44.199493,"4$",0.551575,"Error","Correct","Correct","Correct"
"9",23,"5_6_stimuli","6_6","Congruent","Congruent","Congruent","Congruent",45.999468,46.199467,"6^",0.743222,"Correct","Error","Correct","Correct"
"9",24,"7_8_stimuli","8_8","Congruent","Congruent","Congruent","Congruent",47.999449,48.199444,"8*",0.519243,"Correct","Correct","Error","Correct"
"9",25,"1_2_stimuli","2_1","Incongruent","Congruent","Congruent","Congruent",49.999424,50.199408,"1!",0.727486,"Correct","Correct","Correct","Error"
"9",26,"3_4_stimuli","4_4","Congruent","Incongruent","Congruent","Congruent",51.999394,52.199384,"4$",0.663744,"Correct","Correct","Correct","Correct"
"9",27,"5_6_stimuli","5_6","Incongruent","Congruent","Incongruent","Congruent",53.999361,54.199363,"6^",0.679309,"Correct","Correct","Correct","Correct"
"9",28,"7_8_stimuli","7_7","Congruent","Incongruent","Congruent","Incongruent",55.999346,56.199347,"7&",0.807319,"Correct","Correct","Correct","Correct"
"9",29,"1_2_stimuli","1_2","Incongruent","Congruent","Incongruent","Congruent",57.999326,58.199329,"2@",0.679367,"Correct","Correct","Correct","Correct"
"9",30,"3_4_stimuli","4_3","Incongruent","Incongruent","Congruent","Incongruent",59.999298,60.1993,"3#",0.647732,"Correct","Correct","Correct","Correct"
"9",31,"5_6_stimuli","6_6","Congruent","Incongruent","Incongruent","Congruent",61.999268,62.199274,"6^",0.711909,"Correct","Correct","Correct","Correct"
"9",32,"7_8_stimuli","7_8","Incongruent","Congruent","Incongruent","Incongruent",63.999246,64.199249,"8*",0.583401,"Correct","Correct","Correct","Correct"
"9",33,"1_2_stimuli","2_1","Incongruent","Incongruent","Congruent","Incongruent",65.999232,66.19923,"2@",0.823388,"Error","Correct","Correct","Correct"
"9",34,"3_4_stimuli","4_3","Incongruent","Incongruent","Incongruent","Congruent",67.99921,68.199206,"2@",0.71176,"Error","Error","Correct","Correct"
"9",35,"5_6_stimuli","6_6","Congruent","Incongruent","Incongruent","Incongruent",69.999182,70.199177,"6^",1.319873,"Correct","Error","Error","Correct"
"9",36,"7_8_stimuli","8_8","Congruent","Congruent","Incongruent","Incongruent",71.999158,72.199153,"8*",0.775419,"Correct","Correct","Error","Error"
"9",37,"1_2_stimuli","2_1","Incongruent","Congruent","Congruent","Incongruent",73.999136,74.199123,"1!",0.776056,"Correct","Correct","Correct","Error"
"9",38,"3_4_stimuli","3_4","Incongruent","Incongruent","Congruent","Congruent",75.999106,76.199106,"4$",0.967507,"Correct","Correct","Correct","Correct"
"9",39,"5_6_stimuli","6_5","Incongruent","Incongruent","Incongruent","Congruent",77.99909,78.199086,"5%",0.615863,"Correct","Correct","Correct","Correct"
"9",40,"7_8_stimuli","8_7","Incongruent","Incongruent","Incongruent","Incongruent",79.999066,80.199057,"7&",1.448595,"Correct","Correct","Correct","Correct"
"9",41,"1_2_stimuli","2_1","Incongruent","Incongruent","Incongruent","Incongruent",81.99906,82.199038,"1!",0.567498,"Correct","Correct","Correct","Correct"
"9",42,"3_4_stimuli","4_4","Congruent","Incongruent","Incongruent","Incongruent",83.999015,84.199009,"4$",0.648025,"Correct","Correct","Correct","Correct"
"9",43,"5_6_stimuli","5_5","Congruent","Congruent","Incongruent","Incongruent",85.998994,86.198989,"5%",0.504015,"Correct","Correct","Correct","Correct"
"9",44,"7_8_stimuli","7_8","Incongruent","Congruent","Congruent","Incongruent",87.998966,88.198959,"7&",0.519612,"Error","Correct","Correct","Correct"
"9",45,"1_2_stimuli","1_2","Incongruent","Incongruent","Congruent","Congruent",89.998949,90.198948,"2@",0.887605,"Correct","Error","Correct","Correct"
"9",46,"3_4_stimuli","4_4","Congruent","Incongruent","Incongruent","Congruent",91.998923,92.19891,"4$",0.647648,"Correct","Correct","Error","Correct"
"9",47,"5_6_stimuli","6_5","Incongruent","Congruent","Incongruent","Incongruent",93.998896,94.198895,"5%",0.776161,"Correct","Correct","Correct","Error"
"9",48,"7_8_stimuli","7_8","Incongruent","Incongruent","Congruent","Incongruent",95.998879,96.198871,"8*",0.664205,"Correct","Correct","Correct","Correct"
"9",49,"1_2_stimuli","2_2","Congruent","Incongruent","Incongruent","Congruent",97.998843,98.198852,"2@",0.58375,"Correct","Correct","Correct","Correct"
"9",50,"3_4_stimuli","3_4","Incongruent","Congruent","Incongruent","Incongruent",99.998827,100.198822,"4$",0.343728,"Correct","Correct","Correct","Correct"
"9",51,"5_6_stimuli","6_6","Congruent","Incongruent","Congruent","Incongruent",101.9988,102.198794,"6^",0.75972,"Correct","Correct","Correct","Correct"
"9",52,"7_8_stimuli","7_7","Congruent","Congruent","Incongruent","Congruent",103.998773,104.198776,"8*",0.488062,"Error","Correct","Correct","Correct"
"9",53,"1_2_stimuli","1_1","Congruent","Congruent","Congruent","Incongruent",105.998752,106.198755,"1!",0.616291,"Correct","Error","Correct","Correct"
"9",54,"3_4_stimuli","3_3","Congruent","Congruent","Congruent","Congruent",107.998732,108.198723,"3#",1.080352,"Correct","Correct","Error","Correct"
"9",55,"5_6_stimuli","5_6","Incongruent","Congruent","Congruent","Congruent",109.998714,110.198706,"6^",0.807784,"Correct","Correct","Correct","Error"
"9",56,"7_8_stimuli","8_7","Incongruent","Incongruent","Congruent","Congruent",111.998686,112.198685,"7&",0.75978,"Correct","Correct","Correct","Correct"
"9",57,"1_2_stimuli","1_2","Incongruent","Incongruent","Incongruent","Congruent",113.998655,114.198668,"2@",0.968475,"Correct","Correct","Correct","Correct"
"9",58,"3_4_stimuli","4_3","Incongruent","Incongruent","Incongruent","Incongruent",115.998633,116.198639,"4$",0.695852,"Error","Correct","Correct","Correct"
"9",59,"5_6_stimuli","6_5","Incongruent","Incongruent","Incongruent","Incongruent",117.998617,118.198613,"5%",0.664536,"Correct","Error","Correct","Correct"
"9",60,"7_8_stimuli","7_7","Congruent","Incongruent","Incongruent","Incongruent",119.998585,120.198592,"7&",0.823815,"Correct","Correct","Error","Correct"
"9",61,"1_2_stimuli","1_2","Incongruent","Congruent","Incongruent","Incongruent",121.998568,122.198566,"2@",0.904192,"Correct","Correct","Correct","Error"
"9",62,"3_4_stimuli","3_3","Congruent","Incongruent","Congruent","Incongruent",123.998543,124.198547,"3#",1.112265,"Correct","Correct","Correct","Correct"
"9",63,"5_6_stimuli","5_5","Congruent","Congruent","Incongruent","Congruent",125.998525,126.198518,"5%",1.096275,"Correct","Correct","Correct","Correct"
"9",64,"7_8_stimuli","8_8","Congruent","Congruent","Congruent","Incongruent",127.998499,128.198491,"8*",0.664607,"Correct","Correct","Correct","Correct"
"9",65,"1_2_stimuli","2_2","Congruent","Congruent","Congruent","Congruent",129.998468,130.198466,"3#",1.048369,"Error","Correct","Correct","Correct"
"9",66,"3_4_stimuli","3_4","Incongruent","Congruent","Congruent","Congruent",131.998445,132.198452,"4$",0.920028,"Correct","Error","Correct","Correct"
"9",67,"5_6_stimuli","6_5","Incongruent","Incongruent","Congruent","Congruent",133.998432,134.198431,"Omission",5000,"Omission","Correct","Error","Correct"
"9",68,"7_8_stimuli","8_7","Incongruent","Incongruent","Incongruent","Congruent",135.998408,136.198404,"7&",0.856015,"Correct","Omission","Correct","Error"
"10",1,"1_2_stimuli","2_1","Incongruent",NA,NA,NA,1.999976,2.199967,"1!",0.996238,"Correct",NA,NA,NA
"10",2,"3_4_stimuli","4_4","Congruent","Incongruent",NA,NA,3.999947,4.199941,"4$",0.612303,"Correct","Correct",NA,NA
"10",3,"5_6_stimuli","5_5","Congruent","Congruent","Incongruent",NA,5.999931,6.199916,"5%",0.996259,"Correct","Correct","Correct",NA
"10",4,"7_8_stimuli","8_7","Incongruent","Congruent","Congruent","Incongruent",7.999896,8.199895,"7&",0.756253,"Correct","Correct","Correct","Correct"
"10",5,"1_2_stimuli","2_2","Congruent","Incongruent","Congruent","Congruent",9.999879,10.199884,"2@",0.93272,"Correct","Correct","Correct","Correct"
"10",6,"3_4_stimuli","4_3","Incongruent","Congruent","Incongruent","Congruent",11.999851,12.199852,"3#",0.772832,"Correct","Correct","Correct","Correct"
"10",7,"5_6_stimuli","6_5","Incongruent","Incongruent","Congruent","Incongruent",13.99983,14.199824,"5%",0.740777,"Correct","Correct","Correct","Correct"
"10",8,"7_8_stimuli","7_7","Congruent","Incongruent","Incongruent","Congruent",15.999814,16.199801,"7&",0.564802,"Correct","Correct","Correct","Correct"
"10",9,"1_2_stimuli","2_2","Congruent","Congruent","Incongruent","Incongruent",17.99978,18.199783,"2@",0.516362,"Correct","Correct","Correct","Correct"
"10",10,"3_4_stimuli","3_3","Congruent","Congruent","Congruent","Incongruent",19.999764,20.199766,"3#",0.932693,"Correct","Correct","Correct","Correct"
"10",11,"5_6_stimuli","6_5","Incongruent","Congruent","Congruent","Congruent",21.99974,22.19974,"5%",0.580964,"Correct","Correct","Correct","Correct"
"10",12,"7_8_stimuli","7_7","Congruent","Incongruent","Congruent","Congruent",23.999708,24.199712,"7&",0.660825,"Correct","Correct","Correct","Correct"
"10",13,"1_2_stimuli","1_1","Congruent","Congruent","Incongruent","Congruent",25.999689,26.199684,"1!",0.500647,"Correct","Correct","Correct","Correct"
"10",14,"3_4_stimuli","3_4","Incongruent","Congruent","Congruent","Incongruent",27.999663,28.199665,"4$",1.125085,"Correct","Correct","Correct","Correct"
"10",15,"5_6_stimuli","6_5","Incongruent","Incongruent","Congruent","Congruent",29.999638,30.199643,"5%",0.468987,"Correct","Correct","Correct","Correct"
"10",16,"7_8_stimuli","7_8","Incongruent","Incongruent","Incongruent","Congruent",31.999616,32.199614,"8*",0.644513,"Correct","Correct","Correct","Correct"
"10",17,"1_2_stimuli","1_1","Congruent","Incongruent","Incongruent","Incongruent",33.999585,34.199589,"1!",0.484537,"Correct","Correct","Correct","Correct"
"10",18,"3_4_stimuli","3_4","Incongruent","Congruent","Incongruent","Incongruent",35.999576,36.199565,"4$",0.532522,"Correct","Correct","Correct","Correct"
"10",19,"5_6_stimuli","6_6","Congruent","Incongruent","Congruent","Incongruent",37.999548,38.199553,"6^",0.756612,"Correct","Correct","Correct","Correct"
"10",20,"7_8_stimuli","8_8","Congruent","Congruent","Incongruent","Congruent",39.99953,40.199528,"8*",0.548611,"Correct","Correct","Correct","Correct"
"10",21,"1_2_stimuli","1_2","Incongruent","Congruent","Congruent","Incongruent",41.999501,42.199498,"2@",0.468586,"Correct","Correct","Correct","Correct"
"10",22,"3_4_stimuli","3_4","Incongruent","Incongruent","Congruent","Congruent",43.999465,44.199469,"4$",0.340631,"Correct","Correct","Correct","Correct"
"10",23,"5_6_stimuli","5_5","Congruent","Incongruent","Incongruent","Congruent",45.999442,46.199448,"5%",0.452971,"Correct","Correct","Correct","Correct"
"10",24,"7_8_stimuli","8_7","Incongruent","Congruent","Incongruent","Incongruent",47.999433,48.199426,"7&",0.933048,"Correct","Correct","Correct","Correct"
"10",25,"1_2_stimuli","2_2","Congruent","Incongruent","Congruent","Incongruent",49.999395,50.1994,"2@",0.660596,"Correct","Correct","Correct","Correct"
"10",26,"3_4_stimuli","3_3","Congruent","Congruent","Incongruent","Congruent",51.99938,52.199378,"3#",0.596684,"Correct","Correct","Correct","Correct"
"10",27,"5_6_stimuli","5_6","Incongruent","Congruent","Congruent","Incongruent",53.999349,54.199354,"6^",0.773207,"Correct","Correct","Correct","Correct"
"10",28,"7_8_stimuli","8_7","Incongruent","Incongruent","Congruent","Congruent",55.999339,56.199332,"7&",0.724754,"Correct","Correct","Correct","Correct"
"10",29,"1_2_stimuli","2_1","Incongruent","Incongruent","Incongruent","Congruent",57.999311,58.199304,"1!",0.66133,"Correct","Correct","Correct","Correct"
"10",30,"3_4_stimuli","3_3","Congruent","Incongruent","Incongruent","Incongruent",59.999283,60.199288,"3#",0.676793,"Correct","Correct","Correct","Correct"
"10",31,"5_6_stimuli","6_6","Congruent","Congruent","Incongruent","Incongruent",61.999266,62.199262,"6^",1.076787,"Correct","Correct","Correct","Correct"
"10",32,"7_8_stimuli","8_7","Incongruent","Congruent","Congruent","Incongruent",63.99923,64.199246,"7&",0.660786,"Correct","Correct","Correct","Correct"
"10",33,"1_2_stimuli","1_2","Incongruent","Incongruent","Congruent","Congruent",65.999214,66.199205,"2@",0.612949,"Correct","Correct","Correct","Correct"
"10",34,"3_4_stimuli","4_4","Congruent","Incongruent","Incongruent","Congruent",67.999192,68.199184,"4$",0.693048,"Correct","Correct","Correct","Correct"
"10",35,"5_6_stimuli","5_6","Incongruent","Congruent","Incongruent","Incongruent",69.999159,70.199163,"6^",0.805303,"Correct","Correct","Correct","Correct"
"10",36,"7_8_stimuli","7_7","Congruent","Incongruent","Congruent","Incongruent",71.999155,72.199143,"7&",0.724853,"Correct","Correct","Correct","Correct"
"10",37,"1_2_stimuli","2_1","Incongruent","Congruent","Incongruent","Congruent",73.999127,74.199119,"1!",0.437316,"Correct","Correct","Correct","Correct"
"10",38,"3_4_stimuli","4_4","Congruent","Incongruent","Congruent","Incongruent",75.999094,76.199101,"4$",0.581429,"Correct","Correct","Correct","Correct"
"10",39,"5_6_stimuli","5_5","Congruent","Congruent","Incongruent","Congruent",77.999074,78.199073,"5%",0.724979,"Correct","Correct","Correct","Correct"
"10",40,"7_8_stimuli","8_8","Congruent","Congruent","Congruent","Incongruent",79.99905,80.199045,"8*",0.61356,"Correct","Correct","Correct","Correct"
"10",41,"1_2_stimuli","1_1","Congruent","Congruent","Congruent","Congruent",81.999028,82.199015,"1!",0.581256,"Correct","Correct","Correct","Correct"
"10",42,"3_4_stimuli","4_3","Incongruent","Congruent","Congruent","Congruent",83.999003,84.199005,"3#",0.709335,"Correct","Correct","Correct","Correct"
"10",43,"5_6_stimuli","6_6","Congruent","Incongruent","Congruent","Congruent",85.998977,86.198972,"6^",0.596967,"Correct","Correct","Correct","Correct"
"10",44,"7_8_stimuli","8_7","Incongruent","Congruent","Incongruent","Congruent",87.998954,88.198953,"7&",0.838077,"Correct","Correct","Correct","Correct"
"10",45,"1_2_stimuli","1_2","Incongruent","Incongruent","Congruent","Incongruent",89.998923,90.198932,"3#",0.612997,"Error","Correct","Correct","Correct"
"10",46,"3_4_stimuli","4_3","Incongruent","Incongruent","Incongruent","Congruent",91.998908,92.198897,"3#",1.221637,"Correct","Error","Correct","Correct"
"10",47,"5_6_stimuli","5_6","Incongruent","Incongruent","Incongruent","Incongruent",93.998884,94.198885,"Omission",5000,"Omission","Correct","Error","Correct"
"10",48,"7_8_stimuli","8_8","Congruent","Incongruent","Incongruent","Incongruent",95.998859,96.19885,"8*",0.645066,"Correct","Omission","Correct","Error"
"10",49,"1_2_stimuli","1_2","Incongruent","Congruent","Incongruent","Incongruent",97.998831,98.198838,"2@",0.869091,"Correct","Correct","Omission","Correct"
"10",50,"3_4_stimuli","4_3","Incongruent","Incongruent","Congruent","Incongruent",99.998806,100.198814,"3#",0.597623,"Correct","Correct","Correct","Omission"
"10",51,"5_6_stimuli","5_6","Incongruent","Incongruent","Incongruent","Congruent",101.998789,102.198791,"6^",0.661665,"Correct","Correct","Correct","Correct"
"10",52,"7_8_stimuli","7_8","Incongruent","Incongruent","Incongruent","Incongruent",103.998765,104.198768,"8*",0.581144,"Correct","Correct","Correct","Correct"
"10",53,"1_2_stimuli","2_1","Incongruent","Incongruent","Incongruent","Incongruent",105.998753,106.198739,"1!",0.501194,"Correct","Correct","Correct","Correct"
"10",54,"3_4_stimuli","3_4","Incongruent","Incongruent","Incongruent","Incongruent",107.998719,108.19871,"4$",0.373621,"Correct","Correct","Correct","Correct"
"10",55,"5_6_stimuli","5_5","Congruent","Incongruent","Incongruent","Incongruent",109.998697,110.198693,"5%",1.093181,"Correct","Correct","Correct","Correct"
"10",56,"7_8_stimuli","8_8","Congruent","Congruent","Incongruent","Incongruent",111.998664,112.198671,"8*",0.501646,"Correct","Correct","Correct","Correct"
"10",57,"1_2_stimuli","1_1","Congruent","Congruent","Congruent","Incongruent",113.998648,114.198646,"1!",0.373217,"Correct","Correct","Correct","Correct"
"10",58,"3_4_stimuli","4_4","Congruent","Congruent","Congruent","Congruent",115.998624,116.198624,"3#",0.43755,"Error","Correct","Correct","Correct"
"10",59,"5_6_stimuli","5_5","Congruent","Congruent","Congruent","Congruent",117.998595,118.198598,"5%",0.645563,"Correct","Error","Correct","Correct"
"10",60,"7_8_stimuli","7_7","Congruent","Congruent","Congruent","Congruent",119.998571,120.198574,"7&",0.821317,"Correct","Correct","Error","Correct"
"10",61,"1_2_stimuli","2_1","Incongruent","Congruent","Congruent","Congruent",121.998564,122.198555,"1!",0.741834,"Correct","Correct","Correct","Error"
"10",62,"3_4_stimuli","3_3","Congruent","Incongruent","Congruent","Congruent",123.998537,124.198529,"3#",0.709337,"Correct","Correct","Correct","Correct"
"10",63,"5_6_stimuli","6_5","Incongruent","Congruent","Incongruent","Congruent",125.998507,126.198503,"5%",0.645828,"Correct","Correct","Correct","Correct"
"10",64,"7_8_stimuli","7_8","Incongruent","Incongruent","Congruent","Incongruent",127.998484,128.198486,"8*",0.597482,"Correct","Correct","Correct","Correct"
"10",65,"1_2_stimuli","2_2","Congruent","Incongruent","Incongruent","Congruent",129.998466,130.198465,"2@",1.173347,"Correct","Correct","Correct","Correct"
"10",66,"3_4_stimuli","4_4","Congruent","Congruent","Incongruent","Incongruent",131.998432,132.198442,"4$",0.597925,"Correct","Correct","Correct","Correct"
"10",67,"5_6_stimuli","6_6","Congruent","Congruent","Congruent","Incongruent",133.998419,134.198404,"6^",1.045376,"Correct","Correct","Correct","Correct"
"10",68,"7_8_stimuli","7_8","Incongruent","Congruent","Congruent","Congruent",135.998411,136.198382,"8*",0.69359,"Correct","Correct","Correct","Correct"
"11",1,"1_2_stimuli","2_1","Incongruent",NA,NA,NA,1.999989,2.199981,"2@",0.719646,"Error",NA,NA,NA
"11",2,"3_4_stimuli","3_4","Incongruent","Incongruent",NA,NA,3.99997,4.199957,"4$",0.719922,"Correct","Error",NA,NA
"11",3,"5_6_stimuli","5_5","Congruent","Incongruent","Incongruent",NA,5.999934,6.199936,"5%",0.76824,"Correct","Correct","Error",NA
"11",4,"7_8_stimuli","7_8","Incongruent","Congruent","Incongruent","Incongruent",7.999919,8.199902,"8*",0.511675,"Correct","Correct","Correct","Error"
"11",5,"1_2_stimuli","1_1","Congruent","Incongruent","Congruent","Incongruent",9.999894,10.199897,"1!",0.448171,"Correct","Correct","Correct","Correct"
"11",6,"3_4_stimuli","4_3","Incongruent","Congruent","Incongruent","Congruent",11.999868,12.199861,"3#",0.575702,"Correct","Correct","Correct","Correct"
"11",7,"5_6_stimuli","6_5","Incongruent","Incongruent","Congruent","Incongruent",13.999852,14.199841,"5%",0.463736,"Correct","Correct","Correct","Correct"
"11",8,"7_8_stimuli","7_8","Incongruent","Incongruent","Incongruent","Congruent",15.999832,16.199825,"8*",0.576244,"Correct","Correct","Correct","Correct"
"11",9,"1_2_stimuli","2_2","Congruent","Incongruent","Incongruent","Incongruent",17.999808,18.199799,"2@",0.592157,"Correct","Correct","Correct","Correct"
"11",10,"3_4_stimuli","4_4","Congruent","Congruent","Incongruent","Incongruent",19.999776,20.199774,"4$",0.575792,"Correct","Correct","Correct","Correct"
"11",11,"5_6_stimuli","5_5","Congruent","Congruent","Congruent","Incongruent",21.999747,22.199752,"5%",0.512132,"Correct","Correct","Correct","Correct"
"11",12,"7_8_stimuli","8_7","Incongruent","Congruent","Congruent","Congruent",23.999722,24.199737,"7&",0.672093,"Correct","Correct","Correct","Correct"
"11",13,"1_2_stimuli","2_2","Congruent","Incongruent","Congruent","Congruent",25.999709,26.199705,"2@",0.720466,"Correct","Correct","Correct","Correct"
"11",14,"3_4_stimuli","3_3","Congruent","Congruent","Incongruent","Congruent",27.999685,28.19968,"3#",0.864449,"Correct","Correct","Correct","Correct"
"11",15,"5_6_stimuli","6_5","Incongruent","Congruent","Congruent","Incongruent",29.999664,30.199659,"5%",0.863873,"Correct","Correct","Correct","Correct"
"11",16,"7_8_stimuli","7_7","Congruent","Incongruent","Congruent","Congruent",31.999639,32.199643,"7&",0.752222,"Correct","Correct","Correct","Correct"
"11",17,"1_2_stimuli","2_2","Congruent","Congruent","Incongruent","Congruent",33.999612,34.199619,"2@",0.655903,"Correct","Correct","Correct","Correct"
"11",18,"3_4_stimuli","4_3","Incongruent","Congruent","Congruent","Incongruent",35.99959,36.199581,"3#",0.816318,"Correct","Correct","Correct","Correct"
"11",19,"5_6_stimuli","6_6","Congruent","Incongruent","Congruent","Congruent",37.999566,38.199561,"5%",0.831909,"Error","Correct","Correct","Correct"
"11",20,"7_8_stimuli","8_7","Incongruent","Congruent","Incongruent","Congruent",39.999543,40.19955,"7&",1.407994,"Correct","Error","Correct","Correct"
"11",21,"1_2_stimuli","1_2","Incongruent","Incongruent","Congruent","Incongruent",41.999512,42.199521,"2@",1.008418,"Correct","Correct","Error","Correct"
"11",22,"3_4_stimuli","4_4","Congruent","Incongruent","Incongruent","Congruent",43.999497,44.199496,"4$",1.056576,"Correct","Correct","Correct","Error"
"11",23,"5_6_stimuli","5_6","Incongruent","Congruent","Incongruent","Incongruent",45.999479,46.199477,"6^",0.864437,"Correct","Correct","Correct","Correct"
"11",24,"7_8_stimuli","8_8","Congruent","Incongruent","Congruent","Incongruent",47.999449,48.199457,"8*",0.656052,"Correct","Correct","Correct","Correct"
"11",25,"1_2_stimuli","2_1","Incongruent","Congruent","Incongruent","Congruent",49.999423,50.199421,"1!",1.072035,"Correct","Correct","Correct","Correct"
"11",26,"3_4_stimuli","4_4","Congruent","Incongruent","Congruent","Incongruent",51.999403,52.199397,"4$",1.216321,"Correct","Correct","Correct","Correct"
"11",27,"5_6_stimuli","5_5","Congruent","Congruent","Incongruent","Congruent",53.99937,54.199377,"5%",0.720528,"Correct","Correct","Correct","Correct"
"11",28,"7_8_stimuli","8_8","Congruent","Congruent","Congruent","Incongruent",55.999352,56.199355,"8*",0.608456,"Correct","Correct","Correct","Correct"
"11",29,"1_2_stimuli","1_2","Incongruent","Congruent","Congruent","Congruent",57.999328,58.199333,"2@",0.736502,"Correct","Correct","Correct","Correct"
"11",30,"3_4_stimuli","3_3","Congruent","Incongruent","Congruent","Congruent",59.999302,60.199309,"3#",0.672147,"Correct","Correct","Correct","Correct"
"11",31,"5_6_stimuli","5_6","Incongruent","Congruent","Incongruent","Congruent",61.999287,62.199283,"6^",1.008154,"Correct","Correct","Correct","Correct"
"11",32,"7_8_stimuli","8_7","Incongruent","Incongruent","Congruent","Incongruent",63.999259,64.199257,"7&",0.656478,"Correct","Correct","Correct","Correct"
"11",33,"1_2_stimuli","1_1","Congruent","Incongruent","Incongruent","Congruent",65.999239,66.19923,"1!",0.672562,"Correct","Correct","Correct","Correct"
"11",34,"3_4_stimuli","3_4","Incongruent","Congruent","Incongruent","Incongruent",67.99921,68.199211,"4$",0.720132,"Correct","Correct","Correct","Correct"
"11",35,"5_6_stimuli","5_5","Congruent","Incongruent","Congruent","Incongruent",69.999189,70.199183,"5%",0.560813,"Correct","Correct","Correct","Correct"
"11",36,"7_8_stimuli","7_7","Congruent","Congruent","Incongruent","Congruent",71.99916,72.199165,"7&",0.784219,"Correct","Correct","Correct","Correct"
"11",37,"1_2_stimuli","2_2","Congruent","Congruent","Congruent","Incongruent",73.999136,74.199142,"2@",0.624717,"Correct","Correct","Correct","Correct"
"11",38,"3_4_stimuli","3_4","Incongruent","Congruent","Congruent","Congruent",75.999121,76.199118,"4$",0.544748,"Correct","Correct","Correct","Correct"
"11",39,"5_6_stimuli","6_5","Incongruent","Incongruent","Congruent","Congruent",77.999091,78.199096,"5%",0.60856,"Correct","Correct","Correct","Correct"
"11",40,"7_8_stimuli","8_8","Congruent","Incongruent","Incongruent","Congruent",79.999072,80.19907,"8*",0.59231,"Correct","Correct","Correct","Correct"
"11",41,"1_2_stimuli","1_2","Incongruent","Congruent","Incongruent","Incongruent",81.999048,82.199047,"2@",0.464307,"Correct","Correct","Correct","Correct"
"11",42,"3_4_stimuli","3_4","Incongruent","Incongruent","Congruent","Incongruent",83.999026,84.199024,"4$",0.704817,"Correct","Correct","Correct","Correct"
"11",43,"5_6_stimuli","6_5","Incongruent","Incongruent","Incongruent","Congruent",85.998979,86.198998,"5%",0.528873,"Correct","Correct","Correct","Correct"
"11",44,"7_8_stimuli","7_8","Incongruent","Incongruent","Incongruent","Incongruent",87.998976,88.198975,"8*",0.672688,"Correct","Correct","Correct","Correct"
"11",45,"1_2_stimuli","1_2","Incongruent","Incongruent","Incongruent","Incongruent",89.998958,90.198959,"2@",0.512454,"Correct","Correct","Correct","Correct"
"11",46,"3_4_stimuli","3_3","Congruent","Incongruent","Incongruent","Incongruent",91.998928,92.198934,"3#",0.896846,"Correct","Correct","Correct","Correct"
"11",47,"5_6_stimuli","6_6","Congruent","Congruent","Incongruent","Incongruent",93.998912,94.198904,"6^",1.280803,"Correct","Correct","Correct","Correct"
"11",48,"7_8_stimuli","8_7","Incongruent","Congruent","Congruent","Incongruent",95.998889,96.198882,"7&",0.70483,"Correct","Correct","Correct","Correct"
"11",49,"1_2_stimuli","2_1","Incongruent","Incongruent","Congruent","Congruent",97.998856,98.198852,"1!",0.480972,"Correct","Correct","Correct","Correct"
"11",50,"3_4_stimuli","4_3","Incongruent","Incongruent","Incongruent","Congruent",99.998844,100.198832,"3#",0.592492,"Correct","Correct","Correct","Correct"
"11",51,"5_6_stimuli","5_6","Incongruent","Incongruent","Incongruent","Incongruent",101.998811,102.19881,"6^",0.86493,"Correct","Correct","Correct","Correct"
"11",52,"7_8_stimuli","8_8","Congruent","Incongruent","Incongruent","Incongruent",103.998786,104.198788,"8*",0.497017,"Correct","Correct","Correct","Correct"
"11",53,"1_2_stimuli","1_1","Congruent","Congruent","Incongruent","Incongruent",105.998769,106.198771,"1!",0.592519,"Correct","Correct","Correct","Correct"
"11",54,"3_4_stimuli","3_3","Congruent","Congruent","Congruent","Incongruent",107.998742,108.198746,"3#",1.057046,"Correct","Correct","Correct","Correct"
"11",55,"5_6_stimuli","6_6","Congruent","Congruent","Congruent","Congruent",109.998719,110.198723,"7&",0.961035,"Error","Correct","Correct","Correct"
"11",56,"7_8_stimuli","7_7","Congruent","Congruent","Congruent","Congruent",111.998698,112.198698,"8*",0.529179,"Error","Error","Correct","Correct"
"11",57,"1_2_stimuli","1_1","Congruent","Congruent","Congruent","Congruent",113.99867,114.198678,"1!",0.688985,"Correct","Error","Error","Correct"
"11",58,"3_4_stimuli","4_4","Congruent","Congruent","Congruent","Congruent",115.998662,116.198649,"4$",0.65684,"Correct","Correct","Error","Error"
"11",59,"5_6_stimuli","5_6","Incongruent","Congruent","Congruent","Congruent",117.998626,118.198625,"6^",1.329094,"Correct","Correct","Correct","Error"
"11",60,"7_8_stimuli","7_8","Incongruent","Incongruent","Congruent","Congruent",119.998608,120.198608,"8*",0.769094,"Correct","Correct","Correct","Correct"
"11",61,"1_2_stimuli","2_1","Incongruent","Incongruent","Incongruent","Congruent",121.998588,122.198578,"1!",0.913779,"Correct","Correct","Correct","Correct"
"11",62,"3_4_stimuli","4_3","Incongruent","Incongruent","Incongruent","Incongruent",123.998562,124.198553,"2@",0.769245,"Error","Correct","Correct","Correct"
"11",63,"5_6_stimuli","5_5","Congruent","Incongruent","Incongruent","Incongruent",125.998533,126.198528,"5%",0.849174,"Correct","Error","Correct","Correct"
"11",64,"7_8_stimuli","7_7","Congruent","Congruent","Incongruent","Incongruent",127.998515,128.198511,"7&",0.97667,"Correct","Correct","Error","Correct"
"11",65,"1_2_stimuli","2_1","Incongruent","Congruent","Congruent","Incongruent",129.998492,130.198482,"1!",0.833176,"Correct","Correct","Correct","Error"
"11",66,"3_4_stimuli","3_4","Incongruent","Incongruent","Congruent","Congruent",131.998457,132.198466,"4$",0.75313,"Correct","Correct","Correct","Correct"
"11",67,"5_6_stimuli","6_6","Congruent","Incongruent","Incongruent","Congruent",133.998445,134.198442,"7&",0.688747,"Error","Correct","Correct","Correct"
"11",68,"7_8_stimuli","7_8","Incongruent","Congruent","Incongruent","Incongruent",135.998419,136.19842,"8*",0.913331,"Correct","Error","Correct","Correct"
"12",1,"1_2_stimuli","2_2","Congruent",NA,NA,NA,1.999979,2.199973,"2@",0.60166,"Correct",NA,NA,NA
"12",2,"3_4_stimuli","3_4","Incongruent","Congruent",NA,NA,3.999952,4.19994,"4$",0.538158,"Correct","Correct",NA,NA
"12",3,"5_6_stimuli","6_6","Congruent","Incongruent","Congruent",NA,5.999937,6.199921,"6^",0.617665,"Correct","Correct","Correct",NA
"12",4,"7_8_stimuli","8_7","Incongruent","Congruent","Incongruent","Congruent",7.999911,8.199905,"7&",0.698051,"Correct","Correct","Correct","Correct"
"12",5,"1_2_stimuli","1_2","Incongruent","Incongruent","Congruent","Incongruent",9.999884,10.199875,"2@",0.889711,"Correct","Correct","Correct","Correct"
"12",6,"3_4_stimuli","3_3","Congruent","Incongruent","Incongruent","Congruent",11.999865,12.199847,"3#",1.017784,"Correct","Correct","Correct","Correct"
"12",7,"5_6_stimuli","5_6","Incongruent","Congruent","Incongruent","Incongruent",13.999839,14.19983,"6^",0.538179,"Correct","Correct","Correct","Correct"
"12",8,"7_8_stimuli","7_7","Congruent","Incongruent","Congruent","Incongruent",15.999808,16.199816,"7&",0.73027,"Correct","Correct","Correct","Correct"
"12",9,"1_2_stimuli","2_2","Congruent","Congruent","Incongruent","Congruent",17.999794,18.199789,"2@",0.570108,"Correct","Correct","Correct","Correct"
"12",10,"3_4_stimuli","4_3","Incongruent","Congruent","Congruent","Incongruent",19.999766,20.199757,"3#",0.570177,"Correct","Correct","Correct","Correct"
"12",11,"5_6_stimuli","6_6","Congruent","Incongruent","Congruent","Congruent",21.999739,22.199742,"6^",0.474039,"Correct","Correct","Correct","Correct"
"12",12,"7_8_stimuli","8_8","Congruent","Congruent","Incongruent","Congruent",23.999716,24.199721,"8*",0.73035,"Correct","Correct","Correct","Correct"
"12",13,"1_2_stimuli","2_2","Congruent","Congruent","Congruent","Incongruent",25.999699,26.199696,"2@",0.858316,"Correct","Correct","Correct","Correct"
"12",14,"3_4_stimuli","4_4","Congruent","Congruent","Congruent","Congruent",27.999676,28.199674,"4$",0.8899,"Correct","Correct","Correct","Correct"
"12",15,"5_6_stimuli","5_6","Incongruent","Congruent","Congruent","Congruent",29.999654,30.199647,"6^",0.858395,"Correct","Correct","Correct","Correct"
"12",16,"7_8_stimuli","8_7","Incongruent","Incongruent","Congruent","Congruent",31.999619,32.199618,"7&",0.90591,"Correct","Correct","Correct","Correct"
"12",17,"1_2_stimuli","2_2","Congruent","Incongruent","Incongruent","Congruent",33.999598,34.199606,"2@",0.777953,"Correct","Correct","Correct","Correct"
"12",18,"3_4_stimuli","3_3","Congruent","Congruent","Incongruent","Incongruent",35.999575,36.199574,"3#",0.937978,"Correct","Correct","Correct","Correct"
"12",19,"5_6_stimuli","5_6","Incongruent","Congruent","Congruent","Incongruent",37.999556,38.199556,"6^",0.697983,"Correct","Correct","Correct","Correct"
"12",20,"7_8_stimuli","8_8","Congruent","Incongruent","Congruent","Congruent",39.999529,40.199522,"8*",0.682798,"Correct","Correct","Correct","Correct"
"12",21,"1_2_stimuli","1_2","Incongruent","Congruent","Incongruent","Congruent",41.999505,42.199508,"1!",0.378375,"Error","Correct","Correct","Correct"
"12",22,"3_4_stimuli","4_4","Congruent","Incongruent","Congruent","Incongruent",43.999504,44.19948,"4$",0.810293,"Correct","Error","Correct","Correct"
"12",23,"5_6_stimuli","5_5","Congruent","Congruent","Incongruent","Congruent",45.999455,46.199453,"Omission",5000,"Omission","Correct","Error","Correct"
"12",24,"7_8_stimuli","7_7","Congruent","Congruent","Congruent","Incongruent",47.999436,48.199437,"7&",0.794677,"Correct","Omission","Correct","Error"
"12",25,"1_2_stimuli","2_2","Congruent","Congruent","Congruent","Congruent",49.999407,50.199406,"2@",0.490568,"Correct","Correct","Omission","Correct"
"12",26,"3_4_stimuli","3_4","Incongruent","Congruent","Congruent","Congruent",51.999388,52.199393,"4$",0.922113,"Correct","Correct","Correct","Omission"
"12",27,"5_6_stimuli","6_5","Incongruent","Incongruent","Congruent","Congruent",53.999368,54.199367,"5%",0.922525,"Correct","Correct","Correct","Correct"
"12",28,"7_8_stimuli","7_8","Incongruent","Incongruent","Incongruent","Congruent",55.999342,56.199336,"8*",0.746473,"Correct","Correct","Correct","Correct"
"12",29,"1_2_stimuli","1_1","Congruent","Incongruent","Incongruent","Incongruent",57.999318,58.199321,"2@",0.442154,"Error","Correct","Correct","Correct"
"12",30,"3_4_stimuli","4_3","Incongruent","Congruent","Incongruent","Incongruent",59.999292,60.199294,"3#",1.354146,"Correct","Error","Correct","Correct"
"12",31,"5_6_stimuli","5_6","Incongruent","Incongruent","Congruent","Incongruent",61.99926,62.199266,"5%",0.858193,"Error","Correct","Error","Correct"
"12",32,"7_8_stimuli","7_7","Congruent","Incongruent","Incongruent","Congruent",63.999236,64.199237,"7&",0.666198,"Correct","Error","Correct","Error"
"12",33,"1_2_stimuli","1_1","Congruent","Congruent","Incongruent","Incongruent",65.999223,66.199222,"1!",0.778749,"Correct","Correct","Error","Correct"
"12",34,"3_4_stimuli","4_4","Congruent","Congruent","Congruent","Incongruent",67.99919,68.199195,"4$",0.618211,"Correct","Correct","Correct","Error"
"12",35,"5_6_stimuli","6_6","Congruent","Congruent","Congruent","Congruent",69.999176,70.199173,"6^",1.434255,"Correct","Correct","Correct","Correct"
"12",36,"7_8_stimuli","7_8","Incongruent","Congruent","Congruent","Congruent",71.999151,72.199143,"8*",0.826271,"Correct","Correct","Correct","Correct"
"12",37,"1_2_stimuli","1_1","Congruent","Incongruent","Congruent","Congruent",73.999124,74.19912,"1!",0.49076,"Correct","Correct","Correct","Correct"
"12",38,"3_4_stimuli","3_4","Incongruent","Congruent","Incongruent","Congruent",75.999093,76.199103,"4$",0.634297,"Correct","Correct","Correct","Correct"
"12",39,"5_6_stimuli","5_5","Congruent","Incongruent","Congruent","Incongruent",77.999078,78.19908,"5%",0.666753,"Correct","Correct","Correct","Correct"
"12",40,"7_8_stimuli","7_8","Incongruent","Congruent","Incongruent","Congruent",79.999056,80.199049,"8*",0.698587,"Correct","Correct","Correct","Correct"
"12",41,"1_2_stimuli","1_1","Congruent","Incongruent","Congruent","Incongruent",81.999029,82.199022,"1!",0.618886,"Correct","Correct","Correct","Correct"
"12",42,"3_4_stimuli","3_3","Congruent","Congruent","Incongruent","Congruent",83.999002,84.199003,"3#",0.698761,"Correct","Correct","Correct","Correct"
"12",43,"5_6_stimuli","5_5","Congruent","Congruent","Congruent","Incongruent",85.998981,86.198976,"5%",0.522897,"Correct","Correct","Correct","Correct"
"12",44,"7_8_stimuli","8_8","Congruent","Congruent","Congruent","Congruent",87.998965,88.198954,"8*",0.506503,"Correct","Correct","Correct","Correct"
"12",45,"1_2_stimuli","2_1","Incongruent","Congruent","Congruent","Congruent",89.998937,90.198933,"1!",0.922439,"Correct","Correct","Correct","Correct"
"12",46,"3_4_stimuli","4_3","Incongruent","Incongruent","Congruent","Congruent",91.998918,92.198916,"3#",0.571518,"Correct","Correct","Correct","Correct"
"12",47,"5_6_stimuli","6_5","Incongruent","Incongruent","Incongruent","Congruent",93.998886,94.198887,"5%",0.8748,"Correct","Correct","Correct","Correct"
"12",48,"7_8_stimuli","8_8","Congruent","Incongruent","Incongruent","Incongruent",95.998869,96.198868,"8*",0.650801,"Correct","Correct","Correct","Correct"
"12",49,"1_2_stimuli","1_2","Incongruent","Congruent","Incongruent","Incongruent",97.998848,98.198843,"2@",0.906886,"Correct","Correct","Correct","Correct"
"12",50,"3_4_stimuli","3_4","Incongruent","Incongruent","Congruent","Incongruent",99.998822,100.198829,"4$",0.746847,"Correct","Correct","Correct","Correct"
"12",51,"5_6_stimuli","6_6","Congruent","Incongruent","Incongruent","Congruent",101.998797,102.198806,"6^",0.731042,"Correct","Correct","Correct","Correct"
"12",52,"7_8_stimuli","7_7","Congruent","Congruent","Incongruent","Incongruent",103.998769,104.198769,"8*",0.410543,"Error","Correct","Correct","Correct"
"12",53,"1_2_stimuli","2_1","Incongruent","Congruent","Congruent","Incongruent",105.998749,106.198757,"1!",0.827043,"Correct","Error","Correct","Correct"
"12",54,"3_4_stimuli","4_4","Congruent","Incongruent","Congruent","Congruent",107.998723,108.198727,"4$",0.778979,"Correct","Correct","Error","Correct"
"12",55,"5_6_stimuli","6_5","Incongruent","Congruent","Incongruent","Congruent",109.998696,110.1987,"5%",0.8106,"Correct","Correct","Correct","Error"
"12",56,"7_8_stimuli","8_7","Incongruent","Incongruent","Congruent","Incongruent",111.99868,112.198674,"6^",0.859048,"Error","Correct","Correct","Correct"
"12",57,"1_2_stimuli","2_1","Incongruent","Incongruent","Incongruent","Congruent",113.998659,114.198661,"1!",0.683502,"Correct","Error","Correct","Correct"
"12",58,"3_4_stimuli","4_3","Incongruent","Incongruent","Incongruent","Incongruent",115.998626,116.19863,"3#",1.019128,"Correct","Correct","Error","Correct"
"12",59,"5_6_stimuli","6_5","Incongruent","Incongruent","Incongruent","Incongruent",117.998611,118.1986,"5%",0.843078,"Correct","Correct","Correct","Error"
"12",60,"7_8_stimuli","8_7","Incongruent","Incongruent","Incongruent","Incongruent",119.998589,120.198585,"7&",0.762677,"Correct","Correct","Correct","Correct"
"12",61,"1_2_stimuli","1_2","Incongruent","Incongruent","Incongruent","Incongruent",121.998567,122.198563,"2@",0.746682,"Correct","Correct","Correct","Correct"
"12",62,"3_4_stimuli","3_3","Congruent","Incongruent","Incongruent","Incongruent",123.998536,124.198531,"3#",0.747033,"Correct","Correct","Correct","Correct"
"12",63,"5_6_stimuli","5_5","Congruent","Congruent","Incongruent","Incongruent",125.998508,126.19851,"5%",0.571909,"Correct","Correct","Correct","Correct"
"12",64,"7_8_stimuli","8_7","Incongruent","Congruent","Congruent","Incongruent",127.998497,128.198499,"7&",1.099253,"Correct","Correct","Correct","Correct"
"12",65,"1_2_stimuli","2_1","Incongruent","Incongruent","Congruent","Congruent",129.998467,130.198467,"1!",0.747133,"Correct","Correct","Correct","Correct"
"12",66,"3_4_stimuli","3_4","Incongruent","Incongruent","Incongruent","Congruent",131.998438,132.198432,"4$",0.61886,"Correct","Correct","Correct","Correct"
"12",67,"5_6_stimuli","6_6","Congruent","Incongruent","Incongruent","Incongruent",133.99842,134.198417,"6^",0.907246,"Correct","Correct","Correct","Correct"
"12",68,"7_8_stimuli","7_8","Incongruent","Congruent","Incongruent","Incongruent",135.998398,136.198386,"8*",0.634839,"Correct","Correct","Correct","Correct"
"13",1,"1_2_stimuli","1_2","Incongruent",NA,NA,NA,1.999977,2.199973,"2@",1.239555,"Correct",NA,NA,NA
"13",2,"3_4_stimuli","3_3","Congruent","Incongruent",NA,NA,3.999954,4.199943,"3#",0.903641,"Correct","Correct",NA,NA
"13",3,"5_6_stimuli","6_6","Congruent","Congruent","Incongruent",NA,5.999926,6.199928,"7&",1.159678,"Error","Correct","Correct",NA
"13",4,"7_8_stimuli","8_7","Incongruent","Congruent","Congruent","Incongruent",7.999907,8.199898,"7&",0.680239,"Correct","Error","Correct","Correct"
"13",5,"1_2_stimuli","1_1","Congruent","Incongruent","Congruent","Congruent",9.999881,10.199878,"1!",0.455723,"Correct","Correct","Error","Correct"
"13",6,"3_4_stimuli","3_3","Congruent","Congruent","Incongruent","Congruent",11.999865,12.199856,"3#",0.920331,"Correct","Correct","Correct","Error"
"13",7,"5_6_stimuli","6_5","Incongruent","Congruent","Congruent","Incongruent",13.999841,14.199831,"5%",0.680246,"Correct","Correct","Correct","Correct"
"13",8,"7_8_stimuli","8_7","Incongruent","Incongruent","Congruent","Congruent",15.999809,16.199807,"7&",0.583831,"Correct","Correct","Correct","Correct"
"13",9,"1_2_stimuli","1_2","Incongruent","Incongruent","Incongruent","Congruent",17.999787,18.19979,"2@",0.808272,"Correct","Correct","Correct","Correct"
"13",10,"3_4_stimuli","4_4","Congruent","Incongruent","Incongruent","Incongruent",19.999768,20.199759,"4$",0.615798,"Correct","Correct","Correct","Correct"
"13",11,"5_6_stimuli","5_6","Incongruent","Congruent","Incongruent","Incongruent",21.999738,22.199727,"6^",0.920154,"Correct","Correct","Correct","Correct"
"13",12,"7_8_stimuli","8_8","Congruent","Incongruent","Congruent","Incongruent",23.999715,24.199723,"8*",0.552185,"Correct","Correct","Correct","Correct"
"13",13,"1_2_stimuli","2_1","Incongruent","Congruent","Incongruent","Congruent",25.99969,26.199689,"1!",0.712152,"Correct","Correct","Correct","Correct"
"13",14,"3_4_stimuli","4_3","Incongruent","Incongruent","Congruent","Incongruent",27.999675,28.19967,"3#",1.048283,"Correct","Correct","Correct","Correct"
"13",15,"5_6_stimuli","5_6","Incongruent","Incongruent","Incongruent","Congruent",29.99964,30.199648,"6^",0.808397,"Correct","Correct","Correct","Correct"
"13",16,"7_8_stimuli","7_7","Congruent","Incongruent","Incongruent","Incongruent",31.99962,32.199621,"7&",0.696389,"Correct","Correct","Correct","Correct"
"13",17,"1_2_stimuli","1_2","Incongruent","Congruent","Incongruent","Incongruent",33.999599,34.199605,"2@",1.35191,"Correct","Correct","Correct","Correct"
"13",18,"3_4_stimuli","3_3","Congruent","Incongruent","Congruent","Incongruent",35.999575,36.199576,"3#",1.192453,"Correct","Correct","Correct","Correct"
"13",19,"5_6_stimuli","6_5","Incongruent","Congruent","Incongruent","Congruent",37.999553,38.19954,"5%",0.760016,"Correct","Correct","Correct","Correct"
"13",20,"7_8_stimuli","7_8","Incongruent","Incongruent","Congruent","Incongruent",39.999525,40.199529,"8*",0.56827,"Correct","Correct","Correct","Correct"
"13",21,"1_2_stimuli","2_2","Congruent","Incongruent","Incongruent","Congruent",41.999501,42.199505,"3#",0.744317,"Error","Correct","Correct","Correct"
"13",22,"3_4_stimuli","3_3","Congruent","Congruent","Incongruent","Incongruent",43.999489,44.199487,"3#",1.016475,"Correct","Error","Correct","Correct"
"13",23,"5_6_stimuli","5_5","Congruent","Congruent","Congruent","Incongruent",45.999457,46.199462,"7&",1.128021,"Error","Correct","Error","Correct"
"13",24,"7_8_stimuli","8_8","Congruent","Congruent","Congruent","Congruent",47.999438,48.199432,"8*",0.600471,"Correct","Error","Correct","Error"
"13",25,"1_2_stimuli","1_2","Incongruent","Congruent","Congruent","Congruent",49.999412,50.19941,"1!",0.504066,"Error","Correct","Error","Correct"
"13",26,"3_4_stimuli","4_4","Congruent","Incongruent","Congruent","Congruent",51.999381,52.199396,"4$",0.792291,"Correct","Error","Correct","Error"
"13",27,"5_6_stimuli","5_5","Congruent","Congruent","Incongruent","Congruent",53.999361,54.199363,"6^",0.760111,"Error","Correct","Error","Correct"
"13",28,"7_8_stimuli","7_8","Incongruent","Congruent","Congruent","Incongruent",55.999344,56.199338,"8*",0.856096,"Correct","Error","Correct","Error"
"13",29,"1_2_stimuli","2_1","Incongruent","Incongruent","Congruent","Congruent",57.999323,58.199317,"1!",0.744116,"Correct","Correct","Error","Correct"
"13",30,"3_4_stimuli","3_4","Incongruent","Incongruent","Incongruent","Congruent",59.999286,60.199285,"4$",0.584384,"Correct","Correct","Correct","Error"
"13",31,"5_6_stimuli","6_5","Incongruent","Incongruent","Incongruent","Incongruent",61.999268,62.199274,"5%",0.696655,"Correct","Correct","Correct","Correct"
"13",32,"7_8_stimuli","8_7","Incongruent","Incongruent","Incongruent","Incongruent",63.999251,64.199239,"7&",1.352114,"Correct","Correct","Correct","Correct"
"13",33,"1_2_stimuli","1_2","Incongruent","Incongruent","Incongruent","Incongruent",65.999217,66.199218,"2@",0.920634,"Correct","Correct","Correct","Correct"
"13",34,"3_4_stimuli","3_4","Incongruent","Incongruent","Incongruent","Incongruent",67.999192,68.199201,"4$",0.584787,"Correct","Correct","Correct","Correct"
"13",35,"5_6_stimuli","5_5","Congruent","Incongruent","Incongruent","Incongruent",69.999171,70.199181,"5%",0.792275,"Correct","Correct","Correct","Correct"
"13",36,"7_8_stimuli","8_7","Incongruent","Congruent","Incongruent","Incongruent",71.999158,72.199154,"7&",0.936719,"Correct","Correct","Correct","Correct"
"13",37,"1_2_stimuli","2_1","Incongruent","Incongruent","Congruent","Incongruent",73.999139,74.199121,"1!",1.256496,"Correct","Correct","Correct","Correct"
"13",38,"3_4_stimuli","4_4","Congruent","Incongruent","Incongruent","Congruent",75.999108,76.199109,"4$",0.648241,"Correct","Correct","Correct","Correct"
"13",39,"5_6_stimuli","5_5","Congruent","Congruent","Incongruent","Incongruent",77.999088,78.199082,"5%",0.632532,"Correct","Correct","Correct","Correct"
"13",40,"7_8_stimuli","7_7","Congruent","Congruent","Congruent","Incongruent",79.999066,80.199061,"7&",0.760808,"Correct","Correct","Correct","Correct"
"13",41,"1_2_stimuli","1_1","Congruent","Congruent","Congruent","Congruent",81.99903,82.19904,"1!",0.488701,"Correct","Correct","Correct","Correct"
"13",42,"3_4_stimuli","3_4","Incongruent","Congruent","Congruent","Congruent",83.999006,84.199013,"4$",0.616969,"Correct","Correct","Correct","Correct"
"13",43,"5_6_stimuli","6_6","Congruent","Incongruent","Congruent","Congruent",85.998988,86.198986,"6^",1.192689,"Correct","Correct","Correct","Correct"
"13",44,"7_8_stimuli","7_8","Incongruent","Congruent","Incongruent","Congruent",87.998958,88.198969,"8*",1.112424,"Correct","Correct","Correct","Correct"
"13",45,"1_2_stimuli","1_1","Congruent","Incongruent","Congruent","Incongruent",89.998946,90.198939,"1!",0.744447,"Correct","Correct","Correct","Correct"
"13",46,"3_4_stimuli","4_3","Incongruent","Congruent","Incongruent","Congruent",91.998922,92.198913,"3#",0.888401,"Correct","Correct","Correct","Correct"
"13",47,"5_6_stimuli","5_6","Incongruent","Incongruent","Congruent","Incongruent",93.9989,94.198891,"6^",1.08072,"Correct","Correct","Correct","Correct"
"13",48,"7_8_stimuli","7_7","Congruent","Incongruent","Incongruent","Congruent",95.998867,96.19887,"7&",0.85726,"Correct","Correct","Correct","Correct"
"13",49,"1_2_stimuli","2_2","Congruent","Congruent","Incongruent","Incongruent",97.99885,98.198843,"2@",0.760491,"Correct","Correct","Correct","Correct"
"13",50,"3_4_stimuli","3_4","Incongruent","Congruent","Congruent","Incongruent",99.998819,100.198819,"4$",0.664905,"Correct","Correct","Correct","Correct"
"13",51,"5_6_stimuli","6_5","Incongruent","Incongruent","Congruent","Congruent",101.998796,102.1988,"5%",0.888522,"Correct","Correct","Correct","Correct"
"13",52,"7_8_stimuli","7_8","Incongruent","Incongruent","Incongruent","Congruent",103.998772,104.198778,"8*",0.904888,"Correct","Correct","Correct","Correct"
"13",53,"1_2_stimuli","2_2","Congruent","Incongruent","Incongruent","Incongruent",105.998763,106.198758,"2@",0.857094,"Correct","Correct","Correct","Correct"
"13",54,"3_4_stimuli","4_3","Incongruent","Congruent","Incongruent","Incongruent",107.99874,108.198743,"3#",1.017055,"Correct","Correct","Correct","Correct"
"13",55,"5_6_stimuli","6_6","Congruent","Incongruent","Congruent","Incongruent",109.998708,110.19871,"6^",0.536573,"Correct","Correct","Correct","Correct"
"13",56,"7_8_stimuli","8_8","Congruent","Congruent","Incongruent","Congruent",111.998683,112.198677,"8*",0.552591,"Correct","Correct","Correct","Correct"
"13",57,"1_2_stimuli","2_1","Incongruent","Congruent","Congruent","Incongruent",113.998661,114.198666,"1!",0.440786,"Correct","Correct","Correct","Correct"
"13",58,"3_4_stimuli","4_3","Incongruent","Incongruent","Congruent","Congruent",115.998642,116.198638,"3#",1.113136,"Correct","Correct","Correct","Correct"
"13",59,"5_6_stimuli","6_6","Congruent","Incongruent","Incongruent","Congruent",117.998617,118.198619,"6^",0.393231,"Correct","Correct","Correct","Correct"
"13",60,"7_8_stimuli","7_7","Congruent","Congruent","Incongruent","Incongruent",119.998586,120.198595,"7&",1.17668,"Correct","Correct","Correct","Correct"
"13",61,"1_2_stimuli","2_2","Congruent","Congruent","Congruent","Incongruent",121.998568,122.198565,"2@",1.065189,"Correct","Correct","Correct","Correct"
"13",62,"3_4_stimuli","3_3","Congruent","Congruent","Congruent","Congruent",123.998546,124.198552,"3#",0.761242,"Correct","Correct","Correct","Correct"
"13",63,"5_6_stimuli","5_6","Incongruent","Congruent","Congruent","Congruent",125.998529,126.198526,"6^",0.377072,"Correct","Correct","Correct","Correct"
"13",64,"7_8_stimuli","8_8","Congruent","Incongruent","Congruent","Congruent",127.998497,128.198491,"8*",0.600741,"Correct","Correct","Correct","Correct"
"13",65,"1_2_stimuli","1_1","Congruent","Congruent","Incongruent","Congruent",129.99848,130.198471,"1!",0.40921,"Correct","Correct","Correct","Correct"
"13",66,"3_4_stimuli","4_4","Congruent","Congruent","Congruent","Incongruent",131.998458,132.198452,"4$",0.873186,"Correct","Correct","Correct","Correct"
"13",67,"5_6_stimuli","6_6","Congruent","Congruent","Congruent","Congruent",133.998435,134.198421,"6^",0.712756,"Correct","Correct","Correct","Correct"
"13",68,"7_8_stimuli","8_7","Incongruent","Congruent","Congruent","Congruent",135.998414,136.198412,"7&",0.744754,"Correct","Correct","Correct","Correct"
