"Run.Number","Trial.Number","Task","Stimulus","Current.Trial.Type","Previous.Trial.Type","Previous.Trial.Type.N2","Previous.Trial.Type.N3","StimulusOnsetTime","StimulusOffsetTime","Response","RT","Accuracy","PreviousAccuracy","PreviousAccuracy.N2","Previous.Accuracy.N3"
"practice",1,"1_2_stimuli","2_2","Congruent",NA,NA,NA,1.999988,2.199981,"2@",1.290741,"Correct",NA,NA,NA
"practice",2,"3_4_stimuli","3_3","Congruent","Congruent",NA,NA,3.999979,4.199982,"3#",0.602198,"Correct","Correct",NA,NA
"practice",3,"5_6_stimuli","5_5","Congruent","Congruent","Congruent",NA,5.999963,6.199954,"5%",1.22633,"Correct","Correct","Correct",NA
"practice",4,"7_8_stimuli","8_8","Congruent","Congruent","Congruent","Congruent",7.999955,8.199952,"8*",0.938662,"Correct","Correct","Correct","Correct"
"practice",5,"1_2_stimuli","1_1","Congruent","Congruent","Congruent","Congruent",9.999938,10.199927,"1!",0.618214,"Correct","Correct","Correct","Correct"
"practice",6,"3_4_stimuli","3_4","Incongruent","Congruent","Congruent","Congruent",11.999924,12.19993,"Omission",5000,"Omission","Correct","Correct","Correct"
"practice",7,"5_6_stimuli","5_6","Incongruent","Incongruent","Congruent","Congruent",13.999913,14.199909,"6^",1.370911,"Correct","Omission","Correct","Correct"
"practice",8,"7_8_stimuli","7_7","Congruent","Incongruent","Incongruent","Congruent",15.999899,16.199891,"7&",0.634335,"Correct","Correct","Omission","Correct"
"practice",9,"1_2_stimuli","2_1","Incongruent","Congruent","Incongruent","Incongruent",17.999892,18.199878,"1!",0.650267,"Correct","Correct","Correct","Omission"
"practice",10,"3_4_stimuli","4_4","Congruent","Incongruent","Congruent","Incongruent",19.999866,20.199869,"4$",1.274364,"Correct","Correct","Correct","Correct"
"practice",11,"5_6_stimuli","6_5","Incongruent","Congruent","Incongruent","Congruent",21.999862,22.199858,"5%",0.906823,"Correct","Correct","Correct","Correct"
"practice",12,"7_8_stimuli","7_7","Congruent","Incongruent","Congruent","Incongruent",23.999844,24.199836,"6^",0.778918,"Error","Correct","Correct","Correct"
"practice",13,"1_2_stimuli","1_1","Congruent","Congruent","Incongruent","Congruent",25.999835,26.199823,"1!",0.586969,"Correct","Error","Correct","Correct"
"practice",14,"3_4_stimuli","4_4","Congruent","Congruent","Congruent","Incongruent",27.999818,28.199813,"4$",0.891036,"Correct","Correct","Error","Correct"
"practice",15,"5_6_stimuli","6_5","Incongruent","Congruent","Congruent","Congruent",29.999801,30.199809,"5%",0.858411,"Correct","Correct","Correct","Error"
"practice",16,"7_8_stimuli","7_8","Incongruent","Incongruent","Congruent","Congruent",31.999797,32.199794,"8*",0.875002,"Correct","Correct","Correct","Correct"
"practice",17,"1_2_stimuli","2_2","Congruent","Incongruent","Incongruent","Congruent",33.999776,34.199769,"2@",0.843072,"Correct","Correct","Correct","Correct"
"practice",18,"3_4_stimuli","4_3","Incongruent","Congruent","Incongruent","Incongruent",35.999757,36.199758,"3#",0.779064,"Correct","Correct","Correct","Correct"
"practice",19,"5_6_stimuli","6_6","Congruent","Incongruent","Congruent","Incongruent",37.999749,38.199749,"6^",1.130819,"Correct","Correct","Correct","Correct"
"practice",20,"7_8_stimuli","8_7","Incongruent","Congruent","Incongruent","Congruent",39.999742,40.19974,"7&",0.699194,"Correct","Correct","Correct","Correct"
"practice",21,"1_2_stimuli","1_2","Incongruent","Incongruent","Congruent","Incongruent",41.999719,42.199716,"2@",0.779218,"Correct","Correct","Correct","Correct"
"practice",22,"3_4_stimuli","3_3","Congruent","Incongruent","Incongruent","Congruent",43.999707,44.199707,"3#",0.747214,"Correct","Correct","Correct","Correct"
"practice",23,"5_6_stimuli","6_5","Incongruent","Congruent","Incongruent","Incongruent",45.999705,46.199703,"5%",0.906507,"Correct","Correct","Correct","Correct"
"practice",24,"7_8_stimuli","7_8","Incongruent","Incongruent","Congruent","Incongruent",47.999681,48.199689,"8*",0.907079,"Correct","Correct","Correct","Correct"
"practice",25,"1_2_stimuli","2_1","Incongruent","Incongruent","Incongruent","Congruent",49.999668,50.199674,"1!",0.602742,"Correct","Correct","Correct","Correct"
"practice",26,"3_4_stimuli","3_4","Incongruent","Incongruent","Incongruent","Incongruent",51.999661,52.199657,"4$",1.051605,"Correct","Correct","Correct","Correct"
"practice",27,"5_6_stimuli","6_6","Congruent","Incongruent","Incongruent","Incongruent",53.999651,54.199638,"6^",0.924032,"Correct","Correct","Correct","Correct"
"practice",28,"7_8_stimuli","7_7","Congruent","Congruent","Incongruent","Incongruent",55.99964,56.199628,"7&",0.506552,"Correct","Correct","Correct","Correct"
"practice",29,"1_2_stimuli","2_2","Congruent","Congruent","Congruent","Incongruent",57.999618,58.19961,"2@",0.603224,"Correct","Correct","Correct","Correct"
"practice",30,"3_4_stimuli","3_3","Congruent","Congruent","Congruent","Congruent",59.999602,60.1996,"3#",0.475323,"Correct","Correct","Correct","Correct"
"practice",31,"5_6_stimuli","5_5","Congruent","Congruent","Congruent","Congruent",61.999591,62.199595,"5%",0.635317,"Correct","Correct","Correct","Correct"
"practice",32,"7_8_stimuli","8_8","Congruent","Congruent","Congruent","Congruent",63.99958,64.199579,"8*",0.618617,"Correct","Correct","Correct","Correct"
"practice",33,"1_2_stimuli","2_1","Incongruent","Congruent","Congruent","Congruent",65.999557,66.199557,"1!",0.507228,"Correct","Correct","Correct","Correct"
"practice",34,"3_4_stimuli","3_4","Incongruent","Incongruent","Congruent","Congruent",67.999544,68.199541,"4$",0.779357,"Correct","Correct","Correct","Correct"
"practice",35,"5_6_stimuli","6_5","Incongruent","Incongruent","Incongruent","Congruent",69.999548,70.199537,"5%",0.475133,"Correct","Correct","Correct","Correct"
"practice",36,"7_8_stimuli","8_8","Congruent","Incongruent","Incongruent","Incongruent",71.999528,72.199532,"8*",0.634911,"Correct","Correct","Correct","Correct"
"practice",37,"1_2_stimuli","2_2","Congruent","Congruent","Incongruent","Incongruent",73.999519,74.199509,"2@",0.651351,"Correct","Correct","Correct","Correct"
"practice",38,"3_4_stimuli","4_3","Incongruent","Congruent","Congruent","Incongruent",75.999501,76.19949,"3#",0.794818,"Correct","Correct","Correct","Correct"
"practice",39,"5_6_stimuli","5_5","Congruent","Incongruent","Congruent","Congruent",77.99948,78.199488,"5%",0.666993,"Correct","Correct","Correct","Correct"
"practice",40,"7_8_stimuli","7_7","Congruent","Congruent","Incongruent","Congruent",79.999465,80.199473,"7&",1.17882,"Correct","Correct","Correct","Correct"
"practice",41,"1_2_stimuli","1_2","Incongruent","Congruent","Congruent","Incongruent",81.999464,82.199468,"2@",0.571471,"Correct","Correct","Correct","Correct"
"practice",42,"3_4_stimuli","4_4","Congruent","Incongruent","Congruent","Congruent",83.999445,84.199436,"4$",0.715059,"Correct","Correct","Correct","Correct"
"practice",43,"5_6_stimuli","6_6","Congruent","Congruent","Incongruent","Congruent",85.999423,86.199429,"5%",0.555422,"Error","Correct","Correct","Correct"
"practice",44,"7_8_stimuli","8_7","Incongruent","Congruent","Congruent","Incongruent",87.999422,88.199412,"7&",0.731316,"Correct","Error","Correct","Correct"
"practice",45,"1_2_stimuli","1_2","Incongruent","Incongruent","Congruent","Congruent",89.999401,90.199402,"2@",0.586862,"Correct","Correct","Error","Correct"
"practice",46,"3_4_stimuli","3_4","Incongruent","Incongruent","Incongruent","Congruent",91.999393,92.199385,"4$",0.698938,"Correct","Correct","Correct","Error"
"practice",47,"5_6_stimuli","5_6","Incongruent","Incongruent","Incongruent","Incongruent",93.999397,94.199377,"6^",0.731483,"Correct","Correct","Correct","Correct"
"practice",48,"7_8_stimuli","7_8","Incongruent","Incongruent","Incongruent","Incongruent",95.999366,96.199364,"8*",0.763495,"Correct","Correct","Correct","Correct"
"practice",49,"1_2_stimuli","1_1","Congruent","Incongruent","Incongruent","Incongruent",97.999353,98.199346,"1!",0.42696,"Correct","Correct","Correct","Correct"
"practice",50,"3_4_stimuli","3_3","Congruent","Congruent","Incongruent","Incongruent",99.999341,100.199333,"3#",0.875635,"Correct","Correct","Correct","Correct"
"practice",51,"5_6_stimuli","5_5","Congruent","Congruent","Congruent","Incongruent",101.999322,102.199321,"5%",0.619488,"Correct","Correct","Correct","Correct"
"practice",52,"7_8_stimuli","8_7","Incongruent","Congruent","Congruent","Congruent",103.999315,104.199306,"6^",0.779559,"Error","Correct","Correct","Correct"
"practice",53,"1_2_stimuli","1_1","Congruent","Incongruent","Congruent","Congruent",105.999294,106.199295,"1!",0.523391,"Correct","Error","Correct","Correct"
"practice",54,"3_4_stimuli","4_4","Congruent","Congruent","Incongruent","Congruent",107.999279,108.199274,"3#",0.811053,"Error","Correct","Error","Correct"
"practice",55,"5_6_stimuli","5_6","Incongruent","Congruent","Congruent","Incongruent",109.999268,110.199277,"6^",0.795045,"Correct","Error","Correct","Error"
"practice",56,"7_8_stimuli","8_8","Congruent","Incongruent","Congruent","Congruent",111.999257,112.199249,"8*",0.619062,"Correct","Correct","Error","Correct"
"practice",57,"1_2_stimuli","2_1","Incongruent","Congruent","Incongruent","Congruent",113.999246,114.199239,"1!",0.507676,"Correct","Correct","Correct","Error"
"practice",58,"3_4_stimuli","4_3","Incongruent","Incongruent","Congruent","Incongruent",115.999225,116.199229,"3#",0.859497,"Correct","Correct","Correct","Correct"
"practice",59,"5_6_stimuli","6_6","Congruent","Incongruent","Incongruent","Congruent",117.999217,118.199221,"6^",0.731506,"Correct","Correct","Correct","Correct"
"practice",60,"7_8_stimuli","7_8","Incongruent","Congruent","Incongruent","Incongruent",119.999199,120.199203,"8*",0.507153,"Correct","Correct","Correct","Correct"
"practice",61,"1_2_stimuli","2_2","Congruent","Incongruent","Congruent","Incongruent",121.999196,122.199189,"2@",0.667341,"Correct","Correct","Correct","Correct"
"practice",62,"3_4_stimuli","4_3","Incongruent","Congruent","Incongruent","Congruent",123.999175,124.199175,"3#",0.651162,"Correct","Correct","Correct","Correct"
"practice",63,"5_6_stimuli","5_6","Incongruent","Incongruent","Congruent","Incongruent",125.999164,126.199167,"6^",0.731197,"Correct","Correct","Correct","Correct"
"practice",64,"7_8_stimuli","8_7","Incongruent","Incongruent","Incongruent","Congruent",127.999143,128.19915,"7&",0.523397,"Correct","Correct","Correct","Correct"
"practice",65,"1_2_stimuli","1_2","Incongruent","Incongruent","Incongruent","Incongruent",129.99914,130.19914,"2@",0.523592,"Correct","Correct","Correct","Correct"
"practice",66,"3_4_stimuli","3_3","Congruent","Incongruent","Incongruent","Incongruent",131.999126,132.199122,"3#",0.491295,"Correct","Correct","Correct","Correct"
"practice",67,"5_6_stimuli","5_5","Congruent","Congruent","Incongruent","Incongruent",133.999117,134.19911,"5%",0.635258,"Correct","Correct","Correct","Correct"
"practice",68,"7_8_stimuli","8_8","Congruent","Congruent","Congruent","Incongruent",135.999098,136.199102,"8*",0.507297,"Correct","Correct","Correct","Correct"
"1",1,"1_2_stimuli","2_1","Incongruent",NA,NA,NA,1.999996,2.199994,"1!",0.630307,"Correct",NA,NA,NA
"1",2,"3_4_stimuli","4_4","Congruent","Incongruent",NA,NA,3.999978,4.199974,"4$",0.694474,"Correct","Correct",NA,NA
"1",3,"5_6_stimuli","5_5","Congruent","Congruent","Incongruent",NA,5.999961,6.199974,"5%",0.502473,"Correct","Correct","Correct",NA
"1",4,"7_8_stimuli","8_7","Incongruent","Congruent","Congruent","Incongruent",7.999955,8.199956,"7&",0.821752,"Correct","Correct","Correct","Correct"
"1",5,"1_2_stimuli","2_1","Incongruent","Incongruent","Congruent","Congruent",9.999946,10.199933,"1!",0.502338,"Correct","Correct","Correct","Correct"
"1",6,"3_4_stimuli","4_4","Congruent","Incongruent","Incongruent","Congruent",11.999927,12.199925,"4$",0.630593,"Correct","Correct","Correct","Correct"
"1",7,"5_6_stimuli","5_6","Incongruent","Congruent","Incongruent","Incongruent",13.999911,14.199904,"5%",0.694465,"Error","Correct","Correct","Correct"
"1",8,"7_8_stimuli","7_8","Incongruent","Incongruent","Congruent","Incongruent",15.999892,16.199907,"8*",0.662634,"Correct","Error","Correct","Correct"
"1",9,"1_2_stimuli","2_1","Incongruent","Incongruent","Incongruent","Congruent",17.999887,18.199886,"1!",0.534027,"Correct","Correct","Error","Correct"
"1",10,"3_4_stimuli","3_4","Incongruent","Incongruent","Incongruent","Incongruent",19.999876,20.19987,"4$",0.710197,"Correct","Correct","Correct","Error"
"1",11,"5_6_stimuli","5_6","Incongruent","Incongruent","Incongruent","Incongruent",21.999853,22.199858,"6^",0.678296,"Correct","Correct","Correct","Correct"
"1",12,"7_8_stimuli","8_8","Congruent","Incongruent","Incongruent","Incongruent",23.999843,24.199849,"8*",0.53397,"Correct","Correct","Correct","Correct"
"1",13,"1_2_stimuli","2_2","Congruent","Congruent","Incongruent","Incongruent",25.999828,26.199831,"2@",0.61461,"Correct","Correct","Correct","Correct"
"1",14,"3_4_stimuli","4_4","Congruent","Congruent","Congruent","Incongruent",27.999823,28.19982,"4$",0.59866,"Correct","Correct","Correct","Correct"
"1",15,"5_6_stimuli","6_5","Incongruent","Congruent","Congruent","Congruent",29.999808,30.199809,"5%",0.598034,"Correct","Correct","Correct","Correct"
"1",16,"7_8_stimuli","7_8","Incongruent","Incongruent","Congruent","Congruent",31.999792,32.199794,"8*",0.566353,"Correct","Correct","Correct","Correct"
"1",17,"1_2_stimuli","1_1","Congruent","Incongruent","Incongruent","Congruent",33.999786,34.199778,"1!",0.486157,"Correct","Correct","Correct","Correct"
"1",18,"3_4_stimuli","4_4","Congruent","Congruent","Incongruent","Incongruent",35.999779,36.199771,"4$",0.470691,"Correct","Correct","Correct","Correct"
"1",19,"5_6_stimuli","6_6","Congruent","Congruent","Congruent","Incongruent",37.999748,38.199745,"6^",0.645978,"Correct","Correct","Correct","Correct"
"1",20,"7_8_stimuli","8_7","Incongruent","Congruent","Congruent","Congruent",39.999742,40.199751,"7&",0.454338,"Correct","Correct","Correct","Correct"
"1",21,"1_2_stimuli","2_2","Congruent","Incongruent","Congruent","Congruent",41.999729,42.199736,"2@",0.598385,"Correct","Correct","Correct","Correct"
"1",22,"3_4_stimuli","3_4","Incongruent","Congruent","Incongruent","Congruent",43.999711,44.199715,"4$",0.502108,"Correct","Correct","Correct","Correct"
"1",23,"5_6_stimuli","5_5","Congruent","Incongruent","Congruent","Incongruent",45.999705,46.199696,"5%",0.646572,"Correct","Correct","Correct","Correct"
"1",24,"7_8_stimuli","7_7","Congruent","Congruent","Incongruent","Congruent",47.999687,48.199691,"7&",0.582639,"Correct","Correct","Correct","Correct"
"1",25,"1_2_stimuli","1_1","Congruent","Congruent","Congruent","Incongruent",49.999677,50.199676,"1!",0.486156,"Correct","Correct","Correct","Correct"
"1",26,"3_4_stimuli","3_4","Incongruent","Congruent","Congruent","Congruent",51.999671,52.19967,"4$",1.270279,"Correct","Correct","Correct","Correct"
"1",27,"5_6_stimuli","6_6","Congruent","Incongruent","Congruent","Congruent",53.99965,54.199641,"6^",1.094188,"Correct","Correct","Correct","Correct"
"1",28,"7_8_stimuli","8_7","Incongruent","Congruent","Incongruent","Congruent",55.999642,56.199635,"7&",0.598215,"Correct","Correct","Correct","Correct"
"1",29,"1_2_stimuli","2_1","Incongruent","Incongruent","Congruent","Incongruent",57.999633,58.199616,"1!",0.566198,"Correct","Correct","Correct","Correct"
"1",30,"3_4_stimuli","4_3","Incongruent","Incongruent","Incongruent","Congruent",59.999615,60.199606,"3#",0.775239,"Correct","Correct","Correct","Correct"
"1",31,"5_6_stimuli","5_5","Congruent","Incongruent","Incongruent","Incongruent",61.999597,62.199592,"5%",0.95071,"Correct","Correct","Correct","Correct"
"1",32,"7_8_stimuli","7_7","Congruent","Congruent","Incongruent","Incongruent",63.999591,64.199574,"7&",0.758213,"Correct","Correct","Correct","Correct"
"1",33,"1_2_stimuli","1_2","Incongruent","Congruent","Congruent","Incongruent",65.999565,66.199563,"2@",0.678674,"Correct","Correct","Correct","Correct"
"1",34,"3_4_stimuli","3_3","Congruent","Incongruent","Congruent","Congruent",67.999561,68.199561,"3#",0.806738,"Correct","Correct","Correct","Correct"
"1",35,"5_6_stimuli","5_5","Congruent","Congruent","Incongruent","Congruent",69.999552,70.199554,"5%",0.822662,"Correct","Correct","Correct","Correct"
"1",36,"7_8_stimuli","8_8","Congruent","Congruent","Congruent","Incongruent",71.999539,72.199527,"8*",0.59826,"Correct","Correct","Correct","Correct"
"1",37,"1_2_stimuli","2_2","Congruent","Congruent","Congruent","Congruent",73.999523,74.199525,"2@",0.662389,"Correct","Correct","Correct","Correct"
"1",38,"3_4_stimuli","4_4","Congruent","Congruent","Congruent","Congruent",75.99951,76.199498,"4$",0.646624,"Correct","Correct","Correct","Correct"
"1",39,"5_6_stimuli","6_6","Congruent","Congruent","Congruent","Congruent",77.999492,78.199496,"6^",0.695089,"Correct","Correct","Correct","Correct"
"1",40,"7_8_stimuli","8_8","Congruent","Congruent","Congruent","Congruent",79.999477,80.199474,"8*",0.566684,"Correct","Correct","Correct","Correct"
"1",41,"1_2_stimuli","2_1","Incongruent","Congruent","Congruent","Congruent",81.999467,82.199474,"1!",0.470427,"Correct","Correct","Correct","Correct"
"1",42,"3_4_stimuli","4_3","Incongruent","Incongruent","Congruent","Congruent",83.999446,84.199449,"3#",0.598435,"Correct","Correct","Correct","Correct"
"1",43,"5_6_stimuli","6_5","Incongruent","Incongruent","Incongruent","Congruent",85.999439,86.199435,"4$",0.695155,"Error","Correct","Correct","Correct"
"1",44,"7_8_stimuli","8_7","Incongruent","Incongruent","Incongruent","Incongruent",87.999423,88.19942,"7&",0.679118,"Correct","Error","Correct","Correct"
"1",45,"1_2_stimuli","1_1","Congruent","Incongruent","Incongruent","Incongruent",89.999409,90.199408,"1!",0.550821,"Correct","Correct","Error","Correct"
"1",46,"3_4_stimuli","4_3","Incongruent","Congruent","Incongruent","Incongruent",91.99941,92.199399,"3#",0.726535,"Correct","Correct","Correct","Error"
"1",47,"5_6_stimuli","5_6","Incongruent","Incongruent","Congruent","Incongruent",93.99939,94.199388,"6^",0.663307,"Correct","Correct","Correct","Correct"
"1",48,"7_8_stimuli","7_7","Congruent","Incongruent","Incongruent","Congruent",95.99937,96.199375,"7&",0.502543,"Correct","Correct","Correct","Correct"
"1",49,"1_2_stimuli","1_2","Incongruent","Congruent","Incongruent","Incongruent",97.999354,98.199351,"2@",0.710906,"Correct","Correct","Correct","Correct"
"1",50,"3_4_stimuli","4_3","Incongruent","Incongruent","Congruent","Incongruent",99.999349,100.199344,"3#",0.51859,"Correct","Correct","Correct","Correct"
"1",51,"5_6_stimuli","5_5","Congruent","Incongruent","Incongruent","Congruent",101.999327,102.199329,"5%",0.567048,"Correct","Correct","Correct","Correct"
"1",52,"7_8_stimuli","7_8","Incongruent","Congruent","Incongruent","Incongruent",103.999324,104.199323,"8*",0.614677,"Correct","Correct","Correct","Correct"
"1",53,"1_2_stimuli","1_1","Congruent","Incongruent","Congruent","Incongruent",105.999316,106.199305,"1!",0.566634,"Correct","Correct","Correct","Correct"
"1",54,"3_4_stimuli","3_3","Congruent","Congruent","Incongruent","Congruent",107.999291,108.199283,"3#",0.502612,"Correct","Correct","Correct","Correct"
"1",55,"5_6_stimuli","5_6","Incongruent","Congruent","Congruent","Incongruent",109.999288,110.19928,"5%",0.679272,"Error","Correct","Correct","Correct"
"1",56,"7_8_stimuli","8_8","Congruent","Incongruent","Congruent","Congruent",111.999272,112.199263,"8*",0.550712,"Correct","Error","Correct","Correct"
"1",57,"1_2_stimuli","1_2","Incongruent","Congruent","Incongruent","Congruent",113.999257,114.199248,"2@",0.614711,"Correct","Correct","Error","Correct"
"1",58,"3_4_stimuli","3_3","Congruent","Incongruent","Congruent","Incongruent",115.999242,116.199236,"3#",0.390662,"Correct","Correct","Correct","Error"
"1",59,"5_6_stimuli","6_5","Incongruent","Congruent","Incongruent","Congruent",117.999225,118.199219,"5%",0.871007,"Correct","Correct","Correct","Correct"
"1",60,"7_8_stimuli","7_7","Congruent","Incongruent","Congruent","Incongruent",119.99921,120.199218,"7&",0.535114,"Correct","Correct","Correct","Correct"
"1",61,"1_2_stimuli","2_2","Congruent","Congruent","Incongruent","Congruent",121.999199,122.199202,"2@",0.487169,"Correct","Correct","Correct","Correct"
"1",62,"3_4_stimuli","3_4","Incongruent","Congruent","Congruent","Incongruent",123.999193,124.199198,"3#",0.663499,"Error","Correct","Correct","Correct"
"1",63,"5_6_stimuli","6_5","Incongruent","Incongruent","Congruent","Congruent",125.999178,126.199176,"5%",0.631154,"Correct","Error","Correct","Correct"
"1",64,"7_8_stimuli","7_8","Incongruent","Incongruent","Incongruent","Congruent",127.999156,128.199166,"8*",0.614806,"Correct","Correct","Error","Correct"
"1",65,"1_2_stimuli","1_2","Incongruent","Incongruent","Incongruent","Incongruent",129.999149,130.199148,"2@",0.534792,"Correct","Correct","Correct","Error"
"1",66,"3_4_stimuli","3_3","Congruent","Incongruent","Incongruent","Incongruent",131.999138,132.199129,"3#",0.407498,"Correct","Correct","Correct","Correct"
"1",67,"5_6_stimuli","6_6","Congruent","Congruent","Incongruent","Incongruent",133.999129,134.199118,"6^",0.855265,"Correct","Correct","Correct","Correct"
"1",68,"7_8_stimuli","8_7","Incongruent","Congruent","Congruent","Incongruent",135.999108,136.199106,"7&",0.566816,"Correct","Correct","Correct","Correct"
"2",1,"1_2_stimuli","2_2","Congruent",NA,NA,NA,1.999986,2.199997,"2@",0.56228,"Correct",NA,NA,NA
"2",2,"3_4_stimuli","4_4","Congruent","Congruent",NA,NA,3.999987,4.199983,"4$",0.610673,"Correct","Correct",NA,NA
"2",3,"5_6_stimuli","6_5","Incongruent","Congruent","Congruent",NA,5.999963,6.199964,"5%",0.96227,"Correct","Correct","Correct",NA
"2",4,"7_8_stimuli","8_8","Congruent","Incongruent","Congruent","Congruent",7.999963,8.199952,"8*",0.514792,"Correct","Correct","Correct","Correct"
"2",5,"1_2_stimuli","2_1","Incongruent","Congruent","Incongruent","Congruent",9.999938,10.199943,"1!",0.530795,"Correct","Correct","Correct","Correct"
"2",6,"3_4_stimuli","4_4","Congruent","Incongruent","Congruent","Incongruent",11.999927,12.199919,"4$",0.562668,"Correct","Correct","Correct","Correct"
"2",7,"5_6_stimuli","6_6","Congruent","Congruent","Incongruent","Congruent",13.999919,14.199921,"6^",0.626543,"Correct","Correct","Correct","Correct"
"2",8,"7_8_stimuli","8_7","Incongruent","Congruent","Congruent","Incongruent",15.999905,16.199899,"7&",0.466902,"Correct","Correct","Correct","Correct"
"2",9,"1_2_stimuli","1_2","Incongruent","Incongruent","Congruent","Congruent",17.999885,18.19989,"2@",0.546529,"Correct","Correct","Correct","Correct"
"2",10,"3_4_stimuli","4_4","Congruent","Incongruent","Incongruent","Congruent",19.999878,20.199881,"4$",0.546861,"Correct","Correct","Correct","Correct"
"2",11,"5_6_stimuli","6_6","Congruent","Congruent","Incongruent","Incongruent",21.999864,22.199862,"6^",0.850611,"Correct","Correct","Correct","Correct"
"2",12,"7_8_stimuli","7_7","Congruent","Congruent","Congruent","Incongruent",23.999854,24.199851,"7&",0.515048,"Correct","Correct","Correct","Correct"
"2",13,"1_2_stimuli","2_2","Congruent","Congruent","Congruent","Congruent",25.999833,26.199839,"2@",0.611093,"Correct","Correct","Correct","Correct"
"2",14,"3_4_stimuli","3_3","Congruent","Congruent","Congruent","Congruent",27.999824,28.199817,"3#",0.466621,"Correct","Correct","Correct","Correct"
"2",15,"5_6_stimuli","5_6","Incongruent","Congruent","Congruent","Congruent",29.999805,30.199807,"6^",0.89911,"Correct","Correct","Correct","Correct"
"2",16,"7_8_stimuli","7_7","Congruent","Incongruent","Congruent","Congruent",31.9998,32.199795,"7&",0.595011,"Correct","Correct","Correct","Correct"
"2",17,"1_2_stimuli","2_2","Congruent","Congruent","Incongruent","Congruent",33.999782,34.199779,"2@",0.578703,"Correct","Correct","Correct","Correct"
"2",18,"3_4_stimuli","3_4","Incongruent","Congruent","Congruent","Incongruent",35.999772,36.199776,"4$",0.787192,"Correct","Correct","Correct","Correct"
"2",19,"5_6_stimuli","5_6","Incongruent","Incongruent","Congruent","Congruent",37.99976,38.199756,"6^",0.914839,"Correct","Correct","Correct","Correct"
"2",20,"7_8_stimuli","7_7","Congruent","Incongruent","Incongruent","Congruent",39.999738,40.199745,"7&",0.594974,"Correct","Correct","Correct","Correct"
"2",21,"1_2_stimuli","1_2","Incongruent","Congruent","Incongruent","Incongruent",41.999734,42.199737,"2@",0.595291,"Correct","Correct","Correct","Correct"
"2",22,"3_4_stimuli","3_4","Incongruent","Incongruent","Congruent","Incongruent",43.999719,44.199711,"4$",0.978663,"Correct","Correct","Correct","Correct"
"2",23,"5_6_stimuli","6_5","Incongruent","Incongruent","Incongruent","Congruent",45.999709,46.199708,"5%",0.803054,"Correct","Correct","Correct","Correct"
"2",24,"7_8_stimuli","8_8","Congruent","Incongruent","Incongruent","Incongruent",47.999698,48.19969,"8*",0.562643,"Correct","Correct","Correct","Correct"
"2",25,"1_2_stimuli","1_1","Congruent","Congruent","Incongruent","Incongruent",49.999691,50.199683,"1!",0.563058,"Correct","Correct","Correct","Correct"
"2",26,"3_4_stimuli","3_3","Congruent","Congruent","Congruent","Incongruent",51.999663,52.199664,"3#",0.915252,"Correct","Correct","Correct","Correct"
"2",27,"5_6_stimuli","5_5","Congruent","Congruent","Congruent","Congruent",53.999652,54.199658,"6^",0.675356,"Error","Correct","Correct","Correct"
"2",28,"7_8_stimuli","8_8","Congruent","Congruent","Congruent","Congruent",55.999649,56.199642,"8*",0.994658,"Correct","Error","Correct","Correct"
"2",29,"1_2_stimuli","2_1","Incongruent","Congruent","Congruent","Congruent",57.999624,58.199625,"1!",0.5949,"Correct","Correct","Error","Correct"
"2",30,"3_4_stimuli","4_4","Congruent","Incongruent","Congruent","Congruent",59.999618,60.199613,"4$",0.80269,"Correct","Correct","Correct","Error"
"2",31,"5_6_stimuli","6_5","Incongruent","Congruent","Incongruent","Congruent",61.999599,62.199602,"5%",0.88277,"Correct","Correct","Correct","Correct"
"2",32,"7_8_stimuli","8_7","Incongruent","Incongruent","Congruent","Incongruent",63.999577,64.199596,"7&",1.2508,"Correct","Correct","Correct","Correct"
"2",33,"1_2_stimuli","2_2","Congruent","Incongruent","Incongruent","Congruent",65.999578,66.199572,"2@",0.611372,"Correct","Correct","Correct","Correct"
"2",34,"3_4_stimuli","3_3","Congruent","Congruent","Incongruent","Incongruent",67.999569,68.199551,"3#",0.515272,"Correct","Correct","Correct","Correct"
"2",35,"5_6_stimuli","5_5","Congruent","Congruent","Congruent","Incongruent",69.999546,70.199545,"5%",0.67505,"Correct","Correct","Correct","Correct"
"2",36,"7_8_stimuli","7_8","Incongruent","Congruent","Congruent","Congruent",71.999533,72.199528,"8*",0.707315,"Correct","Correct","Correct","Correct"
"2",37,"1_2_stimuli","1_1","Congruent","Incongruent","Congruent","Congruent",73.999514,74.199516,"1!",0.51504,"Correct","Correct","Correct","Correct"
"2",38,"3_4_stimuli","3_4","Incongruent","Congruent","Incongruent","Congruent",75.999517,76.199511,"4$",0.9153,"Correct","Correct","Correct","Correct"
"2",39,"5_6_stimuli","5_5","Congruent","Incongruent","Congruent","Incongruent",77.999496,78.199498,"5%",0.867263,"Correct","Correct","Correct","Correct"
"2",40,"7_8_stimuli","8_7","Incongruent","Congruent","Incongruent","Congruent",79.99949,80.199488,"7&",0.851543,"Correct","Correct","Correct","Correct"
"2",41,"1_2_stimuli","2_1","Incongruent","Incongruent","Congruent","Incongruent",81.999469,82.199473,"1!",0.531141,"Correct","Correct","Correct","Correct"
"2",42,"3_4_stimuli","4_3","Incongruent","Incongruent","Incongruent","Congruent",83.999461,84.199454,"3#",0.803001,"Correct","Correct","Correct","Correct"
"2",43,"5_6_stimuli","5_5","Congruent","Incongruent","Incongruent","Incongruent",85.999452,86.199444,"5%",0.643262,"Correct","Correct","Correct","Correct"
"2",44,"7_8_stimuli","7_7","Congruent","Congruent","Incongruent","Incongruent",87.999423,88.19942,"7&",0.89964,"Correct","Correct","Correct","Correct"
"2",45,"1_2_stimuli","2_2","Congruent","Congruent","Congruent","Incongruent",89.999423,90.199413,"2@",0.626938,"Correct","Correct","Correct","Correct"
"2",46,"3_4_stimuli","4_3","Incongruent","Congruent","Congruent","Congruent",91.999403,92.199399,"3#",0.595276,"Correct","Correct","Correct","Correct"
"2",47,"5_6_stimuli","6_6","Congruent","Incongruent","Congruent","Congruent",93.999394,94.199389,"5%",1.074984,"Error","Correct","Correct","Correct"
"2",48,"7_8_stimuli","8_8","Congruent","Congruent","Incongruent","Congruent",95.999369,96.199378,"8*",1.059011,"Correct","Error","Correct","Correct"
"2",49,"1_2_stimuli","2_1","Incongruent","Congruent","Congruent","Incongruent",97.999358,98.199353,"1!",0.595168,"Correct","Correct","Error","Correct"
"2",50,"3_4_stimuli","4_3","Incongruent","Incongruent","Congruent","Congruent",99.999352,100.199351,"3#",0.771048,"Correct","Correct","Correct","Error"
"2",51,"5_6_stimuli","6_6","Congruent","Incongruent","Incongruent","Congruent",101.999339,102.199334,"6^",1.091312,"Correct","Correct","Correct","Correct"
"2",52,"7_8_stimuli","7_8","Incongruent","Congruent","Incongruent","Incongruent",103.999327,104.199314,"8*",0.691367,"Correct","Correct","Correct","Correct"
"2",53,"1_2_stimuli","1_1","Congruent","Incongruent","Congruent","Incongruent",105.99931,106.199305,"1!",0.563581,"Correct","Correct","Correct","Correct"
"2",54,"3_4_stimuli","4_4","Congruent","Congruent","Incongruent","Congruent",107.999307,108.199291,"3#",1.33116,"Error","Correct","Correct","Correct"
"2",55,"5_6_stimuli","6_5","Incongruent","Congruent","Congruent","Incongruent",109.999296,110.199283,"5%",0.787163,"Correct","Error","Correct","Correct"
"2",56,"7_8_stimuli","8_7","Incongruent","Incongruent","Congruent","Congruent",111.999266,112.199268,"7&",0.787974,"Correct","Correct","Error","Correct"
"2",57,"1_2_stimuli","1_2","Incongruent","Incongruent","Incongruent","Congruent",113.999261,114.199258,"2@",0.627233,"Correct","Correct","Correct","Error"
"2",58,"3_4_stimuli","4_3","Incongruent","Incongruent","Incongruent","Incongruent",115.999248,116.199236,"3#",0.515634,"Correct","Correct","Correct","Correct"
"2",59,"5_6_stimuli","6_5","Incongruent","Incongruent","Incongruent","Incongruent",117.999227,118.199224,"5%",0.739201,"Correct","Correct","Correct","Correct"
"2",60,"7_8_stimuli","7_8","Incongruent","Incongruent","Incongruent","Incongruent",119.999216,120.199216,"8*",0.739814,"Correct","Correct","Correct","Correct"
"2",61,"1_2_stimuli","1_1","Congruent","Incongruent","Incongruent","Incongruent",121.999207,122.199198,"1!",0.499161,"Correct","Correct","Correct","Correct"
"2",62,"3_4_stimuli","3_4","Incongruent","Congruent","Incongruent","Incongruent",123.999194,124.199187,"4$",0.963273,"Correct","Correct","Correct","Correct"
"2",63,"5_6_stimuli","5_6","Incongruent","Incongruent","Congruent","Incongruent",125.999183,126.199181,"6^",0.851978,"Correct","Correct","Correct","Correct"
"2",64,"7_8_stimuli","7_8","Incongruent","Incongruent","Incongruent","Congruent",127.999158,128.199164,"8*",0.739698,"Correct","Correct","Correct","Correct"
"2",65,"1_2_stimuli","1_2","Incongruent","Incongruent","Incongruent","Incongruent",129.999158,130.199159,"2@",1.011238,"Correct","Correct","Correct","Correct"
"2",66,"3_4_stimuli","3_3","Congruent","Incongruent","Incongruent","Incongruent",131.999137,132.199132,"3#",0.57931,"Correct","Correct","Correct","Correct"
"2",67,"5_6_stimuli","5_6","Incongruent","Congruent","Incongruent","Incongruent",133.99912,134.199131,"6^",1.235358,"Correct","Correct","Correct","Correct"
"2",68,"7_8_stimuli","8_8","Congruent","Incongruent","Congruent","Incongruent",135.999114,136.199105,"8*",0.531658,"Correct","Correct","Correct","Correct"
"3",1,"1_2_stimuli","2_1","Incongruent",NA,NA,NA,1.999977,2.199988,"1!",0.495022,"Correct",NA,NA,NA
"3",2,"3_4_stimuli","4_3","Incongruent","Incongruent",NA,NA,3.999966,4.19997,"3#",0.638734,"Correct","Correct",NA,NA
"3",3,"5_6_stimuli","6_6","Congruent","Incongruent","Incongruent",NA,5.999954,6.19996,"6^",0.750979,"Correct","Correct","Correct",NA
"3",4,"7_8_stimuli","8_8","Congruent","Congruent","Incongruent","Incongruent",7.999951,8.199951,"8*",0.511541,"Correct","Correct","Correct","Correct"
"3",5,"1_2_stimuli","1_2","Incongruent","Congruent","Congruent","Incongruent",9.999933,10.199922,"2@",0.55885,"Correct","Correct","Correct","Correct"
"3",6,"3_4_stimuli","4_4","Congruent","Incongruent","Congruent","Congruent",11.999921,12.199915,"4$",0.62283,"Correct","Correct","Correct","Correct"
"3",7,"5_6_stimuli","6_5","Incongruent","Congruent","Incongruent","Congruent",13.9999,14.1999,"5%",0.671245,"Correct","Correct","Correct","Correct"
"3",8,"7_8_stimuli","8_7","Incongruent","Incongruent","Congruent","Incongruent",15.999891,16.199892,"7&",0.55886,"Correct","Correct","Correct","Correct"
"3",9,"1_2_stimuli","1_2","Incongruent","Incongruent","Incongruent","Congruent",17.999876,18.199875,"2@",0.526842,"Correct","Correct","Correct","Correct"
"3",10,"3_4_stimuli","3_3","Congruent","Incongruent","Incongruent","Incongruent",19.999863,20.199864,"3#",0.559455,"Correct","Correct","Correct","Correct"
"3",11,"5_6_stimuli","5_5","Congruent","Congruent","Incongruent","Incongruent",21.999852,22.199853,"5%",0.655487,"Correct","Correct","Correct","Correct"
"3",12,"7_8_stimuli","8_7","Incongruent","Congruent","Congruent","Incongruent",23.999832,24.19984,"7&",0.942951,"Correct","Correct","Correct","Correct"
"3",13,"1_2_stimuli","2_1","Incongruent","Incongruent","Congruent","Congruent",25.999817,26.199833,"1!",0.62302,"Correct","Correct","Correct","Correct"
"3",14,"3_4_stimuli","3_4","Incongruent","Incongruent","Incongruent","Congruent",27.999821,28.199816,"4$",0.83138,"Correct","Correct","Correct","Correct"
"3",15,"5_6_stimuli","6_5","Incongruent","Incongruent","Incongruent","Incongruent",29.999798,30.199803,"5%",0.879674,"Correct","Correct","Correct","Correct"
"3",16,"7_8_stimuli","7_7","Congruent","Incongruent","Incongruent","Incongruent",31.999795,32.199782,"7&",0.991227,"Correct","Correct","Correct","Correct"
"3",17,"1_2_stimuli","2_2","Congruent","Congruent","Incongruent","Incongruent",33.999781,34.199775,"2@",0.735399,"Correct","Correct","Correct","Correct"
"3",18,"3_4_stimuli","3_4","Incongruent","Congruent","Congruent","Incongruent",35.999758,36.199762,"4$",0.654951,"Correct","Correct","Correct","Correct"
"3",19,"5_6_stimuli","5_5","Congruent","Incongruent","Congruent","Congruent",37.999752,38.19975,"5%",0.575043,"Correct","Correct","Correct","Correct"
"3",20,"7_8_stimuli","8_7","Incongruent","Congruent","Incongruent","Congruent",39.999739,40.199734,"7&",0.671063,"Correct","Correct","Correct","Correct"
"3",21,"1_2_stimuli","1_1","Congruent","Incongruent","Congruent","Incongruent",41.999721,42.19972,"1!",0.5592,"Correct","Correct","Correct","Correct"
"3",22,"3_4_stimuli","3_3","Congruent","Congruent","Incongruent","Congruent",43.999711,44.199714,"3#",0.623682,"Correct","Correct","Correct","Correct"
"3",23,"5_6_stimuli","5_6","Incongruent","Congruent","Congruent","Incongruent",45.999693,46.199701,"6^",0.911233,"Correct","Correct","Correct","Correct"
"3",24,"7_8_stimuli","8_8","Congruent","Incongruent","Congruent","Congruent",47.999683,48.199677,"8*",0.591562,"Correct","Correct","Correct","Correct"
"3",25,"1_2_stimuli","1_1","Congruent","Congruent","Incongruent","Congruent",49.999679,50.199671,"1!",0.479678,"Correct","Correct","Correct","Correct"
"3",26,"3_4_stimuli","3_3","Congruent","Congruent","Congruent","Incongruent",51.999666,52.199658,"3#",0.527435,"Correct","Correct","Correct","Correct"
"3",27,"5_6_stimuli","6_6","Congruent","Congruent","Congruent","Congruent",53.999644,54.199644,"6^",0.943178,"Correct","Correct","Correct","Correct"
"3",28,"7_8_stimuli","7_8","Incongruent","Congruent","Congruent","Congruent",55.999631,56.199637,"8*",0.799479,"Correct","Correct","Correct","Correct"
"3",29,"1_2_stimuli","1_1","Congruent","Incongruent","Congruent","Congruent",57.999619,58.199622,"1!",0.415432,"Correct","Correct","Correct","Correct"
"3",30,"3_4_stimuli","4_3","Incongruent","Congruent","Incongruent","Congruent",59.999603,60.199602,"3#",0.575868,"Correct","Correct","Correct","Correct"
"3",31,"5_6_stimuli","6_5","Incongruent","Incongruent","Congruent","Incongruent",61.999596,62.199582,"5%",0.879244,"Correct","Correct","Correct","Correct"
"3",32,"7_8_stimuli","7_8","Incongruent","Incongruent","Incongruent","Congruent",63.999584,64.199573,"8*",0.655279,"Correct","Correct","Correct","Correct"
"3",33,"1_2_stimuli","1_2","Incongruent","Incongruent","Incongruent","Incongruent",65.999568,66.19956,"2@",0.703447,"Correct","Correct","Correct","Correct"
"3",34,"3_4_stimuli","4_3","Incongruent","Incongruent","Incongruent","Incongruent",67.999555,68.199552,"3#",0.511417,"Correct","Correct","Correct","Correct"
"3",35,"5_6_stimuli","5_5","Congruent","Incongruent","Incongruent","Incongruent",69.999537,70.199527,"5%",0.656031,"Correct","Correct","Correct","Correct"
"3",36,"7_8_stimuli","7_8","Incongruent","Congruent","Incongruent","Incongruent",71.999528,72.199524,"8*",0.575768,"Correct","Correct","Correct","Correct"
"3",37,"1_2_stimuli","2_1","Incongruent","Incongruent","Congruent","Incongruent",73.999515,74.199504,"1!",0.559319,"Correct","Correct","Correct","Correct"
"3",38,"3_4_stimuli","4_4","Congruent","Incongruent","Incongruent","Congruent",75.999507,76.199503,"4$",0.87975,"Correct","Correct","Correct","Correct"
"3",39,"5_6_stimuli","6_5","Incongruent","Congruent","Incongruent","Incongruent",77.999484,78.199487,"5%",0.639435,"Correct","Correct","Correct","Correct"
"3",40,"7_8_stimuli","8_8","Congruent","Incongruent","Congruent","Incongruent",79.999468,80.19947,"8*",0.496413,"Correct","Correct","Correct","Correct"
"3",41,"1_2_stimuli","2_1","Incongruent","Congruent","Incongruent","Congruent",81.999463,82.199462,"1!",0.431819,"Correct","Correct","Correct","Correct"
"3",42,"3_4_stimuli","4_3","Incongruent","Incongruent","Congruent","Incongruent",83.999443,84.19944,"3#",0.543734,"Correct","Correct","Correct","Correct"
"3",43,"5_6_stimuli","6_6","Congruent","Incongruent","Incongruent","Congruent",85.999434,86.199426,"6^",1.039667,"Correct","Correct","Correct","Correct"
"3",44,"7_8_stimuli","7_7","Congruent","Congruent","Incongruent","Incongruent",87.999429,88.199409,"7&",0.623814,"Correct","Correct","Correct","Correct"
"3",45,"1_2_stimuli","1_1","Congruent","Congruent","Congruent","Incongruent",89.999402,90.199404,"1!",0.543662,"Correct","Correct","Correct","Correct"
"3",46,"3_4_stimuli","3_4","Incongruent","Congruent","Congruent","Congruent",91.999395,92.199387,"4$",0.671508,"Correct","Correct","Correct","Correct"
"3",47,"5_6_stimuli","5_6","Incongruent","Incongruent","Congruent","Congruent",93.99938,94.199389,"6^",0.655937,"Correct","Correct","Correct","Correct"
"3",48,"7_8_stimuli","8_8","Congruent","Incongruent","Incongruent","Congruent",95.999378,96.199368,"8*",0.495911,"Correct","Correct","Correct","Correct"
"3",49,"1_2_stimuli","2_1","Incongruent","Congruent","Incongruent","Incongruent",97.99936,98.199345,"1!",0.559527,"Correct","Correct","Correct","Correct"
"3",50,"3_4_stimuli","4_4","Congruent","Incongruent","Congruent","Incongruent",99.999337,100.199341,"4$",0.511561,"Correct","Correct","Correct","Correct"
"3",51,"5_6_stimuli","6_6","Congruent","Congruent","Incongruent","Congruent",101.99932,102.199324,"6^",0.751569,"Correct","Correct","Correct","Correct"
"3",52,"7_8_stimuli","7_7","Congruent","Congruent","Congruent","Incongruent",103.999318,104.199318,"7&",0.751549,"Correct","Correct","Correct","Correct"
"3",53,"1_2_stimuli","2_2","Congruent","Congruent","Congruent","Congruent",105.999311,106.199294,"2@",0.671948,"Correct","Correct","Correct","Correct"
"3",54,"3_4_stimuli","4_4","Congruent","Congruent","Congruent","Congruent",107.99928,108.199288,"4$",0.591856,"Correct","Correct","Correct","Correct"
"3",55,"5_6_stimuli","5_6","Incongruent","Congruent","Congruent","Congruent",109.999279,110.199269,"6^",1.13561,"Correct","Correct","Correct","Correct"
"3",56,"7_8_stimuli","7_8","Incongruent","Incongruent","Congruent","Congruent",111.999268,112.199266,"8*",0.576026,"Correct","Correct","Correct","Correct"
"3",57,"1_2_stimuli","2_2","Congruent","Incongruent","Incongruent","Congruent",113.999243,114.199254,"2@",0.719846,"Correct","Correct","Correct","Correct"
"3",58,"3_4_stimuli","3_3","Congruent","Congruent","Incongruent","Incongruent",115.999243,116.199232,"3#",0.431675,"Correct","Correct","Correct","Correct"
"3",59,"5_6_stimuli","5_5","Congruent","Congruent","Congruent","Incongruent",117.999225,118.199218,"5%",0.719689,"Correct","Correct","Correct","Correct"
"3",60,"7_8_stimuli","8_8","Congruent","Congruent","Congruent","Congruent",119.999211,120.199202,"8*",0.639694,"Correct","Correct","Correct","Correct"
"3",61,"1_2_stimuli","1_2","Incongruent","Congruent","Congruent","Congruent",121.999197,122.199192,"2@",0.672367,"Correct","Correct","Correct","Correct"
"3",62,"3_4_stimuli","3_4","Incongruent","Incongruent","Congruent","Congruent",123.999191,124.199183,"4$",0.735795,"Correct","Correct","Correct","Correct"
"3",63,"5_6_stimuli","5_6","Incongruent","Incongruent","Incongruent","Congruent",125.999167,126.199167,"6^",0.656411,"Correct","Correct","Correct","Correct"
"3",64,"7_8_stimuli","8_7","Incongruent","Incongruent","Incongruent","Incongruent",127.99916,128.199151,"7&",0.624149,"Correct","Correct","Correct","Correct"
"3",65,"1_2_stimuli","2_2","Congruent","Incongruent","Incongruent","Incongruent",129.999146,130.199149,"2@",0.527863,"Correct","Correct","Correct","Correct"
"3",66,"3_4_stimuli","4_3","Incongruent","Congruent","Incongruent","Incongruent",131.999133,132.19913,"3#",0.559764,"Correct","Correct","Correct","Correct"
"3",67,"5_6_stimuli","6_6","Congruent","Incongruent","Congruent","Incongruent",133.999121,134.199124,"6^",1.007845,"Correct","Correct","Correct","Correct"
"3",68,"7_8_stimuli","7_7","Congruent","Congruent","Incongruent","Congruent",135.999102,136.199108,"7&",0.943846,"Correct","Correct","Correct","Correct"
"4",1,"1_2_stimuli","1_2","Incongruent",NA,NA,NA,2.000001,2.200002,"2@",0.505636,"Correct",NA,NA,NA
"4",2,"3_4_stimuli","4_4","Congruent","Incongruent",NA,NA,3.999986,4.199984,"4$",0.697931,"Correct","Correct",NA,NA
"4",3,"5_6_stimuli","6_6","Congruent","Congruent","Incongruent",NA,5.99997,6.19998,"6^",0.74527,"Correct","Correct","Correct",NA
"4",4,"7_8_stimuli","8_7","Incongruent","Congruent","Congruent","Incongruent",7.999969,8.19997,"7&",0.489785,"Correct","Correct","Correct","Correct"
"4",5,"1_2_stimuli","1_2","Incongruent","Incongruent","Congruent","Congruent",9.99997,10.19995,"2@",0.553266,"Correct","Correct","Correct","Correct"
"4",6,"3_4_stimuli","3_4","Incongruent","Incongruent","Incongruent","Congruent",11.999942,12.199934,"4$",0.681899,"Correct","Correct","Correct","Correct"
"4",7,"5_6_stimuli","5_6","Incongruent","Incongruent","Incongruent","Incongruent",13.999919,14.199923,"6^",0.633966,"Correct","Correct","Correct","Correct"
"4",8,"7_8_stimuli","8_7","Incongruent","Incongruent","Incongruent","Incongruent",15.999912,16.199906,"7&",0.409976,"Correct","Correct","Correct","Correct"
"4",9,"1_2_stimuli","1_2","Incongruent","Incongruent","Incongruent","Incongruent",17.999893,18.199905,"2@",0.521979,"Correct","Correct","Correct","Correct"
"4",10,"3_4_stimuli","4_3","Incongruent","Incongruent","Incongruent","Incongruent",19.99989,20.199883,"3#",0.585851,"Correct","Correct","Correct","Correct"
"4",11,"5_6_stimuli","5_5","Congruent","Incongruent","Incongruent","Incongruent",21.99988,22.199873,"5%",0.649616,"Correct","Correct","Correct","Correct"
"4",12,"7_8_stimuli","8_7","Incongruent","Congruent","Incongruent","Incongruent",23.99985,24.199858,"7&",0.585417,"Correct","Correct","Correct","Correct"
"4",13,"1_2_stimuli","2_2","Congruent","Incongruent","Congruent","Incongruent",25.99985,26.199844,"2@",0.697807,"Correct","Correct","Correct","Correct"
"4",14,"3_4_stimuli","3_4","Incongruent","Congruent","Incongruent","Congruent",27.999838,28.199832,"4$",0.729418,"Correct","Correct","Correct","Correct"
"4",15,"5_6_stimuli","6_5","Incongruent","Incongruent","Congruent","Incongruent",29.99982,30.199818,"5%",0.569841,"Correct","Correct","Correct","Correct"
"4",16,"7_8_stimuli","8_8","Congruent","Incongruent","Incongruent","Congruent",31.99982,32.199814,"8*",0.586131,"Correct","Correct","Correct","Correct"
"4",17,"1_2_stimuli","1_2","Incongruent","Congruent","Incongruent","Incongruent",33.999796,34.199802,"2@",0.489749,"Correct","Correct","Correct","Correct"
"4",18,"3_4_stimuli","4_4","Congruent","Incongruent","Congruent","Incongruent",35.999782,36.199777,"4$",0.506114,"Correct","Correct","Correct","Correct"
"4",19,"5_6_stimuli","5_6","Incongruent","Congruent","Incongruent","Congruent",37.999776,38.199777,"6^",0.842639,"Correct","Correct","Correct","Correct"
"4",20,"7_8_stimuli","7_8","Incongruent","Incongruent","Congruent","Incongruent",39.999748,40.199752,"8*",0.681927,"Correct","Correct","Correct","Correct"
"4",21,"1_2_stimuli","1_1","Congruent","Incongruent","Incongruent","Congruent",41.999739,42.199739,"1!",0.52145,"Correct","Correct","Correct","Correct"
"4",22,"3_4_stimuli","4_4","Congruent","Congruent","Incongruent","Incongruent",43.999728,44.199729,"4$",0.586213,"Correct","Correct","Correct","Correct"
"4",23,"5_6_stimuli","6_6","Congruent","Congruent","Congruent","Incongruent",45.999716,46.199725,"6^",0.681518,"Correct","Correct","Correct","Correct"
"4",24,"7_8_stimuli","8_8","Congruent","Congruent","Congruent","Congruent",47.999708,48.199704,"8*",0.410343,"Correct","Correct","Correct","Correct"
"4",25,"1_2_stimuli","1_2","Incongruent","Congruent","Congruent","Congruent",49.99969,50.199695,"2@",0.569992,"Correct","Correct","Correct","Correct"
"4",26,"3_4_stimuli","3_3","Congruent","Incongruent","Congruent","Congruent",51.99968,52.199678,"3#",0.698023,"Correct","Correct","Correct","Correct"
"4",27,"5_6_stimuli","6_6","Congruent","Congruent","Incongruent","Congruent",53.999669,54.199671,"6^",0.585608,"Correct","Correct","Correct","Correct"
"4",28,"7_8_stimuli","8_8","Congruent","Congruent","Congruent","Incongruent",55.999646,56.199644,"8*",0.474055,"Correct","Correct","Correct","Correct"
"4",29,"1_2_stimuli","1_1","Congruent","Congruent","Congruent","Congruent",57.999646,58.199635,"1!",0.553623,"Correct","Correct","Correct","Correct"
"4",30,"3_4_stimuli","4_3","Incongruent","Congruent","Congruent","Congruent",59.999621,60.199627,"3#",0.602253,"Correct","Correct","Correct","Correct"
"4",31,"5_6_stimuli","6_5","Incongruent","Incongruent","Congruent","Congruent",61.999621,62.199621,"5%",0.825724,"Correct","Correct","Correct","Correct"
"4",32,"7_8_stimuli","7_8","Incongruent","Incongruent","Incongruent","Congruent",63.999602,64.1996,"8*",0.537639,"Correct","Correct","Correct","Correct"
"4",33,"1_2_stimuli","1_1","Congruent","Incongruent","Incongruent","Incongruent",65.99959,66.199582,"1!",0.410115,"Correct","Correct","Correct","Correct"
"4",34,"3_4_stimuli","4_3","Incongruent","Congruent","Incongruent","Incongruent",67.999583,68.199567,"3#",0.730006,"Correct","Correct","Correct","Correct"
"4",35,"5_6_stimuli","5_5","Congruent","Incongruent","Congruent","Incongruent",69.999566,70.199563,"5%",0.729805,"Correct","Correct","Correct","Correct"
"4",36,"7_8_stimuli","7_8","Incongruent","Congruent","Incongruent","Congruent",71.999547,72.199545,"8*",0.521953,"Correct","Correct","Correct","Correct"
"4",37,"1_2_stimuli","2_1","Incongruent","Incongruent","Congruent","Incongruent",73.999536,74.199532,"1!",0.505879,"Correct","Correct","Correct","Correct"
"4",38,"3_4_stimuli","3_3","Congruent","Incongruent","Incongruent","Congruent",75.999526,76.19952,"3#",0.538376,"Correct","Correct","Correct","Correct"
"4",39,"5_6_stimuli","6_5","Incongruent","Congruent","Incongruent","Incongruent",77.999509,78.199505,"5%",0.473834,"Correct","Correct","Correct","Correct"
"4",40,"7_8_stimuli","8_8","Congruent","Incongruent","Congruent","Incongruent",79.999505,80.199489,"8*",0.409893,"Correct","Correct","Correct","Correct"
"4",41,"1_2_stimuli","2_1","Incongruent","Congruent","Incongruent","Congruent",81.999482,82.199481,"1!",0.601885,"Correct","Correct","Correct","Correct"
"4",42,"3_4_stimuli","4_3","Incongruent","Incongruent","Congruent","Incongruent",83.999467,84.199459,"3#",0.506058,"Correct","Correct","Correct","Correct"
"4",43,"5_6_stimuli","5_5","Congruent","Incongruent","Incongruent","Congruent",85.999459,86.199452,"5%",0.490342,"Correct","Correct","Correct","Correct"
"4",44,"7_8_stimuli","7_7","Congruent","Congruent","Incongruent","Incongruent",87.999449,88.199444,"8*",0.55438,"Error","Correct","Correct","Correct"
"4",45,"1_2_stimuli","2_2","Congruent","Congruent","Congruent","Incongruent",89.999427,90.199429,"2@",0.585873,"Correct","Error","Correct","Correct"
"4",46,"3_4_stimuli","3_3","Congruent","Congruent","Congruent","Congruent",91.999427,92.199419,"3#",0.457918,"Correct","Correct","Error","Correct"
"4",47,"5_6_stimuli","6_5","Incongruent","Congruent","Congruent","Congruent",93.999397,94.199396,"5%",0.793969,"Correct","Correct","Correct","Error"
"4",48,"7_8_stimuli","7_8","Incongruent","Incongruent","Congruent","Congruent",95.999389,96.199389,"8*",0.570215,"Correct","Correct","Correct","Correct"
"4",49,"1_2_stimuli","2_1","Incongruent","Incongruent","Incongruent","Congruent",97.999384,98.199375,"1!",0.650573,"Correct","Correct","Correct","Correct"
"4",50,"3_4_stimuli","4_4","Congruent","Incongruent","Incongruent","Incongruent",99.999373,100.199369,"4$",0.95439,"Correct","Correct","Correct","Correct"
"4",51,"5_6_stimuli","6_6","Congruent","Congruent","Incongruent","Incongruent",101.999351,102.199343,"6^",0.826169,"Correct","Correct","Correct","Correct"
"4",52,"7_8_stimuli","8_7","Incongruent","Congruent","Congruent","Incongruent",103.999345,104.199333,"7&",0.521997,"Correct","Correct","Correct","Correct"
"4",53,"1_2_stimuli","1_1","Congruent","Incongruent","Congruent","Congruent",105.999322,106.19933,"1!",0.538026,"Correct","Correct","Correct","Correct"
"4",54,"3_4_stimuli","4_4","Congruent","Congruent","Incongruent","Congruent",107.99932,108.199321,"4$",0.778371,"Correct","Correct","Correct","Correct"
"4",55,"5_6_stimuli","5_6","Incongruent","Congruent","Congruent","Incongruent",109.999299,110.199297,"6^",0.730642,"Correct","Correct","Correct","Correct"
"4",56,"7_8_stimuli","7_7","Congruent","Incongruent","Congruent","Congruent",111.999291,112.199281,"7&",0.586357,"Correct","Correct","Correct","Correct"
"4",57,"1_2_stimuli","2_2","Congruent","Congruent","Incongruent","Congruent",113.99927,114.199267,"2@",0.474819,"Correct","Correct","Correct","Correct"
"4",58,"3_4_stimuli","3_4","Incongruent","Congruent","Congruent","Incongruent",115.999259,116.199261,"4$",0.890465,"Correct","Correct","Correct","Correct"
"4",59,"5_6_stimuli","6_6","Congruent","Incongruent","Congruent","Congruent",117.999249,118.199248,"5%",0.650806,"Error","Correct","Correct","Correct"
"4",60,"7_8_stimuli","7_7","Congruent","Congruent","Incongruent","Congruent",119.999234,120.199239,"7&",0.618633,"Correct","Error","Correct","Correct"
"4",61,"1_2_stimuli","2_1","Incongruent","Congruent","Congruent","Incongruent",121.999213,122.19922,"1!",0.634261,"Correct","Correct","Error","Correct"
"4",62,"3_4_stimuli","3_4","Incongruent","Incongruent","Congruent","Congruent",123.999211,124.199206,"4$",0.666487,"Correct","Correct","Correct","Error"
"4",63,"5_6_stimuli","5_6","Incongruent","Incongruent","Incongruent","Congruent",125.999192,126.199189,"6^",0.730506,"Correct","Correct","Correct","Correct"
"4",64,"7_8_stimuli","7_7","Congruent","Incongruent","Incongruent","Incongruent",127.999191,128.199189,"7&",0.55421,"Correct","Correct","Correct","Correct"
"4",65,"1_2_stimuli","2_2","Congruent","Congruent","Incongruent","Incongruent",129.999166,130.199166,"2@",0.50681,"Correct","Correct","Correct","Correct"
"4",66,"3_4_stimuli","3_3","Congruent","Congruent","Congruent","Incongruent",131.999155,132.199157,"3#",0.458437,"Correct","Correct","Correct","Correct"
"4",67,"5_6_stimuli","5_5","Congruent","Congruent","Congruent","Congruent",133.999142,134.199147,"4$",0.698331,"Error","Correct","Correct","Correct"
"4",68,"7_8_stimuli","8_7","Incongruent","Congruent","Congruent","Congruent",135.999134,136.199124,"7&",0.970435,"Correct","Error","Correct","Correct"
"5",1,"1_2_stimuli","2_2","Congruent",NA,NA,NA,1.999976,2.199981,"2@",0.700051,"Correct",NA,NA,NA
"5",2,"3_4_stimuli","3_4","Incongruent","Congruent",NA,NA,3.999969,4.199959,"4$",1.020029,"Correct","Correct",NA,NA
"5",3,"5_6_stimuli","5_6","Incongruent","Incongruent","Congruent",NA,5.999958,6.19995,"6^",0.619693,"Correct","Correct","Correct",NA
"5",4,"7_8_stimuli","7_7","Congruent","Incongruent","Incongruent","Congruent",7.999942,8.199941,"7&",0.939897,"Correct","Correct","Correct","Correct"
"5",5,"1_2_stimuli","1_1","Congruent","Congruent","Incongruent","Incongruent",9.999926,10.199924,"1!",0.523771,"Correct","Correct","Correct","Correct"
"5",6,"3_4_stimuli","3_4","Incongruent","Congruent","Congruent","Incongruent",11.99992,12.19992,"4$",0.859724,"Correct","Correct","Correct","Correct"
"5",7,"5_6_stimuli","6_6","Congruent","Incongruent","Congruent","Congruent",13.999908,14.199902,"5%",1.020488,"Error","Correct","Correct","Correct"
"5",8,"7_8_stimuli","7_7","Congruent","Congruent","Incongruent","Congruent",15.999892,16.199891,"7&",0.812018,"Correct","Error","Correct","Correct"
"5",9,"1_2_stimuli","1_1","Congruent","Congruent","Congruent","Incongruent",17.999878,18.199878,"1!",0.475867,"Correct","Correct","Error","Correct"
"5",10,"3_4_stimuli","3_3","Congruent","Congruent","Congruent","Congruent",19.999869,20.199865,"3#",0.588463,"Correct","Correct","Correct","Error"
"5",11,"5_6_stimuli","6_6","Congruent","Congruent","Congruent","Congruent",21.999858,22.199854,"6^",0.572298,"Correct","Correct","Correct","Correct"
"5",12,"7_8_stimuli","8_8","Congruent","Congruent","Congruent","Congruent",23.999837,24.199846,"8*",0.571849,"Correct","Correct","Correct","Correct"
"5",13,"1_2_stimuli","2_1","Incongruent","Congruent","Congruent","Congruent",25.999834,26.199827,"1!",0.492127,"Correct","Correct","Correct","Correct"
"5",14,"3_4_stimuli","4_4","Congruent","Incongruent","Congruent","Congruent",27.999812,28.19981,"4$",0.54017,"Correct","Correct","Correct","Correct"
"5",15,"5_6_stimuli","5_5","Congruent","Congruent","Incongruent","Congruent",29.9998,30.199807,"5%",0.748412,"Correct","Correct","Correct","Correct"
"5",16,"7_8_stimuli","8_7","Incongruent","Congruent","Congruent","Incongruent",31.999784,32.199781,"7&",0.636477,"Correct","Correct","Correct","Correct"
"5",17,"1_2_stimuli","2_2","Congruent","Incongruent","Congruent","Congruent",33.999766,34.199774,"2@",0.524496,"Correct","Correct","Correct","Correct"
"5",18,"3_4_stimuli","3_3","Congruent","Congruent","Incongruent","Congruent",35.999762,36.199761,"3#",0.556003,"Correct","Correct","Correct","Correct"
"5",19,"5_6_stimuli","5_5","Congruent","Congruent","Congruent","Incongruent",37.999756,38.199746,"5%",0.588538,"Correct","Correct","Correct","Correct"
"5",20,"7_8_stimuli","7_8","Incongruent","Congruent","Congruent","Congruent",39.999735,40.199734,"8*",0.988702,"Correct","Correct","Correct","Correct"
"5",21,"1_2_stimuli","1_2","Incongruent","Incongruent","Congruent","Congruent",41.999722,42.199729,"2@",0.860005,"Correct","Correct","Correct","Correct"
"5",22,"3_4_stimuli","4_3","Incongruent","Incongruent","Incongruent","Congruent",43.999716,44.199716,"3#",0.667992,"Correct","Correct","Correct","Correct"
"5",23,"5_6_stimuli","5_6","Incongruent","Incongruent","Incongruent","Incongruent",45.999705,46.199692,"6^",0.796044,"Correct","Correct","Correct","Correct"
"5",24,"7_8_stimuli","8_7","Incongruent","Incongruent","Incongruent","Incongruent",47.999685,48.199679,"7&",0.588704,"Correct","Correct","Correct","Correct"
"5",25,"1_2_stimuli","2_1","Incongruent","Incongruent","Incongruent","Incongruent",49.999672,50.199676,"1!",0.604864,"Correct","Correct","Correct","Correct"
"5",26,"3_4_stimuli","3_4","Incongruent","Incongruent","Incongruent","Incongruent",51.999662,52.199654,"4$",0.668269,"Correct","Correct","Correct","Correct"
"5",27,"5_6_stimuli","5_5","Congruent","Incongruent","Incongruent","Incongruent",53.999655,54.199649,"5%",0.588762,"Correct","Correct","Correct","Correct"
"5",28,"7_8_stimuli","8_8","Congruent","Congruent","Incongruent","Incongruent",55.999627,56.199636,"8*",0.540573,"Correct","Correct","Correct","Correct"
"5",29,"1_2_stimuli","1_2","Incongruent","Congruent","Congruent","Incongruent",57.999628,58.199615,"2@",0.972119,"Correct","Correct","Correct","Correct"
"5",30,"3_4_stimuli","3_4","Incongruent","Incongruent","Congruent","Congruent",59.999615,60.199612,"4$",0.844681,"Correct","Correct","Correct","Correct"
"5",31,"5_6_stimuli","6_5","Incongruent","Incongruent","Incongruent","Congruent",61.9996,62.1996,"5%",0.764455,"Correct","Correct","Correct","Correct"
"5",32,"7_8_stimuli","7_7","Congruent","Incongruent","Incongruent","Incongruent",63.999587,64.199588,"7&",0.6042,"Correct","Correct","Correct","Correct"
"5",33,"1_2_stimuli","1_2","Incongruent","Congruent","Incongruent","Incongruent",65.999564,66.199572,"2@",0.572906,"Correct","Correct","Correct","Correct"
"5",34,"3_4_stimuli","4_3","Incongruent","Incongruent","Congruent","Incongruent",67.999558,68.19956,"3#",0.556562,"Correct","Correct","Correct","Correct"
"5",35,"5_6_stimuli","5_5","Congruent","Incongruent","Incongruent","Congruent",69.999553,70.199532,"5%",0.636159,"Correct","Correct","Correct","Correct"
"5",36,"7_8_stimuli","7_8","Incongruent","Congruent","Incongruent","Incongruent",71.999531,72.199526,"8*",0.540229,"Correct","Correct","Correct","Correct"
"5",37,"1_2_stimuli","2_2","Congruent","Incongruent","Congruent","Incongruent",73.999522,74.199513,"2@",0.460221,"Correct","Correct","Correct","Correct"
"5",38,"3_4_stimuli","4_3","Incongruent","Congruent","Incongruent","Congruent",75.99951,76.199495,"3#",0.524781,"Correct","Correct","Correct","Correct"
"5",39,"5_6_stimuli","6_5","Incongruent","Incongruent","Congruent","Incongruent",77.999495,78.199494,"5%",0.620746,"Correct","Correct","Correct","Correct"
"5",40,"7_8_stimuli","7_8","Incongruent","Incongruent","Incongruent","Congruent",79.999486,80.199472,"8*",0.428481,"Correct","Correct","Correct","Correct"
"5",41,"1_2_stimuli","2_2","Congruent","Incongruent","Incongruent","Incongruent",81.999471,82.199457,"2@",0.396331,"Correct","Correct","Correct","Correct"
"5",42,"3_4_stimuli","4_3","Incongruent","Congruent","Incongruent","Incongruent",83.999451,84.199456,"3#",0.349593,"Correct","Correct","Correct","Correct"
"5",43,"5_6_stimuli","6_6","Congruent","Incongruent","Congruent","Incongruent",85.99944,86.199442,"6^",0.748331,"Correct","Correct","Correct","Correct"
"5",44,"7_8_stimuli","8_7","Incongruent","Congruent","Incongruent","Congruent",87.99943,88.199416,"7&",0.429018,"Correct","Correct","Correct","Correct"
"5",45,"1_2_stimuli","2_1","Incongruent","Incongruent","Congruent","Incongruent",89.999409,90.199407,"1!",0.524897,"Correct","Correct","Correct","Correct"
"5",46,"3_4_stimuli","3_3","Congruent","Incongruent","Incongruent","Congruent",91.999415,92.1994,"3#",0.556858,"Correct","Correct","Correct","Correct"
"5",47,"5_6_stimuli","6_5","Incongruent","Congruent","Incongruent","Incongruent",93.999387,94.199381,"5%",0.636815,"Correct","Correct","Correct","Correct"
"5",48,"7_8_stimuli","7_7","Congruent","Incongruent","Congruent","Incongruent",95.999373,96.199382,"7&",0.588952,"Correct","Correct","Correct","Correct"
"5",49,"1_2_stimuli","2_2","Congruent","Congruent","Incongruent","Congruent",97.999352,98.19935,"2@",0.508637,"Correct","Correct","Correct","Correct"
"5",50,"3_4_stimuli","4_4","Congruent","Congruent","Congruent","Incongruent",99.999351,100.199344,"4$",0.684888,"Correct","Correct","Correct","Correct"
"5",51,"5_6_stimuli","5_6","Incongruent","Congruent","Congruent","Congruent",101.999333,102.199325,"6^",0.748629,"Correct","Correct","Correct","Correct"
"5",52,"7_8_stimuli","8_8","Congruent","Incongruent","Congruent","Congruent",103.999316,104.199318,"8*",0.637039,"Correct","Correct","Correct","Correct"
"5",53,"1_2_stimuli","2_1","Incongruent","Congruent","Incongruent","Congruent",105.999313,106.199304,"1!",0.556838,"Correct","Correct","Correct","Correct"
"5",54,"3_4_stimuli","4_4","Congruent","Incongruent","Congruent","Incongruent",107.999295,108.199292,"4$",0.620479,"Correct","Correct","Correct","Correct"
"5",55,"5_6_stimuli","5_6","Incongruent","Congruent","Incongruent","Congruent",109.999291,110.199273,"6^",0.940842,"Correct","Correct","Correct","Correct"
"5",56,"7_8_stimuli","7_8","Incongruent","Incongruent","Congruent","Incongruent",111.999279,112.199267,"8*",0.668535,"Correct","Correct","Correct","Correct"
"5",57,"1_2_stimuli","1_1","Congruent","Incongruent","Incongruent","Congruent",113.999252,114.199253,"1!",0.428578,"Correct","Correct","Correct","Correct"
"5",58,"3_4_stimuli","3_3","Congruent","Congruent","Incongruent","Incongruent",115.999248,116.199243,"3#",0.652581,"Correct","Correct","Correct","Correct"
"5",59,"5_6_stimuli","6_5","Incongruent","Congruent","Congruent","Incongruent",117.999232,118.199226,"5%",0.813004,"Correct","Correct","Correct","Correct"
"5",60,"7_8_stimuli","8_7","Incongruent","Incongruent","Congruent","Congruent",119.999215,120.199218,"7&",0.572894,"Correct","Correct","Correct","Correct"
"5",61,"1_2_stimuli","1_2","Incongruent","Incongruent","Incongruent","Congruent",121.999206,122.199196,"2@",0.589289,"Correct","Correct","Correct","Correct"
"5",62,"3_4_stimuli","4_4","Congruent","Incongruent","Incongruent","Incongruent",123.999192,124.199185,"4$",0.525078,"Correct","Correct","Correct","Correct"
"5",63,"5_6_stimuli","6_6","Congruent","Congruent","Incongruent","Incongruent",125.999182,126.199177,"6^",0.909404,"Correct","Correct","Correct","Correct"
"5",64,"7_8_stimuli","8_8","Congruent","Congruent","Congruent","Incongruent",127.999159,128.199173,"8*",0.460758,"Correct","Correct","Correct","Correct"
"5",65,"1_2_stimuli","1_1","Congruent","Congruent","Congruent","Congruent",129.999152,130.199147,"1!",0.413343,"Correct","Correct","Correct","Correct"
"5",66,"3_4_stimuli","3_4","Incongruent","Congruent","Congruent","Congruent",131.999135,132.199131,"4$",0.636702,"Correct","Correct","Correct","Correct"
"5",67,"5_6_stimuli","5_6","Incongruent","Incongruent","Congruent","Congruent",133.999128,134.19913,"6^",0.653378,"Correct","Correct","Correct","Correct"
"5",68,"7_8_stimuli","7_7","Congruent","Incongruent","Incongruent","Congruent",135.999112,136.199111,"7&",0.620804,"Correct","Correct","Correct","Correct"
"6",1,"1_2_stimuli","2_2","Congruent",NA,NA,NA,1.999962,2.19996,"2@",0.618056,"Correct",NA,NA,NA
"6",2,"3_4_stimuli","3_3","Congruent","Congruent",NA,NA,3.999961,4.19996,"3#",0.474457,"Correct","Correct",NA,NA
"6",3,"5_6_stimuli","5_6","Incongruent","Congruent","Congruent",NA,5.999933,6.199937,"Omission",5000,"Omission","Correct","Correct",NA
"6",4,"7_8_stimuli","7_7","Congruent","Incongruent","Congruent","Congruent",7.999926,8.199919,"7&",0.986141,"Correct","Omission","Correct","Correct"
"6",5,"1_2_stimuli","1_2","Incongruent","Congruent","Incongruent","Congruent",9.999908,10.199921,"2@",0.490478,"Correct","Correct","Omission","Correct"
"6",6,"3_4_stimuli","3_4","Incongruent","Incongruent","Congruent","Incongruent",11.9999,12.199898,"4$",0.634599,"Correct","Correct","Correct","Omission"
"6",7,"5_6_stimuli","5_5","Congruent","Incongruent","Incongruent","Congruent",13.999897,14.199891,"5%",0.602528,"Correct","Correct","Correct","Correct"
"6",8,"7_8_stimuli","7_7","Congruent","Congruent","Incongruent","Incongruent",15.999875,16.199878,"7&",0.746458,"Correct","Correct","Correct","Correct"
"6",9,"1_2_stimuli","2_2","Congruent","Congruent","Congruent","Incongruent",17.999871,18.199869,"2@",0.490319,"Correct","Correct","Correct","Correct"
"6",10,"3_4_stimuli","3_3","Congruent","Congruent","Congruent","Congruent",19.99985,20.199848,"3#",0.538268,"Correct","Correct","Correct","Correct"
"6",11,"5_6_stimuli","5_5","Congruent","Congruent","Congruent","Congruent",21.99984,22.199844,"5%",0.634597,"Correct","Correct","Correct","Correct"
"6",12,"7_8_stimuli","8_8","Congruent","Congruent","Congruent","Congruent",23.999825,24.199828,"8*",0.554761,"Correct","Correct","Correct","Correct"
"6",13,"1_2_stimuli","2_2","Congruent","Congruent","Congruent","Congruent",25.999818,26.199813,"2@",0.538518,"Correct","Correct","Correct","Correct"
"6",14,"3_4_stimuli","3_4","Incongruent","Congruent","Congruent","Congruent",27.999797,28.199795,"4$",0.746352,"Correct","Correct","Correct","Correct"
"6",15,"5_6_stimuli","5_6","Incongruent","Incongruent","Congruent","Congruent",29.999793,30.199787,"6^",1.082623,"Correct","Correct","Correct","Correct"
"6",16,"7_8_stimuli","7_7","Congruent","Incongruent","Incongruent","Congruent",31.999772,32.199774,"7&",0.458416,"Correct","Correct","Correct","Correct"
"6",17,"1_2_stimuli","1_1","Congruent","Congruent","Incongruent","Incongruent",33.999759,34.199752,"1!",0.442481,"Correct","Correct","Correct","Correct"
"6",18,"3_4_stimuli","3_3","Congruent","Congruent","Congruent","Incongruent",35.999746,36.19975,"3#",0.442463,"Correct","Correct","Correct","Correct"
"6",19,"5_6_stimuli","6_5","Incongruent","Congruent","Congruent","Congruent",37.999737,38.199729,"5%",0.699064,"Correct","Correct","Correct","Correct"
"6",20,"7_8_stimuli","8_7","Incongruent","Incongruent","Congruent","Congruent",39.99972,40.199717,"7&",0.571103,"Correct","Correct","Correct","Correct"
"6",21,"1_2_stimuli","2_1","Incongruent","Incongruent","Incongruent","Congruent",41.999714,42.199715,"1!",0.490416,"Correct","Correct","Correct","Correct"
"6",22,"3_4_stimuli","4_4","Congruent","Incongruent","Incongruent","Incongruent",43.999703,44.199691,"4$",0.651056,"Correct","Correct","Correct","Correct"
"6",23,"5_6_stimuli","5_6","Incongruent","Congruent","Incongruent","Incongruent",45.999688,46.199681,"5%",1.050773,"Error","Correct","Correct","Correct"
"6",24,"7_8_stimuli","8_7","Incongruent","Incongruent","Congruent","Incongruent",47.99967,48.199669,"7&",0.810448,"Correct","Error","Correct","Correct"
"6",25,"1_2_stimuli","2_2","Congruent","Incongruent","Incongruent","Congruent",49.999665,50.199653,"2@",0.490982,"Correct","Correct","Error","Correct"
"6",26,"3_4_stimuli","4_3","Incongruent","Congruent","Incongruent","Incongruent",51.999644,52.199641,"3#",0.602983,"Correct","Correct","Correct","Error"
"6",27,"5_6_stimuli","6_5","Incongruent","Incongruent","Congruent","Incongruent",53.999627,54.199635,"5%",0.699074,"Correct","Correct","Correct","Correct"
"6",28,"7_8_stimuli","7_8","Incongruent","Incongruent","Incongruent","Congruent",55.99961,56.199622,"8*",0.555231,"Correct","Correct","Correct","Correct"
"6",29,"1_2_stimuli","2_1","Incongruent","Incongruent","Incongruent","Incongruent",57.999607,58.199601,"1!",0.603278,"Correct","Correct","Correct","Correct"
"6",30,"3_4_stimuli","4_3","Incongruent","Incongruent","Incongruent","Incongruent",59.999587,60.199598,"3#",0.570598,"Correct","Correct","Correct","Correct"
"6",31,"5_6_stimuli","5_5","Congruent","Incongruent","Incongruent","Incongruent",61.999582,62.199587,"5%",0.634656,"Correct","Correct","Correct","Correct"
"6",32,"7_8_stimuli","8_7","Incongruent","Congruent","Incongruent","Incongruent",63.999557,64.19957,"7&",0.699182,"Correct","Correct","Correct","Correct"
"6",33,"1_2_stimuli","1_2","Incongruent","Incongruent","Congruent","Incongruent",65.999556,66.199558,"2@",0.554707,"Correct","Correct","Correct","Correct"
"6",34,"3_4_stimuli","4_4","Congruent","Incongruent","Incongruent","Congruent",67.999534,68.199544,"4$",0.587018,"Correct","Correct","Correct","Correct"
"6",35,"5_6_stimuli","6_6","Congruent","Congruent","Incongruent","Incongruent",69.999526,70.199533,"5%",0.938593,"Error","Correct","Correct","Correct"
"6",36,"7_8_stimuli","7_8","Incongruent","Congruent","Congruent","Incongruent",71.99951,72.19951,"8*",0.586874,"Correct","Error","Correct","Correct"
"6",37,"1_2_stimuli","1_1","Congruent","Incongruent","Congruent","Congruent",73.99951,74.199499,"1!",0.474721,"Correct","Correct","Error","Correct"
"6",38,"3_4_stimuli","3_3","Congruent","Congruent","Incongruent","Congruent",75.999493,76.199479,"3#",0.555451,"Correct","Correct","Correct","Error"
"6",39,"5_6_stimuli","6_6","Congruent","Congruent","Congruent","Incongruent",77.999484,78.199482,"6^",0.52274,"Correct","Correct","Correct","Correct"
"6",40,"7_8_stimuli","7_8","Incongruent","Congruent","Congruent","Congruent",79.999463,80.199463,"8*",0.490971,"Correct","Correct","Correct","Correct"
"6",41,"1_2_stimuli","1_2","Incongruent","Incongruent","Congruent","Congruent",81.999452,82.199443,"2@",0.554944,"Correct","Correct","Correct","Correct"
"6",42,"3_4_stimuli","3_4","Incongruent","Incongruent","Incongruent","Congruent",83.999441,84.199431,"4$",1.08274,"Correct","Correct","Correct","Correct"
"6",43,"5_6_stimuli","6_5","Incongruent","Incongruent","Incongruent","Incongruent",85.999431,86.199425,"5%",0.650727,"Correct","Correct","Correct","Correct"
"6",44,"7_8_stimuli","7_7","Congruent","Incongruent","Incongruent","Incongruent",87.999409,88.199403,"7&",0.47514,"Correct","Correct","Correct","Correct"
"6",45,"1_2_stimuli","2_1","Incongruent","Congruent","Incongruent","Incongruent",89.999396,90.199398,"1!",0.475368,"Correct","Correct","Correct","Correct"
"6",46,"3_4_stimuli","4_4","Congruent","Incongruent","Congruent","Incongruent",91.99939,92.199391,"4$",0.523429,"Correct","Correct","Correct","Correct"
"6",47,"5_6_stimuli","5_5","Congruent","Congruent","Incongruent","Congruent",93.999372,94.199381,"5%",0.42754,"Correct","Correct","Correct","Correct"
"6",48,"7_8_stimuli","8_8","Congruent","Congruent","Congruent","Incongruent",95.999355,96.199356,"8*",0.539235,"Correct","Correct","Correct","Correct"
"6",49,"1_2_stimuli","2_1","Incongruent","Congruent","Congruent","Congruent",97.999344,98.199347,"2@",0.394911,"Error","Correct","Correct","Correct"
"6",50,"3_4_stimuli","4_4","Congruent","Incongruent","Congruent","Congruent",99.99933,100.199323,"4$",0.55494,"Correct","Error","Correct","Correct"
"6",51,"5_6_stimuli","5_6","Incongruent","Congruent","Incongruent","Congruent",101.999321,102.19933,"6^",0.779443,"Correct","Correct","Error","Correct"
"6",52,"7_8_stimuli","7_7","Congruent","Incongruent","Congruent","Incongruent",103.999316,104.199304,"7&",0.538912,"Correct","Correct","Correct","Error"
"6",53,"1_2_stimuli","2_2","Congruent","Congruent","Incongruent","Congruent",105.999296,106.199286,"2@",0.603231,"Correct","Correct","Correct","Correct"
"6",54,"3_4_stimuli","4_3","Incongruent","Congruent","Congruent","Incongruent",107.999281,108.19928,"3#",0.539045,"Correct","Correct","Correct","Correct"
"6",55,"5_6_stimuli","6_6","Congruent","Incongruent","Congruent","Congruent",109.999274,110.199265,"6^",0.747513,"Correct","Correct","Correct","Correct"
"6",56,"7_8_stimuli","7_8","Incongruent","Congruent","Incongruent","Congruent",111.999261,112.199252,"8*",0.635175,"Correct","Correct","Correct","Correct"
"6",57,"1_2_stimuli","1_1","Congruent","Incongruent","Congruent","Incongruent",113.999246,114.199234,"1!",0.491087,"Correct","Correct","Correct","Correct"
"6",58,"3_4_stimuli","3_4","Incongruent","Congruent","Incongruent","Congruent",115.999232,116.19923,"4$",1.003007,"Correct","Correct","Correct","Correct"
"6",59,"5_6_stimuli","6_6","Congruent","Incongruent","Congruent","Incongruent",117.999222,118.199219,"6^",0.68379,"Correct","Correct","Correct","Correct"
"6",60,"7_8_stimuli","8_8","Congruent","Congruent","Incongruent","Congruent",119.999202,120.199198,"8*",0.459142,"Correct","Correct","Correct","Correct"
"6",61,"1_2_stimuli","1_2","Incongruent","Congruent","Congruent","Incongruent",121.999189,122.199192,"2@",0.619783,"Correct","Correct","Correct","Correct"
"6",62,"3_4_stimuli","4_3","Incongruent","Incongruent","Congruent","Congruent",123.999182,124.199179,"3#",0.53975,"Correct","Correct","Correct","Correct"
"6",63,"5_6_stimuli","5_6","Incongruent","Incongruent","Incongruent","Congruent",125.999164,126.199166,"6^",0.651689,"Correct","Correct","Correct","Correct"
"6",64,"7_8_stimuli","8_7","Incongruent","Incongruent","Incongruent","Incongruent",127.999145,128.199153,"7&",0.619811,"Correct","Correct","Correct","Correct"
"6",65,"1_2_stimuli","1_1","Congruent","Incongruent","Incongruent","Incongruent",129.999138,130.199137,"1!",0.555172,"Correct","Correct","Correct","Correct"
"6",66,"3_4_stimuli","3_3","Congruent","Congruent","Incongruent","Incongruent",131.999129,132.199117,"3#",0.539584,"Correct","Correct","Correct","Correct"
"6",67,"5_6_stimuli","6_5","Incongruent","Congruent","Congruent","Incongruent",133.999119,134.199116,"5%",0.779744,"Correct","Correct","Correct","Correct"
"6",68,"7_8_stimuli","8_8","Congruent","Incongruent","Congruent","Congruent",135.9991,136.1991,"8*",0.50776,"Correct","Correct","Correct","Correct"
"7",1,"1_2_stimuli","1_1","Congruent",NA,NA,NA,1.999983,2.199979,"1!",1.067943,"Correct",NA,NA,NA
"7",2,"3_4_stimuli","4_4","Congruent","Congruent",NA,NA,3.99998,4.199979,"4$",1.116409,"Correct","Correct",NA,NA
"7",3,"5_6_stimuli","6_6","Congruent","Congruent","Congruent",NA,5.999968,6.19996,"6^",0.812703,"Correct","Correct","Correct",NA
"7",4,"7_8_stimuli","7_7","Congruent","Congruent","Congruent","Congruent",7.999954,8.199947,"7&",0.443962,"Correct","Correct","Correct","Correct"
"7",5,"1_2_stimuli","2_1","Incongruent","Congruent","Congruent","Congruent",9.99993,10.199943,"1!",0.556415,"Correct","Correct","Correct","Correct"
"7",6,"3_4_stimuli","3_3","Congruent","Incongruent","Congruent","Congruent",11.999927,12.199924,"3#",0.507944,"Correct","Correct","Correct","Correct"
"7",7,"5_6_stimuli","5_6","Incongruent","Congruent","Incongruent","Congruent",13.999913,14.199909,"6^",1.388037,"Correct","Correct","Correct","Correct"
"7",8,"7_8_stimuli","7_7","Congruent","Incongruent","Congruent","Incongruent",15.999896,16.199903,"7&",0.668095,"Correct","Correct","Correct","Correct"
"7",9,"1_2_stimuli","1_1","Congruent","Congruent","Incongruent","Congruent",17.999884,18.199877,"1!",0.460064,"Correct","Correct","Correct","Correct"
"7",10,"3_4_stimuli","3_4","Incongruent","Congruent","Congruent","Incongruent",19.999873,20.199869,"4$",0.620626,"Correct","Correct","Correct","Correct"
"7",11,"5_6_stimuli","5_6","Incongruent","Incongruent","Congruent","Congruent",21.999856,22.199868,"6^",0.812655,"Correct","Correct","Correct","Correct"
"7",12,"7_8_stimuli","8_7","Incongruent","Incongruent","Incongruent","Congruent",23.999845,24.199844,"7&",0.46013,"Correct","Correct","Correct","Correct"
"7",13,"1_2_stimuli","1_2","Incongruent","Incongruent","Incongruent","Incongruent",25.999841,26.199828,"2@",0.700125,"Correct","Correct","Correct","Correct"
"7",14,"3_4_stimuli","3_3","Congruent","Incongruent","Incongruent","Incongruent",27.999827,28.199821,"3#",0.444687,"Correct","Correct","Correct","Correct"
"7",15,"5_6_stimuli","6_6","Congruent","Congruent","Incongruent","Incongruent",29.999812,30.199806,"6^",1.020737,"Correct","Correct","Correct","Correct"
"7",16,"7_8_stimuli","8_7","Incongruent","Congruent","Congruent","Incongruent",31.999785,32.199791,"7&",0.556712,"Correct","Correct","Correct","Correct"
"7",17,"1_2_stimuli","1_2","Incongruent","Incongruent","Congruent","Congruent",33.999783,34.199774,"2@",0.588604,"Correct","Correct","Correct","Correct"
"7",18,"3_4_stimuli","4_4","Congruent","Incongruent","Incongruent","Congruent",35.999771,36.199771,"4$",0.492154,"Correct","Correct","Correct","Correct"
"7",19,"5_6_stimuli","5_6","Incongruent","Congruent","Incongruent","Incongruent",37.999755,38.199753,"6^",0.71668,"Correct","Correct","Correct","Correct"
"7",20,"7_8_stimuli","7_8","Incongruent","Incongruent","Congruent","Incongruent",39.999745,40.199751,"8*",0.55675,"Correct","Correct","Correct","Correct"
"7",21,"1_2_stimuli","2_1","Incongruent","Incongruent","Incongruent","Congruent",41.999735,42.199733,"1!",0.444427,"Correct","Correct","Correct","Correct"
"7",22,"3_4_stimuli","4_3","Incongruent","Incongruent","Incongruent","Incongruent",43.999727,44.199715,"3#",0.460287,"Correct","Correct","Correct","Correct"
"7",23,"5_6_stimuli","6_6","Congruent","Incongruent","Incongruent","Incongruent",45.999705,46.199712,"6^",0.652283,"Correct","Correct","Correct","Correct"
"7",24,"7_8_stimuli","7_7","Congruent","Congruent","Incongruent","Incongruent",47.999691,48.1997,"7&",0.42901,"Correct","Correct","Correct","Correct"
"7",25,"1_2_stimuli","1_2","Incongruent","Congruent","Congruent","Incongruent",49.999681,50.199676,"2@",0.700766,"Correct","Correct","Correct","Correct"
"7",26,"3_4_stimuli","4_3","Incongruent","Incongruent","Congruent","Congruent",51.999669,52.199671,"3#",0.42867,"Correct","Correct","Correct","Correct"
"7",27,"5_6_stimuli","5_6","Incongruent","Incongruent","Incongruent","Congruent",53.999656,54.199656,"5%",0.70059,"Error","Correct","Correct","Correct"
"7",28,"7_8_stimuli","8_8","Congruent","Incongruent","Incongruent","Incongruent",55.999638,56.199639,"8*",0.71634,"Correct","Error","Correct","Correct"
"7",29,"1_2_stimuli","2_1","Incongruent","Congruent","Incongruent","Incongruent",57.999623,58.199628,"1!",0.460359,"Correct","Correct","Error","Correct"
"7",30,"3_4_stimuli","3_4","Incongruent","Incongruent","Congruent","Incongruent",59.999608,60.19961,"4$",0.588551,"Correct","Correct","Correct","Error"
"7",31,"5_6_stimuli","6_6","Congruent","Incongruent","Incongruent","Congruent",61.9996,62.1996,"6^",0.780463,"Correct","Correct","Correct","Correct"
"7",32,"7_8_stimuli","8_7","Incongruent","Congruent","Incongruent","Incongruent",63.99959,64.199599,"7&",0.540735,"Correct","Correct","Correct","Correct"
"7",33,"1_2_stimuli","2_2","Congruent","Incongruent","Congruent","Incongruent",65.999581,66.199579,"2@",0.620517,"Correct","Correct","Correct","Correct"
"7",34,"3_4_stimuli","4_3","Incongruent","Congruent","Incongruent","Congruent",67.999555,68.199562,"3#",0.620489,"Correct","Correct","Correct","Correct"
"7",35,"5_6_stimuli","5_5","Congruent","Incongruent","Congruent","Incongruent",69.999553,70.199554,"5%",0.972931,"Correct","Correct","Correct","Correct"
"7",36,"7_8_stimuli","8_8","Congruent","Congruent","Incongruent","Congruent",71.999544,72.199535,"8*",0.605284,"Correct","Correct","Correct","Correct"
"7",37,"1_2_stimuli","1_1","Congruent","Congruent","Congruent","Incongruent",73.999535,74.19952,"1!",0.493033,"Correct","Correct","Correct","Correct"
"7",38,"3_4_stimuli","3_4","Incongruent","Congruent","Congruent","Congruent",75.999513,76.199512,"4$",0.765152,"Correct","Correct","Correct","Correct"
"7",39,"5_6_stimuli","5_5","Congruent","Incongruent","Congruent","Congruent",77.999506,78.199507,"5%",0.460838,"Correct","Correct","Correct","Correct"
"7",40,"7_8_stimuli","8_7","Incongruent","Congruent","Incongruent","Congruent",79.999496,80.199489,"7&",0.492622,"Correct","Correct","Correct","Correct"
"7",41,"1_2_stimuli","1_2","Incongruent","Incongruent","Congruent","Incongruent",81.999472,82.199476,"2@",0.525247,"Correct","Correct","Correct","Correct"
"7",42,"3_4_stimuli","3_4","Incongruent","Incongruent","Incongruent","Congruent",83.999465,84.199461,"4$",0.652601,"Correct","Correct","Correct","Correct"
"7",43,"5_6_stimuli","6_5","Incongruent","Incongruent","Incongruent","Incongruent",85.999445,86.19945,"5%",0.717002,"Correct","Correct","Correct","Correct"
"7",44,"7_8_stimuli","7_8","Incongruent","Incongruent","Incongruent","Incongruent",87.999431,88.199441,"8*",0.525277,"Correct","Correct","Correct","Correct"
"7",45,"1_2_stimuli","1_1","Congruent","Incongruent","Incongruent","Incongruent",89.999422,90.19943,"1!",0.46061,"Correct","Correct","Correct","Correct"
"7",46,"3_4_stimuli","4_3","Incongruent","Congruent","Incongruent","Incongruent",91.999411,92.199405,"3#",0.924881,"Correct","Correct","Correct","Correct"
"7",47,"5_6_stimuli","6_5","Incongruent","Incongruent","Congruent","Incongruent",93.9994,94.199393,"5%",0.844816,"Correct","Correct","Correct","Correct"
"7",48,"7_8_stimuli","8_8","Congruent","Incongruent","Incongruent","Congruent",95.999376,96.199385,"8*",0.460997,"Correct","Correct","Correct","Correct"
"7",49,"1_2_stimuli","1_1","Congruent","Congruent","Incongruent","Incongruent",97.999377,98.199367,"1!",0.492885,"Correct","Correct","Correct","Correct"
"7",50,"3_4_stimuli","3_3","Congruent","Congruent","Congruent","Incongruent",99.999354,100.199359,"3#",0.604855,"Correct","Correct","Correct","Correct"
"7",51,"5_6_stimuli","5_5","Congruent","Congruent","Congruent","Congruent",101.999343,102.199343,"8*",0.445293,"Error","Correct","Correct","Correct"
"7",52,"7_8_stimuli","7_8","Incongruent","Congruent","Congruent","Congruent",103.999336,104.199323,"8*",0.605414,"Correct","Error","Correct","Correct"
"7",53,"1_2_stimuli","2_2","Congruent","Incongruent","Congruent","Congruent",105.999313,106.19931,"2@",0.493159,"Correct","Correct","Error","Correct"
"7",54,"3_4_stimuli","4_4","Congruent","Congruent","Incongruent","Congruent",107.999298,108.199306,"4$",0.508766,"Correct","Correct","Correct","Error"
"7",55,"5_6_stimuli","6_6","Congruent","Congruent","Congruent","Incongruent",109.999294,110.199288,"6^",0.668795,"Correct","Correct","Correct","Correct"
"7",56,"7_8_stimuli","7_7","Congruent","Congruent","Congruent","Congruent",111.99928,112.199281,"7&",0.733125,"Correct","Correct","Correct","Correct"
"7",57,"1_2_stimuli","2_2","Congruent","Congruent","Congruent","Congruent",113.999272,114.199272,"2@",0.573244,"Correct","Correct","Correct","Correct"
"7",58,"3_4_stimuli","3_3","Congruent","Congruent","Congruent","Congruent",115.99926,116.199245,"3#",0.525444,"Correct","Correct","Correct","Correct"
"7",59,"5_6_stimuli","6_5","Incongruent","Congruent","Congruent","Congruent",117.999237,118.199238,"5%",0.940858,"Correct","Correct","Correct","Correct"
"7",60,"7_8_stimuli","7_8","Incongruent","Incongruent","Congruent","Congruent",119.99923,120.199228,"8*",0.620842,"Correct","Correct","Correct","Correct"
"7",61,"1_2_stimuli","2_2","Congruent","Incongruent","Incongruent","Congruent",121.999218,122.199216,"2@",0.540858,"Correct","Correct","Correct","Correct"
"7",62,"3_4_stimuli","4_4","Congruent","Congruent","Incongruent","Incongruent",123.999203,124.199194,"4$",0.588889,"Correct","Correct","Correct","Correct"
"7",63,"5_6_stimuli","6_5","Incongruent","Congruent","Congruent","Incongruent",125.999191,126.199187,"5%",0.781466,"Correct","Correct","Correct","Correct"
"7",64,"7_8_stimuli","7_7","Congruent","Incongruent","Congruent","Congruent",127.999181,128.199172,"7&",0.605215,"Correct","Correct","Correct","Correct"
"7",65,"1_2_stimuli","2_1","Incongruent","Congruent","Incongruent","Congruent",129.999161,130.199168,"1!",0.669659,"Correct","Correct","Correct","Correct"
"7",66,"3_4_stimuli","4_4","Congruent","Incongruent","Congruent","Incongruent",131.999145,132.199143,"4$",0.797685,"Correct","Correct","Correct","Correct"
"7",67,"5_6_stimuli","5_5","Congruent","Congruent","Incongruent","Congruent",133.999135,134.199139,"5%",0.861636,"Correct","Correct","Correct","Correct"
"7",68,"7_8_stimuli","8_8","Congruent","Congruent","Congruent","Incongruent",135.999125,136.199129,"8*",0.557132,"Correct","Correct","Correct","Correct"
"8",1,"1_2_stimuli","2_1","Incongruent",NA,NA,NA,1.999966,2.199971,"1!",0.705065,"Correct",NA,NA,NA
"8",2,"3_4_stimuli","4_4","Congruent","Incongruent",NA,NA,3.99995,4.199949,"4$",0.705631,"Correct","Correct",NA,NA
"8",3,"5_6_stimuli","5_6","Incongruent","Congruent","Incongruent",NA,5.999943,6.199945,"6^",0.785057,"Correct","Correct","Correct",NA
"8",4,"7_8_stimuli","7_7","Congruent","Incongruent","Congruent","Incongruent",7.999923,8.199928,"7&",0.433092,"Correct","Correct","Correct","Correct"
"8",5,"1_2_stimuli","2_2","Congruent","Congruent","Incongruent","Congruent",9.999925,10.199925,"2@",0.769652,"Correct","Correct","Correct","Correct"
"8",6,"3_4_stimuli","4_4","Congruent","Congruent","Congruent","Incongruent",11.999911,12.1999,"4$",0.673795,"Correct","Correct","Correct","Correct"
"8",7,"5_6_stimuli","5_5","Congruent","Congruent","Congruent","Congruent",13.999894,14.199899,"5%",0.497708,"Correct","Correct","Correct","Correct"
"8",8,"7_8_stimuli","7_8","Incongruent","Congruent","Congruent","Congruent",15.999886,16.199875,"8*",0.545726,"Correct","Correct","Correct","Correct"
"8",9,"1_2_stimuli","1_1","Congruent","Incongruent","Congruent","Congruent",17.999866,18.199863,"1!",0.497282,"Correct","Correct","Correct","Correct"
"8",10,"3_4_stimuli","3_4","Incongruent","Congruent","Incongruent","Congruent",19.999852,20.19986,"4$",0.641609,"Correct","Correct","Correct","Correct"
"8",11,"5_6_stimuli","5_6","Incongruent","Incongruent","Congruent","Incongruent",21.999848,22.199846,"6^",0.705464,"Correct","Correct","Correct","Correct"
"8",12,"7_8_stimuli","8_8","Congruent","Incongruent","Incongruent","Congruent",23.999836,24.199829,"8*",0.497239,"Correct","Correct","Correct","Correct"
"8",13,"1_2_stimuli","2_1","Incongruent","Congruent","Incongruent","Incongruent",25.999815,26.199807,"1!",0.433985,"Correct","Correct","Correct","Correct"
"8",14,"3_4_stimuli","4_3","Incongruent","Incongruent","Congruent","Incongruent",27.9998,28.199802,"3#",0.705553,"Correct","Correct","Correct","Correct"
"8",15,"5_6_stimuli","5_5","Congruent","Incongruent","Incongruent","Congruent",29.999798,30.199792,"5%",0.641593,"Correct","Correct","Correct","Correct"
"8",16,"7_8_stimuli","7_8","Incongruent","Congruent","Incongruent","Incongruent",31.999778,32.199783,"8*",0.577978,"Correct","Correct","Correct","Correct"
"8",17,"1_2_stimuli","1_2","Incongruent","Incongruent","Congruent","Incongruent",33.999756,34.199766,"2@",0.721607,"Correct","Correct","Correct","Correct"
"8",18,"3_4_stimuli","3_4","Incongruent","Incongruent","Incongruent","Congruent",35.999759,36.199752,"4$",0.657314,"Correct","Correct","Correct","Correct"
"8",19,"5_6_stimuli","6_6","Congruent","Incongruent","Incongruent","Incongruent",37.999737,38.199745,"6^",0.801961,"Correct","Correct","Correct","Correct"
"8",20,"7_8_stimuli","7_7","Congruent","Congruent","Incongruent","Incongruent",39.999735,40.19972,"7&",0.385344,"Correct","Correct","Correct","Correct"
"8",21,"1_2_stimuli","1_1","Congruent","Congruent","Congruent","Incongruent",41.999719,42.199713,"1!",0.481832,"Correct","Correct","Correct","Correct"
"8",22,"3_4_stimuli","4_3","Incongruent","Congruent","Congruent","Congruent",43.999697,44.199699,"3#",0.609431,"Correct","Correct","Correct","Correct"
"8",23,"5_6_stimuli","5_5","Congruent","Incongruent","Congruent","Congruent",45.999693,46.199683,"5%",1.041675,"Correct","Correct","Correct","Correct"
"8",24,"7_8_stimuli","7_7","Congruent","Congruent","Incongruent","Congruent",47.999675,48.19967,"7&",0.753702,"Correct","Correct","Correct","Correct"
"8",25,"1_2_stimuli","2_1","Incongruent","Congruent","Congruent","Incongruent",49.999669,50.199668,"1!",0.513958,"Correct","Correct","Correct","Correct"
"8",26,"3_4_stimuli","4_4","Congruent","Incongruent","Congruent","Congruent",51.999655,52.199646,"4$",0.481706,"Correct","Correct","Correct","Correct"
"8",27,"5_6_stimuli","6_5","Incongruent","Congruent","Incongruent","Congruent",53.999638,54.199639,"5%",0.593529,"Correct","Correct","Correct","Correct"
"8",28,"7_8_stimuli","8_8","Congruent","Incongruent","Congruent","Incongruent",55.999615,56.199624,"8*",0.497748,"Correct","Correct","Correct","Correct"
"8",29,"1_2_stimuli","1_2","Incongruent","Congruent","Incongruent","Congruent",57.999616,58.199618,"2@",0.481896,"Correct","Correct","Correct","Correct"
"8",30,"3_4_stimuli","4_4","Congruent","Incongruent","Congruent","Incongruent",59.999607,60.199595,"4$",0.529527,"Correct","Correct","Correct","Correct"
"8",31,"5_6_stimuli","6_6","Congruent","Congruent","Incongruent","Congruent",61.999584,62.199584,"6^",0.625541,"Correct","Correct","Correct","Correct"
"8",32,"7_8_stimuli","8_8","Congruent","Congruent","Congruent","Incongruent",63.999574,64.199574,"8*",0.433781,"Correct","Correct","Correct","Correct"
"8",33,"1_2_stimuli","2_1","Incongruent","Congruent","Congruent","Congruent",65.999557,66.199557,"1!",0.78632,"Correct","Correct","Correct","Correct"
"8",34,"3_4_stimuli","3_4","Incongruent","Incongruent","Congruent","Congruent",67.999543,68.199545,"4$",0.785541,"Correct","Correct","Correct","Correct"
"8",35,"5_6_stimuli","5_6","Incongruent","Incongruent","Incongruent","Congruent",69.999529,70.199534,"6^",0.706008,"Correct","Correct","Correct","Correct"
"8",36,"7_8_stimuli","8_8","Congruent","Incongruent","Incongruent","Incongruent",71.999517,72.199522,"8*",0.514244,"Correct","Correct","Correct","Correct"
"8",37,"1_2_stimuli","1_1","Congruent","Congruent","Incongruent","Incongruent",73.999508,74.199499,"1!",0.530456,"Correct","Correct","Correct","Correct"
"8",38,"3_4_stimuli","3_4","Incongruent","Congruent","Congruent","Incongruent",75.999502,76.1995,"4$",0.626337,"Correct","Correct","Correct","Correct"
"8",39,"5_6_stimuli","6_5","Incongruent","Incongruent","Congruent","Congruent",77.999491,78.199479,"6^",0.706319,"Error","Correct","Correct","Correct"
"8",40,"7_8_stimuli","8_7","Incongruent","Incongruent","Incongruent","Congruent",79.999473,80.199476,"7&",0.577891,"Correct","Error","Correct","Correct"
"8",41,"1_2_stimuli","2_2","Congruent","Incongruent","Incongruent","Incongruent",81.999453,82.199458,"2@",0.57775,"Correct","Correct","Error","Correct"
"8",42,"3_4_stimuli","4_3","Incongruent","Congruent","Incongruent","Incongruent",83.999445,84.199439,"3#",0.482317,"Correct","Correct","Correct","Error"
"8",43,"5_6_stimuli","6_6","Congruent","Incongruent","Congruent","Incongruent",85.999433,86.199436,"6^",0.882239,"Correct","Correct","Correct","Correct"
"8",44,"7_8_stimuli","8_7","Incongruent","Congruent","Incongruent","Congruent",87.999404,88.19942,"7&",0.914329,"Correct","Correct","Correct","Correct"
"8",45,"1_2_stimuli","2_2","Congruent","Incongruent","Congruent","Incongruent",89.999414,90.199399,"2@",0.642066,"Correct","Correct","Correct","Correct"
"8",46,"3_4_stimuli","3_3","Congruent","Congruent","Incongruent","Congruent",91.999392,92.199399,"3#",0.514307,"Correct","Correct","Correct","Correct"
"8",47,"5_6_stimuli","5_5","Congruent","Congruent","Congruent","Incongruent",93.999382,94.199381,"5%",0.609801,"Correct","Correct","Correct","Correct"
"8",48,"7_8_stimuli","7_7","Congruent","Congruent","Congruent","Congruent",95.99936,96.199367,"7&",1.058412,"Correct","Correct","Correct","Correct"
"8",49,"1_2_stimuli","2_2","Congruent","Congruent","Congruent","Congruent",97.999351,98.199353,"2@",0.610215,"Correct","Correct","Correct","Correct"
"8",50,"3_4_stimuli","4_4","Congruent","Congruent","Congruent","Congruent",99.999333,100.199338,"4$",0.769885,"Correct","Correct","Correct","Correct"
"8",51,"5_6_stimuli","6_5","Incongruent","Congruent","Congruent","Congruent",101.999332,102.199318,"5%",1.330378,"Correct","Correct","Correct","Correct"
"8",52,"7_8_stimuli","7_8","Incongruent","Incongruent","Congruent","Congruent",103.99931,104.199314,"8*",0.577858,"Correct","Correct","Correct","Correct"
"8",53,"1_2_stimuli","1_2","Incongruent","Incongruent","Incongruent","Congruent",105.999304,106.199299,"2@",0.546147,"Correct","Correct","Correct","Correct"
"8",54,"3_4_stimuli","4_3","Incongruent","Incongruent","Incongruent","Incongruent",107.999283,108.199284,"3#",0.450639,"Correct","Correct","Correct","Correct"
"8",55,"5_6_stimuli","6_5","Incongruent","Incongruent","Incongruent","Incongruent",109.999271,110.199275,"5%",0.657938,"Correct","Correct","Correct","Correct"
"8",56,"7_8_stimuli","8_7","Incongruent","Incongruent","Incongruent","Incongruent",111.999272,112.199254,"7&",0.498489,"Correct","Correct","Correct","Correct"
"8",57,"1_2_stimuli","2_1","Incongruent","Incongruent","Incongruent","Incongruent",113.999242,114.199228,"1!",0.641962,"Correct","Correct","Correct","Correct"
"8",58,"3_4_stimuli","3_3","Congruent","Incongruent","Incongruent","Incongruent",115.999232,116.199234,"3#",0.530008,"Correct","Correct","Correct","Correct"
"8",59,"5_6_stimuli","6_6","Congruent","Congruent","Incongruent","Incongruent",117.999226,118.199241,"6^",0.770658,"Correct","Correct","Correct","Correct"
"8",60,"7_8_stimuli","7_8","Incongruent","Congruent","Congruent","Incongruent",119.999206,120.199202,"8*",0.54596,"Correct","Correct","Correct","Correct"
"8",61,"1_2_stimuli","1_2","Incongruent","Incongruent","Congruent","Congruent",121.999192,122.19919,"2@",0.498316,"Correct","Correct","Correct","Correct"
"8",62,"3_4_stimuli","3_3","Congruent","Incongruent","Incongruent","Congruent",123.999195,124.199178,"3#",0.530794,"Correct","Correct","Correct","Correct"
"8",63,"5_6_stimuli","5_6","Incongruent","Congruent","Incongruent","Incongruent",125.999167,126.199171,"6^",0.642356,"Correct","Correct","Correct","Correct"
"8",64,"7_8_stimuli","8_7","Incongruent","Incongruent","Congruent","Incongruent",127.999162,128.199157,"7&",0.642125,"Correct","Correct","Correct","Correct"
"8",65,"1_2_stimuli","1_1","Congruent","Incongruent","Incongruent","Congruent",129.999144,130.199138,"1!",0.562085,"Correct","Correct","Correct","Correct"
"8",66,"3_4_stimuli","3_3","Congruent","Congruent","Incongruent","Incongruent",131.99914,132.199131,"3#",0.51411,"Correct","Correct","Correct","Correct"
"8",67,"5_6_stimuli","5_6","Incongruent","Congruent","Congruent","Incongruent",133.999117,134.199123,"6^",0.642065,"Correct","Correct","Correct","Correct"
"8",68,"7_8_stimuli","7_7","Congruent","Incongruent","Congruent","Congruent",135.999111,136.199099,"7&",0.626165,"Correct","Correct","Correct","Correct"
"9",1,"1_2_stimuli","2_1","Incongruent",NA,NA,NA,1.999978,2.199978,"1!",0.55819,"Correct",NA,NA,NA
"9",2,"3_4_stimuli","3_3","Congruent","Incongruent",NA,NA,3.999969,4.199958,"3#",0.494754,"Correct","Correct",NA,NA
"9",3,"5_6_stimuli","5_6","Incongruent","Congruent","Incongruent",NA,5.99996,6.199959,"6^",0.542363,"Correct","Correct","Correct",NA
"9",4,"7_8_stimuli","8_8","Congruent","Incongruent","Congruent","Incongruent",7.99994,8.19994,"8*",0.526277,"Correct","Correct","Correct","Correct"
"9",5,"1_2_stimuli","2_2","Congruent","Congruent","Incongruent","Congruent",9.999934,10.199929,"2@",0.478492,"Correct","Correct","Correct","Correct"
"9",6,"3_4_stimuli","3_3","Congruent","Congruent","Congruent","Incongruent",11.999919,12.199922,"3#",0.398231,"Correct","Correct","Correct","Correct"
"9",7,"5_6_stimuli","5_6","Incongruent","Congruent","Congruent","Congruent",13.999914,14.199912,"7&",0.590292,"Error","Correct","Correct","Correct"
"9",8,"7_8_stimuli","7_8","Incongruent","Incongruent","Congruent","Congruent",15.999889,16.199892,"8*",0.606434,"Correct","Error","Correct","Correct"
"9",9,"1_2_stimuli","2_1","Incongruent","Incongruent","Incongruent","Congruent",17.999875,18.199886,"1!",0.462677,"Correct","Correct","Error","Correct"
"9",10,"3_4_stimuli","3_4","Incongruent","Incongruent","Incongruent","Incongruent",19.999871,20.199868,"4$",0.526452,"Correct","Correct","Correct","Error"
"9",11,"5_6_stimuli","5_5","Congruent","Incongruent","Incongruent","Incongruent",21.999854,22.199854,"5%",0.798837,"Correct","Correct","Correct","Correct"
"9",12,"7_8_stimuli","7_7","Congruent","Congruent","Incongruent","Incongruent",23.999839,24.199841,"7&",0.590333,"Correct","Correct","Correct","Correct"
"9",13,"1_2_stimuli","2_1","Incongruent","Congruent","Congruent","Incongruent",25.999817,26.199835,"1!",0.510377,"Correct","Correct","Correct","Correct"
"9",14,"3_4_stimuli","4_4","Congruent","Incongruent","Congruent","Congruent",27.999814,28.199812,"4$",0.526356,"Correct","Correct","Correct","Correct"
"9",15,"5_6_stimuli","5_6","Incongruent","Congruent","Incongruent","Congruent",29.999806,30.199795,"6^",0.798792,"Correct","Correct","Correct","Correct"
"9",16,"7_8_stimuli","8_7","Incongruent","Incongruent","Congruent","Incongruent",31.999798,32.199795,"7&",0.55925,"Correct","Correct","Correct","Correct"
"9",17,"1_2_stimuli","1_1","Congruent","Incongruent","Incongruent","Congruent",33.999767,34.199784,"1!",0.463076,"Correct","Correct","Correct","Correct"
"9",18,"3_4_stimuli","3_3","Congruent","Congruent","Incongruent","Incongruent",35.999762,36.199759,"3#",0.622471,"Correct","Correct","Correct","Correct"
"9",19,"5_6_stimuli","6_6","Congruent","Congruent","Congruent","Incongruent",37.999747,38.199752,"6^",0.798808,"Correct","Correct","Correct","Correct"
"9",20,"7_8_stimuli","7_7","Congruent","Congruent","Congruent","Congruent",39.999731,40.19973,"7&",0.622991,"Correct","Correct","Correct","Correct"
"9",21,"1_2_stimuli","2_2","Congruent","Congruent","Congruent","Congruent",41.999725,42.19972,"2@",0.54248,"Correct","Correct","Correct","Correct"
"9",22,"3_4_stimuli","4_4","Congruent","Congruent","Congruent","Congruent",43.999717,44.199712,"4$",0.494808,"Correct","Correct","Correct","Correct"
"9",23,"5_6_stimuli","5_5","Congruent","Congruent","Congruent","Congruent",45.999697,46.199692,"4$",0.478536,"Error","Correct","Correct","Correct"
"9",24,"7_8_stimuli","7_8","Incongruent","Congruent","Congruent","Congruent",47.999684,48.199675,"8*",0.575119,"Correct","Error","Correct","Correct"
"9",25,"1_2_stimuli","1_1","Congruent","Incongruent","Congruent","Congruent",49.999683,50.199677,"1!",0.430547,"Correct","Correct","Error","Correct"
"9",26,"3_4_stimuli","4_3","Incongruent","Congruent","Incongruent","Congruent",51.999664,52.199658,"3#",0.574598,"Correct","Correct","Correct","Error"
"9",27,"5_6_stimuli","5_6","Incongruent","Incongruent","Congruent","Incongruent",53.999654,54.199644,"6^",0.734879,"Correct","Correct","Correct","Correct"
"9",28,"7_8_stimuli","8_7","Incongruent","Incongruent","Incongruent","Congruent",55.999637,56.199637,"7&",0.495331,"Correct","Correct","Correct","Correct"
"9",29,"1_2_stimuli","1_2","Incongruent","Incongruent","Incongruent","Incongruent",57.99962,58.199622,"2@",0.63858,"Correct","Correct","Correct","Correct"
"9",30,"3_4_stimuli","4_4","Congruent","Incongruent","Incongruent","Incongruent",59.999616,60.199615,"4$",0.735079,"Correct","Correct","Correct","Correct"
"9",31,"5_6_stimuli","5_5","Congruent","Congruent","Incongruent","Incongruent",61.999605,62.199596,"5%",0.542637,"Correct","Correct","Correct","Correct"
"9",32,"7_8_stimuli","8_7","Incongruent","Congruent","Congruent","Incongruent",63.999583,64.199582,"Omission",5000,"Omission","Correct","Correct","Correct"
"9",33,"1_2_stimuli","1_2","Incongruent","Incongruent","Congruent","Congruent",65.999567,66.199571,"2@",0.606706,"Correct","Omission","Correct","Correct"
"9",34,"3_4_stimuli","4_3","Incongruent","Incongruent","Incongruent","Congruent",67.999559,68.199565,"3#",0.640057,"Correct","Correct","Omission","Correct"
"9",35,"5_6_stimuli","6_5","Incongruent","Incongruent","Incongruent","Incongruent",69.999544,70.199543,"5%",1.231393,"Correct","Correct","Correct","Omission"
"9",36,"7_8_stimuli","8_8","Congruent","Incongruent","Incongruent","Incongruent",71.999533,72.199538,"8*",0.5108,"Correct","Correct","Correct","Correct"
"9",37,"1_2_stimuli","2_2","Congruent","Congruent","Incongruent","Incongruent",73.999525,74.19951,"2@",0.463249,"Correct","Correct","Correct","Correct"
"9",38,"3_4_stimuli","3_4","Incongruent","Congruent","Congruent","Incongruent",75.999502,76.199512,"4$",0.71877,"Correct","Correct","Correct","Correct"
"9",39,"5_6_stimuli","5_6","Incongruent","Incongruent","Congruent","Congruent",77.999504,78.199496,"6^",0.687495,"Correct","Correct","Correct","Correct"
"9",40,"7_8_stimuli","8_8","Congruent","Incongruent","Incongruent","Congruent",79.999489,80.199482,"8*",0.478968,"Correct","Correct","Correct","Correct"
"9",41,"1_2_stimuli","2_1","Incongruent","Congruent","Incongruent","Incongruent",81.999474,82.199465,"1!",0.542805,"Correct","Correct","Correct","Correct"
"9",42,"3_4_stimuli","4_3","Incongruent","Incongruent","Congruent","Incongruent",83.999454,84.199445,"3#",0.510881,"Correct","Correct","Correct","Correct"
"9",43,"5_6_stimuli","6_6","Congruent","Incongruent","Incongruent","Congruent",85.999445,86.199452,"6^",0.735135,"Correct","Correct","Correct","Correct"
"9",44,"7_8_stimuli","7_8","Incongruent","Congruent","Incongruent","Incongruent",87.999429,88.199429,"8*",0.495576,"Correct","Correct","Correct","Correct"
"9",45,"1_2_stimuli","2_1","Incongruent","Incongruent","Congruent","Incongruent",89.999418,90.199423,"1!",0.447549,"Correct","Correct","Correct","Correct"
"9",46,"3_4_stimuli","4_4","Congruent","Incongruent","Incongruent","Congruent",91.999407,92.199405,"4$",0.511562,"Correct","Correct","Correct","Correct"
"9",47,"5_6_stimuli","6_5","Incongruent","Congruent","Incongruent","Incongruent",93.999399,94.199385,"5%",0.815367,"Correct","Correct","Correct","Correct"
"9",48,"7_8_stimuli","7_7","Congruent","Incongruent","Congruent","Incongruent",95.999375,96.19937,"7&",0.671521,"Correct","Correct","Correct","Correct"
"9",49,"1_2_stimuli","1_2","Incongruent","Congruent","Incongruent","Congruent",97.999366,98.19937,"2@",0.41494,"Correct","Correct","Correct","Correct"
"9",50,"3_4_stimuli","3_3","Congruent","Incongruent","Congruent","Incongruent",99.999354,100.19935,"3#",0.607707,"Correct","Correct","Correct","Correct"
"9",51,"5_6_stimuli","6_6","Congruent","Congruent","Incongruent","Congruent",101.999332,102.199329,"5%",0.527039,"Error","Correct","Correct","Correct"
"9",52,"7_8_stimuli","8_8","Congruent","Congruent","Congruent","Incongruent",103.999327,104.199329,"8*",0.463684,"Correct","Error","Correct","Correct"
"9",53,"1_2_stimuli","1_2","Incongruent","Congruent","Congruent","Congruent",105.999316,106.199318,"2@",0.623012,"Correct","Correct","Error","Correct"
"9",54,"3_4_stimuli","4_3","Incongruent","Incongruent","Congruent","Congruent",107.999296,108.199301,"3#",0.671483,"Correct","Correct","Correct","Error"
"9",55,"5_6_stimuli","6_5","Incongruent","Incongruent","Incongruent","Congruent",109.999286,110.199281,"5%",0.911764,"Correct","Correct","Correct","Correct"
"9",56,"7_8_stimuli","7_8","Incongruent","Incongruent","Incongruent","Incongruent",111.999284,112.199273,"8*",0.671113,"Correct","Correct","Correct","Correct"
"9",57,"1_2_stimuli","1_1","Congruent","Incongruent","Incongruent","Incongruent",113.999263,114.199263,"1!",0.447258,"Correct","Correct","Correct","Correct"
"9",58,"3_4_stimuli","3_4","Incongruent","Congruent","Incongruent","Incongruent",115.999245,116.199255,"4$",0.799646,"Correct","Correct","Correct","Correct"
"9",59,"5_6_stimuli","6_6","Congruent","Incongruent","Congruent","Incongruent",117.99923,118.199233,"6^",0.71928,"Correct","Correct","Correct","Correct"
"9",60,"7_8_stimuli","8_8","Congruent","Congruent","Incongruent","Congruent",119.999233,120.199223,"8*",0.479574,"Correct","Correct","Correct","Correct"
"9",61,"1_2_stimuli","1_1","Congruent","Congruent","Congruent","Incongruent",121.999205,122.199217,"1!",0.63921,"Correct","Correct","Correct","Correct"
"9",62,"3_4_stimuli","3_4","Incongruent","Congruent","Congruent","Congruent",123.999197,124.199193,"4$",0.655588,"Correct","Correct","Correct","Correct"
"9",63,"5_6_stimuli","5_5","Congruent","Incongruent","Congruent","Congruent",125.999185,126.199187,"5%",0.831133,"Correct","Correct","Correct","Correct"
"9",64,"7_8_stimuli","8_7","Incongruent","Congruent","Incongruent","Congruent",127.999167,128.199177,"7&",0.879369,"Correct","Correct","Correct","Correct"
"9",65,"1_2_stimuli","2_2","Congruent","Incongruent","Congruent","Incongruent",129.999167,130.199158,"2@",0.479717,"Correct","Correct","Correct","Correct"
"9",66,"3_4_stimuli","3_3","Congruent","Congruent","Incongruent","Congruent",131.99915,132.199145,"3#",0.448007,"Correct","Correct","Correct","Correct"
"9",67,"5_6_stimuli","6_5","Incongruent","Congruent","Congruent","Incongruent",133.999129,134.199127,"5%",0.703658,"Correct","Correct","Correct","Correct"
"9",68,"7_8_stimuli","7_7","Congruent","Incongruent","Congruent","Congruent",135.999127,136.199122,"6^",0.511598,"Error","Correct","Correct","Correct"
"10",1,"1_2_stimuli","2_2","Congruent",NA,NA,NA,1.99999,2.199984,"2@",0.717971,"Correct",NA,NA,NA
"10",2,"3_4_stimuli","3_4","Incongruent","Congruent",NA,NA,3.999974,4.19997,"4$",0.877982,"Correct","Correct",NA,NA
"10",3,"5_6_stimuli","6_5","Incongruent","Incongruent","Congruent",NA,5.999956,6.199964,"5%",0.542267,"Correct","Correct","Correct",NA
"10",4,"7_8_stimuli","8_7","Incongruent","Incongruent","Incongruent","Congruent",7.999947,8.199944,"7&",1.022336,"Correct","Correct","Correct","Correct"
"10",5,"1_2_stimuli","2_2","Congruent","Incongruent","Incongruent","Incongruent",9.999939,10.199945,"2@",0.526695,"Correct","Correct","Correct","Correct"
"10",6,"3_4_stimuli","4_4","Congruent","Congruent","Incongruent","Incongruent",11.999934,12.19992,"4$",0.526054,"Correct","Correct","Correct","Correct"
"10",7,"5_6_stimuli","5_5","Congruent","Congruent","Congruent","Incongruent",13.999917,14.199902,"5%",0.574544,"Correct","Correct","Correct","Correct"
"10",8,"7_8_stimuli","7_7","Congruent","Congruent","Congruent","Congruent",15.999905,16.199894,"7&",0.526157,"Correct","Correct","Correct","Correct"
"10",9,"1_2_stimuli","1_1","Congruent","Congruent","Congruent","Congruent",17.99989,18.199888,"1!",0.510056,"Correct","Correct","Correct","Correct"
"10",10,"3_4_stimuli","3_4","Incongruent","Congruent","Congruent","Congruent",19.999874,20.199875,"4$",0.60678,"Correct","Correct","Correct","Correct"
"10",11,"5_6_stimuli","5_5","Congruent","Incongruent","Congruent","Congruent",21.999858,22.19985,"5%",0.446898,"Correct","Correct","Correct","Correct"
"10",12,"7_8_stimuli","8_8","Congruent","Congruent","Incongruent","Congruent",23.999848,24.199849,"8*",0.494177,"Correct","Correct","Correct","Correct"
"10",13,"1_2_stimuli","1_2","Incongruent","Congruent","Congruent","Incongruent",25.999836,26.19983,"2@",0.54219,"Correct","Correct","Correct","Correct"
"10",14,"3_4_stimuli","3_4","Incongruent","Incongruent","Congruent","Congruent",27.99982,28.199843,"4$",0.462149,"Correct","Correct","Correct","Correct"
"10",15,"5_6_stimuli","5_6","Incongruent","Incongruent","Incongruent","Congruent",29.999806,30.199807,"6^",0.670542,"Correct","Correct","Correct","Correct"
"10",16,"7_8_stimuli","8_7","Incongruent","Incongruent","Incongruent","Incongruent",31.999802,32.199794,"7&",0.718629,"Correct","Correct","Correct","Correct"
"10",17,"1_2_stimuli","2_1","Incongruent","Incongruent","Incongruent","Incongruent",33.999783,34.199788,"1!",0.558964,"Correct","Correct","Correct","Correct"
"10",18,"3_4_stimuli","4_4","Congruent","Incongruent","Incongruent","Incongruent",35.999766,36.199772,"4$",0.574858,"Correct","Correct","Correct","Correct"
"10",19,"5_6_stimuli","6_6","Congruent","Congruent","Incongruent","Incongruent",37.999751,38.199766,"6^",0.686304,"Correct","Correct","Correct","Correct"
"10",20,"7_8_stimuli","8_8","Congruent","Congruent","Congruent","Incongruent",39.999747,40.199736,"8*",0.478709,"Correct","Correct","Correct","Correct"
"10",21,"1_2_stimuli","1_2","Incongruent","Congruent","Congruent","Congruent",41.999729,42.199731,"2@",0.542351,"Correct","Correct","Correct","Correct"
"10",22,"3_4_stimuli","3_3","Congruent","Incongruent","Congruent","Congruent",43.999724,44.199719,"3#",0.462367,"Correct","Correct","Correct","Correct"
"10",23,"5_6_stimuli","6_6","Congruent","Congruent","Incongruent","Congruent",45.999702,46.199714,"6^",0.830769,"Correct","Correct","Correct","Correct"
"10",24,"7_8_stimuli","7_8","Incongruent","Congruent","Congruent","Incongruent",47.999702,48.199694,"8*",0.574705,"Correct","Correct","Correct","Correct"
"10",25,"1_2_stimuli","2_2","Congruent","Incongruent","Congruent","Congruent",49.999673,50.199681,"2@",0.606451,"Correct","Correct","Correct","Correct"
"10",26,"3_4_stimuli","4_4","Congruent","Congruent","Incongruent","Congruent",51.999675,52.199661,"4$",0.591109,"Correct","Correct","Correct","Correct"
"10",27,"5_6_stimuli","5_6","Incongruent","Congruent","Congruent","Incongruent",53.999654,54.199655,"6^",0.718813,"Correct","Correct","Correct","Correct"
"10",28,"7_8_stimuli","7_8","Incongruent","Incongruent","Congruent","Congruent",55.999639,56.199634,"8*",0.686807,"Correct","Correct","Correct","Correct"
"10",29,"1_2_stimuli","2_2","Congruent","Incongruent","Incongruent","Congruent",57.999639,58.19962,"2@",0.398409,"Correct","Correct","Correct","Correct"
"10",30,"3_4_stimuli","3_4","Incongruent","Congruent","Incongruent","Incongruent",59.999614,60.199614,"4$",0.639081,"Correct","Correct","Correct","Correct"
"10",31,"5_6_stimuli","5_5","Congruent","Incongruent","Congruent","Incongruent",61.999607,62.199602,"5%",0.911106,"Correct","Correct","Correct","Correct"
"10",32,"7_8_stimuli","8_7","Incongruent","Congruent","Incongruent","Congruent",63.999602,64.199592,"7&",0.830769,"Correct","Correct","Correct","Correct"
"10",33,"1_2_stimuli","2_2","Congruent","Incongruent","Congruent","Incongruent",65.999584,66.199582,"2@",0.511343,"Correct","Correct","Correct","Correct"
"10",34,"3_4_stimuli","4_3","Incongruent","Congruent","Incongruent","Congruent",67.99957,68.199556,"3#",0.542504,"Correct","Correct","Correct","Correct"
"10",35,"5_6_stimuli","5_6","Incongruent","Incongruent","Congruent","Incongruent",69.999559,70.199556,"6^",0.590955,"Correct","Correct","Correct","Correct"
"10",36,"7_8_stimuli","7_7","Congruent","Incongruent","Incongruent","Congruent",71.999539,72.199542,"7&",0.462923,"Correct","Correct","Correct","Correct"
"10",37,"1_2_stimuli","1_1","Congruent","Congruent","Incongruent","Incongruent",73.99952,74.199521,"1!",0.49456,"Correct","Correct","Correct","Correct"
"10",38,"3_4_stimuli","3_3","Congruent","Congruent","Congruent","Incongruent",75.999516,76.199512,"3#",0.494726,"Correct","Correct","Correct","Correct"
"10",39,"5_6_stimuli","6_6","Congruent","Congruent","Congruent","Congruent",77.999504,78.1995,"6^",0.575292,"Correct","Correct","Correct","Correct"
"10",40,"7_8_stimuli","8_7","Incongruent","Congruent","Congruent","Congruent",79.999494,80.199486,"7&",0.478638,"Correct","Correct","Correct","Correct"
"10",41,"1_2_stimuli","2_1","Incongruent","Incongruent","Congruent","Congruent",81.999474,82.19947,"1!",0.543285,"Correct","Correct","Correct","Correct"
"10",42,"3_4_stimuli","4_3","Incongruent","Incongruent","Incongruent","Congruent",83.999458,84.199464,"3#",0.41493,"Correct","Correct","Correct","Correct"
"10",43,"5_6_stimuli","6_5","Incongruent","Incongruent","Incongruent","Incongruent",85.999455,86.19945,"5%",0.687361,"Correct","Correct","Correct","Correct"
"10",44,"7_8_stimuli","7_7","Congruent","Incongruent","Incongruent","Incongruent",87.999437,88.199428,"7&",0.414699,"Correct","Correct","Correct","Correct"
"10",45,"1_2_stimuli","2_1","Incongruent","Congruent","Incongruent","Incongruent",89.999435,90.199427,"1!",0.495093,"Correct","Correct","Correct","Correct"
"10",46,"3_4_stimuli","4_3","Incongruent","Incongruent","Congruent","Incongruent",91.999412,92.199414,"3#",0.47888,"Correct","Correct","Correct","Correct"
"10",47,"5_6_stimuli","5_5","Congruent","Incongruent","Incongruent","Congruent",93.999397,94.199389,"5%",0.495323,"Correct","Correct","Correct","Correct"
"10",48,"7_8_stimuli","8_7","Incongruent","Congruent","Incongruent","Incongruent",95.999383,96.199381,"7&",0.654781,"Correct","Correct","Correct","Correct"
"10",49,"1_2_stimuli","1_2","Incongruent","Incongruent","Congruent","Incongruent",97.99938,98.199366,"2@",0.495136,"Correct","Correct","Correct","Correct"
"10",50,"3_4_stimuli","3_3","Congruent","Incongruent","Incongruent","Congruent",99.999364,100.199368,"3#",0.462748,"Correct","Correct","Correct","Correct"
"10",51,"5_6_stimuli","6_5","Incongruent","Congruent","Incongruent","Incongruent",101.999357,102.19935,"5%",0.895458,"Correct","Correct","Correct","Correct"
"10",52,"7_8_stimuli","8_8","Congruent","Incongruent","Congruent","Incongruent",103.999338,104.199327,"8*",0.559088,"Correct","Correct","Correct","Correct"
"10",53,"1_2_stimuli","2_1","Incongruent","Congruent","Incongruent","Congruent",105.999318,106.199317,"1!",0.510777,"Correct","Correct","Correct","Correct"
"10",54,"3_4_stimuli","4_4","Congruent","Incongruent","Congruent","Incongruent",107.999312,108.199309,"4$",0.559201,"Correct","Correct","Correct","Correct"
"10",55,"5_6_stimuli","6_5","Incongruent","Congruent","Incongruent","Congruent",109.999293,110.199295,"5%",0.479523,"Correct","Correct","Correct","Correct"
"10",56,"7_8_stimuli","7_8","Incongruent","Incongruent","Congruent","Incongruent",111.999292,112.199288,"8*",0.543657,"Correct","Correct","Correct","Correct"
"10",57,"1_2_stimuli","1_2","Incongruent","Incongruent","Incongruent","Congruent",113.99927,114.199266,"2@",0.703314,"Correct","Correct","Correct","Correct"
"10",58,"3_4_stimuli","3_4","Incongruent","Incongruent","Incongruent","Incongruent",115.999261,116.199253,"4$",0.543296,"Correct","Correct","Correct","Correct"
"10",59,"5_6_stimuli","6_6","Congruent","Incongruent","Incongruent","Incongruent",117.999242,118.199237,"6^",0.654969,"Correct","Correct","Correct","Correct"
"10",60,"7_8_stimuli","8_8","Congruent","Congruent","Incongruent","Incongruent",119.999226,120.199235,"8*",0.38294,"Correct","Correct","Correct","Correct"
"10",61,"1_2_stimuli","1_1","Congruent","Congruent","Congruent","Incongruent",121.99922,122.199216,"1!",0.399535,"Correct","Correct","Correct","Correct"
"10",62,"3_4_stimuli","3_3","Congruent","Congruent","Congruent","Congruent",123.999209,124.199214,"3#",0.446993,"Correct","Correct","Correct","Correct"
"10",63,"5_6_stimuli","5_6","Incongruent","Congruent","Congruent","Congruent",125.9992,126.199199,"6^",1.087635,"Correct","Correct","Correct","Correct"
"10",64,"7_8_stimuli","7_7","Congruent","Incongruent","Congruent","Congruent",127.99918,128.199176,"7&",0.559242,"Correct","Correct","Correct","Correct"
"10",65,"1_2_stimuli","1_1","Congruent","Congruent","Incongruent","Congruent",129.999165,130.199162,"1!",0.463027,"Correct","Correct","Correct","Correct"
"10",66,"3_4_stimuli","4_3","Incongruent","Congruent","Congruent","Incongruent",131.999153,132.199155,"3#",0.623069,"Correct","Correct","Correct","Correct"
"10",67,"5_6_stimuli","6_5","Incongruent","Incongruent","Congruent","Congruent",133.999148,134.199143,"5%",0.831037,"Correct","Correct","Correct","Correct"
"10",68,"7_8_stimuli","7_8","Incongruent","Incongruent","Incongruent","Congruent",135.99913,136.199125,"8*",0.607718,"Correct","Correct","Correct","Correct"
"11",1,"1_2_stimuli","2_1","Incongruent",NA,NA,NA,1.999972,2.199958,"1!",0.532451,"Correct",NA,NA,NA
"11",2,"3_4_stimuli","4_4","Congruent","Incongruent",NA,NA,3.999963,4.199952,"4$",0.500793,"Correct","Correct",NA,NA
"11",3,"5_6_stimuli","5_6","Incongruent","Congruent","Incongruent",NA,5.999949,6.199945,"6^",0.645183,"Correct","Correct","Correct",NA
"11",4,"7_8_stimuli","7_8","Incongruent","Incongruent","Congruent","Incongruent",7.99993,8.199928,"8*",0.484597,"Correct","Correct","Correct","Correct"
"11",5,"1_2_stimuli","1_1","Congruent","Incongruent","Incongruent","Congruent",9.999921,10.199915,"1!",0.373171,"Correct","Correct","Correct","Correct"
"11",6,"3_4_stimuli","3_3","Congruent","Congruent","Incongruent","Incongruent",11.999905,12.199899,"3#",0.468905,"Correct","Correct","Correct","Correct"
"11",7,"5_6_stimuli","6_5","Incongruent","Congruent","Congruent","Incongruent",13.999896,14.199886,"5%",0.596911,"Correct","Correct","Correct","Correct"
"11",8,"7_8_stimuli","7_7","Congruent","Incongruent","Congruent","Congruent",15.999879,16.199886,"6^",0.452607,"Error","Correct","Correct","Correct"
"11",9,"1_2_stimuli","1_1","Congruent","Congruent","Incongruent","Congruent",17.999868,18.199873,"1!",0.500621,"Correct","Error","Correct","Correct"
"11",10,"3_4_stimuli","3_4","Incongruent","Congruent","Congruent","Incongruent",19.999866,20.199856,"4$",0.724564,"Correct","Correct","Error","Correct"
"11",11,"5_6_stimuli","5_6","Incongruent","Incongruent","Congruent","Congruent",21.999837,22.199835,"6^",0.628661,"Correct","Correct","Correct","Error"
"11",12,"7_8_stimuli","8_8","Congruent","Incongruent","Incongruent","Congruent",23.999835,24.199825,"8*",0.516669,"Correct","Correct","Correct","Correct"
"11",13,"1_2_stimuli","1_1","Congruent","Congruent","Incongruent","Incongruent",25.999804,26.19981,"1!",0.469064,"Correct","Correct","Correct","Correct"
"11",14,"3_4_stimuli","4_4","Congruent","Congruent","Congruent","Incongruent",27.999802,28.199798,"4$",0.485366,"Correct","Correct","Correct","Correct"
"11",15,"5_6_stimuli","6_6","Congruent","Congruent","Congruent","Congruent",29.999794,30.199794,"6^",0.596631,"Correct","Correct","Correct","Correct"
"11",16,"7_8_stimuli","7_7","Congruent","Congruent","Congruent","Congruent",31.999783,32.199781,"7&",0.388692,"Correct","Correct","Correct","Correct"
"11",17,"1_2_stimuli","2_2","Congruent","Congruent","Congruent","Congruent",33.99976,34.199766,"2@",0.532779,"Correct","Correct","Correct","Correct"
"11",18,"3_4_stimuli","4_4","Congruent","Congruent","Congruent","Congruent",35.999749,36.199742,"4$",0.532925,"Correct","Correct","Correct","Correct"
"11",19,"5_6_stimuli","5_6","Incongruent","Congruent","Congruent","Congruent",37.99974,38.199732,"6^",0.629313,"Correct","Correct","Correct","Correct"
"11",20,"7_8_stimuli","8_7","Incongruent","Incongruent","Congruent","Congruent",39.99973,40.199722,"7&",0.532807,"Correct","Correct","Correct","Correct"
"11",21,"1_2_stimuli","1_2","Incongruent","Incongruent","Incongruent","Congruent",41.999714,42.199716,"2@",0.437219,"Correct","Correct","Correct","Correct"
"11",22,"3_4_stimuli","4_4","Congruent","Incongruent","Incongruent","Incongruent",43.999676,44.199704,"4$",0.389647,"Correct","Correct","Correct","Correct"
"11",23,"5_6_stimuli","5_5","Congruent","Congruent","Incongruent","Incongruent",45.999685,46.19968,"5%",0.788777,"Correct","Correct","Correct","Correct"
"11",24,"7_8_stimuli","7_8","Incongruent","Congruent","Congruent","Incongruent",47.999674,48.199679,"8*",0.645445,"Correct","Correct","Correct","Correct"
"11",25,"1_2_stimuli","1_2","Incongruent","Incongruent","Congruent","Congruent",49.999663,50.199655,"2@",0.341235,"Correct","Correct","Correct","Correct"
"11",26,"3_4_stimuli","4_3","Incongruent","Incongruent","Incongruent","Congruent",51.999655,52.199651,"3#",0.629523,"Correct","Correct","Correct","Correct"
"11",27,"5_6_stimuli","6_5","Incongruent","Incongruent","Incongruent","Incongruent",53.999638,54.199632,"5%",0.580878,"Correct","Correct","Correct","Correct"
"11",28,"7_8_stimuli","7_7","Congruent","Incongruent","Incongruent","Incongruent",55.999619,56.199619,"7&",0.628831,"Correct","Correct","Correct","Correct"
"11",29,"1_2_stimuli","2_1","Incongruent","Congruent","Incongruent","Incongruent",57.999613,58.19961,"1!",0.62927,"Correct","Correct","Correct","Correct"
"11",30,"3_4_stimuli","4_3","Incongruent","Incongruent","Congruent","Incongruent",59.999596,60.199601,"3#",0.612931,"Correct","Correct","Correct","Correct"
"11",31,"5_6_stimuli","5_6","Incongruent","Incongruent","Incongruent","Congruent",61.999595,62.199582,"6^",0.613556,"Correct","Correct","Correct","Correct"
"11",32,"7_8_stimuli","8_7","Incongruent","Incongruent","Incongruent","Incongruent",63.99958,64.199566,"7&",0.469338,"Correct","Correct","Correct","Correct"
"11",33,"1_2_stimuli","2_2","Congruent","Incongruent","Incongruent","Incongruent",65.999559,66.19956,"2@",0.565566,"Correct","Correct","Correct","Correct"
"11",34,"3_4_stimuli","3_4","Incongruent","Congruent","Incongruent","Incongruent",67.999553,68.19954,"4$",0.581667,"Correct","Correct","Correct","Correct"
"11",35,"5_6_stimuli","6_5","Incongruent","Incongruent","Congruent","Incongruent",69.99954,70.199526,"5%",0.981231,"Correct","Correct","Correct","Correct"
"11",36,"7_8_stimuli","7_8","Incongruent","Incongruent","Incongruent","Congruent",71.999519,72.199528,"8*",0.613419,"Correct","Correct","Correct","Correct"
"11",37,"1_2_stimuli","2_1","Incongruent","Incongruent","Incongruent","Incongruent",73.999504,74.199509,"1!",0.517068,"Correct","Correct","Correct","Correct"
"11",38,"3_4_stimuli","4_3","Incongruent","Incongruent","Incongruent","Incongruent",75.999502,76.199493,"3#",0.485088,"Correct","Correct","Correct","Correct"
"11",39,"5_6_stimuli","6_6","Congruent","Incongruent","Incongruent","Incongruent",77.999481,78.199479,"6^",0.69308,"Correct","Correct","Correct","Correct"
"11",40,"7_8_stimuli","8_8","Congruent","Congruent","Incongruent","Incongruent",79.999462,80.19946,"8*",0.437565,"Correct","Correct","Correct","Correct"
"11",41,"1_2_stimuli","2_2","Congruent","Congruent","Congruent","Incongruent",81.999448,82.199459,"2@",0.46912,"Correct","Correct","Correct","Correct"
"11",42,"3_4_stimuli","4_3","Incongruent","Congruent","Congruent","Congruent",83.999438,84.199443,"3#",0.469594,"Correct","Correct","Correct","Correct"
"11",43,"5_6_stimuli","5_5","Congruent","Incongruent","Congruent","Congruent",85.999432,86.199433,"5%",0.549129,"Correct","Correct","Correct","Correct"
"11",44,"7_8_stimuli","8_7","Incongruent","Congruent","Incongruent","Congruent",87.999417,88.199416,"7&",0.645829,"Correct","Correct","Correct","Correct"
"11",45,"1_2_stimuli","2_1","Incongruent","Incongruent","Congruent","Incongruent",89.999405,90.199406,"1!",0.485658,"Correct","Correct","Correct","Correct"
"11",46,"3_4_stimuli","3_3","Congruent","Incongruent","Incongruent","Congruent",91.999395,92.199401,"3#",0.517205,"Correct","Correct","Correct","Correct"
"11",47,"5_6_stimuli","5_6","Incongruent","Congruent","Incongruent","Incongruent",93.999379,94.199381,"5%",1.045212,"Error","Correct","Correct","Correct"
"11",48,"7_8_stimuli","8_8","Congruent","Incongruent","Congruent","Incongruent",95.99937,96.199358,"8*",0.485529,"Correct","Error","Correct","Correct"
"11",49,"1_2_stimuli","1_2","Incongruent","Congruent","Incongruent","Congruent",97.999356,98.19935,"2@",0.533469,"Correct","Correct","Error","Correct"
"11",50,"3_4_stimuli","3_3","Congruent","Incongruent","Congruent","Incongruent",99.999346,100.199335,"3#",0.453224,"Correct","Correct","Correct","Error"
"11",51,"5_6_stimuli","6_6","Congruent","Congruent","Incongruent","Congruent",101.999324,102.19932,"6^",0.661789,"Correct","Correct","Correct","Correct"
"11",52,"7_8_stimuli","8_8","Congruent","Congruent","Congruent","Incongruent",103.999321,104.199314,"8*",0.453279,"Correct","Correct","Correct","Correct"
"11",53,"1_2_stimuli","2_1","Incongruent","Congruent","Congruent","Congruent",105.999299,106.199302,"1!",0.421294,"Correct","Correct","Correct","Correct"
"11",54,"3_4_stimuli","3_4","Incongruent","Incongruent","Congruent","Congruent",107.999283,108.199289,"4$",0.886004,"Correct","Correct","Correct","Correct"
"11",55,"5_6_stimuli","5_5","Congruent","Incongruent","Incongruent","Congruent",109.999283,110.199268,"5%",0.565336,"Correct","Correct","Correct","Correct"
"11",56,"7_8_stimuli","7_8","Incongruent","Congruent","Incongruent","Incongruent",111.999265,112.199259,"8*",0.646064,"Correct","Correct","Correct","Correct"
"11",57,"1_2_stimuli","1_1","Congruent","Incongruent","Congruent","Incongruent",113.999251,114.199248,"1!",0.470012,"Correct","Correct","Correct","Correct"
"11",58,"3_4_stimuli","3_3","Congruent","Congruent","Incongruent","Congruent",115.999242,116.19923,"3#",0.517335,"Correct","Correct","Correct","Correct"
"11",59,"5_6_stimuli","6_6","Congruent","Congruent","Congruent","Incongruent",117.999221,118.199224,"6^",0.725708,"Correct","Correct","Correct","Correct"
"11",60,"7_8_stimuli","8_7","Incongruent","Congruent","Congruent","Congruent",119.999211,120.19921,"7&",0.853418,"Correct","Correct","Correct","Correct"
"11",61,"1_2_stimuli","2_2","Congruent","Incongruent","Congruent","Congruent",121.999202,122.199191,"2@",0.389445,"Correct","Correct","Correct","Correct"
"11",62,"3_4_stimuli","3_4","Incongruent","Congruent","Incongruent","Congruent",123.999181,124.199183,"4$",0.677448,"Correct","Correct","Correct","Correct"
"11",63,"5_6_stimuli","5_5","Congruent","Incongruent","Congruent","Incongruent",125.99918,126.199173,"5%",0.565727,"Correct","Correct","Correct","Correct"
"11",64,"7_8_stimuli","7_7","Congruent","Congruent","Incongruent","Congruent",127.999168,128.199161,"7&",0.805875,"Correct","Correct","Correct","Correct"
"11",65,"1_2_stimuli","1_2","Incongruent","Congruent","Congruent","Incongruent",129.999153,130.199147,"2@",0.502178,"Correct","Correct","Correct","Correct"
"11",66,"3_4_stimuli","4_4","Congruent","Incongruent","Congruent","Congruent",131.999136,132.199127,"4$",0.550138,"Correct","Correct","Correct","Correct"
"11",67,"5_6_stimuli","6_5","Incongruent","Congruent","Incongruent","Congruent",133.999129,134.199129,"5%",0.710208,"Correct","Correct","Correct","Correct"
"11",68,"7_8_stimuli","7_8","Incongruent","Incongruent","Congruent","Incongruent",135.999108,136.199109,"8*",0.549604,"Correct","Correct","Correct","Correct"
"12",1,"1_2_stimuli","2_1","Incongruent",NA,NA,NA,1.999966,2.19996,"1!",0.468303,"Correct",NA,NA,NA
"12",2,"3_4_stimuli","4_4","Congruent","Incongruent",NA,NA,3.99996,4.199952,"4$",0.484269,"Correct","Correct",NA,NA
"12",3,"5_6_stimuli","6_5","Incongruent","Congruent","Incongruent",NA,5.99994,6.19994,"5%",0.452326,"Correct","Correct","Correct",NA
"12",4,"7_8_stimuli","7_8","Incongruent","Incongruent","Congruent","Incongruent",7.999934,8.199935,"8*",0.548513,"Correct","Correct","Correct","Correct"
"12",5,"1_2_stimuli","1_1","Congruent","Incongruent","Incongruent","Congruent",9.99991,10.199912,"1!",0.40436,"Correct","Correct","Correct","Correct"
"12",6,"3_4_stimuli","4_4","Congruent","Congruent","Incongruent","Incongruent",11.999916,12.199903,"4$",0.452696,"Correct","Correct","Correct","Correct"
"12",7,"5_6_stimuli","5_6","Incongruent","Congruent","Congruent","Incongruent",13.999884,14.19989,"6^",0.612951,"Correct","Correct","Correct","Correct"
"12",8,"7_8_stimuli","7_7","Congruent","Incongruent","Congruent","Congruent",15.999877,16.199876,"7&",0.388689,"Correct","Correct","Correct","Correct"
"12",9,"1_2_stimuli","2_2","Congruent","Congruent","Incongruent","Congruent",17.999865,18.199876,"2@",0.660633,"Correct","Correct","Correct","Correct"
"12",10,"3_4_stimuli","3_4","Incongruent","Congruent","Congruent","Incongruent",19.999862,20.199856,"4$",0.452557,"Correct","Correct","Correct","Correct"
"12",11,"5_6_stimuli","5_6","Incongruent","Incongruent","Congruent","Congruent",21.999844,22.199835,"6^",0.612649,"Correct","Correct","Correct","Correct"
"12",12,"7_8_stimuli","8_7","Incongruent","Incongruent","Incongruent","Congruent",23.999824,24.199819,"7&",0.468995,"Correct","Correct","Correct","Correct"
"12",13,"1_2_stimuli","2_1","Incongruent","Incongruent","Incongruent","Incongruent",25.999816,26.199817,"1!",0.500452,"Correct","Correct","Correct","Correct"
"12",14,"3_4_stimuli","4_4","Congruent","Incongruent","Incongruent","Incongruent",27.999808,28.199803,"4$",0.436853,"Correct","Correct","Correct","Correct"
"12",15,"5_6_stimuli","6_6","Congruent","Congruent","Incongruent","Incongruent",29.999783,30.199797,"6^",0.516532,"Correct","Correct","Correct","Correct"
"12",16,"7_8_stimuli","8_7","Incongruent","Congruent","Congruent","Incongruent",31.999775,32.199782,"7&",0.357181,"Correct","Correct","Correct","Correct"
"12",17,"1_2_stimuli","1_2","Incongruent","Incongruent","Congruent","Congruent",33.999761,34.199774,"2@",0.516519,"Correct","Correct","Correct","Correct"
"12",18,"3_4_stimuli","3_3","Congruent","Incongruent","Incongruent","Congruent",35.999747,36.199747,"3#",0.404855,"Correct","Correct","Correct","Correct"
"12",19,"5_6_stimuli","5_6","Incongruent","Congruent","Incongruent","Incongruent",37.999738,38.199734,"6^",0.692491,"Correct","Correct","Correct","Correct"
"12",20,"7_8_stimuli","7_7","Congruent","Incongruent","Congruent","Incongruent",39.999728,40.199728,"7&",0.388792,"Correct","Correct","Correct","Correct"
"12",21,"1_2_stimuli","2_1","Incongruent","Congruent","Incongruent","Congruent",41.999716,42.199717,"1!",0.517219,"Correct","Correct","Correct","Correct"
"12",22,"3_4_stimuli","3_4","Incongruent","Incongruent","Congruent","Incongruent",43.999698,44.199708,"4$",0.660632,"Correct","Correct","Correct","Correct"
"12",23,"5_6_stimuli","6_5","Incongruent","Incongruent","Incongruent","Congruent",45.999694,46.199686,"5%",0.565009,"Correct","Correct","Correct","Correct"
"12",24,"7_8_stimuli","7_8","Incongruent","Incongruent","Incongruent","Incongruent",47.999674,48.199665,"8*",0.596894,"Correct","Correct","Correct","Correct"
"12",25,"1_2_stimuli","2_2","Congruent","Incongruent","Incongruent","Incongruent",49.999662,50.199659,"2@",0.644642,"Correct","Correct","Correct","Correct"
"12",26,"3_4_stimuli","3_4","Incongruent","Congruent","Incongruent","Incongruent",51.999653,52.199651,"4$",0.549044,"Correct","Correct","Correct","Correct"
"12",27,"5_6_stimuli","5_6","Incongruent","Incongruent","Congruent","Incongruent",53.999639,54.199646,"6^",0.596644,"Correct","Correct","Correct","Correct"
"12",28,"7_8_stimuli","8_8","Congruent","Incongruent","Incongruent","Congruent",55.999624,56.199618,"8*",0.501307,"Correct","Correct","Correct","Correct"
"12",29,"1_2_stimuli","1_2","Incongruent","Congruent","Incongruent","Incongruent",57.999618,58.19962,"2@",0.469281,"Correct","Correct","Correct","Correct"
"12",30,"3_4_stimuli","3_3","Congruent","Incongruent","Congruent","Incongruent",59.999598,60.199593,"3#",0.564718,"Correct","Correct","Correct","Correct"
"12",31,"5_6_stimuli","6_6","Congruent","Congruent","Incongruent","Congruent",61.999581,62.199581,"6^",0.596756,"Correct","Correct","Correct","Correct"
"12",32,"7_8_stimuli","8_8","Congruent","Congruent","Congruent","Incongruent",63.999568,64.199564,"8*",0.613113,"Correct","Correct","Correct","Correct"
"12",33,"1_2_stimuli","1_1","Congruent","Congruent","Congruent","Congruent",65.999566,66.199567,"1!",0.437154,"Correct","Correct","Correct","Correct"
"12",34,"3_4_stimuli","4_4","Congruent","Congruent","Congruent","Congruent",67.999574,68.199554,"4$",0.405224,"Correct","Correct","Correct","Correct"
"12",35,"5_6_stimuli","6_5","Incongruent","Congruent","Congruent","Congruent",69.999542,70.199526,"6^",0.517212,"Error","Correct","Correct","Correct"
"12",36,"7_8_stimuli","7_8","Incongruent","Incongruent","Congruent","Congruent",71.999526,72.19953,"8*",0.629269,"Correct","Error","Correct","Correct"
"12",37,"1_2_stimuli","1_2","Incongruent","Incongruent","Incongruent","Congruent",73.999514,74.199506,"2@",0.644895,"Correct","Correct","Error","Correct"
"12",38,"3_4_stimuli","4_3","Incongruent","Incongruent","Incongruent","Incongruent",75.999501,76.1995,"3#",0.532904,"Correct","Correct","Correct","Error"
"12",39,"5_6_stimuli","6_5","Incongruent","Incongruent","Incongruent","Incongruent",77.999488,78.199493,"5%",0.75706,"Correct","Correct","Correct","Correct"
"12",40,"7_8_stimuli","7_7","Congruent","Incongruent","Incongruent","Incongruent",79.999473,80.199466,"7&",0.501151,"Correct","Correct","Correct","Correct"
"12",41,"1_2_stimuli","1_1","Congruent","Congruent","Incongruent","Incongruent",81.999455,82.199457,"1!",0.405353,"Correct","Correct","Correct","Correct"
"12",42,"3_4_stimuli","4_4","Congruent","Congruent","Congruent","Incongruent",83.999453,84.199438,"4$",0.565162,"Correct","Correct","Correct","Correct"
"12",43,"5_6_stimuli","5_5","Congruent","Congruent","Congruent","Congruent",85.999431,86.199422,"5%",0.597685,"Correct","Correct","Correct","Correct"
"12",44,"7_8_stimuli","8_8","Congruent","Congruent","Congruent","Congruent",87.999429,88.199417,"8*",0.517008,"Correct","Correct","Correct","Correct"
"12",45,"1_2_stimuli","2_1","Incongruent","Congruent","Congruent","Congruent",89.999409,90.19941,"1!",0.421562,"Correct","Correct","Correct","Correct"
"12",46,"3_4_stimuli","3_4","Incongruent","Incongruent","Congruent","Congruent",91.999392,92.199405,"4$",0.741437,"Correct","Correct","Correct","Correct"
"12",47,"5_6_stimuli","6_6","Congruent","Incongruent","Incongruent","Congruent",93.99938,94.199388,"6^",0.757007,"Correct","Correct","Correct","Correct"
"12",48,"7_8_stimuli","8_7","Incongruent","Congruent","Incongruent","Incongruent",95.999369,96.199364,"7&",0.533698,"Correct","Correct","Correct","Correct"
"12",49,"1_2_stimuli","2_2","Congruent","Incongruent","Congruent","Incongruent",97.999353,98.199342,"2@",0.629556,"Correct","Correct","Correct","Correct"
"12",50,"3_4_stimuli","3_3","Congruent","Congruent","Incongruent","Congruent",99.999343,100.199346,"3#",0.485083,"Correct","Correct","Correct","Correct"
"12",51,"5_6_stimuli","5_5","Congruent","Congruent","Congruent","Incongruent",101.999331,102.199325,"5%",0.581526,"Correct","Correct","Correct","Correct"
"12",52,"7_8_stimuli","7_8","Incongruent","Congruent","Congruent","Congruent",103.999321,104.199312,"8*",0.549275,"Correct","Correct","Correct","Correct"
"12",53,"1_2_stimuli","2_2","Congruent","Incongruent","Congruent","Congruent",105.99931,106.199308,"2@",0.517494,"Correct","Correct","Correct","Correct"
"12",54,"3_4_stimuli","4_3","Incongruent","Congruent","Incongruent","Congruent",107.99929,108.199285,"3#",0.725673,"Correct","Correct","Correct","Correct"
"12",55,"5_6_stimuli","6_6","Congruent","Incongruent","Congruent","Incongruent",109.999283,110.19928,"6^",1.077181,"Correct","Correct","Correct","Correct"
"12",56,"7_8_stimuli","7_8","Incongruent","Congruent","Incongruent","Congruent",111.999268,112.199263,"8*",0.613152,"Correct","Correct","Correct","Correct"
"12",57,"1_2_stimuli","1_2","Incongruent","Incongruent","Congruent","Incongruent",113.999254,114.19925,"2@",0.517466,"Correct","Correct","Correct","Correct"
"12",58,"3_4_stimuli","4_3","Incongruent","Incongruent","Incongruent","Congruent",115.999243,116.199248,"3#",0.453164,"Correct","Correct","Correct","Correct"
"12",59,"5_6_stimuli","5_5","Congruent","Incongruent","Incongruent","Incongruent",117.999227,118.199223,"5%",0.613381,"Correct","Correct","Correct","Correct"
"12",60,"7_8_stimuli","7_7","Congruent","Congruent","Incongruent","Incongruent",119.999212,120.199211,"7&",0.485871,"Correct","Correct","Correct","Correct"
"12",61,"1_2_stimuli","1_1","Congruent","Congruent","Congruent","Incongruent",121.9992,122.1992,"1!",0.533864,"Correct","Correct","Correct","Correct"
"12",62,"3_4_stimuli","4_3","Incongruent","Congruent","Congruent","Congruent",123.999191,124.199187,"3#",0.597419,"Correct","Correct","Correct","Correct"
"12",63,"5_6_stimuli","5_5","Congruent","Incongruent","Congruent","Congruent",125.999176,126.19918,"5%",0.533574,"Correct","Correct","Correct","Correct"
"12",64,"7_8_stimuli","8_8","Congruent","Congruent","Incongruent","Congruent",127.999164,128.199159,"8*",0.43781,"Correct","Correct","Correct","Correct"
"12",65,"1_2_stimuli","2_1","Incongruent","Congruent","Congruent","Incongruent",129.999145,130.19914,"1!",0.549711,"Correct","Correct","Correct","Correct"
"12",66,"3_4_stimuli","3_3","Congruent","Incongruent","Congruent","Congruent",131.99915,132.199142,"3#",0.469709,"Correct","Correct","Correct","Correct"
"12",67,"5_6_stimuli","6_5","Incongruent","Congruent","Incongruent","Congruent",133.999124,134.19913,"5%",0.597252,"Correct","Correct","Correct","Correct"
"12",68,"7_8_stimuli","8_7","Incongruent","Incongruent","Congruent","Incongruent",135.999106,136.199111,"7&",0.485379,"Correct","Correct","Correct","Correct"
"13",1,"1_2_stimuli","2_1","Incongruent",NA,NA,NA,1.999983,2.199983,"1!",0.519386,"Correct",NA,NA,NA
"13",2,"3_4_stimuli","3_4","Incongruent","Incongruent",NA,NA,3.99997,4.199973,"4$",0.551389,"Correct","Correct",NA,NA
"13",3,"5_6_stimuli","5_5","Congruent","Incongruent","Incongruent",NA,5.999964,6.199962,"5%",0.439396,"Correct","Correct","Correct",NA
"13",4,"7_8_stimuli","8_7","Incongruent","Congruent","Incongruent","Incongruent",7.999949,8.199957,"7&",0.600237,"Correct","Correct","Correct","Correct"
"13",5,"1_2_stimuli","1_2","Incongruent","Incongruent","Congruent","Incongruent",9.99994,10.199931,"2@",0.42415,"Correct","Correct","Correct","Correct"
"13",6,"3_4_stimuli","3_3","Congruent","Incongruent","Incongruent","Congruent",11.999919,12.199915,"3#",0.439523,"Correct","Correct","Correct","Correct"
"13",7,"5_6_stimuli","6_5","Incongruent","Congruent","Incongruent","Incongruent",13.999915,14.199903,"5%",0.600192,"Correct","Correct","Correct","Correct"
"13",8,"7_8_stimuli","7_8","Incongruent","Incongruent","Congruent","Incongruent",15.999895,16.199905,"8*",0.471448,"Correct","Correct","Correct","Correct"
"13",9,"1_2_stimuli","2_2","Congruent","Incongruent","Incongruent","Congruent",17.999884,18.199886,"2@",0.519902,"Correct","Correct","Correct","Correct"
"13",10,"3_4_stimuli","3_4","Incongruent","Congruent","Incongruent","Incongruent",19.999879,20.19987,"4$",0.615541,"Correct","Correct","Correct","Correct"
"13",11,"5_6_stimuli","5_6","Incongruent","Incongruent","Congruent","Incongruent",21.999857,22.199863,"6^",0.503555,"Correct","Correct","Correct","Correct"
"13",12,"7_8_stimuli","7_8","Incongruent","Incongruent","Incongruent","Congruent",23.999846,24.199844,"8*",0.439647,"Correct","Correct","Correct","Correct"
"13",13,"1_2_stimuli","1_1","Congruent","Incongruent","Incongruent","Incongruent",25.999833,26.199836,"1!",0.391896,"Correct","Correct","Correct","Correct"
"13",14,"3_4_stimuli","4_4","Congruent","Congruent","Incongruent","Incongruent",27.999818,28.19983,"4$",0.791609,"Correct","Correct","Correct","Correct"
"13",15,"5_6_stimuli","6_5","Incongruent","Congruent","Congruent","Incongruent",29.999807,30.19981,"5%",0.536079,"Correct","Correct","Correct","Correct"
"13",16,"7_8_stimuli","8_7","Incongruent","Incongruent","Congruent","Congruent",31.999784,32.199793,"7&",0.663827,"Correct","Correct","Correct","Correct"
"13",17,"1_2_stimuli","2_1","Incongruent","Incongruent","Incongruent","Congruent",33.999777,34.199792,"1!",0.487625,"Correct","Correct","Correct","Correct"
"13",18,"3_4_stimuli","3_4","Incongruent","Incongruent","Incongruent","Incongruent",35.999771,36.199772,"4$",0.439825,"Correct","Correct","Correct","Correct"
"13",19,"5_6_stimuli","5_6","Incongruent","Incongruent","Incongruent","Incongruent",37.999762,38.19976,"6^",0.551667,"Correct","Correct","Correct","Correct"
"13",20,"7_8_stimuli","8_7","Incongruent","Incongruent","Incongruent","Incongruent",39.999746,40.199743,"7&",0.44005,"Correct","Correct","Correct","Correct"
"13",21,"1_2_stimuli","2_1","Incongruent","Incongruent","Incongruent","Incongruent",41.999743,42.199738,"1!",0.471708,"Correct","Correct","Correct","Correct"
"13",22,"3_4_stimuli","3_3","Congruent","Incongruent","Incongruent","Incongruent",43.999721,44.199719,"3#",0.535901,"Correct","Correct","Correct","Correct"
"13",23,"5_6_stimuli","6_6","Congruent","Congruent","Incongruent","Incongruent",45.999708,46.199717,"6^",0.711997,"Correct","Correct","Correct","Correct"
"13",24,"7_8_stimuli","8_8","Congruent","Congruent","Congruent","Incongruent",47.999704,48.199687,"8*",0.487701,"Correct","Correct","Correct","Correct"
"13",25,"1_2_stimuli","1_2","Incongruent","Congruent","Congruent","Congruent",49.999698,50.199688,"2@",0.519755,"Correct","Correct","Correct","Correct"
"13",26,"3_4_stimuli","4_3","Incongruent","Incongruent","Congruent","Congruent",51.99968,52.199672,"3#",0.440178,"Correct","Correct","Correct","Correct"
"13",27,"5_6_stimuli","6_5","Incongruent","Incongruent","Incongruent","Congruent",53.999655,54.199665,"5%",0.712183,"Correct","Correct","Correct","Correct"
"13",28,"7_8_stimuli","7_7","Congruent","Incongruent","Incongruent","Incongruent",55.999645,56.199643,"7&",0.615843,"Correct","Correct","Correct","Correct"
"13",29,"1_2_stimuli","1_2","Incongruent","Congruent","Incongruent","Incongruent",57.99963,58.199638,"2@",0.439871,"Correct","Correct","Correct","Correct"
"13",30,"3_4_stimuli","4_3","Incongruent","Incongruent","Congruent","Incongruent",59.999618,60.199621,"3#",0.616502,"Correct","Correct","Correct","Correct"
"13",31,"5_6_stimuli","5_5","Congruent","Incongruent","Incongruent","Congruent",61.999611,62.199608,"5%",0.695976,"Correct","Correct","Correct","Correct"
"13",32,"7_8_stimuli","8_8","Congruent","Congruent","Incongruent","Incongruent",63.999585,64.199592,"8*",0.456109,"Correct","Correct","Correct","Correct"
"13",33,"1_2_stimuli","2_1","Incongruent","Congruent","Congruent","Incongruent",65.999591,66.199578,"1!",0.519864,"Correct","Correct","Correct","Correct"
"13",34,"3_4_stimuli","3_3","Congruent","Incongruent","Congruent","Congruent",67.999566,68.199575,"3#",0.503907,"Correct","Correct","Correct","Correct"
"13",35,"5_6_stimuli","5_6","Incongruent","Congruent","Incongruent","Congruent",69.999561,70.199533,"6^",0.712127,"Correct","Correct","Correct","Correct"
"13",36,"7_8_stimuli","8_8","Congruent","Incongruent","Congruent","Incongruent",71.999541,72.19954,"8*",0.567979,"Correct","Correct","Correct","Correct"
"13",37,"1_2_stimuli","1_1","Congruent","Congruent","Incongruent","Congruent",73.999533,74.199522,"1!",0.472176,"Correct","Correct","Correct","Correct"
"13",38,"3_4_stimuli","4_3","Incongruent","Congruent","Congruent","Incongruent",75.999518,76.19951,"3#",0.552217,"Correct","Correct","Correct","Correct"
"13",39,"5_6_stimuli","5_5","Congruent","Incongruent","Congruent","Congruent",77.999501,78.199511,"5%",0.680168,"Correct","Correct","Correct","Correct"
"13",40,"7_8_stimuli","7_7","Congruent","Congruent","Incongruent","Congruent",79.999497,80.199491,"7&",0.535997,"Correct","Correct","Correct","Correct"
"13",41,"1_2_stimuli","2_2","Congruent","Congruent","Congruent","Incongruent",81.99948,82.199474,"2@",0.439954,"Correct","Correct","Correct","Correct"
"13",42,"3_4_stimuli","3_4","Incongruent","Congruent","Congruent","Congruent",83.999465,84.199457,"4$",0.568507,"Correct","Correct","Correct","Correct"
"13",43,"5_6_stimuli","6_5","Incongruent","Incongruent","Congruent","Congruent",85.999446,86.199457,"5%",0.599989,"Correct","Correct","Correct","Correct"
"13",44,"7_8_stimuli","7_7","Congruent","Incongruent","Incongruent","Congruent",87.999446,88.199442,"7&",0.696595,"Correct","Correct","Correct","Correct"
"13",45,"1_2_stimuli","1_1","Congruent","Congruent","Incongruent","Incongruent",89.999434,90.199426,"1!",0.456457,"Correct","Correct","Correct","Correct"
"13",46,"3_4_stimuli","3_3","Congruent","Congruent","Congruent","Incongruent",91.999415,92.199411,"3#",0.53611,"Correct","Correct","Correct","Correct"
"13",47,"5_6_stimuli","5_6","Incongruent","Congruent","Congruent","Congruent",93.999393,94.199394,"6^",0.77686,"Correct","Correct","Correct","Correct"
"13",48,"7_8_stimuli","7_7","Congruent","Incongruent","Congruent","Congruent",95.999399,96.19939,"7&",0.584937,"Correct","Correct","Correct","Correct"
"13",49,"1_2_stimuli","2_1","Incongruent","Congruent","Incongruent","Congruent",97.999373,98.199367,"1!",0.504125,"Correct","Correct","Correct","Correct"
"13",50,"3_4_stimuli","4_4","Congruent","Incongruent","Congruent","Incongruent",99.999362,100.199367,"4$",0.552118,"Correct","Correct","Correct","Correct"
"13",51,"5_6_stimuli","5_5","Congruent","Congruent","Incongruent","Congruent",101.999345,102.199349,"5%",0.600894,"Correct","Correct","Correct","Correct"
"13",52,"7_8_stimuli","7_8","Incongruent","Congruent","Congruent","Incongruent",103.999342,104.199333,"8*",0.520567,"Correct","Correct","Correct","Correct"
"13",53,"1_2_stimuli","1_1","Congruent","Incongruent","Congruent","Congruent",105.999335,106.19932,"1!",0.424612,"Correct","Correct","Correct","Correct"
"13",54,"3_4_stimuli","4_3","Incongruent","Congruent","Incongruent","Congruent",107.999318,108.199308,"3#",0.568177,"Correct","Correct","Correct","Correct"
"13",55,"5_6_stimuli","6_6","Congruent","Incongruent","Congruent","Incongruent",109.999304,110.19929,"6^",0.792279,"Correct","Correct","Correct","Correct"
"13",56,"7_8_stimuli","7_8","Incongruent","Congruent","Incongruent","Congruent",111.999291,112.199281,"8*",0.568778,"Correct","Correct","Correct","Correct"
"13",57,"1_2_stimuli","2_2","Congruent","Incongruent","Congruent","Incongruent",113.999269,114.19927,"2@",0.712219,"Correct","Correct","Correct","Correct"
"13",58,"3_4_stimuli","4_4","Congruent","Congruent","Incongruent","Congruent",115.999263,116.199266,"4$",0.456302,"Correct","Correct","Correct","Correct"
"13",59,"5_6_stimuli","6_6","Congruent","Congruent","Congruent","Incongruent",117.999241,118.199239,"6^",0.632328,"Correct","Correct","Correct","Correct"
"13",60,"7_8_stimuli","8_8","Congruent","Congruent","Congruent","Congruent",119.999234,120.19923,"8*",0.504932,"Correct","Correct","Correct","Correct"
"13",61,"1_2_stimuli","2_2","Congruent","Congruent","Congruent","Congruent",121.999232,122.199227,"2@",0.552299,"Correct","Correct","Correct","Correct"
"13",62,"3_4_stimuli","4_4","Congruent","Congruent","Congruent","Congruent",123.999203,124.199204,"4$",0.456337,"Correct","Correct","Correct","Correct"
"13",63,"5_6_stimuli","6_6","Congruent","Congruent","Congruent","Congruent",125.999198,126.199198,"6^",0.680821,"Correct","Correct","Correct","Correct"
"13",64,"7_8_stimuli","8_7","Incongruent","Congruent","Congruent","Congruent",127.999184,128.19918,"7&",0.504371,"Correct","Correct","Correct","Correct"
"13",65,"1_2_stimuli","1_2","Incongruent","Incongruent","Congruent","Congruent",129.999162,130.199165,"2@",0.456722,"Correct","Correct","Correct","Correct"
"13",66,"3_4_stimuli","3_4","Incongruent","Incongruent","Incongruent","Congruent",131.99917,132.199163,"4$",0.632666,"Correct","Correct","Correct","Correct"
"13",67,"5_6_stimuli","5_5","Congruent","Incongruent","Incongruent","Incongruent",133.999151,134.199145,"5%",0.776397,"Correct","Correct","Correct","Correct"
"13",68,"7_8_stimuli","8_7","Incongruent","Congruent","Incongruent","Incongruent",135.999131,136.199127,"7&",0.665085,"Correct","Correct","Correct","Correct"
