"Run.Number","Trial.Number","Task","Stimulus","Current.Trial.Type","Previous.Trial.Type","Previous.Trial.Type.N2","Previous.Trial.Type.N3","StimulusOnsetTime","StimulusOffsetTime","Response","RT","Accuracy","PreviousAccuracy","PreviousAccuracy.N2","Previous.Accuracy.N3"
"practice",1,"1_2_stimuli","2_1","Incongruent",NA,NA,NA,1.999982,2.199977,"1!",1.152916,"Correct",NA,NA,NA
"practice",2,"3_4_stimuli","4_3","Incongruent","Incongruent",NA,NA,3.999964,4.199968,"3#",1.10588,"Correct","Correct",NA,NA
"practice",3,"5_6_stimuli","6_6","Congruent","Incongruent","Incongruent",NA,5.999942,6.199953,"Omission",5000,"Omission","Correct","Correct",NA
"practice",4,"7_8_stimuli","8_7","Incongruent","Congruent","Incongruent","Incongruent",7.999931,8.199931,"6^",0.224901,"Error","Omission","Correct","Correct"
"practice",5,"1_2_stimuli","1_2","Incongruent","Incongruent","Congruent","Incongruent",9.999913,10.199911,"2@",0.625626,"Correct","Error","Omission","Correct"
"practice",6,"3_4_stimuli","4_3","Incongruent","Incongruent","Incongruent","Congruent",11.999893,12.199896,"3#",0.433577,"Correct","Correct","Error","Omission"
"practice",7,"5_6_stimuli","5_5","Congruent","Incongruent","Incongruent","Incongruent",13.999868,14.199874,"5%",0.513441,"Correct","Correct","Correct","Error"
"practice",8,"7_8_stimuli","8_8","Congruent","Congruent","Incongruent","Incongruent",15.999852,16.199847,"8*",0.624951,"Correct","Correct","Correct","Correct"
"practice",9,"1_2_stimuli","2_1","Incongruent","Congruent","Congruent","Incongruent",17.999833,18.19983,"1!",0.561424,"Correct","Correct","Correct","Correct"
"practice",10,"3_4_stimuli","4_3","Incongruent","Incongruent","Congruent","Congruent",19.999815,20.199807,"3#",0.641014,"Correct","Correct","Correct","Correct"
"practice",11,"5_6_stimuli","6_5","Incongruent","Incongruent","Incongruent","Congruent",21.999789,22.199793,"5%",0.65783,"Correct","Correct","Correct","Correct"
"practice",12,"7_8_stimuli","8_7","Incongruent","Incongruent","Incongruent","Incongruent",23.999773,24.199773,"7&",0.465526,"Correct","Correct","Correct","Correct"
"practice",13,"1_2_stimuli","2_2","Congruent","Incongruent","Incongruent","Incongruent",25.999763,26.199759,"2@",0.465102,"Correct","Correct","Correct","Correct"
"practice",14,"3_4_stimuli","4_4","Congruent","Congruent","Incongruent","Incongruent",27.999745,28.199734,"4$",0.46539,"Correct","Correct","Correct","Correct"
"practice",15,"5_6_stimuli","6_6","Congruent","Congruent","Congruent","Incongruent",29.999718,30.199723,"5%",0.497116,"Error","Correct","Correct","Correct"
"practice",16,"7_8_stimuli","7_8","Incongruent","Congruent","Congruent","Congruent",31.999698,32.199704,"8*",0.76908,"Correct","Error","Correct","Correct"
"practice",17,"1_2_stimuli","2_1","Incongruent","Incongruent","Congruent","Congruent",33.999685,34.199676,"1!",0.465679,"Correct","Correct","Error","Correct"
"practice",18,"3_4_stimuli","3_3","Congruent","Incongruent","Incongruent","Congruent",35.999661,36.199655,"3#",0.673167,"Correct","Correct","Correct","Error"
"practice",19,"5_6_stimuli","6_5","Incongruent","Congruent","Incongruent","Incongruent",37.999641,38.199639,"5%",0.59364,"Correct","Correct","Correct","Correct"
"practice",20,"7_8_stimuli","8_7","Incongruent","Incongruent","Congruent","Incongruent",39.999628,40.199622,"7&",0.689606,"Correct","Correct","Correct","Correct"
"practice",21,"1_2_stimuli","2_2","Congruent","Incongruent","Incongruent","Congruent",41.999601,42.199603,"2@",0.561629,"Correct","Correct","Correct","Correct"
"practice",22,"3_4_stimuli","4_3","Incongruent","Congruent","Incongruent","Incongruent",43.99958,44.199584,"3#",0.577541,"Correct","Correct","Correct","Correct"
"practice",23,"5_6_stimuli","5_6","Incongruent","Incongruent","Congruent","Incongruent",45.999574,46.199557,"6^",0.6254,"Correct","Correct","Correct","Correct"
"practice",24,"7_8_stimuli","8_7","Incongruent","Incongruent","Incongruent","Congruent",47.999538,48.199543,"7&",0.401226,"Correct","Correct","Correct","Correct"
"practice",25,"1_2_stimuli","2_1","Incongruent","Incongruent","Incongruent","Incongruent",49.999527,50.199525,"1!",0.401228,"Correct","Correct","Correct","Correct"
"practice",26,"3_4_stimuli","4_4","Congruent","Incongruent","Incongruent","Incongruent",51.999511,52.199505,"3#",0.62555,"Error","Correct","Correct","Correct"
"practice",27,"5_6_stimuli","5_5","Congruent","Congruent","Incongruent","Incongruent",53.99949,54.19949,"5%",0.705815,"Correct","Error","Correct","Correct"
"practice",28,"7_8_stimuli","7_8","Incongruent","Congruent","Congruent","Incongruent",55.999471,56.199465,"8*",0.626006,"Correct","Correct","Error","Correct"
"practice",29,"1_2_stimuli","2_2","Congruent","Incongruent","Congruent","Congruent",57.999451,58.199449,"2@",0.801831,"Correct","Correct","Correct","Error"
"practice",30,"3_4_stimuli","4_3","Incongruent","Congruent","Incongruent","Congruent",59.999429,60.199431,"3#",0.513692,"Correct","Correct","Correct","Correct"
"practice",31,"5_6_stimuli","6_6","Congruent","Incongruent","Congruent","Incongruent",61.999393,62.199408,"7&",0.689382,"Error","Correct","Correct","Correct"
"practice",32,"7_8_stimuli","8_8","Congruent","Congruent","Incongruent","Congruent",63.999391,64.199391,"8*",0.882125,"Correct","Error","Correct","Correct"
"practice",33,"1_2_stimuli","2_2","Congruent","Congruent","Congruent","Incongruent",65.99937,66.19938,"2@",0.977461,"Correct","Correct","Error","Correct"
"practice",34,"3_4_stimuli","3_3","Congruent","Congruent","Congruent","Congruent",67.999351,68.199344,"3#",0.545578,"Correct","Correct","Correct","Error"
"practice",35,"5_6_stimuli","6_6","Congruent","Congruent","Congruent","Congruent",69.999342,70.199326,"5%",0.593771,"Error","Correct","Correct","Correct"
"practice",36,"7_8_stimuli","7_7","Congruent","Congruent","Congruent","Congruent",71.999309,72.199324,"7&",0.76995,"Correct","Error","Correct","Correct"
"practice",37,"1_2_stimuli","1_2","Incongruent","Congruent","Congruent","Congruent",73.99929,74.199299,"2@",0.514068,"Correct","Correct","Error","Correct"
"practice",38,"3_4_stimuli","4_4","Congruent","Incongruent","Congruent","Congruent",75.999285,76.199274,"4$",1.186008,"Correct","Correct","Correct","Error"
"practice",39,"5_6_stimuli","6_6","Congruent","Congruent","Incongruent","Congruent",77.999254,78.199263,"6^",1.201496,"Correct","Correct","Correct","Correct"
"practice",40,"7_8_stimuli","7_7","Congruent","Congruent","Congruent","Incongruent",79.99924,80.199243,"7&",0.465888,"Correct","Correct","Correct","Correct"
"practice",41,"1_2_stimuli","1_1","Congruent","Congruent","Congruent","Congruent",81.99922,82.199218,"1!",0.417504,"Correct","Correct","Correct","Correct"
"practice",42,"3_4_stimuli","3_4","Incongruent","Congruent","Congruent","Congruent",83.999194,84.199209,"4$",0.946342,"Correct","Correct","Correct","Correct"
"practice",43,"5_6_stimuli","5_5","Congruent","Incongruent","Congruent","Congruent",85.999182,86.199178,"5%",0.561624,"Correct","Correct","Correct","Correct"
"practice",44,"7_8_stimuli","7_8","Incongruent","Congruent","Incongruent","Congruent",87.999165,88.199157,"8*",0.993965,"Correct","Correct","Correct","Correct"
"practice",45,"1_2_stimuli","1_1","Congruent","Incongruent","Congruent","Incongruent",89.999139,90.199138,"1!",0.450045,"Correct","Correct","Correct","Correct"
"practice",46,"3_4_stimuli","3_3","Congruent","Congruent","Incongruent","Congruent",91.999128,92.199124,"3#",0.577629,"Correct","Correct","Correct","Correct"
"practice",47,"5_6_stimuli","5_6","Incongruent","Congruent","Congruent","Incongruent",93.999111,94.199099,"6^",1.122242,"Correct","Correct","Correct","Correct"
"practice",48,"7_8_stimuli","7_8","Incongruent","Incongruent","Congruent","Congruent",95.99909,96.199078,"8*",0.626302,"Correct","Correct","Correct","Correct"
"practice",49,"1_2_stimuli","1_2","Incongruent","Incongruent","Incongruent","Congruent",97.999071,98.199063,"2@",0.513745,"Correct","Correct","Correct","Correct"
"practice",50,"3_4_stimuli","3_4","Incongruent","Incongruent","Incongruent","Incongruent",99.999052,100.199046,"4$",0.626428,"Correct","Correct","Correct","Correct"
"practice",51,"5_6_stimuli","5_6","Incongruent","Incongruent","Incongruent","Incongruent",101.999023,102.199031,"6^",1.298107,"Correct","Correct","Correct","Correct"
"practice",52,"7_8_stimuli","7_7","Congruent","Incongruent","Incongruent","Incongruent",103.999014,104.199012,"7&",0.737706,"Correct","Correct","Correct","Correct"
"practice",53,"1_2_stimuli","1_1","Congruent","Congruent","Incongruent","Incongruent",105.998994,106.198987,"1!",0.482115,"Correct","Correct","Correct","Correct"
"practice",54,"3_4_stimuli","3_4","Incongruent","Congruent","Congruent","Incongruent",107.998971,108.198976,"4$",0.786197,"Correct","Correct","Correct","Correct"
"practice",55,"5_6_stimuli","6_5","Incongruent","Incongruent","Congruent","Congruent",109.998963,110.198957,"5%",0.642303,"Correct","Correct","Correct","Correct"
"practice",56,"7_8_stimuli","8_8","Congruent","Incongruent","Incongruent","Congruent",111.998934,112.198929,"8*",0.546541,"Correct","Correct","Correct","Correct"
"practice",57,"1_2_stimuli","1_2","Incongruent","Congruent","Incongruent","Incongruent",113.998908,114.198906,"2@",0.4498,"Correct","Correct","Correct","Correct"
"practice",58,"3_4_stimuli","4_4","Congruent","Incongruent","Congruent","Incongruent",115.998896,116.198888,"4$",0.817756,"Correct","Correct","Correct","Correct"
"practice",59,"5_6_stimuli","5_6","Incongruent","Congruent","Incongruent","Congruent",117.998871,118.198872,"6^",0.578466,"Correct","Correct","Correct","Correct"
"practice",60,"7_8_stimuli","7_7","Congruent","Incongruent","Congruent","Incongruent",119.998851,120.19885,"7&",0.450181,"Correct","Correct","Correct","Correct"
"practice",61,"1_2_stimuli","1_1","Congruent","Congruent","Incongruent","Congruent",121.998844,122.19884,"1!",0.386401,"Correct","Correct","Correct","Correct"
"practice",62,"3_4_stimuli","3_3","Congruent","Congruent","Congruent","Incongruent",123.998814,124.198814,"3#",0.530635,"Correct","Correct","Correct","Correct"
"practice",63,"5_6_stimuli","6_5","Incongruent","Congruent","Congruent","Congruent",125.998798,126.198797,"5%",0.658112,"Correct","Correct","Correct","Correct"
"practice",64,"7_8_stimuli","8_8","Congruent","Incongruent","Congruent","Congruent",127.998777,128.19878,"8*",0.5304,"Correct","Correct","Correct","Correct"
"practice",65,"1_2_stimuli","2_1","Incongruent","Congruent","Incongruent","Congruent",129.998763,130.19876,"1!",0.482512,"Correct","Correct","Correct","Correct"
"practice",66,"3_4_stimuli","3_4","Incongruent","Incongruent","Congruent","Incongruent",131.998742,132.198748,"4$",0.434256,"Correct","Correct","Correct","Correct"
"practice",67,"5_6_stimuli","5_5","Congruent","Incongruent","Incongruent","Congruent",133.998728,134.198726,"5%",0.850679,"Correct","Correct","Correct","Correct"
"practice",68,"7_8_stimuli","8_7","Incongruent","Congruent","Incongruent","Incongruent",135.998713,136.198702,"7&",0.546467,"Correct","Correct","Correct","Correct"
"1",1,"1_2_stimuli","2_2","Congruent",NA,NA,NA,1.999987,2.199989,"2@",0.420312,"Correct",NA,NA,NA
"1",2,"3_4_stimuli","4_4","Congruent","Congruent",NA,NA,3.99997,4.19996,"4$",0.612905,"Correct","Correct",NA,NA
"1",3,"5_6_stimuli","6_6","Congruent","Congruent","Congruent",NA,5.999946,6.199945,"6^",0.724304,"Correct","Correct","Correct",NA
"1",4,"7_8_stimuli","7_8","Incongruent","Congruent","Congruent","Congruent",7.999931,8.199927,"8*",0.580844,"Correct","Correct","Correct","Correct"
"1",5,"1_2_stimuli","1_1","Congruent","Incongruent","Congruent","Congruent",9.999902,10.199905,"1!",0.357026,"Correct","Correct","Correct","Correct"
"1",6,"3_4_stimuli","3_3","Congruent","Congruent","Incongruent","Congruent",11.999887,12.199885,"3#",0.693036,"Correct","Correct","Correct","Correct"
"1",7,"5_6_stimuli","5_6","Incongruent","Congruent","Congruent","Incongruent",13.999881,14.199872,"6^",0.772975,"Correct","Correct","Correct","Correct"
"1",8,"7_8_stimuli","8_7","Incongruent","Incongruent","Congruent","Congruent",15.999849,16.199858,"7&",0.437069,"Correct","Correct","Correct","Correct"
"1",9,"1_2_stimuli","1_1","Congruent","Incongruent","Incongruent","Congruent",17.999825,18.199833,"1!",0.453001,"Correct","Correct","Correct","Correct"
"1",10,"3_4_stimuli","3_4","Incongruent","Congruent","Incongruent","Incongruent",19.999813,20.199814,"4$",0.580483,"Correct","Correct","Correct","Correct"
"1",11,"5_6_stimuli","6_5","Incongruent","Incongruent","Congruent","Incongruent",21.999795,22.199795,"5%",0.836709,"Correct","Correct","Correct","Correct"
"1",12,"7_8_stimuli","7_7","Congruent","Incongruent","Incongruent","Congruent",23.99978,24.199775,"6^",0.820941,"Error","Correct","Correct","Correct"
"1",13,"1_2_stimuli","1_2","Incongruent","Congruent","Incongruent","Incongruent",25.999749,26.199757,"2@",0.596518,"Correct","Error","Correct","Correct"
"1",14,"3_4_stimuli","3_3","Congruent","Incongruent","Congruent","Incongruent",27.999732,28.199745,"3#",0.54851,"Correct","Correct","Error","Correct"
"1",15,"5_6_stimuli","6_5","Incongruent","Congruent","Incongruent","Congruent",29.999717,30.199721,"5%",0.884515,"Correct","Correct","Correct","Error"
"1",16,"7_8_stimuli","7_8","Incongruent","Incongruent","Congruent","Incongruent",31.999713,32.199697,"8*",0.516768,"Correct","Correct","Correct","Correct"
"1",17,"1_2_stimuli","2_1","Incongruent","Incongruent","Incongruent","Congruent",33.999685,34.199687,"1!",0.404601,"Correct","Correct","Correct","Correct"
"1",18,"3_4_stimuli","4_4","Congruent","Incongruent","Incongruent","Incongruent",35.999673,36.199665,"4$",0.581173,"Correct","Correct","Correct","Correct"
"1",19,"5_6_stimuli","5_6","Incongruent","Congruent","Incongruent","Incongruent",37.999644,38.199647,"6^",0.820597,"Correct","Correct","Correct","Correct"
"1",20,"7_8_stimuli","7_7","Congruent","Incongruent","Congruent","Incongruent",39.999633,40.199629,"7&",0.404609,"Correct","Correct","Correct","Correct"
"1",21,"1_2_stimuli","2_1","Incongruent","Congruent","Incongruent","Congruent",41.999603,42.199604,"1!",0.404894,"Correct","Correct","Correct","Correct"
"1",22,"3_4_stimuli","3_4","Incongruent","Incongruent","Congruent","Incongruent",43.999592,44.199577,"4$",0.533336,"Correct","Correct","Correct","Correct"
"1",23,"5_6_stimuli","6_6","Congruent","Incongruent","Incongruent","Congruent",45.999569,46.199576,"5%",0.708642,"Error","Correct","Correct","Correct"
"1",24,"7_8_stimuli","7_8","Incongruent","Congruent","Incongruent","Incongruent",47.999557,48.199545,"8*",0.549071,"Correct","Error","Correct","Correct"
"1",25,"1_2_stimuli","1_2","Incongruent","Incongruent","Congruent","Incongruent",49.999522,50.199532,"2@",0.501442,"Correct","Correct","Error","Correct"
"1",26,"3_4_stimuli","4_3","Incongruent","Incongruent","Incongruent","Congruent",51.999511,52.199511,"3#",0.533057,"Correct","Correct","Correct","Error"
"1",27,"5_6_stimuli","6_6","Congruent","Incongruent","Incongruent","Incongruent",53.999495,54.199497,"6^",0.965251,"Correct","Correct","Correct","Correct"
"1",28,"7_8_stimuli","7_7","Congruent","Congruent","Incongruent","Incongruent",55.99948,56.199465,"7&",0.469191,"Correct","Correct","Correct","Correct"
"1",29,"1_2_stimuli","1_1","Congruent","Congruent","Congruent","Incongruent",57.999446,58.199455,"1!",0.373276,"Correct","Correct","Correct","Correct"
"1",30,"3_4_stimuli","4_4","Congruent","Congruent","Congruent","Congruent",59.999435,60.199434,"4$",0.485531,"Correct","Correct","Correct","Correct"
"1",31,"5_6_stimuli","5_6","Incongruent","Congruent","Congruent","Congruent",61.999422,62.199407,"6^",0.805115,"Correct","Correct","Correct","Correct"
"1",32,"7_8_stimuli","7_7","Congruent","Incongruent","Congruent","Congruent",63.999401,64.199403,"7&",0.67674,"Correct","Correct","Correct","Correct"
"1",33,"1_2_stimuli","2_2","Congruent","Congruent","Incongruent","Congruent",65.999375,66.199378,"2@",0.533296,"Correct","Correct","Correct","Correct"
"1",34,"3_4_stimuli","4_3","Incongruent","Congruent","Congruent","Incongruent",67.999367,68.199339,"3#",0.54887,"Correct","Correct","Correct","Correct"
"1",35,"5_6_stimuli","6_5","Incongruent","Incongruent","Congruent","Congruent",69.999348,70.199344,"5%",1.077419,"Correct","Correct","Correct","Correct"
"1",36,"7_8_stimuli","7_8","Incongruent","Incongruent","Incongruent","Congruent",71.999331,72.199313,"8*",0.725622,"Correct","Correct","Correct","Correct"
"1",37,"1_2_stimuli","2_2","Congruent","Incongruent","Incongruent","Incongruent",73.999307,74.199298,"2@",0.629007,"Correct","Correct","Correct","Correct"
"1",38,"3_4_stimuli","3_3","Congruent","Congruent","Incongruent","Incongruent",75.999278,76.19929,"3#",0.58168,"Correct","Correct","Correct","Correct"
"1",39,"5_6_stimuli","5_5","Congruent","Congruent","Congruent","Incongruent",77.999255,78.199266,"5%",0.53342,"Correct","Correct","Correct","Correct"
"1",40,"7_8_stimuli","8_8","Congruent","Congruent","Congruent","Congruent",79.99924,80.199238,"8*",0.613581,"Correct","Correct","Correct","Correct"
"1",41,"1_2_stimuli","2_2","Congruent","Congruent","Congruent","Congruent",81.99923,82.199229,"2@",0.436936,"Correct","Correct","Correct","Correct"
"1",42,"3_4_stimuli","3_4","Incongruent","Congruent","Congruent","Congruent",83.999204,84.199197,"4$",0.59742,"Correct","Correct","Correct","Correct"
"1",43,"5_6_stimuli","6_6","Congruent","Incongruent","Congruent","Congruent",85.999193,86.199185,"6^",0.773624,"Correct","Correct","Correct","Correct"
"1",44,"7_8_stimuli","8_7","Incongruent","Congruent","Incongruent","Congruent",87.999173,88.199159,"7&",0.597014,"Correct","Correct","Correct","Correct"
"1",45,"1_2_stimuli","2_2","Congruent","Incongruent","Congruent","Incongruent",89.999153,90.19915,"2@",0.485027,"Correct","Correct","Correct","Correct"
"1",46,"3_4_stimuli","3_4","Incongruent","Congruent","Incongruent","Congruent",91.999134,92.199127,"4$",0.789035,"Correct","Correct","Correct","Correct"
"1",47,"5_6_stimuli","5_5","Congruent","Incongruent","Congruent","Incongruent",93.999108,94.199106,"5%",0.597028,"Correct","Correct","Correct","Correct"
"1",48,"7_8_stimuli","8_8","Congruent","Congruent","Incongruent","Congruent",95.999085,96.199095,"8*",0.453083,"Correct","Correct","Correct","Correct"
"1",49,"1_2_stimuli","1_2","Incongruent","Congruent","Congruent","Incongruent",97.999079,98.199068,"2@",0.549701,"Correct","Correct","Correct","Correct"
"1",50,"3_4_stimuli","4_3","Incongruent","Incongruent","Congruent","Congruent",99.999057,100.199059,"3#",0.38936,"Correct","Correct","Correct","Correct"
"1",51,"5_6_stimuli","5_6","Incongruent","Incongruent","Incongruent","Congruent",101.999044,102.199037,"5%",0.789645,"Error","Correct","Correct","Correct"
"1",52,"7_8_stimuli","7_8","Incongruent","Incongruent","Incongruent","Incongruent",103.999013,104.199012,"8*",1.125454,"Correct","Error","Correct","Correct"
"1",53,"1_2_stimuli","1_2","Incongruent","Incongruent","Incongruent","Incongruent",105.999004,106.198989,"2@",0.565624,"Correct","Correct","Error","Correct"
"1",54,"3_4_stimuli","4_3","Incongruent","Incongruent","Incongruent","Incongruent",107.998971,108.198971,"3#",0.341163,"Correct","Correct","Correct","Error"
"1",55,"5_6_stimuli","6_5","Incongruent","Incongruent","Incongruent","Incongruent",109.998963,110.198958,"5%",0.613678,"Correct","Correct","Correct","Correct"
"1",56,"7_8_stimuli","8_8","Congruent","Incongruent","Incongruent","Incongruent",111.998946,112.198934,"8*",0.4214,"Correct","Correct","Correct","Correct"
"1",57,"1_2_stimuli","1_1","Congruent","Congruent","Incongruent","Incongruent",113.998923,114.198921,"1!",0.549651,"Correct","Correct","Correct","Correct"
"1",58,"3_4_stimuli","4_4","Congruent","Congruent","Congruent","Incongruent",115.998905,116.198901,"4$",0.517199,"Correct","Correct","Correct","Correct"
"1",59,"5_6_stimuli","6_6","Congruent","Congruent","Congruent","Congruent",117.998881,118.198892,"6^",0.917533,"Correct","Correct","Correct","Correct"
"1",60,"7_8_stimuli","8_7","Incongruent","Congruent","Congruent","Congruent",119.998872,120.19886,"7&",0.56568,"Correct","Correct","Correct","Correct"
"1",61,"1_2_stimuli","2_1","Incongruent","Incongruent","Congruent","Congruent",121.998819,122.198843,"1!",0.485677,"Correct","Correct","Correct","Correct"
"1",62,"3_4_stimuli","4_4","Congruent","Incongruent","Incongruent","Congruent",123.998829,124.19882,"4$",0.341987,"Correct","Correct","Correct","Correct"
"1",63,"5_6_stimuli","5_5","Congruent","Congruent","Incongruent","Incongruent",125.998805,126.198801,"5%",0.565236,"Correct","Correct","Correct","Correct"
"1",64,"7_8_stimuli","8_8","Congruent","Congruent","Congruent","Incongruent",127.998783,128.198786,"8*",0.517266,"Correct","Correct","Correct","Correct"
"1",65,"1_2_stimuli","2_1","Incongruent","Congruent","Congruent","Congruent",129.998769,130.198763,"1!",0.42196,"Correct","Correct","Correct","Correct"
"1",66,"3_4_stimuli","3_3","Congruent","Incongruent","Congruent","Congruent",131.998748,132.198752,"3#",0.58173,"Correct","Correct","Correct","Correct"
"1",67,"5_6_stimuli","5_5","Congruent","Congruent","Incongruent","Congruent",133.998733,134.198739,"5%",0.853771,"Correct","Correct","Correct","Correct"
"1",68,"7_8_stimuli","8_7","Incongruent","Congruent","Congruent","Incongruent",135.998712,136.198718,"7&",0.565806,"Correct","Correct","Correct","Correct"
"2",1,"1_2_stimuli","1_2","Incongruent",NA,NA,NA,1.999986,2.199981,"2@",0.467489,"Correct",NA,NA,NA
"2",2,"3_4_stimuli","3_3","Congruent","Incongruent",NA,NA,3.999967,4.19997,"3#",0.467424,"Correct","Correct",NA,NA
"2",3,"5_6_stimuli","5_6","Incongruent","Congruent","Incongruent",NA,5.999936,6.199942,"6^",1.2511,"Correct","Correct","Correct",NA
"2",4,"7_8_stimuli","8_7","Incongruent","Incongruent","Congruent","Incongruent",7.999926,8.199919,"7&",0.498818,"Correct","Correct","Correct","Correct"
"2",5,"1_2_stimuli","2_2","Congruent","Incongruent","Incongruent","Congruent",9.999911,10.199903,"2@",0.386859,"Correct","Correct","Correct","Correct"
"2",6,"3_4_stimuli","4_4","Congruent","Congruent","Incongruent","Incongruent",11.999897,12.199887,"4$",0.467402,"Correct","Correct","Correct","Correct"
"2",7,"5_6_stimuli","6_6","Congruent","Congruent","Congruent","Incongruent",13.999874,14.19986,"6^",0.755446,"Correct","Correct","Correct","Correct"
"2",8,"7_8_stimuli","7_8","Incongruent","Congruent","Congruent","Congruent",15.999852,16.199841,"8*",0.531294,"Correct","Correct","Correct","Correct"
"2",9,"1_2_stimuli","1_2","Incongruent","Incongruent","Congruent","Congruent",17.999825,18.199835,"2@",0.38762,"Correct","Correct","Correct","Correct"
"2",10,"3_4_stimuli","3_3","Congruent","Incongruent","Incongruent","Congruent",19.999815,20.199816,"3#",0.563261,"Correct","Correct","Correct","Correct"
"2",11,"5_6_stimuli","5_5","Congruent","Congruent","Incongruent","Incongruent",21.999802,22.1998,"5%",0.59493,"Correct","Correct","Correct","Correct"
"2",12,"7_8_stimuli","8_7","Incongruent","Congruent","Congruent","Incongruent",23.999781,24.199777,"7&",0.45097,"Correct","Correct","Correct","Correct"
"2",13,"1_2_stimuli","1_1","Congruent","Incongruent","Congruent","Congruent",25.999762,26.199754,"1!",0.435648,"Correct","Correct","Correct","Correct"
"2",14,"3_4_stimuli","3_4","Incongruent","Congruent","Incongruent","Congruent",27.999736,28.199736,"4$",0.755284,"Correct","Correct","Correct","Correct"
"2",15,"5_6_stimuli","5_6","Incongruent","Incongruent","Congruent","Incongruent",29.999728,30.199717,"6^",0.931554,"Correct","Correct","Correct","Correct"
"2",16,"7_8_stimuli","8_7","Incongruent","Incongruent","Incongruent","Congruent",31.999692,32.199706,"7&",0.403507,"Correct","Correct","Correct","Correct"
"2",17,"1_2_stimuli","2_2","Congruent","Incongruent","Incongruent","Incongruent",33.999679,34.199685,"2@",0.627003,"Correct","Correct","Correct","Correct"
"2",18,"3_4_stimuli","3_4","Incongruent","Congruent","Incongruent","Incongruent",35.999669,36.199657,"4$",0.595368,"Correct","Correct","Correct","Correct"
"2",19,"5_6_stimuli","6_6","Congruent","Incongruent","Congruent","Incongruent",37.999648,38.199648,"6^",1.106994,"Correct","Correct","Correct","Correct"
"2",20,"7_8_stimuli","7_8","Incongruent","Congruent","Incongruent","Congruent",39.999619,40.199626,"8*",0.899295,"Correct","Correct","Correct","Correct"
"2",21,"1_2_stimuli","1_2","Incongruent","Incongruent","Congruent","Incongruent",41.999602,42.199602,"2@",0.467695,"Correct","Correct","Correct","Correct"
"2",22,"3_4_stimuli","3_4","Incongruent","Incongruent","Incongruent","Congruent",43.999583,44.199575,"4$",0.355703,"Correct","Correct","Correct","Correct"
"2",23,"5_6_stimuli","5_6","Incongruent","Incongruent","Incongruent","Incongruent",45.999575,46.199574,"6^",0.643632,"Correct","Correct","Correct","Correct"
"2",24,"7_8_stimuli","8_8","Congruent","Incongruent","Incongruent","Incongruent",47.999556,48.19955,"8*",0.435468,"Correct","Correct","Correct","Correct"
"2",25,"1_2_stimuli","1_1","Congruent","Congruent","Incongruent","Incongruent",49.999532,50.199519,"1!",0.435822,"Correct","Correct","Correct","Correct"
"2",26,"3_4_stimuli","4_3","Incongruent","Congruent","Congruent","Incongruent",51.999512,52.199517,"3#",0.387133,"Correct","Correct","Correct","Correct"
"2",27,"5_6_stimuli","5_5","Congruent","Incongruent","Congruent","Congruent",53.999498,54.199489,"5%",0.643891,"Correct","Correct","Correct","Correct"
"2",28,"7_8_stimuli","7_7","Congruent","Congruent","Incongruent","Congruent",55.999473,56.199472,"7&",0.371693,"Correct","Correct","Correct","Correct"
"2",29,"1_2_stimuli","2_1","Incongruent","Congruent","Congruent","Incongruent",57.999448,58.199443,"1!",0.563707,"Correct","Correct","Correct","Correct"
"2",30,"3_4_stimuli","3_3","Congruent","Incongruent","Congruent","Congruent",59.999434,60.199432,"3#",0.339231,"Correct","Correct","Correct","Correct"
"2",31,"5_6_stimuli","5_5","Congruent","Congruent","Incongruent","Congruent",61.999417,62.199422,"5%",0.403752,"Correct","Correct","Correct","Correct"
"2",32,"7_8_stimuli","8_8","Congruent","Congruent","Congruent","Incongruent",63.999406,64.199405,"8*",0.323929,"Correct","Correct","Correct","Correct"
"2",33,"1_2_stimuli","1_1","Congruent","Congruent","Congruent","Congruent",65.99937,66.199367,"1!",0.371972,"Correct","Correct","Correct","Correct"
"2",34,"3_4_stimuli","4_4","Congruent","Congruent","Congruent","Congruent",67.999363,68.199361,"4$",0.467589,"Correct","Correct","Correct","Correct"
"2",35,"5_6_stimuli","6_6","Congruent","Congruent","Congruent","Congruent",69.99935,70.199341,"5%",0.80333,"Error","Correct","Correct","Correct"
"2",36,"7_8_stimuli","8_8","Congruent","Congruent","Congruent","Congruent",71.999328,72.199316,"8*",0.659244,"Correct","Error","Correct","Correct"
"2",37,"1_2_stimuli","2_1","Incongruent","Congruent","Congruent","Congruent",73.9993,74.199304,"1!",0.499882,"Correct","Correct","Error","Correct"
"2",38,"3_4_stimuli","4_3","Incongruent","Incongruent","Congruent","Congruent",75.999285,76.199288,"3#",0.499328,"Correct","Correct","Correct","Error"
"2",39,"5_6_stimuli","6_6","Congruent","Incongruent","Incongruent","Congruent",77.999257,78.199253,"6^",0.339781,"Correct","Correct","Correct","Correct"
"2",40,"7_8_stimuli","7_7","Congruent","Congruent","Incongruent","Incongruent",79.999255,80.199245,"7&",0.64397,"Correct","Correct","Correct","Correct"
"2",41,"1_2_stimuli","2_2","Congruent","Congruent","Congruent","Incongruent",81.999206,82.199228,"2@",0.468253,"Correct","Correct","Correct","Correct"
"2",42,"3_4_stimuli","3_4","Incongruent","Congruent","Congruent","Congruent",83.999213,84.199205,"4$",0.515642,"Correct","Correct","Correct","Correct"
"2",43,"5_6_stimuli","6_5","Incongruent","Incongruent","Congruent","Congruent",85.999193,86.199192,"5%",0.724116,"Correct","Correct","Correct","Correct"
"2",44,"7_8_stimuli","7_7","Congruent","Incongruent","Incongruent","Congruent",87.999166,88.19916,"7&",0.452023,"Correct","Correct","Correct","Correct"
"2",45,"1_2_stimuli","2_1","Incongruent","Congruent","Incongruent","Incongruent",89.999146,90.199151,"1!",0.563639,"Correct","Correct","Correct","Correct"
"2",46,"3_4_stimuli","4_3","Incongruent","Incongruent","Congruent","Incongruent",91.999135,92.19913,"3#",0.627488,"Correct","Correct","Correct","Correct"
"2",47,"5_6_stimuli","5_6","Incongruent","Incongruent","Incongruent","Congruent",93.999109,94.199114,"5%",1.203509,"Error","Correct","Correct","Correct"
"2",48,"7_8_stimuli","7_8","Incongruent","Incongruent","Incongruent","Incongruent",95.999101,96.199095,"8*",1.06006,"Correct","Error","Correct","Correct"
"2",49,"1_2_stimuli","2_1","Incongruent","Incongruent","Incongruent","Incongruent",97.99908,98.199073,"1!",0.4522,"Correct","Correct","Error","Correct"
"2",50,"3_4_stimuli","4_4","Congruent","Incongruent","Incongruent","Incongruent",99.999053,100.199048,"4$",0.387524,"Correct","Correct","Correct","Error"
"2",51,"5_6_stimuli","6_5","Incongruent","Congruent","Incongruent","Incongruent",101.999038,102.199033,"5%",0.531551,"Correct","Correct","Correct","Correct"
"2",52,"7_8_stimuli","8_8","Congruent","Incongruent","Congruent","Incongruent",103.999015,104.19901,"8*",0.404121,"Correct","Correct","Correct","Correct"
"2",53,"1_2_stimuli","1_1","Congruent","Congruent","Incongruent","Congruent",105.998996,106.198992,"1!",0.484298,"Correct","Correct","Correct","Correct"
"2",54,"3_4_stimuli","4_4","Congruent","Congruent","Congruent","Incongruent",107.998977,108.19898,"4$",0.467976,"Correct","Correct","Correct","Correct"
"2",55,"5_6_stimuli","6_5","Incongruent","Congruent","Congruent","Congruent",109.998961,110.198962,"5%",1.107613,"Correct","Correct","Correct","Correct"
"2",56,"7_8_stimuli","7_7","Congruent","Incongruent","Congruent","Congruent",111.99894,112.198948,"7&",0.452174,"Correct","Correct","Correct","Correct"
"2",57,"1_2_stimuli","1_2","Incongruent","Congruent","Incongruent","Congruent",113.99892,114.198917,"2@",0.499667,"Correct","Correct","Correct","Correct"
"2",58,"3_4_stimuli","3_3","Congruent","Incongruent","Congruent","Incongruent",115.998907,116.1989,"3#",0.516407,"Correct","Correct","Correct","Correct"
"2",59,"5_6_stimuli","5_6","Incongruent","Congruent","Incongruent","Congruent",117.998882,118.198891,"6^",0.91636,"Correct","Correct","Correct","Correct"
"2",60,"7_8_stimuli","7_8","Incongruent","Incongruent","Congruent","Incongruent",119.99886,120.19886,"8*",0.756175,"Correct","Correct","Correct","Correct"
"2",61,"1_2_stimuli","1_2","Incongruent","Incongruent","Incongruent","Congruent",121.998849,122.198845,"3#",0.452325,"Error","Correct","Correct","Correct"
"2",62,"3_4_stimuli","4_3","Incongruent","Incongruent","Incongruent","Incongruent",123.998829,124.198834,"3#",0.85172,"Correct","Error","Correct","Correct"
"2",63,"5_6_stimuli","5_5","Congruent","Incongruent","Incongruent","Incongruent",125.998815,126.198803,"5%",0.483707,"Correct","Correct","Error","Correct"
"2",64,"7_8_stimuli","8_7","Incongruent","Congruent","Incongruent","Incongruent",127.998788,128.198784,"7&",0.403825,"Correct","Correct","Correct","Error"
"2",65,"1_2_stimuli","2_2","Congruent","Incongruent","Congruent","Incongruent",129.998777,130.198781,"2@",0.435772,"Correct","Correct","Correct","Correct"
"2",66,"3_4_stimuli","3_3","Congruent","Congruent","Incongruent","Congruent",131.998759,132.198745,"3#",0.419813,"Correct","Correct","Correct","Correct"
"2",67,"5_6_stimuli","6_5","Incongruent","Congruent","Congruent","Incongruent",133.998739,134.198733,"5%",0.356532,"Correct","Correct","Correct","Correct"
"2",68,"7_8_stimuli","8_7","Incongruent","Incongruent","Congruent","Congruent",135.998711,136.198719,"7&",0.499875,"Correct","Correct","Correct","Correct"
"3",1,"1_2_stimuli","1_2","Incongruent",NA,NA,NA,1.999978,2.199993,"2@",0.565952,"Correct",NA,NA,NA
"3",2,"3_4_stimuli","4_4","Congruent","Incongruent",NA,NA,3.999963,4.199961,"4$",0.389858,"Correct","Correct",NA,NA
"3",3,"5_6_stimuli","5_6","Incongruent","Congruent","Incongruent",NA,5.999951,6.199945,"6^",0.806215,"Correct","Correct","Correct",NA
"3",4,"7_8_stimuli","7_8","Incongruent","Incongruent","Congruent","Incongruent",7.99992,8.199936,"8*",0.373937,"Correct","Correct","Correct","Correct"
"3",5,"1_2_stimuli","2_2","Congruent","Incongruent","Incongruent","Congruent",9.999908,10.199916,"2@",0.293899,"Correct","Correct","Correct","Correct"
"3",6,"3_4_stimuli","3_3","Congruent","Congruent","Incongruent","Incongruent",11.999887,12.19989,"3#",0.43798,"Correct","Correct","Correct","Correct"
"3",7,"5_6_stimuli","5_5","Congruent","Congruent","Congruent","Incongruent",13.999876,14.199861,"5%",0.742685,"Correct","Correct","Correct","Correct"
"3",8,"7_8_stimuli","8_8","Congruent","Congruent","Congruent","Congruent",15.999849,16.19986,"8*",0.470028,"Correct","Correct","Correct","Correct"
"3",9,"1_2_stimuli","1_1","Congruent","Congruent","Congruent","Congruent",17.999831,18.199834,"1!",0.438392,"Correct","Correct","Correct","Correct"
"3",10,"3_4_stimuli","3_4","Incongruent","Congruent","Congruent","Congruent",19.999822,20.199816,"4$",0.534032,"Correct","Correct","Correct","Correct"
"3",11,"5_6_stimuli","5_5","Congruent","Incongruent","Congruent","Congruent",21.99979,22.199804,"5%",0.406736,"Correct","Correct","Correct","Correct"
"3",12,"7_8_stimuli","7_8","Incongruent","Congruent","Incongruent","Congruent",23.99978,24.199773,"8*",0.42204,"Correct","Correct","Correct","Correct"
"3",13,"1_2_stimuli","2_2","Congruent","Incongruent","Congruent","Incongruent",25.999761,26.199764,"2@",0.342039,"Correct","Correct","Correct","Correct"
"3",14,"3_4_stimuli","3_4","Incongruent","Congruent","Incongruent","Congruent",27.999751,28.199731,"4$",0.422356,"Correct","Correct","Correct","Correct"
"3",15,"5_6_stimuli","6_6","Congruent","Incongruent","Congruent","Incongruent",29.999712,30.199724,"6^",0.342256,"Correct","Correct","Correct","Correct"
"3",16,"7_8_stimuli","8_8","Congruent","Congruent","Incongruent","Congruent",31.999702,32.199699,"8*",0.37459,"Correct","Correct","Correct","Correct"
"3",17,"1_2_stimuli","2_1","Incongruent","Congruent","Congruent","Incongruent",33.999685,34.199688,"1!",0.406123,"Correct","Correct","Correct","Correct"
"3",18,"3_4_stimuli","4_3","Incongruent","Incongruent","Congruent","Congruent",35.999662,36.199666,"3#",0.390173,"Correct","Correct","Correct","Correct"
"3",19,"5_6_stimuli","6_5","Incongruent","Incongruent","Incongruent","Congruent",37.999641,38.199653,"5%",0.502906,"Correct","Correct","Correct","Correct"
"3",20,"7_8_stimuli","8_7","Incongruent","Incongruent","Incongruent","Incongruent",39.999637,40.199623,"7&",0.486822,"Correct","Correct","Correct","Correct"
"3",21,"1_2_stimuli","1_1","Congruent","Incongruent","Incongruent","Incongruent",41.999611,42.19961,"1!",0.42286,"Correct","Correct","Correct","Correct"
"3",22,"3_4_stimuli","3_4","Incongruent","Congruent","Incongruent","Incongruent",43.999591,44.199592,"4$",0.422331,"Correct","Correct","Correct","Correct"
"3",23,"5_6_stimuli","6_5","Incongruent","Incongruent","Congruent","Incongruent",45.999556,46.199578,"5%",0.359436,"Correct","Correct","Correct","Correct"
"3",24,"7_8_stimuli","8_7","Incongruent","Incongruent","Incongruent","Congruent",47.999545,48.199561,"7&",0.327887,"Correct","Correct","Correct","Correct"
"3",25,"1_2_stimuli","1_2","Incongruent","Incongruent","Incongruent","Incongruent",49.999531,50.199542,"2@",0.391094,"Correct","Correct","Correct","Correct"
"3",26,"3_4_stimuli","3_4","Incongruent","Incongruent","Incongruent","Incongruent",51.999517,52.199503,"4$",0.342738,"Correct","Correct","Correct","Correct"
"3",27,"5_6_stimuli","6_5","Incongruent","Incongruent","Incongruent","Incongruent",53.999487,54.199487,"5%",0.471008,"Correct","Correct","Correct","Correct"
"3",28,"7_8_stimuli","7_7","Congruent","Incongruent","Incongruent","Incongruent",55.999474,56.199474,"7&",0.342316,"Correct","Correct","Correct","Correct"
"3",29,"1_2_stimuli","2_2","Congruent","Congruent","Incongruent","Incongruent",57.99946,58.199456,"2@",0.326358,"Correct","Correct","Correct","Correct"
"3",30,"3_4_stimuli","4_3","Incongruent","Congruent","Congruent","Incongruent",59.999445,60.199437,"3#",0.454773,"Correct","Correct","Correct","Correct"
"3",31,"5_6_stimuli","5_6","Incongruent","Incongruent","Congruent","Congruent",61.999412,62.199429,"6^",0.342435,"Correct","Correct","Correct","Correct"
"3",32,"7_8_stimuli","8_8","Congruent","Incongruent","Incongruent","Congruent",63.999404,64.199403,"8*",0.326347,"Correct","Correct","Correct","Correct"
"3",33,"1_2_stimuli","2_1","Incongruent","Congruent","Incongruent","Incongruent",65.99938,66.199385,"1!",0.390406,"Correct","Correct","Correct","Correct"
"3",34,"3_4_stimuli","4_4","Congruent","Incongruent","Congruent","Incongruent",67.999359,68.199366,"4$",0.471065,"Correct","Correct","Correct","Correct"
"3",35,"5_6_stimuli","6_5","Incongruent","Congruent","Incongruent","Congruent",69.999346,70.199336,"5%",0.48714,"Correct","Correct","Correct","Correct"
"3",36,"7_8_stimuli","8_8","Congruent","Incongruent","Congruent","Incongruent",71.999324,72.199322,"8*",0.358722,"Correct","Correct","Correct","Correct"
"3",37,"1_2_stimuli","1_1","Congruent","Congruent","Incongruent","Congruent",73.999307,74.199311,"1!",0.358451,"Correct","Correct","Correct","Correct"
"3",38,"3_4_stimuli","4_4","Congruent","Congruent","Congruent","Incongruent",75.999304,76.199279,"4$",0.343119,"Correct","Correct","Correct","Correct"
"3",39,"5_6_stimuli","5_5","Congruent","Congruent","Congruent","Congruent",77.999281,78.199266,"5%",0.374655,"Correct","Correct","Correct","Correct"
"3",40,"7_8_stimuli","8_7","Incongruent","Congruent","Congruent","Congruent",79.999254,80.199246,"7&",0.343146,"Correct","Correct","Correct","Correct"
"3",41,"1_2_stimuli","2_1","Incongruent","Incongruent","Congruent","Congruent",81.999225,82.199223,"1!",0.503106,"Correct","Correct","Correct","Correct"
"3",42,"3_4_stimuli","4_3","Incongruent","Incongruent","Incongruent","Congruent",83.999219,84.199209,"3#",0.311037,"Correct","Correct","Correct","Correct"
"3",43,"5_6_stimuli","6_6","Congruent","Incongruent","Incongruent","Incongruent",85.999192,86.199194,"6^",0.278547,"Correct","Correct","Correct","Correct"
"3",44,"7_8_stimuli","7_7","Congruent","Congruent","Incongruent","Incongruent",87.999171,88.19917,"7&",0.391017,"Correct","Correct","Correct","Correct"
"3",45,"1_2_stimuli","1_1","Congruent","Congruent","Congruent","Incongruent",89.999153,90.199158,"1!",0.375042,"Correct","Correct","Correct","Correct"
"3",46,"3_4_stimuli","4_4","Congruent","Congruent","Congruent","Congruent",91.999138,92.199134,"4$",0.42313,"Correct","Correct","Correct","Correct"
"3",47,"5_6_stimuli","5_6","Incongruent","Congruent","Congruent","Congruent",93.999121,94.199115,"6^",0.439154,"Correct","Correct","Correct","Correct"
"3",48,"7_8_stimuli","7_7","Congruent","Incongruent","Congruent","Congruent",95.9991,96.199097,"7&",0.535177,"Correct","Correct","Correct","Correct"
"3",49,"1_2_stimuli","2_1","Incongruent","Congruent","Incongruent","Congruent",97.999086,98.199081,"2@",0.422727,"Error","Correct","Correct","Correct"
"3",50,"3_4_stimuli","4_3","Incongruent","Incongruent","Congruent","Incongruent",99.999057,100.199055,"3#",0.598632,"Correct","Error","Correct","Correct"
"3",51,"5_6_stimuli","6_6","Congruent","Incongruent","Incongruent","Congruent",101.999037,102.199044,"6^",0.775132,"Correct","Correct","Error","Correct"
"3",52,"7_8_stimuli","7_8","Incongruent","Congruent","Incongruent","Incongruent",103.999024,104.199018,"8*",0.43942,"Correct","Correct","Correct","Error"
"3",53,"1_2_stimuli","1_2","Incongruent","Incongruent","Congruent","Incongruent",105.999012,106.19901,"2@",0.455031,"Correct","Correct","Correct","Correct"
"3",54,"3_4_stimuli","4_4","Congruent","Incongruent","Incongruent","Congruent",107.99898,108.198984,"4$",0.422693,"Correct","Correct","Correct","Correct"
"3",55,"5_6_stimuli","6_6","Congruent","Congruent","Incongruent","Incongruent",109.998975,110.198963,"6^",0.358767,"Correct","Correct","Correct","Correct"
"3",56,"7_8_stimuli","7_7","Congruent","Congruent","Congruent","Incongruent",111.998945,112.198941,"7&",0.342769,"Correct","Correct","Correct","Correct"
"3",57,"1_2_stimuli","1_2","Incongruent","Congruent","Congruent","Congruent",113.998925,114.198925,"2@",0.487364,"Correct","Correct","Correct","Correct"
"3",58,"3_4_stimuli","3_3","Congruent","Incongruent","Congruent","Congruent",115.998916,116.198916,"3#",0.550845,"Correct","Correct","Correct","Correct"
"3",59,"5_6_stimuli","5_5","Congruent","Congruent","Incongruent","Congruent",117.998892,118.198885,"5%",0.407475,"Correct","Correct","Correct","Correct"
"3",60,"7_8_stimuli","7_8","Incongruent","Congruent","Congruent","Incongruent",119.998874,120.198875,"8*",0.406795,"Correct","Correct","Correct","Correct"
"3",61,"1_2_stimuli","2_2","Congruent","Incongruent","Congruent","Congruent",121.998851,122.198847,"2@",0.439508,"Correct","Correct","Correct","Correct"
"3",62,"3_4_stimuli","3_3","Congruent","Congruent","Incongruent","Congruent",123.998841,124.19884,"3#",0.40687,"Correct","Correct","Correct","Correct"
"3",63,"5_6_stimuli","5_6","Incongruent","Congruent","Congruent","Incongruent",125.998811,126.198819,"6^",0.551565,"Correct","Correct","Correct","Correct"
"3",64,"7_8_stimuli","8_7","Incongruent","Incongruent","Congruent","Congruent",127.998805,128.198803,"7&",0.438923,"Correct","Correct","Correct","Correct"
"3",65,"1_2_stimuli","1_2","Incongruent","Incongruent","Incongruent","Congruent",129.998781,130.198776,"2@",0.470902,"Correct","Correct","Correct","Correct"
"3",66,"3_4_stimuli","3_3","Congruent","Incongruent","Incongruent","Incongruent",131.998765,132.198759,"3#",0.406936,"Correct","Correct","Correct","Correct"
"3",67,"5_6_stimuli","5_6","Incongruent","Congruent","Incongruent","Incongruent",133.99874,134.198737,"6^",0.82337,"Correct","Correct","Correct","Correct"
"3",68,"7_8_stimuli","7_8","Incongruent","Incongruent","Congruent","Incongruent",135.998719,136.198717,"8*",0.358959,"Correct","Correct","Correct","Correct"
"4",1,"1_2_stimuli","1_2","Incongruent",NA,NA,NA,1.999982,2.199988,"2@",0.547233,"Correct",NA,NA,NA
"4",2,"3_4_stimuli","3_4","Incongruent","Incongruent",NA,NA,3.999977,4.199967,"4$",0.403864,"Correct","Correct",NA,NA
"4",3,"5_6_stimuli","5_5","Congruent","Incongruent","Incongruent",NA,5.999946,6.199953,"5%",0.403784,"Correct","Correct","Correct",NA
"4",4,"7_8_stimuli","7_8","Incongruent","Congruent","Incongruent","Incongruent",7.999942,8.199938,"8*",0.355204,"Correct","Correct","Correct","Correct"
"4",5,"1_2_stimuli","2_1","Incongruent","Incongruent","Congruent","Incongruent",9.999919,10.199909,"1!",0.403305,"Correct","Correct","Correct","Correct"
"4",6,"3_4_stimuli","4_3","Incongruent","Incongruent","Incongruent","Congruent",11.999891,12.199896,"3#",0.339757,"Correct","Correct","Correct","Correct"
"4",7,"5_6_stimuli","6_6","Congruent","Incongruent","Incongruent","Incongruent",13.999878,14.19988,"6^",0.371324,"Correct","Correct","Correct","Correct"
"4",8,"7_8_stimuli","8_8","Congruent","Congruent","Incongruent","Incongruent",15.999861,16.199847,"8*",0.291374,"Correct","Correct","Correct","Correct"
"4",9,"1_2_stimuli","2_2","Congruent","Congruent","Congruent","Incongruent",17.999836,18.199845,"2@",0.403348,"Correct","Correct","Correct","Correct"
"4",10,"3_4_stimuli","3_4","Incongruent","Congruent","Congruent","Congruent",19.999827,20.199826,"4$",0.339383,"Correct","Correct","Correct","Correct"
"4",11,"5_6_stimuli","6_6","Congruent","Incongruent","Congruent","Congruent",21.999798,22.199801,"6^",0.30743,"Correct","Correct","Correct","Correct"
"4",12,"7_8_stimuli","7_8","Incongruent","Congruent","Incongruent","Congruent",23.999779,24.199773,"8*",0.403779,"Correct","Correct","Correct","Correct"
"4",13,"1_2_stimuli","1_1","Congruent","Incongruent","Congruent","Incongruent",25.999756,26.199768,"1!",0.355449,"Correct","Correct","Correct","Correct"
"4",14,"3_4_stimuli","4_4","Congruent","Congruent","Incongruent","Congruent",27.999752,28.199745,"4$",0.451949,"Correct","Correct","Correct","Correct"
"4",15,"5_6_stimuli","6_6","Congruent","Congruent","Congruent","Incongruent",29.999725,30.199724,"6^",0.339497,"Correct","Correct","Correct","Correct"
"4",16,"7_8_stimuli","8_7","Incongruent","Congruent","Congruent","Congruent",31.999718,32.19971,"7&",0.340096,"Correct","Correct","Correct","Correct"
"4",17,"1_2_stimuli","2_2","Congruent","Incongruent","Congruent","Congruent",33.999692,34.199686,"2@",0.419932,"Correct","Correct","Correct","Correct"
"4",18,"3_4_stimuli","3_4","Incongruent","Congruent","Incongruent","Congruent",35.999671,36.199666,"4$",0.404123,"Correct","Correct","Correct","Correct"
"4",19,"5_6_stimuli","5_5","Congruent","Incongruent","Congruent","Incongruent",37.99965,38.199651,"5%",0.356233,"Correct","Correct","Correct","Correct"
"4",20,"7_8_stimuli","7_7","Congruent","Congruent","Incongruent","Congruent",39.999638,40.199634,"7&",0.32419,"Correct","Correct","Correct","Correct"
"4",21,"1_2_stimuli","1_2","Incongruent","Congruent","Congruent","Incongruent",41.999613,42.199618,"2@",0.419532,"Correct","Correct","Correct","Correct"
"4",22,"3_4_stimuli","4_3","Incongruent","Incongruent","Congruent","Congruent",43.999598,44.19959,"3#",0.388001,"Correct","Correct","Correct","Correct"
"4",23,"5_6_stimuli","5_6","Incongruent","Incongruent","Incongruent","Congruent",45.999585,46.199584,"6^",0.483992,"Correct","Correct","Correct","Correct"
"4",24,"7_8_stimuli","8_8","Congruent","Incongruent","Incongruent","Incongruent",47.999558,48.199563,"8*",0.37242,"Correct","Correct","Correct","Correct"
"4",25,"1_2_stimuli","1_1","Congruent","Congruent","Incongruent","Incongruent",49.999545,50.199537,"1!",0.499617,"Correct","Correct","Correct","Correct"
"4",26,"3_4_stimuli","4_4","Congruent","Congruent","Congruent","Incongruent",51.999525,52.199516,"4$",0.483632,"Correct","Correct","Correct","Correct"
"4",27,"5_6_stimuli","5_6","Incongruent","Congruent","Congruent","Congruent",53.999498,54.199493,"6^",0.54807,"Correct","Correct","Correct","Correct"
"4",28,"7_8_stimuli","7_8","Incongruent","Incongruent","Congruent","Congruent",55.999488,56.199489,"8*",0.467972,"Correct","Correct","Correct","Correct"
"4",29,"1_2_stimuli","1_2","Incongruent","Incongruent","Incongruent","Congruent",57.999471,58.199455,"2@",0.419831,"Correct","Correct","Correct","Correct"
"4",30,"3_4_stimuli","4_3","Incongruent","Incongruent","Incongruent","Incongruent",59.999449,60.199439,"4$",0.403722,"Error","Correct","Correct","Correct"
"4",31,"5_6_stimuli","5_6","Incongruent","Incongruent","Incongruent","Incongruent",61.999433,62.199419,"6^",0.563702,"Correct","Error","Correct","Correct"
"4",32,"7_8_stimuli","7_8","Incongruent","Incongruent","Incongruent","Incongruent",63.999414,64.199402,"8*",0.404199,"Correct","Correct","Error","Correct"
"4",33,"1_2_stimuli","2_2","Congruent","Incongruent","Incongruent","Incongruent",65.99939,66.199384,"2@",0.451851,"Correct","Correct","Correct","Error"
"4",34,"3_4_stimuli","4_4","Congruent","Congruent","Incongruent","Incongruent",67.999371,68.199371,"4$",0.388395,"Correct","Correct","Correct","Correct"
"4",35,"5_6_stimuli","5_6","Incongruent","Congruent","Congruent","Incongruent",69.999345,70.19935,"6^",0.50028,"Correct","Correct","Correct","Correct"
"4",36,"7_8_stimuli","8_8","Congruent","Incongruent","Congruent","Congruent",71.999328,72.199327,"8*",0.355837,"Correct","Correct","Correct","Correct"
"4",37,"1_2_stimuli","2_1","Incongruent","Congruent","Incongruent","Congruent",73.99931,74.199321,"1!",0.723825,"Correct","Correct","Correct","Correct"
"4",38,"3_4_stimuli","3_3","Congruent","Incongruent","Congruent","Incongruent",75.999303,76.199294,"3#",0.531818,"Correct","Correct","Correct","Correct"
"4",39,"5_6_stimuli","5_5","Congruent","Congruent","Incongruent","Congruent",77.999275,78.199272,"5%",0.516392,"Correct","Correct","Correct","Correct"
"4",40,"7_8_stimuli","8_7","Incongruent","Congruent","Congruent","Incongruent",79.99926,80.199258,"7&",0.356266,"Correct","Correct","Correct","Correct"
"4",41,"1_2_stimuli","2_1","Incongruent","Incongruent","Congruent","Congruent",81.999237,82.199242,"1!",0.547906,"Correct","Correct","Correct","Correct"
"4",42,"3_4_stimuli","3_3","Congruent","Incongruent","Incongruent","Congruent",83.999222,84.199226,"3#",0.419896,"Correct","Correct","Correct","Correct"
"4",43,"5_6_stimuli","6_5","Incongruent","Congruent","Incongruent","Incongruent",85.999199,86.199206,"5%",0.532347,"Correct","Correct","Correct","Correct"
"4",44,"7_8_stimuli","8_8","Congruent","Incongruent","Congruent","Incongruent",87.999185,88.199179,"8*",0.484349,"Correct","Correct","Correct","Correct"
"4",45,"1_2_stimuli","1_1","Congruent","Congruent","Incongruent","Congruent",89.999165,90.199163,"1!",0.452552,"Correct","Correct","Correct","Correct"
"4",46,"3_4_stimuli","4_3","Incongruent","Congruent","Congruent","Incongruent",91.999141,92.199143,"3#",0.436397,"Correct","Correct","Correct","Correct"
"4",47,"5_6_stimuli","6_5","Incongruent","Incongruent","Congruent","Congruent",93.999121,94.199128,"5%",0.628689,"Correct","Correct","Correct","Correct"
"4",48,"7_8_stimuli","7_8","Incongruent","Incongruent","Incongruent","Congruent",95.999105,96.199113,"8*",0.516858,"Correct","Correct","Correct","Correct"
"4",49,"1_2_stimuli","1_2","Incongruent","Incongruent","Incongruent","Incongruent",97.999094,98.199078,"2@",0.420292,"Correct","Correct","Correct","Correct"
"4",50,"3_4_stimuli","3_3","Congruent","Incongruent","Incongruent","Incongruent",99.999065,100.199066,"3#",0.516774,"Correct","Correct","Correct","Correct"
"4",51,"5_6_stimuli","5_5","Congruent","Congruent","Incongruent","Incongruent",101.999046,102.199057,"5%",0.403975,"Correct","Correct","Correct","Correct"
"4",52,"7_8_stimuli","7_7","Congruent","Congruent","Congruent","Incongruent",103.999026,104.199024,"7&",0.372037,"Correct","Correct","Correct","Correct"
"4",53,"1_2_stimuli","1_1","Congruent","Congruent","Congruent","Congruent",105.999008,106.199008,"1!",0.388316,"Correct","Correct","Correct","Correct"
"4",54,"3_4_stimuli","3_3","Congruent","Congruent","Congruent","Congruent",107.998994,108.198985,"3#",0.356833,"Correct","Correct","Correct","Correct"
"4",55,"5_6_stimuli","6_6","Congruent","Congruent","Congruent","Congruent",109.998972,110.198969,"6^",0.580095,"Correct","Correct","Correct","Correct"
"4",56,"7_8_stimuli","7_7","Congruent","Congruent","Congruent","Congruent",111.998968,112.198954,"7&",0.436115,"Correct","Correct","Correct","Correct"
"4",57,"1_2_stimuli","1_2","Incongruent","Congruent","Congruent","Congruent",113.998938,114.19894,"2@",0.484193,"Correct","Correct","Correct","Correct"
"4",58,"3_4_stimuli","4_4","Congruent","Incongruent","Congruent","Congruent",115.998912,116.198923,"4$",0.372631,"Correct","Correct","Correct","Correct"
"4",59,"5_6_stimuli","6_5","Incongruent","Congruent","Incongruent","Congruent",117.998906,118.198898,"5%",0.500146,"Correct","Correct","Correct","Correct"
"4",60,"7_8_stimuli","8_7","Incongruent","Incongruent","Congruent","Incongruent",119.998885,120.198875,"7&",0.436722,"Correct","Correct","Correct","Correct"
"4",61,"1_2_stimuli","2_2","Congruent","Incongruent","Incongruent","Congruent",121.99886,122.19887,"2@",0.420569,"Correct","Correct","Correct","Correct"
"4",62,"3_4_stimuli","3_4","Incongruent","Congruent","Incongruent","Incongruent",123.998847,124.198842,"4$",0.484765,"Correct","Correct","Correct","Correct"
"4",63,"5_6_stimuli","6_5","Incongruent","Incongruent","Congruent","Incongruent",125.998829,126.198825,"5%",0.404354,"Correct","Correct","Correct","Correct"
"4",64,"7_8_stimuli","7_7","Congruent","Incongruent","Incongruent","Congruent",127.998801,128.198799,"7&",0.35679,"Correct","Correct","Correct","Correct"
"4",65,"1_2_stimuli","2_1","Incongruent","Congruent","Incongruent","Incongruent",129.998782,130.198785,"1!",0.532611,"Correct","Correct","Correct","Correct"
"4",66,"3_4_stimuli","3_4","Incongruent","Incongruent","Congruent","Incongruent",131.998772,132.198763,"4$",0.404238,"Correct","Correct","Correct","Correct"
"4",67,"5_6_stimuli","5_5","Congruent","Incongruent","Incongruent","Congruent",133.998744,134.198743,"5%",0.500717,"Correct","Correct","Correct","Correct"
"4",68,"7_8_stimuli","8_7","Incongruent","Congruent","Incongruent","Incongruent",135.998738,136.198728,"7&",0.388252,"Correct","Correct","Correct","Correct"
"5",1,"1_2_stimuli","1_1","Congruent",NA,NA,NA,1.999977,2.19998,"1!",0.452635,"Correct",NA,NA,NA
"5",2,"3_4_stimuli","3_3","Congruent","Congruent",NA,NA,3.999953,4.199952,"3#",0.356341,"Correct","Correct",NA,NA
"5",3,"5_6_stimuli","5_5","Congruent","Congruent","Congruent",NA,5.999937,6.199943,"5%",0.388381,"Correct","Correct","Correct",NA
"5",4,"7_8_stimuli","8_7","Incongruent","Congruent","Congruent","Congruent",7.999914,8.199917,"7&",0.340304,"Correct","Correct","Correct","Correct"
"5",5,"1_2_stimuli","1_1","Congruent","Incongruent","Congruent","Congruent",9.999908,10.199903,"1!",0.325066,"Correct","Correct","Correct","Correct"
"5",6,"3_4_stimuli","4_4","Congruent","Congruent","Incongruent","Congruent",11.999885,12.19989,"4$",0.388803,"Correct","Correct","Correct","Correct"
"5",7,"5_6_stimuli","6_6","Congruent","Congruent","Congruent","Incongruent",13.999872,14.19987,"6^",0.324408,"Correct","Correct","Correct","Correct"
"5",8,"7_8_stimuli","7_7","Congruent","Congruent","Congruent","Congruent",15.999846,16.199839,"7&",0.356402,"Correct","Correct","Correct","Correct"
"5",9,"1_2_stimuli","2_2","Congruent","Congruent","Congruent","Congruent",17.999825,18.199825,"2@",0.372537,"Correct","Correct","Correct","Correct"
"5",10,"3_4_stimuli","4_3","Incongruent","Congruent","Congruent","Congruent",19.999805,20.199815,"3#",0.324882,"Correct","Correct","Correct","Correct"
"5",11,"5_6_stimuli","6_5","Incongruent","Incongruent","Congruent","Congruent",21.999792,22.199786,"5%",0.756893,"Correct","Correct","Correct","Correct"
"5",12,"7_8_stimuli","8_7","Incongruent","Incongruent","Incongruent","Congruent",23.999762,24.199766,"7&",0.308507,"Correct","Correct","Correct","Correct"
"5",13,"1_2_stimuli","1_2","Incongruent","Incongruent","Incongruent","Incongruent",25.999762,26.199752,"2@",0.388675,"Correct","Correct","Correct","Correct"
"5",14,"3_4_stimuli","3_4","Incongruent","Incongruent","Incongruent","Incongruent",27.99974,28.199729,"4$",0.357159,"Correct","Correct","Correct","Correct"
"5",15,"5_6_stimuli","6_5","Incongruent","Incongruent","Incongruent","Incongruent",29.999718,30.199714,"5%",0.45256,"Correct","Correct","Correct","Correct"
"5",16,"7_8_stimuli","7_7","Congruent","Incongruent","Incongruent","Incongruent",31.999698,32.199699,"7&",0.372589,"Correct","Correct","Correct","Correct"
"5",17,"1_2_stimuli","2_2","Congruent","Congruent","Incongruent","Incongruent",33.999669,34.199676,"2@",0.373018,"Correct","Correct","Correct","Correct"
"5",18,"3_4_stimuli","3_3","Congruent","Congruent","Congruent","Incongruent",35.999649,36.199661,"3#",0.501301,"Correct","Correct","Correct","Correct"
"5",19,"5_6_stimuli","5_6","Incongruent","Congruent","Congruent","Congruent",37.999646,38.19964,"6^",0.42086,"Correct","Correct","Correct","Correct"
"5",20,"7_8_stimuli","7_8","Incongruent","Incongruent","Congruent","Congruent",39.99963,40.19961,"8*",0.293431,"Correct","Correct","Correct","Correct"
"5",21,"1_2_stimuli","1_2","Incongruent","Incongruent","Incongruent","Congruent",41.999604,42.199606,"2@",0.501344,"Correct","Correct","Correct","Correct"
"5",22,"3_4_stimuli","4_4","Congruent","Incongruent","Incongruent","Incongruent",43.999584,44.199587,"4$",0.341094,"Correct","Correct","Correct","Correct"
"5",23,"5_6_stimuli","6_5","Incongruent","Congruent","Incongruent","Incongruent",45.999566,46.199563,"5%",0.341178,"Correct","Correct","Correct","Correct"
"5",24,"7_8_stimuli","7_7","Congruent","Incongruent","Congruent","Incongruent",47.99955,48.19954,"7&",0.357421,"Correct","Correct","Correct","Correct"
"5",25,"1_2_stimuli","2_2","Congruent","Congruent","Incongruent","Congruent",49.999534,50.199523,"2@",0.452866,"Correct","Correct","Correct","Correct"
"5",26,"3_4_stimuli","4_3","Incongruent","Congruent","Congruent","Incongruent",51.999501,52.199515,"3#",0.437196,"Correct","Correct","Correct","Correct"
"5",27,"5_6_stimuli","5_5","Congruent","Incongruent","Congruent","Congruent",53.99949,54.199493,"5%",0.373216,"Correct","Correct","Correct","Correct"
"5",28,"7_8_stimuli","7_8","Incongruent","Congruent","Incongruent","Congruent",55.999462,56.199474,"7&",0.357339,"Error","Correct","Correct","Correct"
"5",29,"1_2_stimuli","1_2","Incongruent","Incongruent","Congruent","Incongruent",57.999446,58.19945,"2@",0.356999,"Correct","Error","Correct","Correct"
"5",30,"3_4_stimuli","4_4","Congruent","Incongruent","Incongruent","Congruent",59.999432,60.199441,"4$",0.341336,"Correct","Correct","Error","Correct"
"5",31,"5_6_stimuli","6_6","Congruent","Congruent","Incongruent","Incongruent",61.999424,62.199419,"6^",0.756954,"Correct","Correct","Correct","Error"
"5",32,"7_8_stimuli","8_7","Incongruent","Congruent","Congruent","Incongruent",63.99939,64.199393,"7&",0.453187,"Correct","Correct","Correct","Correct"
"5",33,"1_2_stimuli","2_1","Incongruent","Incongruent","Congruent","Congruent",65.999375,66.199377,"1!",0.420822,"Correct","Correct","Correct","Correct"
"5",34,"3_4_stimuli","3_4","Incongruent","Incongruent","Incongruent","Congruent",67.999353,68.199351,"4$",0.469283,"Correct","Correct","Correct","Correct"
"5",35,"5_6_stimuli","6_6","Congruent","Incongruent","Incongruent","Incongruent",69.999334,70.19934,"6^",0.372921,"Correct","Correct","Correct","Correct"
"5",36,"7_8_stimuli","7_8","Incongruent","Congruent","Incongruent","Incongruent",71.999323,72.199326,"8*",0.405664,"Correct","Correct","Correct","Correct"
"5",37,"1_2_stimuli","1_1","Congruent","Incongruent","Congruent","Incongruent",73.9993,74.199296,"1!",0.517345,"Correct","Correct","Correct","Correct"
"5",38,"3_4_stimuli","3_4","Incongruent","Congruent","Incongruent","Congruent",75.999277,76.199275,"4$",0.405195,"Correct","Correct","Correct","Correct"
"5",39,"5_6_stimuli","6_6","Congruent","Incongruent","Congruent","Incongruent",77.999267,78.199259,"6^",0.356886,"Correct","Correct","Correct","Correct"
"5",40,"7_8_stimuli","8_8","Congruent","Congruent","Incongruent","Congruent",79.999241,80.199236,"8*",0.357333,"Correct","Correct","Correct","Correct"
"5",41,"1_2_stimuli","2_1","Incongruent","Congruent","Congruent","Incongruent",81.99923,82.199232,"1!",0.581391,"Correct","Correct","Correct","Correct"
"5",42,"3_4_stimuli","3_4","Incongruent","Incongruent","Congruent","Congruent",83.999209,84.199211,"4$",0.693,"Correct","Correct","Correct","Correct"
"5",43,"5_6_stimuli","5_6","Incongruent","Incongruent","Incongruent","Congruent",85.999187,86.199192,"6^",0.453773,"Correct","Correct","Correct","Correct"
"5",44,"7_8_stimuli","8_7","Incongruent","Incongruent","Incongruent","Incongruent",87.999165,88.199165,"7&",0.485706,"Correct","Correct","Correct","Correct"
"5",45,"1_2_stimuli","2_2","Congruent","Incongruent","Incongruent","Incongruent",89.999153,90.199156,"2@",0.485415,"Correct","Correct","Correct","Correct"
"5",46,"3_4_stimuli","4_3","Incongruent","Congruent","Incongruent","Incongruent",91.999141,92.199141,"3#",0.437238,"Correct","Correct","Correct","Correct"
"5",47,"5_6_stimuli","5_6","Incongruent","Incongruent","Congruent","Incongruent",93.999107,94.199114,"6^",0.628984,"Correct","Correct","Correct","Correct"
"5",48,"7_8_stimuli","8_8","Congruent","Incongruent","Incongruent","Congruent",95.999092,96.199089,"8*",0.389137,"Correct","Correct","Correct","Correct"
"5",49,"1_2_stimuli","2_1","Incongruent","Congruent","Incongruent","Incongruent",97.999082,98.199072,"1!",0.533051,"Correct","Correct","Correct","Correct"
"5",50,"3_4_stimuli","3_3","Congruent","Incongruent","Congruent","Incongruent",99.999055,100.199058,"3#",0.485801,"Correct","Correct","Correct","Correct"
"5",51,"5_6_stimuli","5_5","Congruent","Congruent","Incongruent","Congruent",101.999043,102.199039,"5%",0.389128,"Correct","Correct","Correct","Correct"
"5",52,"7_8_stimuli","7_7","Congruent","Congruent","Congruent","Incongruent",103.999017,104.199025,"7&",0.341644,"Correct","Correct","Correct","Correct"
"5",53,"1_2_stimuli","2_1","Incongruent","Congruent","Congruent","Congruent",105.998999,106.199005,"1!",0.437858,"Correct","Correct","Correct","Correct"
"5",54,"3_4_stimuli","4_4","Congruent","Incongruent","Congruent","Congruent",107.99898,108.198981,"4$",0.437485,"Correct","Correct","Correct","Correct"
"5",55,"5_6_stimuli","5_6","Incongruent","Congruent","Incongruent","Congruent",109.998964,110.19897,"6^",0.421903,"Correct","Correct","Correct","Correct"
"5",56,"7_8_stimuli","8_7","Incongruent","Incongruent","Congruent","Incongruent",111.998941,112.198941,"7&",0.582032,"Correct","Correct","Correct","Correct"
"5",57,"1_2_stimuli","1_1","Congruent","Incongruent","Incongruent","Congruent",113.998931,114.19893,"1!",0.389605,"Correct","Correct","Correct","Correct"
"5",58,"3_4_stimuli","3_3","Congruent","Congruent","Incongruent","Incongruent",115.998904,116.1989,"3#",0.341765,"Correct","Correct","Correct","Correct"
"5",59,"5_6_stimuli","6_5","Incongruent","Congruent","Congruent","Incongruent",117.998895,118.198895,"5%",0.645297,"Correct","Correct","Correct","Correct"
"5",60,"7_8_stimuli","8_8","Congruent","Incongruent","Congruent","Congruent",119.998874,120.198868,"8*",0.405229,"Correct","Correct","Correct","Correct"
"5",61,"1_2_stimuli","1_2","Incongruent","Congruent","Incongruent","Congruent",121.99885,122.198855,"2@",0.373742,"Correct","Correct","Correct","Correct"
"5",62,"3_4_stimuli","4_3","Incongruent","Incongruent","Congruent","Incongruent",123.99885,124.198828,"3#",0.453936,"Correct","Correct","Correct","Correct"
"5",63,"5_6_stimuli","5_5","Congruent","Incongruent","Incongruent","Congruent",125.998813,126.198817,"5%",0.501439,"Correct","Correct","Correct","Correct"
"5",64,"7_8_stimuli","8_8","Congruent","Congruent","Incongruent","Incongruent",127.998803,128.19879,"7&",0.357324,"Error","Correct","Correct","Correct"
"5",65,"1_2_stimuli","1_1","Congruent","Congruent","Congruent","Incongruent",129.998784,130.198778,"1!",0.373898,"Correct","Error","Correct","Correct"
"5",66,"3_4_stimuli","3_3","Congruent","Congruent","Congruent","Congruent",131.998755,132.198763,"3#",0.390113,"Correct","Correct","Error","Correct"
"5",67,"5_6_stimuli","5_5","Congruent","Congruent","Congruent","Congruent",133.998738,134.198733,"5%",0.405745,"Correct","Correct","Correct","Error"
"5",68,"7_8_stimuli","7_8","Incongruent","Congruent","Congruent","Congruent",135.998717,136.198723,"8*",0.421837,"Correct","Correct","Correct","Correct"
"6",1,"1_2_stimuli","2_2","Congruent",NA,NA,NA,2.00025,2.200251,"2@",0.44518,"Correct",NA,NA,NA
"6",2,"3_4_stimuli","4_3","Incongruent","Congruent",NA,NA,4.000231,4.200225,"3#",0.461004,"Correct","Correct",NA,NA
"6",3,"5_6_stimuli","6_5","Incongruent","Incongruent","Congruent",NA,6.000225,6.200219,"5%",0.429384,"Correct","Correct","Correct",NA
"6",4,"7_8_stimuli","7_8","Incongruent","Incongruent","Incongruent","Congruent",8.000198,8.200191,"8*",0.412982,"Correct","Correct","Correct","Correct"
"6",5,"1_2_stimuli","2_2","Congruent","Incongruent","Incongruent","Incongruent",10.000176,10.200175,"2@",0.381299,"Correct","Correct","Correct","Correct"
"6",6,"3_4_stimuli","3_3","Congruent","Congruent","Incongruent","Incongruent",12.000156,12.200155,"3#",0.365585,"Correct","Correct","Correct","Correct"
"6",7,"5_6_stimuli","6_6","Congruent","Congruent","Congruent","Incongruent",14.000145,14.200132,"6^",0.381729,"Correct","Correct","Correct","Correct"
"6",8,"7_8_stimuli","8_8","Congruent","Congruent","Congruent","Congruent",16.000124,16.200131,"8*",0.381326,"Correct","Correct","Correct","Correct"
"6",9,"1_2_stimuli","1_1","Congruent","Congruent","Congruent","Congruent",18.000099,18.200104,"1!",0.365484,"Correct","Correct","Correct","Correct"
"6",10,"3_4_stimuli","3_3","Congruent","Congruent","Congruent","Congruent",20.000085,20.200081,"3#",0.333356,"Correct","Correct","Correct","Correct"
"6",11,"5_6_stimuli","6_5","Incongruent","Congruent","Congruent","Congruent",22.000072,22.200062,"5%",0.413058,"Correct","Correct","Correct","Correct"
"6",12,"7_8_stimuli","7_7","Congruent","Incongruent","Congruent","Congruent",24.000043,24.200047,"7&",0.413851,"Correct","Correct","Correct","Correct"
"6",13,"1_2_stimuli","1_2","Incongruent","Congruent","Incongruent","Congruent",26.000025,26.200035,"2@",0.461653,"Correct","Correct","Correct","Correct"
"6",14,"3_4_stimuli","4_3","Incongruent","Incongruent","Congruent","Incongruent",28.000002,28.200016,"3#",0.429138,"Correct","Correct","Correct","Correct"
"6",15,"5_6_stimuli","5_5","Congruent","Incongruent","Incongruent","Congruent",29.999996,30.199992,"5%",0.461567,"Correct","Correct","Correct","Correct"
"6",16,"7_8_stimuli","7_7","Congruent","Congruent","Incongruent","Incongruent",31.999977,32.199976,"7&",0.413596,"Correct","Correct","Correct","Correct"
"6",17,"1_2_stimuli","2_2","Congruent","Congruent","Congruent","Incongruent",33.999956,34.199948,"2@",0.381884,"Correct","Correct","Correct","Correct"
"6",18,"3_4_stimuli","4_3","Incongruent","Congruent","Congruent","Congruent",35.999949,36.199933,"3#",0.381238,"Correct","Correct","Correct","Correct"
"6",19,"5_6_stimuli","6_5","Incongruent","Incongruent","Congruent","Congruent",37.999918,38.199911,"5%",0.461652,"Correct","Correct","Correct","Correct"
"6",20,"7_8_stimuli","8_7","Incongruent","Incongruent","Incongruent","Congruent",39.999905,40.199907,"7&",0.365163,"Correct","Correct","Correct","Correct"
"6",21,"1_2_stimuli","2_1","Incongruent","Incongruent","Incongruent","Incongruent",41.999884,42.199882,"1!",0.461231,"Correct","Correct","Correct","Correct"
"6",22,"3_4_stimuli","3_4","Incongruent","Incongruent","Incongruent","Incongruent",43.999862,44.199855,"4$",0.509895,"Correct","Correct","Correct","Correct"
"6",23,"5_6_stimuli","6_6","Congruent","Incongruent","Incongruent","Incongruent",45.999839,46.199843,"6^",0.381801,"Correct","Correct","Correct","Correct"
"6",24,"7_8_stimuli","8_7","Incongruent","Congruent","Incongruent","Incongruent",47.999823,48.199829,"7&",0.461811,"Correct","Correct","Correct","Correct"
"6",25,"1_2_stimuli","1_1","Congruent","Incongruent","Congruent","Incongruent",49.999805,50.199807,"1!",0.41357,"Correct","Correct","Correct","Correct"
"6",26,"3_4_stimuli","4_4","Congruent","Congruent","Incongruent","Congruent",51.999786,52.199796,"4$",0.477896,"Correct","Correct","Correct","Correct"
"6",27,"5_6_stimuli","6_5","Incongruent","Congruent","Congruent","Incongruent",53.999778,54.199766,"5%",0.461261,"Correct","Correct","Correct","Correct"
"6",28,"7_8_stimuli","8_7","Incongruent","Incongruent","Congruent","Congruent",55.999756,56.199746,"7&",0.413857,"Correct","Correct","Correct","Correct"
"6",29,"1_2_stimuli","2_2","Congruent","Incongruent","Incongruent","Congruent",57.999725,58.199739,"2@",0.413987,"Correct","Correct","Correct","Correct"
"6",30,"3_4_stimuli","4_3","Incongruent","Congruent","Incongruent","Incongruent",59.999713,60.199711,"3#",0.44579,"Correct","Correct","Correct","Correct"
"6",31,"5_6_stimuli","5_6","Incongruent","Incongruent","Congruent","Incongruent",61.999697,62.199697,"6^",0.477879,"Correct","Correct","Correct","Correct"
"6",32,"7_8_stimuli","7_7","Congruent","Incongruent","Incongruent","Congruent",63.999673,64.199672,"7&",0.39748,"Correct","Correct","Correct","Correct"
"6",33,"1_2_stimuli","2_1","Incongruent","Congruent","Incongruent","Incongruent",65.999667,66.199651,"1!",0.428853,"Correct","Correct","Correct","Correct"
"6",34,"3_4_stimuli","4_4","Congruent","Incongruent","Congruent","Incongruent",67.999647,68.199638,"4$",0.31745,"Correct","Correct","Correct","Correct"
"6",35,"5_6_stimuli","6_5","Incongruent","Congruent","Incongruent","Congruent",69.999627,70.199613,"5%",0.461969,"Correct","Correct","Correct","Correct"
"6",36,"7_8_stimuli","7_8","Incongruent","Incongruent","Congruent","Incongruent",71.999608,72.199603,"8*",0.493459,"Correct","Correct","Correct","Correct"
"6",37,"1_2_stimuli","1_2","Incongruent","Incongruent","Incongruent","Congruent",73.999591,74.199575,"2@",0.493477,"Correct","Correct","Correct","Correct"
"6",38,"3_4_stimuli","3_3","Congruent","Incongruent","Incongruent","Incongruent",75.999559,76.199559,"3#",0.429546,"Correct","Correct","Correct","Correct"
"6",39,"5_6_stimuli","5_6","Incongruent","Congruent","Incongruent","Incongruent",77.999554,78.199548,"6^",0.429993,"Correct","Correct","Correct","Correct"
"6",40,"7_8_stimuli","8_8","Congruent","Incongruent","Congruent","Incongruent",79.999536,80.199522,"8*",0.430176,"Correct","Correct","Correct","Correct"
"6",41,"1_2_stimuli","1_1","Congruent","Congruent","Incongruent","Congruent",81.999508,82.199499,"1!",0.414171,"Correct","Correct","Correct","Correct"
"6",42,"3_4_stimuli","4_3","Incongruent","Congruent","Congruent","Incongruent",83.9995,84.199491,"3#",0.462174,"Correct","Correct","Correct","Correct"
"6",43,"5_6_stimuli","5_5","Congruent","Incongruent","Congruent","Congruent",85.999468,86.199464,"5%",0.461798,"Correct","Correct","Correct","Correct"
"6",44,"7_8_stimuli","7_8","Incongruent","Congruent","Incongruent","Congruent",87.999459,88.199459,"8*",0.462076,"Correct","Correct","Correct","Correct"
"6",45,"1_2_stimuli","1_2","Incongruent","Incongruent","Congruent","Incongruent",89.999427,90.199427,"2@",0.445652,"Correct","Correct","Correct","Correct"
"6",46,"3_4_stimuli","4_4","Congruent","Incongruent","Incongruent","Congruent",91.999417,92.199408,"4$",0.414212,"Correct","Correct","Correct","Correct"
"6",47,"5_6_stimuli","6_6","Congruent","Congruent","Incongruent","Incongruent",93.999391,94.199396,"6^",0.381733,"Correct","Correct","Correct","Correct"
"6",48,"7_8_stimuli","8_8","Congruent","Congruent","Congruent","Incongruent",95.999369,96.199368,"8*",0.382319,"Correct","Correct","Correct","Correct"
"6",49,"1_2_stimuli","2_1","Incongruent","Congruent","Congruent","Congruent",97.999357,98.199361,"1!",0.493804,"Correct","Correct","Correct","Correct"
"6",50,"3_4_stimuli","3_4","Incongruent","Incongruent","Congruent","Congruent",99.999336,100.199337,"4$",0.398169,"Correct","Correct","Correct","Correct"
"6",51,"5_6_stimuli","5_6","Incongruent","Incongruent","Incongruent","Congruent",101.999317,102.199324,"6^",0.429907,"Correct","Correct","Correct","Correct"
"6",52,"7_8_stimuli","8_8","Congruent","Incongruent","Incongruent","Incongruent",103.999307,104.199294,"8*",0.366032,"Correct","Correct","Correct","Correct"
"6",53,"1_2_stimuli","1_1","Congruent","Congruent","Incongruent","Incongruent",105.999294,106.199284,"1!",0.446476,"Correct","Correct","Correct","Correct"
"6",54,"3_4_stimuli","3_3","Congruent","Congruent","Congruent","Incongruent",107.999269,108.199255,"3#",0.397811,"Correct","Correct","Correct","Correct"
"6",55,"5_6_stimuli","5_5","Congruent","Congruent","Congruent","Congruent",109.999244,110.199241,"6^",0.494049,"Error","Correct","Correct","Correct"
"6",56,"7_8_stimuli","8_7","Incongruent","Congruent","Congruent","Congruent",111.999228,112.199222,"7&",0.414184,"Correct","Error","Correct","Correct"
"6",57,"1_2_stimuli","2_2","Congruent","Incongruent","Congruent","Congruent",113.999218,114.199216,"2@",0.35048,"Correct","Correct","Error","Correct"
"6",58,"3_4_stimuli","3_4","Incongruent","Congruent","Incongruent","Congruent",115.999187,116.199181,"4$",0.382575,"Correct","Correct","Correct","Error"
"6",59,"5_6_stimuli","5_5","Congruent","Incongruent","Congruent","Incongruent",117.999168,118.199161,"5%",0.366411,"Correct","Correct","Correct","Correct"
"6",60,"7_8_stimuli","7_7","Congruent","Congruent","Incongruent","Congruent",119.999153,120.199145,"7&",0.302717,"Correct","Correct","Correct","Correct"
"6",61,"1_2_stimuli","1_2","Incongruent","Congruent","Congruent","Incongruent",121.999126,122.199133,"2@",0.429986,"Correct","Correct","Correct","Correct"
"6",62,"3_4_stimuli","4_4","Congruent","Incongruent","Congruent","Congruent",123.999112,124.199109,"4$",0.541909,"Correct","Correct","Correct","Correct"
"6",63,"5_6_stimuli","6_6","Congruent","Congruent","Incongruent","Congruent",125.999094,126.199089,"6^",0.446413,"Correct","Correct","Correct","Correct"
"6",64,"7_8_stimuli","7_8","Incongruent","Congruent","Congruent","Incongruent",127.999078,128.199071,"8*",0.54231,"Correct","Correct","Correct","Correct"
"6",65,"1_2_stimuli","2_1","Incongruent","Incongruent","Congruent","Congruent",129.999055,130.19905,"1!",0.541952,"Correct","Correct","Correct","Correct"
"6",66,"3_4_stimuli","3_4","Incongruent","Incongruent","Incongruent","Congruent",131.999032,132.19904,"4$",0.686043,"Correct","Correct","Correct","Correct"
"6",67,"5_6_stimuli","5_6","Incongruent","Incongruent","Incongruent","Incongruent",133.999014,134.199026,"6^",0.573969,"Correct","Correct","Correct","Correct"
"6",68,"7_8_stimuli","7_8","Incongruent","Incongruent","Incongruent","Incongruent",135.999001,136.198994,"8*",0.39799,"Correct","Correct","Correct","Correct"
"7",1,"1_2_stimuli","2_2","Congruent",NA,NA,NA,1.999975,2.19998,"2@",0.424942,"Correct",NA,NA,NA
"7",2,"3_4_stimuli","3_3","Congruent","Congruent",NA,NA,3.999956,4.199964,"3#",0.361574,"Correct","Correct",NA,NA
"7",3,"5_6_stimuli","6_5","Incongruent","Congruent","Congruent",NA,5.999949,6.199936,"5%",0.521362,"Correct","Correct","Correct",NA
"7",4,"7_8_stimuli","7_8","Incongruent","Incongruent","Congruent","Congruent",7.999922,8.199928,"8*",0.32896,"Correct","Correct","Correct","Correct"
"7",5,"1_2_stimuli","1_1","Congruent","Incongruent","Incongruent","Congruent",9.999911,10.199903,"1!",0.36139,"Correct","Correct","Correct","Correct"
"7",6,"3_4_stimuli","3_4","Incongruent","Congruent","Incongruent","Incongruent",11.999891,12.199883,"4$",0.425395,"Correct","Correct","Correct","Correct"
"7",7,"5_6_stimuli","6_5","Incongruent","Incongruent","Congruent","Incongruent",13.999861,14.199856,"5%",0.425233,"Correct","Correct","Correct","Correct"
"7",8,"7_8_stimuli","7_7","Congruent","Incongruent","Incongruent","Congruent",15.999842,16.199847,"7&",0.297022,"Correct","Correct","Correct","Correct"
"7",9,"1_2_stimuli","1_2","Incongruent","Congruent","Incongruent","Incongruent",17.999831,18.199828,"2@",0.360989,"Correct","Correct","Correct","Correct"
"7",10,"3_4_stimuli","4_4","Congruent","Incongruent","Congruent","Incongruent",19.999811,20.199815,"4$",0.345413,"Correct","Correct","Correct","Correct"
"7",11,"5_6_stimuli","5_6","Incongruent","Congruent","Incongruent","Congruent",21.999788,22.199786,"6^",0.377383,"Correct","Correct","Correct","Correct"
"7",12,"7_8_stimuli","8_8","Congruent","Incongruent","Congruent","Incongruent",23.999776,24.199778,"8*",0.297341,"Correct","Correct","Correct","Correct"
"7",13,"1_2_stimuli","1_1","Congruent","Congruent","Incongruent","Congruent",25.999759,26.199753,"1!",0.409535,"Correct","Correct","Correct","Correct"
"7",14,"3_4_stimuli","4_3","Incongruent","Congruent","Congruent","Incongruent",27.999737,28.199732,"3#",0.31306,"Correct","Correct","Correct","Correct"
"7",15,"5_6_stimuli","5_6","Incongruent","Incongruent","Congruent","Congruent",29.999708,30.199719,"6^",0.313178,"Correct","Correct","Correct","Correct"
"7",16,"7_8_stimuli","7_8","Incongruent","Incongruent","Incongruent","Congruent",31.999695,32.199705,"8*",0.393443,"Correct","Correct","Correct","Correct"
"7",17,"1_2_stimuli","1_2","Incongruent","Incongruent","Incongruent","Incongruent",33.999686,34.19967,"2@",0.377182,"Correct","Correct","Correct","Correct"
"7",18,"3_4_stimuli","4_4","Congruent","Incongruent","Incongruent","Incongruent",35.999669,36.199662,"4$",0.345223,"Correct","Correct","Correct","Correct"
"7",19,"5_6_stimuli","6_5","Incongruent","Congruent","Incongruent","Incongruent",37.99966,38.199632,"5%",0.425629,"Correct","Correct","Correct","Correct"
"7",20,"7_8_stimuli","8_7","Incongruent","Incongruent","Congruent","Incongruent",39.999634,40.199625,"7&",0.361879,"Correct","Correct","Correct","Correct"
"7",21,"1_2_stimuli","1_2","Incongruent","Incongruent","Incongruent","Congruent",41.999613,42.199608,"2@",0.377765,"Correct","Correct","Correct","Correct"
"7",22,"3_4_stimuli","3_4","Incongruent","Incongruent","Incongruent","Incongruent",43.99958,44.199586,"4$",0.377468,"Correct","Correct","Correct","Correct"
"7",23,"5_6_stimuli","5_5","Congruent","Incongruent","Incongruent","Incongruent",45.999547,46.199563,"5%",0.426024,"Correct","Correct","Correct","Correct"
"7",24,"7_8_stimuli","7_8","Incongruent","Congruent","Incongruent","Incongruent",47.999546,48.199546,"8*",0.58523,"Correct","Correct","Correct","Correct"
"7",25,"1_2_stimuli","2_2","Congruent","Incongruent","Congruent","Incongruent",49.999532,50.199525,"2@",0.393616,"Correct","Correct","Correct","Correct"
"7",26,"3_4_stimuli","4_3","Incongruent","Congruent","Incongruent","Congruent",51.999508,52.199516,"3#",0.473662,"Correct","Correct","Correct","Correct"
"7",27,"5_6_stimuli","5_5","Congruent","Incongruent","Congruent","Incongruent",53.999498,54.199497,"6^",0.426133,"Error","Correct","Correct","Correct"
"7",28,"7_8_stimuli","8_7","Incongruent","Congruent","Incongruent","Congruent",55.999478,56.199474,"7&",0.393309,"Correct","Error","Correct","Correct"
"7",29,"1_2_stimuli","2_1","Incongruent","Incongruent","Congruent","Incongruent",57.99946,58.199458,"1!",0.473631,"Correct","Correct","Error","Correct"
"7",30,"3_4_stimuli","4_4","Congruent","Incongruent","Incongruent","Congruent",59.999444,60.199438,"4$",0.409332,"Correct","Correct","Correct","Error"
"7",31,"5_6_stimuli","6_6","Congruent","Congruent","Incongruent","Incongruent",61.99942,62.19941,"6^",0.393422,"Correct","Correct","Correct","Correct"
"7",32,"7_8_stimuli","7_8","Incongruent","Congruent","Congruent","Incongruent",63.999407,64.199391,"8*",0.489862,"Correct","Correct","Correct","Correct"
"7",33,"1_2_stimuli","2_2","Congruent","Incongruent","Congruent","Congruent",65.999373,66.199376,"2@",0.394027,"Correct","Correct","Correct","Correct"
"7",34,"3_4_stimuli","3_3","Congruent","Congruent","Incongruent","Congruent",67.999367,68.199364,"3#",0.52142,"Correct","Correct","Correct","Correct"
"7",35,"5_6_stimuli","6_6","Congruent","Congruent","Congruent","Incongruent",69.999341,70.19934,"6^",0.393413,"Correct","Correct","Correct","Correct"
"7",36,"7_8_stimuli","7_7","Congruent","Congruent","Congruent","Congruent",71.999334,72.199325,"7&",0.425441,"Correct","Correct","Correct","Correct"
"7",37,"1_2_stimuli","1_2","Incongruent","Congruent","Congruent","Congruent",73.999308,74.199302,"2@",0.505536,"Correct","Correct","Correct","Correct"
"7",38,"3_4_stimuli","3_4","Incongruent","Incongruent","Congruent","Congruent",75.999284,76.199286,"4$",0.393493,"Correct","Correct","Correct","Correct"
"7",39,"5_6_stimuli","5_6","Incongruent","Incongruent","Incongruent","Congruent",77.999265,78.199267,"6^",0.313992,"Correct","Correct","Correct","Correct"
"7",40,"7_8_stimuli","7_7","Congruent","Incongruent","Incongruent","Incongruent",79.999247,80.199246,"7&",0.474045,"Correct","Correct","Correct","Correct"
"7",41,"1_2_stimuli","1_1","Congruent","Congruent","Incongruent","Incongruent",81.999234,82.199223,"1!",0.5375,"Correct","Correct","Correct","Correct"
"7",42,"3_4_stimuli","3_3","Congruent","Congruent","Congruent","Incongruent",83.999219,84.199206,"4$",0.441938,"Error","Correct","Correct","Correct"
"7",43,"5_6_stimuli","6_6","Congruent","Congruent","Congruent","Congruent",85.999201,86.199197,"6^",1.386157,"Correct","Error","Correct","Correct"
"7",44,"7_8_stimuli","8_7","Incongruent","Congruent","Congruent","Congruent",87.999182,88.19917,"7&",0.585944,"Correct","Correct","Error","Correct"
"7",45,"1_2_stimuli","2_1","Incongruent","Incongruent","Congruent","Congruent",89.99915,90.199155,"1!",0.569605,"Correct","Correct","Correct","Error"
"7",46,"3_4_stimuli","3_4","Incongruent","Incongruent","Incongruent","Congruent",91.999138,92.199132,"4$",0.473945,"Correct","Correct","Correct","Correct"
"7",47,"5_6_stimuli","6_5","Incongruent","Incongruent","Incongruent","Incongruent",93.999116,94.199111,"5%",0.522377,"Correct","Correct","Correct","Correct"
"7",48,"7_8_stimuli","7_8","Incongruent","Incongruent","Incongruent","Incongruent",95.999095,96.1991,"8*",0.602064,"Correct","Correct","Correct","Correct"
"7",49,"1_2_stimuli","1_1","Congruent","Incongruent","Incongruent","Incongruent",97.999083,98.199084,"1!",0.441595,"Correct","Correct","Correct","Correct"
"7",50,"3_4_stimuli","3_3","Congruent","Congruent","Incongruent","Incongruent",99.999065,100.199062,"3#",0.378398,"Correct","Correct","Correct","Correct"
"7",51,"5_6_stimuli","6_5","Incongruent","Congruent","Congruent","Incongruent",101.99904,102.199043,"5%",0.537917,"Correct","Correct","Correct","Correct"
"7",52,"7_8_stimuli","8_8","Congruent","Incongruent","Congruent","Congruent",103.999029,104.199027,"8*",0.601682,"Correct","Correct","Correct","Correct"
"7",53,"1_2_stimuli","2_1","Incongruent","Congruent","Incongruent","Congruent",105.999008,106.199,"1!",0.442017,"Correct","Correct","Correct","Correct"
"7",54,"3_4_stimuli","4_3","Incongruent","Incongruent","Congruent","Incongruent",107.998982,108.198986,"3#",0.425787,"Correct","Correct","Correct","Correct"
"7",55,"5_6_stimuli","6_6","Congruent","Incongruent","Incongruent","Congruent",109.998969,110.198978,"6^",0.361762,"Correct","Correct","Correct","Correct"
"7",56,"7_8_stimuli","8_8","Congruent","Congruent","Incongruent","Incongruent",111.998945,112.198954,"8*",0.586484,"Correct","Correct","Correct","Correct"
"7",57,"1_2_stimuli","2_1","Incongruent","Congruent","Congruent","Incongruent",113.998937,114.198934,"1!",0.457734,"Correct","Correct","Correct","Correct"
"7",58,"3_4_stimuli","3_3","Congruent","Incongruent","Congruent","Congruent",115.998914,116.198906,"3#",0.457728,"Correct","Correct","Correct","Correct"
"7",59,"5_6_stimuli","5_5","Congruent","Congruent","Incongruent","Congruent",117.998893,118.198891,"5%",0.522368,"Correct","Correct","Correct","Correct"
"7",60,"7_8_stimuli","8_8","Congruent","Congruent","Congruent","Incongruent",119.998874,120.198884,"8*",0.617792,"Correct","Correct","Correct","Correct"
"7",61,"1_2_stimuli","2_2","Congruent","Congruent","Congruent","Congruent",121.998869,122.198861,"2@",0.602458,"Correct","Correct","Correct","Correct"
"7",62,"3_4_stimuli","4_3","Incongruent","Congruent","Congruent","Congruent",123.99884,124.198843,"3#",0.458236,"Correct","Correct","Correct","Correct"
"7",63,"5_6_stimuli","5_5","Congruent","Incongruent","Congruent","Congruent",125.998817,126.198819,"5%",0.554571,"Correct","Correct","Correct","Correct"
"7",64,"7_8_stimuli","7_7","Congruent","Congruent","Incongruent","Congruent",127.998802,128.198804,"7&",0.747197,"Correct","Correct","Correct","Correct"
"7",65,"1_2_stimuli","2_2","Congruent","Congruent","Congruent","Incongruent",129.998779,130.198788,"2@",0.585886,"Correct","Correct","Correct","Correct"
"7",66,"3_4_stimuli","4_4","Congruent","Congruent","Congruent","Congruent",131.99877,132.198758,"4$",0.378307,"Correct","Correct","Correct","Correct"
"7",67,"5_6_stimuli","5_6","Incongruent","Congruent","Congruent","Congruent",133.99875,134.198746,"6^",0.681939,"Correct","Correct","Correct","Correct"
"7",68,"7_8_stimuli","8_7","Incongruent","Incongruent","Congruent","Congruent",135.998732,136.198721,"7&",0.665946,"Correct","Correct","Correct","Correct"
"8",1,"1_2_stimuli","1_1","Congruent",NA,NA,NA,1.999972,2.199978,"1!",0.812385,"Correct",NA,NA,NA
"8",2,"3_4_stimuli","3_3","Congruent","Congruent",NA,NA,3.999959,4.199967,"3#",0.396924,"Correct","Correct",NA,NA
"8",3,"5_6_stimuli","5_6","Incongruent","Congruent","Congruent",NA,5.999944,6.199941,"6^",0.364878,"Correct","Correct","Correct",NA
"8",4,"7_8_stimuli","8_8","Congruent","Incongruent","Congruent","Congruent",7.999928,8.199932,"8*",0.300874,"Correct","Correct","Correct","Correct"
"8",5,"1_2_stimuli","1_2","Incongruent","Congruent","Incongruent","Congruent",9.999902,10.199903,"2@",0.316922,"Correct","Correct","Correct","Correct"
"8",6,"3_4_stimuli","4_3","Incongruent","Incongruent","Congruent","Incongruent",11.999891,12.199882,"3#",0.380967,"Correct","Correct","Correct","Correct"
"8",7,"5_6_stimuli","5_6","Incongruent","Incongruent","Incongruent","Congruent",13.999872,14.199877,"6^",0.284499,"Correct","Correct","Correct","Correct"
"8",8,"7_8_stimuli","7_8","Incongruent","Incongruent","Incongruent","Incongruent",15.999859,16.199841,"8*",0.284519,"Correct","Correct","Correct","Correct"
"8",9,"1_2_stimuli","2_1","Incongruent","Incongruent","Incongruent","Incongruent",17.999829,18.199839,"1!",0.444529,"Correct","Correct","Correct","Correct"
"8",10,"3_4_stimuli","4_3","Incongruent","Incongruent","Incongruent","Incongruent",19.999814,20.199819,"3#",0.332861,"Correct","Correct","Correct","Correct"
"8",11,"5_6_stimuli","5_6","Incongruent","Incongruent","Incongruent","Incongruent",21.999792,22.199801,"6^",0.285499,"Correct","Correct","Correct","Correct"
"8",12,"7_8_stimuli","7_7","Congruent","Incongruent","Incongruent","Incongruent",23.999775,24.199778,"7&",0.396983,"Correct","Correct","Correct","Correct"
"8",13,"1_2_stimuli","2_1","Incongruent","Congruent","Incongruent","Incongruent",25.999761,26.199764,"1!",0.412609,"Correct","Correct","Correct","Correct"
"8",14,"3_4_stimuli","4_4","Congruent","Incongruent","Congruent","Incongruent",27.999748,28.199734,"4$",0.300574,"Correct","Correct","Correct","Correct"
"8",15,"5_6_stimuli","6_5","Incongruent","Congruent","Incongruent","Congruent",29.999729,30.199719,"5%",0.476894,"Correct","Correct","Correct","Correct"
"8",16,"7_8_stimuli","7_8","Incongruent","Incongruent","Congruent","Incongruent",31.999701,32.199697,"8*",0.349253,"Correct","Correct","Correct","Correct"
"8",17,"1_2_stimuli","2_2","Congruent","Incongruent","Incongruent","Congruent",33.999679,34.199688,"2@",0.349072,"Correct","Correct","Correct","Correct"
"8",18,"3_4_stimuli","4_3","Incongruent","Congruent","Incongruent","Incongruent",35.99967,36.199658,"3#",0.30064,"Correct","Correct","Correct","Correct"
"8",19,"5_6_stimuli","6_5","Incongruent","Incongruent","Congruent","Incongruent",37.999646,38.199639,"5%",0.637305,"Correct","Correct","Correct","Correct"
"8",20,"7_8_stimuli","8_8","Congruent","Incongruent","Incongruent","Congruent",39.999638,40.199634,"8*",0.365148,"Correct","Correct","Correct","Correct"
"8",21,"1_2_stimuli","1_1","Congruent","Congruent","Incongruent","Incongruent",41.999608,42.199609,"1!",0.381366,"Correct","Correct","Correct","Correct"
"8",22,"3_4_stimuli","3_3","Congruent","Congruent","Congruent","Incongruent",43.999595,44.199595,"3#",0.397032,"Correct","Correct","Correct","Correct"
"8",23,"5_6_stimuli","6_6","Congruent","Congruent","Congruent","Congruent",45.999581,46.199579,"6^",0.38136,"Correct","Correct","Correct","Correct"
"8",24,"7_8_stimuli","8_8","Congruent","Congruent","Congruent","Congruent",47.999558,48.199548,"8*",0.30155,"Correct","Correct","Correct","Correct"
"8",25,"1_2_stimuli","1_2","Incongruent","Congruent","Congruent","Congruent",49.999536,50.199558,"2@",0.445138,"Correct","Correct","Correct","Correct"
"8",26,"3_4_stimuli","3_4","Incongruent","Incongruent","Congruent","Congruent",51.999515,52.199508,"4$",0.333923,"Correct","Correct","Correct","Correct"
"8",27,"5_6_stimuli","5_5","Congruent","Incongruent","Incongruent","Congruent",53.999502,54.1995,"5%",0.412801,"Correct","Correct","Correct","Correct"
"8",28,"7_8_stimuli","7_8","Incongruent","Congruent","Incongruent","Incongruent",55.999481,56.199476,"8*",0.349634,"Correct","Correct","Correct","Correct"
"8",29,"1_2_stimuli","1_2","Incongruent","Incongruent","Congruent","Incongruent",57.999459,58.199451,"2@",0.349156,"Correct","Correct","Correct","Correct"
"8",30,"3_4_stimuli","3_4","Incongruent","Incongruent","Incongruent","Congruent",59.999449,60.199435,"4$",0.316899,"Correct","Correct","Correct","Correct"
"8",31,"5_6_stimuli","5_5","Congruent","Incongruent","Incongruent","Incongruent",61.999427,62.199426,"5%",0.44559,"Correct","Correct","Correct","Correct"
"8",32,"7_8_stimuli","7_7","Congruent","Congruent","Incongruent","Incongruent",63.999406,64.199408,"7&",0.316877,"Correct","Correct","Correct","Correct"
"8",33,"1_2_stimuli","1_1","Congruent","Congruent","Congruent","Incongruent",65.99939,66.199379,"1!",0.365544,"Correct","Correct","Correct","Correct"
"8",34,"3_4_stimuli","3_4","Incongruent","Congruent","Congruent","Congruent",67.99937,68.199372,"4$",0.301605,"Correct","Correct","Correct","Correct"
"8",35,"5_6_stimuli","6_5","Incongruent","Incongruent","Congruent","Congruent",69.999348,70.199351,"5%",0.428997,"Correct","Correct","Correct","Correct"
"8",36,"7_8_stimuli","8_7","Incongruent","Incongruent","Incongruent","Congruent",71.999333,72.199333,"7&",0.477453,"Correct","Correct","Correct","Correct"
"8",37,"1_2_stimuli","1_1","Congruent","Incongruent","Incongruent","Incongruent",73.99932,74.199304,"1!",0.397347,"Correct","Correct","Correct","Correct"
"8",38,"3_4_stimuli","3_3","Congruent","Congruent","Incongruent","Incongruent",75.999297,76.199292,"3#",0.349587,"Correct","Correct","Correct","Correct"
"8",39,"5_6_stimuli","5_5","Congruent","Congruent","Congruent","Incongruent",77.999278,78.19927,"5%",0.38097,"Correct","Correct","Correct","Correct"
"8",40,"7_8_stimuli","8_7","Incongruent","Congruent","Congruent","Congruent",79.999255,80.199257,"7&",0.332984,"Correct","Correct","Correct","Correct"
"8",41,"1_2_stimuli","2_2","Congruent","Incongruent","Congruent","Congruent",81.999243,82.199229,"2@",0.445022,"Correct","Correct","Correct","Correct"
"8",42,"3_4_stimuli","3_4","Incongruent","Congruent","Incongruent","Congruent",83.999213,84.199211,"4$",0.381043,"Correct","Correct","Correct","Correct"
"8",43,"5_6_stimuli","6_6","Congruent","Incongruent","Congruent","Incongruent",85.999203,86.199201,"6^",0.749001,"Correct","Correct","Correct","Correct"
"8",44,"7_8_stimuli","8_7","Incongruent","Congruent","Incongruent","Congruent",87.999185,88.199172,"7&",0.509044,"Correct","Correct","Correct","Correct"
"8",45,"1_2_stimuli","2_2","Congruent","Incongruent","Congruent","Incongruent",89.999157,90.19916,"2@",0.317109,"Correct","Correct","Correct","Correct"
"8",46,"3_4_stimuli","3_3","Congruent","Congruent","Incongruent","Congruent",91.999143,92.199139,"3#",0.52553,"Correct","Correct","Correct","Correct"
"8",47,"5_6_stimuli","6_5","Incongruent","Congruent","Congruent","Incongruent",93.999121,94.199117,"5%",0.493118,"Correct","Correct","Correct","Correct"
"8",48,"7_8_stimuli","8_7","Incongruent","Incongruent","Congruent","Congruent",95.999112,96.199104,"7&",0.349822,"Correct","Correct","Correct","Correct"
"8",49,"1_2_stimuli","1_2","Incongruent","Incongruent","Incongruent","Congruent",97.999089,98.19908,"2@",0.397713,"Correct","Correct","Correct","Correct"
"8",50,"3_4_stimuli","4_4","Congruent","Incongruent","Incongruent","Incongruent",99.999051,100.199074,"4$",0.317149,"Correct","Correct","Correct","Correct"
"8",51,"5_6_stimuli","5_5","Congruent","Congruent","Incongruent","Incongruent",101.999055,102.199057,"5%",0.349809,"Correct","Correct","Correct","Correct"
"8",52,"7_8_stimuli","7_8","Incongruent","Congruent","Congruent","Incongruent",103.999036,104.199034,"8*",0.525231,"Correct","Correct","Correct","Correct"
"8",53,"1_2_stimuli","2_1","Incongruent","Incongruent","Congruent","Congruent",105.999024,106.199005,"1!",0.509802,"Correct","Correct","Correct","Correct"
"8",54,"3_4_stimuli","4_4","Congruent","Incongruent","Incongruent","Congruent",107.998993,108.198997,"4$",0.333658,"Correct","Correct","Correct","Correct"
"8",55,"5_6_stimuli","5_6","Incongruent","Congruent","Incongruent","Incongruent",109.999,110.198978,"6^",0.333228,"Correct","Correct","Correct","Correct"
"8",56,"7_8_stimuli","7_7","Congruent","Incongruent","Congruent","Incongruent",111.998964,112.198963,"7&",0.317301,"Correct","Correct","Correct","Correct"
"8",57,"1_2_stimuli","2_2","Congruent","Congruent","Incongruent","Congruent",113.998935,114.198941,"2@",0.397613,"Correct","Correct","Correct","Correct"
"8",58,"3_4_stimuli","4_3","Incongruent","Congruent","Congruent","Incongruent",115.998922,116.198914,"3#",0.525537,"Correct","Correct","Correct","Correct"
"8",59,"5_6_stimuli","6_6","Congruent","Incongruent","Congruent","Congruent",117.998908,118.198902,"6^",0.31758,"Correct","Correct","Correct","Correct"
"8",60,"7_8_stimuli","7_7","Congruent","Congruent","Incongruent","Congruent",119.998883,120.198881,"7&",0.365307,"Correct","Correct","Correct","Correct"
"8",61,"1_2_stimuli","2_1","Incongruent","Congruent","Congruent","Incongruent",121.998867,122.198872,"1!",0.381375,"Correct","Correct","Correct","Correct"
"8",62,"3_4_stimuli","3_3","Congruent","Incongruent","Congruent","Congruent",123.998845,124.198849,"3#",0.333417,"Correct","Correct","Correct","Correct"
"8",63,"5_6_stimuli","6_6","Congruent","Congruent","Incongruent","Congruent",125.998833,126.198826,"6^",0.35002,"Correct","Correct","Correct","Correct"
"8",64,"7_8_stimuli","8_8","Congruent","Congruent","Congruent","Incongruent",127.99881,128.19881,"8*",0.365436,"Correct","Correct","Correct","Correct"
"8",65,"1_2_stimuli","1_1","Congruent","Congruent","Congruent","Congruent",129.998796,130.198795,"1!",0.381376,"Correct","Correct","Correct","Correct"
"8",66,"3_4_stimuli","4_4","Congruent","Congruent","Congruent","Congruent",131.998771,132.198772,"4$",0.381423,"Correct","Correct","Correct","Correct"
"8",67,"5_6_stimuli","5_6","Incongruent","Congruent","Congruent","Congruent",133.998755,134.19875,"6^",0.606145,"Correct","Correct","Correct","Correct"
"8",68,"7_8_stimuli","8_8","Congruent","Incongruent","Congruent","Congruent",135.998728,136.198738,"8*",0.413456,"Correct","Correct","Correct","Correct"
"9",1,"1_2_stimuli","2_2","Congruent",NA,NA,NA,1.999966,2.199981,"2@",0.331681,"Correct",NA,NA,NA
"9",2,"3_4_stimuli","3_4","Incongruent","Congruent",NA,NA,3.999951,4.199957,"4$",0.332142,"Correct","Correct",NA,NA
"9",3,"5_6_stimuli","5_6","Incongruent","Incongruent","Congruent",NA,5.999927,6.199935,"6^",0.364115,"Correct","Correct","Correct",NA
"9",4,"7_8_stimuli","7_8","Incongruent","Incongruent","Incongruent","Congruent",7.999926,8.199914,"8*",0.332156,"Correct","Correct","Correct","Correct"
"9",5,"1_2_stimuli","1_1","Congruent","Incongruent","Incongruent","Incongruent",9.999902,10.199901,"1!",0.396545,"Correct","Correct","Correct","Correct"
"9",6,"3_4_stimuli","3_4","Incongruent","Congruent","Incongruent","Incongruent",11.999879,12.19988,"4$",0.363783,"Correct","Correct","Correct","Correct"
"9",7,"5_6_stimuli","5_5","Congruent","Incongruent","Congruent","Incongruent",13.999862,14.199862,"5%",0.859755,"Correct","Correct","Correct","Correct"
"9",8,"7_8_stimuli","8_8","Congruent","Congruent","Incongruent","Congruent",15.999847,16.199839,"8*",0.508334,"Correct","Correct","Correct","Correct"
"9",9,"1_2_stimuli","1_1","Congruent","Congruent","Congruent","Incongruent",17.99983,18.199819,"1!",0.348242,"Correct","Correct","Correct","Correct"
"9",10,"3_4_stimuli","4_4","Congruent","Congruent","Congruent","Congruent",19.999816,20.199801,"4$",0.395807,"Correct","Correct","Correct","Correct"
"9",11,"5_6_stimuli","5_5","Congruent","Congruent","Congruent","Congruent",21.999786,22.199789,"5%",0.379872,"Correct","Correct","Correct","Correct"
"9",12,"7_8_stimuli","7_8","Incongruent","Congruent","Congruent","Congruent",23.999765,24.199766,"8*",0.396292,"Correct","Correct","Correct","Correct"
"9",13,"1_2_stimuli","2_1","Incongruent","Incongruent","Congruent","Congruent",25.999752,26.199756,"1!",0.396374,"Correct","Correct","Correct","Correct"
"9",14,"3_4_stimuli","4_3","Incongruent","Incongruent","Incongruent","Congruent",27.999729,28.199736,"3#",0.412327,"Correct","Correct","Correct","Correct"
"9",15,"5_6_stimuli","6_5","Incongruent","Incongruent","Incongruent","Incongruent",29.999719,30.199713,"5%",0.540428,"Correct","Correct","Correct","Correct"
"9",16,"7_8_stimuli","8_8","Congruent","Incongruent","Incongruent","Incongruent",31.999699,32.199691,"8*",0.395988,"Correct","Correct","Correct","Correct"
"9",17,"1_2_stimuli","2_1","Incongruent","Congruent","Incongruent","Incongruent",33.999679,34.199681,"1!",0.380413,"Correct","Correct","Correct","Correct"
"9",18,"3_4_stimuli","3_3","Congruent","Incongruent","Congruent","Incongruent",35.999665,36.199663,"3#",0.668407,"Correct","Correct","Correct","Correct"
"9",19,"5_6_stimuli","5_6","Incongruent","Congruent","Incongruent","Congruent",37.999631,38.19963,"6^",0.44402,"Correct","Correct","Correct","Correct"
"9",20,"7_8_stimuli","7_8","Incongruent","Incongruent","Congruent","Incongruent",39.999611,40.199615,"8*",0.28397,"Correct","Correct","Correct","Correct"
"9",21,"1_2_stimuli","1_1","Congruent","Incongruent","Incongruent","Congruent",41.99961,42.199601,"1!",0.444612,"Correct","Correct","Correct","Correct"
"9",22,"3_4_stimuli","3_3","Congruent","Congruent","Incongruent","Incongruent",43.999607,44.199577,"4$",0.379995,"Error","Correct","Correct","Correct"
"9",23,"5_6_stimuli","5_6","Incongruent","Congruent","Congruent","Incongruent",45.999557,46.199569,"6^",0.844681,"Correct","Error","Correct","Correct"
"9",24,"7_8_stimuli","8_7","Incongruent","Incongruent","Congruent","Congruent",47.999547,48.199542,"7&",0.524621,"Correct","Correct","Error","Correct"
"9",25,"1_2_stimuli","2_1","Incongruent","Incongruent","Incongruent","Congruent",49.999534,50.199529,"1!",0.475965,"Correct","Correct","Correct","Error"
"9",26,"3_4_stimuli","4_3","Incongruent","Incongruent","Incongruent","Incongruent",51.999506,52.199513,"3#",0.380701,"Correct","Correct","Correct","Correct"
"9",27,"5_6_stimuli","5_5","Congruent","Incongruent","Incongruent","Incongruent",53.999499,54.199495,"5%",0.380072,"Correct","Correct","Correct","Correct"
"9",28,"7_8_stimuli","7_7","Congruent","Congruent","Incongruent","Incongruent",55.999464,56.199468,"7&",0.380698,"Correct","Correct","Correct","Correct"
"9",29,"1_2_stimuli","1_2","Incongruent","Congruent","Congruent","Incongruent",57.999451,58.199455,"2@",0.396439,"Correct","Correct","Correct","Correct"
"9",30,"3_4_stimuli","3_3","Congruent","Incongruent","Congruent","Congruent",59.999443,60.19943,"3#",0.412227,"Correct","Correct","Correct","Correct"
"9",31,"5_6_stimuli","5_5","Congruent","Congruent","Incongruent","Congruent",61.999415,62.199411,"5%",0.428085,"Correct","Correct","Correct","Correct"
"9",32,"7_8_stimuli","7_7","Congruent","Congruent","Congruent","Incongruent",63.999398,64.199399,"7&",0.300153,"Correct","Correct","Correct","Correct"
"9",33,"1_2_stimuli","2_2","Congruent","Congruent","Congruent","Congruent",65.999378,66.199374,"2@",0.33268,"Correct","Correct","Correct","Correct"
"9",34,"3_4_stimuli","4_3","Incongruent","Congruent","Congruent","Congruent",67.999362,68.199353,"3#",0.365222,"Correct","Correct","Correct","Correct"
"9",35,"5_6_stimuli","6_5","Incongruent","Incongruent","Congruent","Congruent",69.999341,70.199347,"5%",0.396869,"Correct","Correct","Correct","Correct"
"9",36,"7_8_stimuli","7_7","Congruent","Incongruent","Incongruent","Congruent",71.999328,72.199329,"7&",0.396272,"Correct","Correct","Correct","Correct"
"9",37,"1_2_stimuli","2_2","Congruent","Congruent","Incongruent","Incongruent",73.999303,74.199302,"2@",0.316277,"Correct","Correct","Correct","Correct"
"9",38,"3_4_stimuli","4_4","Congruent","Congruent","Congruent","Incongruent",75.999281,76.199257,"4$",0.365056,"Correct","Correct","Correct","Correct"
"9",39,"5_6_stimuli","6_5","Incongruent","Congruent","Congruent","Congruent",77.99926,78.199265,"6^",0.332293,"Error","Correct","Correct","Correct"
"9",40,"7_8_stimuli","7_7","Congruent","Incongruent","Congruent","Congruent",79.999246,80.199243,"7&",0.412226,"Correct","Error","Correct","Correct"
"9",41,"1_2_stimuli","2_2","Congruent","Congruent","Incongruent","Congruent",81.999224,82.199235,"2@",0.316908,"Correct","Correct","Error","Correct"
"9",42,"3_4_stimuli","3_4","Incongruent","Congruent","Congruent","Incongruent",83.999216,84.199204,"4$",0.380294,"Correct","Correct","Correct","Error"
"9",43,"5_6_stimuli","6_6","Congruent","Incongruent","Congruent","Congruent",85.99919,86.199185,"6^",0.588658,"Correct","Correct","Correct","Correct"
"9",44,"7_8_stimuli","8_7","Incongruent","Congruent","Incongruent","Congruent",87.999169,88.199176,"7&",0.396426,"Correct","Correct","Correct","Correct"
"9",45,"1_2_stimuli","1_2","Incongruent","Incongruent","Congruent","Incongruent",89.999158,90.199154,"2@",0.508418,"Correct","Correct","Correct","Correct"
"9",46,"3_4_stimuli","4_4","Congruent","Incongruent","Incongruent","Congruent",91.999138,92.19914,"4$",0.348974,"Correct","Correct","Correct","Correct"
"9",47,"5_6_stimuli","6_6","Congruent","Congruent","Incongruent","Incongruent",93.999112,94.199117,"6^",0.428405,"Correct","Correct","Correct","Correct"
"9",48,"7_8_stimuli","8_7","Incongruent","Congruent","Congruent","Incongruent",95.999106,96.19909,"7&",0.381092,"Correct","Correct","Correct","Correct"
"9",49,"1_2_stimuli","2_2","Congruent","Incongruent","Congruent","Congruent",97.999081,98.199079,"2@",0.349187,"Correct","Correct","Correct","Correct"
"9",50,"3_4_stimuli","3_3","Congruent","Congruent","Incongruent","Congruent",99.999064,100.199053,"3#",0.38043,"Correct","Correct","Correct","Correct"
"9",51,"5_6_stimuli","6_6","Congruent","Congruent","Congruent","Incongruent",101.999036,102.199042,"6^",0.349797,"Correct","Correct","Correct","Correct"
"9",52,"7_8_stimuli","8_8","Congruent","Congruent","Congruent","Congruent",103.999018,104.199019,"8*",0.333301,"Correct","Correct","Correct","Correct"
"9",53,"1_2_stimuli","1_2","Incongruent","Congruent","Congruent","Congruent",105.999002,106.198998,"2@",0.364521,"Correct","Correct","Correct","Correct"
"9",54,"3_4_stimuli","3_4","Incongruent","Incongruent","Congruent","Congruent",107.998989,108.198988,"4$",0.300553,"Correct","Correct","Correct","Correct"
"9",55,"5_6_stimuli","6_6","Congruent","Incongruent","Incongruent","Congruent",109.998965,110.198962,"6^",0.348559,"Correct","Correct","Correct","Correct"
"9",56,"7_8_stimuli","7_8","Incongruent","Congruent","Incongruent","Incongruent",111.998949,112.198942,"8*",0.540577,"Correct","Correct","Correct","Correct"
"9",57,"1_2_stimuli","1_1","Congruent","Incongruent","Congruent","Incongruent",113.998925,114.198929,"1!",0.460887,"Correct","Correct","Correct","Correct"
"9",58,"3_4_stimuli","3_4","Incongruent","Congruent","Incongruent","Congruent",115.998907,116.198908,"4$",0.445297,"Correct","Correct","Correct","Correct"
"9",59,"5_6_stimuli","6_5","Incongruent","Incongruent","Congruent","Incongruent",117.998875,118.198897,"5%",0.588588,"Correct","Correct","Correct","Correct"
"9",60,"7_8_stimuli","8_7","Incongruent","Incongruent","Incongruent","Congruent",119.99887,120.198879,"7&",0.541792,"Correct","Correct","Correct","Correct"
"9",61,"1_2_stimuli","1_2","Incongruent","Incongruent","Incongruent","Incongruent",121.998855,122.198853,"2@",0.684892,"Correct","Correct","Correct","Correct"
"9",62,"3_4_stimuli","4_4","Congruent","Incongruent","Incongruent","Incongruent",123.998836,124.198834,"4$",0.41292,"Correct","Correct","Correct","Correct"
"9",63,"5_6_stimuli","5_6","Incongruent","Congruent","Incongruent","Incongruent",125.998824,126.198823,"6^",0.828641,"Correct","Correct","Correct","Correct"
"9",64,"7_8_stimuli","8_8","Congruent","Incongruent","Congruent","Incongruent",127.998816,128.198804,"8*",0.429294,"Correct","Correct","Correct","Correct"
"9",65,"1_2_stimuli","2_1","Incongruent","Congruent","Incongruent","Congruent",129.998783,130.19879,"1!",0.525335,"Correct","Correct","Correct","Correct"
"9",66,"3_4_stimuli","4_3","Incongruent","Incongruent","Congruent","Incongruent",131.998765,132.198765,"3#",0.508775,"Correct","Correct","Correct","Correct"
"9",67,"5_6_stimuli","5_6","Incongruent","Incongruent","Incongruent","Congruent",133.99876,134.198754,"6^",0.47732,"Correct","Correct","Correct","Correct"
"9",68,"7_8_stimuli","7_8","Incongruent","Incongruent","Incongruent","Incongruent",135.998725,136.198721,"8*",0.445455,"Correct","Correct","Correct","Correct"
"10",1,"1_2_stimuli","2_2","Congruent",NA,NA,NA,1.999974,2.199984,"2@",0.387953,"Correct",NA,NA,NA
"10",2,"3_4_stimuli","4_3","Incongruent","Congruent",NA,NA,3.999962,4.199964,"3#",0.355628,"Correct","Correct",NA,NA
"10",3,"5_6_stimuli","6_5","Incongruent","Incongruent","Congruent",NA,5.999932,6.199929,"5%",0.404256,"Correct","Correct","Correct",NA
"10",4,"7_8_stimuli","7_8","Incongruent","Incongruent","Incongruent","Congruent",7.999929,8.199921,"8*",0.372109,"Correct","Correct","Correct","Correct"
"10",5,"1_2_stimuli","2_2","Congruent","Incongruent","Incongruent","Incongruent",9.999899,10.199906,"2@",0.35605,"Correct","Correct","Correct","Correct"
"10",6,"3_4_stimuli","3_3","Congruent","Congruent","Incongruent","Incongruent",11.999888,12.19988,"3#",0.38769,"Correct","Correct","Correct","Correct"
"10",7,"5_6_stimuli","6_5","Incongruent","Congruent","Congruent","Incongruent",13.999864,14.19987,"5%",0.355738,"Correct","Correct","Correct","Correct"
"10",8,"7_8_stimuli","8_8","Congruent","Incongruent","Congruent","Congruent",15.999844,16.19985,"8*",0.307752,"Correct","Correct","Correct","Correct"
"10",9,"1_2_stimuli","1_1","Congruent","Congruent","Incongruent","Congruent",17.99983,18.199829,"1!",0.484303,"Correct","Correct","Correct","Correct"
"10",10,"3_4_stimuli","4_3","Incongruent","Congruent","Congruent","Incongruent",19.999818,20.199817,"3#",0.308317,"Correct","Correct","Correct","Correct"
"10",11,"5_6_stimuli","5_5","Congruent","Incongruent","Congruent","Congruent",21.999792,22.199793,"5%",0.435822,"Correct","Correct","Correct","Correct"
"10",12,"7_8_stimuli","8_8","Congruent","Congruent","Incongruent","Congruent",23.999778,24.199772,"8*",0.291858,"Correct","Correct","Correct","Correct"
"10",13,"1_2_stimuli","2_2","Congruent","Congruent","Congruent","Incongruent",25.999756,26.199753,"2@",0.292206,"Correct","Correct","Correct","Correct"
"10",14,"3_4_stimuli","3_3","Congruent","Congruent","Congruent","Congruent",27.999734,28.199739,"3#",0.35607,"Correct","Correct","Correct","Correct"
"10",15,"5_6_stimuli","5_6","Incongruent","Congruent","Congruent","Congruent",29.999718,30.199722,"6^",0.404342,"Correct","Correct","Correct","Correct"
"10",16,"7_8_stimuli","7_8","Incongruent","Incongruent","Congruent","Congruent",31.999709,32.199696,"8*",0.355833,"Correct","Correct","Correct","Correct"
"10",17,"1_2_stimuli","1_1","Congruent","Incongruent","Incongruent","Congruent",33.999682,34.199676,"1!",0.356512,"Correct","Correct","Correct","Correct"
"10",18,"3_4_stimuli","3_4","Incongruent","Congruent","Incongruent","Incongruent",35.999667,36.199668,"4$",0.339869,"Correct","Correct","Correct","Correct"
"10",19,"5_6_stimuli","6_6","Congruent","Incongruent","Congruent","Incongruent",37.99965,38.199636,"6^",0.340457,"Correct","Correct","Correct","Correct"
"10",20,"7_8_stimuli","7_8","Incongruent","Congruent","Incongruent","Congruent",39.999627,40.199631,"8*",0.340122,"Correct","Correct","Correct","Correct"
"10",21,"1_2_stimuli","2_2","Congruent","Incongruent","Congruent","Incongruent",41.999609,42.199607,"2@",0.356386,"Correct","Correct","Correct","Correct"
"10",22,"3_4_stimuli","3_3","Congruent","Congruent","Incongruent","Congruent",43.999579,44.199583,"3#",0.452676,"Correct","Correct","Correct","Correct"
"10",23,"5_6_stimuli","5_5","Congruent","Congruent","Congruent","Incongruent",45.999572,46.199568,"5%",0.484442,"Correct","Correct","Correct","Correct"
"10",24,"7_8_stimuli","8_7","Incongruent","Congruent","Congruent","Congruent",47.999549,48.199552,"7&",0.403988,"Correct","Correct","Correct","Correct"
"10",25,"1_2_stimuli","2_1","Incongruent","Incongruent","Congruent","Congruent",49.999535,50.199529,"1!",0.404332,"Correct","Correct","Correct","Correct"
"10",26,"3_4_stimuli","4_3","Incongruent","Incongruent","Incongruent","Congruent",51.999507,52.19951,"3#",0.388227,"Correct","Correct","Correct","Correct"
"10",27,"5_6_stimuli","6_6","Congruent","Incongruent","Incongruent","Incongruent",53.999496,54.199502,"6^",0.388453,"Correct","Correct","Correct","Correct"
"10",28,"7_8_stimuli","7_8","Incongruent","Congruent","Incongruent","Incongruent",55.999472,56.199485,"8*",0.372506,"Correct","Correct","Correct","Correct"
"10",29,"1_2_stimuli","1_2","Incongruent","Incongruent","Congruent","Incongruent",57.999467,58.199461,"2@",0.340643,"Correct","Correct","Correct","Correct"
"10",30,"3_4_stimuli","3_3","Congruent","Incongruent","Incongruent","Congruent",59.999449,60.199446,"3#",0.324062,"Correct","Correct","Correct","Correct"
"10",31,"5_6_stimuli","5_5","Congruent","Congruent","Incongruent","Incongruent",61.999429,62.199422,"5%",0.356102,"Correct","Correct","Correct","Correct"
"10",32,"7_8_stimuli","8_7","Incongruent","Congruent","Congruent","Incongruent",63.999402,64.199403,"7&",0.324514,"Correct","Correct","Correct","Correct"
"10",33,"1_2_stimuli","1_1","Congruent","Incongruent","Congruent","Congruent",65.999393,66.19938,"1!",0.324575,"Correct","Correct","Correct","Correct"
"10",34,"3_4_stimuli","3_4","Incongruent","Congruent","Incongruent","Congruent",67.999365,68.199359,"4$",0.356374,"Correct","Correct","Correct","Correct"
"10",35,"5_6_stimuli","6_5","Incongruent","Incongruent","Congruent","Incongruent",69.999339,70.199343,"5%",0.42087,"Correct","Correct","Correct","Correct"
"10",36,"7_8_stimuli","8_8","Congruent","Incongruent","Incongruent","Congruent",71.99933,72.19933,"8*",0.356475,"Correct","Correct","Correct","Correct"
"10",37,"1_2_stimuli","1_1","Congruent","Congruent","Incongruent","Incongruent",73.999308,74.199306,"1!",0.3722,"Correct","Correct","Correct","Correct"
"10",38,"3_4_stimuli","4_4","Congruent","Congruent","Congruent","Incongruent",75.99929,76.199291,"4$",0.372651,"Correct","Correct","Correct","Correct"
"10",39,"5_6_stimuli","6_6","Congruent","Congruent","Congruent","Congruent",77.999273,78.199277,"6^",0.420877,"Correct","Correct","Correct","Correct"
"10",40,"7_8_stimuli","7_7","Congruent","Congruent","Congruent","Congruent",79.999247,80.199249,"7&",0.404264,"Correct","Correct","Correct","Correct"
"10",41,"1_2_stimuli","2_2","Congruent","Congruent","Congruent","Congruent",81.999231,82.19923,"2@",0.308246,"Correct","Correct","Correct","Correct"
"10",42,"3_4_stimuli","4_3","Incongruent","Congruent","Congruent","Congruent",83.99922,84.199221,"3#",0.404374,"Correct","Correct","Correct","Correct"
"10",43,"5_6_stimuli","6_5","Incongruent","Incongruent","Congruent","Congruent",85.999204,86.199199,"5%",0.452705,"Correct","Correct","Correct","Correct"
"10",44,"7_8_stimuli","7_8","Incongruent","Incongruent","Incongruent","Congruent",87.99918,88.199173,"8*",0.436833,"Correct","Correct","Correct","Correct"
"10",45,"1_2_stimuli","2_1","Incongruent","Incongruent","Incongruent","Incongruent",89.999155,90.199152,"2@",0.372345,"Error","Correct","Correct","Correct"
"10",46,"3_4_stimuli","4_4","Congruent","Incongruent","Incongruent","Incongruent",91.999142,92.199136,"4$",0.388614,"Correct","Error","Correct","Correct"
"10",47,"5_6_stimuli","6_5","Incongruent","Congruent","Incongruent","Incongruent",93.999117,94.199118,"5%",0.564753,"Correct","Correct","Error","Correct"
"10",48,"7_8_stimuli","8_7","Incongruent","Incongruent","Congruent","Incongruent",95.999109,96.199096,"7&",0.356374,"Correct","Correct","Correct","Error"
"10",49,"1_2_stimuli","1_2","Incongruent","Incongruent","Incongruent","Congruent",97.99908,98.199081,"2@",0.372365,"Correct","Correct","Correct","Correct"
"10",50,"3_4_stimuli","3_4","Incongruent","Incongruent","Incongruent","Incongruent",99.999069,100.199072,"4$",0.324855,"Correct","Correct","Correct","Correct"
"10",51,"5_6_stimuli","5_6","Incongruent","Incongruent","Incongruent","Incongruent",101.999051,102.199054,"6^",0.325032,"Correct","Correct","Correct","Correct"
"10",52,"7_8_stimuli","7_7","Congruent","Incongruent","Incongruent","Incongruent",103.999037,104.199026,"7&",0.452479,"Correct","Correct","Correct","Correct"
"10",53,"1_2_stimuli","1_2","Incongruent","Congruent","Incongruent","Incongruent",105.999011,106.199004,"2@",0.357084,"Correct","Correct","Correct","Correct"
"10",54,"3_4_stimuli","4_4","Congruent","Incongruent","Congruent","Incongruent",107.998991,108.198985,"4$",0.388946,"Correct","Correct","Correct","Correct"
"10",55,"5_6_stimuli","6_6","Congruent","Congruent","Incongruent","Congruent",109.998972,110.198967,"6^",0.548427,"Correct","Correct","Correct","Correct"
"10",56,"7_8_stimuli","8_8","Congruent","Congruent","Congruent","Incongruent",111.998961,112.198948,"8*",0.388965,"Correct","Correct","Correct","Correct"
"10",57,"1_2_stimuli","2_1","Incongruent","Congruent","Congruent","Congruent",113.998933,114.198938,"1!",0.308952,"Correct","Correct","Correct","Correct"
"10",58,"3_4_stimuli","4_4","Congruent","Incongruent","Congruent","Congruent",115.998913,116.198911,"4$",0.340937,"Correct","Correct","Correct","Correct"
"10",59,"5_6_stimuli","5_6","Incongruent","Congruent","Incongruent","Congruent",117.998903,118.198903,"6^",0.50048,"Correct","Correct","Correct","Correct"
"10",60,"7_8_stimuli","7_7","Congruent","Incongruent","Congruent","Incongruent",119.99888,120.198877,"7&",0.500522,"Correct","Correct","Correct","Correct"
"10",61,"1_2_stimuli","1_2","Incongruent","Congruent","Incongruent","Congruent",121.998859,122.198875,"2@",0.372561,"Correct","Correct","Correct","Correct"
"10",62,"3_4_stimuli","4_3","Incongruent","Incongruent","Congruent","Incongruent",123.998845,124.198838,"3#",0.516982,"Correct","Correct","Correct","Correct"
"10",63,"5_6_stimuli","5_5","Congruent","Incongruent","Incongruent","Congruent",125.998837,126.198831,"5%",0.597278,"Correct","Correct","Correct","Correct"
"10",64,"7_8_stimuli","7_7","Congruent","Congruent","Incongruent","Incongruent",127.998816,128.198808,"7&",0.469201,"Correct","Correct","Correct","Correct"
"10",65,"1_2_stimuli","2_1","Incongruent","Congruent","Congruent","Incongruent",129.998784,130.198788,"1!",0.405075,"Correct","Correct","Correct","Correct"
"10",66,"3_4_stimuli","3_4","Incongruent","Incongruent","Congruent","Congruent",131.998772,132.198771,"4$",0.501438,"Correct","Correct","Correct","Correct"
"10",67,"5_6_stimuli","5_6","Incongruent","Incongruent","Incongruent","Congruent",133.998757,134.198745,"6^",0.629144,"Correct","Correct","Correct","Correct"
"10",68,"7_8_stimuli","8_7","Incongruent","Incongruent","Incongruent","Incongruent",135.998741,136.198737,"7&",0.469311,"Correct","Correct","Correct","Correct"
"11",1,"1_2_stimuli","2_2","Congruent",NA,NA,NA,1.999978,2.199977,"2@",0.367559,"Correct",NA,NA,NA
"11",2,"3_4_stimuli","3_4","Incongruent","Congruent",NA,NA,3.999972,4.199966,"4$",0.334991,"Correct","Correct",NA,NA
"11",3,"5_6_stimuli","6_5","Incongruent","Incongruent","Congruent",NA,5.999943,6.199938,"5%",0.479543,"Correct","Correct","Correct",NA
"11",4,"7_8_stimuli","7_8","Incongruent","Incongruent","Incongruent","Congruent",7.999924,8.199927,"8*",0.351464,"Correct","Correct","Correct","Correct"
"11",5,"1_2_stimuli","2_1","Incongruent","Incongruent","Incongruent","Incongruent",9.999907,10.199904,"1!",0.399485,"Correct","Correct","Correct","Correct"
"11",6,"3_4_stimuli","3_4","Incongruent","Incongruent","Incongruent","Incongruent",11.999895,12.199891,"4$",0.33595,"Correct","Correct","Correct","Correct"
"11",7,"5_6_stimuli","6_5","Incongruent","Incongruent","Incongruent","Incongruent",13.999872,14.19988,"5%",0.431527,"Correct","Correct","Correct","Correct"
"11",8,"7_8_stimuli","7_7","Congruent","Incongruent","Incongruent","Incongruent",15.999847,16.19985,"7&",0.303392,"Correct","Correct","Correct","Correct"
"11",9,"1_2_stimuli","2_1","Incongruent","Congruent","Incongruent","Incongruent",17.999834,18.199838,"2@",0.303131,"Error","Correct","Correct","Correct"
"11",10,"3_4_stimuli","3_3","Congruent","Incongruent","Congruent","Incongruent",19.999816,20.199816,"3#",0.399111,"Correct","Error","Correct","Correct"
"11",11,"5_6_stimuli","5_5","Congruent","Congruent","Incongruent","Congruent",21.999806,22.199802,"5%",0.367494,"Correct","Correct","Error","Correct"
"11",12,"7_8_stimuli","7_8","Incongruent","Congruent","Congruent","Incongruent",23.999775,24.199785,"8*",0.335154,"Correct","Correct","Correct","Error"
"11",13,"1_2_stimuli","1_1","Congruent","Incongruent","Congruent","Congruent",25.999751,26.199769,"1!",0.319149,"Correct","Correct","Correct","Correct"
"11",14,"3_4_stimuli","4_3","Incongruent","Congruent","Incongruent","Congruent",27.999747,28.199739,"3#",0.383171,"Correct","Correct","Correct","Correct"
"11",15,"5_6_stimuli","6_6","Congruent","Incongruent","Congruent","Incongruent",29.999726,30.199726,"6^",0.399572,"Correct","Correct","Correct","Correct"
"11",16,"7_8_stimuli","7_8","Incongruent","Congruent","Incongruent","Congruent",31.999703,32.199705,"8*",0.319155,"Correct","Correct","Correct","Correct"
"11",17,"1_2_stimuli","1_2","Incongruent","Incongruent","Congruent","Incongruent",33.99969,34.199681,"2@",0.351192,"Correct","Correct","Correct","Correct"
"11",18,"3_4_stimuli","4_3","Incongruent","Incongruent","Incongruent","Congruent",35.999668,36.199665,"3#",0.41575,"Correct","Correct","Correct","Correct"
"11",19,"5_6_stimuli","6_6","Congruent","Incongruent","Incongruent","Incongruent",37.999648,38.199653,"6^",0.447253,"Correct","Correct","Correct","Correct"
"11",20,"7_8_stimuli","8_7","Incongruent","Congruent","Incongruent","Incongruent",39.999636,40.199629,"7&",0.479272,"Correct","Correct","Correct","Correct"
"11",21,"1_2_stimuli","1_1","Congruent","Incongruent","Congruent","Incongruent",41.999612,42.199613,"1!",0.351245,"Correct","Correct","Correct","Correct"
"11",22,"3_4_stimuli","4_4","Congruent","Congruent","Incongruent","Congruent",43.999601,44.199602,"3#",0.351529,"Error","Correct","Correct","Correct"
"11",23,"5_6_stimuli","5_5","Congruent","Congruent","Congruent","Incongruent",45.999585,46.199576,"5%",0.767942,"Correct","Error","Correct","Correct"
"11",24,"7_8_stimuli","7_8","Incongruent","Congruent","Congruent","Congruent",47.999556,48.199562,"8*",0.464025,"Correct","Correct","Error","Correct"
"11",25,"1_2_stimuli","1_2","Incongruent","Incongruent","Congruent","Congruent",49.999544,50.199537,"2@",0.399896,"Correct","Correct","Correct","Error"
"11",26,"3_4_stimuli","4_4","Congruent","Incongruent","Incongruent","Congruent",51.999512,52.199509,"4$",0.463408,"Correct","Correct","Correct","Correct"
"11",27,"5_6_stimuli","5_5","Congruent","Congruent","Incongruent","Incongruent",53.999501,54.199496,"5%",0.495867,"Correct","Correct","Correct","Correct"
"11",28,"7_8_stimuli","7_7","Congruent","Congruent","Congruent","Incongruent",55.99949,56.199487,"7&",0.367359,"Correct","Correct","Correct","Correct"
"11",29,"1_2_stimuli","2_1","Incongruent","Congruent","Congruent","Congruent",57.99946,58.199459,"1!",0.495709,"Correct","Correct","Correct","Correct"
"11",30,"3_4_stimuli","4_3","Incongruent","Incongruent","Congruent","Congruent",59.999456,60.199448,"3#",0.367363,"Correct","Correct","Correct","Correct"
"11",31,"5_6_stimuli","6_6","Congruent","Incongruent","Incongruent","Congruent",61.999433,62.199427,"6^",0.607419,"Correct","Correct","Correct","Correct"
"11",32,"7_8_stimuli","8_8","Congruent","Congruent","Incongruent","Incongruent",63.999401,64.199402,"8*",0.399898,"Correct","Correct","Correct","Correct"
"11",33,"1_2_stimuli","1_2","Incongruent","Congruent","Congruent","Incongruent",65.999389,66.199389,"2@",0.39993,"Correct","Correct","Correct","Correct"
"11",34,"3_4_stimuli","3_3","Congruent","Incongruent","Congruent","Congruent",67.999364,68.199375,"3#",0.335382,"Correct","Correct","Correct","Correct"
"11",35,"5_6_stimuli","5_6","Incongruent","Congruent","Incongruent","Congruent",69.999356,70.199361,"6^",0.575919,"Correct","Correct","Correct","Correct"
"11",36,"7_8_stimuli","8_7","Incongruent","Incongruent","Congruent","Incongruent",71.999332,72.199323,"7&",0.463539,"Correct","Correct","Correct","Correct"
"11",37,"1_2_stimuli","1_1","Congruent","Incongruent","Incongruent","Congruent",73.999324,74.199316,"1!",0.431557,"Correct","Correct","Correct","Correct"
"11",38,"3_4_stimuli","4_4","Congruent","Congruent","Incongruent","Incongruent",75.999289,76.199294,"4$",0.44757,"Correct","Correct","Correct","Correct"
"11",39,"5_6_stimuli","5_6","Incongruent","Congruent","Congruent","Incongruent",77.999276,78.199271,"6^",0.575902,"Correct","Correct","Correct","Correct"
"11",40,"7_8_stimuli","7_8","Incongruent","Incongruent","Congruent","Congruent",79.999256,80.199256,"8*",0.416212,"Correct","Correct","Correct","Correct"
"11",41,"1_2_stimuli","1_2","Incongruent","Incongruent","Incongruent","Congruent",81.999241,82.199241,"2@",0.399704,"Correct","Correct","Correct","Correct"
"11",42,"3_4_stimuli","3_3","Congruent","Incongruent","Incongruent","Incongruent",83.999222,84.199218,"3#",0.384147,"Correct","Correct","Correct","Correct"
"11",43,"5_6_stimuli","5_6","Incongruent","Congruent","Incongruent","Incongruent",85.999201,86.199207,"6^",0.416285,"Correct","Correct","Correct","Correct"
"11",44,"7_8_stimuli","8_8","Congruent","Incongruent","Congruent","Incongruent",87.999194,88.199186,"8*",0.383642,"Correct","Correct","Correct","Correct"
"11",45,"1_2_stimuli","2_2","Congruent","Congruent","Incongruent","Congruent",89.999159,90.19916,"2@",0.512037,"Correct","Correct","Correct","Correct"
"11",46,"3_4_stimuli","3_4","Incongruent","Congruent","Congruent","Incongruent",91.999156,92.199151,"4$",0.43229,"Correct","Correct","Correct","Correct"
"11",47,"5_6_stimuli","6_6","Congruent","Incongruent","Congruent","Congruent",93.999126,94.199127,"6^",0.416321,"Correct","Correct","Correct","Correct"
"11",48,"7_8_stimuli","8_8","Congruent","Congruent","Incongruent","Congruent",95.999117,96.199107,"8*",0.416232,"Correct","Correct","Correct","Correct"
"11",49,"1_2_stimuli","1_1","Congruent","Congruent","Congruent","Incongruent",97.999098,98.199083,"1!",0.399834,"Correct","Correct","Correct","Correct"
"11",50,"3_4_stimuli","3_3","Congruent","Congruent","Congruent","Congruent",99.999071,100.199069,"3#",0.399932,"Correct","Correct","Correct","Correct"
"11",51,"5_6_stimuli","5_5","Congruent","Congruent","Congruent","Congruent",101.999055,102.199058,"5%",0.543736,"Correct","Correct","Correct","Correct"
"11",52,"7_8_stimuli","7_7","Congruent","Congruent","Congruent","Congruent",103.99903,104.199031,"7&",0.416418,"Correct","Correct","Correct","Correct"
"11",53,"1_2_stimuli","2_2","Congruent","Congruent","Congruent","Congruent",105.999012,106.199015,"2@",0.416391,"Correct","Correct","Correct","Correct"
"11",54,"3_4_stimuli","3_4","Incongruent","Congruent","Congruent","Congruent",107.999007,108.198994,"4$",0.512177,"Correct","Correct","Correct","Correct"
"11",55,"5_6_stimuli","6_5","Incongruent","Incongruent","Congruent","Congruent",109.998985,110.198972,"5%",0.543809,"Correct","Correct","Correct","Correct"
"11",56,"7_8_stimuli","8_7","Incongruent","Incongruent","Incongruent","Congruent",111.998956,112.198959,"7&",0.480288,"Correct","Correct","Correct","Correct"
"11",57,"1_2_stimuli","2_2","Congruent","Incongruent","Incongruent","Incongruent",113.998942,114.198936,"2@",0.400293,"Correct","Correct","Correct","Correct"
"11",58,"3_4_stimuli","3_4","Incongruent","Congruent","Incongruent","Incongruent",115.99892,116.198926,"4$",0.559899,"Correct","Correct","Correct","Correct"
"11",59,"5_6_stimuli","6_5","Incongruent","Incongruent","Congruent","Incongruent",117.998903,118.198907,"5%",0.495874,"Correct","Correct","Correct","Correct"
"11",60,"7_8_stimuli","7_7","Congruent","Incongruent","Incongruent","Congruent",119.998885,120.198892,"7&",0.367904,"Correct","Correct","Correct","Correct"
"11",61,"1_2_stimuli","2_2","Congruent","Congruent","Incongruent","Incongruent",121.998864,122.198874,"2@",0.336023,"Correct","Correct","Correct","Correct"
"11",62,"3_4_stimuli","4_4","Congruent","Congruent","Congruent","Incongruent",123.998859,124.198857,"4$",0.33596,"Correct","Correct","Correct","Correct"
"11",63,"5_6_stimuli","5_6","Incongruent","Congruent","Congruent","Congruent",125.998833,126.198829,"6^",0.352525,"Correct","Correct","Correct","Correct"
"11",64,"7_8_stimuli","8_8","Congruent","Incongruent","Congruent","Congruent",127.998808,128.198807,"8*",0.303968,"Correct","Correct","Correct","Correct"
"11",65,"1_2_stimuli","2_1","Incongruent","Congruent","Incongruent","Congruent",129.9988,130.198793,"1!",0.751923,"Correct","Correct","Correct","Correct"
"11",66,"3_4_stimuli","4_3","Incongruent","Incongruent","Congruent","Incongruent",131.998774,132.19877,"3#",0.432709,"Correct","Correct","Correct","Correct"
"11",67,"5_6_stimuli","6_5","Incongruent","Incongruent","Incongruent","Congruent",133.998757,134.198754,"5%",0.480683,"Correct","Correct","Correct","Correct"
"11",68,"7_8_stimuli","8_7","Incongruent","Incongruent","Incongruent","Incongruent",135.998736,136.198745,"7&",0.512741,"Correct","Correct","Correct","Correct"
"12",1,"1_2_stimuli","1_2","Incongruent",NA,NA,NA,1.999989,2.19998,"2@",0.404236,"Correct",NA,NA,NA
"12",2,"3_4_stimuli","3_4","Incongruent","Incongruent",NA,NA,3.999972,4.199966,"4$",0.323685,"Correct","Correct",NA,NA
"12",3,"5_6_stimuli","5_6","Incongruent","Incongruent","Incongruent",NA,5.99995,6.199941,"6^",0.340172,"Correct","Correct","Correct",NA
"12",4,"7_8_stimuli","7_7","Congruent","Incongruent","Incongruent","Incongruent",7.99993,8.199928,"7&",0.340369,"Correct","Correct","Correct","Correct"
"12",5,"1_2_stimuli","1_2","Incongruent","Congruent","Incongruent","Incongruent",9.999916,10.199902,"2@",0.355986,"Correct","Correct","Correct","Correct"
"12",6,"3_4_stimuli","4_4","Congruent","Incongruent","Congruent","Incongruent",11.999887,12.199898,"4$",0.324217,"Correct","Correct","Correct","Correct"
"12",7,"5_6_stimuli","6_5","Incongruent","Congruent","Incongruent","Congruent",13.999868,14.199872,"5%",0.387741,"Correct","Correct","Correct","Correct"
"12",8,"7_8_stimuli","7_7","Congruent","Incongruent","Congruent","Incongruent",15.999854,16.199851,"7&",0.868194,"Correct","Correct","Correct","Correct"
"12",9,"1_2_stimuli","1_2","Incongruent","Congruent","Incongruent","Congruent",17.999844,18.199844,"2@",0.355764,"Correct","Correct","Correct","Correct"
"12",10,"3_4_stimuli","4_3","Incongruent","Incongruent","Congruent","Incongruent",19.999824,20.199822,"3#",0.323767,"Correct","Correct","Correct","Correct"
"12",11,"5_6_stimuli","5_6","Incongruent","Incongruent","Incongruent","Congruent",21.999807,22.199799,"5%",0.500438,"Error","Correct","Correct","Correct"
"12",12,"7_8_stimuli","7_8","Incongruent","Incongruent","Incongruent","Incongruent",23.999785,24.199782,"8*",0.45173,"Correct","Error","Correct","Correct"
"12",13,"1_2_stimuli","2_2","Congruent","Incongruent","Incongruent","Incongruent",25.999767,26.199771,"2@",0.324286,"Correct","Correct","Error","Correct"
"12",14,"3_4_stimuli","3_4","Incongruent","Congruent","Incongruent","Incongruent",27.999737,28.199746,"4$",0.355996,"Correct","Correct","Correct","Error"
"12",15,"5_6_stimuli","5_5","Congruent","Incongruent","Congruent","Incongruent",29.999728,30.199724,"5%",0.420085,"Correct","Correct","Correct","Correct"
"12",16,"7_8_stimuli","7_8","Incongruent","Congruent","Incongruent","Congruent",31.999715,32.199708,"8*",0.58022,"Correct","Correct","Correct","Correct"
"12",17,"1_2_stimuli","1_1","Congruent","Incongruent","Congruent","Incongruent",33.999698,34.19969,"1!",0.436177,"Correct","Correct","Correct","Correct"
"12",18,"3_4_stimuli","4_4","Congruent","Congruent","Incongruent","Congruent",35.999674,36.199678,"4$",0.355874,"Correct","Correct","Correct","Correct"
"12",19,"5_6_stimuli","5_6","Incongruent","Congruent","Congruent","Incongruent",37.99965,38.199655,"6^",0.484425,"Correct","Correct","Correct","Correct"
"12",20,"7_8_stimuli","7_7","Congruent","Incongruent","Congruent","Congruent",39.999632,40.199632,"7&",0.420002,"Correct","Correct","Correct","Correct"
"12",21,"1_2_stimuli","2_2","Congruent","Congruent","Incongruent","Congruent",41.999621,42.199623,"2@",0.436205,"Correct","Correct","Correct","Correct"
"12",22,"3_4_stimuli","3_3","Congruent","Congruent","Congruent","Incongruent",43.9996,44.199602,"3#",0.38826,"Correct","Correct","Correct","Correct"
"12",23,"5_6_stimuli","6_6","Congruent","Congruent","Congruent","Congruent",45.999576,46.199582,"6^",0.388674,"Correct","Correct","Correct","Correct"
"12",24,"7_8_stimuli","7_7","Congruent","Congruent","Congruent","Congruent",47.999563,48.199556,"7&",0.564396,"Correct","Correct","Correct","Correct"
"12",25,"1_2_stimuli","1_1","Congruent","Congruent","Congruent","Congruent",49.99954,50.199537,"1!",0.404605,"Correct","Correct","Correct","Correct"
"12",26,"3_4_stimuli","3_3","Congruent","Congruent","Congruent","Congruent",51.999525,52.199524,"3#",0.420697,"Correct","Correct","Correct","Correct"
"12",27,"5_6_stimuli","5_6","Incongruent","Congruent","Congruent","Congruent",53.999509,54.19951,"6^",0.660375,"Correct","Correct","Correct","Correct"
"12",28,"7_8_stimuli","7_8","Incongruent","Incongruent","Congruent","Congruent",55.999492,56.199483,"8*",0.404866,"Correct","Correct","Correct","Correct"
"12",29,"1_2_stimuli","1_2","Incongruent","Incongruent","Incongruent","Congruent",57.999477,58.199465,"2@",0.468049,"Correct","Correct","Correct","Correct"
"12",30,"3_4_stimuli","3_3","Congruent","Incongruent","Incongruent","Incongruent",59.999453,60.199456,"3#",0.436102,"Correct","Correct","Correct","Correct"
"12",31,"5_6_stimuli","5_5","Congruent","Congruent","Incongruent","Incongruent",61.999434,62.19942,"5%",0.580773,"Correct","Correct","Correct","Correct"
"12",32,"7_8_stimuli","8_8","Congruent","Congruent","Congruent","Incongruent",63.999403,64.19941,"7&",0.484457,"Error","Correct","Correct","Correct"
"12",33,"1_2_stimuli","1_2","Incongruent","Congruent","Congruent","Congruent",65.999397,66.199393,"2@",0.356528,"Correct","Error","Correct","Correct"
"12",34,"3_4_stimuli","4_4","Congruent","Incongruent","Congruent","Congruent",67.999369,68.19937,"4$",0.420799,"Correct","Correct","Error","Correct"
"12",35,"5_6_stimuli","6_6","Congruent","Congruent","Incongruent","Congruent",69.999351,70.199355,"6^",0.388581,"Correct","Correct","Correct","Error"
"12",36,"7_8_stimuli","8_7","Incongruent","Congruent","Congruent","Incongruent",71.999333,72.199336,"7&",0.516345,"Correct","Correct","Correct","Correct"
"12",37,"1_2_stimuli","2_2","Congruent","Incongruent","Congruent","Congruent",73.999314,74.199318,"2@",0.500688,"Correct","Correct","Correct","Correct"
"12",38,"3_4_stimuli","3_4","Incongruent","Congruent","Incongruent","Congruent",75.999305,76.199303,"4$",0.356751,"Correct","Correct","Correct","Correct"
"12",39,"5_6_stimuli","5_6","Incongruent","Incongruent","Congruent","Incongruent",77.999281,78.199275,"6^",0.436234,"Correct","Correct","Correct","Correct"
"12",40,"7_8_stimuli","8_7","Incongruent","Incongruent","Incongruent","Congruent",79.999263,80.199273,"7&",0.580699,"Correct","Correct","Correct","Correct"
"12",41,"1_2_stimuli","2_1","Incongruent","Incongruent","Incongruent","Incongruent",81.999247,82.199247,"1!",0.500686,"Correct","Correct","Correct","Correct"
"12",42,"3_4_stimuli","3_4","Incongruent","Incongruent","Incongruent","Incongruent",83.999231,84.199219,"4$",0.452271,"Correct","Correct","Correct","Correct"
"12",43,"5_6_stimuli","5_5","Congruent","Incongruent","Incongruent","Incongruent",85.999206,86.199207,"5%",0.420299,"Correct","Correct","Correct","Correct"
"12",44,"7_8_stimuli","8_8","Congruent","Congruent","Incongruent","Incongruent",87.99919,88.199183,"8*",0.388978,"Correct","Correct","Correct","Correct"
"12",45,"1_2_stimuli","1_1","Congruent","Congruent","Congruent","Incongruent",89.999168,90.19918,"1!",0.356324,"Correct","Correct","Correct","Correct"
"12",46,"3_4_stimuli","4_3","Incongruent","Congruent","Congruent","Congruent",91.999155,92.199144,"3#",0.628321,"Correct","Correct","Correct","Correct"
"12",47,"5_6_stimuli","6_6","Congruent","Incongruent","Congruent","Congruent",93.999127,94.199126,"7&",0.692848,"Error","Correct","Correct","Correct"
"12",48,"7_8_stimuli","8_8","Congruent","Congruent","Incongruent","Congruent",95.999113,96.19911,"8*",0.484904,"Correct","Error","Correct","Correct"
"12",49,"1_2_stimuli","2_1","Incongruent","Congruent","Congruent","Incongruent",97.999093,98.199091,"1!",0.388897,"Correct","Correct","Error","Correct"
"12",50,"3_4_stimuli","3_4","Incongruent","Incongruent","Congruent","Congruent",99.999073,100.199075,"4$",0.404439,"Correct","Correct","Correct","Error"
"12",51,"5_6_stimuli","5_5","Congruent","Incongruent","Incongruent","Congruent",101.999057,102.199051,"5%",0.372862,"Correct","Correct","Correct","Correct"
"12",52,"7_8_stimuli","8_7","Incongruent","Congruent","Incongruent","Incongruent",103.999046,104.199035,"7&",0.340459,"Correct","Correct","Correct","Correct"
"12",53,"1_2_stimuli","2_1","Incongruent","Incongruent","Congruent","Incongruent",105.99902,106.199021,"1!",0.80497,"Correct","Correct","Correct","Correct"
"12",54,"3_4_stimuli","4_4","Congruent","Incongruent","Incongruent","Congruent",107.998999,108.198996,"4$",0.373219,"Correct","Correct","Correct","Correct"
"12",55,"5_6_stimuli","6_5","Incongruent","Congruent","Incongruent","Incongruent",109.99899,110.198989,"5%",0.548826,"Correct","Correct","Correct","Correct"
"12",56,"7_8_stimuli","7_8","Incongruent","Incongruent","Congruent","Incongruent",111.998965,112.198957,"8*",0.436741,"Correct","Correct","Correct","Correct"
"12",57,"1_2_stimuli","1_1","Congruent","Incongruent","Incongruent","Congruent",113.998949,114.19894,"1!",0.452798,"Correct","Correct","Correct","Correct"
"12",58,"3_4_stimuli","3_3","Congruent","Congruent","Incongruent","Incongruent",115.998928,116.198928,"3#",0.357054,"Correct","Correct","Correct","Correct"
"12",59,"5_6_stimuli","6_6","Congruent","Congruent","Congruent","Incongruent",117.998918,118.198915,"6^",0.420805,"Correct","Correct","Correct","Correct"
"12",60,"7_8_stimuli","8_7","Incongruent","Congruent","Congruent","Congruent",119.998898,120.198883,"7&",0.389339,"Correct","Correct","Correct","Correct"
"12",61,"1_2_stimuli","2_1","Incongruent","Incongruent","Congruent","Congruent",121.998876,122.19887,"2@",0.437071,"Error","Correct","Correct","Correct"
"12",62,"3_4_stimuli","4_3","Incongruent","Incongruent","Incongruent","Congruent",123.998857,124.198853,"3#",0.468861,"Correct","Error","Correct","Correct"
"12",63,"5_6_stimuli","6_5","Incongruent","Incongruent","Incongruent","Incongruent",125.998842,126.198827,"5%",0.420937,"Correct","Correct","Error","Correct"
"12",64,"7_8_stimuli","7_7","Congruent","Incongruent","Incongruent","Incongruent",127.998816,128.198817,"7&",0.404977,"Correct","Correct","Correct","Error"
"12",65,"1_2_stimuli","2_2","Congruent","Congruent","Incongruent","Incongruent",129.998805,130.198799,"2@",0.389439,"Correct","Correct","Correct","Correct"
"12",66,"3_4_stimuli","4_3","Incongruent","Congruent","Congruent","Incongruent",131.998783,132.198781,"3#",0.356655,"Correct","Correct","Correct","Correct"
"12",67,"5_6_stimuli","6_5","Incongruent","Incongruent","Congruent","Congruent",133.998761,134.198765,"5%",0.437274,"Correct","Correct","Correct","Correct"
"12",68,"7_8_stimuli","8_8","Congruent","Incongruent","Incongruent","Congruent",135.998746,136.198753,"8*",0.453371,"Correct","Correct","Correct","Correct"
"13",1,"1_2_stimuli","1_2","Incongruent",NA,NA,NA,1.999984,2.199975,"2@",0.493667,"Correct",NA,NA,NA
"13",2,"3_4_stimuli","4_4","Congruent","Incongruent",NA,NA,3.999967,4.199967,"4$",0.348957,"Correct","Correct",NA,NA
"13",3,"5_6_stimuli","5_6","Incongruent","Congruent","Incongruent",NA,5.999953,6.199944,"5%",0.509003,"Error","Correct","Correct",NA
"13",4,"7_8_stimuli","8_8","Congruent","Incongruent","Congruent","Incongruent",7.999922,8.199921,"8*",0.413437,"Correct","Error","Correct","Correct"
"13",5,"1_2_stimuli","2_1","Incongruent","Congruent","Incongruent","Congruent",9.999912,10.199913,"1!",0.381989,"Correct","Correct","Error","Correct"
"13",6,"3_4_stimuli","3_3","Congruent","Incongruent","Congruent","Incongruent",11.999889,12.199887,"3#",0.412948,"Correct","Correct","Correct","Error"
"13",7,"5_6_stimuli","6_6","Congruent","Congruent","Incongruent","Congruent",13.99987,14.199875,"6^",0.301782,"Correct","Correct","Correct","Correct"
"13",8,"7_8_stimuli","8_7","Incongruent","Congruent","Congruent","Incongruent",15.999848,16.199856,"7&",0.397,"Correct","Correct","Correct","Correct"
"13",9,"1_2_stimuli","1_1","Congruent","Incongruent","Congruent","Congruent",17.999833,18.199827,"1!",0.381343,"Correct","Correct","Correct","Correct"
"13",10,"3_4_stimuli","4_3","Incongruent","Congruent","Incongruent","Congruent",19.999819,20.199807,"3#",0.365054,"Correct","Correct","Correct","Correct"
"13",11,"5_6_stimuli","5_5","Congruent","Incongruent","Congruent","Incongruent",21.999803,22.199789,"5%",0.397719,"Correct","Correct","Correct","Correct"
"13",12,"7_8_stimuli","7_8","Incongruent","Congruent","Incongruent","Congruent",23.999774,24.199783,"8*",0.318141,"Correct","Correct","Correct","Correct"
"13",13,"1_2_stimuli","1_2","Incongruent","Incongruent","Congruent","Incongruent",25.999761,26.199752,"2@",0.461742,"Correct","Correct","Correct","Correct"
"13",14,"3_4_stimuli","3_4","Incongruent","Incongruent","Incongruent","Congruent",27.99974,28.19974,"4$",0.397601,"Correct","Correct","Correct","Correct"
"13",15,"5_6_stimuli","5_5","Congruent","Incongruent","Incongruent","Incongruent",29.999716,30.199723,"5%",0.493183,"Correct","Correct","Correct","Correct"
"13",16,"7_8_stimuli","8_7","Incongruent","Congruent","Incongruent","Incongruent",31.999705,32.199701,"7&",0.477884,"Correct","Correct","Correct","Correct"
"13",17,"1_2_stimuli","1_1","Congruent","Incongruent","Congruent","Incongruent",33.999686,34.199683,"1!",0.349139,"Correct","Correct","Correct","Correct"
"13",18,"3_4_stimuli","4_4","Congruent","Congruent","Incongruent","Congruent",35.999662,36.199674,"4$",0.413193,"Correct","Correct","Correct","Correct"
"13",19,"5_6_stimuli","6_5","Incongruent","Congruent","Congruent","Incongruent",37.999658,38.199646,"5%",0.541164,"Correct","Correct","Correct","Correct"
"13",20,"7_8_stimuli","7_8","Incongruent","Incongruent","Congruent","Congruent",39.999627,40.199635,"7&",0.477993,"Error","Correct","Correct","Correct"
"13",21,"1_2_stimuli","2_2","Congruent","Incongruent","Incongruent","Congruent",41.999604,42.199616,"2@",0.413217,"Correct","Error","Correct","Correct"
"13",22,"3_4_stimuli","4_3","Incongruent","Congruent","Incongruent","Incongruent",43.999595,44.199591,"3#",0.477915,"Correct","Correct","Error","Correct"
"13",23,"5_6_stimuli","6_5","Incongruent","Incongruent","Congruent","Incongruent",45.999577,46.199575,"5%",0.397219,"Correct","Correct","Correct","Error"
"13",24,"7_8_stimuli","8_7","Incongruent","Incongruent","Incongruent","Congruent",47.999562,48.19956,"7&",0.462029,"Correct","Correct","Correct","Correct"
"13",25,"1_2_stimuli","1_1","Congruent","Incongruent","Incongruent","Incongruent",49.999545,50.199534,"1!",0.365233,"Correct","Correct","Correct","Correct"
"13",26,"3_4_stimuli","4_4","Congruent","Congruent","Incongruent","Incongruent",51.999522,52.199526,"4$",0.333574,"Correct","Correct","Correct","Correct"
"13",27,"5_6_stimuli","6_6","Congruent","Congruent","Congruent","Incongruent",53.999503,54.199503,"6^",0.333925,"Correct","Correct","Correct","Correct"
"13",28,"7_8_stimuli","7_7","Congruent","Congruent","Congruent","Congruent",55.999484,56.199478,"7&",0.414008,"Correct","Correct","Correct","Correct"
"13",29,"1_2_stimuli","2_2","Congruent","Congruent","Congruent","Congruent",57.999469,58.19946,"2@",0.413328,"Correct","Correct","Correct","Correct"
"13",30,"3_4_stimuli","3_4","Incongruent","Congruent","Congruent","Congruent",59.999447,60.19945,"4$",0.333384,"Correct","Correct","Correct","Correct"
"13",31,"5_6_stimuli","5_6","Incongruent","Incongruent","Congruent","Congruent",61.999424,62.19942,"6^",0.557605,"Correct","Correct","Correct","Correct"
"13",32,"7_8_stimuli","7_7","Congruent","Incongruent","Incongruent","Congruent",63.9994,64.199412,"7&",0.65378,"Correct","Correct","Correct","Correct"
"13",33,"1_2_stimuli","1_1","Congruent","Congruent","Incongruent","Incongruent",65.999392,66.199393,"1!",0.350183,"Correct","Correct","Correct","Correct"
"13",34,"3_4_stimuli","4_4","Congruent","Congruent","Congruent","Incongruent",67.999361,68.199362,"4$",0.462022,"Correct","Correct","Correct","Correct"
"13",35,"5_6_stimuli","5_6","Incongruent","Congruent","Congruent","Congruent",69.999351,70.199351,"6^",0.590198,"Correct","Correct","Correct","Correct"
"13",36,"7_8_stimuli","7_7","Congruent","Incongruent","Congruent","Congruent",71.999337,72.199336,"7&",0.653458,"Correct","Correct","Correct","Correct"
"13",37,"1_2_stimuli","2_2","Congruent","Congruent","Incongruent","Congruent",73.999318,74.199307,"2@",0.494103,"Correct","Correct","Correct","Correct"
"13",38,"3_4_stimuli","4_3","Incongruent","Congruent","Congruent","Incongruent",75.99929,76.19929,"3#",0.477994,"Correct","Correct","Correct","Correct"
"13",39,"5_6_stimuli","6_6","Congruent","Incongruent","Congruent","Congruent",77.999273,78.19927,"6^",0.830118,"Correct","Correct","Correct","Correct"
"13",40,"7_8_stimuli","8_8","Congruent","Congruent","Incongruent","Congruent",79.999251,80.199256,"8*",0.397869,"Correct","Correct","Correct","Correct"
"13",41,"1_2_stimuli","2_1","Incongruent","Congruent","Congruent","Incongruent",81.999243,82.19924,"1!",0.429817,"Correct","Correct","Correct","Correct"
"13",42,"3_4_stimuli","3_3","Congruent","Incongruent","Congruent","Congruent",83.999224,84.199212,"3#",0.414172,"Correct","Correct","Correct","Correct"
"13",43,"5_6_stimuli","6_5","Incongruent","Congruent","Incongruent","Congruent",85.999197,86.199196,"5%",0.717459,"Correct","Correct","Correct","Correct"
"13",44,"7_8_stimuli","8_7","Incongruent","Incongruent","Congruent","Incongruent",87.999189,88.199176,"7&",0.461626,"Correct","Correct","Correct","Correct"
"13",45,"1_2_stimuli","1_2","Incongruent","Incongruent","Incongruent","Congruent",89.999164,90.199158,"2@",0.350241,"Correct","Correct","Correct","Correct"
"13",46,"3_4_stimuli","3_3","Congruent","Incongruent","Incongruent","Incongruent",91.999158,92.199143,"3#",0.333558,"Correct","Correct","Correct","Correct"
"13",47,"5_6_stimuli","5_5","Congruent","Congruent","Incongruent","Incongruent",93.999127,94.199129,"5%",0.414007,"Correct","Correct","Correct","Correct"
"13",48,"7_8_stimuli","8_8","Congruent","Congruent","Congruent","Incongruent",95.999103,96.199101,"8*",0.478241,"Correct","Correct","Correct","Correct"
"13",49,"1_2_stimuli","1_2","Incongruent","Congruent","Congruent","Congruent",97.999096,98.199087,"2@",0.494304,"Correct","Correct","Correct","Correct"
"13",50,"3_4_stimuli","3_4","Incongruent","Incongruent","Congruent","Congruent",99.999077,100.199065,"4$",0.413576,"Correct","Correct","Correct","Correct"
"13",51,"5_6_stimuli","5_6","Incongruent","Incongruent","Incongruent","Congruent",101.999052,102.199045,"6^",0.638343,"Correct","Correct","Correct","Correct"
"13",52,"7_8_stimuli","7_8","Incongruent","Incongruent","Incongruent","Incongruent",103.999035,104.199033,"8*",0.445692,"Correct","Correct","Correct","Correct"
"13",53,"1_2_stimuli","2_1","Incongruent","Incongruent","Incongruent","Incongruent",105.999004,106.199011,"1!",0.542376,"Correct","Correct","Correct","Correct"
"13",54,"3_4_stimuli","4_3","Incongruent","Incongruent","Incongruent","Incongruent",107.999003,108.198995,"3#",0.445765,"Correct","Correct","Correct","Correct"
"13",55,"5_6_stimuli","5_6","Incongruent","Incongruent","Incongruent","Incongruent",109.998977,110.198977,"6^",0.430489,"Correct","Correct","Correct","Correct"
"13",56,"7_8_stimuli","8_8","Congruent","Incongruent","Incongruent","Incongruent",111.998965,112.19897,"8*",0.413814,"Correct","Correct","Correct","Correct"
"13",57,"1_2_stimuli","2_1","Incongruent","Congruent","Incongruent","Incongruent",113.998942,114.198945,"1!",0.494239,"Correct","Correct","Correct","Correct"
"13",58,"3_4_stimuli","3_4","Incongruent","Incongruent","Congruent","Incongruent",115.998932,116.198921,"4$",0.38249,"Correct","Correct","Correct","Correct"
"13",59,"5_6_stimuli","5_5","Congruent","Incongruent","Incongruent","Congruent",117.998907,118.198907,"5%",0.782257,"Correct","Correct","Correct","Correct"
"13",60,"7_8_stimuli","8_8","Congruent","Congruent","Incongruent","Incongruent",119.998895,120.198884,"8*",0.542613,"Correct","Correct","Correct","Correct"
"13",61,"1_2_stimuli","2_2","Congruent","Congruent","Congruent","Incongruent",121.998864,122.198864,"2@",0.397865,"Correct","Correct","Correct","Correct"
"13",62,"3_4_stimuli","4_4","Congruent","Congruent","Congruent","Congruent",123.998845,124.198853,"4$",0.430362,"Correct","Correct","Correct","Correct"
"13",63,"5_6_stimuli","6_6","Congruent","Congruent","Congruent","Congruent",125.998829,126.198823,"6^",0.830499,"Correct","Correct","Correct","Correct"
"13",64,"7_8_stimuli","7_8","Incongruent","Congruent","Congruent","Congruent",127.998808,128.198815,"8*",0.414374,"Correct","Correct","Correct","Correct"
"13",65,"1_2_stimuli","1_2","Incongruent","Incongruent","Congruent","Congruent",129.998799,130.1988,"2@",0.46245,"Correct","Correct","Correct","Correct"
"13",66,"3_4_stimuli","3_3","Congruent","Incongruent","Incongruent","Congruent",131.998782,132.198776,"4$",0.605939,"Error","Correct","Correct","Correct"
"13",67,"5_6_stimuli","6_5","Incongruent","Congruent","Incongruent","Incongruent",133.998751,134.198763,"6^",0.60661,"Error","Error","Correct","Correct"
"13",68,"7_8_stimuli","7_7","Congruent","Incongruent","Congruent","Incongruent",135.998738,136.198734,"7&",0.526123,"Correct","Error","Error","Correct"
