"Run.Number","Trial.Number","Task","Stimulus","Current.Trial.Type","Previous.Trial.Type","Previous.Trial.Type.N2","Previous.Trial.Type.N3","StimulusOnsetTime","StimulusOffsetTime","Response","RT","Accuracy","PreviousAccuracy","PreviousAccuracy.N2","Previous.Accuracy.N3"
"practice",1,"1_2_stimuli","2_1","Incongruent",NA,NA,NA,1.999975,2.199979,"1!",1.265818,"Correct",NA,NA,NA
"practice",2,"3_4_stimuli","3_3","Congruent","Incongruent",NA,NA,3.99997,4.19997,"3#",1.265661,"Correct","Correct",NA,NA
"practice",3,"5_6_stimuli","5_5","Congruent","Congruent","Incongruent",NA,5.999944,6.199942,"5%",1.281624,"Correct","Correct","Correct",NA
"practice",4,"7_8_stimuli","8_8","Congruent","Congruent","Congruent","Incongruent",7.999925,8.199924,"7&",1.153681,"Error","Correct","Correct","Correct"
"practice",5,"1_2_stimuli","1_1","Congruent","Congruent","Congruent","Congruent",9.999909,10.199915,"1!",0.897718,"Correct","Error","Correct","Correct"
"practice",6,"3_4_stimuli","3_3","Congruent","Congruent","Congruent","Congruent",11.999897,12.199892,"3#",1.281663,"Correct","Correct","Error","Correct"
"practice",7,"5_6_stimuli","5_5","Congruent","Congruent","Congruent","Congruent",13.999878,14.199871,"5%",1.009741,"Correct","Correct","Correct","Error"
"practice",8,"7_8_stimuli","8_7","Incongruent","Congruent","Congruent","Congruent",15.999855,16.199849,"7&",0.881423,"Correct","Correct","Correct","Correct"
"practice",9,"1_2_stimuli","2_1","Incongruent","Incongruent","Congruent","Congruent",17.999843,18.199842,"1!",0.721748,"Correct","Correct","Correct","Correct"
"practice",10,"3_4_stimuli","3_4","Incongruent","Incongruent","Incongruent","Congruent",19.999807,20.199816,"3#",1.041826,"Error","Correct","Correct","Correct"
"practice",11,"5_6_stimuli","6_5","Incongruent","Incongruent","Incongruent","Incongruent",21.9998,22.199796,"5%",1.201901,"Correct","Error","Correct","Correct"
"practice",12,"7_8_stimuli","8_8","Congruent","Incongruent","Incongruent","Incongruent",23.999786,24.199782,"7&",1.201852,"Error","Correct","Error","Correct"
"practice",13,"1_2_stimuli","1_2","Incongruent","Congruent","Incongruent","Incongruent",25.999766,26.199759,"Omission",5000,"Omission","Error","Correct","Error"
"practice",14,"3_4_stimuli","4_4","Congruent","Incongruent","Congruent","Incongruent",27.999747,28.199733,"4$",1.426034,"Correct","Omission","Error","Correct"
"practice",15,"5_6_stimuli","5_6","Incongruent","Congruent","Incongruent","Congruent",29.999721,30.199715,"6^",1.105634,"Correct","Correct","Omission","Error"
"practice",16,"7_8_stimuli","7_7","Congruent","Incongruent","Congruent","Incongruent",31.999713,32.199703,"Omission",5000,"Omission","Correct","Correct","Omission"
"practice",17,"1_2_stimuli","1_1","Congruent","Congruent","Incongruent","Congruent",33.99969,34.199696,"1!",0.673624,"Correct","Omission","Correct","Correct"
"practice",18,"3_4_stimuli","4_4","Congruent","Congruent","Congruent","Incongruent",35.999667,36.199678,"4$",1.010149,"Correct","Correct","Omission","Correct"
"practice",19,"5_6_stimuli","5_6","Incongruent","Congruent","Congruent","Congruent",37.999652,38.199646,"6^",0.753865,"Correct","Correct","Correct","Omission"
"practice",20,"7_8_stimuli","7_8","Incongruent","Incongruent","Congruent","Congruent",39.999635,40.199628,"8*",1.186073,"Correct","Correct","Correct","Correct"
"practice",21,"1_2_stimuli","1_2","Incongruent","Incongruent","Incongruent","Congruent",41.999623,42.199618,"2@",0.673685,"Correct","Correct","Correct","Correct"
"practice",22,"3_4_stimuli","4_3","Incongruent","Incongruent","Incongruent","Incongruent",43.999606,44.199596,"3#",0.88203,"Correct","Correct","Correct","Correct"
"practice",23,"5_6_stimuli","5_5","Congruent","Incongruent","Incongruent","Incongruent",45.999574,46.199579,"5%",0.866006,"Correct","Correct","Correct","Correct"
"practice",24,"7_8_stimuli","7_7","Congruent","Congruent","Incongruent","Incongruent",47.999555,48.199557,"7&",1.218044,"Correct","Correct","Correct","Correct"
"practice",25,"1_2_stimuli","1_1","Congruent","Congruent","Congruent","Incongruent",49.999532,50.199531,"1!",1.05827,"Correct","Correct","Correct","Correct"
"practice",26,"3_4_stimuli","3_4","Incongruent","Congruent","Congruent","Congruent",51.999522,52.199518,"3#",1.010068,"Error","Correct","Correct","Correct"
"practice",27,"5_6_stimuli","6_6","Congruent","Incongruent","Congruent","Congruent",53.999497,54.199513,"6^",1.074191,"Correct","Error","Correct","Correct"
"practice",28,"7_8_stimuli","8_7","Incongruent","Congruent","Incongruent","Congruent",55.999488,56.199483,"7&",1.377889,"Correct","Correct","Error","Correct"
"practice",29,"1_2_stimuli","2_1","Incongruent","Incongruent","Congruent","Incongruent",57.999466,58.199458,"1!",0.626081,"Correct","Correct","Correct","Error"
"practice",30,"3_4_stimuli","3_3","Congruent","Incongruent","Incongruent","Congruent",59.999444,60.199438,"3#",1.169951,"Correct","Correct","Correct","Correct"
"practice",31,"5_6_stimuli","6_5","Incongruent","Congruent","Incongruent","Incongruent",61.999434,62.199426,"5%",1.218049,"Correct","Correct","Correct","Correct"
"practice",32,"7_8_stimuli","8_7","Incongruent","Incongruent","Congruent","Incongruent",63.999404,64.199412,"7&",0.849786,"Correct","Correct","Correct","Correct"
"practice",33,"1_2_stimuli","1_1","Congruent","Incongruent","Incongruent","Congruent",65.999398,66.19939,"1!",0.594198,"Correct","Correct","Correct","Correct"
"practice",34,"3_4_stimuli","4_4","Congruent","Congruent","Incongruent","Incongruent",67.999371,68.199369,"4$",1.441973,"Correct","Correct","Correct","Correct"
"practice",35,"5_6_stimuli","6_6","Congruent","Congruent","Congruent","Incongruent",69.999358,70.199351,"6^",0.898495,"Correct","Correct","Correct","Correct"
"practice",36,"7_8_stimuli","8_8","Congruent","Congruent","Congruent","Congruent",71.999336,72.199333,"8*",0.818163,"Correct","Correct","Correct","Correct"
"practice",37,"1_2_stimuli","1_2","Incongruent","Congruent","Congruent","Congruent",73.999317,74.199298,"2@",0.738212,"Correct","Correct","Correct","Correct"
"practice",38,"3_4_stimuli","3_4","Incongruent","Incongruent","Congruent","Congruent",75.999308,76.199292,"4$",0.67404,"Correct","Correct","Correct","Correct"
"practice",39,"5_6_stimuli","6_6","Congruent","Incongruent","Incongruent","Congruent",77.99928,78.199279,"6^",0.913801,"Correct","Correct","Correct","Correct"
"practice",40,"7_8_stimuli","7_8","Incongruent","Congruent","Incongruent","Incongruent",79.999259,80.199266,"8*",1.314078,"Correct","Correct","Correct","Correct"
"practice",41,"1_2_stimuli","2_2","Congruent","Incongruent","Congruent","Incongruent",81.999253,82.199248,"2@",0.674222,"Correct","Correct","Correct","Correct"
"practice",42,"3_4_stimuli","4_3","Incongruent","Congruent","Incongruent","Congruent",83.999226,84.199224,"3#",0.96228,"Correct","Correct","Correct","Correct"
"practice",43,"5_6_stimuli","5_5","Congruent","Incongruent","Congruent","Incongruent",85.999204,86.199211,"5%",0.626522,"Correct","Correct","Correct","Correct"
"practice",44,"7_8_stimuli","7_7","Congruent","Congruent","Incongruent","Congruent",87.999196,88.199183,"7&",0.786629,"Correct","Correct","Correct","Correct"
"practice",45,"1_2_stimuli","2_1","Incongruent","Congruent","Congruent","Incongruent",89.999176,90.199182,"1!",0.898195,"Correct","Correct","Correct","Correct"
"practice",46,"3_4_stimuli","3_3","Congruent","Incongruent","Congruent","Congruent",91.999156,92.199151,"3#",1.410054,"Correct","Correct","Correct","Correct"
"practice",47,"5_6_stimuli","5_5","Congruent","Congruent","Incongruent","Congruent",93.999134,94.199135,"Omission",5000,"Omission","Correct","Correct","Correct"
"practice",48,"7_8_stimuli","7_8","Incongruent","Congruent","Congruent","Incongruent",95.999111,96.199122,"8*",0.882082,"Correct","Omission","Correct","Correct"
"practice",49,"1_2_stimuli","2_2","Congruent","Incongruent","Congruent","Congruent",97.999092,98.199096,"2@",0.642185,"Correct","Correct","Omission","Correct"
"practice",50,"3_4_stimuli","3_3","Congruent","Congruent","Incongruent","Congruent",99.999078,100.199078,"3#",0.770346,"Correct","Correct","Correct","Omission"
"practice",51,"5_6_stimuli","5_6","Incongruent","Congruent","Congruent","Incongruent",101.999066,102.199064,"Omission",5000,"Omission","Correct","Correct","Correct"
"practice",52,"7_8_stimuli","8_8","Congruent","Incongruent","Congruent","Congruent",103.999051,104.199038,"8*",0.738178,"Correct","Omission","Correct","Correct"
"practice",53,"1_2_stimuli","2_1","Incongruent","Congruent","Incongruent","Congruent",105.999031,106.199024,"1!",0.562453,"Correct","Correct","Omission","Correct"
"practice",54,"3_4_stimuli","4_3","Incongruent","Incongruent","Congruent","Incongruent",107.999009,108.198997,"3#",0.626272,"Correct","Correct","Correct","Omission"
"practice",55,"5_6_stimuli","5_6","Incongruent","Incongruent","Incongruent","Congruent",109.998993,110.198987,"6^",1.26663,"Correct","Correct","Correct","Correct"
"practice",56,"7_8_stimuli","7_8","Incongruent","Incongruent","Incongruent","Incongruent",111.998975,112.198973,"8*",0.658638,"Correct","Correct","Correct","Correct"
"practice",57,"1_2_stimuli","2_2","Congruent","Incongruent","Incongruent","Incongruent",113.998958,114.198955,"2@",0.642717,"Correct","Correct","Correct","Correct"
"practice",58,"3_4_stimuli","4_3","Incongruent","Congruent","Incongruent","Incongruent",115.998938,116.198931,"3#",0.674071,"Correct","Correct","Correct","Correct"
"practice",59,"5_6_stimuli","6_5","Incongruent","Incongruent","Congruent","Incongruent",117.998915,118.198906,"5%",0.498657,"Correct","Correct","Correct","Correct"
"practice",60,"7_8_stimuli","8_8","Congruent","Incongruent","Incongruent","Congruent",119.99889,120.1989,"8*",0.626533,"Correct","Correct","Correct","Correct"
"practice",61,"1_2_stimuli","2_2","Congruent","Congruent","Incongruent","Incongruent",121.99887,122.198876,"2@",0.498742,"Correct","Correct","Correct","Correct"
"practice",62,"3_4_stimuli","3_4","Incongruent","Congruent","Congruent","Incongruent",123.99886,124.198855,"4$",0.91431,"Correct","Correct","Correct","Correct"
"practice",63,"5_6_stimuli","6_5","Incongruent","Incongruent","Congruent","Congruent",125.998835,126.198832,"6^",0.546432,"Error","Correct","Correct","Correct"
"practice",64,"7_8_stimuli","8_7","Incongruent","Incongruent","Incongruent","Congruent",127.998821,128.198821,"Omission",5000,"Omission","Error","Correct","Correct"
"practice",65,"1_2_stimuli","1_2","Incongruent","Incongruent","Incongruent","Incongruent",129.998802,130.198801,"2@",0.658434,"Correct","Omission","Error","Correct"
"practice",66,"3_4_stimuli","4_4","Congruent","Incongruent","Incongruent","Incongruent",131.998791,132.198781,"4$",1.170395,"Correct","Correct","Omission","Error"
"practice",67,"5_6_stimuli","6_6","Congruent","Congruent","Incongruent","Incongruent",133.998763,134.198763,"6^",1.026872,"Correct","Correct","Correct","Omission"
"practice",68,"7_8_stimuli","7_7","Congruent","Congruent","Congruent","Incongruent",135.998744,136.198747,"7&",0.818798,"Correct","Correct","Correct","Correct"
"1",1,"1_2_stimuli","1_1","Congruent",NA,NA,NA,1.999977,2.199975,"1!",0.535169,"Correct",NA,NA,NA
"1",2,"3_4_stimuli","4_4","Congruent","Congruent",NA,NA,3.999958,4.199955,"4$",1.015057,"Correct","Correct",NA,NA
"1",3,"5_6_stimuli","5_6","Incongruent","Congruent","Congruent",NA,5.999937,6.199943,"6^",0.903433,"Correct","Correct","Correct",NA
"1",4,"7_8_stimuli","8_7","Incongruent","Incongruent","Congruent","Congruent",7.999923,8.199919,"7&",0.823158,"Correct","Correct","Correct","Correct"
"1",5,"1_2_stimuli","2_2","Congruent","Incongruent","Incongruent","Congruent",9.999909,10.19991,"2@",0.534839,"Correct","Correct","Correct","Correct"
"1",6,"3_4_stimuli","3_3","Congruent","Congruent","Incongruent","Incongruent",11.999878,12.199893,"3#",0.567036,"Correct","Correct","Correct","Correct"
"1",7,"5_6_stimuli","5_6","Incongruent","Congruent","Congruent","Incongruent",13.999866,14.199864,"5%",0.614823,"Error","Correct","Correct","Correct"
"1",8,"7_8_stimuli","7_7","Congruent","Incongruent","Congruent","Congruent",15.999847,16.199842,"7&",1.255271,"Correct","Error","Correct","Correct"
"1",9,"1_2_stimuli","2_1","Incongruent","Congruent","Incongruent","Congruent",17.999829,18.199828,"2@",0.503212,"Error","Correct","Error","Correct"
"1",10,"3_4_stimuli","4_3","Incongruent","Incongruent","Congruent","Incongruent",19.999819,20.199821,"3#",0.711217,"Correct","Error","Correct","Error"
"1",11,"5_6_stimuli","6_5","Incongruent","Incongruent","Incongruent","Congruent",21.999798,22.199797,"5%",0.838978,"Correct","Correct","Error","Correct"
"1",12,"7_8_stimuli","8_8","Congruent","Incongruent","Incongruent","Incongruent",23.999779,24.199768,"7&",0.77487,"Error","Correct","Correct","Error"
"1",13,"1_2_stimuli","1_1","Congruent","Congruent","Incongruent","Incongruent",25.999753,26.199756,"1!",0.519434,"Correct","Error","Correct","Correct"
"1",14,"3_4_stimuli","4_3","Incongruent","Congruent","Congruent","Incongruent",27.999731,28.199735,"3#",0.711427,"Correct","Correct","Error","Correct"
"1",15,"5_6_stimuli","6_5","Incongruent","Incongruent","Congruent","Congruent",29.999717,30.199727,"5%",0.983418,"Correct","Correct","Correct","Error"
"1",16,"7_8_stimuli","8_7","Incongruent","Incongruent","Incongruent","Congruent",31.99971,32.199707,"7&",0.743161,"Correct","Correct","Correct","Correct"
"1",17,"1_2_stimuli","2_2","Congruent","Incongruent","Incongruent","Incongruent",33.999692,34.199682,"2@",0.551079,"Correct","Correct","Correct","Correct"
"1",18,"3_4_stimuli","4_3","Incongruent","Congruent","Incongruent","Incongruent",35.999665,36.199664,"3#",0.406845,"Correct","Correct","Correct","Correct"
"1",19,"5_6_stimuli","6_6","Congruent","Incongruent","Congruent","Incongruent",37.999658,38.199643,"6^",0.519403,"Correct","Correct","Correct","Correct"
"1",20,"7_8_stimuli","7_7","Congruent","Congruent","Incongruent","Congruent",39.999625,40.199638,"7&",0.535142,"Correct","Correct","Correct","Correct"
"1",21,"1_2_stimuli","1_1","Congruent","Congruent","Congruent","Incongruent",41.999617,42.199608,"1!",0.43948,"Correct","Correct","Correct","Correct"
"1",22,"3_4_stimuli","3_4","Incongruent","Congruent","Congruent","Congruent",43.999586,44.19959,"4$",1.063401,"Correct","Correct","Correct","Correct"
"1",23,"5_6_stimuli","6_6","Congruent","Incongruent","Congruent","Congruent",45.999572,46.199582,"6^",0.951742,"Correct","Correct","Correct","Correct"
"1",24,"7_8_stimuli","7_8","Incongruent","Congruent","Incongruent","Congruent",47.999558,48.199562,"8*",0.791165,"Correct","Correct","Correct","Correct"
"1",25,"1_2_stimuli","1_1","Congruent","Incongruent","Congruent","Incongruent",49.999548,50.199531,"1!",0.455495,"Correct","Correct","Correct","Correct"
"1",26,"3_4_stimuli","4_4","Congruent","Congruent","Incongruent","Congruent",51.999515,52.199516,"4$",0.87134,"Correct","Correct","Correct","Correct"
"1",27,"5_6_stimuli","5_5","Congruent","Congruent","Congruent","Incongruent",53.99951,54.199498,"5%",0.663244,"Correct","Correct","Correct","Correct"
"1",28,"7_8_stimuli","7_8","Incongruent","Congruent","Congruent","Congruent",55.999485,56.199478,"8*",0.63096,"Correct","Correct","Correct","Correct"
"1",29,"1_2_stimuli","2_1","Incongruent","Incongruent","Congruent","Congruent",57.999455,58.199471,"1!",0.391214,"Correct","Correct","Correct","Correct"
"1",30,"3_4_stimuli","3_4","Incongruent","Incongruent","Incongruent","Congruent",59.999452,60.199445,"4$",0.887839,"Correct","Correct","Correct","Correct"
"1",31,"5_6_stimuli","5_5","Congruent","Incongruent","Incongruent","Incongruent",61.999419,62.199421,"5%",0.759225,"Correct","Correct","Correct","Correct"
"1",32,"7_8_stimuli","8_8","Congruent","Congruent","Incongruent","Incongruent",63.999403,64.199414,"7&",0.4236,"Error","Correct","Correct","Correct"
"1",33,"1_2_stimuli","2_1","Incongruent","Congruent","Congruent","Incongruent",65.999395,66.199386,"1!",0.696723,"Correct","Error","Correct","Correct"
"1",34,"3_4_stimuli","3_4","Incongruent","Incongruent","Congruent","Congruent",67.999376,68.199363,"4$",0.279355,"Correct","Correct","Error","Correct"
"1",35,"5_6_stimuli","5_5","Congruent","Incongruent","Incongruent","Congruent",69.99935,70.199351,"5%",0.423664,"Correct","Correct","Correct","Error"
"1",36,"7_8_stimuli","8_7","Incongruent","Congruent","Incongruent","Incongruent",71.999333,72.199332,"7&",0.599327,"Correct","Correct","Correct","Correct"
"1",37,"1_2_stimuli","1_2","Incongruent","Incongruent","Congruent","Incongruent",73.999309,74.199315,"2@",0.61542,"Correct","Correct","Correct","Correct"
"1",38,"3_4_stimuli","3_3","Congruent","Incongruent","Incongruent","Congruent",75.999294,76.199298,"3#",0.711378,"Correct","Correct","Correct","Correct"
"1",39,"5_6_stimuli","5_5","Congruent","Congruent","Incongruent","Incongruent",77.999276,78.199272,"5%",1.079655,"Correct","Correct","Correct","Correct"
"1",40,"7_8_stimuli","8_7","Incongruent","Congruent","Congruent","Incongruent",79.999255,80.199256,"7&",1.11151,"Correct","Correct","Correct","Correct"
"1",41,"1_2_stimuli","1_1","Congruent","Incongruent","Congruent","Congruent",81.999246,82.199233,"1!",0.455494,"Correct","Correct","Correct","Correct"
"1",42,"3_4_stimuli","4_3","Incongruent","Congruent","Incongruent","Congruent",83.999224,84.199225,"3#",0.887562,"Correct","Correct","Correct","Correct"
"1",43,"5_6_stimuli","5_6","Incongruent","Incongruent","Congruent","Incongruent",85.9992,86.199206,"6^",1.047741,"Correct","Correct","Correct","Correct"
"1",44,"7_8_stimuli","7_7","Congruent","Incongruent","Incongruent","Congruent",87.999186,88.199191,"7&",0.759415,"Correct","Correct","Correct","Correct"
"1",45,"1_2_stimuli","2_1","Incongruent","Congruent","Incongruent","Incongruent",89.999167,90.199172,"1!",0.503623,"Correct","Correct","Correct","Correct"
"1",46,"3_4_stimuli","3_3","Congruent","Incongruent","Congruent","Incongruent",91.999161,92.199142,"3#",0.567465,"Correct","Correct","Correct","Correct"
"1",47,"5_6_stimuli","6_6","Congruent","Congruent","Incongruent","Congruent",93.999128,94.199134,"6^",1.223654,"Correct","Correct","Correct","Correct"
"1",48,"7_8_stimuli","7_7","Congruent","Congruent","Congruent","Incongruent",95.999122,96.19912,"7&",0.679655,"Correct","Correct","Correct","Correct"
"1",49,"1_2_stimuli","2_2","Congruent","Congruent","Congruent","Congruent",97.999088,98.199094,"3#",0.615667,"Error","Correct","Correct","Correct"
"1",50,"3_4_stimuli","4_4","Congruent","Congruent","Congruent","Congruent",99.999071,100.199076,"4$",1.063586,"Correct","Error","Correct","Correct"
"1",51,"5_6_stimuli","6_5","Incongruent","Congruent","Congruent","Congruent",101.999052,102.199051,"5%",0.695572,"Correct","Correct","Error","Correct"
"1",52,"7_8_stimuli","7_8","Incongruent","Incongruent","Congruent","Congruent",103.999041,104.199038,"8*",0.952071,"Correct","Correct","Correct","Error"
"1",53,"1_2_stimuli","1_2","Incongruent","Incongruent","Incongruent","Congruent",105.999023,106.199028,"2@",0.583879,"Correct","Correct","Correct","Correct"
"1",54,"3_4_stimuli","3_4","Incongruent","Incongruent","Incongruent","Incongruent",107.999008,108.198996,"4$",1.031864,"Correct","Correct","Correct","Correct"
"1",55,"5_6_stimuli","5_6","Incongruent","Incongruent","Incongruent","Incongruent",109.998978,110.198978,"6^",0.984026,"Correct","Correct","Correct","Correct"
"1",56,"7_8_stimuli","8_7","Incongruent","Incongruent","Incongruent","Incongruent",111.998967,112.198965,"7&",0.839482,"Correct","Correct","Correct","Correct"
"1",57,"1_2_stimuli","1_2","Incongruent","Incongruent","Incongruent","Incongruent",113.998941,114.198939,"2@",0.664051,"Correct","Correct","Correct","Correct"
"1",58,"3_4_stimuli","4_4","Congruent","Incongruent","Incongruent","Incongruent",115.998928,116.198926,"4$",0.967757,"Correct","Correct","Correct","Correct"
"1",59,"5_6_stimuli","5_6","Incongruent","Congruent","Incongruent","Incongruent",117.998908,118.198912,"6^",0.904065,"Correct","Correct","Correct","Correct"
"1",60,"7_8_stimuli","8_8","Congruent","Incongruent","Congruent","Incongruent",119.99889,120.198894,"8*",0.727959,"Correct","Correct","Correct","Correct"
"1",61,"1_2_stimuli","2_2","Congruent","Congruent","Incongruent","Congruent",121.99887,122.198875,"2@",0.568068,"Correct","Correct","Correct","Correct"
"1",62,"3_4_stimuli","3_3","Congruent","Congruent","Congruent","Incongruent",123.998853,124.198857,"4$",0.328233,"Error","Correct","Correct","Correct"
"1",63,"5_6_stimuli","6_6","Congruent","Congruent","Congruent","Congruent",125.99884,126.198831,"6^",0.807575,"Correct","Error","Correct","Correct"
"1",64,"7_8_stimuli","8_8","Congruent","Congruent","Congruent","Congruent",127.998823,128.198816,"8*",0.680161,"Correct","Correct","Error","Correct"
"1",65,"1_2_stimuli","1_2","Incongruent","Congruent","Congruent","Congruent",129.998805,130.198801,"2@",0.583954,"Correct","Correct","Correct","Error"
"1",66,"3_4_stimuli","4_4","Congruent","Incongruent","Congruent","Congruent",131.998778,132.198784,"4$",1.127767,"Correct","Correct","Correct","Correct"
"1",67,"5_6_stimuli","6_5","Incongruent","Congruent","Incongruent","Congruent",133.998758,134.198758,"5%",0.712302,"Correct","Correct","Correct","Correct"
"1",68,"7_8_stimuli","7_8","Incongruent","Incongruent","Congruent","Incongruent",135.998752,136.198756,"8*",0.727826,"Correct","Correct","Correct","Correct"
"2",1,"1_2_stimuli","2_1","Incongruent",NA,NA,NA,1.99997,2.199982,"2@",0.541455,"Error",NA,NA,NA
"2",2,"3_4_stimuli","3_4","Incongruent","Incongruent",NA,NA,3.999964,4.199955,"4$",1.085626,"Correct","Error",NA,NA
"2",3,"5_6_stimuli","6_6","Congruent","Incongruent","Incongruent",NA,5.999941,6.199948,"6^",1.133676,"Correct","Correct","Error",NA
"2",4,"7_8_stimuli","7_7","Congruent","Congruent","Incongruent","Incongruent",7.99993,8.19992,"7&",0.861636,"Correct","Correct","Correct","Error"
"2",5,"1_2_stimuli","2_2","Congruent","Congruent","Congruent","Incongruent",9.9999,10.199896,"2@",0.493746,"Correct","Correct","Correct","Correct"
"2",6,"3_4_stimuli","3_3","Congruent","Congruent","Congruent","Congruent",11.999882,12.199889,"3#",0.717521,"Correct","Correct","Correct","Correct"
"2",7,"5_6_stimuli","5_6","Incongruent","Congruent","Congruent","Congruent",13.99987,14.199869,"5%",0.909608,"Error","Correct","Correct","Correct"
"2",8,"7_8_stimuli","8_8","Congruent","Incongruent","Congruent","Congruent",15.999853,16.199857,"8*",0.781419,"Correct","Error","Correct","Correct"
"2",9,"1_2_stimuli","2_2","Congruent","Congruent","Incongruent","Congruent",17.999833,18.199828,"2@",0.669887,"Correct","Correct","Error","Correct"
"2",10,"3_4_stimuli","3_3","Congruent","Congruent","Congruent","Incongruent",19.999804,20.19981,"3#",0.606047,"Correct","Correct","Correct","Error"
"2",11,"5_6_stimuli","5_5","Congruent","Congruent","Congruent","Congruent",21.999797,22.199802,"5%",0.797667,"Correct","Correct","Correct","Correct"
"2",12,"7_8_stimuli","7_7","Congruent","Congruent","Congruent","Congruent",23.999774,24.199781,"7&",0.989606,"Correct","Correct","Correct","Correct"
"2",13,"1_2_stimuli","2_1","Incongruent","Congruent","Congruent","Congruent",25.999761,26.199757,"1!",0.573382,"Correct","Correct","Correct","Correct"
"2",14,"3_4_stimuli","4_3","Incongruent","Incongruent","Congruent","Congruent",27.999734,28.199747,"3#",0.89327,"Correct","Correct","Correct","Correct"
"2",15,"5_6_stimuli","5_6","Incongruent","Incongruent","Incongruent","Congruent",29.99972,30.199727,"6^",0.717802,"Correct","Correct","Correct","Correct"
"2",16,"7_8_stimuli","8_8","Congruent","Incongruent","Incongruent","Incongruent",31.999704,32.199703,"8*",0.877491,"Correct","Correct","Correct","Correct"
"2",17,"1_2_stimuli","1_2","Incongruent","Congruent","Incongruent","Incongruent",33.999684,34.199685,"2@",0.605695,"Correct","Correct","Correct","Correct"
"2",18,"3_4_stimuli","4_4","Congruent","Incongruent","Congruent","Incongruent",35.999668,36.199666,"4$",1.165725,"Correct","Correct","Correct","Correct"
"2",19,"5_6_stimuli","6_5","Incongruent","Congruent","Incongruent","Congruent",37.999651,38.199651,"5%",0.765641,"Correct","Correct","Correct","Correct"
"2",20,"7_8_stimuli","8_7","Incongruent","Incongruent","Congruent","Incongruent",39.999635,40.199632,"7&",1.181489,"Correct","Correct","Correct","Correct"
"2",21,"1_2_stimuli","1_1","Congruent","Incongruent","Incongruent","Congruent",41.999614,42.199602,"1!",0.445536,"Correct","Correct","Correct","Correct"
"2",22,"3_4_stimuli","3_4","Incongruent","Congruent","Incongruent","Incongruent",43.99959,44.199594,"4$",0.942041,"Correct","Correct","Correct","Correct"
"2",23,"5_6_stimuli","5_5","Congruent","Incongruent","Congruent","Incongruent",45.999574,46.199567,"5%",0.606678,"Correct","Correct","Correct","Correct"
"2",24,"7_8_stimuli","7_8","Incongruent","Congruent","Incongruent","Congruent",47.999555,48.199556,"7&",1.101791,"Error","Correct","Correct","Correct"
"2",25,"1_2_stimuli","1_1","Congruent","Incongruent","Congruent","Incongruent",49.99953,50.19954,"1!",0.477785,"Correct","Error","Correct","Correct"
"2",26,"3_4_stimuli","3_4","Incongruent","Congruent","Incongruent","Congruent",51.999519,52.199519,"Omission",5000,"Omission","Correct","Error","Correct"
"2",27,"5_6_stimuli","6_5","Incongruent","Incongruent","Congruent","Incongruent",53.999501,54.1995,"5%",0.781911,"Correct","Omission","Correct","Error"
"2",28,"7_8_stimuli","7_8","Incongruent","Incongruent","Incongruent","Congruent",55.99948,56.199482,"8*",0.381611,"Correct","Correct","Omission","Correct"
"2",29,"1_2_stimuli","1_2","Incongruent","Incongruent","Incongruent","Incongruent",57.999461,58.199459,"2@",0.669549,"Correct","Correct","Correct","Omission"
"2",30,"3_4_stimuli","4_3","Incongruent","Incongruent","Incongruent","Incongruent",59.999445,60.199441,"3#",0.686133,"Correct","Correct","Correct","Correct"
"2",31,"5_6_stimuli","6_6","Congruent","Incongruent","Incongruent","Incongruent",61.999432,62.199421,"5%",0.749911,"Error","Correct","Correct","Correct"
"2",32,"7_8_stimuli","8_8","Congruent","Congruent","Incongruent","Incongruent",63.999414,64.199398,"8*",0.589808,"Correct","Error","Correct","Correct"
"2",33,"1_2_stimuli","1_2","Incongruent","Congruent","Congruent","Incongruent",65.999396,66.199386,"2@",0.638148,"Correct","Correct","Error","Correct"
"2",34,"3_4_stimuli","4_4","Congruent","Incongruent","Congruent","Congruent",67.999369,68.199377,"4$",1.165724,"Correct","Correct","Correct","Error"
"2",35,"5_6_stimuli","6_6","Congruent","Congruent","Incongruent","Congruent",69.99935,70.199351,"6^",1.357817,"Correct","Correct","Correct","Correct"
"2",36,"7_8_stimuli","7_8","Incongruent","Congruent","Congruent","Incongruent",71.999331,72.199336,"8*",1.054154,"Correct","Correct","Correct","Correct"
"2",37,"1_2_stimuli","2_2","Congruent","Incongruent","Congruent","Congruent",73.999323,74.199324,"2@",0.558123,"Correct","Correct","Correct","Correct"
"2",38,"3_4_stimuli","4_4","Congruent","Congruent","Incongruent","Congruent",75.999302,76.199294,"4$",0.909867,"Correct","Correct","Correct","Correct"
"2",39,"5_6_stimuli","5_5","Congruent","Congruent","Congruent","Incongruent",77.999285,78.199276,"5%",1.262366,"Correct","Correct","Correct","Correct"
"2",40,"7_8_stimuli","8_7","Incongruent","Congruent","Congruent","Congruent",79.999261,80.199257,"7&",1.15022,"Correct","Correct","Correct","Correct"
"2",41,"1_2_stimuli","1_2","Incongruent","Incongruent","Congruent","Congruent",81.999255,82.199242,"2@",0.60587,"Correct","Correct","Correct","Correct"
"2",42,"3_4_stimuli","4_3","Incongruent","Incongruent","Incongruent","Congruent",83.999224,84.199227,"3#",0.797686,"Correct","Correct","Correct","Correct"
"2",43,"5_6_stimuli","6_5","Incongruent","Incongruent","Incongruent","Incongruent",85.999212,86.199203,"5%",0.765869,"Correct","Correct","Correct","Correct"
"2",44,"7_8_stimuli","8_7","Incongruent","Incongruent","Incongruent","Incongruent",87.999186,88.199184,"7&",0.782259,"Correct","Correct","Correct","Correct"
"2",45,"1_2_stimuli","1_1","Congruent","Incongruent","Incongruent","Incongruent",89.999163,90.199165,"1!",0.605977,"Correct","Correct","Correct","Correct"
"2",46,"3_4_stimuli","3_3","Congruent","Congruent","Incongruent","Incongruent",91.999147,92.199147,"3#",0.73425,"Correct","Correct","Correct","Correct"
"2",47,"5_6_stimuli","5_6","Incongruent","Congruent","Congruent","Incongruent",93.999134,94.199127,"7&",1.40603,"Error","Correct","Correct","Correct"
"2",48,"7_8_stimuli","8_7","Incongruent","Incongruent","Congruent","Congruent",95.999127,96.199108,"7&",0.574272,"Correct","Error","Correct","Correct"
"2",49,"1_2_stimuli","2_1","Incongruent","Incongruent","Incongruent","Congruent",97.999097,98.199091,"1!",0.750212,"Correct","Correct","Error","Correct"
"2",50,"3_4_stimuli","3_3","Congruent","Incongruent","Incongruent","Incongruent",99.999078,100.199075,"3#",0.702354,"Correct","Correct","Correct","Error"
"2",51,"5_6_stimuli","6_5","Incongruent","Congruent","Incongruent","Incongruent",101.999058,102.199051,"6^",0.958154,"Error","Correct","Correct","Correct"
"2",52,"7_8_stimuli","7_7","Congruent","Incongruent","Congruent","Incongruent",103.999035,104.199034,"7&",0.829849,"Correct","Error","Correct","Correct"
"2",53,"1_2_stimuli","2_1","Incongruent","Congruent","Incongruent","Congruent",105.999018,106.199025,"1!",0.51036,"Correct","Correct","Error","Correct"
"2",54,"3_4_stimuli","3_4","Incongruent","Incongruent","Congruent","Incongruent",107.999006,108.198999,"3#",0.989866,"Error","Correct","Correct","Error"
"2",55,"5_6_stimuli","6_6","Congruent","Incongruent","Incongruent","Congruent",109.998991,110.198984,"6^",1.198366,"Correct","Error","Correct","Correct"
"2",56,"7_8_stimuli","7_8","Incongruent","Congruent","Incongruent","Incongruent",111.99897,112.198962,"8*",0.957847,"Correct","Correct","Error","Correct"
"2",57,"1_2_stimuli","2_1","Incongruent","Incongruent","Congruent","Incongruent",113.998947,114.198954,"1!",0.574547,"Correct","Correct","Correct","Error"
"2",58,"3_4_stimuli","4_4","Congruent","Incongruent","Incongruent","Congruent",115.998927,116.198936,"3#",1.021945,"Error","Correct","Correct","Correct"
"2",59,"5_6_stimuli","6_6","Congruent","Congruent","Incongruent","Incongruent",117.998906,118.198908,"6^",1.022427,"Correct","Error","Correct","Correct"
"2",60,"7_8_stimuli","8_8","Congruent","Congruent","Congruent","Incongruent",119.998898,120.198889,"7&",1.006246,"Error","Correct","Error","Correct"
"2",61,"1_2_stimuli","2_2","Congruent","Congruent","Congruent","Congruent",121.998883,122.198874,"3#",0.638443,"Error","Error","Correct","Error"
"2",62,"3_4_stimuli","4_3","Incongruent","Congruent","Congruent","Congruent",123.998851,124.198856,"3#",0.686422,"Correct","Error","Error","Correct"
"2",63,"5_6_stimuli","5_6","Incongruent","Incongruent","Congruent","Congruent",125.998847,126.198841,"Omission",5000,"Omission","Correct","Error","Error"
"2",64,"7_8_stimuli","7_7","Congruent","Incongruent","Incongruent","Congruent",127.998819,128.198824,"7&",0.606687,"Correct","Omission","Correct","Error"
"2",65,"1_2_stimuli","1_1","Congruent","Congruent","Incongruent","Incongruent",129.998804,130.198814,"1!",0.398588,"Correct","Correct","Omission","Correct"
"2",66,"3_4_stimuli","3_4","Incongruent","Congruent","Congruent","Incongruent",131.998781,132.198784,"3#",0.766303,"Error","Correct","Correct","Omission"
"2",67,"5_6_stimuli","5_5","Congruent","Incongruent","Congruent","Congruent",133.998765,134.198767,"5%",0.79828,"Correct","Error","Correct","Correct"
"2",68,"7_8_stimuli","7_7","Congruent","Congruent","Incongruent","Congruent",135.998741,136.198742,"7&",1.390119,"Correct","Correct","Error","Correct"
"3",1,"1_2_stimuli","2_2","Congruent",NA,NA,NA,1.999983,2.199994,"2@",0.63418,"Correct",NA,NA,NA
"3",2,"3_4_stimuli","3_3","Congruent","Congruent",NA,NA,3.999979,4.19997,"3#",0.729978,"Correct","Correct",NA,NA
"3",3,"5_6_stimuli","6_6","Congruent","Congruent","Congruent",NA,5.999944,6.199949,"5%",1.017624,"Error","Correct","Correct",NA
"3",4,"7_8_stimuli","8_7","Incongruent","Congruent","Congruent","Congruent",7.999942,8.199937,"7&",0.617956,"Correct","Error","Correct","Correct"
"3",5,"1_2_stimuli","2_2","Congruent","Incongruent","Congruent","Congruent",9.999923,10.199919,"3#",0.793877,"Error","Correct","Error","Correct"
"3",6,"3_4_stimuli","4_3","Incongruent","Congruent","Incongruent","Congruent",11.999897,12.199893,"3#",0.585881,"Correct","Error","Correct","Error"
"3",7,"5_6_stimuli","5_6","Incongruent","Incongruent","Congruent","Incongruent",13.999876,14.199872,"6^",0.58562,"Correct","Correct","Error","Correct"
"3",8,"7_8_stimuli","7_7","Congruent","Incongruent","Incongruent","Congruent",15.999862,16.199857,"7&",0.489916,"Correct","Correct","Correct","Error"
"3",9,"1_2_stimuli","1_1","Congruent","Congruent","Incongruent","Incongruent",17.999839,18.19984,"1!",0.537838,"Correct","Correct","Correct","Correct"
"3",10,"3_4_stimuli","4_4","Congruent","Congruent","Congruent","Incongruent",19.999821,20.199818,"4$",1.098091,"Correct","Correct","Correct","Correct"
"3",11,"5_6_stimuli","6_5","Incongruent","Congruent","Congruent","Congruent",21.999803,22.199799,"5%",0.682196,"Correct","Correct","Correct","Correct"
"3",12,"7_8_stimuli","7_8","Incongruent","Incongruent","Congruent","Congruent",23.999785,24.199783,"8*",0.601527,"Correct","Correct","Correct","Correct"
"3",13,"1_2_stimuli","1_2","Incongruent","Incongruent","Incongruent","Congruent",25.999768,26.199771,"2@",0.586226,"Correct","Correct","Correct","Correct"
"3",14,"3_4_stimuli","4_4","Congruent","Incongruent","Incongruent","Incongruent",27.999752,28.199732,"4$",0.665876,"Correct","Correct","Correct","Correct"
"3",15,"5_6_stimuli","6_6","Congruent","Congruent","Incongruent","Incongruent",29.999723,30.199726,"6^",1.018205,"Correct","Correct","Correct","Correct"
"3",16,"7_8_stimuli","7_7","Congruent","Congruent","Congruent","Incongruent",31.99971,32.19972,"7&",0.410108,"Correct","Correct","Correct","Correct"
"3",17,"1_2_stimuli","1_2","Incongruent","Congruent","Congruent","Congruent",33.9997,34.199695,"2@",0.601898,"Correct","Correct","Correct","Correct"
"3",18,"3_4_stimuli","3_4","Incongruent","Incongruent","Congruent","Congruent",35.999679,36.199674,"4$",0.746304,"Correct","Correct","Correct","Correct"
"3",19,"5_6_stimuli","5_5","Congruent","Incongruent","Incongruent","Congruent",37.999658,38.199657,"Omission",5000,"Omission","Correct","Correct","Correct"
"3",20,"7_8_stimuli","7_8","Incongruent","Congruent","Incongruent","Incongruent",39.999649,40.199641,"8*",0.938263,"Correct","Omission","Correct","Correct"
"3",21,"1_2_stimuli","1_1","Congruent","Incongruent","Congruent","Incongruent",41.999619,42.199618,"1!",0.442001,"Correct","Correct","Omission","Correct"
"3",22,"3_4_stimuli","4_4","Congruent","Congruent","Incongruent","Congruent",43.999605,44.199607,"4$",0.746238,"Correct","Correct","Correct","Omission"
"3",23,"5_6_stimuli","5_5","Congruent","Congruent","Congruent","Incongruent",45.999583,46.199584,"5%",0.826288,"Correct","Correct","Correct","Correct"
"3",24,"7_8_stimuli","8_7","Incongruent","Congruent","Congruent","Congruent",47.999556,48.199575,"7&",0.554033,"Correct","Correct","Correct","Correct"
"3",25,"1_2_stimuli","2_1","Incongruent","Incongruent","Congruent","Congruent",49.999547,50.199542,"1!",0.425841,"Correct","Correct","Correct","Correct"
"3",26,"3_4_stimuli","4_3","Incongruent","Incongruent","Incongruent","Congruent",51.999533,52.199528,"3#",0.602675,"Correct","Correct","Correct","Correct"
"3",27,"5_6_stimuli","5_6","Incongruent","Incongruent","Incongruent","Incongruent",53.999522,54.199508,"6^",0.874358,"Correct","Correct","Correct","Correct"
"3",28,"7_8_stimuli","8_8","Congruent","Incongruent","Incongruent","Incongruent",55.999492,56.199497,"8*",0.698097,"Correct","Correct","Correct","Correct"
"3",29,"1_2_stimuli","2_1","Incongruent","Congruent","Incongruent","Incongruent",57.99947,58.19946,"1!",0.538585,"Correct","Correct","Correct","Correct"
"3",30,"3_4_stimuli","4_3","Incongruent","Incongruent","Congruent","Incongruent",59.999457,60.199454,"3#",0.570212,"Correct","Correct","Correct","Correct"
"3",31,"5_6_stimuli","6_5","Incongruent","Incongruent","Incongruent","Congruent",61.999434,62.199435,"Omission",5000,"Omission","Correct","Correct","Correct"
"3",32,"7_8_stimuli","7_8","Incongruent","Incongruent","Incongruent","Incongruent",63.999426,64.199416,"8*",1.08257,"Correct","Omission","Correct","Correct"
"3",33,"1_2_stimuli","2_1","Incongruent","Incongruent","Incongruent","Incongruent",65.999401,66.199407,"1!",0.458419,"Correct","Correct","Omission","Correct"
"3",34,"3_4_stimuli","3_4","Incongruent","Incongruent","Incongruent","Incongruent",67.999376,68.199385,"3#",1.146496,"Error","Correct","Correct","Omission"
"3",35,"5_6_stimuli","6_6","Congruent","Incongruent","Incongruent","Incongruent",69.999367,70.199355,"Omission",5000,"Omission","Error","Correct","Correct"
"3",36,"7_8_stimuli","7_7","Congruent","Congruent","Incongruent","Incongruent",71.999356,72.199344,"7&",0.826177,"Correct","Omission","Error","Correct"
"3",37,"1_2_stimuli","2_2","Congruent","Congruent","Congruent","Incongruent",73.99934,74.199333,"3#",0.506137,"Error","Correct","Omission","Error"
"3",38,"3_4_stimuli","3_3","Congruent","Congruent","Congruent","Congruent",75.999309,76.199312,"3#",0.874514,"Correct","Error","Correct","Omission"
"3",39,"5_6_stimuli","5_5","Congruent","Congruent","Congruent","Congruent",77.999301,78.199282,"5%",0.938505,"Correct","Correct","Error","Correct"
"3",40,"7_8_stimuli","8_8","Congruent","Congruent","Congruent","Congruent",79.999276,80.199263,"8*",0.714545,"Correct","Correct","Correct","Error"
"3",41,"1_2_stimuli","2_2","Congruent","Congruent","Congruent","Congruent",81.999253,82.199254,"2@",0.570835,"Correct","Correct","Correct","Correct"
"3",42,"3_4_stimuli","4_3","Incongruent","Congruent","Congruent","Congruent",83.999256,84.19923,"3#",0.810528,"Correct","Correct","Correct","Correct"
"3",43,"5_6_stimuli","6_5","Incongruent","Incongruent","Congruent","Congruent",85.999215,86.199209,"5%",0.842344,"Correct","Correct","Correct","Correct"
"3",44,"7_8_stimuli","7_8","Incongruent","Incongruent","Incongruent","Congruent",87.999195,88.199197,"Omission",5000,"Omission","Correct","Correct","Correct"
"3",45,"1_2_stimuli","2_2","Congruent","Incongruent","Incongruent","Incongruent",89.999182,90.199199,"2@",0.682577,"Correct","Omission","Correct","Correct"
"3",46,"3_4_stimuli","4_4","Congruent","Congruent","Incongruent","Incongruent",91.999162,92.199161,"4$",0.826777,"Correct","Correct","Omission","Correct"
"3",47,"5_6_stimuli","6_5","Incongruent","Congruent","Congruent","Incongruent",93.999148,94.199144,"5%",0.906443,"Correct","Correct","Correct","Omission"
"3",48,"7_8_stimuli","7_7","Congruent","Incongruent","Congruent","Congruent",95.999124,96.199118,"7&",0.874445,"Correct","Correct","Correct","Correct"
"3",49,"1_2_stimuli","1_1","Congruent","Congruent","Incongruent","Congruent",97.99911,98.199117,"1!",0.522578,"Correct","Correct","Correct","Correct"
"3",50,"3_4_stimuli","3_4","Incongruent","Congruent","Congruent","Incongruent",99.999088,100.199086,"4$",0.858706,"Correct","Correct","Correct","Correct"
"3",51,"5_6_stimuli","6_6","Congruent","Incongruent","Congruent","Congruent",101.999071,102.199067,"6^",1.082643,"Correct","Correct","Correct","Correct"
"3",52,"7_8_stimuli","8_7","Incongruent","Congruent","Incongruent","Congruent",103.99907,104.199054,"7&",0.746225,"Correct","Correct","Correct","Correct"
"3",53,"1_2_stimuli","2_1","Incongruent","Incongruent","Congruent","Incongruent",105.999033,106.199034,"1!",0.506569,"Correct","Correct","Correct","Correct"
"3",54,"3_4_stimuli","3_3","Congruent","Incongruent","Incongruent","Congruent",107.999016,108.199019,"3#",0.634548,"Correct","Correct","Correct","Correct"
"3",55,"5_6_stimuli","5_6","Incongruent","Congruent","Incongruent","Incongruent",109.998992,110.198995,"6^",1.034556,"Correct","Correct","Correct","Correct"
"3",56,"7_8_stimuli","8_8","Congruent","Incongruent","Congruent","Incongruent",111.998984,112.198971,"8*",0.57084,"Correct","Correct","Correct","Correct"
"3",57,"1_2_stimuli","1_2","Incongruent","Congruent","Incongruent","Congruent",113.998957,114.198957,"2@",0.570542,"Correct","Correct","Correct","Correct"
"3",58,"3_4_stimuli","3_3","Congruent","Incongruent","Congruent","Incongruent",115.99894,116.198947,"3#",0.698328,"Correct","Correct","Correct","Correct"
"3",59,"5_6_stimuli","5_6","Incongruent","Congruent","Incongruent","Congruent",117.998924,118.198919,"6^",0.923007,"Correct","Correct","Correct","Correct"
"3",60,"7_8_stimuli","8_7","Incongruent","Incongruent","Congruent","Incongruent",119.998903,120.1989,"7&",0.570688,"Correct","Correct","Correct","Correct"
"3",61,"1_2_stimuli","1_1","Congruent","Incongruent","Incongruent","Congruent",121.998885,122.198889,"1!",0.554704,"Correct","Correct","Correct","Correct"
"3",62,"3_4_stimuli","3_4","Incongruent","Congruent","Incongruent","Incongruent",123.998866,124.198867,"3#",0.906781,"Error","Correct","Correct","Correct"
"3",63,"5_6_stimuli","6_6","Congruent","Incongruent","Congruent","Incongruent",125.998852,126.198846,"6^",0.939016,"Correct","Error","Correct","Correct"
"3",64,"7_8_stimuli","8_8","Congruent","Congruent","Incongruent","Congruent",127.998832,128.198834,"8*",0.682667,"Correct","Correct","Error","Correct"
"3",65,"1_2_stimuli","1_2","Incongruent","Congruent","Congruent","Incongruent",129.998819,130.198809,"2@",0.650898,"Correct","Correct","Correct","Error"
"3",66,"3_4_stimuli","3_3","Congruent","Incongruent","Congruent","Congruent",131.998792,132.198802,"3#",1.066699,"Correct","Correct","Correct","Correct"
"3",67,"5_6_stimuli","5_5","Congruent","Congruent","Incongruent","Congruent",133.998773,134.198768,"5%",1.003269,"Correct","Correct","Correct","Correct"
"3",68,"7_8_stimuli","8_7","Incongruent","Congruent","Congruent","Incongruent",135.998756,136.198759,"6^",0.52308,"Error","Correct","Correct","Correct"
"4",1,"1_2_stimuli","2_2","Congruent",NA,NA,NA,1.999983,2.19999,"2@",0.736179,"Correct",NA,NA,NA
"4",2,"3_4_stimuli","4_3","Incongruent","Congruent",NA,NA,3.999967,4.199968,"3#",0.704298,"Correct","Correct",NA,NA
"4",3,"5_6_stimuli","5_6","Incongruent","Incongruent","Congruent",NA,5.999949,6.199944,"6^",1.040187,"Correct","Correct","Correct",NA
"4",4,"7_8_stimuli","8_8","Congruent","Incongruent","Incongruent","Congruent",7.999924,8.199932,"8*",0.624245,"Correct","Correct","Correct","Correct"
"4",5,"1_2_stimuli","1_2","Incongruent","Congruent","Incongruent","Incongruent",9.999902,10.19991,"2@",0.480457,"Correct","Correct","Correct","Correct"
"4",6,"3_4_stimuli","3_3","Congruent","Incongruent","Congruent","Incongruent",11.999891,12.199888,"3#",0.400364,"Correct","Correct","Correct","Correct"
"4",7,"5_6_stimuli","5_5","Congruent","Congruent","Incongruent","Congruent",13.999878,14.199878,"5%",0.768275,"Correct","Correct","Correct","Correct"
"4",8,"7_8_stimuli","7_8","Incongruent","Congruent","Congruent","Incongruent",15.999848,16.199863,"8*",0.736123,"Correct","Correct","Correct","Correct"
"4",9,"1_2_stimuli","1_1","Congruent","Incongruent","Congruent","Congruent",17.99984,18.199829,"2@",0.52839,"Error","Correct","Correct","Correct"
"4",10,"3_4_stimuli","3_3","Congruent","Congruent","Incongruent","Congruent",19.999816,20.199812,"3#",0.576369,"Correct","Error","Correct","Correct"
"4",11,"5_6_stimuli","5_5","Congruent","Congruent","Congruent","Incongruent",21.999793,22.199798,"5%",0.832651,"Correct","Correct","Error","Correct"
"4",12,"7_8_stimuli","7_7","Congruent","Congruent","Congruent","Congruent",23.99979,24.199779,"6^",0.672802,"Error","Correct","Correct","Error"
"4",13,"1_2_stimuli","2_2","Congruent","Congruent","Congruent","Congruent",25.999765,26.199767,"2@",0.512138,"Correct","Error","Correct","Correct"
"4",14,"3_4_stimuli","4_4","Congruent","Congruent","Congruent","Congruent",27.999744,28.199747,"3#",1.104402,"Error","Correct","Error","Correct"
"4",15,"5_6_stimuli","5_6","Incongruent","Congruent","Congruent","Congruent",29.999736,30.199723,"6^",1.10436,"Correct","Error","Correct","Error"
"4",16,"7_8_stimuli","8_7","Incongruent","Incongruent","Congruent","Congruent",31.999708,32.199713,"7&",0.720418,"Correct","Correct","Error","Correct"
"4",17,"1_2_stimuli","2_1","Incongruent","Incongruent","Incongruent","Congruent",33.999683,34.199692,"1!",0.592405,"Correct","Correct","Correct","Error"
"4",18,"3_4_stimuli","4_4","Congruent","Incongruent","Incongruent","Incongruent",35.999666,36.199662,"4$",1.008454,"Correct","Correct","Correct","Correct"
"4",19,"5_6_stimuli","6_5","Incongruent","Congruent","Incongruent","Incongruent",37.999658,38.19965,"5%",0.784526,"Correct","Correct","Correct","Correct"
"4",20,"7_8_stimuli","8_8","Congruent","Incongruent","Congruent","Incongruent",39.999633,40.199641,"8*",0.736937,"Correct","Correct","Correct","Correct"
"4",21,"1_2_stimuli","1_2","Incongruent","Congruent","Incongruent","Congruent",41.99962,42.199616,"2@",0.560641,"Correct","Correct","Correct","Correct"
"4",22,"3_4_stimuli","4_3","Incongruent","Incongruent","Congruent","Incongruent",43.999603,44.199603,"3#",0.6888,"Correct","Correct","Correct","Correct"
"4",23,"5_6_stimuli","5_6","Incongruent","Incongruent","Incongruent","Congruent",45.999583,46.199586,"5%",0.736653,"Error","Correct","Correct","Correct"
"4",24,"7_8_stimuli","8_7","Incongruent","Incongruent","Incongruent","Incongruent",47.999559,48.199561,"7&",0.896769,"Correct","Error","Correct","Correct"
"4",25,"1_2_stimuli","1_1","Congruent","Incongruent","Incongruent","Incongruent",49.999545,50.19955,"1!",0.465069,"Correct","Correct","Error","Correct"
"4",26,"3_4_stimuli","3_3","Congruent","Congruent","Incongruent","Incongruent",51.999531,52.199531,"3#",0.928702,"Correct","Correct","Correct","Error"
"4",27,"5_6_stimuli","6_5","Incongruent","Congruent","Congruent","Incongruent",53.999514,54.199505,"5%",1.088544,"Correct","Correct","Correct","Correct"
"4",28,"7_8_stimuli","7_7","Congruent","Incongruent","Congruent","Congruent",55.999487,56.199478,"7&",0.944329,"Correct","Correct","Correct","Correct"
"4",29,"1_2_stimuli","2_2","Congruent","Congruent","Incongruent","Congruent",57.99947,58.19946,"2@",0.592725,"Correct","Correct","Correct","Correct"
"4",30,"3_4_stimuli","3_3","Congruent","Congruent","Congruent","Incongruent",59.999449,60.199449,"3#",0.592686,"Correct","Correct","Correct","Correct"
"4",31,"5_6_stimuli","6_6","Congruent","Congruent","Congruent","Congruent",61.999431,62.199436,"6^",1.136621,"Correct","Correct","Correct","Correct"
"4",32,"7_8_stimuli","7_8","Incongruent","Congruent","Congruent","Congruent",63.999411,64.199422,"8*",0.545035,"Correct","Correct","Correct","Correct"
"4",33,"1_2_stimuli","1_2","Incongruent","Incongruent","Congruent","Congruent",65.999402,66.199392,"2@",0.640872,"Correct","Correct","Correct","Correct"
"4",34,"3_4_stimuli","3_4","Incongruent","Incongruent","Incongruent","Congruent",67.999374,68.199383,"3#",0.752687,"Error","Correct","Correct","Correct"
"4",35,"5_6_stimuli","5_5","Congruent","Incongruent","Incongruent","Incongruent",69.999358,70.199363,"5%",0.608634,"Correct","Error","Correct","Correct"
"4",36,"7_8_stimuli","7_7","Congruent","Congruent","Incongruent","Incongruent",71.999348,72.199334,"7&",1.201128,"Correct","Correct","Error","Correct"
"4",37,"1_2_stimuli","1_1","Congruent","Congruent","Congruent","Incongruent",73.999324,74.199322,"1!",0.656969,"Correct","Correct","Correct","Error"
"4",38,"3_4_stimuli","4_3","Incongruent","Congruent","Congruent","Congruent",75.999312,76.199296,"3#",1.136692,"Correct","Correct","Correct","Correct"
"4",39,"5_6_stimuli","6_6","Congruent","Incongruent","Congruent","Congruent",77.999283,78.199276,"5%",0.928939,"Error","Correct","Correct","Correct"
"4",40,"7_8_stimuli","7_8","Incongruent","Congruent","Incongruent","Congruent",79.999273,80.199261,"8*",0.929293,"Correct","Error","Correct","Correct"
"4",41,"1_2_stimuli","1_2","Incongruent","Incongruent","Congruent","Incongruent",81.999257,82.19924,"2@",0.625029,"Correct","Correct","Error","Correct"
"4",42,"3_4_stimuli","4_4","Congruent","Incongruent","Incongruent","Congruent",83.999226,84.19923,"4$",1.152827,"Correct","Correct","Correct","Error"
"4",43,"5_6_stimuli","6_6","Congruent","Congruent","Incongruent","Incongruent",85.999207,86.199208,"6^",1.104782,"Correct","Correct","Correct","Correct"
"4",44,"7_8_stimuli","8_8","Congruent","Congruent","Congruent","Incongruent",87.999189,88.199191,"8*",0.545416,"Correct","Correct","Correct","Correct"
"4",45,"1_2_stimuli","2_1","Incongruent","Congruent","Congruent","Congruent",89.999174,90.199173,"1!",0.529269,"Correct","Correct","Correct","Correct"
"4",46,"3_4_stimuli","4_4","Congruent","Incongruent","Congruent","Congruent",91.999149,92.19915,"4$",0.736964,"Correct","Correct","Correct","Correct"
"4",47,"5_6_stimuli","5_6","Incongruent","Congruent","Incongruent","Congruent",93.999142,94.199139,"6^",1.02516,"Correct","Correct","Correct","Correct"
"4",48,"7_8_stimuli","8_7","Incongruent","Incongruent","Congruent","Incongruent",95.999124,96.199116,"7&",0.65717,"Correct","Correct","Correct","Correct"
"4",49,"1_2_stimuli","2_2","Congruent","Incongruent","Incongruent","Congruent",97.999094,98.199097,"2@",0.512655,"Correct","Correct","Correct","Correct"
"4",50,"3_4_stimuli","3_4","Incongruent","Congruent","Incongruent","Incongruent",99.999078,100.199081,"3#",1.121374,"Error","Correct","Correct","Correct"
"4",51,"5_6_stimuli","6_6","Congruent","Incongruent","Congruent","Incongruent",101.99906,102.199068,"6^",1.073146,"Correct","Error","Correct","Correct"
"4",52,"7_8_stimuli","8_8","Congruent","Congruent","Incongruent","Congruent",103.999046,104.199053,"8*",0.737273,"Correct","Correct","Error","Correct"
"4",53,"1_2_stimuli","2_1","Incongruent","Congruent","Congruent","Incongruent",105.99903,106.199033,"1!",0.481235,"Correct","Correct","Correct","Error"
"4",54,"3_4_stimuli","4_3","Incongruent","Incongruent","Congruent","Congruent",107.999007,108.199009,"3#",0.705298,"Correct","Correct","Correct","Correct"
"4",55,"5_6_stimuli","5_5","Congruent","Incongruent","Incongruent","Congruent",109.998992,110.198983,"5%",0.33717,"Correct","Correct","Correct","Correct"
"4",56,"7_8_stimuli","7_8","Incongruent","Congruent","Incongruent","Incongruent",111.998969,112.198975,"8*",0.512952,"Correct","Correct","Correct","Correct"
"4",57,"1_2_stimuli","1_1","Congruent","Incongruent","Congruent","Incongruent",113.998959,114.198956,"1!",0.545411,"Correct","Correct","Correct","Correct"
"4",58,"3_4_stimuli","3_4","Incongruent","Congruent","Incongruent","Congruent",115.998932,116.198933,"3#",0.609242,"Error","Correct","Correct","Correct"
"4",59,"5_6_stimuli","5_6","Incongruent","Incongruent","Congruent","Incongruent",117.998912,118.198901,"6^",0.848865,"Correct","Error","Correct","Correct"
"4",60,"7_8_stimuli","7_7","Congruent","Incongruent","Incongruent","Congruent",119.998894,120.198895,"6^",1.264869,"Error","Correct","Error","Correct"
"4",61,"1_2_stimuli","2_2","Congruent","Congruent","Incongruent","Incongruent",121.998884,122.19888,"2@",0.561516,"Correct","Error","Correct","Error"
"4",62,"3_4_stimuli","3_4","Incongruent","Congruent","Congruent","Incongruent",123.998866,124.198863,"4$",1.329232,"Correct","Correct","Error","Correct"
"4",63,"5_6_stimuli","6_5","Incongruent","Incongruent","Congruent","Congruent",125.99884,126.19884,"5%",0.833135,"Correct","Correct","Correct","Error"
"4",64,"7_8_stimuli","8_7","Incongruent","Incongruent","Incongruent","Congruent",127.99883,128.19882,"7&",0.705362,"Correct","Correct","Correct","Correct"
"4",65,"1_2_stimuli","2_1","Incongruent","Incongruent","Incongruent","Incongruent",129.998813,130.1988,"1!",0.513466,"Correct","Correct","Correct","Correct"
"4",66,"3_4_stimuli","4_3","Incongruent","Incongruent","Incongruent","Incongruent",131.998786,132.19879,"3#",0.561531,"Correct","Correct","Correct","Correct"
"4",67,"5_6_stimuli","6_5","Incongruent","Incongruent","Incongruent","Incongruent",133.998775,134.198764,"Omission",5000,"Omission","Correct","Correct","Correct"
"4",68,"7_8_stimuli","8_8","Congruent","Incongruent","Incongruent","Incongruent",135.998747,136.198751,"8*",0.561578,"Correct","Omission","Correct","Correct"
"5",1,"1_2_stimuli","2_1","Incongruent",NA,NA,NA,1.999985,2.199977,"1!",0.417313,"Correct",NA,NA,NA
"5",2,"3_4_stimuli","4_3","Incongruent","Incongruent",NA,NA,3.999969,4.199957,"3#",0.753427,"Correct","Correct",NA,NA
"5",3,"5_6_stimuli","5_6","Incongruent","Incongruent","Incongruent",NA,5.999955,6.199949,"6^",1.089531,"Correct","Correct","Correct",NA
"5",4,"7_8_stimuli","8_8","Congruent","Incongruent","Incongruent","Incongruent",7.999935,8.199928,"8*",0.561275,"Correct","Correct","Correct","Correct"
"5",5,"1_2_stimuli","1_2","Incongruent","Congruent","Incongruent","Incongruent",9.999917,10.199911,"2@",0.56127,"Correct","Correct","Correct","Correct"
"5",6,"3_4_stimuli","3_3","Congruent","Incongruent","Congruent","Incongruent",11.999889,12.199896,"3#",0.609397,"Correct","Correct","Correct","Correct"
"5",7,"5_6_stimuli","6_6","Congruent","Congruent","Incongruent","Congruent",13.999875,14.199864,"6^",0.817882,"Correct","Correct","Correct","Correct"
"5",8,"7_8_stimuli","8_8","Congruent","Congruent","Congruent","Incongruent",15.999857,16.199855,"8*",0.657454,"Correct","Correct","Correct","Correct"
"5",9,"1_2_stimuli","2_2","Congruent","Congruent","Congruent","Congruent",17.999835,18.199842,"2@",0.641794,"Correct","Correct","Correct","Correct"
"5",10,"3_4_stimuli","4_3","Incongruent","Congruent","Congruent","Congruent",19.999817,20.199817,"3#",0.625713,"Correct","Correct","Correct","Correct"
"5",11,"5_6_stimuli","5_5","Congruent","Incongruent","Congruent","Congruent",21.999792,22.199798,"5%",0.961945,"Correct","Correct","Correct","Correct"
"5",12,"7_8_stimuli","7_7","Congruent","Congruent","Incongruent","Congruent",23.999791,24.199774,"7&",0.817509,"Correct","Correct","Correct","Correct"
"5",13,"1_2_stimuli","2_1","Incongruent","Congruent","Congruent","Incongruent",25.999762,26.199759,"1!",0.593973,"Correct","Correct","Correct","Correct"
"5",14,"3_4_stimuli","4_4","Congruent","Incongruent","Congruent","Congruent",27.999748,28.199753,"4$",0.657595,"Correct","Correct","Correct","Correct"
"5",15,"5_6_stimuli","6_5","Incongruent","Congruent","Incongruent","Congruent",29.999724,30.199729,"5%",0.60963,"Correct","Correct","Correct","Correct"
"5",16,"7_8_stimuli","8_7","Incongruent","Incongruent","Congruent","Incongruent",31.999716,32.199708,"7&",0.625911,"Correct","Correct","Correct","Correct"
"5",17,"1_2_stimuli","2_2","Congruent","Incongruent","Incongruent","Congruent",33.999694,34.199694,"2@",0.417805,"Correct","Correct","Correct","Correct"
"5",18,"3_4_stimuli","3_3","Congruent","Congruent","Incongruent","Incongruent",35.999669,36.199677,"3#",0.609459,"Correct","Correct","Correct","Correct"
"5",19,"5_6_stimuli","6_6","Congruent","Congruent","Congruent","Incongruent",37.999651,38.199651,"5%",0.641976,"Error","Correct","Correct","Correct"
"5",20,"7_8_stimuli","8_8","Congruent","Congruent","Congruent","Congruent",39.999638,40.199633,"Omission",5000,"Omission","Error","Correct","Correct"
"5",21,"1_2_stimuli","1_2","Incongruent","Congruent","Congruent","Congruent",41.999626,42.199619,"2@",1.009586,"Correct","Omission","Error","Correct"
"5",22,"3_4_stimuli","3_4","Incongruent","Incongruent","Congruent","Congruent",43.9996,44.199603,"4$",0.689715,"Correct","Correct","Omission","Error"
"5",23,"5_6_stimuli","5_6","Incongruent","Incongruent","Incongruent","Congruent",45.999582,46.199579,"6^",1.073878,"Correct","Correct","Correct","Omission"
"5",24,"7_8_stimuli","7_8","Incongruent","Incongruent","Incongruent","Incongruent",47.999573,48.199571,"8*",0.609383,"Correct","Correct","Correct","Correct"
"5",25,"1_2_stimuli","2_2","Congruent","Incongruent","Incongruent","Incongruent",49.999537,50.199549,"2@",0.593947,"Correct","Correct","Correct","Correct"
"5",26,"3_4_stimuli","4_3","Incongruent","Congruent","Incongruent","Incongruent",51.999525,52.199518,"3#",0.850211,"Correct","Correct","Correct","Correct"
"5",27,"5_6_stimuli","5_6","Incongruent","Incongruent","Congruent","Incongruent",53.999513,54.199513,"6^",0.834087,"Correct","Correct","Correct","Correct"
"5",28,"7_8_stimuli","7_7","Congruent","Incongruent","Incongruent","Congruent",55.999485,56.199487,"7&",0.673594,"Correct","Correct","Correct","Correct"
"5",29,"1_2_stimuli","1_1","Congruent","Congruent","Incongruent","Incongruent",57.999474,58.199477,"1!",0.529735,"Correct","Correct","Correct","Correct"
"5",30,"3_4_stimuli","4_4","Congruent","Congruent","Congruent","Incongruent",59.999448,60.199449,"4$",0.786062,"Correct","Correct","Correct","Correct"
"5",31,"5_6_stimuli","5_5","Congruent","Congruent","Congruent","Congruent",61.999433,62.199434,"5%",0.866125,"Correct","Correct","Correct","Correct"
"5",32,"7_8_stimuli","8_7","Incongruent","Congruent","Congruent","Congruent",63.999424,64.199413,"7&",0.673968,"Correct","Correct","Correct","Correct"
"5",33,"1_2_stimuli","2_1","Incongruent","Incongruent","Congruent","Congruent",65.9994,66.199389,"2@",0.4977,"Error","Correct","Correct","Correct"
"5",34,"3_4_stimuli","3_4","Incongruent","Incongruent","Incongruent","Congruent",67.999384,68.199383,"4$",0.626066,"Correct","Error","Correct","Correct"
"5",35,"5_6_stimuli","6_6","Congruent","Incongruent","Incongruent","Incongruent",69.999361,70.199362,"6^",0.929805,"Correct","Correct","Error","Correct"
"5",36,"7_8_stimuli","8_7","Incongruent","Congruent","Incongruent","Incongruent",71.999353,72.199334,"7&",0.41842,"Correct","Correct","Correct","Error"
"5",37,"1_2_stimuli","1_2","Incongruent","Incongruent","Congruent","Incongruent",73.999318,74.199317,"3#",0.610058,"Error","Correct","Correct","Correct"
"5",38,"3_4_stimuli","3_3","Congruent","Incongruent","Incongruent","Congruent",75.999306,76.199302,"3#",0.626275,"Correct","Error","Correct","Correct"
"5",39,"5_6_stimuli","6_5","Incongruent","Congruent","Incongruent","Incongruent",77.999282,78.199278,"5%",0.705768,"Correct","Correct","Error","Correct"
"5",40,"7_8_stimuli","8_8","Congruent","Incongruent","Congruent","Incongruent",79.99927,80.199269,"8*",0.769939,"Correct","Correct","Correct","Error"
"5",41,"1_2_stimuli","1_2","Incongruent","Congruent","Incongruent","Congruent",81.999248,82.199243,"2@",0.594049,"Correct","Correct","Correct","Correct"
"5",42,"3_4_stimuli","3_4","Incongruent","Incongruent","Congruent","Incongruent",83.999234,84.199224,"4$",0.913941,"Correct","Correct","Correct","Correct"
"5",43,"5_6_stimuli","5_5","Congruent","Incongruent","Incongruent","Congruent",85.999208,86.199205,"5%",0.818437,"Correct","Correct","Correct","Correct"
"5",44,"7_8_stimuli","7_7","Congruent","Congruent","Incongruent","Incongruent",87.999194,88.199193,"7&",0.977977,"Correct","Correct","Correct","Correct"
"5",45,"1_2_stimuli","2_2","Congruent","Congruent","Congruent","Incongruent",89.999184,90.199183,"2@",0.578472,"Correct","Correct","Correct","Correct"
"5",46,"3_4_stimuli","4_4","Congruent","Congruent","Congruent","Congruent",91.999154,92.199158,"4$",0.78593,"Correct","Correct","Correct","Correct"
"5",47,"5_6_stimuli","5_6","Incongruent","Congruent","Congruent","Congruent",93.999138,94.199131,"6^",0.754488,"Correct","Correct","Correct","Correct"
"5",48,"7_8_stimuli","8_8","Congruent","Incongruent","Congruent","Congruent",95.999123,96.199123,"8*",1.281982,"Correct","Correct","Correct","Correct"
"5",49,"1_2_stimuli","1_1","Congruent","Congruent","Incongruent","Congruent",97.999103,98.199101,"1!",0.674013,"Correct","Correct","Correct","Correct"
"5",50,"3_4_stimuli","4_3","Incongruent","Congruent","Congruent","Incongruent",99.999086,100.199082,"Omission",5000,"Omission","Correct","Correct","Correct"
"5",51,"5_6_stimuli","6_5","Incongruent","Incongruent","Congruent","Congruent",101.999063,102.199059,"6^",0.706219,"Error","Omission","Correct","Correct"
"5",52,"7_8_stimuli","7_8","Incongruent","Incongruent","Incongruent","Congruent",103.999044,104.199049,"8*",0.594142,"Correct","Error","Omission","Correct"
"5",53,"1_2_stimuli","2_1","Incongruent","Incongruent","Incongruent","Incongruent",105.999032,106.199035,"1!",0.626395,"Correct","Correct","Error","Omission"
"5",54,"3_4_stimuli","4_4","Congruent","Incongruent","Incongruent","Incongruent",107.999011,108.199017,"4$",1.010136,"Correct","Correct","Correct","Error"
"5",55,"5_6_stimuli","6_6","Congruent","Congruent","Incongruent","Incongruent",109.998988,110.198987,"6^",1.186484,"Correct","Correct","Correct","Correct"
"5",56,"7_8_stimuli","7_8","Incongruent","Congruent","Congruent","Incongruent",111.998979,112.198973,"8*",1.266305,"Correct","Correct","Correct","Correct"
"5",57,"1_2_stimuli","1_1","Congruent","Incongruent","Congruent","Congruent",113.998961,114.198961,"1!",0.546178,"Correct","Correct","Correct","Correct"
"5",58,"3_4_stimuli","4_3","Incongruent","Congruent","Incongruent","Congruent",115.998933,116.198943,"3#",0.99455,"Correct","Correct","Correct","Correct"
"5",59,"5_6_stimuli","5_5","Congruent","Incongruent","Congruent","Incongruent",117.998928,118.198907,"5%",0.786474,"Correct","Correct","Correct","Correct"
"5",60,"7_8_stimuli","7_8","Incongruent","Congruent","Incongruent","Congruent",119.998904,120.198894,"8*",0.690506,"Correct","Correct","Correct","Correct"
"5",61,"1_2_stimuli","1_1","Congruent","Incongruent","Congruent","Incongruent",121.998881,122.198882,"1!",0.466418,"Correct","Correct","Correct","Correct"
"5",62,"3_4_stimuli","3_3","Congruent","Congruent","Incongruent","Congruent",123.998865,124.198863,"3#",0.642769,"Correct","Correct","Correct","Correct"
"5",63,"5_6_stimuli","5_6","Incongruent","Congruent","Congruent","Incongruent",125.998848,126.198852,"6^",1.058264,"Correct","Correct","Correct","Correct"
"5",64,"7_8_stimuli","8_7","Incongruent","Incongruent","Congruent","Congruent",127.998833,128.198829,"7&",0.850823,"Correct","Correct","Correct","Correct"
"5",65,"1_2_stimuli","2_1","Incongruent","Incongruent","Incongruent","Congruent",129.998805,130.198814,"1!",0.594299,"Correct","Correct","Correct","Correct"
"5",66,"3_4_stimuli","3_4","Incongruent","Incongruent","Incongruent","Incongruent",131.998798,132.198786,"3#",0.722377,"Error","Correct","Correct","Correct"
"5",67,"5_6_stimuli","6_5","Incongruent","Incongruent","Incongruent","Incongruent",133.998776,134.198767,"5%",0.674099,"Correct","Error","Correct","Correct"
"5",68,"7_8_stimuli","7_7","Congruent","Incongruent","Incongruent","Incongruent",135.998751,136.198755,"6^",0.946511,"Error","Correct","Error","Correct"
"6",1,"1_2_stimuli","1_2","Incongruent",NA,NA,NA,1.999975,2.199983,"2@",0.62237,"Correct",NA,NA,NA
"6",2,"3_4_stimuli","3_3","Congruent","Incongruent",NA,NA,3.999958,4.199953,"3#",0.638426,"Correct","Correct",NA,NA
"6",3,"5_6_stimuli","6_6","Congruent","Congruent","Incongruent",NA,5.999948,6.199942,"5%",0.87825,"Error","Correct","Correct",NA
"6",4,"7_8_stimuli","7_7","Congruent","Congruent","Congruent","Incongruent",7.999922,8.199931,"7&",0.446551,"Correct","Error","Correct","Correct"
"6",5,"1_2_stimuli","2_2","Congruent","Congruent","Congruent","Congruent",9.999914,10.199902,"2@",0.55867,"Correct","Correct","Error","Correct"
"6",6,"3_4_stimuli","4_3","Incongruent","Congruent","Congruent","Congruent",11.999887,12.199889,"3#",0.606392,"Correct","Correct","Correct","Error"
"6",7,"5_6_stimuli","5_5","Congruent","Incongruent","Congruent","Congruent",13.999874,14.199873,"4$",1.294864,"Error","Correct","Correct","Correct"
"6",8,"7_8_stimuli","8_7","Incongruent","Congruent","Incongruent","Congruent",15.999861,16.199849,"7&",1.214394,"Correct","Error","Correct","Correct"
"6",9,"1_2_stimuli","1_1","Congruent","Incongruent","Congruent","Incongruent",17.99984,18.199836,"1!",0.558855,"Correct","Correct","Error","Correct"
"6",10,"3_4_stimuli","4_4","Congruent","Congruent","Incongruent","Congruent",19.999822,20.199825,"3#",1.038761,"Error","Correct","Correct","Error"
"6",11,"5_6_stimuli","6_5","Incongruent","Congruent","Congruent","Incongruent",21.999791,22.199802,"5%",0.958744,"Correct","Error","Correct","Correct"
"6",12,"7_8_stimuli","7_8","Incongruent","Incongruent","Congruent","Congruent",23.999778,24.199779,"7&",1.038594,"Error","Correct","Error","Correct"
"6",13,"1_2_stimuli","1_1","Congruent","Incongruent","Incongruent","Congruent",25.999764,26.199758,"1!",0.590808,"Correct","Error","Correct","Error"
"6",14,"3_4_stimuli","4_3","Incongruent","Congruent","Incongruent","Incongruent",27.999743,28.199738,"3#",0.862792,"Correct","Correct","Error","Correct"
"6",15,"5_6_stimuli","5_6","Incongruent","Incongruent","Congruent","Incongruent",29.999733,30.199727,"6^",1.070832,"Correct","Correct","Correct","Error"
"6",16,"7_8_stimuli","8_8","Congruent","Incongruent","Incongruent","Congruent",31.999716,32.1997,"8*",1.278877,"Correct","Correct","Correct","Correct"
"6",17,"1_2_stimuli","2_2","Congruent","Congruent","Incongruent","Incongruent",33.999687,34.199696,"2@",0.622434,"Correct","Correct","Correct","Correct"
"6",18,"3_4_stimuli","3_4","Incongruent","Congruent","Congruent","Incongruent",35.999671,36.199679,"4$",0.878938,"Correct","Correct","Correct","Correct"
"6",19,"5_6_stimuli","6_5","Incongruent","Incongruent","Congruent","Congruent",37.999657,38.199655,"5%",0.654671,"Correct","Correct","Correct","Correct"
"6",20,"7_8_stimuli","8_7","Incongruent","Incongruent","Incongruent","Congruent",39.999636,40.199641,"7&",0.63886,"Correct","Correct","Correct","Correct"
"6",21,"1_2_stimuli","2_1","Incongruent","Incongruent","Incongruent","Incongruent",41.999621,42.199615,"1!",0.606769,"Correct","Correct","Correct","Correct"
"6",22,"3_4_stimuli","3_3","Congruent","Incongruent","Incongruent","Incongruent",43.999594,44.199606,"3#",1.166879,"Correct","Correct","Correct","Correct"
"6",23,"5_6_stimuli","6_6","Congruent","Congruent","Incongruent","Incongruent",45.999577,46.199582,"6^",1.150552,"Correct","Correct","Correct","Correct"
"6",24,"7_8_stimuli","7_8","Incongruent","Congruent","Congruent","Incongruent",47.999558,48.199565,"8*",0.54292,"Correct","Correct","Correct","Correct"
"6",25,"1_2_stimuli","2_1","Incongruent","Incongruent","Congruent","Congruent",49.999551,50.199545,"1!",0.671006,"Correct","Correct","Correct","Correct"
"6",26,"3_4_stimuli","4_4","Congruent","Incongruent","Incongruent","Congruent",51.999527,52.199531,"4$",0.7671,"Correct","Correct","Correct","Correct"
"6",27,"5_6_stimuli","5_6","Incongruent","Congruent","Incongruent","Incongruent",53.999505,54.199509,"5%",0.751115,"Error","Correct","Correct","Correct"
"6",28,"7_8_stimuli","8_8","Congruent","Incongruent","Congruent","Incongruent",55.999493,56.199479,"8*",0.974823,"Correct","Error","Correct","Correct"
"6",29,"1_2_stimuli","1_1","Congruent","Congruent","Incongruent","Congruent",57.999479,58.199463,"1!",0.52694,"Correct","Correct","Error","Correct"
"6",30,"3_4_stimuli","4_4","Congruent","Congruent","Congruent","Incongruent",59.999457,60.199452,"3#",0.750898,"Error","Correct","Correct","Error"
"6",31,"5_6_stimuli","6_6","Congruent","Congruent","Congruent","Congruent",61.999428,62.199436,"6^",1.007027,"Correct","Error","Correct","Correct"
"6",32,"7_8_stimuli","7_8","Incongruent","Congruent","Congruent","Congruent",63.999413,64.199405,"8*",1.070847,"Correct","Correct","Error","Correct"
"6",33,"1_2_stimuli","2_2","Congruent","Incongruent","Congruent","Congruent",65.999401,66.199394,"2@",0.655282,"Correct","Correct","Correct","Error"
"6",34,"3_4_stimuli","3_4","Incongruent","Congruent","Incongruent","Congruent",67.99938,68.19938,"Omission",5000,"Omission","Correct","Correct","Correct"
"6",35,"5_6_stimuli","6_6","Congruent","Incongruent","Congruent","Incongruent",69.999359,70.199362,"6^",0.894714,"Correct","Omission","Correct","Correct"
"6",36,"7_8_stimuli","8_8","Congruent","Congruent","Incongruent","Congruent",71.999347,72.199336,"8*",1.16746,"Correct","Correct","Omission","Correct"
"6",37,"1_2_stimuli","1_2","Incongruent","Congruent","Congruent","Incongruent",73.999326,74.19932,"2@",0.878722,"Correct","Correct","Correct","Omission"
"6",38,"3_4_stimuli","3_3","Congruent","Incongruent","Congruent","Congruent",75.999313,76.199301,"3#",0.671264,"Correct","Correct","Correct","Correct"
"6",39,"5_6_stimuli","5_6","Incongruent","Congruent","Incongruent","Congruent",77.999281,78.199283,"5%",0.926916,"Error","Correct","Correct","Correct"
"6",40,"7_8_stimuli","8_7","Incongruent","Incongruent","Congruent","Incongruent",79.999266,80.199279,"7&",0.687011,"Correct","Error","Correct","Correct"
"6",41,"1_2_stimuli","1_2","Incongruent","Incongruent","Incongruent","Congruent",81.99925,82.199246,"2@",0.527464,"Correct","Correct","Error","Correct"
"6",42,"3_4_stimuli","4_3","Incongruent","Incongruent","Incongruent","Incongruent",83.999227,84.199229,"3#",1.199082,"Correct","Correct","Correct","Error"
"6",43,"5_6_stimuli","5_5","Congruent","Incongruent","Incongruent","Incongruent",85.999207,86.19921,"6^",0.783336,"Error","Correct","Correct","Correct"
"6",44,"7_8_stimuli","8_7","Incongruent","Congruent","Incongruent","Incongruent",87.999197,88.199185,"6^",0.767364,"Error","Error","Correct","Correct"
"6",45,"1_2_stimuli","1_2","Incongruent","Incongruent","Congruent","Incongruent",89.999182,90.199173,"2@",0.623128,"Correct","Error","Error","Correct"
"6",46,"3_4_stimuli","3_4","Incongruent","Incongruent","Incongruent","Congruent",91.99916,92.199158,"4$",0.975521,"Correct","Correct","Error","Error"
"6",47,"5_6_stimuli","5_6","Incongruent","Incongruent","Incongruent","Incongruent",93.999139,94.199129,"6^",0.943119,"Correct","Correct","Correct","Error"
"6",48,"7_8_stimuli","8_8","Congruent","Incongruent","Incongruent","Incongruent",95.999122,96.19912,"7&",1.071557,"Error","Correct","Correct","Correct"
"6",49,"1_2_stimuli","2_1","Incongruent","Congruent","Incongruent","Incongruent",97.999096,98.199096,"1!",0.63919,"Correct","Error","Correct","Correct"
"6",50,"3_4_stimuli","3_4","Incongruent","Incongruent","Congruent","Incongruent",99.999083,100.199076,"4$",0.799573,"Correct","Correct","Error","Correct"
"6",51,"5_6_stimuli","5_5","Congruent","Incongruent","Incongruent","Congruent",101.999061,102.199064,"5%",0.815162,"Correct","Correct","Correct","Error"
"6",52,"7_8_stimuli","7_7","Congruent","Congruent","Incongruent","Incongruent",103.999049,104.199044,"7&",0.735389,"Correct","Correct","Correct","Correct"
"6",53,"1_2_stimuli","2_2","Congruent","Congruent","Congruent","Incongruent",105.999033,106.199029,"2@",0.543405,"Correct","Correct","Correct","Correct"
"6",54,"3_4_stimuli","3_3","Congruent","Congruent","Congruent","Congruent",107.999013,108.199012,"3#",0.942968,"Correct","Correct","Correct","Correct"
"6",55,"5_6_stimuli","6_5","Incongruent","Congruent","Congruent","Congruent",109.998993,110.198991,"6^",1.311555,"Error","Correct","Correct","Correct"
"6",56,"7_8_stimuli","7_7","Congruent","Incongruent","Congruent","Congruent",111.99897,112.198985,"7&",0.959871,"Correct","Error","Correct","Correct"
"6",57,"1_2_stimuli","1_2","Incongruent","Congruent","Incongruent","Congruent",113.998951,114.198953,"2@",0.671381,"Correct","Correct","Error","Correct"
"6",58,"3_4_stimuli","4_4","Congruent","Incongruent","Congruent","Incongruent",115.998939,116.19893,"4$",0.751563,"Correct","Correct","Correct","Error"
"6",59,"5_6_stimuli","5_5","Congruent","Congruent","Incongruent","Congruent",117.99892,118.198922,"5%",1.119503,"Correct","Correct","Correct","Correct"
"6",60,"7_8_stimuli","7_7","Congruent","Congruent","Congruent","Incongruent",119.998895,120.198902,"7&",0.751463,"Correct","Correct","Correct","Correct"
"6",61,"1_2_stimuli","2_1","Incongruent","Congruent","Congruent","Congruent",121.998889,122.198879,"1!",0.559393,"Correct","Correct","Correct","Correct"
"6",62,"3_4_stimuli","4_3","Incongruent","Incongruent","Congruent","Congruent",123.998863,124.198869,"3#",0.703628,"Correct","Correct","Correct","Correct"
"6",63,"5_6_stimuli","6_5","Incongruent","Incongruent","Incongruent","Congruent",125.998845,126.19884,"5%",0.815061,"Correct","Correct","Correct","Correct"
"6",64,"7_8_stimuli","7_8","Incongruent","Incongruent","Incongruent","Incongruent",127.998832,128.198826,"8*",0.815322,"Correct","Correct","Correct","Correct"
"6",65,"1_2_stimuli","1_1","Congruent","Incongruent","Incongruent","Incongruent",129.998815,130.198814,"1!",0.44737,"Correct","Correct","Correct","Correct"
"6",66,"3_4_stimuli","3_3","Congruent","Congruent","Incongruent","Incongruent",131.998789,132.198788,"3#",0.815775,"Correct","Correct","Correct","Correct"
"6",67,"5_6_stimuli","6_6","Congruent","Congruent","Congruent","Incongruent",133.998766,134.198765,"6^",1.071767,"Correct","Correct","Correct","Correct"
"6",68,"7_8_stimuli","7_7","Congruent","Congruent","Congruent","Congruent",135.998762,136.198757,"5%",1.343718,"Error","Correct","Correct","Correct"
"7",1,"1_2_stimuli","1_1","Congruent",NA,NA,NA,1.999986,2.199987,"1!",0.488729,"Correct",NA,NA,NA
"7",2,"3_4_stimuli","3_3","Congruent","Congruent",NA,NA,3.999973,4.199961,"3#",0.504706,"Correct","Correct",NA,NA
"7",3,"5_6_stimuli","6_6","Congruent","Congruent","Congruent",NA,5.999946,6.199939,"6^",0.440792,"Correct","Correct","Correct",NA
"7",4,"7_8_stimuli","7_8","Incongruent","Congruent","Congruent","Congruent",7.99993,8.19993,"8*",0.729023,"Correct","Correct","Correct","Correct"
"7",5,"1_2_stimuli","2_1","Incongruent","Incongruent","Congruent","Congruent",9.999914,10.199916,"1!",0.42465,"Correct","Correct","Correct","Correct"
"7",6,"3_4_stimuli","4_3","Incongruent","Incongruent","Incongruent","Congruent",11.999889,12.199894,"3#",0.392588,"Correct","Correct","Correct","Correct"
"7",7,"5_6_stimuli","6_5","Incongruent","Incongruent","Incongruent","Incongruent",13.999885,14.199875,"5%",0.841201,"Correct","Correct","Correct","Correct"
"7",8,"7_8_stimuli","8_8","Congruent","Incongruent","Incongruent","Incongruent",15.999858,16.199865,"8*",0.584884,"Correct","Correct","Correct","Correct"
"7",9,"1_2_stimuli","2_2","Congruent","Congruent","Incongruent","Incongruent",17.999852,18.199841,"2@",0.600743,"Correct","Correct","Correct","Correct"
"7",10,"3_4_stimuli","4_4","Congruent","Congruent","Congruent","Incongruent",19.999821,20.199816,"4$",0.71309,"Correct","Correct","Correct","Correct"
"7",11,"5_6_stimuli","6_6","Congruent","Congruent","Congruent","Congruent",21.99981,22.199804,"6^",0.696673,"Correct","Correct","Correct","Correct"
"7",12,"7_8_stimuli","8_8","Congruent","Congruent","Congruent","Congruent",23.999779,24.199783,"8*",0.520883,"Correct","Correct","Correct","Correct"
"7",13,"1_2_stimuli","1_2","Incongruent","Congruent","Congruent","Congruent",25.999766,26.199765,"2@",0.53687,"Correct","Correct","Correct","Correct"
"7",14,"3_4_stimuli","3_4","Incongruent","Incongruent","Congruent","Congruent",27.999756,28.199756,"3#",0.361119,"Error","Correct","Correct","Correct"
"7",15,"5_6_stimuli","5_6","Incongruent","Incongruent","Incongruent","Congruent",29.999727,30.199738,"6^",1.320754,"Correct","Error","Correct","Correct"
"7",16,"7_8_stimuli","7_8","Incongruent","Incongruent","Incongruent","Incongruent",31.999716,32.19971,"8*",0.440957,"Correct","Correct","Error","Correct"
"7",17,"1_2_stimuli","1_2","Incongruent","Incongruent","Incongruent","Incongruent",33.999701,34.199696,"2@",0.601317,"Correct","Correct","Correct","Error"
"7",18,"3_4_stimuli","3_3","Congruent","Incongruent","Incongruent","Incongruent",35.99968,36.199682,"3#",0.873228,"Correct","Correct","Correct","Correct"
"7",19,"5_6_stimuli","6_6","Congruent","Congruent","Incongruent","Incongruent",37.999668,38.199654,"6^",0.889234,"Correct","Correct","Correct","Correct"
"7",20,"7_8_stimuli","8_8","Congruent","Congruent","Congruent","Incongruent",39.99964,40.199639,"8*",0.697175,"Correct","Correct","Correct","Correct"
"7",21,"1_2_stimuli","2_2","Congruent","Congruent","Congruent","Congruent",41.99963,42.199618,"3#",1.145289,"Error","Correct","Correct","Correct"
"7",22,"3_4_stimuli","4_4","Congruent","Congruent","Congruent","Congruent",43.999614,44.199604,"4$",0.776979,"Correct","Error","Correct","Correct"
"7",23,"5_6_stimuli","5_6","Incongruent","Congruent","Congruent","Congruent",45.99958,46.199589,"6^",0.777302,"Correct","Correct","Error","Correct"
"7",24,"7_8_stimuli","8_8","Congruent","Incongruent","Congruent","Congruent",47.999569,48.19956,"8*",0.48938,"Correct","Correct","Correct","Error"
"7",25,"1_2_stimuli","2_2","Congruent","Congruent","Incongruent","Congruent",49.999558,50.199547,"2@",0.585394,"Correct","Correct","Correct","Correct"
"7",26,"3_4_stimuli","4_3","Incongruent","Congruent","Congruent","Incongruent",51.999533,52.199528,"3#",0.601608,"Correct","Correct","Correct","Correct"
"7",27,"5_6_stimuli","5_5","Congruent","Incongruent","Congruent","Congruent",53.999521,54.199513,"5%",0.728876,"Correct","Correct","Correct","Correct"
"7",28,"7_8_stimuli","7_7","Congruent","Congruent","Incongruent","Congruent",55.999487,56.1995,"7&",0.777114,"Correct","Correct","Correct","Correct"
"7",29,"1_2_stimuli","2_1","Incongruent","Congruent","Congruent","Incongruent",57.999478,58.199482,"1!",0.537493,"Correct","Correct","Correct","Correct"
"7",30,"3_4_stimuli","4_4","Congruent","Incongruent","Congruent","Congruent",59.999456,60.199449,"4$",0.841475,"Correct","Correct","Correct","Correct"
"7",31,"5_6_stimuli","6_5","Incongruent","Congruent","Incongruent","Congruent",61.999435,62.199431,"6^",0.713311,"Error","Correct","Correct","Correct"
"7",32,"7_8_stimuli","7_7","Congruent","Incongruent","Congruent","Incongruent",63.999423,64.199422,"7&",0.649198,"Correct","Error","Correct","Correct"
"7",33,"1_2_stimuli","1_2","Incongruent","Congruent","Incongruent","Congruent",65.999406,66.199392,"2@",0.521541,"Correct","Correct","Error","Correct"
"7",34,"3_4_stimuli","4_3","Incongruent","Incongruent","Congruent","Incongruent",67.999377,68.199379,"3#",0.537458,"Correct","Correct","Correct","Error"
"7",35,"5_6_stimuli","5_5","Congruent","Incongruent","Incongruent","Congruent",69.999366,70.199372,"5%",1.097504,"Correct","Correct","Correct","Correct"
"7",36,"7_8_stimuli","7_7","Congruent","Congruent","Incongruent","Incongruent",71.999348,72.199343,"7&",0.85734,"Correct","Correct","Correct","Correct"
"7",37,"1_2_stimuli","1_1","Congruent","Congruent","Congruent","Incongruent",73.999339,74.199321,"1!",0.4096,"Correct","Correct","Correct","Correct"
"7",38,"3_4_stimuli","4_3","Incongruent","Congruent","Congruent","Congruent",75.999306,76.199306,"3#",0.697719,"Correct","Correct","Correct","Correct"
"7",39,"5_6_stimuli","5_6","Incongruent","Incongruent","Congruent","Congruent",77.999295,78.199284,"5%",1.497209,"Error","Correct","Correct","Correct"
"7",40,"7_8_stimuli","7_7","Congruent","Incongruent","Incongruent","Congruent",79.999267,80.199265,"6^",0.937536,"Error","Error","Correct","Correct"
"7",41,"1_2_stimuli","1_2","Incongruent","Congruent","Incongruent","Incongruent",81.999255,82.199256,"2@",0.617545,"Correct","Error","Error","Correct"
"7",42,"3_4_stimuli","3_3","Congruent","Incongruent","Congruent","Incongruent",83.999233,84.199233,"3#",0.825521,"Correct","Correct","Error","Error"
"7",43,"5_6_stimuli","5_5","Congruent","Congruent","Incongruent","Congruent",85.999232,86.19921,"5%",1.225509,"Correct","Correct","Correct","Error"
"7",44,"7_8_stimuli","8_7","Incongruent","Congruent","Congruent","Incongruent",87.999202,88.199199,"7&",1.209808,"Correct","Correct","Correct","Correct"
"7",45,"1_2_stimuli","2_2","Congruent","Incongruent","Congruent","Congruent",89.999181,90.199183,"2@",0.601693,"Correct","Correct","Correct","Correct"
"7",46,"3_4_stimuli","4_4","Congruent","Congruent","Incongruent","Congruent",91.999164,92.19916,"3#",0.39361,"Error","Correct","Correct","Correct"
"7",47,"5_6_stimuli","6_5","Incongruent","Congruent","Congruent","Incongruent",93.999145,94.199138,"5%",0.697149,"Correct","Error","Correct","Correct"
"7",48,"7_8_stimuli","8_7","Incongruent","Incongruent","Congruent","Congruent",95.999139,96.199132,"6^",0.777737,"Error","Correct","Error","Correct"
"7",49,"1_2_stimuli","2_1","Incongruent","Incongruent","Incongruent","Congruent",97.999117,98.199105,"1!",0.537888,"Correct","Error","Correct","Error"
"7",50,"3_4_stimuli","3_4","Incongruent","Incongruent","Incongruent","Incongruent",99.999087,100.199092,"4$",1.049795,"Correct","Correct","Error","Correct"
"7",51,"5_6_stimuli","5_5","Congruent","Incongruent","Incongruent","Incongruent",101.999068,102.199065,"5%",0.633536,"Correct","Correct","Correct","Error"
"7",52,"7_8_stimuli","8_7","Incongruent","Congruent","Incongruent","Incongruent",103.999056,104.199049,"7&",1.097435,"Correct","Correct","Correct","Correct"
"7",53,"1_2_stimuli","1_1","Congruent","Incongruent","Congruent","Incongruent",105.999035,106.19903,"1!",0.489647,"Correct","Correct","Correct","Correct"
"7",54,"3_4_stimuli","3_4","Incongruent","Congruent","Incongruent","Congruent",107.999018,108.199008,"4$",0.809616,"Correct","Correct","Correct","Correct"
"7",55,"5_6_stimuli","6_6","Congruent","Incongruent","Congruent","Incongruent",109.999004,110.199,"6^",0.889492,"Correct","Correct","Correct","Correct"
"7",56,"7_8_stimuli","7_8","Incongruent","Congruent","Incongruent","Congruent",111.998983,112.198973,"8*",0.681623,"Correct","Correct","Correct","Correct"
"7",57,"1_2_stimuli","2_1","Incongruent","Incongruent","Congruent","Incongruent",113.998971,114.198965,"1!",0.393699,"Correct","Correct","Correct","Correct"
"7",58,"3_4_stimuli","3_3","Congruent","Incongruent","Incongruent","Congruent",115.998948,116.198945,"3#",0.649703,"Correct","Correct","Correct","Correct"
"7",59,"5_6_stimuli","5_6","Incongruent","Congruent","Incongruent","Incongruent",117.998934,118.198928,"6^",0.795046,"Correct","Correct","Correct","Correct"
"7",60,"7_8_stimuli","7_8","Incongruent","Incongruent","Congruent","Incongruent",119.998907,120.198914,"8*",0.569852,"Correct","Correct","Correct","Correct"
"7",61,"1_2_stimuli","1_1","Congruent","Incongruent","Incongruent","Congruent",121.998888,122.198894,"1!",0.521801,"Correct","Correct","Correct","Correct"
"7",62,"3_4_stimuli","3_4","Incongruent","Congruent","Incongruent","Incongruent",123.998876,124.198882,"4$",0.90595,"Correct","Correct","Correct","Correct"
"7",63,"5_6_stimuli","6_5","Incongruent","Incongruent","Congruent","Incongruent",125.998847,126.198859,"5%",1.177501,"Correct","Correct","Correct","Correct"
"7",64,"7_8_stimuli","7_8","Incongruent","Incongruent","Incongruent","Congruent",127.998832,128.19883,"8*",0.554073,"Correct","Correct","Correct","Correct"
"7",65,"1_2_stimuli","1_1","Congruent","Incongruent","Incongruent","Incongruent",129.998822,130.198813,"1!",0.377776,"Correct","Correct","Correct","Correct"
"7",66,"3_4_stimuli","3_3","Congruent","Congruent","Incongruent","Incongruent",131.998801,132.198799,"3#",0.52196,"Correct","Correct","Correct","Correct"
"7",67,"5_6_stimuli","6_6","Congruent","Congruent","Congruent","Incongruent",133.998784,134.198783,"7&",0.954131,"Error","Correct","Correct","Correct"
"7",68,"7_8_stimuli","8_7","Incongruent","Congruent","Congruent","Congruent",139.348735,139.365407,"Omission",5000,"Omission","Error","Correct","Correct"
"8",1,"1_2_stimuli","2_1","Incongruent",NA,NA,NA,1.999986,2.199992,"1!",0.523986,"Correct",NA,NA,NA
"8",2,"3_4_stimuli","4_4","Congruent","Incongruent",NA,NA,3.999973,4.199969,"3#",0.604414,"Error","Correct",NA,NA
"8",3,"5_6_stimuli","6_6","Congruent","Congruent","Incongruent",NA,5.999953,6.199957,"6^",0.827598,"Correct","Error","Correct",NA
"8",4,"7_8_stimuli","7_8","Incongruent","Congruent","Congruent","Incongruent",7.999934,8.199935,"8*",0.539922,"Correct","Correct","Error","Correct"
"8",5,"1_2_stimuli","2_1","Incongruent","Incongruent","Congruent","Congruent",9.999914,10.19992,"1!",0.412311,"Correct","Correct","Correct","Error"
"8",6,"3_4_stimuli","4_4","Congruent","Incongruent","Incongruent","Congruent",11.999899,12.199897,"3#",0.636206,"Error","Correct","Correct","Correct"
"8",7,"5_6_stimuli","6_5","Incongruent","Congruent","Incongruent","Incongruent",13.999886,14.199874,"5%",0.924225,"Correct","Error","Correct","Correct"
"8",8,"7_8_stimuli","8_8","Congruent","Incongruent","Congruent","Incongruent",15.999861,16.199866,"8*",0.555752,"Correct","Correct","Error","Correct"
"8",9,"1_2_stimuli","2_2","Congruent","Congruent","Incongruent","Congruent",17.999841,18.199855,"2@",0.508322,"Correct","Correct","Correct","Error"
"8",10,"3_4_stimuli","4_3","Incongruent","Congruent","Congruent","Incongruent",19.999825,20.19982,"3#",0.588365,"Correct","Correct","Correct","Correct"
"8",11,"5_6_stimuli","5_5","Congruent","Incongruent","Congruent","Congruent",21.999808,22.199811,"5%",0.779901,"Correct","Correct","Correct","Correct"
"8",12,"7_8_stimuli","7_8","Incongruent","Congruent","Incongruent","Congruent",23.999792,24.199792,"8*",0.684355,"Correct","Correct","Correct","Correct"
"8",13,"1_2_stimuli","1_2","Incongruent","Incongruent","Congruent","Incongruent",25.999775,26.199772,"2@",0.540332,"Correct","Correct","Correct","Correct"
"8",14,"3_4_stimuli","4_3","Incongruent","Incongruent","Incongruent","Congruent",27.999748,28.199744,"3#",0.524318,"Correct","Correct","Correct","Correct"
"8",15,"5_6_stimuli","5_5","Congruent","Incongruent","Incongruent","Incongruent",29.999736,30.199733,"5%",0.572341,"Correct","Correct","Correct","Correct"
"8",16,"7_8_stimuli","7_8","Incongruent","Congruent","Incongruent","Incongruent",31.999714,32.199718,"8*",0.476642,"Correct","Correct","Correct","Correct"
"8",17,"1_2_stimuli","2_2","Congruent","Incongruent","Congruent","Incongruent",33.999701,34.199689,"2@",0.524294,"Correct","Correct","Correct","Correct"
"8",18,"3_4_stimuli","3_3","Congruent","Congruent","Incongruent","Congruent",35.999678,36.199676,"3#",0.476337,"Correct","Correct","Correct","Correct"
"8",19,"5_6_stimuli","5_5","Congruent","Congruent","Congruent","Incongruent",37.999669,38.19967,"5%",0.476081,"Correct","Correct","Correct","Correct"
"8",20,"7_8_stimuli","7_8","Incongruent","Congruent","Congruent","Congruent",39.999656,40.199648,"8*",0.364702,"Correct","Correct","Correct","Correct"
"8",21,"1_2_stimuli","1_1","Congruent","Incongruent","Congruent","Congruent",41.999633,42.199617,"2@",0.492188,"Error","Correct","Correct","Correct"
"8",22,"3_4_stimuli","3_4","Incongruent","Congruent","Incongruent","Congruent",43.999608,44.199599,"4$",1.21267,"Correct","Error","Correct","Correct"
"8",23,"5_6_stimuli","6_5","Incongruent","Incongruent","Congruent","Incongruent",45.999599,46.199594,"5%",0.732255,"Correct","Correct","Error","Correct"
"8",24,"7_8_stimuli","8_7","Incongruent","Incongruent","Incongruent","Congruent",47.999581,48.199574,"7&",0.63644,"Correct","Correct","Correct","Error"
"8",25,"1_2_stimuli","1_2","Incongruent","Incongruent","Incongruent","Incongruent",49.999559,50.199554,"2@",0.652271,"Correct","Correct","Correct","Correct"
"8",26,"3_4_stimuli","3_4","Incongruent","Incongruent","Incongruent","Incongruent",51.999535,52.199545,"4$",0.780318,"Correct","Correct","Correct","Correct"
"8",27,"5_6_stimuli","5_6","Incongruent","Incongruent","Incongruent","Incongruent",53.999516,54.199526,"6^",1.004411,"Correct","Correct","Correct","Correct"
"8",28,"7_8_stimuli","7_7","Congruent","Incongruent","Incongruent","Incongruent",55.999506,56.199504,"7&",0.524512,"Correct","Correct","Correct","Correct"
"8",29,"1_2_stimuli","2_1","Incongruent","Congruent","Incongruent","Incongruent",57.99949,58.199481,"1!",0.508305,"Correct","Correct","Correct","Correct"
"8",30,"3_4_stimuli","4_3","Incongruent","Incongruent","Congruent","Incongruent",59.999462,60.199459,"3#",0.748104,"Correct","Correct","Correct","Correct"
"8",31,"5_6_stimuli","5_6","Incongruent","Incongruent","Incongruent","Congruent",61.999446,62.199438,"6^",1.036519,"Correct","Correct","Correct","Correct"
"8",32,"7_8_stimuli","8_7","Incongruent","Incongruent","Incongruent","Incongruent",63.999438,64.199421,"7&",0.684504,"Correct","Correct","Correct","Correct"
"8",33,"1_2_stimuli","2_2","Congruent","Incongruent","Incongruent","Incongruent",65.999401,66.199406,"2@",0.684177,"Correct","Correct","Correct","Correct"
"8",34,"3_4_stimuli","3_4","Incongruent","Congruent","Incongruent","Incongruent",67.999389,68.199388,"4$",1.116388,"Correct","Correct","Correct","Correct"
"8",35,"5_6_stimuli","6_6","Congruent","Incongruent","Congruent","Incongruent",69.999365,70.199361,"6^",0.780742,"Correct","Correct","Correct","Correct"
"8",36,"7_8_stimuli","7_7","Congruent","Congruent","Incongruent","Congruent",71.999346,72.199351,"7&",0.4605,"Correct","Correct","Correct","Correct"
"8",37,"1_2_stimuli","2_1","Incongruent","Congruent","Congruent","Incongruent",73.999336,74.199334,"1!",0.508818,"Correct","Correct","Correct","Correct"
"8",38,"3_4_stimuli","3_4","Incongruent","Incongruent","Congruent","Congruent",75.999328,76.199313,"4$",0.716754,"Correct","Correct","Correct","Correct"
"8",39,"5_6_stimuli","6_6","Congruent","Incongruent","Incongruent","Congruent",77.999296,78.199298,"6^",0.76474,"Correct","Correct","Correct","Correct"
"8",40,"7_8_stimuli","8_8","Congruent","Congruent","Incongruent","Incongruent",79.999281,80.199285,"8*",0.524957,"Correct","Correct","Correct","Correct"
"8",41,"1_2_stimuli","1_1","Congruent","Congruent","Congruent","Incongruent",81.99927,82.199264,"1!",0.460911,"Correct","Correct","Correct","Correct"
"8",42,"3_4_stimuli","4_4","Congruent","Congruent","Congruent","Congruent",83.999239,84.199252,"4$",0.47662,"Correct","Correct","Correct","Correct"
"8",43,"5_6_stimuli","5_5","Congruent","Congruent","Congruent","Congruent",85.999223,86.199216,"3#",0.71655,"Error","Correct","Correct","Correct"
"8",44,"7_8_stimuli","8_8","Congruent","Congruent","Congruent","Congruent",87.999206,88.1992,"7&",0.572578,"Error","Error","Correct","Correct"
"8",45,"1_2_stimuli","1_1","Congruent","Congruent","Congruent","Congruent",89.999188,90.199179,"1!",0.461123,"Correct","Error","Error","Correct"
"8",46,"3_4_stimuli","4_3","Incongruent","Congruent","Congruent","Congruent",91.999166,92.19917,"3#",0.716963,"Correct","Correct","Error","Error"
"8",47,"5_6_stimuli","6_5","Incongruent","Incongruent","Congruent","Congruent",93.999151,94.199147,"5%",0.924975,"Correct","Correct","Correct","Error"
"8",48,"7_8_stimuli","8_8","Congruent","Incongruent","Incongruent","Congruent",95.999131,96.199127,"8*",0.732972,"Correct","Correct","Correct","Correct"
"8",49,"1_2_stimuli","1_1","Congruent","Congruent","Incongruent","Incongruent",97.999116,98.199112,"1!",0.50899,"Correct","Correct","Correct","Correct"
"8",50,"3_4_stimuli","3_3","Congruent","Congruent","Congruent","Incongruent",99.999098,100.199088,"3#",0.732843,"Correct","Correct","Correct","Correct"
"8",51,"5_6_stimuli","5_6","Incongruent","Congruent","Congruent","Congruent",101.999079,102.199082,"6^",0.764833,"Correct","Correct","Correct","Correct"
"8",52,"7_8_stimuli","7_8","Incongruent","Incongruent","Congruent","Congruent",103.999062,104.199057,"8*",0.492435,"Correct","Correct","Correct","Correct"
"8",53,"1_2_stimuli","2_2","Congruent","Incongruent","Incongruent","Congruent",105.999038,106.199046,"2@",0.588653,"Correct","Correct","Correct","Correct"
"8",54,"3_4_stimuli","3_3","Congruent","Congruent","Incongruent","Incongruent",107.999021,108.199023,"3#",0.620828,"Correct","Correct","Correct","Correct"
"8",55,"5_6_stimuli","5_6","Incongruent","Congruent","Congruent","Incongruent",109.998998,110.198999,"6^",0.76496,"Correct","Correct","Correct","Correct"
"8",56,"7_8_stimuli","7_7","Congruent","Incongruent","Congruent","Congruent",111.99898,112.198986,"7&",0.684956,"Correct","Correct","Correct","Correct"
"8",57,"1_2_stimuli","1_2","Incongruent","Congruent","Incongruent","Congruent",113.998961,114.198965,"2@",0.63671,"Correct","Correct","Correct","Correct"
"8",58,"3_4_stimuli","4_4","Congruent","Incongruent","Congruent","Incongruent",115.998952,116.198949,"3#",0.844784,"Error","Correct","Correct","Correct"
"8",59,"5_6_stimuli","6_6","Congruent","Congruent","Incongruent","Congruent",117.998926,118.198929,"6^",0.796545,"Correct","Error","Correct","Correct"
"8",60,"7_8_stimuli","7_7","Congruent","Congruent","Congruent","Incongruent",119.998914,120.198921,"7&",0.764526,"Correct","Correct","Error","Correct"
"8",61,"1_2_stimuli","2_1","Incongruent","Congruent","Congruent","Congruent",121.998899,122.198889,"1!",0.556829,"Correct","Correct","Correct","Error"
"8",62,"3_4_stimuli","3_3","Congruent","Incongruent","Congruent","Congruent",123.998878,124.198882,"3#",0.621083,"Correct","Correct","Correct","Correct"
"8",63,"5_6_stimuli","6_5","Incongruent","Congruent","Incongruent","Congruent",125.998856,126.19887,"5%",0.621247,"Correct","Correct","Correct","Correct"
"8",64,"7_8_stimuli","8_7","Incongruent","Incongruent","Congruent","Incongruent",127.998844,128.19884,"7&",0.972621,"Correct","Correct","Correct","Correct"
"8",65,"1_2_stimuli","1_2","Incongruent","Incongruent","Incongruent","Congruent",129.998829,130.198814,"2@",0.717045,"Correct","Correct","Correct","Correct"
"8",66,"3_4_stimuli","4_4","Congruent","Incongruent","Incongruent","Incongruent",131.998812,132.198803,"3#",1.245081,"Error","Correct","Correct","Correct"
"8",67,"5_6_stimuli","6_6","Congruent","Congruent","Incongruent","Incongruent",133.998787,134.198788,"6^",0.892713,"Correct","Error","Correct","Correct"
"8",68,"7_8_stimuli","8_7","Incongruent","Congruent","Congruent","Incongruent",135.998772,136.198775,"7&",0.780639,"Correct","Correct","Error","Correct"
"9",1,"1_2_stimuli","1_2","Incongruent",NA,NA,NA,1.999982,2.199979,"2@",0.614687,"Correct",NA,NA,NA
"9",2,"3_4_stimuli","3_3","Congruent","Incongruent",NA,NA,3.999963,4.199964,"3#",0.631223,"Correct","Correct",NA,NA
"9",3,"5_6_stimuli","5_5","Congruent","Congruent","Incongruent",NA,5.999941,6.199947,"5%",0.742919,"Correct","Correct","Correct",NA
"9",4,"7_8_stimuli","8_8","Congruent","Congruent","Congruent","Incongruent",7.99993,8.199936,"8*",0.694863,"Correct","Correct","Correct","Correct"
"9",5,"1_2_stimuli","2_1","Incongruent","Congruent","Congruent","Congruent",9.999909,10.199913,"1!",0.535733,"Correct","Correct","Correct","Correct"
"9",6,"3_4_stimuli","3_4","Incongruent","Incongruent","Congruent","Congruent",11.999895,12.19989,"4$",0.743423,"Correct","Correct","Correct","Correct"
"9",7,"5_6_stimuli","5_5","Congruent","Incongruent","Incongruent","Congruent",13.999879,14.199878,"5%",1.031148,"Correct","Correct","Correct","Correct"
"9",8,"7_8_stimuli","8_8","Congruent","Congruent","Incongruent","Incongruent",15.999859,16.19986,"8*",0.726929,"Correct","Correct","Correct","Correct"
"9",9,"1_2_stimuli","2_1","Incongruent","Congruent","Congruent","Incongruent",17.999838,18.199833,"1!",0.503357,"Correct","Correct","Correct","Correct"
"9",10,"3_4_stimuli","3_3","Congruent","Incongruent","Congruent","Congruent",19.999824,20.199825,"3#",0.61512,"Correct","Correct","Correct","Correct"
"9",11,"5_6_stimuli","6_5","Incongruent","Congruent","Incongruent","Congruent",21.99981,22.199795,"5%",0.551757,"Correct","Correct","Correct","Correct"
"9",12,"7_8_stimuli","8_7","Incongruent","Incongruent","Congruent","Incongruent",23.999783,24.19978,"7&",0.806918,"Correct","Correct","Correct","Correct"
"9",13,"1_2_stimuli","1_2","Incongruent","Incongruent","Incongruent","Congruent",25.999766,26.199766,"2@",0.598969,"Correct","Correct","Correct","Correct"
"9",14,"3_4_stimuli","4_4","Congruent","Incongruent","Incongruent","Incongruent",27.999744,28.199745,"4$",0.711255,"Correct","Correct","Correct","Correct"
"9",15,"5_6_stimuli","5_6","Incongruent","Congruent","Incongruent","Incongruent",29.999756,30.199744,"5%",0.967008,"Error","Correct","Correct","Correct"
"9",16,"7_8_stimuli","7_7","Congruent","Incongruent","Congruent","Incongruent",31.999707,32.199718,"7&",0.519472,"Correct","Error","Correct","Correct"
"9",17,"1_2_stimuli","1_1","Congruent","Congruent","Incongruent","Congruent",33.999689,34.199699,"1!",0.535009,"Correct","Correct","Error","Correct"
"9",18,"3_4_stimuli","4_4","Congruent","Congruent","Congruent","Incongruent",35.999683,36.199671,"4$",0.80753,"Correct","Correct","Correct","Error"
"9",19,"5_6_stimuli","5_6","Incongruent","Congruent","Congruent","Congruent",37.999657,38.199663,"6^",0.967234,"Correct","Correct","Correct","Correct"
"9",20,"7_8_stimuli","8_7","Incongruent","Incongruent","Congruent","Congruent",39.999636,40.199642,"7&",0.599309,"Correct","Correct","Correct","Correct"
"9",21,"1_2_stimuli","2_2","Congruent","Incongruent","Incongruent","Congruent",41.999617,42.199624,"2@",0.647326,"Correct","Correct","Correct","Correct"
"9",22,"3_4_stimuli","4_4","Congruent","Congruent","Incongruent","Incongruent",43.999603,44.199597,"4$",0.887387,"Correct","Correct","Correct","Correct"
"9",23,"5_6_stimuli","6_5","Incongruent","Congruent","Congruent","Incongruent",45.999579,46.199578,"5%",0.599075,"Correct","Correct","Correct","Correct"
"9",24,"7_8_stimuli","7_7","Congruent","Incongruent","Congruent","Congruent",47.999561,48.199564,"6^",0.567211,"Error","Correct","Correct","Correct"
"9",25,"1_2_stimuli","1_2","Incongruent","Congruent","Incongruent","Congruent",49.999556,50.199541,"2@",0.759407,"Correct","Error","Correct","Correct"
"9",26,"3_4_stimuli","4_3","Incongruent","Incongruent","Congruent","Incongruent",51.999532,52.199525,"3#",0.983202,"Correct","Correct","Error","Correct"
"9",27,"5_6_stimuli","6_5","Incongruent","Incongruent","Incongruent","Congruent",53.999504,54.199508,"5%",0.951821,"Correct","Correct","Correct","Error"
"9",28,"7_8_stimuli","7_8","Incongruent","Incongruent","Incongruent","Incongruent",55.999509,56.199498,"8*",0.69518,"Correct","Correct","Correct","Correct"
"9",29,"1_2_stimuli","1_1","Congruent","Incongruent","Incongruent","Incongruent",57.99947,58.199463,"1!",0.53557,"Correct","Correct","Correct","Correct"
"9",30,"3_4_stimuli","3_4","Incongruent","Congruent","Incongruent","Incongruent",59.999457,60.199465,"4$",1.271494,"Correct","Correct","Correct","Correct"
"9",31,"5_6_stimuli","6_6","Congruent","Incongruent","Congruent","Incongruent",61.99944,62.199442,"6^",1.271837,"Correct","Correct","Correct","Correct"
"9",32,"7_8_stimuli","8_7","Incongruent","Congruent","Incongruent","Congruent",63.999426,64.199424,"7&",0.647281,"Correct","Correct","Correct","Correct"
"9",33,"1_2_stimuli","1_2","Incongruent","Incongruent","Congruent","Incongruent",65.999406,66.19939,"2@",0.663951,"Correct","Correct","Correct","Correct"
"9",34,"3_4_stimuli","3_3","Congruent","Incongruent","Incongruent","Congruent",67.999383,68.199373,"3#",0.759542,"Correct","Correct","Correct","Correct"
"9",35,"5_6_stimuli","5_5","Congruent","Congruent","Incongruent","Incongruent",69.999359,70.199355,"6^",1.031314,"Error","Correct","Correct","Correct"
"9",36,"7_8_stimuli","7_8","Incongruent","Congruent","Congruent","Incongruent",71.99935,72.19934,"8*",0.647327,"Correct","Error","Correct","Correct"
"9",37,"1_2_stimuli","2_2","Congruent","Incongruent","Congruent","Congruent",73.99933,74.19932,"2@",0.615619,"Correct","Correct","Error","Correct"
"9",38,"3_4_stimuli","3_3","Congruent","Congruent","Incongruent","Congruent",75.999316,76.19931,"3#",0.839948,"Correct","Correct","Correct","Error"
"9",39,"5_6_stimuli","6_6","Congruent","Congruent","Congruent","Incongruent",77.999283,78.199289,"6^",1.000119,"Correct","Correct","Correct","Correct"
"9",40,"7_8_stimuli","7_8","Incongruent","Congruent","Congruent","Congruent",79.999274,80.199264,"8*",0.583893,"Correct","Correct","Correct","Correct"
"9",41,"1_2_stimuli","2_1","Incongruent","Incongruent","Congruent","Congruent",81.999247,82.199249,"2@",1.303739,"Error","Correct","Correct","Correct"
"9",42,"3_4_stimuli","4_3","Incongruent","Incongruent","Incongruent","Congruent",83.999241,84.199237,"3#",1.175631,"Correct","Error","Correct","Correct"
"9",43,"5_6_stimuli","6_6","Congruent","Incongruent","Incongruent","Incongruent",85.999216,86.19922,"6^",1.047931,"Correct","Correct","Error","Correct"
"9",44,"7_8_stimuli","8_7","Incongruent","Congruent","Incongruent","Incongruent",87.999197,88.19919,"7&",0.647637,"Correct","Correct","Correct","Error"
"9",45,"1_2_stimuli","1_1","Congruent","Incongruent","Congruent","Incongruent",89.999174,90.199185,"1!",0.503997,"Correct","Correct","Correct","Correct"
"9",46,"3_4_stimuli","4_3","Incongruent","Congruent","Incongruent","Congruent",91.999163,92.199156,"3#",0.776031,"Correct","Correct","Correct","Correct"
"9",47,"5_6_stimuli","6_5","Incongruent","Incongruent","Congruent","Incongruent",93.999154,94.199148,"5%",0.919657,"Correct","Correct","Correct","Correct"
"9",48,"7_8_stimuli","8_8","Congruent","Incongruent","Incongruent","Congruent",95.999119,96.199124,"8*",0.84024,"Correct","Correct","Correct","Correct"
"9",49,"1_2_stimuli","1_1","Congruent","Congruent","Incongruent","Incongruent",97.999108,98.1991,"1!",0.615892,"Correct","Correct","Correct","Correct"
"9",50,"3_4_stimuli","3_4","Incongruent","Congruent","Congruent","Incongruent",99.999086,100.19909,"4$",1.000066,"Correct","Correct","Correct","Correct"
"9",51,"5_6_stimuli","6_6","Congruent","Incongruent","Congruent","Congruent",101.999076,102.199069,"6^",0.823704,"Correct","Correct","Correct","Correct"
"9",52,"7_8_stimuli","8_8","Congruent","Congruent","Incongruent","Congruent",103.999049,104.199045,"8*",0.615924,"Correct","Correct","Correct","Correct"
"9",53,"1_2_stimuli","2_2","Congruent","Congruent","Congruent","Incongruent",105.999036,106.199026,"2@",0.711951,"Correct","Correct","Correct","Correct"
"9",54,"3_4_stimuli","4_3","Incongruent","Congruent","Congruent","Congruent",107.99901,108.199013,"3#",0.66392,"Correct","Correct","Correct","Correct"
"9",55,"5_6_stimuli","5_6","Incongruent","Incongruent","Congruent","Congruent",109.998998,110.199001,"6^",1.047777,"Correct","Correct","Correct","Correct"
"9",56,"7_8_stimuli","7_8","Incongruent","Incongruent","Incongruent","Congruent",111.998986,112.198983,"8*",0.775881,"Correct","Correct","Correct","Correct"
"9",57,"1_2_stimuli","2_1","Incongruent","Incongruent","Incongruent","Incongruent",113.998968,114.198959,"1!",0.52018,"Correct","Correct","Correct","Correct"
"9",58,"3_4_stimuli","3_4","Incongruent","Incongruent","Incongruent","Incongruent",115.998939,116.198942,"4$",1.048345,"Correct","Correct","Correct","Correct"
"9",59,"5_6_stimuli","5_6","Incongruent","Incongruent","Incongruent","Incongruent",117.998931,118.198918,"6^",0.968321,"Correct","Correct","Correct","Correct"
"9",60,"7_8_stimuli","8_8","Congruent","Incongruent","Incongruent","Incongruent",119.998901,120.198909,"7&",0.951968,"Error","Correct","Correct","Correct"
"9",61,"1_2_stimuli","1_2","Incongruent","Congruent","Incongruent","Incongruent",121.998887,122.198892,"2@",0.568075,"Correct","Error","Correct","Correct"
"9",62,"3_4_stimuli","4_4","Congruent","Incongruent","Congruent","Incongruent",123.998867,124.198874,"4$",0.871698,"Correct","Correct","Error","Correct"
"9",63,"5_6_stimuli","5_5","Congruent","Congruent","Incongruent","Congruent",125.998854,126.198848,"6^",0.599798,"Error","Correct","Correct","Error"
"9",64,"7_8_stimuli","7_7","Congruent","Congruent","Congruent","Incongruent",127.998832,128.198828,"7&",0.839762,"Correct","Error","Correct","Correct"
"9",65,"1_2_stimuli","2_2","Congruent","Congruent","Congruent","Congruent",129.998828,130.198817,"2@",0.824377,"Correct","Correct","Error","Correct"
"9",66,"3_4_stimuli","3_3","Congruent","Congruent","Congruent","Congruent",131.998798,132.198797,"3#",0.695825,"Correct","Correct","Correct","Error"
"9",67,"5_6_stimuli","5_5","Congruent","Congruent","Congruent","Congruent",133.998776,134.198777,"5%",0.75984,"Correct","Correct","Correct","Correct"
"9",68,"7_8_stimuli","7_7","Congruent","Congruent","Congruent","Congruent",135.998755,136.198762,"6^",0.551839,"Error","Correct","Correct","Correct"
"10",1,"1_2_stimuli","2_1","Incongruent",NA,NA,NA,1.999991,2.199986,"1!",0.966505,"Correct",NA,NA,NA
"10",2,"3_4_stimuli","4_4","Congruent","Incongruent",NA,NA,3.999973,4.199977,"4$",0.7904,"Correct","Correct",NA,NA
"10",3,"5_6_stimuli","6_5","Incongruent","Congruent","Incongruent",NA,5.999946,6.199947,"5%",0.950401,"Correct","Correct","Correct",NA
"10",4,"7_8_stimuli","8_8","Congruent","Incongruent","Congruent","Incongruent",7.999928,8.199929,"8*",0.502238,"Correct","Correct","Correct","Correct"
"10",5,"1_2_stimuli","1_2","Incongruent","Congruent","Incongruent","Congruent",9.999914,10.199918,"2@",0.518907,"Correct","Correct","Correct","Correct"
"10",6,"3_4_stimuli","4_3","Incongruent","Incongruent","Congruent","Incongruent",11.999907,12.199903,"2@",0.550454,"Error","Correct","Correct","Correct"
"10",7,"5_6_stimuli","6_6","Congruent","Incongruent","Incongruent","Congruent",13.999883,14.199875,"6^",0.854367,"Correct","Error","Correct","Correct"
"10",8,"7_8_stimuli","8_7","Incongruent","Congruent","Incongruent","Incongruent",15.999864,16.199868,"7&",0.502476,"Correct","Correct","Error","Correct"
"10",9,"1_2_stimuli","1_1","Congruent","Incongruent","Congruent","Incongruent",17.999845,18.19984,"1!",0.518725,"Correct","Correct","Correct","Error"
"10",10,"3_4_stimuli","3_3","Congruent","Congruent","Incongruent","Congruent",19.999827,20.199821,"3#",0.662597,"Correct","Correct","Correct","Correct"
"10",11,"5_6_stimuli","5_5","Congruent","Congruent","Congruent","Incongruent",21.999813,22.199809,"5%",0.7906,"Correct","Correct","Correct","Correct"
"10",12,"7_8_stimuli","7_7","Congruent","Congruent","Congruent","Congruent",23.999791,24.19979,"7&",0.678324,"Correct","Correct","Correct","Correct"
"10",13,"1_2_stimuli","1_2","Incongruent","Congruent","Congruent","Congruent",25.99978,26.199762,"2@",0.582654,"Correct","Correct","Correct","Correct"
"10",14,"3_4_stimuli","3_4","Incongruent","Incongruent","Congruent","Congruent",27.999753,28.199748,"4$",0.422693,"Correct","Correct","Correct","Correct"
"10",15,"5_6_stimuli","6_5","Incongruent","Incongruent","Incongruent","Congruent",29.999736,30.199727,"5%",0.870631,"Correct","Correct","Correct","Correct"
"10",16,"7_8_stimuli","8_7","Incongruent","Incongruent","Incongruent","Incongruent",31.999725,32.19972,"7&",0.598579,"Correct","Correct","Correct","Correct"
"10",17,"1_2_stimuli","1_1","Congruent","Incongruent","Incongruent","Incongruent",33.999691,34.199694,"1!",0.550399,"Correct","Correct","Correct","Correct"
"10",18,"3_4_stimuli","4_4","Congruent","Congruent","Incongruent","Incongruent",35.999678,36.199669,"4$",0.918872,"Correct","Correct","Correct","Correct"
"10",19,"5_6_stimuli","5_6","Incongruent","Congruent","Congruent","Incongruent",37.999665,38.199658,"5%",0.710859,"Error","Correct","Correct","Correct"
"10",20,"7_8_stimuli","8_8","Congruent","Incongruent","Congruent","Congruent",39.999643,40.199651,"7&",0.998679,"Error","Error","Correct","Correct"
"10",21,"1_2_stimuli","1_1","Congruent","Congruent","Incongruent","Congruent",41.999628,42.199624,"1!",0.518576,"Correct","Error","Error","Correct"
"10",22,"3_4_stimuli","4_3","Incongruent","Congruent","Congruent","Incongruent",43.999613,44.199613,"3#",0.69497,"Correct","Correct","Error","Error"
"10",23,"5_6_stimuli","5_5","Congruent","Incongruent","Congruent","Congruent",45.999586,46.199594,"5%",0.982759,"Correct","Correct","Correct","Error"
"10",24,"7_8_stimuli","7_7","Congruent","Congruent","Incongruent","Congruent",47.999576,48.199575,"7&",0.903069,"Correct","Correct","Correct","Correct"
"10",25,"1_2_stimuli","2_1","Incongruent","Congruent","Congruent","Incongruent",49.999556,50.199546,"1!",0.470823,"Correct","Correct","Correct","Correct"
"10",26,"3_4_stimuli","4_4","Congruent","Incongruent","Congruent","Congruent",51.999533,52.199529,"4$",1.44655,"Correct","Correct","Correct","Correct"
"10",27,"5_6_stimuli","5_5","Congruent","Congruent","Incongruent","Congruent",53.999513,54.199512,"5%",0.678542,"Correct","Correct","Correct","Correct"
"10",28,"7_8_stimuli","7_7","Congruent","Congruent","Congruent","Incongruent",55.999495,56.199494,"7&",0.678766,"Correct","Correct","Correct","Correct"
"10",29,"1_2_stimuli","1_1","Congruent","Congruent","Congruent","Congruent",57.999483,58.199471,"1!",0.454721,"Correct","Correct","Correct","Correct"
"10",30,"3_4_stimuli","3_3","Congruent","Congruent","Congruent","Congruent",59.999463,60.19946,"3#",0.614769,"Correct","Correct","Correct","Correct"
"10",31,"5_6_stimuli","5_5","Congruent","Congruent","Congruent","Congruent",61.999437,62.199434,"5%",0.679063,"Correct","Correct","Correct","Correct"
"10",32,"7_8_stimuli","7_8","Incongruent","Congruent","Congruent","Congruent",63.999429,64.199429,"8*",0.630691,"Correct","Correct","Correct","Correct"
"10",33,"1_2_stimuli","1_2","Incongruent","Incongruent","Congruent","Congruent",65.999401,66.199398,"2@",0.598498,"Correct","Correct","Correct","Correct"
"10",34,"3_4_stimuli","3_4","Incongruent","Incongruent","Incongruent","Congruent",67.999393,68.199384,"4$",0.615131,"Correct","Correct","Correct","Correct"
"10",35,"5_6_stimuli","6_6","Congruent","Incongruent","Incongruent","Incongruent",69.999369,70.199368,"6^",1.063079,"Correct","Correct","Correct","Correct"
"10",36,"7_8_stimuli","8_8","Congruent","Congruent","Incongruent","Incongruent",71.999356,72.19934,"8*",0.535194,"Correct","Correct","Correct","Correct"
"10",37,"1_2_stimuli","2_2","Congruent","Congruent","Congruent","Incongruent",73.99934,74.199333,"2@",0.614773,"Correct","Correct","Correct","Correct"
"10",38,"3_4_stimuli","3_4","Incongruent","Congruent","Congruent","Congruent",75.999309,76.19932,"3#",0.598976,"Error","Correct","Correct","Correct"
"10",39,"5_6_stimuli","6_5","Incongruent","Incongruent","Congruent","Congruent",77.999288,78.199296,"5%",1.015059,"Correct","Error","Correct","Correct"
"10",40,"7_8_stimuli","7_7","Congruent","Incongruent","Incongruent","Congruent",79.999272,80.199278,"6^",1.302732,"Error","Correct","Error","Correct"
"10",41,"1_2_stimuli","1_2","Incongruent","Congruent","Incongruent","Incongruent",81.999268,82.199269,"2@",0.550945,"Correct","Error","Correct","Error"
"10",42,"3_4_stimuli","3_3","Congruent","Incongruent","Congruent","Incongruent",83.999238,84.199237,"3#",0.742785,"Correct","Correct","Error","Correct"
"10",43,"5_6_stimuli","5_6","Incongruent","Congruent","Incongruent","Congruent",85.999217,86.199228,"6^",0.823171,"Correct","Correct","Correct","Error"
"10",44,"7_8_stimuli","7_8","Incongruent","Incongruent","Congruent","Incongruent",87.999207,88.199195,"8*",0.567226,"Correct","Correct","Correct","Correct"
"10",45,"1_2_stimuli","2_2","Congruent","Incongruent","Incongruent","Congruent",89.999178,90.199188,"2@",0.535041,"Correct","Correct","Correct","Correct"
"10",46,"3_4_stimuli","4_3","Incongruent","Congruent","Incongruent","Incongruent",91.999169,92.199157,"3#",1.030922,"Correct","Correct","Correct","Correct"
"10",47,"5_6_stimuli","5_6","Incongruent","Incongruent","Congruent","Incongruent",93.999147,94.199155,"6^",1.39876,"Correct","Correct","Correct","Correct"
"10",48,"7_8_stimuli","8_7","Incongruent","Incongruent","Incongruent","Congruent",95.999143,96.199131,"7&",0.503214,"Correct","Correct","Correct","Correct"
"10",49,"1_2_stimuli","2_1","Incongruent","Incongruent","Incongruent","Incongruent",97.999107,98.199111,"1!",0.583191,"Correct","Correct","Correct","Correct"
"10",50,"3_4_stimuli","3_4","Incongruent","Incongruent","Incongruent","Incongruent",99.999095,100.199098,"4$",0.663207,"Correct","Correct","Correct","Correct"
"10",51,"5_6_stimuli","6_5","Incongruent","Incongruent","Incongruent","Incongruent",101.99908,102.199081,"5%",0.918997,"Correct","Correct","Correct","Correct"
"10",52,"7_8_stimuli","8_8","Congruent","Incongruent","Incongruent","Incongruent",103.999054,104.199055,"7&",0.83907,"Error","Correct","Correct","Correct"
"10",53,"1_2_stimuli","2_2","Congruent","Congruent","Incongruent","Incongruent",105.999042,106.199033,"2@",0.551391,"Correct","Error","Correct","Correct"
"10",54,"3_4_stimuli","4_4","Congruent","Congruent","Congruent","Incongruent",107.999026,108.199027,"6^",0.8232,"Error","Correct","Error","Correct"
"10",55,"5_6_stimuli","6_5","Incongruent","Congruent","Congruent","Congruent",109.999004,110.199,"5%",1.49502,"Correct","Error","Correct","Error"
"10",56,"7_8_stimuli","7_8","Incongruent","Incongruent","Congruent","Congruent",111.998982,112.198977,"8*",0.646973,"Correct","Correct","Error","Correct"
"10",57,"1_2_stimuli","2_1","Incongruent","Incongruent","Incongruent","Congruent",113.99897,114.198969,"1!",0.67925,"Correct","Correct","Correct","Error"
"10",58,"3_4_stimuli","4_4","Congruent","Incongruent","Incongruent","Incongruent",115.998945,116.198945,"4$",0.807143,"Correct","Correct","Correct","Correct"
"10",59,"5_6_stimuli","6_6","Congruent","Congruent","Incongruent","Incongruent",117.998934,118.198923,"6^",0.790969,"Correct","Correct","Correct","Correct"
"10",60,"7_8_stimuli","7_8","Incongruent","Congruent","Congruent","Incongruent",119.998908,120.198917,"8*",0.503077,"Correct","Correct","Correct","Correct"
"10",61,"1_2_stimuli","2_2","Congruent","Incongruent","Congruent","Congruent",121.998886,122.198888,"2@",0.567236,"Correct","Correct","Correct","Correct"
"10",62,"3_4_stimuli","4_3","Incongruent","Congruent","Incongruent","Congruent",123.998866,124.198872,"3#",0.679427,"Correct","Correct","Correct","Correct"
"10",63,"5_6_stimuli","6_6","Congruent","Incongruent","Congruent","Incongruent",125.998861,126.198859,"6^",0.951037,"Correct","Correct","Correct","Correct"
"10",64,"7_8_stimuli","8_7","Incongruent","Congruent","Incongruent","Congruent",127.998832,128.198838,"7&",0.56745,"Correct","Correct","Correct","Correct"
"10",65,"1_2_stimuli","2_1","Incongruent","Incongruent","Congruent","Incongruent",129.99882,130.198813,"1!",0.647268,"Correct","Correct","Correct","Correct"
"10",66,"3_4_stimuli","3_3","Congruent","Incongruent","Incongruent","Congruent",131.998796,132.198799,"3#",0.647122,"Correct","Correct","Correct","Correct"
"10",67,"5_6_stimuli","5_6","Incongruent","Congruent","Incongruent","Incongruent",133.998778,134.198773,"6^",1.191352,"Correct","Correct","Correct","Correct"
"10",68,"7_8_stimuli","8_8","Congruent","Incongruent","Congruent","Incongruent",135.998829,136.198759,"8*",1.09524,"Correct","Correct","Correct","Correct"
"11",1,"1_2_stimuli","2_2","Congruent",NA,NA,NA,1.999985,2.199984,"Omission",5000,"Omission",NA,NA,NA
"11",2,"3_4_stimuli","3_4","Incongruent","Congruent",NA,NA,3.999964,4.199969,"4$",0.960975,"Correct","Omission",NA,NA
"11",3,"5_6_stimuli","6_6","Congruent","Incongruent","Congruent",NA,5.999954,6.19995,"6^",0.672655,"Correct","Correct","Omission",NA
"11",4,"7_8_stimuli","7_8","Incongruent","Congruent","Incongruent","Congruent",7.999934,8.199929,"8*",0.529082,"Correct","Correct","Correct","Omission"
"11",5,"1_2_stimuli","1_2","Incongruent","Incongruent","Congruent","Incongruent",9.999913,10.199911,"1!",0.416582,"Error","Correct","Correct","Correct"
"11",6,"3_4_stimuli","4_4","Congruent","Incongruent","Incongruent","Congruent",11.999896,12.199892,"4$",0.592747,"Correct","Error","Correct","Correct"
"11",7,"5_6_stimuli","6_5","Incongruent","Congruent","Incongruent","Incongruent",13.999873,14.199879,"5%",0.560832,"Correct","Correct","Error","Correct"
"11",8,"7_8_stimuli","7_8","Incongruent","Incongruent","Congruent","Incongruent",15.999846,16.199872,"8*",0.640889,"Correct","Correct","Correct","Error"
"11",9,"1_2_stimuli","1_2","Incongruent","Incongruent","Incongruent","Congruent",17.999833,18.199839,"2@",0.561246,"Correct","Correct","Correct","Correct"
"11",10,"3_4_stimuli","4_3","Incongruent","Incongruent","Incongruent","Incongruent",19.999801,20.199831,"3#",0.641394,"Correct","Correct","Correct","Correct"
"11",11,"5_6_stimuli","6_5","Incongruent","Incongruent","Incongruent","Incongruent",21.999806,22.199793,"6^",0.704967,"Error","Correct","Correct","Correct"
"11",12,"7_8_stimuli","8_7","Incongruent","Incongruent","Incongruent","Incongruent",23.999796,24.199783,"7&",0.497194,"Correct","Error","Correct","Correct"
"11",13,"1_2_stimuli","2_2","Congruent","Incongruent","Incongruent","Incongruent",25.999771,26.199765,"2@",0.544907,"Correct","Correct","Error","Correct"
"11",14,"3_4_stimuli","4_4","Congruent","Congruent","Incongruent","Incongruent",27.999741,28.199739,"4$",0.928963,"Correct","Correct","Correct","Error"
"11",15,"5_6_stimuli","6_6","Congruent","Congruent","Congruent","Incongruent",29.999721,30.199713,"5%",0.897143,"Error","Correct","Correct","Correct"
"11",16,"7_8_stimuli","8_7","Incongruent","Congruent","Congruent","Congruent",31.999723,32.199709,"7&",0.464706,"Correct","Error","Correct","Correct"
"11",17,"1_2_stimuli","1_1","Congruent","Incongruent","Congruent","Congruent",33.999693,34.199673,"2@",0.513287,"Error","Correct","Error","Correct"
"11",18,"3_4_stimuli","4_4","Congruent","Congruent","Incongruent","Congruent",35.999668,36.199673,"4$",0.848699,"Correct","Error","Correct","Error"
"11",19,"5_6_stimuli","5_6","Incongruent","Congruent","Congruent","Incongruent",37.999657,38.199663,"6^",1.137488,"Correct","Correct","Error","Correct"
"11",20,"7_8_stimuli","8_8","Congruent","Incongruent","Congruent","Congruent",39.999643,40.199647,"8*",1.248793,"Correct","Correct","Correct","Error"
"11",21,"1_2_stimuli","2_2","Congruent","Congruent","Incongruent","Congruent",41.999632,42.199622,"2@",0.705032,"Correct","Correct","Correct","Correct"
"11",22,"3_4_stimuli","4_3","Incongruent","Congruent","Congruent","Incongruent",43.999606,44.199607,"3#",1.009037,"Correct","Correct","Correct","Correct"
"11",23,"5_6_stimuli","6_6","Congruent","Incongruent","Congruent","Congruent",45.999576,46.199589,"6^",1.040864,"Correct","Correct","Correct","Correct"
"11",24,"7_8_stimuli","7_8","Incongruent","Congruent","Incongruent","Congruent",47.999569,48.199559,"8*",0.801067,"Correct","Correct","Correct","Correct"
"11",25,"1_2_stimuli","2_2","Congruent","Incongruent","Congruent","Incongruent",49.999548,50.199551,"2@",0.881038,"Correct","Correct","Correct","Correct"
"11",26,"3_4_stimuli","3_4","Incongruent","Congruent","Incongruent","Congruent",51.999524,52.199525,"3#",0.705325,"Error","Correct","Correct","Correct"
"11",27,"5_6_stimuli","5_5","Congruent","Incongruent","Congruent","Incongruent",53.999516,54.199506,"5%",0.817716,"Correct","Error","Correct","Correct"
"11",28,"7_8_stimuli","7_7","Congruent","Congruent","Incongruent","Congruent",55.999492,56.199482,"6^",1.393659,"Error","Correct","Error","Correct"
"11",29,"1_2_stimuli","1_2","Incongruent","Congruent","Congruent","Incongruent",57.999474,58.199471,"2@",0.737152,"Correct","Error","Correct","Error"
"11",30,"3_4_stimuli","4_3","Incongruent","Incongruent","Congruent","Congruent",59.999463,60.199458,"3#",0.737082,"Correct","Correct","Error","Correct"
"11",31,"5_6_stimuli","5_6","Incongruent","Incongruent","Incongruent","Congruent",61.999432,62.199439,"6^",0.945506,"Correct","Correct","Correct","Error"
"11",32,"7_8_stimuli","8_8","Congruent","Incongruent","Incongruent","Incongruent",63.999423,64.19941,"8*",0.672975,"Correct","Correct","Correct","Correct"
"11",33,"1_2_stimuli","2_2","Congruent","Congruent","Incongruent","Incongruent",65.999405,66.199404,"2@",0.785192,"Correct","Correct","Correct","Correct"
"11",34,"3_4_stimuli","3_3","Congruent","Congruent","Congruent","Incongruent",67.999391,68.199382,"2@",0.657391,"Error","Correct","Correct","Correct"
"11",35,"5_6_stimuli","6_6","Congruent","Congruent","Congruent","Congruent",69.999375,70.199357,"6^",0.753681,"Correct","Error","Correct","Correct"
"11",36,"7_8_stimuli","8_8","Congruent","Congruent","Congruent","Congruent",71.999356,72.199338,"8*",0.977245,"Correct","Correct","Error","Correct"
"11",37,"1_2_stimuli","2_1","Incongruent","Congruent","Congruent","Congruent",73.999329,74.199317,"1!",0.609942,"Correct","Correct","Correct","Error"
"11",38,"3_4_stimuli","4_4","Congruent","Incongruent","Congruent","Congruent",75.999319,76.199301,"4$",0.705603,"Correct","Correct","Correct","Correct"
"11",39,"5_6_stimuli","5_6","Incongruent","Congruent","Incongruent","Congruent",77.999291,78.199283,"6^",0.753804,"Correct","Correct","Correct","Correct"
"11",40,"7_8_stimuli","8_8","Congruent","Incongruent","Congruent","Incongruent",79.999275,80.199266,"8*",1.009762,"Correct","Correct","Correct","Correct"
"11",41,"1_2_stimuli","2_1","Incongruent","Congruent","Incongruent","Congruent",81.999264,82.199258,"1!",0.849605,"Correct","Correct","Correct","Correct"
"11",42,"3_4_stimuli","3_3","Congruent","Incongruent","Congruent","Incongruent",83.999239,84.199238,"3#",0.68951,"Correct","Correct","Correct","Correct"
"11",43,"5_6_stimuli","5_5","Congruent","Congruent","Incongruent","Congruent",85.999212,86.199211,"5%",0.834021,"Correct","Correct","Correct","Correct"
"11",44,"7_8_stimuli","7_7","Congruent","Congruent","Congruent","Incongruent",87.999205,88.199197,"7&",1.185097,"Correct","Correct","Correct","Correct"
"11",45,"1_2_stimuli","1_1","Congruent","Congruent","Congruent","Congruent",89.999179,90.199177,"1!",0.68957,"Correct","Correct","Correct","Correct"
"11",46,"3_4_stimuli","3_3","Congruent","Congruent","Congruent","Congruent",91.999166,92.199156,"3#",0.897451,"Correct","Correct","Correct","Correct"
"11",47,"5_6_stimuli","6_5","Incongruent","Congruent","Congruent","Congruent",93.999144,94.199139,"5%",0.689538,"Correct","Correct","Correct","Correct"
"11",48,"7_8_stimuli","8_7","Incongruent","Incongruent","Congruent","Congruent",95.99912,96.199124,"6^",0.641908,"Error","Correct","Correct","Correct"
"11",49,"1_2_stimuli","1_1","Congruent","Incongruent","Incongruent","Congruent",97.999114,98.199103,"1!",0.465202,"Correct","Error","Correct","Correct"
"11",50,"3_4_stimuli","4_3","Incongruent","Congruent","Incongruent","Incongruent",99.999086,100.199082,"3#",0.417278,"Correct","Correct","Error","Correct"
"11",51,"5_6_stimuli","6_5","Incongruent","Incongruent","Congruent","Incongruent",101.999065,102.199072,"6^",0.961597,"Error","Correct","Correct","Error"
"11",52,"7_8_stimuli","8_7","Incongruent","Incongruent","Incongruent","Congruent",103.999048,104.199049,"7&",0.60981,"Correct","Error","Correct","Correct"
"11",53,"1_2_stimuli","2_1","Incongruent","Incongruent","Incongruent","Incongruent",105.999034,106.199029,"1!",0.48186,"Correct","Correct","Error","Correct"
"11",54,"3_4_stimuli","3_3","Congruent","Incongruent","Incongruent","Incongruent",107.999012,108.199012,"3#",0.65738,"Correct","Correct","Correct","Error"
"11",55,"5_6_stimuli","5_5","Congruent","Congruent","Incongruent","Incongruent",109.999,110.19899,"5%",0.641933,"Correct","Correct","Correct","Correct"
"11",56,"7_8_stimuli","7_8","Incongruent","Congruent","Congruent","Incongruent",111.998978,112.198975,"8*",0.977361,"Correct","Correct","Correct","Correct"
"11",57,"1_2_stimuli","2_1","Incongruent","Incongruent","Congruent","Congruent",113.998963,114.198958,"1!",0.530528,"Correct","Correct","Correct","Correct"
"11",58,"3_4_stimuli","3_4","Incongruent","Incongruent","Incongruent","Congruent",115.998946,116.198942,"4$",0.6579,"Correct","Correct","Correct","Correct"
"11",59,"5_6_stimuli","6_6","Congruent","Incongruent","Incongruent","Incongruent",117.99892,118.198933,"6^",0.881428,"Correct","Correct","Correct","Correct"
"11",60,"7_8_stimuli","7_7","Congruent","Congruent","Incongruent","Incongruent",119.998915,120.198912,"7&",0.801616,"Correct","Correct","Correct","Correct"
"11",61,"1_2_stimuli","1_1","Congruent","Congruent","Congruent","Incongruent",121.99889,122.19888,"1!",0.593421,"Correct","Correct","Correct","Correct"
"11",62,"3_4_stimuli","3_4","Incongruent","Congruent","Congruent","Congruent",123.998869,124.198865,"4$",0.737871,"Correct","Correct","Correct","Correct"
"11",63,"5_6_stimuli","5_6","Incongruent","Incongruent","Congruent","Congruent",125.998858,126.198856,"5%",0.817729,"Error","Correct","Correct","Correct"
"11",64,"7_8_stimuli","7_7","Congruent","Incongruent","Incongruent","Congruent",127.998837,128.198836,"6^",0.913777,"Error","Error","Correct","Correct"
"11",65,"1_2_stimuli","1_2","Incongruent","Congruent","Incongruent","Incongruent",129.998815,130.198817,"2@",0.753466,"Correct","Error","Error","Correct"
"11",66,"3_4_stimuli","3_4","Incongruent","Incongruent","Congruent","Incongruent",131.998793,132.198796,"4$",0.705865,"Correct","Correct","Error","Error"
"11",67,"5_6_stimuli","5_5","Congruent","Incongruent","Incongruent","Congruent",133.998782,134.198778,"5%",0.817673,"Correct","Correct","Correct","Error"
"11",68,"7_8_stimuli","7_8","Incongruent","Congruent","Incongruent","Incongruent",135.99876,136.198752,"8*",1.217774,"Correct","Correct","Correct","Correct"
"12",1,"1_2_stimuli","2_1","Incongruent",NA,NA,NA,1.99998,2.199975,"1!",0.571179,"Correct",NA,NA,NA
"12",2,"3_4_stimuli","3_4","Incongruent","Incongruent",NA,NA,3.999971,4.199961,"4$",0.73139,"Correct","Correct",NA,NA
"12",3,"5_6_stimuli","6_5","Incongruent","Incongruent","Incongruent",NA,5.999947,6.199949,"Omission",5000,"Omission","Correct","Correct",NA
"12",4,"7_8_stimuli","7_8","Incongruent","Incongruent","Incongruent","Incongruent",7.999932,8.199936,"8*",0.603421,"Correct","Omission","Correct","Correct"
"12",5,"1_2_stimuli","1_1","Congruent","Incongruent","Incongruent","Incongruent",9.999917,10.19991,"1!",0.426954,"Correct","Correct","Omission","Correct"
"12",6,"3_4_stimuli","4_3","Incongruent","Congruent","Incongruent","Incongruent",11.999903,12.199888,"3#",0.587678,"Correct","Correct","Correct","Omission"
"12",7,"5_6_stimuli","6_6","Congruent","Incongruent","Congruent","Incongruent",13.999877,14.199882,"6^",0.795393,"Correct","Correct","Correct","Correct"
"12",8,"7_8_stimuli","8_7","Incongruent","Congruent","Incongruent","Congruent",15.999865,16.199864,"7&",0.71576,"Correct","Correct","Correct","Correct"
"12",9,"1_2_stimuli","1_1","Congruent","Incongruent","Congruent","Incongruent",17.999844,18.199843,"1!",0.395262,"Correct","Correct","Correct","Correct"
"12",10,"3_4_stimuli","4_4","Congruent","Congruent","Incongruent","Congruent",19.999816,20.199822,"4$",0.683545,"Correct","Correct","Correct","Correct"
"12",11,"5_6_stimuli","5_6","Incongruent","Congruent","Congruent","Incongruent",21.999806,22.199812,"6^",1.067076,"Correct","Correct","Correct","Correct"
"12",12,"7_8_stimuli","8_8","Congruent","Incongruent","Congruent","Congruent",23.999781,24.199789,"8*",0.491625,"Correct","Correct","Correct","Correct"
"12",13,"1_2_stimuli","1_2","Incongruent","Congruent","Incongruent","Congruent",25.999763,26.199768,"1!",0.395567,"Error","Correct","Correct","Correct"
"12",14,"3_4_stimuli","3_4","Incongruent","Incongruent","Congruent","Incongruent",27.999756,28.199752,"Omission",5000,"Omission","Error","Correct","Correct"
"12",15,"5_6_stimuli","6_6","Congruent","Incongruent","Incongruent","Congruent",29.999736,30.199735,"6^",1.227755,"Correct","Omission","Error","Correct"
"12",16,"7_8_stimuli","8_8","Congruent","Congruent","Incongruent","Incongruent",31.999711,32.199705,"8*",0.97119,"Correct","Correct","Omission","Error"
"12",17,"1_2_stimuli","2_1","Incongruent","Congruent","Congruent","Incongruent",33.999703,34.199689,"1!",0.63543,"Correct","Correct","Correct","Omission"
"12",18,"3_4_stimuli","3_4","Incongruent","Incongruent","Congruent","Congruent",35.999675,36.19968,"4$",0.683598,"Correct","Correct","Correct","Correct"
"12",19,"5_6_stimuli","6_5","Incongruent","Incongruent","Incongruent","Congruent",37.999665,38.199663,"5%",0.955686,"Correct","Correct","Correct","Correct"
"12",20,"7_8_stimuli","7_8","Incongruent","Incongruent","Incongruent","Incongruent",39.99964,40.199644,"8*",0.731838,"Correct","Correct","Correct","Correct"
"12",21,"1_2_stimuli","1_2","Incongruent","Incongruent","Incongruent","Incongruent",41.999624,42.199613,"2@",0.683555,"Correct","Correct","Correct","Correct"
"12",22,"3_4_stimuli","3_3","Congruent","Incongruent","Incongruent","Incongruent",43.999607,44.199605,"3#",1.163692,"Correct","Correct","Correct","Correct"
"12",23,"5_6_stimuli","5_5","Congruent","Congruent","Incongruent","Incongruent",45.999596,46.199588,"5%",1.323972,"Correct","Correct","Correct","Correct"
"12",24,"7_8_stimuli","7_7","Congruent","Congruent","Congruent","Incongruent",47.999575,48.199568,"6^",0.539317,"Error","Correct","Correct","Correct"
"12",25,"1_2_stimuli","2_2","Congruent","Congruent","Congruent","Congruent",49.999548,50.199556,"2@",0.699587,"Correct","Error","Correct","Correct"
"12",26,"3_4_stimuli","3_4","Incongruent","Congruent","Congruent","Congruent",51.999527,52.199531,"4$",0.859881,"Correct","Correct","Error","Correct"
"12",27,"5_6_stimuli","6_6","Congruent","Incongruent","Congruent","Congruent",53.999512,54.199508,"5%",1.131552,"Error","Correct","Correct","Error"
"12",28,"7_8_stimuli","7_7","Congruent","Congruent","Incongruent","Congruent",55.999492,56.199494,"7&",0.859898,"Correct","Error","Correct","Correct"
"12",29,"1_2_stimuli","1_1","Congruent","Congruent","Congruent","Incongruent",57.999476,58.199481,"1!",0.683804,"Correct","Correct","Error","Correct"
"12",30,"3_4_stimuli","4_4","Congruent","Congruent","Congruent","Congruent",59.999464,60.19945,"4$",1.019726,"Correct","Correct","Correct","Error"
"12",31,"5_6_stimuli","6_5","Incongruent","Congruent","Congruent","Congruent",61.999435,62.199428,"4$",1.323911,"Error","Correct","Correct","Correct"
"12",32,"7_8_stimuli","8_7","Incongruent","Incongruent","Congruent","Congruent",63.99942,64.199417,"7&",1.052115,"Correct","Error","Correct","Correct"
"12",33,"1_2_stimuli","1_2","Incongruent","Incongruent","Incongruent","Congruent",65.9994,66.199398,"2@",0.908115,"Correct","Correct","Error","Correct"
"12",34,"3_4_stimuli","4_3","Incongruent","Incongruent","Incongruent","Incongruent",67.999391,68.199382,"3#",0.891981,"Correct","Correct","Correct","Error"
"12",35,"5_6_stimuli","5_6","Incongruent","Incongruent","Incongruent","Incongruent",69.999366,70.199359,"5%",0.955714,"Error","Correct","Correct","Correct"
"12",36,"7_8_stimuli","7_7","Congruent","Incongruent","Incongruent","Incongruent",71.999358,72.199358,"7&",0.875894,"Correct","Error","Correct","Correct"
"12",37,"1_2_stimuli","1_1","Congruent","Congruent","Incongruent","Incongruent",73.999324,74.199326,"1!",0.50792,"Correct","Correct","Error","Correct"
"12",38,"3_4_stimuli","3_3","Congruent","Congruent","Congruent","Incongruent",75.999314,76.199314,"3#",0.540353,"Correct","Correct","Correct","Error"
"12",39,"5_6_stimuli","5_5","Congruent","Congruent","Congruent","Congruent",77.999295,78.199293,"5%",0.875767,"Correct","Correct","Correct","Correct"
"12",40,"7_8_stimuli","8_7","Incongruent","Congruent","Congruent","Congruent",79.999269,80.199272,"7&",1.100015,"Correct","Correct","Correct","Correct"
"12",41,"1_2_stimuli","2_2","Congruent","Incongruent","Congruent","Congruent",81.999255,82.199253,"2@",0.732037,"Correct","Correct","Correct","Correct"
"12",42,"3_4_stimuli","4_3","Incongruent","Congruent","Incongruent","Congruent",83.999251,84.199233,"3#",0.619793,"Correct","Correct","Correct","Correct"
"12",43,"5_6_stimuli","5_6","Incongruent","Incongruent","Congruent","Incongruent",85.999221,86.199217,"6^",1.00358,"Correct","Correct","Correct","Correct"
"12",44,"7_8_stimuli","8_8","Congruent","Incongruent","Incongruent","Congruent",87.999205,88.1992,"8*",0.508144,"Correct","Correct","Correct","Correct"
"12",45,"1_2_stimuli","2_1","Incongruent","Congruent","Incongruent","Incongruent",89.999186,90.199181,"1!",0.380296,"Correct","Correct","Correct","Correct"
"12",46,"3_4_stimuli","4_4","Congruent","Incongruent","Congruent","Incongruent",91.999163,92.199156,"4$",0.619948,"Correct","Correct","Correct","Correct"
"12",47,"5_6_stimuli","5_5","Congruent","Congruent","Incongruent","Congruent",93.999148,94.199143,"5%",0.683778,"Correct","Correct","Correct","Correct"
"12",48,"7_8_stimuli","7_8","Incongruent","Congruent","Congruent","Incongruent",95.999127,96.19912,"7&",0.796221,"Error","Correct","Correct","Correct"
"12",49,"1_2_stimuli","1_2","Incongruent","Incongruent","Congruent","Congruent",97.999107,98.199115,"2@",0.443939,"Correct","Error","Correct","Correct"
"12",50,"3_4_stimuli","4_3","Incongruent","Incongruent","Incongruent","Congruent",99.999093,100.199095,"3#",0.284122,"Correct","Correct","Error","Correct"
"12",51,"5_6_stimuli","5_5","Congruent","Incongruent","Incongruent","Incongruent",101.999068,102.199069,"5%",0.939938,"Correct","Correct","Correct","Error"
"12",52,"7_8_stimuli","7_8","Incongruent","Congruent","Incongruent","Incongruent",103.999057,104.199054,"8*",1.35606,"Correct","Correct","Correct","Correct"
"12",53,"1_2_stimuli","2_1","Incongruent","Incongruent","Congruent","Incongruent",105.999037,106.199037,"1!",0.571926,"Correct","Correct","Correct","Correct"
"12",54,"3_4_stimuli","3_3","Congruent","Incongruent","Incongruent","Congruent",107.999017,108.199015,"3#",0.78002,"Correct","Correct","Correct","Correct"
"12",55,"5_6_stimuli","6_5","Incongruent","Congruent","Incongruent","Incongruent",109.999004,110.198996,"5%",0.828617,"Correct","Correct","Correct","Correct"
"12",56,"7_8_stimuli","7_8","Incongruent","Incongruent","Congruent","Incongruent",111.998984,112.198982,"6^",1.404002,"Error","Correct","Correct","Correct"
"12",57,"1_2_stimuli","2_2","Congruent","Incongruent","Incongruent","Congruent",113.998972,114.198964,"2@",0.652212,"Correct","Error","Correct","Correct"
"12",58,"3_4_stimuli","3_3","Congruent","Congruent","Incongruent","Incongruent",115.998959,116.198945,"3#",0.732163,"Correct","Correct","Error","Correct"
"12",59,"5_6_stimuli","6_6","Congruent","Congruent","Congruent","Incongruent",117.998932,118.198926,"5%",1.275886,"Error","Correct","Correct","Error"
"12",60,"7_8_stimuli","7_7","Congruent","Congruent","Congruent","Congruent",119.99892,120.198903,"7&",0.684271,"Correct","Error","Correct","Correct"
"12",61,"1_2_stimuli","2_1","Incongruent","Congruent","Congruent","Congruent",121.998891,122.198888,"1!",0.476532,"Correct","Correct","Error","Correct"
"12",62,"3_4_stimuli","4_4","Congruent","Incongruent","Congruent","Congruent",123.998871,124.198877,"5%",1.067955,"Error","Correct","Correct","Error"
"12",63,"5_6_stimuli","5_6","Incongruent","Congruent","Incongruent","Congruent",125.99886,126.198852,"6^",1.052246,"Correct","Error","Correct","Correct"
"12",64,"7_8_stimuli","8_8","Congruent","Incongruent","Congruent","Incongruent",127.998838,128.198846,"8*",1.068281,"Correct","Correct","Error","Correct"
"12",65,"1_2_stimuli","2_2","Congruent","Congruent","Incongruent","Congruent",129.99882,130.198812,"2@",0.572427,"Correct","Correct","Correct","Error"
"12",66,"3_4_stimuli","3_4","Incongruent","Congruent","Congruent","Incongruent",131.998799,132.198794,"4$",0.956556,"Correct","Correct","Correct","Correct"
"12",67,"5_6_stimuli","6_5","Incongruent","Incongruent","Congruent","Congruent",133.998785,134.198782,"5%",0.636617,"Correct","Correct","Correct","Correct"
"12",68,"7_8_stimuli","8_7","Incongruent","Incongruent","Incongruent","Congruent",135.998763,136.198763,"7&",0.87628,"Correct","Correct","Correct","Correct"
"13",1,"1_2_stimuli","1_2","Incongruent",NA,NA,NA,1.999979,2.199977,"2@",0.675829,"Correct",NA,NA,NA
"13",2,"3_4_stimuli","3_4","Incongruent","Incongruent",NA,NA,3.999962,4.199966,"4$",0.851746,"Correct","Correct",NA,NA
"13",3,"5_6_stimuli","5_6","Incongruent","Incongruent","Incongruent",NA,5.999936,6.199949,"6^",0.963834,"Correct","Correct","Correct",NA
"13",4,"7_8_stimuli","8_7","Incongruent","Incongruent","Incongruent","Incongruent",7.999923,8.199913,"7&",0.691775,"Correct","Correct","Correct","Correct"
"13",5,"1_2_stimuli","1_1","Congruent","Incongruent","Incongruent","Incongruent",9.999905,10.1999,"1!",0.548091,"Correct","Correct","Correct","Correct"
"13",6,"3_4_stimuli","3_3","Congruent","Congruent","Incongruent","Incongruent",11.999886,12.199887,"3#",0.835928,"Correct","Correct","Correct","Correct"
"13",7,"5_6_stimuli","5_6","Incongruent","Congruent","Congruent","Incongruent",13.999881,14.199868,"6^",0.899965,"Correct","Correct","Correct","Correct"
"13",8,"7_8_stimuli","8_7","Incongruent","Incongruent","Congruent","Congruent",15.999869,16.199855,"7&",0.724133,"Correct","Correct","Correct","Correct"
"13",9,"1_2_stimuli","2_2","Congruent","Incongruent","Incongruent","Congruent",17.999842,18.19984,"2@",0.627947,"Correct","Correct","Correct","Correct"
"13",10,"3_4_stimuli","4_3","Incongruent","Congruent","Incongruent","Incongruent",19.999823,20.199816,"3#",0.564321,"Correct","Correct","Correct","Correct"
"13",11,"5_6_stimuli","5_6","Incongruent","Incongruent","Congruent","Incongruent",21.999798,22.199802,"6^",0.867709,"Correct","Correct","Correct","Correct"
"13",12,"7_8_stimuli","8_8","Congruent","Incongruent","Incongruent","Congruent",23.999773,24.199783,"8*",0.947942,"Correct","Correct","Correct","Correct"
"13",13,"1_2_stimuli","2_2","Congruent","Congruent","Incongruent","Incongruent",25.999768,26.199768,"2@",0.595812,"Correct","Correct","Correct","Correct"
"13",14,"3_4_stimuli","4_4","Congruent","Congruent","Congruent","Incongruent",27.999746,28.199733,"4$",0.883824,"Correct","Correct","Correct","Correct"
"13",15,"5_6_stimuli","5_5","Congruent","Congruent","Congruent","Congruent",29.999719,30.199729,"5%",0.708054,"Correct","Correct","Correct","Correct"
"13",16,"7_8_stimuli","7_8","Incongruent","Congruent","Congruent","Congruent",31.999716,32.199702,"8*",0.596239,"Correct","Correct","Correct","Correct"
"13",17,"1_2_stimuli","1_2","Incongruent","Incongruent","Congruent","Congruent",33.99969,34.199693,"2@",0.676451,"Correct","Correct","Correct","Correct"
"13",18,"3_4_stimuli","4_3","Incongruent","Incongruent","Incongruent","Congruent",35.999678,36.199669,"3#",0.852123,"Correct","Correct","Correct","Correct"
"13",19,"5_6_stimuli","5_5","Congruent","Incongruent","Incongruent","Incongruent",37.999658,38.199645,"5%",0.883754,"Correct","Correct","Correct","Correct"
"13",20,"7_8_stimuli","7_8","Incongruent","Congruent","Incongruent","Incongruent",39.999651,40.199631,"7&",0.916,"Error","Correct","Correct","Correct"
"13",21,"1_2_stimuli","1_2","Incongruent","Incongruent","Congruent","Incongruent",41.999616,42.199621,"2@",0.691975,"Correct","Error","Correct","Correct"
"13",22,"3_4_stimuli","4_4","Congruent","Incongruent","Incongruent","Congruent",43.999602,44.19959,"4$",1.108,"Correct","Correct","Error","Correct"
"13",23,"5_6_stimuli","6_6","Congruent","Congruent","Incongruent","Incongruent",45.999584,46.199577,"6^",0.996305,"Correct","Correct","Correct","Error"
"13",24,"7_8_stimuli","8_7","Incongruent","Congruent","Congruent","Incongruent",47.999567,48.199561,"7&",1.140069,"Correct","Correct","Correct","Correct"
"13",25,"1_2_stimuli","1_1","Congruent","Incongruent","Congruent","Congruent",49.999552,50.199544,"1!",0.612146,"Correct","Correct","Correct","Correct"
"13",26,"3_4_stimuli","3_4","Incongruent","Congruent","Incongruent","Congruent",51.999526,52.199524,"4$",1.108164,"Correct","Correct","Correct","Correct"
"13",27,"5_6_stimuli","5_5","Congruent","Incongruent","Congruent","Incongruent",53.999515,54.199505,"5%",0.884014,"Correct","Correct","Correct","Correct"
"13",28,"7_8_stimuli","7_7","Congruent","Congruent","Incongruent","Congruent",55.999479,56.199479,"6^",1.156202,"Error","Correct","Correct","Correct"
"13",29,"1_2_stimuli","1_1","Congruent","Congruent","Congruent","Incongruent",57.999469,58.199471,"1!",0.644087,"Correct","Error","Correct","Correct"
"13",30,"3_4_stimuli","3_3","Congruent","Congruent","Congruent","Congruent",59.999456,60.199456,"3#",0.996133,"Correct","Correct","Error","Correct"
"13",31,"5_6_stimuli","6_5","Incongruent","Congruent","Congruent","Congruent",61.999427,62.199431,"5%",1.284272,"Correct","Correct","Correct","Error"
"13",32,"7_8_stimuli","8_8","Congruent","Incongruent","Congruent","Congruent",63.999412,64.19941,"8*",0.629025,"Correct","Correct","Correct","Correct"
"13",33,"1_2_stimuli","1_2","Incongruent","Congruent","Incongruent","Congruent",65.99938,66.199402,"1!",0.628056,"Error","Correct","Correct","Correct"
"13",34,"3_4_stimuli","3_3","Congruent","Incongruent","Congruent","Incongruent",67.999389,68.199368,"3#",0.884506,"Correct","Error","Correct","Correct"
"13",35,"5_6_stimuli","6_6","Congruent","Congruent","Incongruent","Congruent",69.99936,70.199351,"6^",1.460485,"Correct","Correct","Error","Correct"
"13",36,"7_8_stimuli","7_7","Congruent","Congruent","Congruent","Incongruent",71.999334,72.199333,"6^",0.468323,"Error","Correct","Correct","Error"
"13",37,"1_2_stimuli","2_2","Congruent","Congruent","Congruent","Congruent",73.999318,74.199312,"2@",0.612395,"Correct","Error","Correct","Correct"
"13",38,"3_4_stimuli","3_4","Incongruent","Congruent","Congruent","Congruent",75.999304,76.19931,"4$",0.692631,"Correct","Correct","Error","Correct"
"13",39,"5_6_stimuli","6_5","Incongruent","Incongruent","Congruent","Congruent",77.999283,78.199279,"5%",1.156663,"Correct","Correct","Correct","Error"
"13",40,"7_8_stimuli","7_8","Incongruent","Incongruent","Incongruent","Congruent",79.999274,80.199265,"8*",1.172502,"Correct","Correct","Correct","Correct"
"13",41,"1_2_stimuli","2_1","Incongruent","Incongruent","Incongruent","Incongruent",81.999254,82.199259,"1!",0.532587,"Correct","Correct","Correct","Correct"
"13",42,"3_4_stimuli","3_3","Congruent","Incongruent","Incongruent","Incongruent",83.999242,84.199231,"3#",0.644635,"Correct","Correct","Correct","Correct"
"13",43,"5_6_stimuli","6_5","Incongruent","Congruent","Incongruent","Incongruent",85.999213,86.199213,"5%",0.884386,"Correct","Correct","Correct","Correct"
"13",44,"7_8_stimuli","8_8","Congruent","Incongruent","Congruent","Incongruent",87.999197,88.199186,"8*",0.708382,"Correct","Correct","Correct","Correct"
"13",45,"1_2_stimuli","1_1","Congruent","Congruent","Incongruent","Congruent",89.999176,90.199178,"1!",0.452628,"Correct","Correct","Correct","Correct"
"13",46,"3_4_stimuli","3_4","Incongruent","Congruent","Congruent","Incongruent",91.999153,92.199155,"4$",0.852079,"Correct","Correct","Correct","Correct"
"13",47,"5_6_stimuli","6_6","Congruent","Incongruent","Congruent","Congruent",93.99914,94.19914,"5%",0.77226,"Error","Correct","Correct","Correct"
"13",48,"7_8_stimuli","8_7","Incongruent","Congruent","Incongruent","Congruent",95.999117,96.199114,"6^",0.772209,"Error","Error","Correct","Correct"
"13",49,"1_2_stimuli","2_2","Congruent","Incongruent","Congruent","Incongruent",97.999103,98.199103,"2@",0.484361,"Correct","Error","Error","Correct"
"13",50,"3_4_stimuli","4_4","Congruent","Congruent","Incongruent","Congruent",99.999086,100.199079,"4$",0.788397,"Correct","Correct","Error","Error"
"13",51,"5_6_stimuli","6_6","Congruent","Congruent","Congruent","Incongruent",101.999062,102.199071,"6^",0.804698,"Correct","Correct","Correct","Error"
"13",52,"7_8_stimuli","7_7","Congruent","Congruent","Congruent","Congruent",103.999042,104.199049,"7&",0.404842,"Correct","Correct","Correct","Correct"
"13",53,"1_2_stimuli","1_2","Incongruent","Congruent","Congruent","Congruent",105.999033,106.199033,"2@",0.548494,"Correct","Correct","Correct","Correct"
"13",54,"3_4_stimuli","4_4","Congruent","Incongruent","Congruent","Congruent",107.999008,108.199016,"4$",0.692646,"Correct","Correct","Correct","Correct"
"13",55,"5_6_stimuli","5_6","Incongruent","Congruent","Incongruent","Congruent",109.998987,110.198992,"5%",0.596273,"Error","Correct","Correct","Correct"
"13",56,"7_8_stimuli","7_8","Incongruent","Incongruent","Congruent","Incongruent",111.998971,112.198973,"8*",0.61269,"Correct","Error","Correct","Correct"
"13",57,"1_2_stimuli","2_1","Incongruent","Incongruent","Incongruent","Congruent",113.998962,114.198952,"1!",0.452793,"Correct","Correct","Error","Correct"
"13",58,"3_4_stimuli","4_3","Incongruent","Incongruent","Incongruent","Incongruent",115.998936,116.19894,"3#",0.677114,"Correct","Correct","Correct","Error"
"13",59,"5_6_stimuli","6_5","Incongruent","Incongruent","Incongruent","Incongruent",117.998931,118.19893,"5%",0.852424,"Correct","Correct","Correct","Correct"
"13",60,"7_8_stimuli","8_8","Congruent","Incongruent","Incongruent","Incongruent",119.998898,120.198906,"8*",0.64478,"Correct","Correct","Correct","Correct"
"13",61,"1_2_stimuli","2_1","Incongruent","Congruent","Incongruent","Incongruent",121.99888,122.198879,"1!",0.580961,"Correct","Correct","Correct","Correct"
"13",62,"3_4_stimuli","4_3","Incongruent","Incongruent","Congruent","Incongruent",123.998864,124.198869,"3#",0.565582,"Correct","Correct","Correct","Correct"
"13",63,"5_6_stimuli","5_5","Congruent","Incongruent","Incongruent","Congruent",125.998845,126.198847,"5%",0.516794,"Correct","Correct","Correct","Correct"
"13",64,"7_8_stimuli","7_7","Congruent","Congruent","Incongruent","Incongruent",127.998824,128.198827,"6^",0.804888,"Error","Correct","Correct","Correct"
"13",65,"1_2_stimuli","2_1","Incongruent","Congruent","Congruent","Incongruent",129.998815,130.198811,"1!",0.660661,"Correct","Error","Correct","Correct"
"13",66,"3_4_stimuli","3_4","Incongruent","Incongruent","Congruent","Congruent",131.998801,132.198786,"4$",0.916572,"Correct","Correct","Error","Correct"
"13",67,"5_6_stimuli","5_6","Incongruent","Incongruent","Incongruent","Congruent",133.998776,134.19877,"5%",0.965209,"Error","Correct","Correct","Error"
"13",68,"7_8_stimuli","8_7","Incongruent","Incongruent","Incongruent","Incongruent",135.998762,136.198751,"7&",0.660779,"Correct","Error","Correct","Correct"
