"Run.Number","Trial.Number","Task","Stimulus","Current.Trial.Type","Previous.Trial.Type","Previous.Trial.Type.N2","Previous.Trial.Type.N3","StimulusOnsetTime","StimulusOffsetTime","Response","RT","Accuracy","PreviousAccuracy","PreviousAccuracy.N2","Previous.Accuracy.N3"
"practice",1,"1_2_stimuli","1_2","Incongruent",NA,NA,NA,1.999975,2.199976,"2@",1.364038,"Correct",NA,NA,NA
"practice",2,"3_4_stimuli","4_3","Incongruent","Incongruent",NA,NA,3.999962,4.199965,"3#",1.155907,"Correct","Correct",NA,NA
"practice",3,"5_6_stimuli","6_5","Incongruent","Incongruent","Incongruent",NA,5.999948,6.19995,"5%",1.315293,"Correct","Correct","Correct",NA
"practice",4,"7_8_stimuli","8_8","Congruent","Incongruent","Incongruent","Incongruent",7.999922,8.199929,"Omission",5000,"Omission","Correct","Correct","Correct"
"practice",5,"1_2_stimuli","2_1","Incongruent","Congruent","Incongruent","Incongruent",9.999909,10.199897,"Omission",5000,"Omission","Omission","Correct","Correct"
"practice",6,"3_4_stimuli","4_3","Incongruent","Incongruent","Congruent","Incongruent",11.999885,12.199897,"3#",1.219529,"Correct","Omission","Omission","Correct"
"practice",7,"5_6_stimuli","5_6","Incongruent","Incongruent","Incongruent","Congruent",13.999878,14.199868,"Omission",5000,"Omission","Correct","Omission","Omission"
"practice",8,"7_8_stimuli","7_8","Incongruent","Incongruent","Incongruent","Incongruent",15.999858,16.199852,"Omission",5000,"Omission","Omission","Correct","Omission"
"practice",9,"1_2_stimuli","1_2","Incongruent","Incongruent","Incongruent","Incongruent",17.999832,18.199843,"2@",0.739984,"Correct","Omission","Omission","Correct"
"practice",10,"3_4_stimuli","3_3","Congruent","Incongruent","Incongruent","Incongruent",19.999824,20.199816,"3#",0.787413,"Correct","Correct","Omission","Omission"
"practice",11,"5_6_stimuli","6_5","Incongruent","Congruent","Incongruent","Incongruent",21.999807,22.199801,"4$",1.235735,"Error","Correct","Correct","Omission"
"practice",12,"7_8_stimuli","8_8","Congruent","Incongruent","Congruent","Incongruent",23.999787,24.199778,"8*",1.475699,"Correct","Error","Correct","Correct"
"practice",13,"1_2_stimuli","1_1","Congruent","Congruent","Incongruent","Congruent",25.999762,26.199761,"1!",0.819867,"Correct","Correct","Error","Correct"
"practice",14,"3_4_stimuli","3_4","Incongruent","Congruent","Congruent","Incongruent",27.999751,28.199747,"4$",0.979501,"Correct","Correct","Correct","Error"
"practice",15,"5_6_stimuli","5_6","Incongruent","Incongruent","Congruent","Congruent",29.99973,30.199719,"6^",1.203509,"Correct","Correct","Correct","Correct"
"practice",16,"7_8_stimuli","8_7","Incongruent","Incongruent","Incongruent","Congruent",31.999707,32.199705,"7&",0.915731,"Correct","Correct","Correct","Correct"
"practice",17,"1_2_stimuli","2_2","Congruent","Incongruent","Incongruent","Incongruent",33.999691,34.199694,"2@",0.6759,"Correct","Correct","Correct","Correct"
"practice",18,"3_4_stimuli","3_4","Incongruent","Congruent","Incongruent","Incongruent",35.999682,36.199674,"4$",0.94751,"Correct","Correct","Correct","Correct"
"practice",19,"5_6_stimuli","6_5","Incongruent","Incongruent","Congruent","Incongruent",37.999663,38.199656,"5%",0.595547,"Correct","Correct","Correct","Correct"
"practice",20,"7_8_stimuli","8_8","Congruent","Incongruent","Incongruent","Congruent",39.999641,40.199638,"8*",0.788004,"Correct","Correct","Correct","Correct"
"practice",21,"1_2_stimuli","1_1","Congruent","Congruent","Incongruent","Incongruent",41.999624,42.199621,"1!",0.611584,"Correct","Correct","Correct","Correct"
"practice",22,"3_4_stimuli","3_3","Congruent","Congruent","Congruent","Incongruent",43.999603,44.199607,"3#",0.772376,"Correct","Correct","Correct","Correct"
"practice",23,"5_6_stimuli","5_5","Congruent","Congruent","Congruent","Congruent",45.999583,46.199581,"5%",0.980029,"Correct","Correct","Correct","Correct"
"practice",24,"7_8_stimuli","7_7","Congruent","Congruent","Congruent","Congruent",47.999574,48.199556,"7&",0.947626,"Correct","Correct","Correct","Correct"
"practice",25,"1_2_stimuli","1_1","Congruent","Congruent","Congruent","Congruent",49.999539,50.199543,"1!",0.547653,"Correct","Correct","Correct","Correct"
"practice",26,"3_4_stimuli","3_4","Incongruent","Congruent","Congruent","Congruent",51.999529,52.199532,"4$",1.043658,"Correct","Correct","Correct","Correct"
"practice",27,"5_6_stimuli","5_5","Congruent","Incongruent","Congruent","Congruent",53.999511,54.199506,"5%",0.931698,"Correct","Correct","Correct","Correct"
"practice",28,"7_8_stimuli","7_8","Incongruent","Congruent","Incongruent","Congruent",55.999492,56.199489,"8*",0.788017,"Correct","Correct","Correct","Correct"
"practice",29,"1_2_stimuli","1_2","Incongruent","Incongruent","Congruent","Incongruent",57.999486,58.199476,"2@",0.739689,"Correct","Correct","Correct","Correct"
"practice",30,"3_4_stimuli","3_4","Incongruent","Incongruent","Incongruent","Congruent",59.999457,60.199455,"4$",0.931804,"Correct","Correct","Correct","Correct"
"practice",31,"5_6_stimuli","6_6","Congruent","Incongruent","Incongruent","Incongruent",61.999434,62.199443,"Omission",5000,"Omission","Correct","Correct","Correct"
"practice",32,"7_8_stimuli","8_7","Incongruent","Congruent","Incongruent","Incongruent",63.999414,64.199437,"7&",1.124369,"Correct","Omission","Correct","Correct"
"practice",33,"1_2_stimuli","2_2","Congruent","Incongruent","Congruent","Incongruent",65.999414,66.199399,"2@",0.740443,"Correct","Correct","Omission","Correct"
"practice",34,"3_4_stimuli","4_4","Congruent","Congruent","Incongruent","Congruent",67.999388,68.199384,"4$",0.788136,"Correct","Correct","Correct","Omission"
"practice",35,"5_6_stimuli","5_5","Congruent","Congruent","Congruent","Incongruent",69.999359,70.199366,"5%",0.755788,"Correct","Correct","Correct","Correct"
"practice",36,"7_8_stimuli","8_7","Incongruent","Congruent","Congruent","Congruent",71.999349,72.199341,"7&",0.932288,"Correct","Correct","Correct","Correct"
"practice",37,"1_2_stimuli","2_1","Incongruent","Incongruent","Congruent","Congruent",73.999325,74.199326,"1!",0.531857,"Correct","Correct","Correct","Correct"
"practice",38,"3_4_stimuli","4_4","Congruent","Incongruent","Incongruent","Congruent",75.999312,76.199307,"4$",1.13987,"Correct","Correct","Correct","Correct"
"practice",39,"5_6_stimuli","6_6","Congruent","Congruent","Incongruent","Incongruent",77.999296,78.199291,"6^",1.347831,"Correct","Correct","Correct","Correct"
"practice",40,"7_8_stimuli","7_8","Incongruent","Congruent","Congruent","Incongruent",79.999276,80.199269,"7&",1.043871,"Error","Correct","Correct","Correct"
"practice",41,"1_2_stimuli","2_2","Congruent","Incongruent","Congruent","Congruent",81.999253,82.199253,"2@",0.675939,"Correct","Error","Correct","Correct"
"practice",42,"3_4_stimuli","4_3","Incongruent","Congruent","Incongruent","Congruent",83.999241,84.199235,"3#",1.044301,"Correct","Correct","Error","Correct"
"practice",43,"5_6_stimuli","6_6","Congruent","Incongruent","Congruent","Incongruent",85.999219,86.199213,"6^",1.427971,"Correct","Correct","Correct","Error"
"practice",44,"7_8_stimuli","8_8","Congruent","Congruent","Incongruent","Congruent",87.999206,88.199204,"8*",0.772338,"Correct","Correct","Correct","Correct"
"practice",45,"1_2_stimuli","2_1","Incongruent","Congruent","Congruent","Incongruent",89.999192,90.199181,"1!",0.531969,"Correct","Correct","Correct","Correct"
"practice",46,"3_4_stimuli","4_4","Congruent","Incongruent","Congruent","Congruent",91.999169,92.199159,"4$",1.156021,"Correct","Correct","Correct","Correct"
"practice",47,"5_6_stimuli","6_5","Incongruent","Congruent","Incongruent","Congruent",93.999148,94.199151,"5%",1.028729,"Correct","Correct","Correct","Correct"
"practice",48,"7_8_stimuli","7_8","Incongruent","Incongruent","Congruent","Incongruent",95.999125,96.199127,"8*",1.156425,"Correct","Correct","Correct","Correct"
"practice",49,"1_2_stimuli","1_1","Congruent","Incongruent","Incongruent","Congruent",97.999112,98.19911,"1!",0.548062,"Correct","Correct","Correct","Correct"
"practice",50,"3_4_stimuli","3_3","Congruent","Congruent","Incongruent","Incongruent",99.999092,100.199094,"3#",1.156752,"Correct","Correct","Correct","Correct"
"practice",51,"5_6_stimuli","5_6","Incongruent","Congruent","Congruent","Incongruent",101.999077,102.199073,"Omission",5000,"Omission","Correct","Correct","Correct"
"practice",52,"7_8_stimuli","7_7","Congruent","Incongruent","Congruent","Congruent",103.999058,104.199055,"Omission",5000,"Omission","Omission","Correct","Correct"
"practice",53,"1_2_stimuli","1_2","Incongruent","Congruent","Incongruent","Congruent",105.999039,106.199046,"2@",0.628017,"Correct","Omission","Omission","Correct"
"practice",54,"3_4_stimuli","3_3","Congruent","Incongruent","Congruent","Incongruent",107.999057,108.199019,"3#",0.996071,"Correct","Correct","Omission","Omission"
"practice",55,"5_6_stimuli","5_5","Congruent","Congruent","Incongruent","Congruent",109.99901,110.198999,"Omission",5000,"Omission","Correct","Correct","Omission"
"practice",56,"7_8_stimuli","7_7","Congruent","Congruent","Congruent","Incongruent",111.998991,112.19899,"6^",1.460895,"Error","Omission","Correct","Correct"
"practice",57,"1_2_stimuli","2_1","Incongruent","Congruent","Congruent","Congruent",113.998969,114.198968,"1!",0.69262,"Correct","Error","Omission","Correct"
"practice",58,"3_4_stimuli","4_3","Incongruent","Incongruent","Congruent","Congruent",115.998953,116.19895,"3#",0.836799,"Correct","Correct","Error","Omission"
"practice",59,"5_6_stimuli","6_6","Congruent","Incongruent","Incongruent","Congruent",117.998939,118.198938,"Omission",5000,"Omission","Correct","Correct","Error"
"practice",60,"7_8_stimuli","8_8","Congruent","Congruent","Incongruent","Incongruent",119.998913,120.198908,"8*",0.836251,"Correct","Omission","Correct","Correct"
"practice",61,"1_2_stimuli","2_2","Congruent","Congruent","Congruent","Incongruent",121.998895,122.198893,"2@",0.692688,"Correct","Correct","Omission","Correct"
"practice",62,"3_4_stimuli","4_4","Congruent","Congruent","Congruent","Congruent",123.998886,124.198872,"4$",0.996864,"Correct","Correct","Correct","Omission"
"practice",63,"5_6_stimuli","5_6","Incongruent","Congruent","Congruent","Congruent",125.998863,126.198853,"6^",1.124254,"Correct","Correct","Correct","Correct"
"practice",64,"7_8_stimuli","8_7","Incongruent","Incongruent","Congruent","Congruent",127.998843,128.198838,"7&",0.804285,"Correct","Correct","Correct","Correct"
"practice",65,"1_2_stimuli","1_2","Incongruent","Incongruent","Incongruent","Congruent",129.998834,130.198821,"2@",0.677031,"Correct","Correct","Correct","Correct"
"practice",66,"3_4_stimuli","4_3","Incongruent","Incongruent","Incongruent","Incongruent",131.998805,132.198802,"3#",0.724697,"Correct","Correct","Correct","Correct"
"practice",67,"5_6_stimuli","6_5","Incongruent","Incongruent","Incongruent","Incongruent",133.99879,134.198784,"5%",0.964316,"Correct","Correct","Correct","Correct"
"practice",68,"7_8_stimuli","7_7","Congruent","Incongruent","Incongruent","Incongruent",135.998767,136.198774,"7&",1.284365,"Correct","Correct","Correct","Correct"
"1",1,"1_2_stimuli","1_1","Congruent",NA,NA,NA,1.999983,2.199978,"1!",0.518706,"Correct",NA,NA,NA
"1",2,"3_4_stimuli","4_4","Congruent","Congruent",NA,NA,3.999972,4.199961,"4$",0.85471,"Correct","Correct",NA,NA
"1",3,"5_6_stimuli","5_6","Incongruent","Congruent","Congruent",NA,5.999947,6.199952,"7&",0.918119,"Error","Correct","Correct",NA
"1",4,"7_8_stimuli","7_7","Congruent","Incongruent","Congruent","Congruent",7.999932,8.199934,"7&",0.806509,"Correct","Error","Correct","Correct"
"1",5,"1_2_stimuli","2_1","Incongruent","Congruent","Incongruent","Congruent",9.999917,10.19991,"1!",0.582561,"Correct","Correct","Error","Correct"
"1",6,"3_4_stimuli","3_4","Incongruent","Incongruent","Congruent","Incongruent",11.999899,12.199886,"4$",0.886357,"Correct","Correct","Correct","Error"
"1",7,"5_6_stimuli","6_6","Congruent","Incongruent","Incongruent","Congruent",13.99988,14.199873,"6^",1.270722,"Correct","Correct","Correct","Correct"
"1",8,"7_8_stimuli","7_7","Congruent","Congruent","Incongruent","Incongruent",15.999857,16.199849,"7&",0.774473,"Correct","Correct","Correct","Correct"
"1",9,"1_2_stimuli","1_1","Congruent","Congruent","Congruent","Incongruent",17.999835,18.199841,"1!",0.566708,"Correct","Correct","Correct","Correct"
"1",10,"3_4_stimuli","3_4","Incongruent","Congruent","Congruent","Congruent",19.999825,20.19983,"4$",0.822139,"Correct","Correct","Correct","Correct"
"1",11,"5_6_stimuli","6_6","Congruent","Incongruent","Congruent","Congruent",21.999807,22.199803,"7&",1.126203,"Error","Correct","Correct","Correct"
"1",12,"7_8_stimuli","8_8","Congruent","Congruent","Incongruent","Congruent",23.999791,24.199796,"8*",1.478813,"Correct","Error","Correct","Correct"
"1",13,"1_2_stimuli","1_2","Incongruent","Congruent","Congruent","Incongruent",25.999772,26.199767,"2@",0.758456,"Correct","Correct","Error","Correct"
"1",14,"3_4_stimuli","4_4","Congruent","Incongruent","Congruent","Congruent",27.999757,28.199754,"4$",1.030211,"Correct","Correct","Correct","Error"
"1",15,"5_6_stimuli","5_6","Incongruent","Congruent","Incongruent","Congruent",29.999742,30.19973,"6^",1.062539,"Correct","Correct","Correct","Correct"
"1",16,"7_8_stimuli","7_8","Incongruent","Incongruent","Congruent","Incongruent",31.999727,32.199708,"8*",0.742263,"Correct","Correct","Correct","Correct"
"1",17,"1_2_stimuli","1_2","Incongruent","Incongruent","Incongruent","Congruent",33.9997,34.199701,"2@",0.678846,"Correct","Correct","Correct","Correct"
"1",18,"3_4_stimuli","4_3","Incongruent","Incongruent","Incongruent","Incongruent",35.99968,36.199676,"3#",0.998929,"Correct","Correct","Correct","Correct"
"1",19,"5_6_stimuli","5_5","Congruent","Incongruent","Incongruent","Incongruent",37.999664,38.199655,"5%",1.430239,"Correct","Correct","Correct","Correct"
"1",20,"7_8_stimuli","7_8","Incongruent","Congruent","Incongruent","Incongruent",39.999646,40.199646,"8*",0.726292,"Correct","Correct","Correct","Correct"
"1",21,"1_2_stimuli","2_2","Congruent","Incongruent","Congruent","Incongruent",41.999618,42.199618,"2@",0.822385,"Correct","Correct","Correct","Correct"
"1",22,"3_4_stimuli","3_4","Incongruent","Congruent","Incongruent","Congruent",43.999607,44.199611,"4$",1.094939,"Correct","Correct","Correct","Correct"
"1",23,"5_6_stimuli","5_6","Incongruent","Incongruent","Congruent","Incongruent",45.999593,46.199593,"6^",1.111113,"Correct","Correct","Correct","Correct"
"1",24,"7_8_stimuli","8_8","Congruent","Incongruent","Incongruent","Congruent",47.999572,48.19958,"8*",0.550403,"Correct","Correct","Correct","Correct"
"1",25,"1_2_stimuli","1_2","Incongruent","Congruent","Incongruent","Incongruent",49.999553,50.199559,"2@",0.630847,"Correct","Correct","Correct","Correct"
"1",26,"3_4_stimuli","3_3","Congruent","Incongruent","Congruent","Incongruent",51.999533,52.199541,"3#",0.678405,"Correct","Correct","Correct","Correct"
"1",27,"5_6_stimuli","6_6","Congruent","Congruent","Incongruent","Congruent",53.999529,54.199515,"6^",1.158402,"Correct","Correct","Correct","Correct"
"1",28,"7_8_stimuli","7_8","Incongruent","Congruent","Congruent","Incongruent",55.999502,56.19949,"8*",0.678502,"Correct","Correct","Correct","Correct"
"1",29,"1_2_stimuli","2_1","Incongruent","Incongruent","Congruent","Congruent",57.999484,58.199483,"1!",0.646866,"Correct","Correct","Correct","Correct"
"1",30,"3_4_stimuli","4_4","Congruent","Incongruent","Incongruent","Congruent",59.999474,60.19946,"4$",0.79097,"Correct","Correct","Correct","Correct"
"1",31,"5_6_stimuli","5_5","Congruent","Congruent","Incongruent","Incongruent",61.999453,62.199442,"5%",0.950791,"Correct","Correct","Correct","Correct"
"1",32,"7_8_stimuli","7_7","Congruent","Congruent","Congruent","Incongruent",63.999421,64.19942,"7&",0.82255,"Correct","Correct","Correct","Correct"
"1",33,"1_2_stimuli","2_1","Incongruent","Congruent","Congruent","Congruent",65.999411,66.1994,"1!",0.599048,"Correct","Correct","Correct","Correct"
"1",34,"3_4_stimuli","3_4","Incongruent","Incongruent","Congruent","Congruent",67.999395,68.1994,"4$",0.823259,"Correct","Correct","Correct","Correct"
"1",35,"5_6_stimuli","6_5","Incongruent","Incongruent","Incongruent","Congruent",69.999375,70.199375,"5%",0.69464,"Correct","Correct","Correct","Correct"
"1",36,"7_8_stimuli","8_7","Incongruent","Incongruent","Incongruent","Incongruent",71.999355,72.199356,"7&",0.646585,"Correct","Correct","Correct","Correct"
"1",37,"1_2_stimuli","1_1","Congruent","Incongruent","Incongruent","Incongruent",73.999342,74.199341,"1!",0.486605,"Correct","Correct","Correct","Correct"
"1",38,"3_4_stimuli","4_3","Incongruent","Congruent","Incongruent","Incongruent",75.99932,76.199326,"3#",0.902583,"Correct","Correct","Correct","Correct"
"1",39,"5_6_stimuli","5_5","Congruent","Incongruent","Congruent","Incongruent",77.999302,78.199295,"5%",1.031073,"Correct","Correct","Correct","Correct"
"1",40,"7_8_stimuli","8_7","Incongruent","Congruent","Incongruent","Congruent",79.999286,80.199274,"7&",1.495421,"Correct","Correct","Correct","Correct"
"1",41,"1_2_stimuli","2_1","Incongruent","Incongruent","Congruent","Incongruent",81.999272,82.199272,"1!",0.566643,"Correct","Correct","Correct","Correct"
"1",42,"3_4_stimuli","4_3","Incongruent","Incongruent","Incongruent","Congruent",83.999242,84.199242,"3#",0.93538,"Correct","Correct","Correct","Correct"
"1",43,"5_6_stimuli","6_5","Incongruent","Incongruent","Incongruent","Incongruent",85.999231,86.19923,"5%",1.0147,"Correct","Correct","Correct","Correct"
"1",44,"7_8_stimuli","8_8","Congruent","Incongruent","Incongruent","Incongruent",87.999208,88.199203,"8*",0.582684,"Correct","Correct","Correct","Correct"
"1",45,"1_2_stimuli","2_2","Congruent","Congruent","Incongruent","Incongruent",89.999187,90.19919,"2@",0.567021,"Correct","Correct","Correct","Correct"
"1",46,"3_4_stimuli","3_3","Congruent","Congruent","Congruent","Incongruent",91.999181,92.199179,"3#",0.791449,"Correct","Correct","Correct","Correct"
"1",47,"5_6_stimuli","5_6","Incongruent","Congruent","Congruent","Congruent",93.999157,94.199163,"Omission",5000,"Omission","Correct","Correct","Correct"
"1",48,"7_8_stimuli","8_7","Incongruent","Incongruent","Congruent","Congruent",95.999134,96.199133,"7&",1.014833,"Correct","Omission","Correct","Correct"
"1",49,"1_2_stimuli","1_1","Congruent","Incongruent","Incongruent","Congruent",97.999123,98.199124,"1!",0.534823,"Correct","Correct","Omission","Correct"
"1",50,"3_4_stimuli","3_3","Congruent","Congruent","Incongruent","Incongruent",99.999103,100.19911,"3#",0.743106,"Correct","Correct","Correct","Omission"
"1",51,"5_6_stimuli","5_5","Congruent","Congruent","Congruent","Incongruent",101.999082,102.199083,"5%",1.255274,"Correct","Correct","Correct","Correct"
"1",52,"7_8_stimuli","7_7","Congruent","Congruent","Congruent","Congruent",103.999067,104.199073,"Omission",5000,"Omission","Correct","Correct","Correct"
"1",53,"1_2_stimuli","2_2","Congruent","Congruent","Congruent","Congruent",105.999052,106.199051,"Omission",5000,"Omission","Omission","Correct","Correct"
"1",54,"3_4_stimuli","4_4","Congruent","Congruent","Congruent","Congruent",107.999027,108.199034,"4$",0.823424,"Correct","Omission","Omission","Correct"
"1",55,"5_6_stimuli","6_6","Congruent","Congruent","Congruent","Congruent",109.999019,110.199012,"6^",1.175455,"Correct","Correct","Omission","Omission"
"1",56,"7_8_stimuli","7_8","Incongruent","Congruent","Congruent","Congruent",111.998992,112.198989,"8*",0.662964,"Correct","Correct","Correct","Omission"
"1",57,"1_2_stimuli","2_2","Congruent","Incongruent","Congruent","Congruent",113.998973,114.198973,"2@",0.63136,"Correct","Correct","Correct","Correct"
"1",58,"3_4_stimuli","4_4","Congruent","Congruent","Incongruent","Congruent",115.998955,116.198966,"4$",0.822959,"Correct","Correct","Correct","Correct"
"1",59,"5_6_stimuli","5_6","Incongruent","Congruent","Congruent","Incongruent",117.998936,118.198939,"6^",0.887758,"Correct","Correct","Correct","Correct"
"1",60,"7_8_stimuli","8_8","Congruent","Incongruent","Congruent","Congruent",119.998924,120.198923,"7&",1.191487,"Error","Correct","Correct","Correct"
"1",61,"1_2_stimuli","1_1","Congruent","Congruent","Incongruent","Congruent",121.998902,122.198911,"1!",0.535036,"Correct","Error","Correct","Correct"
"1",62,"3_4_stimuli","4_3","Incongruent","Congruent","Congruent","Incongruent",123.998894,124.19888,"3#",0.791459,"Correct","Correct","Error","Correct"
"1",63,"5_6_stimuli","6_5","Incongruent","Incongruent","Congruent","Congruent",125.99888,126.198865,"5%",1.031465,"Correct","Correct","Correct","Error"
"1",64,"7_8_stimuli","8_7","Incongruent","Incongruent","Incongruent","Congruent",127.998849,128.19885,"7&",1.415772,"Correct","Correct","Correct","Correct"
"1",65,"1_2_stimuli","1_2","Incongruent","Incongruent","Incongruent","Incongruent",129.998833,130.198839,"2@",0.663088,"Correct","Correct","Correct","Correct"
"1",66,"3_4_stimuli","3_3","Congruent","Incongruent","Incongruent","Incongruent",131.998827,132.198811,"3#",0.839072,"Correct","Correct","Correct","Correct"
"1",67,"5_6_stimuli","6_5","Incongruent","Congruent","Incongruent","Incongruent",133.998805,134.198801,"5%",0.887099,"Correct","Correct","Correct","Correct"
"1",68,"7_8_stimuli","7_7","Congruent","Incongruent","Congruent","Incongruent",135.998784,136.198785,"7&",0.871676,"Correct","Correct","Correct","Correct"
"2",1,"1_2_stimuli","2_1","Incongruent",NA,NA,NA,1.99995,2.199955,"1!",0.548584,"Correct",NA,NA,NA
"2",2,"3_4_stimuli","3_4","Incongruent","Incongruent",NA,NA,3.999939,4.199932,"4$",0.980998,"Correct","Correct",NA,NA
"2",3,"5_6_stimuli","5_5","Congruent","Incongruent","Incongruent",NA,5.999924,6.199925,"5%",0.677291,"Correct","Correct","Correct",NA
"2",4,"7_8_stimuli","8_7","Incongruent","Congruent","Incongruent","Incongruent",7.999902,8.199889,"7&",0.885282,"Correct","Correct","Correct","Correct"
"2",5,"1_2_stimuli","1_2","Incongruent","Incongruent","Congruent","Incongruent",9.999878,10.199884,"2@",0.59764,"Correct","Correct","Correct","Correct"
"2",6,"3_4_stimuli","4_3","Incongruent","Incongruent","Incongruent","Congruent",11.999868,12.199853,"3#",0.693046,"Correct","Correct","Correct","Correct"
"2",7,"5_6_stimuli","5_5","Congruent","Incongruent","Incongruent","Incongruent",13.999839,14.199842,"5%",1.349701,"Correct","Correct","Correct","Correct"
"2",8,"7_8_stimuli","8_8","Congruent","Congruent","Incongruent","Incongruent",15.99983,16.199817,"8*",0.869285,"Correct","Correct","Correct","Correct"
"2",9,"1_2_stimuli","1_2","Incongruent","Congruent","Congruent","Incongruent",17.999818,18.199817,"2@",0.64471,"Correct","Correct","Correct","Correct"
"2",10,"3_4_stimuli","4_4","Congruent","Incongruent","Congruent","Congruent",19.999796,20.199791,"4$",1.076719,"Correct","Correct","Correct","Correct"
"2",11,"5_6_stimuli","6_5","Incongruent","Congruent","Incongruent","Congruent",21.999775,22.199774,"5%",0.725359,"Correct","Correct","Correct","Correct"
"2",12,"7_8_stimuli","8_8","Congruent","Incongruent","Congruent","Incongruent",23.999766,24.199762,"7&",0.628716,"Error","Correct","Correct","Correct"
"2",13,"1_2_stimuli","1_1","Congruent","Congruent","Incongruent","Congruent",25.99974,26.199736,"1!",0.596988,"Correct","Error","Correct","Correct"
"2",14,"3_4_stimuli","3_4","Incongruent","Congruent","Congruent","Incongruent",27.999724,28.199726,"4$",1.157404,"Correct","Correct","Error","Correct"
"2",15,"5_6_stimuli","5_6","Incongruent","Incongruent","Congruent","Congruent",29.999709,30.199695,"6^",1.189433,"Correct","Correct","Correct","Error"
"2",16,"7_8_stimuli","7_7","Congruent","Incongruent","Incongruent","Congruent",31.999693,32.19968,"7&",1.060792,"Correct","Correct","Correct","Correct"
"2",17,"1_2_stimuli","2_2","Congruent","Congruent","Incongruent","Incongruent",33.999669,34.199675,"2@",0.74158,"Correct","Correct","Correct","Correct"
"2",18,"3_4_stimuli","4_4","Congruent","Congruent","Congruent","Incongruent",35.999656,36.19965,"4$",0.869036,"Correct","Correct","Correct","Correct"
"2",19,"5_6_stimuli","6_6","Congruent","Congruent","Congruent","Congruent",37.99963,38.199629,"7&",1.348853,"Error","Correct","Correct","Correct"
"2",20,"7_8_stimuli","8_7","Incongruent","Congruent","Congruent","Congruent",39.999611,40.199619,"Omission",5000,"Omission","Error","Correct","Correct"
"2",21,"1_2_stimuli","2_1","Incongruent","Incongruent","Congruent","Congruent",41.999589,42.199598,"1!",0.501198,"Correct","Omission","Error","Correct"
"2",22,"3_4_stimuli","3_3","Congruent","Incongruent","Incongruent","Congruent",43.999586,44.199574,"3#",0.724875,"Correct","Correct","Omission","Error"
"2",23,"5_6_stimuli","5_6","Incongruent","Congruent","Incongruent","Incongruent",45.999564,46.199551,"6^",0.901149,"Correct","Correct","Correct","Omission"
"2",24,"7_8_stimuli","7_8","Incongruent","Incongruent","Congruent","Incongruent",47.999552,48.199531,"8*",0.678335,"Correct","Correct","Correct","Correct"
"2",25,"1_2_stimuli","2_1","Incongruent","Incongruent","Incongruent","Congruent",49.999519,50.199515,"1!",0.53401,"Correct","Correct","Correct","Correct"
"2",26,"3_4_stimuli","3_3","Congruent","Incongruent","Incongruent","Incongruent",51.999502,52.199511,"3#",0.773013,"Correct","Correct","Correct","Correct"
"2",27,"5_6_stimuli","5_5","Congruent","Congruent","Incongruent","Incongruent",53.999499,54.199495,"4$",1.397444,"Error","Correct","Correct","Correct"
"2",28,"7_8_stimuli","8_8","Congruent","Congruent","Congruent","Incongruent",55.99947,56.19947,"8*",0.612949,"Correct","Error","Correct","Correct"
"2",29,"1_2_stimuli","2_1","Incongruent","Congruent","Congruent","Congruent",57.999456,58.199449,"1!",0.501657,"Correct","Correct","Error","Correct"
"2",30,"3_4_stimuli","3_4","Incongruent","Incongruent","Congruent","Congruent",59.999432,60.199441,"4$",0.837673,"Correct","Correct","Correct","Error"
"2",31,"5_6_stimuli","5_5","Congruent","Incongruent","Incongruent","Congruent",61.999426,62.199414,"5%",1.029614,"Correct","Correct","Correct","Correct"
"2",32,"7_8_stimuli","7_8","Incongruent","Congruent","Incongruent","Incongruent",63.999407,64.199389,"8*",0.581512,"Correct","Correct","Correct","Correct"
"2",33,"1_2_stimuli","2_2","Congruent","Incongruent","Congruent","Incongruent",65.999386,66.199379,"2@",0.613763,"Correct","Correct","Correct","Correct"
"2",34,"3_4_stimuli","3_4","Incongruent","Congruent","Incongruent","Congruent",67.99937,68.199352,"4$",1.013697,"Correct","Correct","Correct","Correct"
"2",35,"5_6_stimuli","6_6","Congruent","Incongruent","Congruent","Incongruent",69.999338,70.199345,"6^",1.301112,"Correct","Correct","Correct","Correct"
"2",36,"7_8_stimuli","7_7","Congruent","Congruent","Incongruent","Congruent",71.999323,72.199316,"7&",0.78962,"Correct","Correct","Correct","Correct"
"2",37,"1_2_stimuli","1_1","Congruent","Congruent","Congruent","Incongruent",73.999309,74.199304,"1!",0.517512,"Correct","Correct","Correct","Correct"
"2",38,"3_4_stimuli","4_4","Congruent","Congruent","Congruent","Congruent",75.999291,76.199306,"4$",0.773863,"Correct","Correct","Correct","Correct"
"2",39,"5_6_stimuli","6_5","Incongruent","Congruent","Congruent","Congruent",77.999283,78.199272,"5%",1.317598,"Correct","Correct","Correct","Correct"
"2",40,"7_8_stimuli","8_8","Congruent","Incongruent","Congruent","Congruent",79.999247,80.19925,"8*",0.69367,"Correct","Correct","Correct","Correct"
"2",41,"1_2_stimuli","2_1","Incongruent","Congruent","Incongruent","Congruent",81.999235,82.199236,"1!",0.469604,"Correct","Correct","Correct","Correct"
"2",42,"3_4_stimuli","4_3","Incongruent","Incongruent","Congruent","Incongruent",83.999215,84.199219,"3#",0.693681,"Correct","Correct","Correct","Correct"
"2",43,"5_6_stimuli","6_5","Incongruent","Incongruent","Incongruent","Congruent",85.999205,86.199197,"5%",0.853701,"Correct","Correct","Correct","Correct"
"2",44,"7_8_stimuli","8_7","Incongruent","Incongruent","Incongruent","Incongruent",87.999186,88.199177,"6^",1.077287,"Error","Correct","Correct","Correct"
"2",45,"1_2_stimuli","2_2","Congruent","Incongruent","Incongruent","Incongruent",89.999164,90.199159,"2@",0.56595,"Correct","Error","Correct","Correct"
"2",46,"3_4_stimuli","4_3","Incongruent","Congruent","Incongruent","Incongruent",91.999141,92.199143,"3#",0.709306,"Correct","Correct","Error","Correct"
"2",47,"5_6_stimuli","5_6","Incongruent","Incongruent","Congruent","Incongruent",93.999134,94.199132,"Omission",5000,"Omission","Correct","Correct","Error"
"2",48,"7_8_stimuli","8_7","Incongruent","Incongruent","Incongruent","Congruent",95.999104,96.199108,"Omission",5000,"Omission","Omission","Correct","Correct"
"2",49,"1_2_stimuli","1_2","Incongruent","Incongruent","Incongruent","Incongruent",97.999086,98.199089,"2@",0.485899,"Correct","Omission","Omission","Correct"
"2",50,"3_4_stimuli","4_3","Incongruent","Incongruent","Incongruent","Incongruent",99.999077,100.199069,"3#",0.613388,"Correct","Correct","Omission","Omission"
"2",51,"5_6_stimuli","6_5","Incongruent","Incongruent","Incongruent","Incongruent",101.999057,102.199051,"5%",0.917842,"Correct","Correct","Correct","Omission"
"2",52,"7_8_stimuli","7_7","Congruent","Incongruent","Incongruent","Incongruent",103.999037,104.199037,"7&",0.662542,"Correct","Correct","Correct","Correct"
"2",53,"1_2_stimuli","1_2","Incongruent","Congruent","Incongruent","Incongruent",105.999024,106.199024,"2@",0.533817,"Correct","Correct","Correct","Correct"
"2",54,"3_4_stimuli","3_3","Congruent","Incongruent","Congruent","Incongruent",107.999003,108.199008,"3#",0.565823,"Correct","Correct","Correct","Correct"
"2",55,"5_6_stimuli","5_5","Congruent","Congruent","Incongruent","Congruent",109.998987,110.199005,"5%",0.949915,"Correct","Correct","Correct","Correct"
"2",56,"7_8_stimuli","7_8","Incongruent","Congruent","Congruent","Incongruent",111.998967,112.198961,"8*",0.630012,"Correct","Correct","Correct","Correct"
"2",57,"1_2_stimuli","1_1","Congruent","Incongruent","Congruent","Congruent",113.998949,114.198954,"2@",0.453462,"Error","Correct","Correct","Correct"
"2",58,"3_4_stimuli","3_3","Congruent","Congruent","Incongruent","Congruent",115.998935,116.198927,"3#",0.645985,"Correct","Error","Correct","Correct"
"2",59,"5_6_stimuli","5_6","Incongruent","Congruent","Congruent","Incongruent",117.998914,118.19891,"5%",0.710087,"Error","Correct","Error","Correct"
"2",60,"7_8_stimuli","8_7","Incongruent","Incongruent","Congruent","Congruent",119.998895,120.198901,"7&",1.093541,"Correct","Error","Correct","Error"
"2",61,"1_2_stimuli","1_1","Congruent","Incongruent","Incongruent","Congruent",121.998878,122.198879,"1!",0.629579,"Correct","Correct","Error","Correct"
"2",62,"3_4_stimuli","4_4","Congruent","Congruent","Incongruent","Incongruent",123.998865,124.198855,"4$",0.934013,"Correct","Correct","Correct","Error"
"2",63,"5_6_stimuli","6_6","Congruent","Congruent","Congruent","Incongruent",125.998837,126.198836,"6^",1.206206,"Correct","Correct","Correct","Correct"
"2",64,"7_8_stimuli","7_7","Congruent","Congruent","Congruent","Congruent",127.998828,128.198823,"7&",0.838044,"Correct","Correct","Correct","Correct"
"2",65,"1_2_stimuli","2_2","Congruent","Congruent","Congruent","Congruent",129.998803,130.198804,"2@",0.645899,"Correct","Correct","Correct","Correct"
"2",66,"3_4_stimuli","3_4","Incongruent","Congruent","Congruent","Congruent",131.998787,132.198789,"4$",0.662651,"Correct","Correct","Correct","Correct"
"2",67,"5_6_stimuli","6_6","Congruent","Incongruent","Congruent","Congruent",133.998767,134.198772,"Omission",5000,"Omission","Correct","Correct","Correct"
"2",68,"7_8_stimuli","7_8","Incongruent","Congruent","Incongruent","Congruent",135.998755,136.198754,"Omission",5000,"Omission","Omission","Correct","Correct"
"3",1,"1_2_stimuli","1_2","Incongruent",NA,NA,NA,1.999972,2.199965,"2@",0.634313,"Correct",NA,NA,NA
"3",2,"3_4_stimuli","4_3","Incongruent","Incongruent",NA,NA,3.999948,4.199955,"3#",0.90616,"Correct","Correct",NA,NA
"3",3,"5_6_stimuli","6_6","Congruent","Incongruent","Incongruent",NA,5.999943,6.199936,"6^",1.162485,"Correct","Correct","Correct",NA
"3",4,"7_8_stimuli","8_7","Incongruent","Congruent","Incongruent","Incongruent",7.999923,8.199924,"7&",0.6978,"Correct","Correct","Correct","Correct"
"3",5,"1_2_stimuli","1_1","Congruent","Incongruent","Congruent","Incongruent",9.999913,10.199902,"1!",0.634643,"Correct","Correct","Correct","Correct"
"3",6,"3_4_stimuli","3_3","Congruent","Congruent","Incongruent","Congruent",11.999877,12.199884,"3#",0.69782,"Correct","Correct","Correct","Correct"
"3",7,"5_6_stimuli","6_5","Incongruent","Congruent","Congruent","Incongruent",13.999872,14.199859,"4$",0.809846,"Error","Correct","Correct","Correct"
"3",8,"7_8_stimuli","8_7","Incongruent","Incongruent","Congruent","Congruent",15.999846,16.199852,"7&",0.874585,"Correct","Error","Correct","Correct"
"3",9,"1_2_stimuli","2_2","Congruent","Incongruent","Incongruent","Congruent",17.999838,18.19984,"2@",0.681942,"Correct","Correct","Error","Correct"
"3",10,"3_4_stimuli","4_4","Congruent","Congruent","Incongruent","Incongruent",19.999815,20.199811,"4$",0.858361,"Correct","Correct","Correct","Error"
"3",11,"5_6_stimuli","5_5","Congruent","Congruent","Congruent","Incongruent",21.999795,22.199788,"5%",0.937931,"Correct","Correct","Correct","Correct"
"3",12,"7_8_stimuli","7_7","Congruent","Congruent","Congruent","Congruent",23.999784,24.199772,"7&",1.130358,"Correct","Correct","Correct","Correct"
"3",13,"1_2_stimuli","1_1","Congruent","Congruent","Congruent","Congruent",25.999763,26.199752,"1!",0.602555,"Correct","Correct","Correct","Correct"
"3",14,"3_4_stimuli","4_3","Incongruent","Congruent","Congruent","Congruent",27.999744,28.199742,"3#",0.666284,"Correct","Correct","Correct","Correct"
"3",15,"5_6_stimuli","6_5","Incongruent","Incongruent","Congruent","Congruent",29.999735,30.199723,"4$",1.178395,"Error","Correct","Correct","Correct"
"3",16,"7_8_stimuli","8_8","Congruent","Incongruent","Incongruent","Congruent",31.999707,32.199711,"8*",0.618691,"Correct","Error","Correct","Correct"
"3",17,"1_2_stimuli","2_2","Congruent","Congruent","Incongruent","Incongruent",33.999687,34.199698,"2@",0.778465,"Correct","Correct","Error","Correct"
"3",18,"3_4_stimuli","3_3","Congruent","Congruent","Congruent","Incongruent",35.999681,36.199676,"3#",0.698046,"Correct","Correct","Correct","Error"
"3",19,"5_6_stimuli","6_5","Incongruent","Congruent","Congruent","Congruent",37.999658,38.199659,"5%",0.922453,"Correct","Correct","Correct","Correct"
"3",20,"7_8_stimuli","7_7","Congruent","Incongruent","Congruent","Congruent",39.999641,40.199642,"7&",0.922751,"Correct","Correct","Correct","Correct"
"3",21,"1_2_stimuli","2_1","Incongruent","Congruent","Incongruent","Congruent",41.999626,42.199619,"1!",0.586563,"Correct","Correct","Correct","Correct"
"3",22,"3_4_stimuli","3_4","Incongruent","Incongruent","Congruent","Incongruent",43.999604,44.1996,"4$",0.922081,"Correct","Correct","Correct","Correct"
"3",23,"5_6_stimuli","5_6","Incongruent","Incongruent","Incongruent","Congruent",45.999582,46.199572,"6^",1.338097,"Correct","Correct","Correct","Correct"
"3",24,"7_8_stimuli","7_8","Incongruent","Incongruent","Incongruent","Incongruent",47.999571,48.199554,"8*",0.650146,"Correct","Correct","Correct","Correct"
"3",25,"1_2_stimuli","1_2","Incongruent","Incongruent","Incongruent","Incongruent",49.999548,50.199541,"2@",0.6666,"Correct","Correct","Correct","Correct"
"3",26,"3_4_stimuli","4_4","Congruent","Incongruent","Incongruent","Incongruent",51.999527,52.199532,"4$",0.826179,"Correct","Correct","Correct","Correct"
"3",27,"5_6_stimuli","5_5","Congruent","Congruent","Incongruent","Incongruent",53.999509,54.199509,"5%",0.826497,"Correct","Correct","Correct","Correct"
"3",28,"7_8_stimuli","7_7","Congruent","Congruent","Congruent","Incongruent",55.999493,56.199484,"7&",1.306238,"Correct","Correct","Correct","Correct"
"3",29,"1_2_stimuli","1_2","Incongruent","Congruent","Congruent","Congruent",57.999475,58.199476,"2@",0.60222,"Correct","Correct","Correct","Correct"
"3",30,"3_4_stimuli","3_3","Congruent","Incongruent","Congruent","Congruent",59.999462,60.199454,"3#",0.66623,"Correct","Correct","Correct","Correct"
"3",31,"5_6_stimuli","6_5","Incongruent","Congruent","Incongruent","Congruent",61.999435,62.199438,"4$",1.018201,"Error","Correct","Correct","Correct"
"3",32,"7_8_stimuli","7_8","Incongruent","Incongruent","Congruent","Incongruent",63.999421,64.199415,"8*",0.826251,"Correct","Error","Correct","Correct"
"3",33,"1_2_stimuli","2_1","Incongruent","Incongruent","Incongruent","Congruent",65.999405,66.199402,"1!",0.602258,"Correct","Correct","Error","Correct"
"3",34,"3_4_stimuli","4_3","Incongruent","Incongruent","Incongruent","Incongruent",67.999396,68.199384,"3#",0.826259,"Correct","Correct","Correct","Error"
"3",35,"5_6_stimuli","6_6","Congruent","Incongruent","Incongruent","Incongruent",69.999361,70.199362,"6^",1.434756,"Correct","Correct","Correct","Correct"
"3",36,"7_8_stimuli","7_7","Congruent","Congruent","Incongruent","Incongruent",71.999351,72.199344,"7&",0.762307,"Correct","Correct","Correct","Correct"
"3",37,"1_2_stimuli","1_2","Incongruent","Congruent","Congruent","Incongruent",73.999332,74.199324,"2@",0.555119,"Correct","Correct","Correct","Correct"
"3",38,"3_4_stimuli","3_4","Incongruent","Incongruent","Congruent","Congruent",75.999318,76.199315,"4$",0.778844,"Correct","Correct","Correct","Correct"
"3",39,"5_6_stimuli","5_5","Congruent","Incongruent","Incongruent","Congruent",77.999303,78.199294,"5%",0.938812,"Correct","Correct","Correct","Correct"
"3",40,"7_8_stimuli","7_8","Incongruent","Congruent","Incongruent","Incongruent",79.999281,80.199266,"8*",0.634375,"Correct","Correct","Correct","Correct"
"3",41,"1_2_stimuli","1_2","Incongruent","Incongruent","Congruent","Incongruent",81.999256,82.199255,"2@",0.618401,"Correct","Correct","Correct","Correct"
"3",42,"3_4_stimuli","4_4","Congruent","Incongruent","Incongruent","Congruent",83.999239,84.199236,"4$",0.795145,"Correct","Correct","Correct","Correct"
"3",43,"5_6_stimuli","5_6","Incongruent","Congruent","Incongruent","Incongruent",85.999229,86.199216,"6^",1.098957,"Correct","Correct","Correct","Correct"
"3",44,"7_8_stimuli","8_8","Congruent","Incongruent","Congruent","Incongruent",87.9992,88.199201,"8*",0.475151,"Correct","Correct","Correct","Correct"
"3",45,"1_2_stimuli","1_1","Congruent","Congruent","Incongruent","Congruent",89.999193,90.199187,"1!",0.538474,"Correct","Correct","Correct","Correct"
"3",46,"3_4_stimuli","4_3","Incongruent","Congruent","Congruent","Incongruent",91.999173,92.199171,"3#",0.651127,"Correct","Correct","Correct","Correct"
"3",47,"5_6_stimuli","5_5","Congruent","Incongruent","Congruent","Congruent",93.999152,94.199148,"5%",0.778509,"Correct","Correct","Correct","Correct"
"3",48,"7_8_stimuli","8_8","Congruent","Congruent","Incongruent","Congruent",95.999129,96.19913,"7&",1.386847,"Error","Correct","Correct","Correct"
"3",49,"1_2_stimuli","2_2","Congruent","Congruent","Congruent","Incongruent",97.999121,98.19911,"Omission",5000,"Omission","Error","Correct","Correct"
"3",50,"3_4_stimuli","3_3","Congruent","Congruent","Congruent","Congruent",99.999108,100.199102,"3#",0.570516,"Correct","Omission","Error","Correct"
"3",51,"5_6_stimuli","6_6","Congruent","Congruent","Congruent","Congruent",101.999086,102.19908,"6^",1.402568,"Correct","Correct","Omission","Error"
"3",52,"7_8_stimuli","8_7","Incongruent","Congruent","Congruent","Congruent",103.999058,104.199065,"7&",1.067075,"Correct","Correct","Correct","Omission"
"3",53,"1_2_stimuli","2_1","Incongruent","Incongruent","Congruent","Congruent",105.999046,106.199045,"1!",0.842541,"Correct","Correct","Correct","Correct"
"3",54,"3_4_stimuli","3_4","Incongruent","Incongruent","Incongruent","Congruent",107.999025,108.199031,"4$",0.795089,"Correct","Correct","Correct","Correct"
"3",55,"5_6_stimuli","5_6","Incongruent","Incongruent","Incongruent","Incongruent",109.999005,110.199016,"6^",1.131474,"Correct","Correct","Correct","Correct"
"3",56,"7_8_stimuli","8_8","Congruent","Incongruent","Incongruent","Incongruent",111.998992,112.198997,"8*",0.602588,"Correct","Correct","Correct","Correct"
"3",57,"1_2_stimuli","2_1","Incongruent","Congruent","Incongruent","Incongruent",113.998983,114.198975,"1!",0.491325,"Correct","Correct","Correct","Correct"
"3",58,"3_4_stimuli","4_4","Congruent","Incongruent","Congruent","Incongruent",115.998963,116.198951,"4$",0.683359,"Correct","Correct","Correct","Correct"
"3",59,"5_6_stimuli","6_6","Congruent","Congruent","Incongruent","Congruent",117.998942,118.198942,"6^",0.987322,"Correct","Correct","Correct","Correct"
"3",60,"7_8_stimuli","7_8","Incongruent","Congruent","Congruent","Incongruent",119.998922,120.198922,"8*",0.60346,"Correct","Correct","Correct","Correct"
"3",61,"1_2_stimuli","2_2","Congruent","Incongruent","Congruent","Congruent",121.998901,122.198898,"2@",0.602743,"Correct","Correct","Correct","Correct"
"3",62,"3_4_stimuli","4_3","Incongruent","Congruent","Incongruent","Congruent",123.998883,124.19888,"4$",0.71473,"Error","Correct","Correct","Correct"
"3",63,"5_6_stimuli","5_6","Incongruent","Incongruent","Congruent","Incongruent",125.998873,126.198867,"6^",1.37074,"Correct","Error","Correct","Correct"
"3",64,"7_8_stimuli","8_7","Incongruent","Incongruent","Incongruent","Congruent",127.998856,128.19885,"7&",0.859318,"Correct","Correct","Error","Correct"
"3",65,"1_2_stimuli","1_1","Congruent","Incongruent","Incongruent","Incongruent",129.998832,130.198828,"1!",0.491283,"Correct","Correct","Correct","Error"
"3",66,"3_4_stimuli","3_4","Incongruent","Congruent","Incongruent","Incongruent",131.99881,132.19881,"4$",0.891166,"Correct","Correct","Correct","Correct"
"3",67,"5_6_stimuli","6_6","Congruent","Incongruent","Congruent","Incongruent",133.998792,134.198793,"7&",1.131053,"Error","Correct","Correct","Correct"
"3",68,"7_8_stimuli","8_7","Incongruent","Congruent","Incongruent","Congruent",135.998784,136.198775,"7&",1.274859,"Correct","Error","Correct","Correct"
"4",1,"1_2_stimuli","1_2","Incongruent",NA,NA,NA,1.999992,2.199985,"2@",0.582956,"Correct",NA,NA,NA
"4",2,"3_4_stimuli","3_4","Incongruent","Incongruent",NA,NA,3.99997,4.199977,"4$",1.142921,"Correct","Correct",NA,NA
"4",3,"5_6_stimuli","6_6","Congruent","Incongruent","Incongruent",NA,5.99995,6.199952,"Omission",5000,"Omission","Correct","Correct",NA
"4",4,"7_8_stimuli","8_8","Congruent","Congruent","Incongruent","Incongruent",7.999939,8.199939,"8*",0.710989,"Correct","Omission","Correct","Correct"
"4",5,"1_2_stimuli","1_2","Incongruent","Congruent","Congruent","Incongruent",9.999913,10.199917,"2@",0.695364,"Correct","Correct","Omission","Correct"
"4",6,"3_4_stimuli","4_4","Congruent","Incongruent","Congruent","Congruent",11.999895,12.199896,"4$",0.727594,"Correct","Correct","Correct","Omission"
"4",7,"5_6_stimuli","6_5","Incongruent","Congruent","Incongruent","Congruent",13.999885,14.199887,"5%",0.951496,"Correct","Correct","Correct","Correct"
"4",8,"7_8_stimuli","8_8","Congruent","Incongruent","Congruent","Incongruent",15.99986,16.199872,"8*",0.615703,"Correct","Correct","Correct","Correct"
"4",9,"1_2_stimuli","1_1","Congruent","Congruent","Incongruent","Congruent",17.999856,18.199842,"1!",0.503486,"Correct","Correct","Correct","Correct"
"4",10,"3_4_stimuli","3_3","Congruent","Congruent","Congruent","Incongruent",19.999831,20.199834,"3#",0.903067,"Correct","Correct","Correct","Correct"
"4",11,"5_6_stimuli","5_6","Incongruent","Congruent","Congruent","Congruent",21.999808,22.199812,"6^",1.031645,"Correct","Correct","Correct","Correct"
"4",12,"7_8_stimuli","7_8","Incongruent","Incongruent","Congruent","Congruent",23.999803,24.199793,"8*",0.839795,"Correct","Correct","Correct","Correct"
"4",13,"1_2_stimuli","2_2","Congruent","Incongruent","Incongruent","Congruent",25.999764,26.199779,"2@",0.679603,"Correct","Correct","Correct","Correct"
"4",14,"3_4_stimuli","3_4","Incongruent","Congruent","Incongruent","Incongruent",27.999766,28.199763,"3#",0.695249,"Error","Correct","Correct","Correct"
"4",15,"5_6_stimuli","5_5","Congruent","Incongruent","Congruent","Incongruent",29.999743,30.199739,"5%",1.335864,"Correct","Error","Correct","Correct"
"4",16,"7_8_stimuli","7_7","Congruent","Congruent","Incongruent","Congruent",31.999723,32.199724,"Omission",5000,"Omission","Correct","Error","Correct"
"4",17,"1_2_stimuli","1_1","Congruent","Congruent","Congruent","Incongruent",33.999705,34.199703,"1!",0.583215,"Correct","Omission","Correct","Error"
"4",18,"3_4_stimuli","4_4","Congruent","Congruent","Congruent","Congruent",35.999688,36.19969,"Omission",5000,"Omission","Correct","Omission","Correct"
"4",19,"5_6_stimuli","5_5","Congruent","Congruent","Congruent","Congruent",37.999678,38.199661,"5%",0.91986,"Correct","Omission","Correct","Omission"
"4",20,"7_8_stimuli","7_8","Incongruent","Congruent","Congruent","Congruent",39.999657,40.199655,"8*",0.87189,"Correct","Correct","Omission","Correct"
"4",21,"1_2_stimuli","2_2","Congruent","Incongruent","Congruent","Congruent",41.999632,42.199631,"2@",0.615282,"Correct","Correct","Correct","Omission"
"4",22,"3_4_stimuli","4_3","Incongruent","Congruent","Incongruent","Congruent",43.999623,44.199611,"3#",0.887818,"Correct","Correct","Correct","Correct"
"4",23,"5_6_stimuli","5_6","Incongruent","Incongruent","Congruent","Incongruent",45.999589,46.199604,"6^",1.287314,"Correct","Correct","Correct","Correct"
"4",24,"7_8_stimuli","8_8","Congruent","Incongruent","Incongruent","Congruent",47.999577,48.199573,"8*",0.743791,"Correct","Correct","Correct","Correct"
"4",25,"1_2_stimuli","2_1","Incongruent","Congruent","Incongruent","Incongruent",49.999557,50.199563,"1!",0.567997,"Correct","Correct","Correct","Correct"
"4",26,"3_4_stimuli","4_4","Congruent","Incongruent","Congruent","Incongruent",51.999543,52.19954,"4$",1.160051,"Correct","Correct","Correct","Correct"
"4",27,"5_6_stimuli","6_6","Congruent","Congruent","Incongruent","Congruent",53.999533,54.199525,"6^",1.144049,"Correct","Correct","Correct","Correct"
"4",28,"7_8_stimuli","7_8","Incongruent","Congruent","Congruent","Incongruent",55.999499,56.199505,"8*",0.599415,"Correct","Correct","Correct","Correct"
"4",29,"1_2_stimuli","2_1","Incongruent","Incongruent","Congruent","Congruent",57.999483,58.199486,"1!",0.551443,"Correct","Correct","Correct","Correct"
"4",30,"3_4_stimuli","4_3","Incongruent","Incongruent","Incongruent","Congruent",59.999474,60.199466,"3#",0.728436,"Correct","Correct","Correct","Correct"
"4",31,"5_6_stimuli","6_5","Incongruent","Incongruent","Incongruent","Incongruent",61.999451,62.199461,"5%",0.968123,"Correct","Correct","Correct","Correct"
"4",32,"7_8_stimuli","7_7","Congruent","Incongruent","Incongruent","Incongruent",63.999437,64.19944,"7&",1.223432,"Correct","Correct","Correct","Correct"
"4",33,"1_2_stimuli","1_1","Congruent","Congruent","Incongruent","Incongruent",65.99942,66.199423,"1!",0.551453,"Correct","Correct","Correct","Correct"
"4",34,"3_4_stimuli","4_3","Incongruent","Congruent","Congruent","Incongruent",67.999401,68.199408,"3#",0.791467,"Correct","Correct","Correct","Correct"
"4",35,"5_6_stimuli","6_5","Incongruent","Incongruent","Congruent","Congruent",69.999383,70.199378,"5%",1.176162,"Correct","Correct","Correct","Correct"
"4",36,"7_8_stimuli","8_7","Incongruent","Incongruent","Incongruent","Congruent",71.999366,72.199362,"7&",1.175546,"Correct","Correct","Correct","Correct"
"4",37,"1_2_stimuli","1_1","Congruent","Incongruent","Incongruent","Incongruent",73.999349,74.199353,"1!",0.520045,"Correct","Correct","Correct","Correct"
"4",38,"3_4_stimuli","3_3","Congruent","Congruent","Incongruent","Incongruent",75.999338,76.199325,"3#",0.663972,"Correct","Correct","Correct","Correct"
"4",39,"5_6_stimuli","5_6","Incongruent","Congruent","Congruent","Incongruent",77.999306,78.199313,"6^",0.92,"Correct","Correct","Correct","Correct"
"4",40,"7_8_stimuli","8_8","Congruent","Incongruent","Congruent","Congruent",79.999291,80.199292,"8*",0.599759,"Correct","Correct","Correct","Correct"
"4",41,"1_2_stimuli","1_2","Incongruent","Congruent","Incongruent","Congruent",81.999284,82.199275,"2@",0.951553,"Correct","Correct","Correct","Correct"
"4",42,"3_4_stimuli","3_4","Incongruent","Incongruent","Congruent","Incongruent",83.999265,84.199254,"3#",0.967938,"Error","Correct","Correct","Correct"
"4",43,"5_6_stimuli","5_6","Incongruent","Incongruent","Incongruent","Congruent",85.999234,86.199232,"Omission",5000,"Omission","Error","Correct","Correct"
"4",44,"7_8_stimuli","8_7","Incongruent","Incongruent","Incongruent","Incongruent",87.999222,88.199225,"7&",0.807626,"Correct","Omission","Error","Correct"
"4",45,"1_2_stimuli","2_1","Incongruent","Incongruent","Incongruent","Incongruent",89.9992,90.199208,"1!",0.536097,"Correct","Correct","Omission","Error"
"4",46,"3_4_stimuli","3_3","Congruent","Incongruent","Incongruent","Incongruent",91.999188,92.199181,"3#",0.776449,"Correct","Correct","Correct","Omission"
"4",47,"5_6_stimuli","5_5","Congruent","Congruent","Incongruent","Incongruent",93.999165,94.199161,"5%",1.047701,"Correct","Correct","Correct","Correct"
"4",48,"7_8_stimuli","8_8","Congruent","Congruent","Congruent","Incongruent",95.999153,96.199151,"8*",0.759693,"Correct","Correct","Correct","Correct"
"4",49,"1_2_stimuli","2_1","Incongruent","Congruent","Congruent","Congruent",97.999135,98.199136,"1!",0.551724,"Correct","Correct","Correct","Correct"
"4",50,"3_4_stimuli","3_4","Incongruent","Incongruent","Congruent","Congruent",99.999118,100.19911,"4$",0.728546,"Correct","Correct","Correct","Correct"
"4",51,"5_6_stimuli","6_6","Congruent","Incongruent","Incongruent","Congruent",101.999103,102.199094,"6^",1.127726,"Correct","Correct","Correct","Correct"
"4",52,"7_8_stimuli","7_8","Incongruent","Congruent","Incongruent","Incongruent",103.999079,104.199077,"7&",0.760248,"Error","Correct","Correct","Correct"
"4",53,"1_2_stimuli","2_2","Congruent","Incongruent","Congruent","Incongruent",105.999063,106.199065,"2@",0.632212,"Correct","Error","Correct","Correct"
"4",54,"3_4_stimuli","3_3","Congruent","Congruent","Incongruent","Congruent",107.999045,108.199046,"3#",0.823805,"Correct","Correct","Error","Correct"
"4",55,"5_6_stimuli","5_5","Congruent","Congruent","Congruent","Incongruent",109.999035,110.199019,"5%",0.919873,"Correct","Correct","Correct","Error"
"4",56,"7_8_stimuli","7_7","Congruent","Congruent","Congruent","Congruent",111.999016,112.199015,"7&",0.791868,"Correct","Correct","Correct","Correct"
"4",57,"1_2_stimuli","2_2","Congruent","Congruent","Congruent","Congruent",113.998987,114.19899,"2@",0.695835,"Correct","Correct","Correct","Correct"
"4",58,"3_4_stimuli","3_4","Incongruent","Congruent","Congruent","Congruent",115.998972,116.198965,"4$",0.808331,"Correct","Correct","Correct","Correct"
"4",59,"5_6_stimuli","6_6","Congruent","Incongruent","Congruent","Congruent",117.998956,118.198961,"6^",1.09632,"Correct","Correct","Correct","Correct"
"4",60,"7_8_stimuli","8_7","Incongruent","Congruent","Incongruent","Congruent",119.998936,120.19894,"7&",0.93617,"Correct","Correct","Correct","Correct"
"4",61,"1_2_stimuli","1_2","Incongruent","Incongruent","Congruent","Incongruent",121.998924,122.198922,"2@",0.599957,"Correct","Correct","Correct","Correct"
"4",62,"3_4_stimuli","4_4","Congruent","Incongruent","Incongruent","Congruent",123.998897,124.198896,"4$",0.665189,"Correct","Correct","Correct","Correct"
"4",63,"5_6_stimuli","6_5","Incongruent","Congruent","Incongruent","Incongruent",125.998887,126.198883,"5%",1.367874,"Correct","Correct","Correct","Correct"
"4",64,"7_8_stimuli","8_7","Incongruent","Incongruent","Congruent","Incongruent",127.998863,128.198871,"7&",0.951976,"Correct","Correct","Correct","Correct"
"4",65,"1_2_stimuli","1_2","Incongruent","Incongruent","Incongruent","Congruent",129.99885,130.198853,"2@",0.599892,"Correct","Correct","Correct","Correct"
"4",66,"3_4_stimuli","4_3","Incongruent","Incongruent","Incongruent","Incongruent",131.998838,132.198826,"Omission",5000,"Omission","Correct","Correct","Correct"
"4",67,"5_6_stimuli","6_6","Congruent","Incongruent","Incongruent","Incongruent",133.998818,134.198818,"Omission",5000,"Omission","Omission","Correct","Correct"
"4",68,"7_8_stimuli","7_7","Congruent","Congruent","Incongruent","Incongruent",135.998792,136.1988,"Omission",5000,"Omission","Omission","Omission","Correct"
"5",1,"1_2_stimuli","2_1","Incongruent",NA,NA,NA,1.999975,2.199969,"1!",0.600711,"Correct",NA,NA,NA
"5",2,"3_4_stimuli","4_3","Incongruent","Incongruent",NA,NA,3.999956,4.199963,"3#",0.744201,"Correct","Correct",NA,NA
"5",3,"5_6_stimuli","6_6","Congruent","Incongruent","Incongruent",NA,5.999932,6.199941,"6^",1.304215,"Correct","Correct","Correct",NA
"5",4,"7_8_stimuli","7_8","Incongruent","Congruent","Incongruent","Incongruent",7.999929,8.19992,"8*",1.272161,"Correct","Correct","Correct","Correct"
"5",5,"1_2_stimuli","2_1","Incongruent","Incongruent","Congruent","Incongruent",9.999911,10.199915,"1!",0.504489,"Correct","Correct","Correct","Correct"
"5",6,"3_4_stimuli","4_3","Incongruent","Incongruent","Incongruent","Congruent",11.999887,12.19989,"3#",0.648967,"Correct","Correct","Correct","Correct"
"5",7,"5_6_stimuli","6_5","Incongruent","Incongruent","Incongruent","Incongruent",13.999865,14.19987,"5%",0.872293,"Correct","Correct","Correct","Correct"
"5",8,"7_8_stimuli","7_7","Congruent","Incongruent","Incongruent","Incongruent",15.999851,16.199861,"7&",0.776336,"Correct","Correct","Correct","Correct"
"5",9,"1_2_stimuli","2_1","Incongruent","Congruent","Incongruent","Incongruent",17.999834,18.199832,"1!",0.504465,"Correct","Correct","Correct","Correct"
"5",10,"3_4_stimuli","4_3","Incongruent","Incongruent","Congruent","Incongruent",19.999817,20.199824,"3#",0.696332,"Correct","Correct","Correct","Correct"
"5",11,"5_6_stimuli","6_6","Congruent","Incongruent","Incongruent","Congruent",21.99981,22.199805,"6^",1.03284,"Correct","Correct","Correct","Correct"
"5",12,"7_8_stimuli","8_8","Congruent","Congruent","Incongruent","Incongruent",23.999775,24.199785,"8*",0.74508,"Correct","Correct","Correct","Correct"
"5",13,"1_2_stimuli","1_2","Incongruent","Congruent","Congruent","Incongruent",25.99978,26.199754,"2@",0.56879,"Correct","Correct","Correct","Correct"
"5",14,"3_4_stimuli","4_4","Congruent","Incongruent","Congruent","Congruent",27.999744,28.199747,"4$",0.920689,"Correct","Correct","Correct","Correct"
"5",15,"5_6_stimuli","5_6","Incongruent","Congruent","Incongruent","Congruent",29.999736,30.19973,"5%",1.048373,"Error","Correct","Correct","Correct"
"5",16,"7_8_stimuli","8_7","Incongruent","Incongruent","Congruent","Incongruent",31.999707,32.19971,"6^",1.064383,"Error","Error","Correct","Correct"
"5",17,"1_2_stimuli","2_1","Incongruent","Incongruent","Incongruent","Congruent",33.999703,34.1997,"1!",0.936847,"Correct","Error","Error","Correct"
"5",18,"3_4_stimuli","3_3","Congruent","Incongruent","Incongruent","Incongruent",35.999684,36.199685,"3#",0.856478,"Correct","Correct","Error","Error"
"5",19,"5_6_stimuli","5_5","Congruent","Congruent","Incongruent","Incongruent",37.999674,38.199669,"5%",0.952895,"Correct","Correct","Correct","Error"
"5",20,"7_8_stimuli","7_8","Incongruent","Congruent","Congruent","Incongruent",39.999649,40.199643,"8*",0.760524,"Correct","Correct","Correct","Correct"
"5",21,"1_2_stimuli","1_2","Incongruent","Incongruent","Congruent","Congruent",41.999621,42.199625,"2@",0.648582,"Correct","Correct","Correct","Correct"
"5",22,"3_4_stimuli","4_4","Congruent","Incongruent","Incongruent","Congruent",43.99961,44.199603,"4$",0.729115,"Correct","Correct","Correct","Correct"
"5",23,"5_6_stimuli","5_6","Incongruent","Congruent","Incongruent","Incongruent",45.999593,46.199593,"6^",1.240897,"Correct","Correct","Correct","Correct"
"5",24,"7_8_stimuli","8_8","Congruent","Incongruent","Congruent","Incongruent",47.999563,48.199569,"8*",0.728531,"Correct","Correct","Correct","Correct"
"5",25,"1_2_stimuli","2_2","Congruent","Congruent","Incongruent","Congruent",49.999553,50.199559,"2@",0.680559,"Correct","Correct","Correct","Correct"
"5",26,"3_4_stimuli","3_4","Incongruent","Congruent","Congruent","Incongruent",51.999544,52.199525,"4$",0.85701,"Correct","Correct","Correct","Correct"
"5",27,"5_6_stimuli","6_5","Incongruent","Incongruent","Congruent","Congruent",53.999517,54.199511,"5%",1.336557,"Correct","Correct","Correct","Correct"
"5",28,"7_8_stimuli","8_8","Congruent","Incongruent","Incongruent","Congruent",55.999501,56.199499,"8*",1.225016,"Correct","Correct","Correct","Correct"
"5",29,"1_2_stimuli","1_1","Congruent","Congruent","Incongruent","Incongruent",57.999484,58.199475,"1!",0.553049,"Correct","Correct","Correct","Correct"
"5",30,"3_4_stimuli","3_3","Congruent","Congruent","Congruent","Incongruent",59.999457,60.199456,"3#",0.856926,"Correct","Correct","Correct","Correct"
"5",31,"5_6_stimuli","5_5","Congruent","Congruent","Congruent","Congruent",61.99945,62.199449,"5%",1.081141,"Correct","Correct","Correct","Correct"
"5",32,"7_8_stimuli","8_7","Incongruent","Congruent","Congruent","Congruent",63.999425,64.199439,"7&",0.856684,"Correct","Correct","Correct","Correct"
"5",33,"1_2_stimuli","2_2","Congruent","Incongruent","Congruent","Congruent",65.999402,66.199403,"2@",0.632711,"Correct","Correct","Correct","Correct"
"5",34,"3_4_stimuli","4_4","Congruent","Congruent","Incongruent","Congruent",67.999384,68.199382,"4$",1.032702,"Correct","Correct","Correct","Correct"
"5",35,"5_6_stimuli","5_5","Congruent","Congruent","Congruent","Incongruent",69.999385,70.199381,"5%",0.985305,"Correct","Correct","Correct","Correct"
"5",36,"7_8_stimuli","7_7","Congruent","Congruent","Congruent","Congruent",71.999361,72.199349,"7&",0.825351,"Correct","Correct","Correct","Correct"
"5",37,"1_2_stimuli","1_1","Congruent","Congruent","Congruent","Congruent",73.999343,74.199338,"1!",0.537203,"Correct","Correct","Correct","Correct"
"5",38,"3_4_stimuli","4_4","Congruent","Congruent","Congruent","Congruent",75.999322,76.199319,"4$",0.936791,"Correct","Correct","Correct","Correct"
"5",39,"5_6_stimuli","5_6","Incongruent","Congruent","Congruent","Congruent",77.999302,78.199297,"6^",1.273243,"Correct","Correct","Correct","Correct"
"5",40,"7_8_stimuli","8_7","Incongruent","Incongruent","Congruent","Congruent",79.999284,80.199285,"7&",1.145524,"Correct","Correct","Correct","Correct"
"5",41,"1_2_stimuli","1_1","Congruent","Incongruent","Incongruent","Congruent",81.999269,82.19927,"1!",0.56878,"Correct","Correct","Correct","Correct"
"5",42,"3_4_stimuli","3_4","Incongruent","Congruent","Incongruent","Incongruent",83.999239,84.199247,"4$",0.873167,"Correct","Correct","Correct","Correct"
"5",43,"5_6_stimuli","6_6","Congruent","Incongruent","Congruent","Incongruent",85.999227,86.199226,"6^",1.01714,"Correct","Correct","Correct","Correct"
"5",44,"7_8_stimuli","8_8","Congruent","Congruent","Incongruent","Congruent",87.999222,88.19921,"7&",0.745145,"Error","Correct","Correct","Correct"
"5",45,"1_2_stimuli","1_1","Congruent","Congruent","Congruent","Incongruent",89.999193,90.199194,"1!",0.537381,"Correct","Error","Correct","Correct"
"5",46,"3_4_stimuli","4_3","Incongruent","Congruent","Congruent","Congruent",91.999182,92.199173,"3#",0.7937,"Correct","Correct","Error","Correct"
"5",47,"5_6_stimuli","6_6","Congruent","Incongruent","Congruent","Congruent",93.999154,94.199165,"6^",1.113001,"Correct","Correct","Correct","Error"
"5",48,"7_8_stimuli","8_7","Incongruent","Congruent","Incongruent","Congruent",95.999139,96.199137,"7&",0.904898,"Correct","Correct","Correct","Correct"
"5",49,"1_2_stimuli","2_2","Congruent","Incongruent","Congruent","Incongruent",97.999131,98.199124,"2@",0.696931,"Correct","Correct","Correct","Correct"
"5",50,"3_4_stimuli","3_4","Incongruent","Congruent","Incongruent","Congruent",99.999105,100.199101,"4$",0.777796,"Correct","Correct","Correct","Correct"
"5",51,"5_6_stimuli","5_6","Incongruent","Incongruent","Congruent","Incongruent",101.999095,102.199089,"6^",1.000992,"Correct","Correct","Correct","Correct"
"5",52,"7_8_stimuli","7_8","Incongruent","Incongruent","Incongruent","Congruent",103.999073,104.199064,"8*",0.648988,"Correct","Correct","Correct","Correct"
"5",53,"1_2_stimuli","2_2","Congruent","Incongruent","Incongruent","Incongruent",105.999057,106.199053,"2@",0.633244,"Correct","Correct","Correct","Correct"
"5",54,"3_4_stimuli","3_3","Congruent","Congruent","Incongruent","Incongruent",107.999031,108.199034,"3#",0.649091,"Correct","Correct","Correct","Correct"
"5",55,"5_6_stimuli","6_5","Incongruent","Congruent","Congruent","Incongruent",109.999023,110.199011,"5%",0.889456,"Correct","Correct","Correct","Correct"
"5",56,"7_8_stimuli","7_7","Congruent","Incongruent","Congruent","Congruent",111.999005,112.198995,"7&",0.74562,"Correct","Correct","Correct","Correct"
"5",57,"1_2_stimuli","1_2","Incongruent","Congruent","Incongruent","Congruent",113.998987,114.198982,"2@",0.633607,"Correct","Correct","Correct","Correct"
"5",58,"3_4_stimuli","3_3","Congruent","Incongruent","Congruent","Incongruent",115.998967,116.198965,"3#",0.649157,"Correct","Correct","Correct","Correct"
"5",59,"5_6_stimuli","6_6","Congruent","Congruent","Incongruent","Congruent",117.998948,118.19894,"6^",0.953714,"Correct","Correct","Correct","Correct"
"5",60,"7_8_stimuli","7_7","Congruent","Congruent","Congruent","Incongruent",119.998925,120.198927,"7&",0.92193,"Correct","Correct","Correct","Correct"
"5",61,"1_2_stimuli","2_1","Incongruent","Congruent","Congruent","Congruent",121.998916,122.198915,"1!",0.53787,"Correct","Correct","Correct","Correct"
"5",62,"3_4_stimuli","4_3","Incongruent","Incongruent","Congruent","Congruent",123.998897,124.198891,"3#",0.777784,"Correct","Correct","Correct","Correct"
"5",63,"5_6_stimuli","6_5","Incongruent","Incongruent","Incongruent","Congruent",125.998879,126.198876,"5%",0.937708,"Correct","Correct","Correct","Correct"
"5",64,"7_8_stimuli","7_8","Incongruent","Incongruent","Incongruent","Incongruent",127.998858,128.198865,"8*",0.777894,"Correct","Correct","Correct","Correct"
"5",65,"1_2_stimuli","1_2","Incongruent","Incongruent","Incongruent","Incongruent",129.998837,130.198834,"2@",0.569841,"Correct","Correct","Correct","Correct"
"5",66,"3_4_stimuli","3_4","Incongruent","Incongruent","Incongruent","Incongruent",131.998823,132.198826,"4$",0.793221,"Correct","Correct","Correct","Correct"
"5",67,"5_6_stimuli","5_5","Congruent","Incongruent","Incongruent","Incongruent",133.998813,134.198814,"5%",1.065245,"Correct","Correct","Correct","Correct"
"5",68,"7_8_stimuli","7_8","Incongruent","Congruent","Incongruent","Incongruent",135.998794,136.198801,"8*",0.634072,"Correct","Correct","Correct","Correct"
"6",1,"1_2_stimuli","2_1","Incongruent",NA,NA,NA,2.000269,2.200252,"1!",0.525133,"Correct",NA,NA,NA
"6",2,"3_4_stimuli","4_3","Incongruent","Incongruent",NA,NA,4.000232,4.200242,"3#",0.636615,"Correct","Correct",NA,NA
"6",3,"5_6_stimuli","5_5","Congruent","Incongruent","Incongruent",NA,6.000223,6.20022,"5%",0.860645,"Correct","Correct","Correct",NA
"6",4,"7_8_stimuli","7_8","Incongruent","Congruent","Incongruent","Incongruent",8.000209,8.200197,"8*",0.797234,"Correct","Correct","Correct","Correct"
"6",5,"1_2_stimuli","2_2","Congruent","Incongruent","Congruent","Incongruent",10.000185,10.200187,"2@",0.589095,"Correct","Correct","Correct","Correct"
"6",6,"3_4_stimuli","3_4","Incongruent","Congruent","Incongruent","Congruent",12.000166,12.200171,"4$",0.764603,"Correct","Correct","Correct","Correct"
"6",7,"5_6_stimuli","5_6","Incongruent","Incongruent","Congruent","Incongruent",14.000148,14.200145,"6^",1.229149,"Correct","Correct","Correct","Correct"
"6",8,"7_8_stimuli","8_8","Congruent","Incongruent","Incongruent","Congruent",16.000122,16.200125,"8*",0.780745,"Correct","Correct","Correct","Correct"
"6",9,"1_2_stimuli","2_1","Incongruent","Congruent","Incongruent","Incongruent",18.000119,18.200104,"1!",0.509197,"Correct","Correct","Correct","Correct"
"6",10,"3_4_stimuli","4_3","Incongruent","Incongruent","Congruent","Incongruent",20.000092,20.200094,"3#",0.637092,"Correct","Correct","Correct","Correct"
"6",11,"5_6_stimuli","6_5","Incongruent","Incongruent","Incongruent","Congruent",22.000081,22.200075,"5%",0.780997,"Correct","Correct","Correct","Correct"
"6",12,"7_8_stimuli","7_7","Congruent","Incongruent","Incongruent","Incongruent",24.000061,24.200063,"7&",0.557292,"Correct","Correct","Correct","Correct"
"6",13,"1_2_stimuli","1_1","Congruent","Congruent","Incongruent","Incongruent",26.00004,26.200038,"1!",0.621395,"Correct","Correct","Correct","Correct"
"6",14,"3_4_stimuli","4_4","Congruent","Congruent","Congruent","Incongruent",28.000028,28.200034,"4$",0.892863,"Correct","Correct","Correct","Correct"
"6",15,"5_6_stimuli","6_6","Congruent","Congruent","Congruent","Congruent",30.000017,30.200009,"6^",1.148989,"Correct","Correct","Correct","Correct"
"6",16,"7_8_stimuli","8_8","Congruent","Congruent","Congruent","Congruent",31.999999,32.199992,"8*",1.149381,"Correct","Correct","Correct","Correct"
"6",17,"1_2_stimuli","1_2","Incongruent","Congruent","Congruent","Congruent",33.99998,34.199979,"2@",0.62132,"Correct","Correct","Correct","Correct"
"6",18,"3_4_stimuli","3_3","Congruent","Incongruent","Congruent","Congruent",35.999958,36.199955,"3#",0.620884,"Correct","Correct","Correct","Correct"
"6",19,"5_6_stimuli","5_5","Congruent","Congruent","Incongruent","Congruent",37.999939,38.199934,"5%",0.924962,"Correct","Correct","Correct","Correct"
"6",20,"7_8_stimuli","7_8","Incongruent","Congruent","Congruent","Incongruent",39.999928,40.199914,"8*",0.605096,"Correct","Correct","Correct","Correct"
"6",21,"1_2_stimuli","1_1","Congruent","Incongruent","Congruent","Congruent",41.999899,42.199901,"1!",0.477406,"Correct","Correct","Correct","Correct"
"6",22,"3_4_stimuli","4_4","Congruent","Congruent","Incongruent","Congruent",43.999881,44.199885,"4$",0.653001,"Correct","Correct","Correct","Correct"
"6",23,"5_6_stimuli","6_5","Incongruent","Congruent","Congruent","Incongruent",45.999872,46.199871,"5%",0.861046,"Correct","Correct","Correct","Correct"
"6",24,"7_8_stimuli","7_8","Incongruent","Incongruent","Congruent","Congruent",47.999855,48.19984,"8*",0.685468,"Correct","Correct","Correct","Correct"
"6",25,"1_2_stimuli","2_2","Congruent","Incongruent","Incongruent","Congruent",49.99984,50.19984,"2@",0.573453,"Correct","Correct","Correct","Correct"
"6",26,"3_4_stimuli","4_4","Congruent","Congruent","Incongruent","Incongruent",51.999815,52.199822,"4$",1.085087,"Correct","Correct","Correct","Correct"
"6",27,"5_6_stimuli","5_5","Congruent","Congruent","Congruent","Incongruent",53.999805,54.1998,"5%",0.78157,"Correct","Correct","Correct","Correct"
"6",28,"7_8_stimuli","8_7","Incongruent","Congruent","Congruent","Congruent",55.999779,56.199789,"7&",0.733566,"Correct","Correct","Correct","Correct"
"6",29,"1_2_stimuli","2_1","Incongruent","Incongruent","Congruent","Congruent",57.999772,58.199762,"1!",0.605532,"Correct","Correct","Correct","Correct"
"6",30,"3_4_stimuli","4_3","Incongruent","Incongruent","Incongruent","Congruent",59.999737,60.199745,"3#",0.845461,"Correct","Correct","Correct","Correct"
"6",31,"5_6_stimuli","6_5","Incongruent","Incongruent","Incongruent","Incongruent",61.999743,62.19973,"5%",1.085155,"Correct","Correct","Correct","Correct"
"6",32,"7_8_stimuli","7_8","Incongruent","Incongruent","Incongruent","Incongruent",63.999709,64.199715,"8*",0.717367,"Correct","Correct","Correct","Correct"
"6",33,"1_2_stimuli","1_2","Incongruent","Incongruent","Incongruent","Incongruent",65.999683,66.19969,"2@",0.621652,"Correct","Correct","Correct","Correct"
"6",34,"3_4_stimuli","4_4","Congruent","Incongruent","Incongruent","Incongruent",67.999676,68.199679,"4$",0.685213,"Correct","Correct","Correct","Correct"
"6",35,"5_6_stimuli","5_5","Congruent","Congruent","Incongruent","Incongruent",69.999666,70.199652,"5%",0.829156,"Correct","Correct","Correct","Correct"
"6",36,"7_8_stimuli","7_7","Congruent","Congruent","Congruent","Incongruent",71.999631,72.199635,"7&",0.589182,"Correct","Correct","Correct","Correct"
"6",37,"1_2_stimuli","1_1","Congruent","Congruent","Congruent","Congruent",73.99963,74.199619,"1!",0.57387,"Correct","Correct","Correct","Correct"
"6",38,"3_4_stimuli","3_4","Incongruent","Congruent","Congruent","Congruent",75.999603,76.19961,"4$",0.701962,"Correct","Correct","Correct","Correct"
"6",39,"5_6_stimuli","5_6","Incongruent","Incongruent","Congruent","Congruent",77.999579,78.199579,"6^",0.989215,"Correct","Correct","Correct","Correct"
"6",40,"7_8_stimuli","7_8","Incongruent","Incongruent","Incongruent","Congruent",79.999568,80.199559,"8*",0.621202,"Correct","Correct","Correct","Correct"
"6",41,"1_2_stimuli","2_2","Congruent","Incongruent","Incongruent","Incongruent",81.999548,82.199551,"3#",0.589614,"Error","Correct","Correct","Correct"
"6",42,"3_4_stimuli","4_3","Incongruent","Congruent","Incongruent","Incongruent",83.999534,84.199533,"3#",0.925966,"Correct","Error","Correct","Correct"
"6",43,"5_6_stimuli","6_6","Congruent","Incongruent","Congruent","Incongruent",85.999509,86.199521,"6^",1.149444,"Correct","Correct","Error","Correct"
"6",44,"7_8_stimuli","7_7","Congruent","Congruent","Incongruent","Congruent",87.99949,88.199501,"7&",0.701954,"Correct","Correct","Correct","Error"
"6",45,"1_2_stimuli","1_2","Incongruent","Congruent","Congruent","Incongruent",89.99947,90.199484,"2@",0.557326,"Correct","Correct","Correct","Correct"
"6",46,"3_4_stimuli","3_4","Incongruent","Incongruent","Congruent","Congruent",91.999456,92.199454,"4$",1.197801,"Correct","Correct","Correct","Correct"
"6",47,"5_6_stimuli","6_6","Congruent","Incongruent","Incongruent","Congruent",93.999448,94.199434,"Omission",5000,"Omission","Correct","Correct","Correct"
"6",48,"7_8_stimuli","8_8","Congruent","Congruent","Incongruent","Incongruent",95.999435,96.199428,"8*",0.637977,"Correct","Omission","Correct","Correct"
"6",49,"1_2_stimuli","2_2","Congruent","Congruent","Congruent","Incongruent",97.999401,98.199413,"2@",0.557397,"Correct","Correct","Omission","Correct"
"6",50,"3_4_stimuli","3_3","Congruent","Congruent","Congruent","Congruent",99.999386,100.19938,"3#",0.845404,"Correct","Correct","Correct","Omission"
"6",51,"5_6_stimuli","5_6","Incongruent","Congruent","Congruent","Congruent",101.999371,102.199374,"6^",0.941846,"Correct","Correct","Correct","Correct"
"6",52,"7_8_stimuli","7_7","Congruent","Incongruent","Congruent","Congruent",103.999355,104.199355,"7&",0.877836,"Correct","Correct","Correct","Correct"
"6",53,"1_2_stimuli","2_1","Incongruent","Congruent","Incongruent","Congruent",105.999346,106.199337,"1!",0.66947,"Correct","Correct","Correct","Correct"
"6",54,"3_4_stimuli","3_3","Congruent","Incongruent","Congruent","Incongruent",107.999315,108.199317,"3#",0.781527,"Correct","Correct","Correct","Correct"
"6",55,"5_6_stimuli","5_6","Incongruent","Congruent","Incongruent","Congruent",109.999296,110.199298,"6^",1.133892,"Correct","Correct","Correct","Correct"
"6",56,"7_8_stimuli","8_8","Congruent","Incongruent","Congruent","Incongruent",111.999287,112.199278,"8*",0.941474,"Correct","Correct","Correct","Correct"
"6",57,"1_2_stimuli","1_1","Congruent","Congruent","Incongruent","Congruent",113.999265,114.199266,"1!",0.493771,"Correct","Correct","Correct","Correct"
"6",58,"3_4_stimuli","3_4","Incongruent","Congruent","Congruent","Incongruent",115.999241,116.199244,"4$",1.10201,"Correct","Correct","Correct","Correct"
"6",59,"5_6_stimuli","5_5","Congruent","Incongruent","Congruent","Congruent",117.999229,118.199239,"5%",1.165919,"Correct","Correct","Correct","Correct"
"6",60,"7_8_stimuli","8_7","Incongruent","Congruent","Incongruent","Congruent",119.999206,120.199215,"7&",0.797552,"Correct","Correct","Correct","Correct"
"6",61,"1_2_stimuli","1_2","Incongruent","Incongruent","Congruent","Incongruent",121.999188,122.199189,"2@",0.510265,"Correct","Correct","Correct","Correct"
"6",62,"3_4_stimuli","3_3","Congruent","Incongruent","Incongruent","Congruent",123.999176,124.199178,"3#",0.686041,"Correct","Correct","Correct","Correct"
"6",63,"5_6_stimuli","6_5","Incongruent","Congruent","Incongruent","Incongruent",125.999159,126.199166,"5%",0.973949,"Correct","Correct","Correct","Correct"
"6",64,"7_8_stimuli","8_7","Incongruent","Incongruent","Congruent","Incongruent",127.999138,128.199152,"7&",0.734055,"Correct","Correct","Correct","Correct"
"6",65,"1_2_stimuli","2_1","Incongruent","Incongruent","Incongruent","Congruent",129.999118,130.199118,"1!",0.509989,"Correct","Correct","Correct","Correct"
"6",66,"3_4_stimuli","4_3","Incongruent","Incongruent","Incongruent","Incongruent",131.999104,132.199107,"3#",0.685657,"Correct","Correct","Correct","Correct"
"6",67,"5_6_stimuli","6_6","Congruent","Incongruent","Incongruent","Incongruent",133.999082,134.199083,"7&",1.278206,"Error","Correct","Correct","Correct"
"6",68,"7_8_stimuli","8_7","Incongruent","Congruent","Incongruent","Incongruent",135.999069,136.19907,"Omission",5000,"Omission","Error","Correct","Correct"
"7",1,"1_2_stimuli","2_1","Incongruent",NA,NA,NA,1.999975,2.199974,"1!",0.537333,"Correct",NA,NA,NA
"7",2,"3_4_stimuli","4_4","Congruent","Incongruent",NA,NA,3.999962,4.199966,"4$",0.857121,"Correct","Correct",NA,NA
"7",3,"5_6_stimuli","6_5","Incongruent","Congruent","Incongruent",NA,5.999951,6.199947,"5%",0.66587,"Correct","Correct","Correct",NA
"7",4,"7_8_stimuli","8_8","Congruent","Incongruent","Congruent","Incongruent",7.999934,8.199913,"8*",0.681676,"Correct","Correct","Correct","Correct"
"7",5,"1_2_stimuli","2_2","Congruent","Congruent","Incongruent","Congruent",9.999899,10.199908,"2@",0.601204,"Correct","Correct","Correct","Correct"
"7",6,"3_4_stimuli","3_3","Congruent","Congruent","Congruent","Incongruent",11.999882,12.199888,"3#",0.729379,"Correct","Correct","Correct","Correct"
"7",7,"5_6_stimuli","6_5","Incongruent","Congruent","Congruent","Congruent",13.999867,14.199868,"4$",0.857829,"Error","Correct","Correct","Correct"
"7",8,"7_8_stimuli","8_8","Congruent","Incongruent","Congruent","Congruent",15.99985,16.199846,"8*",0.841738,"Correct","Error","Correct","Correct"
"7",9,"1_2_stimuli","2_1","Incongruent","Congruent","Incongruent","Congruent",17.999835,18.199835,"1!",0.58571,"Correct","Correct","Error","Correct"
"7",10,"3_4_stimuli","3_4","Incongruent","Incongruent","Congruent","Incongruent",19.999827,20.199817,"4$",0.745272,"Correct","Correct","Correct","Error"
"7",11,"5_6_stimuli","6_6","Congruent","Incongruent","Incongruent","Congruent",21.999803,22.199803,"6^",1.305943,"Correct","Correct","Correct","Correct"
"7",12,"7_8_stimuli","7_8","Incongruent","Congruent","Incongruent","Incongruent",23.999783,24.199782,"8*",0.713356,"Correct","Correct","Correct","Correct"
"7",13,"1_2_stimuli","1_2","Incongruent","Incongruent","Congruent","Incongruent",25.999775,26.199764,"2@",0.633431,"Correct","Correct","Correct","Correct"
"7",14,"3_4_stimuli","3_4","Incongruent","Incongruent","Incongruent","Congruent",27.999743,28.199745,"4$",0.80966,"Correct","Correct","Correct","Correct"
"7",15,"5_6_stimuli","6_5","Incongruent","Incongruent","Incongruent","Incongruent",29.999732,30.199737,"5%",1.289746,"Correct","Correct","Correct","Correct"
"7",16,"7_8_stimuli","7_7","Congruent","Incongruent","Incongruent","Incongruent",31.99971,32.199708,"7&",0.858018,"Correct","Correct","Correct","Correct"
"7",17,"1_2_stimuli","1_1","Congruent","Congruent","Incongruent","Incongruent",33.999702,34.199699,"1!",0.553354,"Correct","Correct","Correct","Correct"
"7",18,"3_4_stimuli","4_3","Incongruent","Congruent","Congruent","Incongruent",35.999671,36.199675,"3#",0.762077,"Correct","Correct","Correct","Correct"
"7",19,"5_6_stimuli","5_5","Congruent","Incongruent","Congruent","Congruent",37.999658,38.199658,"5%",1.177979,"Correct","Correct","Correct","Correct"
"7",20,"7_8_stimuli","8_7","Incongruent","Congruent","Incongruent","Congruent",39.999635,40.199645,"7&",1.08142,"Correct","Correct","Correct","Correct"
"7",21,"1_2_stimuli","1_1","Congruent","Incongruent","Congruent","Incongruent",41.999627,42.199614,"1!",0.521966,"Correct","Correct","Correct","Correct"
"7",22,"3_4_stimuli","4_3","Incongruent","Congruent","Incongruent","Congruent",43.999612,44.199613,"3#",0.79345,"Correct","Correct","Correct","Correct"
"7",23,"5_6_stimuli","5_5","Congruent","Incongruent","Congruent","Incongruent",45.999587,46.199595,"5%",1.017877,"Correct","Correct","Correct","Correct"
"7",24,"7_8_stimuli","7_7","Congruent","Congruent","Incongruent","Congruent",47.99957,48.199571,"7&",0.857812,"Correct","Correct","Correct","Correct"
"7",25,"1_2_stimuli","1_2","Incongruent","Congruent","Congruent","Incongruent",49.99955,50.199553,"2@",0.601506,"Correct","Correct","Correct","Correct"
"7",26,"3_4_stimuli","3_3","Congruent","Incongruent","Congruent","Congruent",51.999546,52.199534,"3#",0.585993,"Correct","Correct","Correct","Correct"
"7",27,"5_6_stimuli","5_6","Incongruent","Congruent","Incongruent","Congruent",53.999517,54.199517,"6^",1.049557,"Correct","Correct","Correct","Correct"
"7",28,"7_8_stimuli","8_7","Incongruent","Incongruent","Congruent","Incongruent",55.999494,56.199496,"7&",0.777991,"Correct","Correct","Correct","Correct"
"7",29,"1_2_stimuli","2_2","Congruent","Incongruent","Incongruent","Congruent",57.99948,58.19948,"2@",0.633564,"Correct","Correct","Correct","Correct"
"7",30,"3_4_stimuli","4_3","Incongruent","Congruent","Incongruent","Incongruent",59.999465,60.19947,"3#",0.842254,"Correct","Correct","Correct","Correct"
"7",31,"5_6_stimuli","5_6","Incongruent","Incongruent","Congruent","Incongruent",61.999445,62.199444,"5%",1.370338,"Error","Correct","Correct","Correct"
"7",32,"7_8_stimuli","8_8","Congruent","Incongruent","Incongruent","Congruent",63.999434,64.199437,"7&",0.730153,"Error","Error","Correct","Correct"
"7",33,"1_2_stimuli","1_2","Incongruent","Congruent","Incongruent","Incongruent",65.999415,66.199419,"2@",0.618076,"Correct","Error","Error","Correct"
"7",34,"3_4_stimuli","4_4","Congruent","Incongruent","Congruent","Incongruent",67.999398,68.199389,"4$",0.76166,"Correct","Correct","Error","Error"
"7",35,"5_6_stimuli","5_5","Congruent","Congruent","Incongruent","Congruent",69.99938,70.199379,"5%",0.874008,"Correct","Correct","Correct","Error"
"7",36,"7_8_stimuli","7_7","Congruent","Congruent","Congruent","Incongruent",71.99936,72.199355,"7&",0.761932,"Correct","Correct","Correct","Correct"
"7",37,"1_2_stimuli","2_1","Incongruent","Congruent","Congruent","Congruent",73.999343,74.19934,"1!",0.57039,"Correct","Correct","Correct","Correct"
"7",38,"3_4_stimuli","3_4","Incongruent","Incongruent","Congruent","Congruent",75.999324,76.199296,"4$",0.713658,"Correct","Correct","Correct","Correct"
"7",39,"5_6_stimuli","6_5","Incongruent","Incongruent","Incongruent","Congruent",77.9993,78.199297,"5%",1.401722,"Correct","Correct","Correct","Correct"
"7",40,"7_8_stimuli","7_8","Incongruent","Incongruent","Incongruent","Incongruent",79.999294,80.199282,"8*",1.113701,"Correct","Correct","Correct","Correct"
"7",41,"1_2_stimuli","2_1","Incongruent","Incongruent","Incongruent","Incongruent",81.999271,82.199264,"1!",0.537783,"Correct","Correct","Correct","Correct"
"7",42,"3_4_stimuli","3_4","Incongruent","Incongruent","Incongruent","Incongruent",83.999248,84.199243,"4$",0.698324,"Correct","Correct","Correct","Correct"
"7",43,"5_6_stimuli","5_5","Congruent","Incongruent","Incongruent","Incongruent",85.999253,86.199231,"5%",0.8417,"Correct","Correct","Correct","Correct"
"7",44,"7_8_stimuli","8_8","Congruent","Congruent","Incongruent","Incongruent",87.999209,88.199214,"8*",0.826476,"Correct","Correct","Correct","Correct"
"7",45,"1_2_stimuli","2_2","Congruent","Congruent","Congruent","Incongruent",89.999201,90.199192,"2@",0.522429,"Correct","Correct","Correct","Correct"
"7",46,"3_4_stimuli","3_3","Congruent","Congruent","Congruent","Congruent",91.999164,92.199175,"3#",0.634315,"Correct","Correct","Correct","Correct"
"7",47,"5_6_stimuli","6_6","Congruent","Congruent","Congruent","Congruent",93.999169,94.199162,"6^",1.210259,"Correct","Correct","Correct","Correct"
"7",48,"7_8_stimuli","8_7","Incongruent","Congruent","Congruent","Congruent",95.999149,96.199139,"7&",0.905939,"Correct","Correct","Correct","Correct"
"7",49,"1_2_stimuli","2_2","Congruent","Incongruent","Congruent","Congruent",97.999123,98.199126,"2@",0.570648,"Correct","Correct","Correct","Correct"
"7",50,"3_4_stimuli","4_4","Congruent","Congruent","Incongruent","Congruent",99.999113,100.199118,"4$",0.68192,"Correct","Correct","Correct","Correct"
"7",51,"5_6_stimuli","6_6","Congruent","Congruent","Congruent","Incongruent",101.999088,102.199085,"6^",1.369885,"Correct","Correct","Correct","Correct"
"7",52,"7_8_stimuli","8_8","Congruent","Congruent","Congruent","Congruent",103.999069,104.199076,"8*",0.842392,"Correct","Correct","Correct","Correct"
"7",53,"1_2_stimuli","1_1","Congruent","Congruent","Congruent","Congruent",105.99906,106.199051,"1!",0.490689,"Correct","Correct","Correct","Correct"
"7",54,"3_4_stimuli","4_3","Incongruent","Congruent","Congruent","Congruent",107.999048,108.199046,"3#",0.665992,"Correct","Correct","Correct","Correct"
"7",55,"5_6_stimuli","5_6","Incongruent","Incongruent","Congruent","Congruent",109.999027,110.199023,"6^",1.146706,"Correct","Correct","Correct","Correct"
"7",56,"7_8_stimuli","8_7","Incongruent","Incongruent","Incongruent","Congruent",111.999008,112.199009,"7&",0.794025,"Correct","Correct","Correct","Correct"
"7",57,"1_2_stimuli","1_1","Congruent","Incongruent","Incongruent","Incongruent",113.999001,114.19898,"1!",0.506429,"Correct","Correct","Correct","Correct"
"7",58,"3_4_stimuli","3_3","Congruent","Congruent","Incongruent","Incongruent",115.998972,116.198969,"3#",0.618026,"Correct","Correct","Correct","Correct"
"7",59,"5_6_stimuli","5_6","Incongruent","Congruent","Congruent","Incongruent",117.998948,118.198947,"6^",1.370409,"Correct","Correct","Correct","Correct"
"7",60,"7_8_stimuli","7_8","Incongruent","Incongruent","Congruent","Congruent",119.998937,120.198928,"8*",1.274045,"Correct","Correct","Correct","Correct"
"7",61,"1_2_stimuli","2_1","Incongruent","Incongruent","Incongruent","Congruent",121.998923,122.198923,"1!",0.634054,"Correct","Correct","Correct","Correct"
"7",62,"3_4_stimuli","4_4","Congruent","Incongruent","Incongruent","Incongruent",123.998899,124.198903,"4$",0.858127,"Correct","Correct","Correct","Correct"
"7",63,"5_6_stimuli","6_6","Congruent","Congruent","Incongruent","Incongruent",125.998876,126.198886,"6^",0.986685,"Correct","Correct","Correct","Correct"
"7",64,"7_8_stimuli","7_8","Incongruent","Congruent","Congruent","Incongruent",127.998863,128.198857,"8*",0.762207,"Correct","Correct","Correct","Correct"
"7",65,"1_2_stimuli","1_2","Incongruent","Incongruent","Congruent","Congruent",129.99885,130.19885,"1!",0.538152,"Error","Correct","Correct","Correct"
"7",66,"3_4_stimuli","4_4","Congruent","Incongruent","Incongruent","Congruent",131.998829,132.198828,"4$",0.858601,"Correct","Error","Correct","Correct"
"7",67,"5_6_stimuli","6_5","Incongruent","Congruent","Incongruent","Incongruent",133.998814,134.19881,"5%",1.00212,"Correct","Correct","Error","Correct"
"7",68,"7_8_stimuli","7_7","Congruent","Incongruent","Congruent","Incongruent",135.99879,136.198815,"7&",0.698483,"Correct","Correct","Correct","Error"
"8",1,"1_2_stimuli","1_1","Congruent",NA,NA,NA,1.999981,2.199971,"1!",0.500864,"Correct",NA,NA,NA
"8",2,"3_4_stimuli","3_4","Incongruent","Congruent",NA,NA,3.999964,4.199968,"4$",0.69297,"Correct","Correct",NA,NA
"8",3,"5_6_stimuli","6_6","Congruent","Incongruent","Congruent",NA,5.999945,6.199942,"6^",0.99629,"Correct","Correct","Correct",NA
"8",4,"7_8_stimuli","8_7","Incongruent","Congruent","Incongruent","Congruent",7.999925,8.199929,"7&",0.724693,"Correct","Correct","Correct","Correct"
"8",5,"1_2_stimuli","1_1","Congruent","Incongruent","Congruent","Incongruent",9.999905,10.199909,"1!",0.517034,"Correct","Correct","Correct","Correct"
"8",6,"3_4_stimuli","3_3","Congruent","Congruent","Incongruent","Congruent",11.999897,12.19989,"3#",0.724949,"Correct","Correct","Correct","Correct"
"8",7,"5_6_stimuli","5_6","Incongruent","Congruent","Congruent","Incongruent",13.999877,14.199875,"7&",1.188778,"Error","Correct","Correct","Correct"
"8",8,"7_8_stimuli","7_7","Congruent","Incongruent","Congruent","Congruent",15.999866,16.199857,"7&",0.708788,"Correct","Error","Correct","Correct"
"8",9,"1_2_stimuli","2_2","Congruent","Congruent","Incongruent","Congruent",17.999845,18.199839,"2@",0.564367,"Correct","Correct","Error","Correct"
"8",10,"3_4_stimuli","4_3","Incongruent","Congruent","Congruent","Incongruent",19.999826,20.199819,"3#",0.836766,"Correct","Correct","Correct","Error"
"8",11,"5_6_stimuli","6_6","Congruent","Incongruent","Congruent","Congruent",21.999808,22.199805,"6^",0.932518,"Correct","Correct","Correct","Correct"
"8",12,"7_8_stimuli","8_8","Congruent","Congruent","Incongruent","Congruent",23.999781,24.199787,"8*",0.789122,"Correct","Correct","Correct","Correct"
"8",13,"1_2_stimuli","1_1","Congruent","Congruent","Congruent","Incongruent",25.999764,26.199771,"1!",0.532858,"Correct","Correct","Correct","Correct"
"8",14,"3_4_stimuli","3_3","Congruent","Congruent","Congruent","Congruent",27.999748,28.199753,"3#",0.740425,"Correct","Correct","Correct","Correct"
"8",15,"5_6_stimuli","6_5","Incongruent","Congruent","Congruent","Congruent",29.999736,30.199734,"5%",1.093046,"Correct","Correct","Correct","Correct"
"8",16,"7_8_stimuli","8_7","Incongruent","Incongruent","Congruent","Congruent",31.999709,32.199724,"7&",1.125251,"Correct","Correct","Correct","Correct"
"8",17,"1_2_stimuli","1_2","Incongruent","Incongruent","Incongruent","Congruent",33.9997,34.199689,"2@",0.644469,"Correct","Correct","Correct","Correct"
"8",18,"3_4_stimuli","3_4","Incongruent","Incongruent","Incongruent","Incongruent",35.99969,36.199687,"4$",0.693049,"Correct","Correct","Correct","Correct"
"8",19,"5_6_stimuli","5_5","Congruent","Incongruent","Incongruent","Incongruent",37.999669,38.199665,"5%",0.788505,"Correct","Correct","Correct","Correct"
"8",20,"7_8_stimuli","8_8","Congruent","Congruent","Incongruent","Incongruent",39.999653,40.199636,"8*",0.692883,"Correct","Correct","Correct","Correct"
"8",21,"1_2_stimuli","2_1","Incongruent","Congruent","Congruent","Incongruent",41.999631,42.199624,"1!",0.6289,"Correct","Correct","Correct","Correct"
"8",22,"3_4_stimuli","4_4","Congruent","Incongruent","Congruent","Congruent",43.99961,44.19961,"4$",0.724555,"Correct","Correct","Correct","Correct"
"8",23,"5_6_stimuli","6_6","Congruent","Congruent","Incongruent","Congruent",45.999595,46.1996,"7&",1.1086,"Error","Correct","Correct","Correct"
"8",24,"7_8_stimuli","8_7","Incongruent","Congruent","Congruent","Incongruent",47.999581,48.199575,"7&",0.61331,"Correct","Error","Correct","Correct"
"8",25,"1_2_stimuli","1_2","Incongruent","Incongruent","Congruent","Congruent",49.999557,50.199558,"2@",0.597369,"Correct","Correct","Error","Correct"
"8",26,"3_4_stimuli","4_4","Congruent","Incongruent","Incongruent","Congruent",51.999545,52.199536,"4$",0.836585,"Correct","Correct","Correct","Error"
"8",27,"5_6_stimuli","6_6","Congruent","Congruent","Incongruent","Incongruent",53.999531,54.199525,"6^",1.044643,"Correct","Correct","Correct","Correct"
"8",28,"7_8_stimuli","8_8","Congruent","Congruent","Congruent","Incongruent",55.999515,56.199506,"8*",1.237357,"Correct","Correct","Correct","Correct"
"8",29,"1_2_stimuli","1_1","Congruent","Congruent","Congruent","Congruent",57.999486,58.19948,"1!",0.613158,"Correct","Correct","Correct","Correct"
"8",30,"3_4_stimuli","3_4","Incongruent","Congruent","Congruent","Congruent",59.99947,60.19946,"4$",0.789785,"Correct","Correct","Correct","Correct"
"8",31,"5_6_stimuli","6_5","Incongruent","Incongruent","Congruent","Congruent",61.999448,62.199447,"5%",0.917193,"Correct","Correct","Correct","Correct"
"8",32,"7_8_stimuli","7_7","Congruent","Incongruent","Incongruent","Congruent",63.999435,64.199433,"6^",0.964768,"Error","Correct","Correct","Correct"
"8",33,"1_2_stimuli","2_2","Congruent","Congruent","Incongruent","Incongruent",65.999413,66.199419,"2@",1.348735,"Correct","Error","Correct","Correct"
"8",34,"3_4_stimuli","4_4","Congruent","Congruent","Congruent","Incongruent",67.999397,68.199392,"4$",0.917364,"Correct","Correct","Error","Correct"
"8",35,"5_6_stimuli","5_5","Congruent","Congruent","Congruent","Congruent",69.999383,70.199382,"5%",1.189197,"Correct","Correct","Correct","Error"
"8",36,"7_8_stimuli","7_8","Incongruent","Congruent","Congruent","Congruent",71.999357,72.199365,"8*",0.709117,"Correct","Correct","Correct","Correct"
"8",37,"1_2_stimuli","1_1","Congruent","Incongruent","Congruent","Congruent",73.99935,74.199344,"1!",0.580878,"Correct","Correct","Correct","Correct"
"8",38,"3_4_stimuli","4_3","Incongruent","Congruent","Incongruent","Congruent",75.999327,76.199334,"3#",0.933272,"Correct","Correct","Correct","Correct"
"8",39,"5_6_stimuli","5_6","Incongruent","Incongruent","Congruent","Incongruent",77.999309,78.19932,"5%",1.093129,"Error","Correct","Correct","Correct"
"8",40,"7_8_stimuli","8_7","Incongruent","Incongruent","Incongruent","Congruent",79.999288,80.19929,"7&",1.125342,"Correct","Error","Correct","Correct"
"8",41,"1_2_stimuli","2_1","Incongruent","Incongruent","Incongruent","Incongruent",81.99928,82.199274,"1!",0.661274,"Correct","Correct","Error","Correct"
"8",42,"3_4_stimuli","3_3","Congruent","Incongruent","Incongruent","Incongruent",83.999262,84.199259,"3#",0.740883,"Correct","Correct","Correct","Error"
"8",43,"5_6_stimuli","6_5","Incongruent","Congruent","Incongruent","Incongruent",85.999239,86.199235,"5%",1.348901,"Correct","Correct","Correct","Correct"
"8",44,"7_8_stimuli","7_8","Incongruent","Incongruent","Congruent","Incongruent",87.99922,88.199215,"8*",1.396897,"Correct","Correct","Correct","Correct"
"8",45,"1_2_stimuli","2_2","Congruent","Incongruent","Incongruent","Congruent",89.999206,90.199206,"2@",0.66116,"Correct","Correct","Correct","Correct"
"8",46,"3_4_stimuli","3_4","Incongruent","Congruent","Incongruent","Incongruent",91.999183,92.199184,"3#",0.693633,"Error","Correct","Correct","Correct"
"8",47,"5_6_stimuli","5_5","Congruent","Incongruent","Congruent","Incongruent",93.999171,94.199174,"5%",1.124883,"Correct","Error","Correct","Correct"
"8",48,"7_8_stimuli","7_8","Incongruent","Congruent","Incongruent","Congruent",95.999159,96.199148,"8*",0.805037,"Correct","Correct","Error","Correct"
"8",49,"1_2_stimuli","1_2","Incongruent","Incongruent","Congruent","Incongruent",97.999127,98.199134,"2@",0.581612,"Correct","Correct","Correct","Error"
"8",50,"3_4_stimuli","4_3","Incongruent","Incongruent","Incongruent","Congruent",99.999118,100.199108,"3#",0.805472,"Correct","Correct","Correct","Correct"
"8",51,"5_6_stimuli","6_5","Incongruent","Incongruent","Incongruent","Incongruent",101.999099,102.199095,"5%",0.885025,"Correct","Correct","Correct","Correct"
"8",52,"7_8_stimuli","7_8","Incongruent","Incongruent","Incongruent","Incongruent",103.999084,104.199086,"8*",0.949031,"Correct","Correct","Correct","Correct"
"8",53,"1_2_stimuli","2_2","Congruent","Incongruent","Incongruent","Incongruent",105.99907,106.199057,"2@",0.645733,"Correct","Correct","Correct","Correct"
"8",54,"3_4_stimuli","4_4","Congruent","Congruent","Incongruent","Incongruent",107.999044,108.19904,"4$",0.75754,"Correct","Correct","Correct","Correct"
"8",55,"5_6_stimuli","6_6","Congruent","Congruent","Congruent","Incongruent",109.999023,110.199023,"6^",1.157708,"Correct","Correct","Correct","Correct"
"8",56,"7_8_stimuli","8_8","Congruent","Congruent","Congruent","Congruent",111.999008,112.199014,"8*",0.629128,"Correct","Correct","Correct","Correct"
"8",57,"1_2_stimuli","2_1","Incongruent","Congruent","Congruent","Congruent",113.998996,114.198985,"1!",0.645139,"Correct","Correct","Correct","Correct"
"8",58,"3_4_stimuli","4_3","Incongruent","Incongruent","Congruent","Congruent",115.998978,116.198976,"3#",0.853577,"Correct","Correct","Correct","Correct"
"8",59,"5_6_stimuli","5_6","Incongruent","Incongruent","Incongruent","Congruent",117.998959,118.198962,"6^",1.173835,"Correct","Correct","Correct","Correct"
"8",60,"7_8_stimuli","7_7","Congruent","Incongruent","Incongruent","Incongruent",119.998946,120.198939,"7&",1.077859,"Correct","Correct","Correct","Correct"
"8",61,"1_2_stimuli","2_1","Incongruent","Congruent","Incongruent","Incongruent",121.998916,122.198926,"1!",0.901175,"Correct","Correct","Correct","Correct"
"8",62,"3_4_stimuli","3_3","Congruent","Incongruent","Congruent","Incongruent",123.998902,124.198903,"3#",0.693203,"Correct","Correct","Correct","Correct"
"8",63,"5_6_stimuli","5_6","Incongruent","Congruent","Incongruent","Congruent",125.998884,126.198893,"Omission",5000,"Omission","Correct","Correct","Correct"
"8",64,"7_8_stimuli","7_7","Congruent","Incongruent","Congruent","Incongruent",127.998874,128.198863,"Omission",5000,"Omission","Omission","Correct","Correct"
"8",65,"1_2_stimuli","1_2","Incongruent","Congruent","Incongruent","Congruent",129.998852,130.198852,"2@",0.581838,"Correct","Omission","Omission","Correct"
"8",66,"3_4_stimuli","3_4","Incongruent","Incongruent","Congruent","Incongruent",131.998831,132.19883,"4$",0.933926,"Correct","Correct","Omission","Omission"
"8",67,"5_6_stimuli","5_5","Congruent","Incongruent","Incongruent","Congruent",133.998814,134.198817,"5%",0.933266,"Correct","Correct","Correct","Omission"
"8",68,"7_8_stimuli","8_7","Incongruent","Congruent","Incongruent","Incongruent",135.9988,136.1988,"7&",0.805611,"Correct","Correct","Correct","Correct"
"9",1,"1_2_stimuli","2_2","Congruent",NA,NA,NA,1.999983,2.19998,"2@",0.730908,"Correct",NA,NA,NA
"9",2,"3_4_stimuli","3_4","Incongruent","Congruent",NA,NA,3.999964,4.19996,"4$",0.731112,"Correct","Correct",NA,NA
"9",3,"5_6_stimuli","5_5","Congruent","Incongruent","Congruent",NA,5.999944,6.19995,"5%",0.635091,"Correct","Correct","Correct",NA
"9",4,"7_8_stimuli","8_8","Congruent","Congruent","Incongruent","Congruent",7.999923,8.199924,"7&",0.859186,"Error","Correct","Correct","Correct"
"9",5,"1_2_stimuli","2_2","Congruent","Congruent","Congruent","Incongruent",9.9999,10.199908,"2@",0.699149,"Correct","Error","Correct","Correct"
"9",6,"3_4_stimuli","3_4","Incongruent","Congruent","Congruent","Congruent",11.999896,12.19989,"4$",0.666821,"Correct","Correct","Error","Correct"
"9",7,"5_6_stimuli","5_6","Incongruent","Incongruent","Congruent","Congruent",13.999871,14.199877,"Omission",5000,"Omission","Correct","Correct","Error"
"9",8,"7_8_stimuli","7_8","Incongruent","Incongruent","Incongruent","Congruent",15.999861,16.19985,"8*",0.699285,"Correct","Omission","Correct","Correct"
"9",9,"1_2_stimuli","1_1","Congruent","Incongruent","Incongruent","Incongruent",17.999838,18.199865,"1!",0.539231,"Correct","Correct","Omission","Correct"
"9",10,"3_4_stimuli","4_4","Congruent","Congruent","Incongruent","Incongruent",19.999826,20.199814,"4$",0.763323,"Correct","Correct","Correct","Omission"
"9",11,"5_6_stimuli","5_5","Congruent","Congruent","Congruent","Incongruent",21.999802,22.199802,"5%",1.130845,"Correct","Correct","Correct","Correct"
"9",12,"7_8_stimuli","8_7","Incongruent","Congruent","Congruent","Congruent",23.999792,24.199788,"7&",1.211404,"Correct","Correct","Correct","Correct"
"9",13,"1_2_stimuli","2_1","Incongruent","Incongruent","Congruent","Congruent",25.999763,26.199771,"1!",0.555325,"Correct","Correct","Correct","Correct"
"9",14,"3_4_stimuli","3_4","Incongruent","Incongruent","Incongruent","Congruent",27.999749,28.199758,"4$",0.79487,"Correct","Correct","Correct","Correct"
"9",15,"5_6_stimuli","6_5","Incongruent","Incongruent","Incongruent","Incongruent",29.999737,30.19974,"5%",1.243613,"Correct","Correct","Correct","Correct"
"9",16,"7_8_stimuli","7_7","Congruent","Incongruent","Incongruent","Incongruent",31.999713,32.199722,"7&",1.002935,"Correct","Correct","Correct","Correct"
"9",17,"1_2_stimuli","1_1","Congruent","Congruent","Incongruent","Incongruent",33.9997,34.199698,"1!",0.523553,"Correct","Correct","Correct","Correct"
"9",18,"3_4_stimuli","3_3","Congruent","Congruent","Congruent","Incongruent",35.999684,36.19968,"3#",0.987412,"Correct","Correct","Correct","Correct"
"9",19,"5_6_stimuli","6_6","Congruent","Congruent","Congruent","Congruent",37.999659,38.199664,"6^",1.035508,"Correct","Correct","Correct","Correct"
"9",20,"7_8_stimuli","8_8","Congruent","Congruent","Congruent","Congruent",39.999646,40.199643,"8*",0.587695,"Correct","Correct","Correct","Correct"
"9",21,"1_2_stimuli","2_1","Incongruent","Congruent","Congruent","Congruent",41.999635,42.199634,"1!",0.427676,"Correct","Correct","Correct","Correct"
"9",22,"3_4_stimuli","3_3","Congruent","Incongruent","Congruent","Congruent",43.999616,44.199616,"3#",0.827423,"Correct","Correct","Correct","Correct"
"9",23,"5_6_stimuli","5_5","Congruent","Congruent","Incongruent","Congruent",45.999593,46.199584,"5%",1.179537,"Correct","Correct","Correct","Correct"
"9",24,"7_8_stimuli","7_7","Congruent","Congruent","Congruent","Incongruent",47.999583,48.199566,"7&",1.211661,"Correct","Correct","Correct","Correct"
"9",25,"1_2_stimuli","1_1","Congruent","Congruent","Congruent","Congruent",49.999553,50.199547,"1!",0.50734,"Correct","Correct","Correct","Correct"
"9",26,"3_4_stimuli","4_4","Congruent","Congruent","Congruent","Congruent",51.999533,52.199536,"4$",0.763059,"Correct","Correct","Correct","Correct"
"9",27,"5_6_stimuli","5_6","Incongruent","Congruent","Congruent","Congruent",53.999522,54.199519,"6^",1.243816,"Correct","Correct","Correct","Correct"
"9",28,"7_8_stimuli","7_8","Incongruent","Incongruent","Congruent","Congruent",55.999503,56.19951,"8*",0.987646,"Correct","Correct","Correct","Correct"
"9",29,"1_2_stimuli","2_2","Congruent","Incongruent","Incongruent","Congruent",57.999494,58.199481,"2@",0.555804,"Correct","Correct","Correct","Correct"
"9",30,"3_4_stimuli","3_4","Incongruent","Congruent","Incongruent","Incongruent",59.999475,60.199458,"4$",0.955775,"Correct","Correct","Correct","Correct"
"9",31,"5_6_stimuli","6_5","Incongruent","Incongruent","Congruent","Incongruent",61.999449,62.199441,"5%",1.051755,"Correct","Correct","Correct","Correct"
"9",32,"7_8_stimuli","7_7","Congruent","Incongruent","Incongruent","Congruent",63.999435,64.199429,"7&",1.275602,"Correct","Correct","Correct","Correct"
"9",33,"1_2_stimuli","2_1","Incongruent","Congruent","Incongruent","Incongruent",65.999415,66.199408,"1!",0.603362,"Correct","Correct","Correct","Correct"
"9",34,"3_4_stimuli","4_3","Incongruent","Incongruent","Congruent","Incongruent",67.999394,68.199387,"6^",0.987839,"Error","Correct","Correct","Correct"
"9",35,"5_6_stimuli","5_5","Congruent","Incongruent","Incongruent","Congruent",69.999388,70.199382,"Omission",5000,"Omission","Error","Correct","Correct"
"9",36,"7_8_stimuli","7_7","Congruent","Congruent","Incongruent","Incongruent",71.999358,72.199364,"7&",0.747965,"Correct","Omission","Error","Correct"
"9",37,"1_2_stimuli","1_2","Incongruent","Congruent","Congruent","Incongruent",73.999342,74.199346,"2@",0.571676,"Correct","Correct","Omission","Error"
"9",38,"3_4_stimuli","4_3","Incongruent","Incongruent","Congruent","Congruent",75.999325,76.199322,"3#",0.843303,"Correct","Correct","Correct","Omission"
"9",39,"5_6_stimuli","6_5","Incongruent","Incongruent","Incongruent","Congruent",77.999295,78.199298,"5%",0.972131,"Correct","Correct","Correct","Correct"
"9",40,"7_8_stimuli","7_8","Incongruent","Incongruent","Incongruent","Incongruent",79.999284,80.199282,"8*",0.875727,"Correct","Correct","Correct","Correct"
"9",41,"1_2_stimuli","1_2","Incongruent","Incongruent","Incongruent","Incongruent",81.999271,82.199273,"2@",0.523754,"Correct","Correct","Correct","Correct"
"9",42,"3_4_stimuli","3_4","Incongruent","Incongruent","Incongruent","Incongruent",83.999262,84.199253,"4$",0.747302,"Correct","Correct","Correct","Correct"
"9",43,"5_6_stimuli","6_6","Congruent","Incongruent","Incongruent","Incongruent",85.999235,86.199229,"6^",1.147579,"Correct","Correct","Correct","Correct"
"9",44,"7_8_stimuli","8_7","Incongruent","Congruent","Incongruent","Incongruent",87.999214,88.199215,"7&",0.875761,"Correct","Correct","Correct","Correct"
"9",45,"1_2_stimuli","2_2","Congruent","Incongruent","Congruent","Incongruent",89.999202,90.199193,"2@",0.619971,"Correct","Correct","Correct","Correct"
"9",46,"3_4_stimuli","4_4","Congruent","Congruent","Incongruent","Congruent",91.999184,92.199186,"4$",1.195452,"Correct","Correct","Correct","Correct"
"9",47,"5_6_stimuli","5_6","Incongruent","Congruent","Congruent","Incongruent",93.999168,94.199166,"6^",1.212043,"Correct","Correct","Correct","Correct"
"9",48,"7_8_stimuli","8_8","Congruent","Incongruent","Congruent","Congruent",95.999152,96.199141,"8*",0.795422,"Correct","Correct","Correct","Correct"
"9",49,"1_2_stimuli","1_2","Incongruent","Congruent","Incongruent","Congruent",97.999132,98.199126,"2@",0.603687,"Correct","Correct","Correct","Correct"
"9",50,"3_4_stimuli","3_3","Congruent","Incongruent","Congruent","Incongruent",99.999117,100.199108,"3#",0.73146,"Correct","Correct","Correct","Correct"
"9",51,"5_6_stimuli","6_5","Incongruent","Congruent","Incongruent","Congruent",101.999102,102.199087,"5%",1.49978,"Correct","Correct","Correct","Correct"
"9",52,"7_8_stimuli","8_8","Congruent","Incongruent","Congruent","Incongruent",103.999078,104.199083,"8*",0.812206,"Correct","Correct","Correct","Correct"
"9",53,"1_2_stimuli","2_2","Congruent","Congruent","Incongruent","Congruent",105.999066,106.199058,"2@",0.507522,"Correct","Correct","Correct","Correct"
"9",54,"3_4_stimuli","4_3","Incongruent","Congruent","Congruent","Incongruent",107.999042,108.199038,"3#",0.731538,"Correct","Correct","Correct","Correct"
"9",55,"5_6_stimuli","5_5","Congruent","Incongruent","Congruent","Congruent",109.999029,110.199027,"5%",1.275507,"Correct","Correct","Correct","Correct"
"9",56,"7_8_stimuli","8_7","Incongruent","Congruent","Incongruent","Congruent",111.999016,112.199007,"7&",0.796244,"Correct","Correct","Correct","Correct"
"9",57,"1_2_stimuli","1_2","Incongruent","Incongruent","Congruent","Incongruent",113.998983,114.198985,"2@",0.651549,"Correct","Correct","Correct","Correct"
"9",58,"3_4_stimuli","3_3","Congruent","Incongruent","Incongruent","Congruent",115.998977,116.198975,"3#",0.684127,"Correct","Correct","Correct","Correct"
"9",59,"5_6_stimuli","5_6","Incongruent","Congruent","Incongruent","Incongruent",117.998955,118.198954,"6^",1.051595,"Correct","Correct","Correct","Correct"
"9",60,"7_8_stimuli","7_8","Incongruent","Incongruent","Congruent","Incongruent",119.998938,120.198932,"8*",0.747589,"Correct","Correct","Correct","Correct"
"9",61,"1_2_stimuli","2_1","Incongruent","Incongruent","Incongruent","Congruent",121.998916,122.198923,"1!",0.540346,"Correct","Correct","Correct","Correct"
"9",62,"3_4_stimuli","4_4","Congruent","Incongruent","Incongruent","Incongruent",123.998897,124.198896,"4$",0.70001,"Correct","Correct","Correct","Correct"
"9",63,"5_6_stimuli","6_6","Congruent","Congruent","Incongruent","Incongruent",125.998878,126.198887,"6^",1.035663,"Correct","Correct","Correct","Correct"
"9",64,"7_8_stimuli","8_7","Incongruent","Congruent","Congruent","Incongruent",127.998864,128.198867,"7&",0.588229,"Correct","Correct","Correct","Correct"
"9",65,"1_2_stimuli","1_1","Congruent","Incongruent","Congruent","Congruent",129.998848,130.198843,"1!",0.491724,"Correct","Correct","Correct","Correct"
"9",66,"3_4_stimuli","4_3","Incongruent","Congruent","Incongruent","Congruent",131.998826,132.198834,"3#",0.796185,"Correct","Correct","Correct","Correct"
"9",67,"5_6_stimuli","6_6","Congruent","Incongruent","Congruent","Incongruent",133.998809,134.198806,"6^",1.03617,"Correct","Correct","Correct","Correct"
"9",68,"7_8_stimuli","8_8","Congruent","Congruent","Incongruent","Congruent",135.998799,136.198795,"8*",1.116006,"Correct","Correct","Correct","Correct"
"10",1,"1_2_stimuli","1_2","Incongruent",NA,NA,NA,1.999983,2.199977,"2@",0.476287,"Correct",NA,NA,NA
"10",2,"3_4_stimuli","3_3","Congruent","Incongruent",NA,NA,3.999963,4.199963,"3#",0.652379,"Correct","Correct",NA,NA
"10",3,"5_6_stimuli","5_5","Congruent","Congruent","Incongruent",NA,5.99995,6.199953,"5%",0.892334,"Correct","Correct","Correct",NA
"10",4,"7_8_stimuli","7_7","Congruent","Congruent","Congruent","Incongruent",7.999928,8.199928,"7&",0.748512,"Correct","Correct","Correct","Correct"
"10",5,"1_2_stimuli","1_1","Congruent","Congruent","Congruent","Congruent",9.999914,10.199918,"1!",0.492222,"Correct","Correct","Correct","Correct"
"10",6,"3_4_stimuli","3_3","Congruent","Congruent","Congruent","Congruent",11.999903,12.199901,"3#",0.700185,"Correct","Correct","Correct","Correct"
"10",7,"5_6_stimuli","6_5","Incongruent","Congruent","Congruent","Congruent",13.999882,14.199872,"5%",1.403901,"Correct","Correct","Correct","Correct"
"10",8,"7_8_stimuli","7_7","Congruent","Incongruent","Congruent","Congruent",15.999865,16.199851,"7&",0.683986,"Correct","Correct","Correct","Correct"
"10",9,"1_2_stimuli","2_1","Incongruent","Congruent","Incongruent","Congruent",17.999849,18.199849,"1!",0.556693,"Correct","Correct","Correct","Correct"
"10",10,"3_4_stimuli","3_3","Congruent","Incongruent","Congruent","Incongruent",19.999832,20.199823,"3#",0.668694,"Correct","Correct","Correct","Correct"
"10",11,"5_6_stimuli","5_6","Incongruent","Congruent","Incongruent","Congruent",21.999807,22.199808,"6^",0.972308,"Correct","Correct","Correct","Correct"
"10",12,"7_8_stimuli","7_8","Incongruent","Incongruent","Congruent","Incongruent",23.999799,24.19979,"8*",0.71597,"Correct","Correct","Correct","Correct"
"10",13,"1_2_stimuli","1_1","Congruent","Incongruent","Incongruent","Congruent",25.999777,26.199773,"1!",0.476497,"Correct","Correct","Correct","Correct"
"10",14,"3_4_stimuli","4_3","Incongruent","Congruent","Incongruent","Incongruent",27.999757,28.199755,"3#",0.780367,"Correct","Correct","Correct","Correct"
"10",15,"5_6_stimuli","5_5","Congruent","Incongruent","Congruent","Incongruent",29.999744,30.199729,"5%",0.796414,"Correct","Correct","Correct","Correct"
"10",16,"7_8_stimuli","7_8","Incongruent","Congruent","Incongruent","Congruent",31.999723,32.199715,"8*",0.764098,"Correct","Correct","Correct","Correct"
"10",17,"1_2_stimuli","2_2","Congruent","Incongruent","Congruent","Incongruent",33.99969,34.199693,"2@",0.588107,"Correct","Correct","Correct","Correct"
"10",18,"3_4_stimuli","4_3","Incongruent","Congruent","Incongruent","Congruent",35.999687,36.199687,"3#",0.860655,"Correct","Correct","Correct","Correct"
"10",19,"5_6_stimuli","6_5","Incongruent","Incongruent","Congruent","Incongruent",37.999672,38.199689,"5%",1.212129,"Correct","Correct","Correct","Correct"
"10",20,"7_8_stimuli","7_8","Incongruent","Incongruent","Incongruent","Congruent",39.999652,40.19964,"8*",0.66819,"Correct","Correct","Correct","Correct"
"10",21,"1_2_stimuli","1_1","Congruent","Incongruent","Incongruent","Incongruent",41.999622,42.199625,"1!",0.42823,"Correct","Correct","Correct","Correct"
"10",22,"3_4_stimuli","4_4","Congruent","Congruent","Incongruent","Incongruent",43.999607,44.19961,"4$",0.908148,"Correct","Correct","Correct","Correct"
"10",23,"5_6_stimuli","5_5","Congruent","Congruent","Congruent","Incongruent",45.999594,46.199597,"5%",0.860863,"Correct","Correct","Correct","Correct"
"10",24,"7_8_stimuli","8_7","Incongruent","Congruent","Congruent","Congruent",47.999583,48.199585,"7&",0.956229,"Correct","Correct","Correct","Correct"
"10",25,"1_2_stimuli","1_1","Congruent","Incongruent","Congruent","Congruent",49.999571,50.199557,"1!",0.524895,"Correct","Correct","Correct","Correct"
"10",26,"3_4_stimuli","3_3","Congruent","Congruent","Incongruent","Congruent",51.999545,52.199544,"3#",0.796245,"Correct","Correct","Correct","Correct"
"10",27,"5_6_stimuli","5_6","Incongruent","Congruent","Congruent","Incongruent",53.999521,54.199524,"6^",1.036821,"Correct","Correct","Correct","Correct"
"10",28,"7_8_stimuli","7_8","Incongruent","Incongruent","Congruent","Congruent",55.999515,56.19951,"8*",0.908282,"Correct","Correct","Correct","Correct"
"10",29,"1_2_stimuli","2_1","Incongruent","Incongruent","Incongruent","Congruent",57.999488,58.199491,"1!",0.524339,"Correct","Correct","Correct","Correct"
"10",30,"3_4_stimuli","3_4","Incongruent","Incongruent","Incongruent","Incongruent",59.99947,60.199478,"4$",0.84433,"Correct","Correct","Correct","Correct"
"10",31,"5_6_stimuli","5_5","Congruent","Incongruent","Incongruent","Incongruent",61.999464,62.199456,"5%",0.748701,"Correct","Correct","Correct","Correct"
"10",32,"7_8_stimuli","8_8","Congruent","Congruent","Incongruent","Incongruent",63.999442,64.199434,"8*",0.700971,"Correct","Correct","Correct","Correct"
"10",33,"1_2_stimuli","2_2","Congruent","Congruent","Congruent","Incongruent",65.999415,66.199412,"2@",0.556693,"Correct","Correct","Correct","Correct"
"10",34,"3_4_stimuli","4_3","Incongruent","Congruent","Congruent","Congruent",67.999393,68.199404,"3#",0.7164,"Correct","Correct","Correct","Correct"
"10",35,"5_6_stimuli","6_6","Congruent","Incongruent","Congruent","Congruent",69.999385,70.199388,"7&",1.356886,"Error","Correct","Correct","Correct"
"10",36,"7_8_stimuli","7_7","Congruent","Congruent","Incongruent","Congruent",71.999377,72.199372,"7&",0.668435,"Correct","Error","Correct","Correct"
"10",37,"1_2_stimuli","2_1","Incongruent","Congruent","Congruent","Incongruent",73.999346,74.199346,"1!",0.556776,"Correct","Correct","Error","Correct"
"10",38,"3_4_stimuli","4_4","Congruent","Incongruent","Congruent","Congruent",75.999332,76.199339,"4$",0.956416,"Correct","Correct","Correct","Error"
"10",39,"5_6_stimuli","5_5","Congruent","Congruent","Incongruent","Congruent",77.99932,78.199314,"5%",1.052838,"Correct","Correct","Correct","Correct"
"10",40,"7_8_stimuli","8_7","Incongruent","Congruent","Congruent","Incongruent",79.99929,80.199297,"7&",0.893048,"Correct","Correct","Correct","Correct"
"10",41,"1_2_stimuli","1_2","Incongruent","Incongruent","Congruent","Congruent",81.999275,82.199272,"2@",0.732937,"Correct","Correct","Correct","Correct"
"10",42,"3_4_stimuli","4_4","Congruent","Incongruent","Incongruent","Congruent",83.999257,84.199251,"4$",0.701126,"Correct","Correct","Correct","Correct"
"10",43,"5_6_stimuli","6_6","Congruent","Congruent","Incongruent","Incongruent",85.999253,86.199235,"6^",1.06898,"Correct","Correct","Correct","Correct"
"10",44,"7_8_stimuli","8_8","Congruent","Congruent","Congruent","Incongruent",87.999218,88.199227,"8*",0.925072,"Correct","Correct","Correct","Correct"
"10",45,"1_2_stimuli","1_2","Incongruent","Congruent","Congruent","Congruent",89.999203,90.199197,"2@",0.572515,"Correct","Correct","Correct","Correct"
"10",46,"3_4_stimuli","3_4","Incongruent","Incongruent","Congruent","Congruent",91.999194,92.199199,"4$",1.341261,"Correct","Correct","Correct","Correct"
"10",47,"5_6_stimuli","6_6","Congruent","Incongruent","Incongruent","Congruent",93.999178,94.199164,"6^",0.941191,"Correct","Correct","Correct","Correct"
"10",48,"7_8_stimuli","8_7","Incongruent","Congruent","Incongruent","Incongruent",95.99915,96.199155,"7&",1.388581,"Correct","Correct","Correct","Correct"
"10",49,"1_2_stimuli","2_1","Incongruent","Incongruent","Congruent","Incongruent",97.999139,98.199129,"2@",0.621231,"Error","Correct","Correct","Correct"
"10",50,"3_4_stimuli","4_3","Incongruent","Incongruent","Incongruent","Congruent",99.999124,100.199127,"3#",0.8133,"Correct","Error","Correct","Correct"
"10",51,"5_6_stimuli","5_6","Incongruent","Incongruent","Incongruent","Incongruent",101.999099,102.199107,"6^",1.260688,"Correct","Correct","Error","Correct"
"10",52,"7_8_stimuli","8_8","Congruent","Incongruent","Incongruent","Incongruent",103.999083,104.199077,"8*",1.036982,"Correct","Correct","Correct","Error"
"10",53,"1_2_stimuli","1_2","Incongruent","Congruent","Incongruent","Incongruent",105.999067,106.199065,"2@",0.541338,"Correct","Correct","Correct","Correct"
"10",54,"3_4_stimuli","3_4","Incongruent","Incongruent","Congruent","Incongruent",107.999049,108.199039,"4$",0.909209,"Correct","Correct","Correct","Correct"
"10",55,"5_6_stimuli","6_5","Incongruent","Incongruent","Incongruent","Congruent",109.999031,110.199027,"5%",1.101219,"Correct","Correct","Correct","Correct"
"10",56,"7_8_stimuli","8_7","Incongruent","Incongruent","Incongruent","Incongruent",111.999009,112.199012,"7&",1.10117,"Correct","Correct","Correct","Correct"
"10",57,"1_2_stimuli","1_2","Incongruent","Incongruent","Incongruent","Incongruent",113.999001,114.198992,"2@",0.540697,"Correct","Correct","Correct","Correct"
"10",58,"3_4_stimuli","4_4","Congruent","Incongruent","Incongruent","Incongruent",115.998972,116.19898,"4$",0.925062,"Correct","Correct","Correct","Correct"
"10",59,"5_6_stimuli","5_6","Incongruent","Congruent","Incongruent","Incongruent",117.998962,118.198962,"6^",1.149129,"Correct","Correct","Correct","Correct"
"10",60,"7_8_stimuli","7_7","Congruent","Incongruent","Congruent","Incongruent",119.998943,120.198934,"7&",0.620939,"Correct","Correct","Correct","Correct"
"10",61,"1_2_stimuli","2_2","Congruent","Congruent","Incongruent","Congruent",121.99893,122.198924,"2@",0.701228,"Correct","Correct","Correct","Correct"
"10",62,"3_4_stimuli","3_4","Incongruent","Congruent","Congruent","Incongruent",123.998909,124.19891,"4$",0.605258,"Correct","Correct","Correct","Correct"
"10",63,"5_6_stimuli","6_5","Incongruent","Incongruent","Congruent","Congruent",125.998887,126.198892,"5%",0.797475,"Correct","Correct","Correct","Correct"
"10",64,"7_8_stimuli","8_8","Congruent","Incongruent","Incongruent","Congruent",127.998876,128.198873,"8*",0.65332,"Correct","Correct","Correct","Correct"
"10",65,"1_2_stimuli","2_2","Congruent","Congruent","Incongruent","Incongruent",129.998849,130.198852,"2@",0.477551,"Correct","Correct","Correct","Correct"
"10",66,"3_4_stimuli","3_3","Congruent","Congruent","Congruent","Incongruent",131.998838,132.19883,"3#",0.557455,"Correct","Correct","Correct","Correct"
"10",67,"5_6_stimuli","6_6","Congruent","Congruent","Congruent","Congruent",133.998826,134.198847,"6^",1.180818,"Correct","Correct","Correct","Correct"
"10",68,"7_8_stimuli","7_7","Congruent","Congruent","Congruent","Congruent",135.998799,136.198796,"7&",0.764922,"Correct","Correct","Correct","Correct"
"11",1,"1_2_stimuli","2_1","Incongruent",NA,NA,NA,1.999978,2.199983,"1!",0.58104,"Correct",NA,NA,NA
"11",2,"3_4_stimuli","3_4","Incongruent","Incongruent",NA,NA,3.999949,4.199963,"4$",0.805732,"Correct","Correct",NA,NA
"11",3,"5_6_stimuli","5_5","Congruent","Incongruent","Incongruent",NA,5.999942,6.199946,"5%",0.917356,"Correct","Correct","Correct",NA
"11",4,"7_8_stimuli","7_7","Congruent","Congruent","Incongruent","Incongruent",7.999924,8.199922,"7&",0.837056,"Correct","Correct","Correct","Correct"
"11",5,"1_2_stimuli","2_1","Incongruent","Congruent","Congruent","Incongruent",9.999917,10.199912,"1!",0.613506,"Correct","Correct","Correct","Correct"
"11",6,"3_4_stimuli","3_3","Congruent","Incongruent","Congruent","Congruent",11.999883,12.199893,"3#",0.757853,"Correct","Correct","Correct","Correct"
"11",7,"5_6_stimuli","6_6","Congruent","Congruent","Incongruent","Congruent",13.999868,14.199872,"6^",1.285604,"Correct","Correct","Correct","Correct"
"11",8,"7_8_stimuli","8_7","Incongruent","Congruent","Congruent","Incongruent",15.999863,16.199848,"7&",0.757672,"Correct","Correct","Correct","Correct"
"11",9,"1_2_stimuli","2_2","Congruent","Incongruent","Congruent","Congruent",17.999832,18.199839,"2@",0.501457,"Correct","Correct","Correct","Correct"
"11",10,"3_4_stimuli","4_3","Incongruent","Congruent","Incongruent","Congruent",19.999825,20.199826,"3#",0.645837,"Correct","Correct","Correct","Correct"
"11",11,"5_6_stimuli","5_5","Congruent","Incongruent","Congruent","Incongruent",21.999799,22.199795,"Omission",5000,"Omission","Correct","Correct","Correct"
"11",12,"7_8_stimuli","7_8","Incongruent","Congruent","Incongruent","Congruent",23.999791,24.199775,"8*",0.741219,"Correct","Omission","Correct","Correct"
"11",13,"1_2_stimuli","1_1","Congruent","Incongruent","Congruent","Incongruent",25.999772,26.199767,"1!",0.501786,"Correct","Correct","Omission","Correct"
"11",14,"3_4_stimuli","4_4","Congruent","Congruent","Incongruent","Congruent",27.999746,28.199748,"4$",0.95013,"Correct","Correct","Correct","Omission"
"11",15,"5_6_stimuli","6_6","Congruent","Congruent","Congruent","Incongruent",29.99974,30.199728,"6^",1.39784,"Correct","Correct","Correct","Correct"
"11",16,"7_8_stimuli","8_8","Congruent","Congruent","Congruent","Congruent",31.999718,32.19972,"8*",0.66136,"Correct","Correct","Correct","Correct"
"11",17,"1_2_stimuli","1_1","Congruent","Congruent","Congruent","Congruent",33.999705,34.199695,"1!",0.565284,"Correct","Correct","Correct","Correct"
"11",18,"3_4_stimuli","4_4","Congruent","Congruent","Congruent","Congruent",35.999682,36.199675,"4$",0.821815,"Correct","Correct","Correct","Correct"
"11",19,"5_6_stimuli","5_6","Incongruent","Congruent","Congruent","Congruent",37.999667,38.199653,"6^",1.061784,"Correct","Correct","Correct","Correct"
"11",20,"7_8_stimuli","8_8","Congruent","Incongruent","Congruent","Congruent",39.999635,40.199634,"8*",0.725674,"Correct","Correct","Correct","Correct"
"11",21,"1_2_stimuli","1_2","Incongruent","Congruent","Incongruent","Congruent",41.999633,42.199626,"2@",0.661827,"Correct","Correct","Correct","Correct"
"11",22,"3_4_stimuli","4_4","Congruent","Incongruent","Congruent","Incongruent",43.999606,44.199612,"4$",0.869333,"Correct","Correct","Correct","Correct"
"11",23,"5_6_stimuli","5_6","Incongruent","Congruent","Incongruent","Congruent",45.999601,46.199598,"6^",0.869792,"Correct","Correct","Correct","Correct"
"11",24,"7_8_stimuli","7_7","Congruent","Incongruent","Congruent","Incongruent",47.999577,48.199566,"7&",0.917798,"Correct","Correct","Correct","Correct"
"11",25,"1_2_stimuli","1_1","Congruent","Congruent","Incongruent","Congruent",49.999557,50.19955,"1!",0.565438,"Correct","Correct","Correct","Correct"
"11",26,"3_4_stimuli","3_4","Incongruent","Congruent","Congruent","Incongruent",51.999538,52.199542,"3#",0.661429,"Error","Correct","Correct","Correct"
"11",27,"5_6_stimuli","5_5","Congruent","Incongruent","Congruent","Congruent",53.999524,54.199523,"5%",1.061387,"Correct","Error","Correct","Correct"
"11",28,"7_8_stimuli","7_7","Congruent","Congruent","Incongruent","Congruent",55.999507,56.199493,"7&",1.20558,"Correct","Correct","Error","Correct"
"11",29,"1_2_stimuli","2_2","Congruent","Congruent","Congruent","Incongruent",57.999477,58.199489,"2@",0.597506,"Correct","Correct","Correct","Error"
"11",30,"3_4_stimuli","4_3","Incongruent","Congruent","Congruent","Congruent",59.999471,60.199465,"3#",0.678029,"Correct","Correct","Correct","Correct"
"11",31,"5_6_stimuli","6_5","Incongruent","Incongruent","Congruent","Congruent",61.999451,62.199444,"5%",0.789503,"Correct","Correct","Correct","Correct"
"11",32,"7_8_stimuli","8_7","Incongruent","Incongruent","Incongruent","Congruent",63.999439,64.199427,"7&",0.693508,"Correct","Correct","Correct","Correct"
"11",33,"1_2_stimuli","2_2","Congruent","Incongruent","Incongruent","Incongruent",65.999423,66.199414,"2@",0.518156,"Correct","Correct","Correct","Correct"
"11",34,"3_4_stimuli","3_3","Congruent","Congruent","Incongruent","Incongruent",67.999392,68.199387,"3#",0.629986,"Correct","Correct","Correct","Correct"
"11",35,"5_6_stimuli","5_6","Incongruent","Congruent","Congruent","Incongruent",69.999382,70.199376,"5%",0.997831,"Error","Correct","Correct","Correct"
"11",36,"7_8_stimuli","7_8","Incongruent","Incongruent","Congruent","Congruent",71.999362,72.199364,"7&",1.413963,"Error","Error","Correct","Correct"
"11",37,"1_2_stimuli","1_1","Congruent","Incongruent","Incongruent","Congruent",73.999347,74.199347,"1!",0.774104,"Correct","Error","Error","Correct"
"11",38,"3_4_stimuli","3_4","Incongruent","Congruent","Incongruent","Incongruent",75.999335,76.199333,"4$",0.757568,"Correct","Correct","Error","Error"
"11",39,"5_6_stimuli","6_5","Incongruent","Incongruent","Congruent","Incongruent",77.999305,78.199307,"5%",1.11004,"Correct","Correct","Correct","Error"
"11",40,"7_8_stimuli","7_7","Congruent","Incongruent","Incongruent","Congruent",79.999287,80.199284,"7&",1.141661,"Correct","Correct","Correct","Correct"
"11",41,"1_2_stimuli","2_2","Congruent","Congruent","Incongruent","Incongruent",81.999266,82.199282,"2@",0.613574,"Correct","Correct","Correct","Correct"
"11",42,"3_4_stimuli","4_4","Congruent","Congruent","Congruent","Incongruent",83.999266,84.199257,"4$",0.870389,"Correct","Correct","Correct","Correct"
"11",43,"5_6_stimuli","5_5","Congruent","Congruent","Congruent","Congruent",85.99924,86.199237,"5%",0.757672,"Correct","Correct","Correct","Correct"
"11",44,"7_8_stimuli","7_8","Incongruent","Congruent","Congruent","Congruent",87.999214,88.199217,"7&",0.821726,"Error","Correct","Correct","Correct"
"11",45,"1_2_stimuli","1_2","Incongruent","Incongruent","Congruent","Congruent",89.999205,90.199201,"2@",0.694132,"Correct","Error","Correct","Correct"
"11",46,"3_4_stimuli","3_3","Congruent","Incongruent","Incongruent","Congruent",91.999179,92.199189,"3#",0.997723,"Correct","Correct","Error","Correct"
"11",47,"5_6_stimuli","6_5","Incongruent","Congruent","Incongruent","Incongruent",93.999173,94.19916,"5%",1.062263,"Correct","Correct","Correct","Error"
"11",48,"7_8_stimuli","8_7","Incongruent","Incongruent","Congruent","Incongruent",95.999164,96.199143,"7&",0.709961,"Correct","Correct","Correct","Correct"
"11",49,"1_2_stimuli","2_1","Incongruent","Incongruent","Incongruent","Congruent",97.999135,98.199138,"1!",0.517751,"Correct","Correct","Correct","Correct"
"11",50,"3_4_stimuli","3_3","Congruent","Incongruent","Incongruent","Incongruent",99.999117,100.199119,"3#",0.774128,"Correct","Correct","Correct","Correct"
"11",51,"5_6_stimuli","5_5","Congruent","Congruent","Incongruent","Incongruent",101.9991,102.199095,"5%",0.918113,"Correct","Correct","Correct","Correct"
"11",52,"7_8_stimuli","8_8","Congruent","Congruent","Congruent","Incongruent",103.999074,104.199072,"8*",0.822371,"Correct","Correct","Correct","Correct"
"11",53,"1_2_stimuli","1_2","Incongruent","Congruent","Congruent","Congruent",105.999067,106.199055,"2@",0.613835,"Correct","Correct","Correct","Correct"
"11",54,"3_4_stimuli","4_3","Incongruent","Incongruent","Congruent","Congruent",107.999042,108.199046,"3#",0.501872,"Correct","Correct","Correct","Correct"
"11",55,"5_6_stimuli","6_6","Congruent","Incongruent","Incongruent","Congruent",109.999021,110.19903,"6^",1.061873,"Correct","Correct","Correct","Correct"
"11",56,"7_8_stimuli","8_7","Incongruent","Congruent","Incongruent","Incongruent",111.999,112.199019,"7&",0.90257,"Correct","Correct","Correct","Correct"
"11",57,"1_2_stimuli","2_1","Incongruent","Incongruent","Congruent","Incongruent",113.998987,114.198996,"1!",0.566473,"Correct","Correct","Correct","Correct"
"11",58,"3_4_stimuli","3_4","Incongruent","Incongruent","Incongruent","Congruent",115.998971,116.19897,"4$",1.013918,"Correct","Correct","Correct","Correct"
"11",59,"5_6_stimuli","6_5","Incongruent","Incongruent","Incongruent","Incongruent",117.998962,118.19896,"5%",1.030216,"Correct","Correct","Correct","Correct"
"11",60,"7_8_stimuli","7_7","Congruent","Incongruent","Incongruent","Incongruent",119.998945,120.198942,"7&",0.901904,"Correct","Correct","Correct","Correct"
"11",61,"1_2_stimuli","1_2","Incongruent","Congruent","Incongruent","Incongruent",121.998926,122.198914,"2@",0.661948,"Correct","Correct","Correct","Correct"
"11",62,"3_4_stimuli","3_4","Incongruent","Incongruent","Congruent","Incongruent",123.998911,124.198904,"4$",0.886434,"Correct","Correct","Correct","Correct"
"11",63,"5_6_stimuli","5_6","Incongruent","Incongruent","Incongruent","Congruent",125.998892,126.198885,"6^",1.046505,"Correct","Correct","Correct","Correct"
"11",64,"7_8_stimuli","7_8","Incongruent","Incongruent","Incongruent","Incongruent",127.998871,128.198872,"7&",0.774387,"Error","Correct","Correct","Correct"
"11",65,"1_2_stimuli","2_1","Incongruent","Incongruent","Incongruent","Incongruent",129.998848,130.198844,"Omission",5000,"Omission","Error","Correct","Correct"
"11",66,"3_4_stimuli","4_3","Incongruent","Incongruent","Incongruent","Incongruent",131.998838,132.198835,"3#",0.854047,"Correct","Omission","Error","Correct"
"11",67,"5_6_stimuli","6_6","Congruent","Incongruent","Incongruent","Incongruent",133.998819,134.198819,"Omission",5000,"Omission","Correct","Omission","Error"
"11",68,"7_8_stimuli","8_8","Congruent","Congruent","Incongruent","Incongruent",135.998801,136.198792,"Omission",5000,"Omission","Omission","Correct","Omission"
"12",1,"1_2_stimuli","1_1","Congruent",NA,NA,NA,1.99998,2.199983,"1!",0.591168,"Correct",NA,NA,NA
"12",2,"3_4_stimuli","3_3","Congruent","Congruent",NA,NA,3.999963,4.199969,"3#",0.591138,"Correct","Correct",NA,NA
"12",3,"5_6_stimuli","5_5","Congruent","Congruent","Congruent",NA,5.999948,6.199941,"5%",0.92759,"Correct","Correct","Correct",NA
"12",4,"7_8_stimuli","8_7","Incongruent","Congruent","Congruent","Congruent",7.99993,8.199936,"7&",0.719551,"Correct","Correct","Correct","Correct"
"12",5,"1_2_stimuli","2_1","Incongruent","Incongruent","Congruent","Congruent",9.999911,10.199906,"1!",0.591461,"Correct","Correct","Correct","Correct"
"12",6,"3_4_stimuli","3_4","Incongruent","Incongruent","Incongruent","Congruent",11.999897,12.199896,"4$",0.895295,"Correct","Correct","Correct","Correct"
"12",7,"5_6_stimuli","5_6","Incongruent","Incongruent","Incongruent","Incongruent",13.999885,14.199868,"6^",1.215374,"Correct","Correct","Correct","Correct"
"12",8,"7_8_stimuli","8_7","Incongruent","Incongruent","Incongruent","Incongruent",15.999861,16.199856,"7&",0.719282,"Correct","Correct","Correct","Correct"
"12",9,"1_2_stimuli","2_1","Incongruent","Incongruent","Incongruent","Incongruent",17.999841,18.199846,"1!",0.511535,"Correct","Correct","Correct","Correct"
"12",10,"3_4_stimuli","3_4","Incongruent","Incongruent","Incongruent","Incongruent",19.999826,20.199832,"4$",0.639245,"Correct","Correct","Correct","Correct"
"12",11,"5_6_stimuli","5_5","Congruent","Incongruent","Incongruent","Incongruent",21.999812,22.199811,"5%",0.607557,"Correct","Correct","Correct","Correct"
"12",12,"7_8_stimuli","8_7","Incongruent","Congruent","Incongruent","Incongruent",23.999797,24.199785,"7&",0.719403,"Correct","Correct","Correct","Correct"
"12",13,"1_2_stimuli","2_2","Congruent","Incongruent","Congruent","Incongruent",25.999775,26.199767,"2@",0.559109,"Correct","Correct","Correct","Correct"
"12",14,"3_4_stimuli","4_3","Incongruent","Congruent","Incongruent","Congruent",27.99976,28.19975,"3#",0.590983,"Correct","Correct","Correct","Correct"
"12",15,"5_6_stimuli","5_5","Congruent","Incongruent","Congruent","Incongruent",29.999745,30.199744,"5%",1.05507,"Correct","Correct","Correct","Correct"
"12",16,"7_8_stimuli","8_8","Congruent","Congruent","Incongruent","Congruent",31.99973,32.19972,"8*",0.607497,"Correct","Correct","Correct","Correct"
"12",17,"1_2_stimuli","1_1","Congruent","Congruent","Congruent","Incongruent",33.999706,34.199709,"1!",0.575685,"Correct","Correct","Correct","Correct"
"12",18,"3_4_stimuli","3_3","Congruent","Congruent","Congruent","Congruent",35.999688,36.199693,"4$",0.687037,"Error","Correct","Correct","Correct"
"12",19,"5_6_stimuli","6_6","Congruent","Congruent","Congruent","Congruent",37.999669,38.199666,"6^",1.311048,"Correct","Error","Correct","Correct"
"12",20,"7_8_stimuli","7_7","Congruent","Congruent","Congruent","Congruent",39.999647,40.199651,"7&",0.863035,"Correct","Correct","Error","Correct"
"12",21,"1_2_stimuli","1_1","Congruent","Congruent","Congruent","Congruent",41.999629,42.199636,"1!",0.463141,"Correct","Correct","Correct","Error"
"12",22,"3_4_stimuli","4_3","Incongruent","Congruent","Congruent","Congruent",43.999611,44.199612,"3#",0.751567,"Correct","Correct","Correct","Correct"
"12",23,"5_6_stimuli","5_6","Incongruent","Incongruent","Congruent","Congruent",45.999594,46.199603,"6^",1.007562,"Correct","Correct","Correct","Correct"
"12",24,"7_8_stimuli","8_7","Incongruent","Incongruent","Incongruent","Congruent",47.999579,48.199587,"7&",0.735909,"Correct","Correct","Correct","Correct"
"12",25,"1_2_stimuli","2_2","Congruent","Incongruent","Incongruent","Incongruent",49.999571,50.199564,"2@",0.543582,"Correct","Correct","Correct","Correct"
"12",26,"3_4_stimuli","3_4","Incongruent","Congruent","Incongruent","Incongruent",51.999546,52.199538,"4$",0.735174,"Correct","Correct","Correct","Correct"
"12",27,"5_6_stimuli","5_6","Incongruent","Incongruent","Congruent","Incongruent",53.999531,54.199524,"6^",0.799603,"Correct","Correct","Correct","Correct"
"12",28,"7_8_stimuli","7_7","Congruent","Incongruent","Incongruent","Congruent",55.999512,56.199516,"7&",0.67165,"Correct","Correct","Correct","Correct"
"12",29,"1_2_stimuli","1_1","Congruent","Congruent","Incongruent","Incongruent",57.999496,58.199489,"1!",0.511601,"Correct","Correct","Correct","Correct"
"12",30,"3_4_stimuli","4_4","Congruent","Congruent","Congruent","Incongruent",59.999472,60.199473,"4$",0.879392,"Correct","Correct","Correct","Correct"
"12",31,"5_6_stimuli","6_5","Incongruent","Congruent","Congruent","Congruent",61.999452,62.199461,"6^",1.407278,"Error","Correct","Correct","Correct"
"12",32,"7_8_stimuli","7_8","Incongruent","Incongruent","Congruent","Congruent",63.999432,64.199442,"Omission",5000,"Omission","Error","Correct","Correct"
"12",33,"1_2_stimuli","2_1","Incongruent","Incongruent","Incongruent","Congruent",65.999429,66.199425,"1!",0.575749,"Correct","Omission","Error","Correct"
"12",34,"3_4_stimuli","3_3","Congruent","Incongruent","Incongruent","Incongruent",67.999404,68.199395,"3#",0.83127,"Correct","Correct","Omission","Error"
"12",35,"5_6_stimuli","6_6","Congruent","Congruent","Incongruent","Incongruent",69.999392,70.199379,"6^",1.295389,"Correct","Correct","Correct","Omission"
"12",36,"7_8_stimuli","8_7","Incongruent","Congruent","Congruent","Incongruent",71.999363,72.199378,"7&",0.831369,"Correct","Correct","Correct","Correct"
"12",37,"1_2_stimuli","2_2","Congruent","Incongruent","Congruent","Congruent",73.99935,74.199353,"2@",0.512099,"Correct","Correct","Correct","Correct"
"12",38,"3_4_stimuli","4_4","Congruent","Congruent","Incongruent","Congruent",75.999329,76.199326,"4$",0.704259,"Correct","Correct","Correct","Correct"
"12",39,"5_6_stimuli","6_5","Incongruent","Congruent","Congruent","Incongruent",77.999311,78.199314,"6^",1.183441,"Error","Correct","Correct","Correct"
"12",40,"7_8_stimuli","8_8","Congruent","Incongruent","Congruent","Congruent",79.999293,80.199301,"7&",0.62346,"Error","Error","Correct","Correct"
"12",41,"1_2_stimuli","1_1","Congruent","Congruent","Incongruent","Congruent",81.999281,82.199278,"1!",0.527468,"Correct","Error","Error","Correct"
"12",42,"3_4_stimuli","4_3","Incongruent","Congruent","Congruent","Incongruent",83.999261,84.199259,"3#",0.639821,"Correct","Correct","Error","Error"
"12",43,"5_6_stimuli","5_5","Congruent","Incongruent","Congruent","Congruent",85.999257,86.199243,"5%",0.927457,"Correct","Correct","Correct","Error"
"12",44,"7_8_stimuli","7_8","Incongruent","Congruent","Incongruent","Congruent",87.999232,88.199228,"8*",0.703932,"Correct","Correct","Correct","Correct"
"12",45,"1_2_stimuli","1_2","Incongruent","Incongruent","Congruent","Incongruent",89.999217,90.199203,"2@",0.479506,"Correct","Correct","Correct","Correct"
"12",46,"3_4_stimuli","3_3","Congruent","Incongruent","Incongruent","Congruent",91.9992,92.199194,"3#",0.703929,"Correct","Correct","Correct","Correct"
"12",47,"5_6_stimuli","6_5","Incongruent","Congruent","Incongruent","Incongruent",93.999179,94.199169,"5%",1.184231,"Correct","Correct","Correct","Correct"
"12",48,"7_8_stimuli","8_8","Congruent","Incongruent","Congruent","Incongruent",95.999153,96.199154,"8*",0.847527,"Correct","Correct","Correct","Correct"
"12",49,"1_2_stimuli","1_2","Incongruent","Congruent","Incongruent","Congruent",97.999142,98.199145,"2@",0.672085,"Correct","Correct","Correct","Correct"
"12",50,"3_4_stimuli","3_4","Incongruent","Incongruent","Congruent","Incongruent",99.999119,100.19912,"4$",0.720004,"Correct","Correct","Correct","Correct"
"12",51,"5_6_stimuli","5_5","Congruent","Incongruent","Incongruent","Congruent",101.999107,102.1991,"5%",1.167994,"Correct","Correct","Correct","Correct"
"12",52,"7_8_stimuli","7_7","Congruent","Congruent","Incongruent","Incongruent",103.999087,104.199081,"7&",0.896033,"Correct","Correct","Correct","Correct"
"12",53,"1_2_stimuli","2_1","Incongruent","Congruent","Congruent","Incongruent",105.999077,106.199067,"1!",0.527973,"Correct","Correct","Correct","Correct"
"12",54,"3_4_stimuli","4_3","Incongruent","Incongruent","Congruent","Congruent",107.999046,108.199044,"3#",0.928082,"Correct","Correct","Correct","Correct"
"12",55,"5_6_stimuli","6_5","Incongruent","Incongruent","Incongruent","Congruent",109.999032,110.19903,"Omission",5000,"Omission","Correct","Correct","Correct"
"12",56,"7_8_stimuli","7_7","Congruent","Incongruent","Incongruent","Incongruent",111.999015,112.199008,"Omission",5000,"Omission","Omission","Correct","Correct"
"12",57,"1_2_stimuli","1_2","Incongruent","Congruent","Incongruent","Incongruent",113.998996,114.198999,"2@",0.880138,"Correct","Omission","Omission","Correct"
"12",58,"3_4_stimuli","4_4","Congruent","Incongruent","Congruent","Incongruent",115.998979,116.198974,"4$",0.880555,"Correct","Correct","Omission","Omission"
"12",59,"5_6_stimuli","6_6","Congruent","Congruent","Incongruent","Congruent",117.998964,118.19896,"6^",1.200291,"Correct","Correct","Correct","Omission"
"12",60,"7_8_stimuli","8_8","Congruent","Congruent","Congruent","Incongruent",119.998947,120.19895,"8*",0.783633,"Correct","Correct","Correct","Correct"
"12",61,"1_2_stimuli","1_2","Incongruent","Congruent","Congruent","Congruent",121.998935,122.198924,"2@",0.656246,"Correct","Correct","Correct","Correct"
"12",62,"3_4_stimuli","4_4","Congruent","Incongruent","Congruent","Congruent",123.99891,124.198905,"4$",1.264257,"Correct","Correct","Correct","Correct"
"12",63,"5_6_stimuli","5_6","Incongruent","Congruent","Incongruent","Congruent",125.998895,126.198894,"6^",1.039754,"Correct","Correct","Correct","Correct"
"12",64,"7_8_stimuli","7_8","Incongruent","Incongruent","Congruent","Incongruent",127.998874,128.198876,"8*",0.896417,"Correct","Correct","Correct","Correct"
"12",65,"1_2_stimuli","2_2","Congruent","Incongruent","Incongruent","Congruent",129.998865,130.198852,"2@",0.54432,"Correct","Correct","Correct","Correct"
"12",66,"3_4_stimuli","3_3","Congruent","Congruent","Incongruent","Incongruent",131.998838,132.198846,"3#",0.672216,"Correct","Correct","Correct","Correct"
"12",67,"5_6_stimuli","6_6","Congruent","Congruent","Congruent","Incongruent",133.998824,134.198818,"6^",0.992412,"Correct","Correct","Correct","Correct"
"12",68,"7_8_stimuli","7_8","Incongruent","Congruent","Congruent","Congruent",135.9988,136.19881,"8*",0.767856,"Correct","Correct","Correct","Correct"
"13",1,"1_2_stimuli","1_1","Congruent",NA,NA,NA,1.999979,2.199973,"1!",0.522415,"Correct",NA,NA,NA
"13",2,"3_4_stimuli","4_4","Congruent","Congruent",NA,NA,3.999968,4.199968,"4$",0.602968,"Correct","Correct",NA,NA
"13",3,"5_6_stimuli","6_5","Incongruent","Congruent","Congruent",NA,5.999957,6.199939,"5%",0.906116,"Correct","Correct","Correct",NA
"13",4,"7_8_stimuli","8_7","Incongruent","Incongruent","Congruent","Congruent",7.999926,8.199933,"7&",0.777904,"Correct","Correct","Correct","Correct"
"13",5,"1_2_stimuli","1_2","Incongruent","Incongruent","Incongruent","Congruent",9.99991,10.199911,"2@",0.554424,"Correct","Correct","Correct","Correct"
"13",6,"3_4_stimuli","4_4","Congruent","Incongruent","Incongruent","Incongruent",11.999902,12.1999,"4$",0.778474,"Correct","Correct","Correct","Correct"
"13",7,"5_6_stimuli","5_6","Incongruent","Congruent","Incongruent","Incongruent",13.999884,14.199882,"6^",0.714284,"Correct","Correct","Correct","Correct"
"13",8,"7_8_stimuli","7_7","Congruent","Incongruent","Congruent","Incongruent",15.999867,16.19986,"7&",0.586546,"Correct","Correct","Correct","Correct"
"13",9,"1_2_stimuli","1_2","Incongruent","Congruent","Incongruent","Congruent",17.999847,18.199841,"2@",0.602286,"Correct","Correct","Correct","Correct"
"13",10,"3_4_stimuli","4_4","Congruent","Incongruent","Congruent","Incongruent",19.999826,20.199815,"4$",0.634598,"Correct","Correct","Correct","Correct"
"13",11,"5_6_stimuli","5_5","Congruent","Congruent","Incongruent","Congruent",21.999816,22.199811,"5%",0.842445,"Correct","Correct","Correct","Correct"
"13",12,"7_8_stimuli","7_8","Incongruent","Congruent","Congruent","Incongruent",23.999793,24.199788,"8*",0.650116,"Correct","Correct","Correct","Correct"
"13",13,"1_2_stimuli","2_1","Incongruent","Incongruent","Congruent","Congruent",25.99977,26.199776,"1!",0.570011,"Correct","Correct","Correct","Correct"
"13",14,"3_4_stimuli","3_3","Congruent","Incongruent","Incongruent","Congruent",27.99976,28.199753,"3#",0.98608,"Correct","Correct","Correct","Correct"
"13",15,"5_6_stimuli","5_5","Congruent","Congruent","Incongruent","Incongruent",29.99974,30.19973,"5%",0.922099,"Correct","Correct","Correct","Correct"
"13",16,"7_8_stimuli","8_8","Congruent","Congruent","Congruent","Incongruent",31.99972,32.199728,"8*",0.698166,"Correct","Correct","Correct","Correct"
"13",17,"1_2_stimuli","1_2","Incongruent","Congruent","Congruent","Congruent",33.999701,34.199711,"2@",0.602909,"Correct","Correct","Correct","Correct"
"13",18,"3_4_stimuli","4_3","Incongruent","Incongruent","Congruent","Congruent",35.999687,36.199681,"3#",0.698701,"Correct","Correct","Correct","Correct"
"13",19,"5_6_stimuli","5_6","Incongruent","Incongruent","Incongruent","Congruent",37.99967,38.199665,"6^",1.290716,"Correct","Correct","Correct","Correct"
"13",20,"7_8_stimuli","7_7","Congruent","Incongruent","Incongruent","Incongruent",39.999659,40.199658,"7&",0.730653,"Correct","Correct","Correct","Correct"
"13",21,"1_2_stimuli","2_2","Congruent","Congruent","Incongruent","Incongruent",41.999628,42.199637,"2@",0.730605,"Correct","Correct","Correct","Correct"
"13",22,"3_4_stimuli","3_3","Congruent","Congruent","Congruent","Incongruent",43.999613,44.199614,"3#",0.69821,"Correct","Correct","Correct","Correct"
"13",23,"5_6_stimuli","5_6","Incongruent","Congruent","Congruent","Congruent",45.9996,46.1996,"5%",1.354154,"Error","Correct","Correct","Correct"
"13",24,"7_8_stimuli","8_8","Congruent","Incongruent","Congruent","Congruent",47.999575,48.199577,"Omission",5000,"Omission","Error","Correct","Correct"
"13",25,"1_2_stimuli","1_1","Congruent","Congruent","Incongruent","Congruent",49.999564,50.199568,"Omission",5000,"Omission","Omission","Error","Correct"
"13",26,"3_4_stimuli","3_4","Incongruent","Congruent","Congruent","Incongruent",51.999542,52.199542,"4$",0.76278,"Correct","Omission","Omission","Error"
"13",27,"5_6_stimuli","6_5","Incongruent","Incongruent","Congruent","Congruent",53.999535,54.199531,"5%",1.002478,"Correct","Correct","Omission","Omission"
"13",28,"7_8_stimuli","8_7","Incongruent","Incongruent","Incongruent","Congruent",55.99951,56.199504,"7&",0.778974,"Correct","Correct","Correct","Omission"
"13",29,"1_2_stimuli","2_2","Congruent","Incongruent","Incongruent","Incongruent",57.999483,58.199501,"2@",0.538761,"Correct","Correct","Correct","Correct"
"13",30,"3_4_stimuli","3_3","Congruent","Congruent","Incongruent","Incongruent",59.99947,60.199441,"3#",0.682778,"Correct","Correct","Correct","Correct"
"13",31,"5_6_stimuli","6_6","Congruent","Congruent","Congruent","Incongruent",61.999454,62.199468,"Omission",5000,"Omission","Correct","Correct","Correct"
"13",32,"7_8_stimuli","8_8","Congruent","Congruent","Congruent","Congruent",63.999445,64.199438,"8*",0.666782,"Correct","Omission","Correct","Correct"
"13",33,"1_2_stimuli","2_2","Congruent","Congruent","Congruent","Congruent",65.999425,66.199422,"2@",0.587085,"Correct","Correct","Omission","Correct"
"13",34,"3_4_stimuli","3_4","Incongruent","Congruent","Congruent","Congruent",67.999401,68.199411,"4$",0.650769,"Correct","Correct","Correct","Omission"
"13",35,"5_6_stimuli","6_6","Congruent","Incongruent","Congruent","Congruent",69.999394,70.199385,"6^",1.018838,"Correct","Correct","Correct","Correct"
"13",36,"7_8_stimuli","8_7","Incongruent","Congruent","Incongruent","Congruent",71.999368,72.199362,"7&",0.554954,"Correct","Correct","Correct","Correct"
"13",37,"1_2_stimuli","1_2","Incongruent","Incongruent","Congruent","Incongruent",73.999354,74.199348,"2@",0.587222,"Correct","Correct","Correct","Correct"
"13",38,"3_4_stimuli","3_4","Incongruent","Incongruent","Incongruent","Congruent",75.999336,76.199324,"4$",0.667058,"Correct","Correct","Correct","Correct"
"13",39,"5_6_stimuli","6_5","Incongruent","Incongruent","Incongruent","Incongruent",77.999314,78.199318,"6^",1.114968,"Error","Correct","Correct","Correct"
"13",40,"7_8_stimuli","8_7","Incongruent","Incongruent","Incongruent","Incongruent",79.999292,80.199298,"7&",0.618691,"Correct","Error","Correct","Correct"
"13",41,"1_2_stimuli","2_1","Incongruent","Incongruent","Incongruent","Incongruent",81.999279,82.199277,"1!",0.506509,"Correct","Correct","Error","Correct"
"13",42,"3_4_stimuli","4_3","Incongruent","Incongruent","Incongruent","Incongruent",83.999261,84.199267,"3#",0.650782,"Correct","Correct","Correct","Error"
"13",43,"5_6_stimuli","6_6","Congruent","Incongruent","Incongruent","Incongruent",85.999249,86.199246,"6^",1.03455,"Correct","Correct","Correct","Correct"
"13",44,"7_8_stimuli","7_7","Congruent","Congruent","Incongruent","Incongruent",87.999221,88.199225,"7&",0.651031,"Correct","Correct","Correct","Correct"
"13",45,"1_2_stimuli","1_1","Congruent","Congruent","Congruent","Incongruent",89.999213,90.19921,"1!",0.394583,"Correct","Correct","Correct","Correct"
"13",46,"3_4_stimuli","3_3","Congruent","Congruent","Congruent","Congruent",91.999193,92.199191,"3#",0.6027,"Correct","Correct","Correct","Correct"
"13",47,"5_6_stimuli","5_5","Congruent","Congruent","Congruent","Congruent",93.99917,94.19917,"5%",1.018503,"Correct","Correct","Correct","Correct"
"13",48,"7_8_stimuli","7_8","Incongruent","Congruent","Congruent","Congruent",95.999149,96.199153,"7&",0.586655,"Error","Correct","Correct","Correct"
"13",49,"1_2_stimuli","1_1","Congruent","Incongruent","Congruent","Congruent",97.999135,98.19914,"1!",0.522666,"Correct","Error","Correct","Correct"
"13",50,"3_4_stimuli","4_3","Incongruent","Congruent","Incongruent","Congruent",99.999114,100.199112,"3#",0.683013,"Correct","Correct","Error","Correct"
"13",51,"5_6_stimuli","5_5","Congruent","Incongruent","Congruent","Incongruent",101.999099,102.199099,"5%",0.779381,"Correct","Correct","Correct","Error"
"13",52,"7_8_stimuli","8_8","Congruent","Congruent","Incongruent","Congruent",103.999094,104.199087,"8*",0.795015,"Correct","Correct","Correct","Correct"
"13",53,"1_2_stimuli","2_1","Incongruent","Congruent","Congruent","Incongruent",105.999066,106.199058,"1!",0.475112,"Correct","Correct","Correct","Correct"
"13",54,"3_4_stimuli","4_4","Congruent","Incongruent","Congruent","Congruent",107.999052,108.199045,"4$",0.682726,"Correct","Correct","Correct","Correct"
"13",55,"5_6_stimuli","5_6","Incongruent","Congruent","Incongruent","Congruent",109.999024,110.199022,"6^",1.115004,"Correct","Correct","Correct","Correct"
"13",56,"7_8_stimuli","7_8","Incongruent","Incongruent","Congruent","Incongruent",111.99902,112.199006,"8*",0.7308,"Correct","Correct","Correct","Correct"
"13",57,"1_2_stimuli","2_2","Congruent","Incongruent","Incongruent","Congruent",113.998995,114.198992,"2@",0.491329,"Correct","Correct","Correct","Correct"
"13",58,"3_4_stimuli","3_4","Incongruent","Congruent","Incongruent","Incongruent",115.998979,116.198981,"4$",0.747465,"Correct","Correct","Correct","Correct"
"13",59,"5_6_stimuli","6_5","Incongruent","Incongruent","Congruent","Incongruent",117.998956,118.198952,"5%",0.891383,"Correct","Correct","Correct","Correct"
"13",60,"7_8_stimuli","7_7","Congruent","Incongruent","Incongruent","Congruent",119.998972,120.198942,"6^",1.402814,"Error","Correct","Correct","Correct"
"13",61,"1_2_stimuli","2_1","Incongruent","Congruent","Incongruent","Incongruent",121.998924,122.198928,"1!",1.211578,"Correct","Error","Correct","Correct"
"13",62,"3_4_stimuli","4_3","Incongruent","Incongruent","Congruent","Incongruent",123.998906,124.198904,"3#",0.811332,"Correct","Correct","Error","Correct"
"13",63,"5_6_stimuli","6_6","Congruent","Incongruent","Incongruent","Congruent",125.998894,126.198894,"6^",0.986879,"Correct","Correct","Correct","Error"
"13",64,"7_8_stimuli","8_7","Incongruent","Congruent","Incongruent","Incongruent",127.9989,128.198868,"7&",0.68289,"Correct","Correct","Correct","Correct"
"13",65,"1_2_stimuli","1_1","Congruent","Incongruent","Congruent","Incongruent",129.99885,130.198852,"1!",0.442912,"Correct","Correct","Correct","Correct"
"13",66,"3_4_stimuli","4_4","Congruent","Congruent","Incongruent","Congruent",131.998837,132.198831,"4$",0.618941,"Correct","Correct","Correct","Correct"
"13",67,"5_6_stimuli","6_5","Incongruent","Congruent","Congruent","Incongruent",133.99882,134.198817,"5%",1.019392,"Correct","Correct","Correct","Correct"
"13",68,"7_8_stimuli","7_8","Incongruent","Incongruent","Congruent","Congruent",135.998807,136.198792,"8*",0.747364,"Correct","Correct","Correct","Correct"
