"Run.Number","Trial.Number","Task","Stimulus","Current.Trial.Type","Previous.Trial.Type","Previous.Trial.Type.N2","Previous.Trial.Type.N3","StimulusOnsetTime","StimulusOffsetTime","Response","RT","Accuracy","PreviousAccuracy","PreviousAccuracy.N2","Previous.Accuracy.N3"
"practice",1,"1_2_stimuli","2_1","Incongruent",NA,NA,NA,1.999976,2.199982,"1!",0.963192,"Correct",NA,NA,NA
"practice",2,"3_4_stimuli","4_3","Incongruent","Incongruent",NA,NA,3.999967,4.199965,"Omission",5000,"Omission","Correct",NA,NA
"practice",3,"5_6_stimuli","5_5","Congruent","Incongruent","Incongruent",NA,5.999943,6.199953,"5%",1.060043,"Correct","Omission","Correct",NA
"practice",4,"7_8_stimuli","7_7","Congruent","Congruent","Incongruent","Incongruent",7.999934,8.199936,"7&",0.642863,"Correct","Correct","Omission","Correct"
"practice",5,"1_2_stimuli","1_2","Incongruent","Congruent","Congruent","Incongruent",9.999915,10.199943,"2@",0.691319,"Correct","Correct","Correct","Omission"
"practice",6,"3_4_stimuli","4_4","Congruent","Incongruent","Congruent","Congruent",11.999904,12.199909,"4$",0.882975,"Correct","Correct","Correct","Correct"
"practice",7,"5_6_stimuli","5_6","Incongruent","Congruent","Incongruent","Congruent",13.999891,14.199884,"6^",0.8995,"Correct","Correct","Correct","Correct"
"practice",8,"7_8_stimuli","7_7","Congruent","Incongruent","Congruent","Incongruent",15.999882,16.199876,"7&",0.674972,"Correct","Correct","Correct","Correct"
"practice",9,"1_2_stimuli","1_1","Congruent","Congruent","Incongruent","Congruent",17.999864,18.199865,"1!",0.530948,"Correct","Correct","Correct","Correct"
"practice",10,"3_4_stimuli","3_4","Incongruent","Congruent","Congruent","Incongruent",19.999849,20.199853,"3#",0.723587,"Error","Correct","Correct","Correct"
"practice",11,"5_6_stimuli","6_5","Incongruent","Incongruent","Congruent","Congruent",21.999833,22.199838,"5%",1.427413,"Correct","Error","Correct","Correct"
"practice",12,"7_8_stimuli","7_8","Incongruent","Incongruent","Incongruent","Congruent",23.999822,24.199825,"8*",1.331539,"Correct","Correct","Error","Correct"
"practice",13,"1_2_stimuli","2_1","Incongruent","Incongruent","Incongruent","Incongruent",25.999813,26.199803,"1!",0.643014,"Correct","Correct","Correct","Error"
"practice",14,"3_4_stimuli","4_4","Congruent","Incongruent","Incongruent","Incongruent",27.999791,28.199792,"4$",0.979272,"Correct","Correct","Correct","Correct"
"practice",15,"5_6_stimuli","6_5","Incongruent","Congruent","Incongruent","Incongruent",29.999773,30.199778,"5%",0.675638,"Correct","Correct","Correct","Correct"
"practice",16,"7_8_stimuli","7_8","Incongruent","Incongruent","Congruent","Incongruent",31.999764,32.199761,"8*",1.09142,"Correct","Correct","Correct","Correct"
"practice",17,"1_2_stimuli","1_2","Incongruent","Incongruent","Incongruent","Congruent",33.999751,34.199754,"1!",0.691111,"Error","Correct","Correct","Correct"
"practice",18,"3_4_stimuli","3_4","Incongruent","Incongruent","Incongruent","Incongruent",35.999735,36.199735,"4$",0.819557,"Correct","Error","Correct","Correct"
"practice",19,"5_6_stimuli","5_5","Congruent","Incongruent","Incongruent","Incongruent",37.999715,38.199711,"5%",0.931655,"Correct","Correct","Error","Correct"
"practice",20,"7_8_stimuli","8_7","Incongruent","Congruent","Incongruent","Incongruent",39.999705,40.199711,"7&",0.851727,"Correct","Correct","Correct","Error"
"practice",21,"1_2_stimuli","1_2","Incongruent","Incongruent","Congruent","Incongruent",41.999691,42.199681,"2@",0.70722,"Correct","Correct","Correct","Correct"
"practice",22,"3_4_stimuli","3_3","Congruent","Incongruent","Incongruent","Congruent",43.999673,44.19969,"3#",0.739252,"Correct","Correct","Correct","Correct"
"practice",23,"5_6_stimuli","6_6","Congruent","Congruent","Incongruent","Incongruent",45.999657,46.199656,"5%",0.707239,"Error","Correct","Correct","Correct"
"practice",24,"7_8_stimuli","8_8","Congruent","Congruent","Congruent","Incongruent",47.999651,48.199635,"8*",1.059927,"Correct","Error","Correct","Correct"
"practice",25,"1_2_stimuli","2_2","Congruent","Congruent","Congruent","Congruent",49.99963,50.199629,"2@",0.691306,"Correct","Correct","Error","Correct"
"practice",26,"3_4_stimuli","4_3","Incongruent","Congruent","Congruent","Congruent",51.999599,52.199613,"3#",0.963516,"Correct","Correct","Correct","Error"
"practice",27,"5_6_stimuli","6_6","Congruent","Incongruent","Congruent","Congruent",53.999606,54.199599,"6^",1.459569,"Correct","Correct","Correct","Correct"
"practice",28,"7_8_stimuli","8_7","Incongruent","Congruent","Incongruent","Congruent",55.999596,56.199588,"7&",0.675227,"Correct","Correct","Correct","Correct"
"practice",29,"1_2_stimuli","1_1","Congruent","Incongruent","Congruent","Incongruent",57.999575,58.199564,"1!",0.595969,"Correct","Correct","Correct","Correct"
"practice",30,"3_4_stimuli","4_3","Incongruent","Congruent","Incongruent","Congruent",59.999554,60.199561,"3#",0.723619,"Correct","Correct","Correct","Correct"
"practice",31,"5_6_stimuli","5_5","Congruent","Incongruent","Congruent","Incongruent",61.999548,62.199545,"5%",0.659325,"Correct","Correct","Correct","Correct"
"practice",32,"7_8_stimuli","8_8","Congruent","Congruent","Incongruent","Congruent",63.999525,64.199521,"8*",0.755489,"Correct","Correct","Correct","Correct"
"practice",33,"1_2_stimuli","1_1","Congruent","Congruent","Congruent","Incongruent",65.999524,66.199505,"1!",0.548005,"Correct","Correct","Correct","Correct"
"practice",34,"3_4_stimuli","4_4","Congruent","Congruent","Congruent","Congruent",67.999507,68.199499,"4$",0.851334,"Correct","Correct","Correct","Correct"
"practice",35,"5_6_stimuli","6_6","Congruent","Congruent","Congruent","Congruent",69.999491,70.199494,"7&",0.59592,"Error","Correct","Correct","Correct"
"practice",36,"7_8_stimuli","7_8","Incongruent","Congruent","Congruent","Congruent",71.999471,72.199476,"8*",0.915423,"Correct","Error","Correct","Correct"
"practice",37,"1_2_stimuli","1_2","Incongruent","Incongruent","Congruent","Congruent",73.999464,74.199455,"2@",0.868151,"Correct","Correct","Error","Correct"
"practice",38,"3_4_stimuli","3_4","Incongruent","Incongruent","Incongruent","Congruent",75.999443,76.199449,"4$",1.123364,"Correct","Correct","Correct","Error"
"practice",39,"5_6_stimuli","6_5","Incongruent","Incongruent","Incongruent","Incongruent",77.999435,78.199427,"5%",0.64355,"Correct","Correct","Correct","Correct"
"practice",40,"7_8_stimuli","8_7","Incongruent","Incongruent","Incongruent","Incongruent",79.99941,80.199407,"7&",0.771463,"Correct","Correct","Correct","Correct"
"practice",41,"1_2_stimuli","2_2","Congruent","Incongruent","Incongruent","Incongruent",81.999391,82.199391,"2@",0.595501,"Correct","Correct","Correct","Correct"
"practice",42,"3_4_stimuli","4_3","Incongruent","Congruent","Incongruent","Incongruent",83.999387,84.199375,"3#",0.675877,"Correct","Correct","Correct","Correct"
"practice",43,"5_6_stimuli","6_5","Incongruent","Incongruent","Congruent","Incongruent",85.99937,86.199368,"5%",0.755536,"Correct","Correct","Correct","Correct"
"practice",44,"7_8_stimuli","8_8","Congruent","Incongruent","Incongruent","Congruent",87.999353,88.199347,"8*",0.580054,"Correct","Correct","Correct","Correct"
"practice",45,"1_2_stimuli","2_1","Incongruent","Congruent","Incongruent","Incongruent",89.999339,90.199341,"1!",0.515541,"Correct","Correct","Correct","Correct"
"practice",46,"3_4_stimuli","3_4","Incongruent","Incongruent","Congruent","Incongruent",91.999332,92.199337,"4$",0.707886,"Correct","Correct","Correct","Correct"
"practice",47,"5_6_stimuli","5_6","Incongruent","Incongruent","Incongruent","Congruent",93.999305,94.199303,"5%",0.708092,"Error","Correct","Correct","Correct"
"practice",48,"7_8_stimuli","7_7","Congruent","Incongruent","Incongruent","Incongruent",95.9993,96.199291,"7&",0.707587,"Correct","Error","Correct","Correct"
"practice",49,"1_2_stimuli","1_1","Congruent","Congruent","Incongruent","Incongruent",97.999286,98.199283,"1!",0.532224,"Correct","Correct","Error","Correct"
"practice",50,"3_4_stimuli","4_4","Congruent","Congruent","Congruent","Incongruent",99.999267,100.199267,"4$",0.660209,"Correct","Correct","Correct","Error"
"practice",51,"5_6_stimuli","5_6","Incongruent","Congruent","Congruent","Congruent",101.999255,102.199245,"6^",1.028181,"Correct","Correct","Correct","Correct"
"practice",52,"7_8_stimuli","8_8","Congruent","Incongruent","Congruent","Congruent",103.99923,104.19923,"8*",0.643689,"Correct","Correct","Correct","Correct"
"practice",53,"1_2_stimuli","2_1","Incongruent","Congruent","Incongruent","Congruent",105.999221,106.199213,"1!",0.579703,"Correct","Correct","Correct","Correct"
"practice",54,"3_4_stimuli","3_3","Congruent","Incongruent","Congruent","Incongruent",107.999215,108.199204,"3#",0.69202,"Correct","Correct","Correct","Correct"
"practice",55,"5_6_stimuli","5_5","Congruent","Congruent","Incongruent","Congruent",109.9992,110.199196,"5%",1.220436,"Correct","Correct","Correct","Correct"
"practice",56,"7_8_stimuli","8_7","Incongruent","Congruent","Congruent","Incongruent",111.999177,112.199174,"7&",0.931887,"Correct","Correct","Correct","Correct"
"practice",57,"1_2_stimuli","2_2","Congruent","Incongruent","Congruent","Congruent",113.999166,114.199159,"2@",0.740077,"Correct","Correct","Correct","Correct"
"practice",58,"3_4_stimuli","3_3","Congruent","Congruent","Incongruent","Congruent",115.999148,116.199143,"3#",0.628119,"Correct","Correct","Correct","Correct"
"practice",59,"5_6_stimuli","5_6","Incongruent","Congruent","Congruent","Incongruent",117.999134,118.199137,"6^",1.363782,"Correct","Correct","Correct","Correct"
"practice",60,"7_8_stimuli","7_8","Incongruent","Incongruent","Congruent","Congruent",119.999118,120.19912,"8*",0.676453,"Correct","Correct","Correct","Correct"
"practice",61,"1_2_stimuli","2_2","Congruent","Incongruent","Incongruent","Congruent",121.999107,122.199101,"2@",0.627793,"Correct","Correct","Correct","Correct"
"practice",62,"3_4_stimuli","3_3","Congruent","Congruent","Incongruent","Incongruent",123.999095,124.199091,"3#",0.596565,"Correct","Correct","Correct","Correct"
"practice",63,"5_6_stimuli","6_6","Congruent","Congruent","Congruent","Incongruent",125.999074,126.199071,"Omission",5000,"Omission","Correct","Correct","Correct"
"practice",64,"7_8_stimuli","7_7","Congruent","Congruent","Congruent","Congruent",127.999068,128.199071,"Omission",5000,"Omission","Omission","Correct","Correct"
"practice",65,"1_2_stimuli","2_1","Incongruent","Congruent","Congruent","Congruent",129.999051,130.199052,"1!",0.580179,"Correct","Omission","Omission","Correct"
"practice",66,"3_4_stimuli","4_3","Incongruent","Incongruent","Congruent","Congruent",131.999033,132.199034,"3#",0.627831,"Correct","Correct","Omission","Omission"
"practice",67,"5_6_stimuli","5_5","Congruent","Incongruent","Incongruent","Congruent",133.999017,134.199018,"5%",0.612381,"Correct","Correct","Correct","Omission"
"practice",68,"7_8_stimuli","7_7","Congruent","Congruent","Incongruent","Incongruent",135.999004,136.199004,"7&",0.772066,"Correct","Correct","Correct","Correct"
"1",1,"1_2_stimuli","1_2","Incongruent",NA,NA,NA,1.999987,2.199982,"2@",0.642415,"Correct",NA,NA,NA
"1",2,"3_4_stimuli","4_3","Incongruent","Incongruent",NA,NA,3.999967,4.19997,"3#",0.610274,"Correct","Correct",NA,NA
"1",3,"5_6_stimuli","5_6","Incongruent","Incongruent","Incongruent",NA,5.999957,6.199951,"5%",0.625629,"Error","Correct","Correct",NA
"1",4,"7_8_stimuli","8_7","Incongruent","Incongruent","Incongruent","Incongruent",7.999937,8.199945,"7&",0.914356,"Correct","Error","Correct","Correct"
"1",5,"1_2_stimuli","1_1","Congruent","Incongruent","Incongruent","Incongruent",9.999922,10.199927,"1!",0.465728,"Correct","Correct","Error","Correct"
"1",6,"3_4_stimuli","4_3","Incongruent","Congruent","Incongruent","Incongruent",11.999915,12.19991,"3#",0.705748,"Correct","Correct","Correct","Error"
"1",7,"5_6_stimuli","5_6","Incongruent","Incongruent","Congruent","Incongruent",13.999896,14.199894,"6^",0.913703,"Correct","Correct","Correct","Correct"
"1",8,"7_8_stimuli","8_8","Congruent","Incongruent","Incongruent","Congruent",15.999893,16.199883,"8*",0.546311,"Correct","Correct","Correct","Correct"
"1",9,"1_2_stimuli","2_1","Incongruent","Congruent","Incongruent","Incongruent",17.999867,18.199874,"1!",0.450383,"Correct","Correct","Correct","Correct"
"1",10,"3_4_stimuli","3_3","Congruent","Incongruent","Congruent","Incongruent",19.999852,20.199862,"3#",0.657749,"Correct","Correct","Correct","Correct"
"1",11,"5_6_stimuli","5_5","Congruent","Congruent","Incongruent","Congruent",21.999837,22.199838,"5%",0.721859,"Correct","Correct","Correct","Correct"
"1",12,"7_8_stimuli","8_8","Congruent","Congruent","Congruent","Incongruent",23.999817,24.199817,"8*",0.482228,"Correct","Correct","Correct","Correct"
"1",13,"1_2_stimuli","2_1","Incongruent","Congruent","Congruent","Congruent",25.99981,26.199813,"1!",0.449902,"Correct","Correct","Correct","Correct"
"1",14,"3_4_stimuli","3_3","Congruent","Incongruent","Congruent","Congruent",27.999797,28.199799,"3#",0.673974,"Correct","Correct","Correct","Correct"
"1",15,"5_6_stimuli","6_5","Incongruent","Congruent","Incongruent","Congruent",29.999782,30.199777,"5%",0.913866,"Correct","Correct","Correct","Correct"
"1",16,"7_8_stimuli","7_7","Congruent","Incongruent","Congruent","Incongruent",31.999768,32.199771,"8*",0.673912,"Error","Correct","Correct","Correct"
"1",17,"1_2_stimuli","2_1","Incongruent","Congruent","Incongruent","Congruent",33.99975,34.199755,"1!",0.481812,"Correct","Error","Correct","Correct"
"1",18,"3_4_stimuli","3_4","Incongruent","Incongruent","Congruent","Incongruent",35.999742,36.19973,"3#",0.642351,"Error","Correct","Error","Correct"
"1",19,"5_6_stimuli","6_5","Incongruent","Incongruent","Incongruent","Congruent",37.999729,38.199727,"5%",0.690451,"Correct","Error","Correct","Error"
"1",20,"7_8_stimuli","7_8","Incongruent","Incongruent","Incongruent","Incongruent",39.999704,40.199705,"8*",0.722426,"Correct","Correct","Error","Correct"
"1",21,"1_2_stimuli","1_2","Incongruent","Incongruent","Incongruent","Incongruent",41.999697,42.199702,"2@",0.610429,"Correct","Correct","Correct","Error"
"1",22,"3_4_stimuli","4_3","Incongruent","Incongruent","Incongruent","Incongruent",43.999672,44.199676,"3#",0.67433,"Correct","Correct","Correct","Correct"
"1",23,"5_6_stimuli","5_6","Incongruent","Incongruent","Incongruent","Incongruent",45.999663,46.19966,"6^",1.266452,"Correct","Correct","Correct","Correct"
"1",24,"7_8_stimuli","7_7","Congruent","Incongruent","Incongruent","Incongruent",47.999655,48.199649,"7&",0.674136,"Correct","Correct","Correct","Correct"
"1",25,"1_2_stimuli","2_2","Congruent","Congruent","Incongruent","Incongruent",49.999636,50.19964,"2@",0.642458,"Correct","Correct","Correct","Correct"
"1",26,"3_4_stimuli","3_3","Congruent","Congruent","Congruent","Incongruent",51.999615,52.199616,"3#",0.802591,"Correct","Correct","Correct","Correct"
"1",27,"5_6_stimuli","6_6","Congruent","Congruent","Congruent","Congruent",53.999608,54.199603,"6^",1.266668,"Correct","Correct","Correct","Correct"
"1",28,"7_8_stimuli","8_7","Incongruent","Congruent","Congruent","Congruent",55.999603,56.199589,"7&",0.786317,"Correct","Correct","Correct","Correct"
"1",29,"1_2_stimuli","2_2","Congruent","Incongruent","Congruent","Congruent",57.999576,58.199577,"2@",0.466766,"Correct","Correct","Correct","Correct"
"1",30,"3_4_stimuli","3_4","Incongruent","Congruent","Incongruent","Congruent",59.99956,60.199569,"4$",1.138609,"Correct","Correct","Correct","Correct"
"1",31,"5_6_stimuli","6_6","Congruent","Incongruent","Congruent","Incongruent",61.999552,62.199557,"6^",0.850695,"Correct","Correct","Correct","Correct"
"1",32,"7_8_stimuli","7_7","Congruent","Congruent","Incongruent","Congruent",63.999528,64.199538,"7&",0.80277,"Correct","Correct","Correct","Correct"
"1",33,"1_2_stimuli","2_1","Incongruent","Congruent","Congruent","Incongruent",65.99951,66.199515,"1!",0.594182,"Correct","Correct","Correct","Correct"
"1",34,"3_4_stimuli","4_3","Incongruent","Incongruent","Congruent","Congruent",67.999512,68.199507,"3#",0.802237,"Correct","Correct","Correct","Correct"
"1",35,"5_6_stimuli","5_5","Congruent","Incongruent","Incongruent","Congruent",69.999501,70.199499,"5%",1.042207,"Correct","Correct","Correct","Correct"
"1",36,"7_8_stimuli","8_7","Incongruent","Congruent","Incongruent","Incongruent",71.999473,72.199481,"7&",0.834209,"Correct","Correct","Correct","Correct"
"1",37,"1_2_stimuli","1_1","Congruent","Incongruent","Congruent","Incongruent",73.999464,74.199472,"1!",0.514732,"Correct","Correct","Correct","Correct"
"1",38,"3_4_stimuli","4_4","Congruent","Congruent","Incongruent","Congruent",75.999443,76.199451,"4$",0.867856,"Correct","Correct","Correct","Correct"
"1",39,"5_6_stimuli","5_5","Congruent","Congruent","Congruent","Incongruent",77.99944,78.199428,"5%",0.659774,"Correct","Correct","Correct","Correct"
"1",40,"7_8_stimuli","8_8","Congruent","Congruent","Congruent","Congruent",79.99942,80.199417,"8*",0.722262,"Correct","Correct","Correct","Correct"
"1",41,"1_2_stimuli","1_1","Congruent","Congruent","Congruent","Congruent",81.999402,82.199401,"1!",0.434649,"Correct","Correct","Correct","Correct"
"1",42,"3_4_stimuli","4_4","Congruent","Congruent","Congruent","Congruent",83.999388,84.199388,"4$",0.786327,"Correct","Correct","Correct","Correct"
"1",43,"5_6_stimuli","6_5","Incongruent","Congruent","Congruent","Congruent",85.999377,86.199386,"5%",0.83449,"Correct","Correct","Correct","Correct"
"1",44,"7_8_stimuli","8_7","Incongruent","Incongruent","Congruent","Congruent",87.999361,88.199358,"7&",0.834835,"Correct","Correct","Correct","Correct"
"1",45,"1_2_stimuli","1_2","Incongruent","Incongruent","Incongruent","Congruent",89.999342,90.199345,"2@",0.49877,"Correct","Correct","Correct","Correct"
"1",46,"3_4_stimuli","3_3","Congruent","Incongruent","Incongruent","Incongruent",91.99934,92.199331,"3#",0.690309,"Correct","Correct","Correct","Correct"
"1",47,"5_6_stimuli","6_6","Congruent","Congruent","Incongruent","Incongruent",93.999322,94.199325,"6^",1.362848,"Correct","Correct","Correct","Correct"
"1",48,"7_8_stimuli","7_8","Incongruent","Congruent","Congruent","Incongruent",95.999306,96.199296,"8*",0.818932,"Correct","Correct","Correct","Correct"
"1",49,"1_2_stimuli","1_2","Incongruent","Incongruent","Congruent","Congruent",97.99929,98.199286,"2@",0.659217,"Correct","Correct","Correct","Correct"
"1",50,"3_4_stimuli","4_4","Congruent","Incongruent","Incongruent","Congruent",99.999287,100.199281,"4$",1.026997,"Correct","Correct","Correct","Correct"
"1",51,"5_6_stimuli","5_6","Incongruent","Congruent","Incongruent","Incongruent",101.999255,102.199259,"6^",0.866609,"Correct","Correct","Correct","Correct"
"1",52,"7_8_stimuli","8_7","Incongruent","Incongruent","Congruent","Incongruent",103.999236,104.199243,"7&",0.802831,"Correct","Correct","Correct","Correct"
"1",53,"1_2_stimuli","2_2","Congruent","Incongruent","Incongruent","Congruent",105.999227,106.199225,"2@",0.547097,"Correct","Correct","Correct","Correct"
"1",54,"3_4_stimuli","4_4","Congruent","Congruent","Incongruent","Incongruent",107.999212,108.199216,"4$",0.707059,"Correct","Correct","Correct","Correct"
"1",55,"5_6_stimuli","6_5","Incongruent","Congruent","Congruent","Incongruent",109.999194,110.199201,"5%",0.786472,"Correct","Correct","Correct","Correct"
"1",56,"7_8_stimuli","7_7","Congruent","Incongruent","Congruent","Congruent",111.999191,112.199182,"7&",0.674896,"Correct","Correct","Correct","Correct"
"1",57,"1_2_stimuli","2_2","Congruent","Congruent","Incongruent","Congruent",113.999176,114.199171,"2@",0.482496,"Correct","Correct","Correct","Correct"
"1",58,"3_4_stimuli","3_4","Incongruent","Congruent","Congruent","Incongruent",115.999156,116.199157,"4$",0.755147,"Correct","Correct","Correct","Correct"
"1",59,"5_6_stimuli","5_5","Congruent","Incongruent","Congruent","Congruent",117.999147,118.199141,"5%",0.706609,"Correct","Correct","Correct","Correct"
"1",60,"7_8_stimuli","7_8","Incongruent","Congruent","Incongruent","Congruent",119.999134,120.199132,"7&",0.530947,"Error","Correct","Correct","Correct"
"1",61,"1_2_stimuli","1_2","Incongruent","Incongruent","Congruent","Incongruent",121.999116,122.199118,"2@",0.691346,"Correct","Error","Correct","Correct"
"1",62,"3_4_stimuli","3_4","Incongruent","Incongruent","Incongruent","Congruent",123.999099,124.199096,"4$",0.611123,"Correct","Correct","Error","Correct"
"1",63,"5_6_stimuli","6_6","Congruent","Incongruent","Incongruent","Incongruent",125.99908,126.199083,"6^",1.042669,"Correct","Correct","Correct","Error"
"1",64,"7_8_stimuli","8_8","Congruent","Congruent","Incongruent","Incongruent",127.999067,128.19907,"8*",0.610832,"Correct","Correct","Correct","Correct"
"1",65,"1_2_stimuli","1_1","Congruent","Congruent","Congruent","Incongruent",129.99906,130.199058,"1!",0.54713,"Correct","Correct","Correct","Correct"
"1",66,"3_4_stimuli","4_3","Incongruent","Congruent","Congruent","Congruent",131.999046,132.199044,"4$",0.691151,"Error","Correct","Correct","Correct"
"1",67,"5_6_stimuli","5_6","Incongruent","Incongruent","Congruent","Congruent",133.999026,134.199028,"5%",0.690888,"Error","Error","Correct","Correct"
"1",68,"7_8_stimuli","7_8","Incongruent","Incongruent","Incongruent","Congruent",135.999009,136.199014,"8*",0.611199,"Correct","Error","Error","Correct"
"2",1,"1_2_stimuli","1_2","Incongruent",NA,NA,NA,1.999984,2.199985,"2@",0.487138,"Correct",NA,NA,NA
"2",2,"3_4_stimuli","4_4","Congruent","Incongruent",NA,NA,3.999968,4.199979,"4$",0.614765,"Correct","Correct",NA,NA
"2",3,"5_6_stimuli","6_5","Incongruent","Congruent","Incongruent",NA,5.999961,6.199963,"5%",0.454853,"Correct","Correct","Correct",NA
"2",4,"7_8_stimuli","8_8","Congruent","Incongruent","Congruent","Incongruent",7.999942,8.199939,"8*",0.567087,"Correct","Correct","Correct","Correct"
"2",5,"1_2_stimuli","1_1","Congruent","Congruent","Incongruent","Congruent",9.999932,10.199935,"1!",0.438974,"Correct","Correct","Correct","Correct"
"2",6,"3_4_stimuli","3_3","Congruent","Congruent","Congruent","Incongruent",11.99991,12.199915,"3#",0.743351,"Correct","Correct","Correct","Correct"
"2",7,"5_6_stimuli","5_5","Congruent","Congruent","Congruent","Congruent",13.999905,14.199898,"5%",0.69546,"Correct","Correct","Correct","Correct"
"2",8,"7_8_stimuli","8_7","Incongruent","Congruent","Congruent","Congruent",15.999877,16.199892,"7&",0.727628,"Correct","Correct","Correct","Correct"
"2",9,"1_2_stimuli","1_1","Congruent","Incongruent","Congruent","Congruent",17.999877,18.19987,"1!",0.487281,"Correct","Correct","Correct","Correct"
"2",10,"3_4_stimuli","3_4","Incongruent","Congruent","Incongruent","Congruent",19.999859,20.199854,"4$",0.838876,"Correct","Correct","Correct","Correct"
"2",11,"5_6_stimuli","6_6","Congruent","Incongruent","Congruent","Incongruent",21.999842,22.199845,"6^",0.726969,"Correct","Correct","Correct","Correct"
"2",12,"7_8_stimuli","7_8","Incongruent","Congruent","Incongruent","Congruent",23.999825,24.199832,"8*",0.59892,"Correct","Correct","Correct","Correct"
"2",13,"1_2_stimuli","2_2","Congruent","Incongruent","Congruent","Incongruent",25.999824,26.199806,"2@",0.551727,"Correct","Correct","Correct","Correct"
"2",14,"3_4_stimuli","3_3","Congruent","Congruent","Incongruent","Congruent",27.999804,28.199799,"4$",0.583107,"Error","Correct","Correct","Correct"
"2",15,"5_6_stimuli","6_6","Congruent","Congruent","Congruent","Incongruent",29.999792,30.199783,"5%",0.807054,"Error","Error","Correct","Correct"
"2",16,"7_8_stimuli","7_7","Congruent","Congruent","Congruent","Congruent",31.999772,32.199774,"7&",0.58345,"Correct","Error","Error","Correct"
"2",17,"1_2_stimuli","1_2","Incongruent","Congruent","Congruent","Congruent",33.999762,34.199747,"2@",0.743558,"Correct","Correct","Error","Error"
"2",18,"3_4_stimuli","4_4","Congruent","Incongruent","Congruent","Congruent",35.999753,36.199745,"4$",0.759601,"Correct","Correct","Correct","Error"
"2",19,"5_6_stimuli","6_5","Incongruent","Congruent","Incongruent","Congruent",37.999732,38.199725,"5%",0.375185,"Correct","Correct","Correct","Correct"
"2",20,"7_8_stimuli","7_8","Incongruent","Incongruent","Congruent","Incongruent",39.99972,40.199708,"8*",0.759051,"Correct","Correct","Correct","Correct"
"2",21,"1_2_stimuli","2_1","Incongruent","Incongruent","Incongruent","Congruent",41.999697,42.199706,"1!",0.567209,"Correct","Correct","Correct","Correct"
"2",22,"3_4_stimuli","3_3","Congruent","Incongruent","Incongruent","Incongruent",43.999676,44.199699,"3#",0.77557,"Correct","Correct","Correct","Correct"
"2",23,"5_6_stimuli","5_6","Incongruent","Congruent","Incongruent","Incongruent",45.999671,46.199676,"6^",0.919808,"Correct","Correct","Correct","Correct"
"2",24,"7_8_stimuli","8_8","Congruent","Incongruent","Congruent","Incongruent",47.999658,48.199658,"8*",0.631162,"Correct","Correct","Correct","Correct"
"2",25,"1_2_stimuli","2_1","Incongruent","Congruent","Incongruent","Congruent",49.999646,50.19964,"1!",0.567184,"Correct","Correct","Correct","Correct"
"2",26,"3_4_stimuli","4_4","Congruent","Incongruent","Congruent","Incongruent",51.999625,52.199626,"3#",1.319244,"Error","Correct","Correct","Correct"
"2",27,"5_6_stimuli","5_5","Congruent","Congruent","Incongruent","Congruent",53.99962,54.199612,"6^",0.58323,"Error","Error","Correct","Correct"
"2",28,"7_8_stimuli","8_7","Incongruent","Congruent","Congruent","Incongruent",55.999601,56.199607,"7&",0.75985,"Correct","Error","Error","Correct"
"2",29,"1_2_stimuli","2_1","Incongruent","Incongruent","Congruent","Congruent",57.999592,58.199592,"1!",0.487222,"Correct","Correct","Error","Error"
"2",30,"3_4_stimuli","3_3","Congruent","Incongruent","Incongruent","Congruent",59.999565,60.199572,"3#",0.695997,"Correct","Correct","Correct","Error"
"2",31,"5_6_stimuli","6_6","Congruent","Congruent","Incongruent","Incongruent",61.999562,62.199563,"7&",1.111614,"Error","Correct","Correct","Correct"
"2",32,"7_8_stimuli","8_8","Congruent","Congruent","Congruent","Incongruent",63.999542,64.199538,"8*",0.855332,"Correct","Error","Correct","Correct"
"2",33,"1_2_stimuli","2_2","Congruent","Congruent","Congruent","Congruent",65.999537,66.199526,"2@",0.647307,"Correct","Correct","Error","Correct"
"2",34,"3_4_stimuli","4_3","Incongruent","Congruent","Congruent","Congruent",67.999522,68.199509,"3#",0.695259,"Correct","Correct","Correct","Error"
"2",35,"5_6_stimuli","6_5","Incongruent","Incongruent","Congruent","Congruent",69.999505,70.199491,"5%",0.871849,"Correct","Correct","Correct","Correct"
"2",36,"7_8_stimuli","7_8","Incongruent","Incongruent","Incongruent","Congruent",71.99948,72.19949,"8*",0.88784,"Correct","Correct","Correct","Correct"
"2",37,"1_2_stimuli","1_2","Incongruent","Incongruent","Incongruent","Incongruent",73.999475,74.199473,"2@",0.744025,"Correct","Correct","Correct","Correct"
"2",38,"3_4_stimuli","3_4","Incongruent","Incongruent","Incongruent","Incongruent",75.999448,76.199463,"3#",1.047404,"Error","Correct","Correct","Correct"
"2",39,"5_6_stimuli","6_6","Congruent","Incongruent","Incongruent","Incongruent",77.999444,78.199442,"6^",0.920237,"Correct","Error","Correct","Correct"
"2",40,"7_8_stimuli","8_7","Incongruent","Congruent","Incongruent","Incongruent",79.99943,80.199425,"7&",0.663448,"Correct","Correct","Error","Correct"
"2",41,"1_2_stimuli","2_1","Incongruent","Incongruent","Congruent","Incongruent",81.999417,82.199403,"1!",0.647404,"Correct","Correct","Correct","Error"
"2",42,"3_4_stimuli","4_3","Incongruent","Incongruent","Incongruent","Congruent",83.999396,84.199403,"3#",0.775477,"Correct","Correct","Correct","Correct"
"2",43,"5_6_stimuli","6_5","Incongruent","Incongruent","Incongruent","Incongruent",85.999377,86.19938,"6^",1.143827,"Error","Correct","Correct","Correct"
"2",44,"7_8_stimuli","7_7","Congruent","Incongruent","Incongruent","Incongruent",87.999364,88.199363,"8*",0.599988,"Error","Error","Correct","Correct"
"2",45,"1_2_stimuli","1_1","Congruent","Congruent","Incongruent","Incongruent",89.999349,90.19935,"1!",0.568235,"Correct","Error","Error","Correct"
"2",46,"3_4_stimuli","4_3","Incongruent","Congruent","Congruent","Incongruent",91.999338,92.199338,"3#",1.079535,"Correct","Correct","Error","Error"
"2",47,"5_6_stimuli","5_5","Congruent","Incongruent","Congruent","Congruent",93.999322,94.199328,"5%",1.159578,"Correct","Correct","Correct","Error"
"2",48,"7_8_stimuli","8_8","Congruent","Congruent","Incongruent","Congruent",95.999304,96.199305,"8*",0.664069,"Correct","Correct","Correct","Correct"
"2",49,"1_2_stimuli","1_2","Incongruent","Congruent","Congruent","Incongruent",97.999298,98.1993,"2@",0.679598,"Correct","Correct","Correct","Correct"
"2",50,"3_4_stimuli","3_4","Incongruent","Incongruent","Congruent","Congruent",99.999281,100.199276,"4$",1.096324,"Correct","Correct","Correct","Correct"
"2",51,"5_6_stimuli","5_5","Congruent","Incongruent","Incongruent","Congruent",101.999266,102.199252,"5%",0.823533,"Correct","Correct","Correct","Correct"
"2",52,"7_8_stimuli","8_8","Congruent","Congruent","Incongruent","Incongruent",103.999246,104.199245,"8*",1.12779,"Correct","Correct","Correct","Correct"
"2",53,"1_2_stimuli","2_2","Congruent","Congruent","Congruent","Incongruent",105.999238,106.199233,"2@",0.50416,"Correct","Correct","Correct","Correct"
"2",54,"3_4_stimuli","4_4","Congruent","Congruent","Congruent","Congruent",107.999228,108.199223,"3#",0.792345,"Error","Correct","Correct","Correct"
"2",55,"5_6_stimuli","6_5","Incongruent","Congruent","Congruent","Congruent",109.999206,110.199206,"5%",0.791898,"Correct","Error","Correct","Correct"
"2",56,"7_8_stimuli","7_8","Incongruent","Incongruent","Congruent","Congruent",111.999194,112.199189,"8*",0.695699,"Correct","Correct","Error","Correct"
"2",57,"1_2_stimuli","2_2","Congruent","Incongruent","Incongruent","Congruent",113.999179,114.199186,"2@",0.536014,"Correct","Correct","Correct","Error"
"2",58,"3_4_stimuli","4_3","Incongruent","Congruent","Incongruent","Incongruent",115.999165,116.199167,"3#",0.744041,"Correct","Correct","Correct","Correct"
"2",59,"5_6_stimuli","5_6","Incongruent","Incongruent","Congruent","Incongruent",117.999155,118.199145,"5%",1.191657,"Error","Correct","Correct","Correct"
"2",60,"7_8_stimuli","7_7","Congruent","Incongruent","Incongruent","Congruent",119.999141,120.199132,"7&",0.599753,"Correct","Error","Correct","Correct"
"2",61,"1_2_stimuli","1_2","Incongruent","Congruent","Incongruent","Incongruent",121.999129,122.199121,"2@",0.519779,"Correct","Correct","Error","Correct"
"2",62,"3_4_stimuli","3_4","Incongruent","Incongruent","Congruent","Incongruent",123.999113,124.199113,"4$",0.712362,"Correct","Correct","Correct","Error"
"2",63,"5_6_stimuli","5_6","Incongruent","Incongruent","Incongruent","Congruent",125.999096,126.199095,"6^",1.111812,"Correct","Correct","Correct","Correct"
"2",64,"7_8_stimuli","8_7","Incongruent","Incongruent","Incongruent","Incongruent",127.999087,128.199074,"7&",0.983836,"Correct","Correct","Correct","Correct"
"2",65,"1_2_stimuli","1_1","Congruent","Incongruent","Incongruent","Incongruent",129.999068,130.199059,"1!",0.472605,"Correct","Correct","Correct","Correct"
"2",66,"3_4_stimuli","4_4","Congruent","Congruent","Incongruent","Incongruent",131.999051,132.199055,"4$",0.77593,"Correct","Correct","Correct","Correct"
"2",67,"5_6_stimuli","5_6","Incongruent","Congruent","Congruent","Incongruent",133.999036,134.199036,"6^",0.6803,"Correct","Correct","Correct","Correct"
"2",68,"7_8_stimuli","7_7","Congruent","Incongruent","Congruent","Congruent",135.999023,136.199021,"7&",0.584466,"Correct","Correct","Correct","Correct"
"3",1,"1_2_stimuli","2_1","Incongruent",NA,NA,NA,1.999987,2.199978,"1!",0.654788,"Correct",NA,NA,NA
"3",2,"3_4_stimuli","3_4","Incongruent","Incongruent",NA,NA,3.999968,4.199969,"3#",0.654757,"Error","Correct",NA,NA
"3",3,"5_6_stimuli","5_5","Congruent","Incongruent","Incongruent",NA,5.999953,6.199953,"5%",0.543057,"Correct","Error","Correct",NA
"3",4,"7_8_stimuli","8_8","Congruent","Congruent","Incongruent","Incongruent",7.99994,8.19994,"8*",0.527102,"Correct","Correct","Error","Correct"
"3",5,"1_2_stimuli","2_1","Incongruent","Congruent","Congruent","Incongruent",9.999927,10.199928,"1!",0.575215,"Correct","Correct","Correct","Error"
"3",6,"3_4_stimuli","4_4","Congruent","Incongruent","Congruent","Congruent",11.999902,12.199909,"4$",0.73526,"Correct","Correct","Correct","Correct"
"3",7,"5_6_stimuli","6_5","Incongruent","Congruent","Incongruent","Congruent",13.999893,14.199895,"5%",0.671072,"Correct","Correct","Correct","Correct"
"3",8,"7_8_stimuli","7_8","Incongruent","Incongruent","Congruent","Incongruent",15.999884,16.199883,"8*",0.623445,"Correct","Correct","Correct","Correct"
"3",9,"1_2_stimuli","2_2","Congruent","Incongruent","Incongruent","Congruent",17.999865,18.199867,"2@",0.654658,"Correct","Correct","Correct","Correct"
"3",10,"3_4_stimuli","3_3","Congruent","Congruent","Incongruent","Incongruent",19.999857,20.199854,"3#",0.622788,"Correct","Correct","Correct","Correct"
"3",11,"5_6_stimuli","6_5","Incongruent","Congruent","Congruent","Incongruent",21.999841,22.199835,"5%",0.3987,"Correct","Correct","Correct","Correct"
"3",12,"7_8_stimuli","8_8","Congruent","Incongruent","Congruent","Congruent",23.999833,24.199819,"8*",0.574748,"Correct","Correct","Correct","Correct"
"3",13,"1_2_stimuli","1_2","Incongruent","Congruent","Incongruent","Congruent",25.999807,26.199803,"2@",0.542787,"Correct","Correct","Correct","Correct"
"3",14,"3_4_stimuli","3_3","Congruent","Incongruent","Congruent","Incongruent",27.999794,28.199789,"3#",0.750959,"Correct","Correct","Correct","Correct"
"3",15,"5_6_stimuli","5_5","Congruent","Congruent","Incongruent","Congruent",29.999777,30.199778,"5%",0.558823,"Correct","Correct","Correct","Correct"
"3",16,"7_8_stimuli","7_8","Incongruent","Congruent","Congruent","Incongruent",31.999765,32.199766,"8*",0.527151,"Correct","Correct","Correct","Correct"
"3",17,"1_2_stimuli","1_2","Incongruent","Incongruent","Congruent","Congruent",33.999756,34.19975,"2@",0.511194,"Correct","Correct","Correct","Correct"
"3",18,"3_4_stimuli","3_3","Congruent","Incongruent","Incongruent","Congruent",35.99974,36.19973,"3#",0.575293,"Correct","Correct","Correct","Correct"
"3",19,"5_6_stimuli","5_6","Incongruent","Congruent","Incongruent","Incongruent",37.999723,38.199731,"6^",0.991219,"Correct","Correct","Correct","Correct"
"3",20,"7_8_stimuli","7_7","Congruent","Incongruent","Congruent","Incongruent",39.999708,40.199708,"7&",0.655144,"Correct","Correct","Correct","Correct"
"3",21,"1_2_stimuli","1_1","Congruent","Congruent","Incongruent","Congruent",41.999688,42.199688,"1!",0.592197,"Correct","Correct","Correct","Correct"
"3",22,"3_4_stimuli","4_4","Congruent","Congruent","Congruent","Incongruent",43.999687,44.199686,"3#",0.751271,"Error","Correct","Correct","Correct"
"3",23,"5_6_stimuli","5_6","Incongruent","Congruent","Congruent","Congruent",45.999672,46.199669,"5%",0.719655,"Error","Error","Correct","Correct"
"3",24,"7_8_stimuli","7_8","Incongruent","Incongruent","Congruent","Congruent",47.999655,48.199649,"8*",0.766915,"Correct","Error","Error","Correct"
"3",25,"1_2_stimuli","2_1","Incongruent","Incongruent","Incongruent","Congruent",49.999646,50.199636,"1!",0.686977,"Correct","Correct","Error","Error"
"3",26,"3_4_stimuli","3_3","Congruent","Incongruent","Incongruent","Incongruent",51.999625,52.199625,"3#",0.703032,"Correct","Correct","Correct","Error"
"3",27,"5_6_stimuli","6_6","Congruent","Congruent","Incongruent","Incongruent",53.999609,54.199596,"6^",0.89558,"Correct","Correct","Correct","Correct"
"3",28,"7_8_stimuli","7_7","Congruent","Congruent","Congruent","Incongruent",55.999592,56.199599,"7&",0.55957,"Correct","Correct","Correct","Correct"
"3",29,"1_2_stimuli","1_1","Congruent","Congruent","Congruent","Congruent",57.999576,58.199583,"1!",0.495735,"Correct","Correct","Correct","Correct"
"3",30,"3_4_stimuli","4_4","Congruent","Congruent","Congruent","Congruent",59.99955,60.199561,"3#",0.591648,"Error","Correct","Correct","Correct"
"3",31,"5_6_stimuli","5_5","Congruent","Congruent","Congruent","Congruent",61.999542,62.199551,"5%",0.719398,"Correct","Error","Correct","Correct"
"3",32,"7_8_stimuli","7_7","Congruent","Congruent","Congruent","Congruent",63.999539,64.199535,"7&",1.343672,"Correct","Correct","Error","Correct"
"3",33,"1_2_stimuli","1_2","Incongruent","Congruent","Congruent","Congruent",65.999527,66.199527,"2@",0.719366,"Correct","Correct","Correct","Error"
"3",34,"3_4_stimuli","4_3","Incongruent","Incongruent","Congruent","Congruent",67.999514,68.19951,"3#",0.607574,"Correct","Correct","Correct","Correct"
"3",35,"5_6_stimuli","6_5","Incongruent","Incongruent","Incongruent","Congruent",69.999498,70.199489,"5%",0.703545,"Correct","Correct","Correct","Correct"
"3",36,"7_8_stimuli","8_8","Congruent","Incongruent","Incongruent","Incongruent",71.999484,72.199482,"8*",0.511159,"Correct","Correct","Correct","Correct"
"3",37,"1_2_stimuli","1_1","Congruent","Congruent","Incongruent","Incongruent",73.999462,74.19947,"1!",0.559551,"Correct","Correct","Correct","Correct"
"3",38,"3_4_stimuli","4_3","Incongruent","Congruent","Congruent","Incongruent",75.999459,76.19945,"3#",0.687443,"Correct","Correct","Correct","Correct"
"3",39,"5_6_stimuli","6_6","Congruent","Incongruent","Congruent","Congruent",77.999442,78.199432,"6^",0.895128,"Correct","Correct","Correct","Correct"
"3",40,"7_8_stimuli","8_7","Incongruent","Congruent","Incongruent","Congruent",79.999423,80.199422,"7&",0.68771,"Correct","Correct","Correct","Correct"
"3",41,"1_2_stimuli","2_1","Incongruent","Incongruent","Congruent","Incongruent",81.999406,82.199405,"1!",0.687659,"Correct","Correct","Correct","Correct"
"3",42,"3_4_stimuli","4_3","Incongruent","Incongruent","Incongruent","Congruent",83.999397,84.199388,"3#",0.70322,"Correct","Correct","Correct","Correct"
"3",43,"5_6_stimuli","5_5","Congruent","Incongruent","Incongruent","Incongruent",85.999377,86.199376,"6^",0.815191,"Error","Correct","Correct","Correct"
"3",44,"7_8_stimuli","8_7","Incongruent","Congruent","Incongruent","Incongruent",87.999367,88.199368,"7&",0.639829,"Correct","Error","Correct","Correct"
"3",45,"1_2_stimuli","2_2","Congruent","Incongruent","Congruent","Incongruent",89.999355,90.199342,"2@",0.975309,"Correct","Correct","Error","Correct"
"3",46,"3_4_stimuli","4_4","Congruent","Congruent","Incongruent","Congruent",91.999336,92.199345,"4$",1.008077,"Correct","Correct","Correct","Error"
"3",47,"5_6_stimuli","5_5","Congruent","Congruent","Congruent","Incongruent",93.999325,94.199317,"5%",0.415347,"Correct","Correct","Correct","Correct"
"3",48,"7_8_stimuli","8_7","Incongruent","Congruent","Congruent","Congruent",95.999308,96.199299,"7&",0.655756,"Correct","Correct","Correct","Correct"
"3",49,"1_2_stimuli","2_2","Congruent","Incongruent","Congruent","Congruent",97.999292,98.199286,"2@",0.687361,"Correct","Correct","Correct","Correct"
"3",50,"3_4_stimuli","3_4","Incongruent","Congruent","Incongruent","Congruent",99.999275,100.199277,"3#",0.60737,"Error","Correct","Correct","Correct"
"3",51,"5_6_stimuli","6_5","Incongruent","Incongruent","Congruent","Incongruent",101.999268,102.199257,"5%",0.847738,"Correct","Error","Correct","Correct"
"3",52,"7_8_stimuli","8_7","Incongruent","Incongruent","Incongruent","Congruent",103.999244,104.199244,"7&",0.84795,"Correct","Correct","Error","Correct"
"3",53,"1_2_stimuli","2_1","Incongruent","Incongruent","Incongruent","Incongruent",105.999226,106.199234,"1!",0.528641,"Correct","Correct","Correct","Error"
"3",54,"3_4_stimuli","4_3","Incongruent","Incongruent","Incongruent","Incongruent",107.99922,108.199221,"3#",0.7199,"Correct","Correct","Correct","Correct"
"3",55,"5_6_stimuli","5_6","Incongruent","Incongruent","Incongruent","Incongruent",109.999204,110.1992,"6^",0.847595,"Correct","Correct","Correct","Correct"
"3",56,"7_8_stimuli","7_8","Incongruent","Incongruent","Incongruent","Incongruent",111.999186,112.199187,"8*",0.73551,"Correct","Correct","Correct","Correct"
"3",57,"1_2_stimuli","2_2","Congruent","Incongruent","Incongruent","Incongruent",113.999175,114.199168,"2@",0.607525,"Correct","Correct","Correct","Correct"
"3",58,"3_4_stimuli","3_4","Incongruent","Congruent","Incongruent","Incongruent",115.999172,116.199157,"4$",1.407668,"Correct","Correct","Correct","Correct"
"3",59,"5_6_stimuli","6_6","Congruent","Incongruent","Congruent","Incongruent",117.999147,118.19914,"6^",0.799959,"Correct","Correct","Correct","Correct"
"3",60,"7_8_stimuli","8_8","Congruent","Congruent","Incongruent","Congruent",119.99913,120.199124,"8*",0.591569,"Correct","Correct","Correct","Correct"
"3",61,"1_2_stimuli","1_1","Congruent","Congruent","Congruent","Incongruent",121.999113,122.19912,"1!",0.447543,"Correct","Correct","Correct","Correct"
"3",62,"3_4_stimuli","3_4","Incongruent","Congruent","Congruent","Congruent",123.999101,124.199102,"4$",0.847996,"Correct","Correct","Correct","Correct"
"3",63,"5_6_stimuli","5_6","Incongruent","Incongruent","Congruent","Congruent",125.999091,126.199088,"6^",0.751592,"Correct","Correct","Correct","Correct"
"3",64,"7_8_stimuli","8_8","Congruent","Incongruent","Incongruent","Congruent",127.999078,128.199072,"8*",0.672121,"Correct","Correct","Correct","Correct"
"3",65,"1_2_stimuli","1_2","Incongruent","Congruent","Incongruent","Incongruent",129.999062,130.199065,"2@",0.624411,"Correct","Correct","Correct","Correct"
"3",66,"3_4_stimuli","3_4","Incongruent","Incongruent","Congruent","Incongruent",131.999042,132.199045,"4$",0.847732,"Correct","Correct","Correct","Correct"
"3",67,"5_6_stimuli","6_6","Congruent","Incongruent","Incongruent","Congruent",133.999024,134.199026,"6^",1.088784,"Correct","Correct","Correct","Correct"
"3",68,"7_8_stimuli","7_7","Congruent","Congruent","Incongruent","Incongruent",135.999024,136.199022,"7&",1.135678,"Correct","Correct","Correct","Correct"
"4",1,"1_2_stimuli","1_2","Incongruent",NA,NA,NA,1.999974,2.199981,"2@",0.682019,"Correct",NA,NA,NA
"4",2,"3_4_stimuli","3_3","Congruent","Incongruent",NA,NA,3.999971,4.19996,"3#",0.602203,"Correct","Correct",NA,NA
"4",3,"5_6_stimuli","5_6","Incongruent","Congruent","Incongruent",NA,5.999949,6.199958,"6^",0.87377,"Correct","Correct","Correct",NA
"4",4,"7_8_stimuli","7_8","Incongruent","Incongruent","Congruent","Incongruent",7.999944,8.199933,"8*",0.61796,"Correct","Correct","Correct","Correct"
"4",5,"1_2_stimuli","2_1","Incongruent","Incongruent","Incongruent","Congruent",9.999927,10.199919,"1!",0.457808,"Correct","Correct","Correct","Correct"
"4",6,"3_4_stimuli","4_4","Congruent","Incongruent","Incongruent","Incongruent",11.99991,12.19991,"4$",0.409863,"Correct","Correct","Correct","Correct"
"4",7,"5_6_stimuli","6_6","Congruent","Congruent","Incongruent","Incongruent",13.999889,14.199892,"6^",0.777819,"Correct","Correct","Correct","Correct"
"4",8,"7_8_stimuli","8_7","Incongruent","Congruent","Congruent","Incongruent",15.999877,16.199879,"7&",0.698416,"Correct","Correct","Correct","Correct"
"4",9,"1_2_stimuli","1_1","Congruent","Incongruent","Congruent","Congruent",17.999864,18.199854,"1!",0.522377,"Correct","Correct","Correct","Correct"
"4",10,"3_4_stimuli","4_3","Incongruent","Congruent","Incongruent","Congruent",19.999859,20.199849,"3#",0.602236,"Correct","Correct","Correct","Correct"
"4",11,"5_6_stimuli","6_5","Incongruent","Incongruent","Congruent","Incongruent",21.999839,22.19983,"5%",0.457959,"Correct","Correct","Correct","Correct"
"4",12,"7_8_stimuli","8_8","Congruent","Incongruent","Incongruent","Congruent",23.999824,24.199822,"8*",0.569847,"Correct","Correct","Correct","Correct"
"4",13,"1_2_stimuli","1_2","Incongruent","Congruent","Incongruent","Incongruent",25.99981,26.199814,"2@",0.826409,"Correct","Correct","Correct","Correct"
"4",14,"3_4_stimuli","3_3","Congruent","Incongruent","Congruent","Incongruent",27.999789,28.19979,"3#",0.489988,"Correct","Correct","Correct","Correct"
"4",15,"5_6_stimuli","6_6","Congruent","Congruent","Incongruent","Congruent",29.999778,30.199777,"7&",0.761897,"Error","Correct","Correct","Correct"
"4",16,"7_8_stimuli","7_7","Congruent","Congruent","Congruent","Incongruent",31.999767,32.199772,"7&",0.490686,"Correct","Error","Correct","Correct"
"4",17,"1_2_stimuli","2_1","Incongruent","Congruent","Congruent","Congruent",33.99975,34.199756,"1!",0.649923,"Correct","Correct","Error","Correct"
"4",18,"3_4_stimuli","3_4","Incongruent","Incongruent","Congruent","Congruent",35.999736,36.199735,"3#",1.306199,"Error","Correct","Correct","Error"
"4",19,"5_6_stimuli","5_5","Congruent","Incongruent","Incongruent","Congruent",37.999721,38.199715,"4$",0.522081,"Error","Error","Correct","Correct"
"4",20,"7_8_stimuli","8_7","Incongruent","Congruent","Incongruent","Incongruent",39.999711,40.1997,"Omission",5000,"Omission","Error","Error","Correct"
"4",21,"1_2_stimuli","2_1","Incongruent","Incongruent","Congruent","Incongruent",41.999692,42.199695,"1!",0.570671,"Correct","Omission","Error","Error"
"4",22,"3_4_stimuli","3_4","Incongruent","Incongruent","Incongruent","Congruent",43.999688,44.199685,"3#",0.618067,"Error","Correct","Omission","Error"
"4",23,"5_6_stimuli","6_6","Congruent","Incongruent","Incongruent","Incongruent",45.999661,46.199667,"7&",0.986107,"Error","Error","Correct","Omission"
"4",24,"7_8_stimuli","7_7","Congruent","Congruent","Incongruent","Incongruent",47.999649,48.199656,"7&",0.650097,"Correct","Error","Error","Correct"
"4",25,"1_2_stimuli","2_1","Incongruent","Congruent","Congruent","Incongruent",49.999643,50.19964,"1!",0.522692,"Correct","Correct","Error","Error"
"4",26,"3_4_stimuli","3_3","Congruent","Incongruent","Congruent","Congruent",51.999629,52.19962,"3#",0.746273,"Correct","Correct","Correct","Error"
"4",27,"5_6_stimuli","5_6","Incongruent","Congruent","Incongruent","Congruent",53.999608,54.199602,"6^",1.418083,"Correct","Correct","Correct","Correct"
"4",28,"7_8_stimuli","7_8","Incongruent","Incongruent","Congruent","Incongruent",55.999588,56.199586,"8*",0.682485,"Correct","Correct","Correct","Correct"
"4",29,"1_2_stimuli","1_1","Congruent","Incongruent","Incongruent","Congruent",57.999579,58.199583,"1!",0.490692,"Correct","Correct","Correct","Correct"
"4",30,"3_4_stimuli","4_3","Incongruent","Congruent","Incongruent","Incongruent",59.999564,60.199554,"3#",0.698683,"Correct","Correct","Correct","Correct"
"4",31,"5_6_stimuli","5_5","Congruent","Incongruent","Congruent","Incongruent",61.999557,62.199556,"5%",0.922596,"Correct","Correct","Correct","Correct"
"4",32,"7_8_stimuli","7_8","Incongruent","Congruent","Incongruent","Congruent",63.999531,64.199533,"8*",0.634261,"Correct","Correct","Correct","Correct"
"4",33,"1_2_stimuli","2_2","Congruent","Incongruent","Congruent","Incongruent",65.999525,66.199527,"2@",0.586248,"Correct","Correct","Correct","Correct"
"4",34,"3_4_stimuli","4_4","Congruent","Congruent","Incongruent","Congruent",67.999508,68.199513,"4$",0.650706,"Correct","Correct","Correct","Correct"
"4",35,"5_6_stimuli","6_5","Incongruent","Congruent","Congruent","Incongruent",69.999498,70.199488,"5%",0.458802,"Correct","Correct","Correct","Correct"
"4",36,"7_8_stimuli","8_8","Congruent","Incongruent","Congruent","Congruent",71.999478,72.199474,"8*",0.554222,"Correct","Correct","Correct","Correct"
"4",37,"1_2_stimuli","2_2","Congruent","Congruent","Incongruent","Congruent",73.999468,74.199454,"2@",0.762318,"Correct","Correct","Correct","Correct"
"4",38,"3_4_stimuli","3_4","Incongruent","Congruent","Congruent","Incongruent",75.999448,76.199444,"4$",0.746729,"Correct","Correct","Correct","Correct"
"4",39,"5_6_stimuli","5_5","Congruent","Incongruent","Congruent","Congruent",77.999437,78.199437,"5%",0.394827,"Correct","Correct","Correct","Correct"
"4",40,"7_8_stimuli","7_7","Congruent","Congruent","Incongruent","Congruent",79.999418,80.199412,"7&",0.73042,"Correct","Correct","Correct","Correct"
"4",41,"1_2_stimuli","1_1","Congruent","Congruent","Congruent","Incongruent",81.999405,82.199398,"1!",0.554275,"Correct","Correct","Correct","Correct"
"4",42,"3_4_stimuli","4_3","Incongruent","Congruent","Congruent","Congruent",83.999393,84.199383,"3#",0.571077,"Correct","Correct","Correct","Correct"
"4",43,"5_6_stimuli","6_5","Incongruent","Incongruent","Congruent","Congruent",85.99938,86.199368,"5%",1.051345,"Correct","Correct","Correct","Correct"
"4",44,"7_8_stimuli","8_7","Incongruent","Incongruent","Incongruent","Congruent",87.999358,88.199354,"7&",1.22639,"Correct","Correct","Correct","Correct"
"4",45,"1_2_stimuli","2_2","Congruent","Incongruent","Incongruent","Incongruent",89.999348,90.199354,"2@",0.570448,"Correct","Correct","Correct","Correct"
"4",46,"3_4_stimuli","4_4","Congruent","Congruent","Incongruent","Incongruent",91.999333,92.19933,"3#",0.634449,"Error","Correct","Correct","Correct"
"4",47,"5_6_stimuli","5_5","Congruent","Congruent","Congruent","Incongruent",93.999318,94.199314,"5%",0.538478,"Correct","Error","Correct","Correct"
"4",48,"7_8_stimuli","8_7","Incongruent","Congruent","Congruent","Congruent",95.999306,96.199311,"7&",0.682658,"Correct","Correct","Error","Correct"
"4",49,"1_2_stimuli","1_2","Incongruent","Incongruent","Congruent","Congruent",97.999285,98.199284,"3#",0.698521,"Error","Correct","Correct","Error"
"4",50,"3_4_stimuli","4_4","Congruent","Incongruent","Incongruent","Congruent",99.999274,100.199267,"1!",0.60324,"Error","Error","Correct","Correct"
"4",51,"5_6_stimuli","5_6","Incongruent","Congruent","Incongruent","Incongruent",101.999261,102.199256,"6^",1.050852,"Correct","Error","Error","Correct"
"4",52,"7_8_stimuli","8_8","Congruent","Incongruent","Congruent","Incongruent",103.999246,104.199238,"8*",0.731178,"Correct","Correct","Error","Error"
"4",53,"1_2_stimuli","1_2","Incongruent","Congruent","Incongruent","Congruent",105.999234,106.199231,"2@",0.730654,"Correct","Correct","Correct","Error"
"4",54,"3_4_stimuli","3_4","Incongruent","Incongruent","Congruent","Incongruent",107.999221,108.199219,"4$",0.730577,"Correct","Correct","Correct","Correct"
"4",55,"5_6_stimuli","5_6","Incongruent","Incongruent","Incongruent","Congruent",109.999211,110.199196,"6^",1.115034,"Correct","Correct","Correct","Correct"
"4",56,"7_8_stimuli","7_8","Incongruent","Incongruent","Incongruent","Incongruent",111.999186,112.199188,"8*",1.130669,"Correct","Correct","Correct","Correct"
"4",57,"1_2_stimuli","1_2","Incongruent","Incongruent","Incongruent","Incongruent",113.999171,114.199179,"2@",0.443173,"Correct","Correct","Correct","Correct"
"4",58,"3_4_stimuli","4_3","Incongruent","Incongruent","Incongruent","Incongruent",115.999156,116.199165,"3#",0.635221,"Correct","Correct","Correct","Correct"
"4",59,"5_6_stimuli","6_5","Incongruent","Incongruent","Incongruent","Incongruent",117.99915,118.199144,"5%",1.163065,"Correct","Correct","Correct","Correct"
"4",60,"7_8_stimuli","8_8","Congruent","Incongruent","Incongruent","Incongruent",119.999133,120.19913,"8*",0.506684,"Correct","Correct","Correct","Correct"
"4",61,"1_2_stimuli","2_2","Congruent","Congruent","Incongruent","Incongruent",121.999107,122.199108,"2@",0.651505,"Correct","Correct","Correct","Correct"
"4",62,"3_4_stimuli","3_3","Congruent","Congruent","Congruent","Incongruent",123.999111,124.199096,"3#",0.634793,"Correct","Correct","Correct","Correct"
"4",63,"5_6_stimuli","6_6","Congruent","Congruent","Congruent","Congruent",125.999084,126.199091,"6^",0.843364,"Correct","Correct","Correct","Correct"
"4",64,"7_8_stimuli","7_7","Congruent","Congruent","Congruent","Congruent",127.999076,128.199067,"7&",0.763146,"Correct","Correct","Correct","Correct"
"4",65,"1_2_stimuli","1_1","Congruent","Congruent","Congruent","Congruent",129.999067,130.199058,"1!",0.634993,"Correct","Correct","Correct","Correct"
"4",66,"3_4_stimuli","3_3","Congruent","Congruent","Congruent","Congruent",131.999046,132.199047,"3#",0.571357,"Correct","Correct","Correct","Correct"
"4",67,"5_6_stimuli","5_6","Incongruent","Congruent","Congruent","Congruent",133.999031,134.199028,"6^",1.066729,"Correct","Correct","Correct","Correct"
"4",68,"7_8_stimuli","7_8","Incongruent","Incongruent","Congruent","Congruent",135.999019,136.199028,"8*",0.618742,"Correct","Correct","Correct","Correct"
"5",1,"1_2_stimuli","1_1","Congruent",NA,NA,NA,2.000471,2.200455,"1!",0.477238,"Correct",NA,NA,NA
"5",2,"3_4_stimuli","4_4","Congruent","Congruent",NA,NA,4.000455,4.20045,"4$",0.87695,"Correct","Correct",NA,NA
"5",3,"5_6_stimuli","5_6","Incongruent","Congruent","Congruent",NA,6.000441,6.200432,"6^",0.653702,"Correct","Correct","Correct",NA
"5",4,"7_8_stimuli","8_7","Incongruent","Incongruent","Congruent","Congruent",8.000421,8.200423,"7&",0.669619,"Correct","Correct","Correct","Correct"
"5",5,"1_2_stimuli","2_1","Incongruent","Incongruent","Incongruent","Congruent",10.00041,10.200405,"1!",0.461495,"Correct","Correct","Correct","Correct"
"5",6,"3_4_stimuli","4_4","Congruent","Incongruent","Incongruent","Incongruent",12.000387,12.20039,"4$",0.669519,"Correct","Correct","Correct","Correct"
"5",7,"5_6_stimuli","6_5","Incongruent","Congruent","Incongruent","Incongruent",14.000382,14.200381,"5%",0.477502,"Correct","Correct","Correct","Correct"
"5",8,"7_8_stimuli","8_8","Congruent","Incongruent","Congruent","Incongruent",16.000358,16.200367,"8*",0.541742,"Correct","Correct","Correct","Correct"
"5",9,"1_2_stimuli","2_2","Congruent","Congruent","Incongruent","Congruent",18.000343,18.200346,"2@",0.541631,"Correct","Correct","Correct","Correct"
"5",10,"3_4_stimuli","3_3","Congruent","Congruent","Congruent","Incongruent",20.000335,20.200337,"3#",0.717345,"Correct","Correct","Correct","Correct"
"5",11,"5_6_stimuli","6_6","Congruent","Congruent","Congruent","Congruent",22.000314,22.200325,"6^",1.069043,"Correct","Correct","Correct","Correct"
"5",12,"7_8_stimuli","7_8","Incongruent","Congruent","Congruent","Congruent",24.000302,24.20031,"8*",0.637135,"Correct","Correct","Correct","Correct"
"5",13,"1_2_stimuli","1_1","Congruent","Incongruent","Congruent","Congruent",26.000297,26.200291,"1!",0.49379,"Correct","Correct","Correct","Correct"
"5",14,"3_4_stimuli","3_4","Incongruent","Congruent","Incongruent","Congruent",28.000284,28.200271,"3#",0.653545,"Error","Correct","Correct","Correct"
"5",15,"5_6_stimuli","5_6","Incongruent","Incongruent","Congruent","Incongruent",30.000259,30.200267,"6^",0.797353,"Correct","Error","Correct","Correct"
"5",16,"7_8_stimuli","8_8","Congruent","Incongruent","Incongruent","Congruent",32.000249,32.200242,"8*",0.605722,"Correct","Correct","Error","Correct"
"5",17,"1_2_stimuli","2_1","Incongruent","Congruent","Incongruent","Incongruent",34.000229,34.200233,"1!",0.525823,"Correct","Correct","Correct","Error"
"5",18,"3_4_stimuli","4_4","Congruent","Incongruent","Congruent","Incongruent",36.00022,36.200221,"4$",0.733198,"Correct","Correct","Correct","Correct"
"5",19,"5_6_stimuli","5_5","Congruent","Congruent","Incongruent","Congruent",38.000213,38.200207,"5%",0.637457,"Correct","Correct","Correct","Correct"
"5",20,"7_8_stimuli","7_7","Congruent","Congruent","Congruent","Incongruent",40.000194,40.200186,"7&",1.02165,"Correct","Correct","Correct","Correct"
"5",21,"1_2_stimuli","2_2","Congruent","Congruent","Congruent","Congruent",42.000187,42.20018,"2@",0.781507,"Correct","Correct","Correct","Correct"
"5",22,"3_4_stimuli","4_4","Congruent","Congruent","Congruent","Congruent",44.000168,44.200164,"4$",0.605298,"Correct","Correct","Correct","Correct"
"5",23,"5_6_stimuli","6_5","Incongruent","Congruent","Congruent","Congruent",46.00016,46.200147,"5%",0.685772,"Correct","Correct","Correct","Correct"
"5",24,"7_8_stimuli","8_8","Congruent","Incongruent","Congruent","Congruent",48.000139,48.200137,"8*",0.493812,"Correct","Correct","Correct","Correct"
"5",25,"1_2_stimuli","2_1","Incongruent","Congruent","Incongruent","Congruent",50.000127,50.200121,"1!",0.461622,"Correct","Correct","Correct","Correct"
"5",26,"3_4_stimuli","3_4","Incongruent","Incongruent","Congruent","Incongruent",52.000108,52.20011,"4$",0.878377,"Correct","Correct","Correct","Correct"
"5",27,"5_6_stimuli","6_6","Congruent","Incongruent","Incongruent","Congruent",54.000099,54.200091,"6^",0.942126,"Correct","Correct","Correct","Correct"
"5",28,"7_8_stimuli","7_7","Congruent","Congruent","Incongruent","Incongruent",56.000078,56.200077,"7&",0.781328,"Correct","Correct","Correct","Correct"
"5",29,"1_2_stimuli","1_1","Congruent","Congruent","Congruent","Incongruent",58.000067,58.20007,"1!",0.397816,"Correct","Correct","Correct","Correct"
"5",30,"3_4_stimuli","4_3","Incongruent","Congruent","Congruent","Congruent",60.000044,60.200057,"3#",1.005382,"Correct","Correct","Correct","Correct"
"5",31,"5_6_stimuli","5_6","Incongruent","Incongruent","Congruent","Congruent",62.000027,62.200041,"6^",0.957431,"Correct","Correct","Correct","Correct"
"5",32,"7_8_stimuli","8_7","Incongruent","Incongruent","Incongruent","Congruent",64.000023,64.200025,"7&",0.701797,"Correct","Correct","Correct","Correct"
"5",33,"1_2_stimuli","1_2","Incongruent","Incongruent","Incongruent","Incongruent",66.000013,66.200006,"2@",0.621596,"Correct","Correct","Correct","Correct"
"5",34,"3_4_stimuli","4_3","Incongruent","Incongruent","Incongruent","Incongruent",67.999986,68.199999,"3#",0.829635,"Correct","Correct","Correct","Correct"
"5",35,"5_6_stimuli","6_5","Incongruent","Incongruent","Incongruent","Incongruent",69.999982,70.199972,"5%",0.942028,"Correct","Correct","Correct","Correct"
"5",36,"7_8_stimuli","7_7","Congruent","Incongruent","Incongruent","Incongruent",71.999969,72.19996,"7&",0.654198,"Correct","Correct","Correct","Correct"
"5",37,"1_2_stimuli","2_2","Congruent","Congruent","Incongruent","Incongruent",73.999945,74.199951,"2@",0.414123,"Correct","Correct","Correct","Correct"
"5",38,"3_4_stimuli","4_3","Incongruent","Congruent","Congruent","Incongruent",75.999934,76.199942,"3#",0.765656,"Correct","Correct","Correct","Correct"
"5",39,"5_6_stimuli","5_5","Congruent","Incongruent","Congruent","Congruent",77.999918,78.199926,"5%",0.589534,"Correct","Correct","Correct","Correct"
"5",40,"7_8_stimuli","7_7","Congruent","Congruent","Incongruent","Congruent",79.999913,80.199908,"7&",0.590082,"Correct","Correct","Correct","Correct"
"5",41,"1_2_stimuli","2_1","Incongruent","Congruent","Congruent","Incongruent",81.999901,82.199901,"1!",0.573991,"Correct","Correct","Correct","Correct"
"5",42,"3_4_stimuli","3_4","Incongruent","Incongruent","Congruent","Congruent",83.999885,84.199889,"4$",0.749499,"Correct","Correct","Correct","Correct"
"5",43,"5_6_stimuli","5_6","Incongruent","Incongruent","Incongruent","Congruent",85.999865,86.199865,"5%",0.557614,"Error","Correct","Correct","Correct"
"5",44,"7_8_stimuli","8_7","Incongruent","Incongruent","Incongruent","Incongruent",87.999856,88.199852,"7&",0.734257,"Correct","Error","Correct","Correct"
"5",45,"1_2_stimuli","1_1","Congruent","Incongruent","Incongruent","Incongruent",89.999832,90.199836,"1!",0.557673,"Correct","Correct","Error","Correct"
"5",46,"3_4_stimuli","3_3","Congruent","Congruent","Incongruent","Incongruent",91.999821,92.199828,"3#",0.910135,"Correct","Correct","Correct","Error"
"5",47,"5_6_stimuli","5_6","Incongruent","Congruent","Congruent","Incongruent",93.999813,94.199809,"6^",0.86167,"Correct","Correct","Correct","Correct"
"5",48,"7_8_stimuli","7_8","Incongruent","Incongruent","Congruent","Congruent",95.99979,96.199798,"8*",0.638215,"Correct","Correct","Correct","Correct"
"5",49,"1_2_stimuli","1_1","Congruent","Incongruent","Incongruent","Congruent",97.999786,98.199782,"1!",0.381867,"Correct","Correct","Correct","Correct"
"5",50,"3_4_stimuli","3_4","Incongruent","Congruent","Incongruent","Incongruent",99.999773,100.199775,"4$",0.68577,"Correct","Correct","Correct","Correct"
"5",51,"5_6_stimuli","6_6","Congruent","Incongruent","Congruent","Incongruent",101.999749,102.199751,"6^",0.846182,"Correct","Correct","Correct","Correct"
"5",52,"7_8_stimuli","8_7","Incongruent","Congruent","Incongruent","Congruent",103.999741,104.199742,"Omission",5000,"Omission","Correct","Correct","Correct"
"5",53,"1_2_stimuli","1_2","Incongruent","Incongruent","Congruent","Incongruent",105.999728,106.199723,"2@",0.509796,"Correct","Omission","Correct","Correct"
"5",54,"3_4_stimuli","3_3","Congruent","Incongruent","Incongruent","Congruent",107.999719,108.199707,"3#",0.766479,"Correct","Correct","Omission","Correct"
"5",55,"5_6_stimuli","6_6","Congruent","Congruent","Incongruent","Incongruent",109.999705,110.199695,"7&",0.9264,"Error","Correct","Correct","Omission"
"5",56,"7_8_stimuli","7_8","Incongruent","Congruent","Congruent","Incongruent",111.999683,112.199677,"8*",0.637833,"Correct","Error","Correct","Correct"
"5",57,"1_2_stimuli","1_2","Incongruent","Incongruent","Congruent","Congruent",113.999668,114.199658,"2@",0.526359,"Correct","Correct","Error","Correct"
"5",58,"3_4_stimuli","4_3","Incongruent","Incongruent","Incongruent","Congruent",115.999651,116.199643,"3#",0.718288,"Correct","Correct","Correct","Error"
"5",59,"5_6_stimuli","5_5","Congruent","Incongruent","Incongruent","Incongruent",117.999644,118.199645,"5%",0.606186,"Correct","Correct","Correct","Correct"
"5",60,"7_8_stimuli","7_8","Incongruent","Congruent","Incongruent","Incongruent",119.99963,120.199626,"8*",0.862488,"Correct","Correct","Correct","Correct"
"5",61,"1_2_stimuli","2_2","Congruent","Incongruent","Congruent","Incongruent",121.999615,122.199611,"2@",0.573801,"Correct","Correct","Correct","Correct"
"5",62,"3_4_stimuli","4_4","Congruent","Congruent","Incongruent","Congruent",123.9996,124.199603,"4$",0.654347,"Correct","Correct","Correct","Correct"
"5",63,"5_6_stimuli","5_5","Congruent","Congruent","Congruent","Incongruent",125.999585,126.199576,"5%",0.766495,"Correct","Correct","Correct","Correct"
"5",64,"7_8_stimuli","8_8","Congruent","Congruent","Congruent","Congruent",127.999575,128.199565,"8*",0.558589,"Correct","Correct","Correct","Correct"
"5",65,"1_2_stimuli","1_2","Incongruent","Congruent","Congruent","Congruent",129.999557,130.199557,"2@",0.686347,"Correct","Correct","Correct","Correct"
"5",66,"3_4_stimuli","3_3","Congruent","Incongruent","Congruent","Congruent",131.999537,132.199542,"3#",0.701932,"Correct","Correct","Correct","Correct"
"5",67,"5_6_stimuli","6_5","Incongruent","Congruent","Incongruent","Congruent",133.999522,134.199523,"5%",0.829917,"Correct","Correct","Correct","Correct"
"5",68,"7_8_stimuli","8_7","Incongruent","Incongruent","Congruent","Incongruent",135.999512,136.199505,"8*",0.606547,"Error","Correct","Correct","Correct"
"6",1,"1_2_stimuli","2_1","Incongruent",NA,NA,NA,1.99999,2.199989,"1!",0.489519,"Correct",NA,NA,NA
"6",2,"3_4_stimuli","4_3","Incongruent","Incongruent",NA,NA,3.999965,4.199971,"3#",0.697535,"Correct","Correct",NA,NA
"6",3,"5_6_stimuli","5_6","Incongruent","Incongruent","Incongruent",NA,5.999958,6.199959,"6^",0.601907,"Correct","Correct","Correct",NA
"6",4,"7_8_stimuli","7_7","Congruent","Incongruent","Incongruent","Incongruent",7.999945,8.199949,"7&",0.521586,"Correct","Correct","Correct","Correct"
"6",5,"1_2_stimuli","1_2","Incongruent","Congruent","Incongruent","Incongruent",9.999936,10.199919,"2@",0.585491,"Correct","Correct","Correct","Correct"
"6",6,"3_4_stimuli","3_4","Incongruent","Incongruent","Congruent","Incongruent",11.999908,12.199908,"4$",0.681961,"Correct","Correct","Correct","Correct"
"6",7,"5_6_stimuli","6_6","Congruent","Incongruent","Incongruent","Congruent",13.999905,14.199904,"6^",0.618065,"Correct","Correct","Correct","Correct"
"6",8,"7_8_stimuli","8_7","Incongruent","Congruent","Incongruent","Incongruent",15.999889,16.199894,"7&",0.617631,"Correct","Correct","Correct","Correct"
"6",9,"1_2_stimuli","1_1","Congruent","Incongruent","Congruent","Incongruent",17.999871,18.199868,"1!",0.39428,"Correct","Correct","Correct","Correct"
"6",10,"3_4_stimuli","3_3","Congruent","Congruent","Incongruent","Congruent",19.999866,20.199859,"3#",0.681636,"Correct","Correct","Correct","Correct"
"6",11,"5_6_stimuli","6_6","Congruent","Congruent","Congruent","Incongruent",21.999847,22.199841,"6^",0.842147,"Correct","Correct","Correct","Correct"
"6",12,"7_8_stimuli","7_7","Congruent","Congruent","Congruent","Congruent",23.999827,24.199827,"7&",0.522143,"Correct","Correct","Correct","Correct"
"6",13,"1_2_stimuli","2_1","Incongruent","Congruent","Congruent","Congruent",25.999821,26.199816,"1!",0.649705,"Correct","Correct","Correct","Correct"
"6",14,"3_4_stimuli","4_3","Incongruent","Incongruent","Congruent","Congruent",27.999804,28.199802,"3#",0.793707,"Correct","Correct","Correct","Correct"
"6",15,"5_6_stimuli","6_5","Incongruent","Incongruent","Incongruent","Congruent",29.999785,30.199784,"5%",0.954283,"Correct","Correct","Correct","Correct"
"6",16,"7_8_stimuli","8_7","Incongruent","Incongruent","Incongruent","Incongruent",31.999769,32.199781,"7&",0.521713,"Correct","Correct","Correct","Correct"
"6",17,"1_2_stimuli","1_1","Congruent","Incongruent","Incongruent","Incongruent",33.999762,34.199757,"1!",0.330246,"Correct","Correct","Correct","Correct"
"6",18,"3_4_stimuli","4_3","Incongruent","Congruent","Incongruent","Incongruent",35.99974,36.19975,"3#",0.377972,"Correct","Correct","Correct","Correct"
"6",19,"5_6_stimuli","6_6","Congruent","Incongruent","Congruent","Incongruent",37.99974,38.199728,"5%",0.362335,"Error","Correct","Correct","Correct"
"6",20,"7_8_stimuli","7_8","Incongruent","Congruent","Incongruent","Congruent",39.999722,40.199714,"8*",0.618297,"Correct","Error","Correct","Correct"
"6",21,"1_2_stimuli","2_1","Incongruent","Incongruent","Congruent","Incongruent",41.999706,42.199703,"1!",0.61782,"Correct","Correct","Error","Correct"
"6",22,"3_4_stimuli","3_3","Congruent","Incongruent","Incongruent","Congruent",43.99969,44.199681,"3#",0.586329,"Correct","Correct","Correct","Error"
"6",23,"5_6_stimuli","6_5","Incongruent","Congruent","Incongruent","Incongruent",45.99968,46.199672,"5%",0.921829,"Correct","Correct","Correct","Correct"
"6",24,"7_8_stimuli","7_8","Incongruent","Incongruent","Congruent","Incongruent",47.99967,48.199652,"8*",0.537859,"Correct","Correct","Correct","Correct"
"6",25,"1_2_stimuli","2_2","Congruent","Incongruent","Incongruent","Congruent",49.999659,50.199648,"2@",0.505877,"Correct","Correct","Correct","Correct"
"6",26,"3_4_stimuli","4_4","Congruent","Congruent","Incongruent","Incongruent",51.999624,52.199632,"4$",0.570349,"Correct","Correct","Correct","Correct"
"6",27,"5_6_stimuli","5_6","Incongruent","Congruent","Congruent","Incongruent",53.999615,54.19962,"6^",0.538562,"Correct","Correct","Correct","Correct"
"6",28,"7_8_stimuli","7_7","Congruent","Incongruent","Congruent","Congruent",55.9996,56.199603,"7&",0.64984,"Correct","Correct","Correct","Correct"
"6",29,"1_2_stimuli","1_2","Incongruent","Congruent","Incongruent","Congruent",57.999584,58.199585,"2@",0.682267,"Correct","Correct","Correct","Correct"
"6",30,"3_4_stimuli","3_3","Congruent","Incongruent","Congruent","Incongruent",59.999576,60.199582,"3#",0.634298,"Correct","Correct","Correct","Correct"
"6",31,"5_6_stimuli","5_5","Congruent","Congruent","Incongruent","Congruent",61.999556,62.199555,"5%",1.37001,"Correct","Correct","Correct","Correct"
"6",32,"7_8_stimuli","7_8","Incongruent","Congruent","Congruent","Incongruent",63.99955,64.199553,"8*",0.601997,"Correct","Correct","Correct","Correct"
"6",33,"1_2_stimuli","1_1","Congruent","Incongruent","Congruent","Congruent",65.99953,66.199538,"1!",0.426326,"Correct","Correct","Correct","Correct"
"6",34,"3_4_stimuli","3_4","Incongruent","Congruent","Incongruent","Congruent",67.999515,68.199521,"4$",0.650038,"Correct","Correct","Correct","Correct"
"6",35,"5_6_stimuli","5_6","Incongruent","Incongruent","Congruent","Incongruent",69.9995,70.199501,"6^",0.682076,"Correct","Correct","Correct","Correct"
"6",36,"7_8_stimuli","8_7","Incongruent","Incongruent","Incongruent","Congruent",71.999495,72.199494,"7&",0.698507,"Correct","Correct","Correct","Correct"
"6",37,"1_2_stimuli","2_1","Incongruent","Incongruent","Incongruent","Incongruent",73.999475,74.199467,"1!",0.602059,"Correct","Correct","Correct","Correct"
"6",38,"3_4_stimuli","3_4","Incongruent","Incongruent","Incongruent","Incongruent",75.99946,76.199468,"4$",0.682021,"Correct","Correct","Correct","Correct"
"6",39,"5_6_stimuli","6_6","Congruent","Incongruent","Incongruent","Incongruent",77.999454,78.199437,"6^",0.890508,"Correct","Correct","Correct","Correct"
"6",40,"7_8_stimuli","7_7","Congruent","Congruent","Incongruent","Incongruent",79.999428,80.199428,"7&",0.618123,"Correct","Correct","Correct","Correct"
"6",41,"1_2_stimuli","2_1","Incongruent","Congruent","Congruent","Incongruent",81.999416,82.199411,"1!",0.474649,"Correct","Correct","Correct","Correct"
"6",42,"3_4_stimuli","3_3","Congruent","Incongruent","Congruent","Congruent",83.999409,84.199395,"3#",0.954102,"Correct","Correct","Correct","Correct"
"6",43,"5_6_stimuli","5_6","Incongruent","Congruent","Incongruent","Congruent",85.999385,86.199391,"5%",1.050987,"Error","Correct","Correct","Correct"
"6",44,"7_8_stimuli","7_7","Congruent","Incongruent","Congruent","Incongruent",87.999377,88.199372,"7&",0.586579,"Correct","Error","Correct","Correct"
"6",45,"1_2_stimuli","1_1","Congruent","Congruent","Incongruent","Congruent",89.999359,90.199369,"1!",0.442194,"Correct","Correct","Error","Correct"
"6",46,"3_4_stimuli","4_4","Congruent","Congruent","Congruent","Incongruent",91.999345,92.199347,"4$",0.682898,"Correct","Correct","Correct","Error"
"6",47,"5_6_stimuli","5_6","Incongruent","Congruent","Congruent","Congruent",93.999338,94.199322,"6^",0.666768,"Correct","Correct","Correct","Correct"
"6",48,"7_8_stimuli","7_8","Incongruent","Incongruent","Congruent","Congruent",95.999315,96.199308,"8*",0.618437,"Correct","Correct","Correct","Correct"
"6",49,"1_2_stimuli","1_2","Incongruent","Incongruent","Incongruent","Congruent",97.999304,98.199299,"1!",0.362262,"Error","Correct","Correct","Correct"
"6",50,"3_4_stimuli","4_4","Congruent","Incongruent","Incongruent","Incongruent",99.999289,100.199292,"4$",0.618325,"Correct","Error","Correct","Correct"
"6",51,"5_6_stimuli","5_5","Congruent","Congruent","Incongruent","Incongruent",101.999275,102.199266,"5%",0.906269,"Correct","Correct","Error","Correct"
"6",52,"7_8_stimuli","8_8","Congruent","Congruent","Congruent","Incongruent",103.999268,104.199255,"8*",0.731098,"Correct","Correct","Correct","Error"
"6",53,"1_2_stimuli","2_2","Congruent","Congruent","Congruent","Congruent",105.999249,106.199242,"2@",0.778238,"Correct","Correct","Correct","Correct"
"6",54,"3_4_stimuli","3_4","Incongruent","Congruent","Congruent","Congruent",107.99923,108.199229,"4$",1.163099,"Correct","Correct","Correct","Correct"
"6",55,"5_6_stimuli","5_5","Congruent","Incongruent","Congruent","Congruent",109.999216,110.199215,"5%",0.731018,"Correct","Correct","Correct","Correct"
"6",56,"7_8_stimuli","8_8","Congruent","Congruent","Incongruent","Congruent",111.999197,112.199194,"8*",1.06638,"Correct","Correct","Correct","Correct"
"6",57,"1_2_stimuli","2_2","Congruent","Congruent","Congruent","Incongruent",113.99919,114.199185,"2@",0.762811,"Correct","Correct","Correct","Correct"
"6",58,"3_4_stimuli","4_4","Congruent","Congruent","Congruent","Congruent",115.99917,116.199172,"4$",1.082997,"Correct","Correct","Correct","Correct"
"6",59,"5_6_stimuli","5_5","Congruent","Congruent","Congruent","Congruent",117.999157,118.199163,"5%",1.130445,"Correct","Correct","Correct","Correct"
"6",60,"7_8_stimuli","8_7","Incongruent","Congruent","Congruent","Congruent",119.999144,120.19915,"8*",0.698472,"Error","Correct","Correct","Correct"
"6",61,"1_2_stimuli","1_2","Incongruent","Incongruent","Congruent","Congruent",121.999133,122.19913,"2@",0.570509,"Correct","Error","Correct","Correct"
"6",62,"3_4_stimuli","4_3","Incongruent","Incongruent","Incongruent","Congruent",123.99912,124.199119,"3#",0.57075,"Correct","Correct","Error","Correct"
"6",63,"5_6_stimuli","6_5","Incongruent","Incongruent","Incongruent","Incongruent",125.999101,126.199097,"6^",0.682683,"Error","Correct","Correct","Error"
"6",64,"7_8_stimuli","8_8","Congruent","Incongruent","Incongruent","Incongruent",127.999085,128.199085,"8*",0.539115,"Correct","Error","Correct","Correct"
"6",65,"1_2_stimuli","2_2","Congruent","Congruent","Incongruent","Incongruent",129.999076,130.199072,"2@",0.554761,"Correct","Correct","Error","Correct"
"6",66,"3_4_stimuli","4_3","Incongruent","Congruent","Congruent","Incongruent",131.999058,132.199055,"3#",0.810989,"Correct","Correct","Correct","Error"
"6",67,"5_6_stimuli","6_5","Incongruent","Incongruent","Congruent","Congruent",133.999042,134.199045,"5%",0.667162,"Correct","Correct","Correct","Correct"
"6",68,"7_8_stimuli","8_8","Congruent","Incongruent","Incongruent","Congruent",135.999028,136.19903,"8*",0.699088,"Correct","Correct","Correct","Correct"
"7",1,"1_2_stimuli","1_2","Incongruent",NA,NA,NA,1.999982,2.199997,"2@",0.534549,"Correct",NA,NA,NA
"7",2,"3_4_stimuli","3_4","Incongruent","Incongruent",NA,NA,3.999971,4.199968,"4$",0.646392,"Correct","Correct",NA,NA
"7",3,"5_6_stimuli","5_6","Incongruent","Incongruent","Incongruent",NA,5.999957,6.199957,"5%",0.422691,"Error","Correct","Correct",NA
"7",4,"7_8_stimuli","7_8","Incongruent","Incongruent","Incongruent","Incongruent",7.999953,8.199955,"8*",0.646531,"Correct","Error","Correct","Correct"
"7",5,"1_2_stimuli","2_1","Incongruent","Incongruent","Incongruent","Incongruent",9.999936,10.199934,"1!",0.422041,"Correct","Correct","Error","Correct"
"7",6,"3_4_stimuli","4_3","Incongruent","Incongruent","Incongruent","Incongruent",11.999918,12.199915,"3#",0.566365,"Correct","Correct","Correct","Error"
"7",7,"5_6_stimuli","5_6","Incongruent","Incongruent","Incongruent","Incongruent",13.999905,14.199901,"5%",0.598586,"Error","Correct","Correct","Correct"
"7",8,"7_8_stimuli","8_8","Congruent","Incongruent","Incongruent","Incongruent",15.999886,16.199886,"7&",0.534111,"Error","Error","Correct","Correct"
"7",9,"1_2_stimuli","2_2","Congruent","Congruent","Incongruent","Incongruent",17.999868,18.199883,"2@",0.646232,"Correct","Error","Error","Correct"
"7",10,"3_4_stimuli","4_4","Congruent","Congruent","Congruent","Incongruent",19.999868,20.199856,"4$",0.710521,"Correct","Correct","Error","Error"
"7",11,"5_6_stimuli","6_5","Incongruent","Congruent","Congruent","Congruent",21.999851,22.199845,"5%",0.742936,"Correct","Correct","Correct","Error"
"7",12,"7_8_stimuli","7_7","Congruent","Incongruent","Congruent","Congruent",23.999832,24.199829,"7&",0.582693,"Correct","Correct","Correct","Correct"
"7",13,"1_2_stimuli","2_1","Incongruent","Congruent","Incongruent","Congruent",25.999811,26.199814,"1!",0.534648,"Correct","Correct","Correct","Correct"
"7",14,"3_4_stimuli","3_3","Congruent","Incongruent","Congruent","Incongruent",27.999811,28.199811,"3#",0.614162,"Correct","Correct","Correct","Correct"
"7",15,"5_6_stimuli","6_6","Congruent","Congruent","Incongruent","Congruent",29.999791,30.199789,"6^",0.726277,"Correct","Correct","Correct","Correct"
"7",16,"7_8_stimuli","8_7","Incongruent","Congruent","Congruent","Incongruent",31.999769,32.199771,"7&",0.742482,"Correct","Correct","Correct","Correct"
"7",17,"1_2_stimuli","2_2","Congruent","Incongruent","Congruent","Congruent",33.999752,34.199785,"2@",0.502294,"Correct","Correct","Correct","Correct"
"7",18,"3_4_stimuli","4_3","Incongruent","Congruent","Incongruent","Congruent",35.999751,36.199756,"3#",0.566759,"Correct","Correct","Correct","Correct"
"7",19,"5_6_stimuli","6_5","Incongruent","Incongruent","Congruent","Incongruent",37.999739,38.199732,"5%",0.678264,"Correct","Correct","Correct","Correct"
"7",20,"7_8_stimuli","8_7","Incongruent","Incongruent","Incongruent","Congruent",39.999713,40.199711,"7&",0.582746,"Correct","Correct","Correct","Correct"
"7",21,"1_2_stimuli","2_2","Congruent","Incongruent","Incongruent","Incongruent",41.999704,42.199706,"2@",0.694291,"Correct","Correct","Correct","Correct"
"7",22,"3_4_stimuli","4_4","Congruent","Congruent","Incongruent","Incongruent",43.999685,44.199694,"4$",0.870988,"Correct","Correct","Correct","Correct"
"7",23,"5_6_stimuli","5_5","Congruent","Congruent","Congruent","Incongruent",45.999679,46.199673,"5%",0.710337,"Correct","Correct","Correct","Correct"
"7",24,"7_8_stimuli","8_8","Congruent","Congruent","Congruent","Congruent",47.999674,48.199666,"8*",0.582693,"Correct","Correct","Correct","Correct"
"7",25,"1_2_stimuli","1_2","Incongruent","Congruent","Congruent","Congruent",49.999647,50.199646,"2@",0.598796,"Correct","Correct","Correct","Correct"
"7",26,"3_4_stimuli","3_4","Incongruent","Incongruent","Congruent","Congruent",51.999641,52.19963,"3#",0.614799,"Error","Correct","Correct","Correct"
"7",27,"5_6_stimuli","6_6","Congruent","Incongruent","Incongruent","Congruent",53.999612,54.199625,"5%",1.158359,"Error","Error","Correct","Correct"
"7",28,"7_8_stimuli","8_8","Congruent","Congruent","Incongruent","Incongruent",55.999604,56.199603,"7&",0.726365,"Error","Error","Error","Correct"
"7",29,"1_2_stimuli","1_1","Congruent","Congruent","Congruent","Incongruent",57.999588,58.199589,"1!",0.614455,"Correct","Error","Error","Error"
"7",30,"3_4_stimuli","4_4","Congruent","Congruent","Congruent","Congruent",59.999575,60.199582,"4$",1.191058,"Correct","Correct","Error","Error"
"7",31,"5_6_stimuli","5_5","Congruent","Congruent","Congruent","Congruent",61.999562,62.199566,"5%",0.662463,"Correct","Correct","Correct","Error"
"7",32,"7_8_stimuli","7_8","Incongruent","Congruent","Congruent","Congruent",63.999548,64.199552,"7&",0.726928,"Error","Correct","Correct","Correct"
"7",33,"1_2_stimuli","1_2","Incongruent","Incongruent","Congruent","Congruent",65.999532,66.199538,"1!",0.870845,"Error","Error","Correct","Correct"
"7",34,"3_4_stimuli","3_3","Congruent","Incongruent","Incongruent","Congruent",67.999518,68.199513,"3#",0.630542,"Correct","Error","Error","Correct"
"7",35,"5_6_stimuli","6_5","Incongruent","Congruent","Incongruent","Incongruent",69.99951,70.199511,"5%",1.110751,"Correct","Correct","Error","Error"
"7",36,"7_8_stimuli","7_8","Incongruent","Incongruent","Congruent","Incongruent",71.999494,72.1995,"8*",0.822532,"Correct","Correct","Correct","Error"
"7",37,"1_2_stimuli","1_1","Congruent","Incongruent","Incongruent","Congruent",73.999487,74.199471,"1!",0.662609,"Correct","Correct","Correct","Correct"
"7",38,"3_4_stimuli","4_3","Incongruent","Congruent","Incongruent","Incongruent",75.999462,76.19946,"3#",0.950976,"Correct","Correct","Correct","Correct"
"7",39,"5_6_stimuli","6_6","Congruent","Incongruent","Congruent","Incongruent",77.999454,78.199446,"6^",0.950539,"Correct","Correct","Correct","Correct"
"7",40,"7_8_stimuli","8_8","Congruent","Congruent","Incongruent","Congruent",79.999433,80.199431,"8*",0.742811,"Correct","Correct","Correct","Correct"
"7",41,"1_2_stimuli","1_2","Incongruent","Congruent","Congruent","Incongruent",81.999416,82.199423,"2@",0.711236,"Correct","Correct","Correct","Correct"
"7",42,"3_4_stimuli","3_3","Congruent","Incongruent","Congruent","Congruent",83.9994,84.199402,"3#",0.695231,"Correct","Correct","Correct","Correct"
"7",43,"5_6_stimuli","5_6","Incongruent","Congruent","Incongruent","Congruent",85.999399,86.199391,"6^",1.111333,"Correct","Correct","Correct","Correct"
"7",44,"7_8_stimuli","7_7","Congruent","Incongruent","Congruent","Incongruent",87.999387,88.199372,"7&",0.583092,"Correct","Correct","Correct","Correct"
"7",45,"1_2_stimuli","1_1","Congruent","Congruent","Incongruent","Congruent",89.999365,90.199361,"1!",0.438601,"Correct","Correct","Correct","Correct"
"7",46,"3_4_stimuli","3_4","Incongruent","Congruent","Congruent","Incongruent",91.999342,92.199342,"4$",1.046699,"Correct","Correct","Correct","Correct"
"7",47,"5_6_stimuli","6_6","Congruent","Incongruent","Congruent","Congruent",93.999329,94.199333,"6^",0.710996,"Correct","Correct","Correct","Correct"
"7",48,"7_8_stimuli","7_8","Incongruent","Congruent","Incongruent","Congruent",95.99932,96.199329,"8*",0.935325,"Correct","Correct","Correct","Correct"
"7",49,"1_2_stimuli","1_2","Incongruent","Incongruent","Congruent","Incongruent",97.999306,98.199305,"2@",0.662791,"Correct","Correct","Correct","Correct"
"7",50,"3_4_stimuli","3_4","Incongruent","Incongruent","Incongruent","Congruent",99.99929,100.199297,"4$",0.743373,"Correct","Correct","Correct","Correct"
"7",51,"5_6_stimuli","5_5","Congruent","Incongruent","Incongruent","Incongruent",101.999279,102.199279,"5%",0.918759,"Correct","Correct","Correct","Correct"
"7",52,"7_8_stimuli","8_7","Incongruent","Congruent","Incongruent","Incongruent",103.999268,104.199263,"7&",0.934788,"Correct","Correct","Correct","Correct"
"7",53,"1_2_stimuli","1_1","Congruent","Incongruent","Congruent","Incongruent",105.999244,106.199242,"1!",0.678819,"Correct","Correct","Correct","Correct"
"7",54,"3_4_stimuli","3_3","Congruent","Congruent","Incongruent","Congruent",107.999234,108.199234,"4$",0.711389,"Error","Correct","Correct","Correct"
"7",55,"5_6_stimuli","5_6","Incongruent","Congruent","Congruent","Incongruent",109.999222,110.199222,"6^",1.062849,"Correct","Error","Correct","Correct"
"7",56,"7_8_stimuli","7_8","Incongruent","Incongruent","Congruent","Congruent",111.999208,112.19921,"8*",0.695442,"Correct","Correct","Error","Correct"
"7",57,"1_2_stimuli","2_1","Incongruent","Incongruent","Incongruent","Congruent",113.999194,114.19919,"1!",0.503374,"Correct","Correct","Correct","Error"
"7",58,"3_4_stimuli","4_4","Congruent","Incongruent","Incongruent","Incongruent",115.999174,116.19918,"4$",0.838873,"Correct","Correct","Correct","Correct"
"7",59,"5_6_stimuli","5_5","Congruent","Congruent","Incongruent","Incongruent",117.99917,118.199161,"5%",0.630888,"Correct","Correct","Correct","Correct"
"7",60,"7_8_stimuli","7_7","Congruent","Congruent","Congruent","Incongruent",119.999146,120.199158,"7&",0.567015,"Correct","Correct","Correct","Correct"
"7",61,"1_2_stimuli","2_2","Congruent","Congruent","Congruent","Congruent",121.999141,122.199134,"2@",0.630919,"Correct","Correct","Correct","Correct"
"7",62,"3_4_stimuli","3_4","Incongruent","Congruent","Congruent","Congruent",123.999114,124.199118,"4$",0.918968,"Correct","Correct","Correct","Correct"
"7",63,"5_6_stimuli","6_5","Incongruent","Incongruent","Congruent","Congruent",125.9991,126.199101,"5%",0.983698,"Correct","Correct","Correct","Correct"
"7",64,"7_8_stimuli","7_7","Congruent","Incongruent","Incongruent","Congruent",127.999097,128.199092,"7&",0.999025,"Correct","Correct","Correct","Correct"
"7",65,"1_2_stimuli","2_1","Incongruent","Congruent","Incongruent","Incongruent",129.999079,130.199072,"1!",0.871645,"Correct","Correct","Correct","Correct"
"7",66,"3_4_stimuli","4_3","Incongruent","Incongruent","Congruent","Incongruent",131.999065,132.199069,"3#",0.727731,"Correct","Correct","Correct","Correct"
"7",67,"5_6_stimuli","5_6","Incongruent","Incongruent","Incongruent","Congruent",133.999057,134.199049,"6^",1.223598,"Correct","Correct","Correct","Correct"
"7",68,"7_8_stimuli","8_7","Incongruent","Incongruent","Incongruent","Incongruent",135.999037,136.199038,"7&",0.647524,"Correct","Correct","Correct","Correct"
"8",1,"1_2_stimuli","2_2","Congruent",NA,NA,NA,1.999988,2.19999,"2@",0.446201,"Correct",NA,NA,NA
"8",2,"3_4_stimuli","3_3","Congruent","Congruent",NA,NA,3.999972,4.199975,"2@",0.846355,"Error","Correct",NA,NA
"8",3,"5_6_stimuli","6_5","Incongruent","Congruent","Congruent",NA,5.999956,6.199984,"5%",0.797961,"Correct","Error","Correct",NA
"8",4,"7_8_stimuli","8_7","Incongruent","Incongruent","Congruent","Congruent",7.99995,8.199949,"7&",0.702468,"Correct","Correct","Error","Correct"
"8",5,"1_2_stimuli","2_2","Congruent","Incongruent","Incongruent","Congruent",9.999931,10.199931,"2@",0.526013,"Correct","Correct","Correct","Error"
"8",6,"3_4_stimuli","4_4","Congruent","Congruent","Incongruent","Incongruent",11.999916,12.199917,"4$",0.574632,"Correct","Correct","Correct","Correct"
"8",7,"5_6_stimuli","6_6","Congruent","Congruent","Congruent","Incongruent",13.999901,14.199912,"5%",0.574513,"Error","Correct","Correct","Correct"
"8",8,"7_8_stimuli","8_7","Incongruent","Congruent","Congruent","Congruent",15.9999,16.199896,"7&",0.686736,"Correct","Error","Correct","Correct"
"8",9,"1_2_stimuli","1_1","Congruent","Incongruent","Congruent","Congruent",17.99987,18.199874,"1!",0.479397,"Correct","Correct","Error","Correct"
"8",10,"3_4_stimuli","4_3","Incongruent","Congruent","Incongruent","Congruent",19.999855,20.199856,"3#",1.08625,"Correct","Correct","Correct","Error"
"8",11,"5_6_stimuli","5_5","Congruent","Incongruent","Congruent","Incongruent",21.999847,22.199843,"5%",0.6701,"Correct","Correct","Correct","Correct"
"8",12,"7_8_stimuli","7_7","Congruent","Congruent","Incongruent","Congruent",23.999839,24.199842,"7&",0.734114,"Correct","Correct","Correct","Correct"
"8",13,"1_2_stimuli","1_1","Congruent","Congruent","Congruent","Incongruent",25.999828,26.199822,"1!",0.462586,"Correct","Correct","Correct","Correct"
"8",14,"3_4_stimuli","3_3","Congruent","Congruent","Congruent","Congruent",27.999804,28.199804,"3#",0.766487,"Correct","Correct","Correct","Correct"
"8",15,"5_6_stimuli","5_5","Congruent","Congruent","Congruent","Congruent",29.999794,30.199798,"5%",0.79861,"Correct","Correct","Correct","Correct"
"8",16,"7_8_stimuli","8_8","Congruent","Congruent","Congruent","Congruent",31.999778,32.199776,"7&",0.830507,"Error","Correct","Correct","Correct"
"8",17,"1_2_stimuli","1_2","Incongruent","Congruent","Congruent","Congruent",33.999772,34.19976,"2@",0.606132,"Correct","Error","Correct","Correct"
"8",18,"3_4_stimuli","4_3","Incongruent","Incongruent","Congruent","Congruent",35.999753,36.199756,"3#",0.76681,"Correct","Correct","Error","Correct"
"8",19,"5_6_stimuli","5_6","Incongruent","Incongruent","Incongruent","Congruent",37.999734,38.199727,"5%",0.766936,"Error","Correct","Correct","Error"
"8",20,"7_8_stimuli","7_7","Congruent","Incongruent","Incongruent","Incongruent",39.999729,40.199723,"7&",0.670205,"Correct","Error","Correct","Correct"
"8",21,"1_2_stimuli","2_1","Incongruent","Congruent","Incongruent","Incongruent",41.999705,42.199708,"1!",0.558927,"Correct","Correct","Error","Correct"
"8",22,"3_4_stimuli","3_3","Congruent","Incongruent","Congruent","Incongruent",43.999691,44.199685,"3#",0.766306,"Correct","Correct","Correct","Error"
"8",23,"5_6_stimuli","5_6","Incongruent","Congruent","Incongruent","Congruent",45.999686,46.199676,"6^",0.71886,"Correct","Correct","Correct","Correct"
"8",24,"7_8_stimuli","7_8","Incongruent","Incongruent","Congruent","Incongruent",47.999673,48.199662,"8*",0.702692,"Correct","Correct","Correct","Correct"
"8",25,"1_2_stimuli","2_1","Incongruent","Incongruent","Incongruent","Congruent",49.999661,50.199653,"1!",0.398324,"Correct","Correct","Correct","Correct"
"8",26,"3_4_stimuli","4_3","Incongruent","Incongruent","Incongruent","Incongruent",51.999647,52.199633,"3#",0.526949,"Correct","Correct","Correct","Correct"
"8",27,"5_6_stimuli","6_5","Incongruent","Incongruent","Incongruent","Incongruent",53.999621,54.199628,"5%",0.750961,"Correct","Correct","Correct","Correct"
"8",28,"7_8_stimuli","7_8","Incongruent","Incongruent","Incongruent","Incongruent",55.999604,56.1996,"7&",0.910432,"Error","Correct","Correct","Correct"
"8",29,"1_2_stimuli","2_2","Congruent","Incongruent","Incongruent","Incongruent",57.999594,58.199586,"2@",0.654998,"Correct","Error","Correct","Correct"
"8",30,"3_4_stimuli","4_3","Incongruent","Congruent","Incongruent","Incongruent",59.999574,60.199576,"3#",0.766714,"Correct","Correct","Error","Correct"
"8",31,"5_6_stimuli","6_5","Incongruent","Incongruent","Congruent","Incongruent",61.999558,62.199568,"5%",0.990419,"Correct","Correct","Correct","Error"
"8",32,"7_8_stimuli","8_7","Incongruent","Incongruent","Incongruent","Congruent",63.999561,64.199557,"7&",0.542981,"Correct","Correct","Correct","Correct"
"8",33,"1_2_stimuli","2_1","Incongruent","Incongruent","Incongruent","Incongruent",65.999546,66.199532,"1!",0.670624,"Correct","Correct","Correct","Correct"
"8",34,"3_4_stimuli","4_4","Congruent","Incongruent","Incongruent","Incongruent",67.999527,68.199515,"3#",0.654875,"Error","Correct","Correct","Correct"
"8",35,"5_6_stimuli","6_5","Incongruent","Congruent","Incongruent","Incongruent",69.999507,70.199509,"5%",0.670853,"Correct","Error","Correct","Correct"
"8",36,"7_8_stimuli","7_7","Congruent","Incongruent","Congruent","Incongruent",71.999493,72.199493,"7&",0.814482,"Correct","Correct","Error","Correct"
"8",37,"1_2_stimuli","2_2","Congruent","Congruent","Incongruent","Congruent",73.999482,74.199472,"2@",0.63899,"Correct","Correct","Correct","Error"
"8",38,"3_4_stimuli","3_4","Incongruent","Congruent","Congruent","Incongruent",75.999466,76.199463,"4$",1.086871,"Correct","Correct","Correct","Correct"
"8",39,"5_6_stimuli","5_5","Congruent","Incongruent","Congruent","Congruent",77.999451,78.199445,"5%",0.62247,"Correct","Correct","Correct","Correct"
"8",40,"7_8_stimuli","7_8","Incongruent","Congruent","Incongruent","Congruent",79.999444,80.199429,"7&",0.735209,"Error","Correct","Correct","Correct"
"8",41,"1_2_stimuli","1_2","Incongruent","Incongruent","Congruent","Incongruent",81.999425,82.199421,"2@",0.702983,"Correct","Error","Correct","Correct"
"8",42,"3_4_stimuli","3_4","Incongruent","Incongruent","Incongruent","Congruent",83.99941,84.199415,"4$",0.81451,"Correct","Correct","Error","Correct"
"8",43,"5_6_stimuli","6_6","Congruent","Incongruent","Incongruent","Incongruent",85.99941,86.199399,"6^",1.375123,"Correct","Correct","Correct","Error"
"8",44,"7_8_stimuli","8_7","Incongruent","Congruent","Incongruent","Incongruent",87.999379,88.199376,"7&",0.782583,"Correct","Correct","Correct","Correct"
"8",45,"1_2_stimuli","2_2","Congruent","Incongruent","Congruent","Incongruent",89.999363,90.199369,"2@",0.751079,"Correct","Correct","Correct","Correct"
"8",46,"3_4_stimuli","3_3","Congruent","Congruent","Incongruent","Congruent",91.999346,92.199343,"3#",0.959112,"Correct","Correct","Correct","Correct"
"8",47,"5_6_stimuli","5_6","Incongruent","Congruent","Congruent","Incongruent",93.99934,94.199332,"6^",0.83124,"Correct","Correct","Correct","Correct"
"8",48,"7_8_stimuli","7_7","Congruent","Incongruent","Congruent","Congruent",95.999331,96.199323,"7&",0.703063,"Correct","Correct","Correct","Correct"
"8",49,"1_2_stimuli","1_2","Incongruent","Congruent","Incongruent","Congruent",97.999305,98.199302,"2@",0.574718,"Correct","Correct","Correct","Correct"
"8",50,"3_4_stimuli","3_4","Incongruent","Incongruent","Congruent","Incongruent",99.999293,100.1993,"4$",0.750726,"Correct","Correct","Correct","Correct"
"8",51,"5_6_stimuli","5_5","Congruent","Incongruent","Incongruent","Congruent",101.999283,102.199272,"5%",0.734975,"Correct","Correct","Correct","Correct"
"8",52,"7_8_stimuli","8_8","Congruent","Congruent","Incongruent","Incongruent",103.999267,104.199261,"8*",0.623339,"Correct","Correct","Correct","Correct"
"8",53,"1_2_stimuli","2_1","Incongruent","Congruent","Congruent","Incongruent",105.999257,106.199245,"1!",0.623212,"Correct","Correct","Correct","Correct"
"8",54,"3_4_stimuli","4_4","Congruent","Incongruent","Congruent","Congruent",107.999244,108.199231,"3#",0.719275,"Error","Correct","Correct","Correct"
"8",55,"5_6_stimuli","6_6","Congruent","Congruent","Incongruent","Congruent",109.999231,110.199224,"6^",1.102773,"Correct","Error","Correct","Correct"
"8",56,"7_8_stimuli","8_7","Incongruent","Congruent","Congruent","Incongruent",111.999214,112.19921,"7&",0.767395,"Correct","Correct","Error","Correct"
"8",57,"1_2_stimuli","1_2","Incongruent","Incongruent","Congruent","Congruent",113.999193,114.199189,"2@",0.686844,"Correct","Correct","Correct","Error"
"8",58,"3_4_stimuli","4_4","Congruent","Incongruent","Incongruent","Congruent",115.999187,116.199185,"4$",0.94281,"Correct","Correct","Correct","Correct"
"8",59,"5_6_stimuli","6_6","Congruent","Congruent","Incongruent","Incongruent",117.999171,118.199161,"7&",0.67127,"Error","Correct","Correct","Correct"
"8",60,"7_8_stimuli","8_8","Congruent","Congruent","Congruent","Incongruent",119.999155,120.199153,"8*",0.751353,"Correct","Error","Correct","Correct"
"8",61,"1_2_stimuli","1_1","Congruent","Congruent","Congruent","Congruent",121.999143,122.19913,"1!",0.495211,"Correct","Correct","Error","Correct"
"8",62,"3_4_stimuli","3_4","Incongruent","Congruent","Congruent","Congruent",123.99912,124.199126,"4$",0.863049,"Correct","Correct","Correct","Error"
"8",63,"5_6_stimuli","5_6","Incongruent","Incongruent","Congruent","Congruent",125.999112,126.199108,"6^",1.214917,"Correct","Correct","Correct","Correct"
"8",64,"7_8_stimuli","8_8","Congruent","Incongruent","Incongruent","Congruent",127.999092,128.199099,"8*",0.927195,"Correct","Correct","Correct","Correct"
"8",65,"1_2_stimuli","1_1","Congruent","Congruent","Incongruent","Incongruent",129.999082,130.199087,"1!",0.558939,"Correct","Correct","Correct","Correct"
"8",66,"3_4_stimuli","3_3","Congruent","Congruent","Congruent","Incongruent",131.999067,132.199066,"4$",0.751081,"Error","Correct","Correct","Correct"
"8",67,"5_6_stimuli","6_5","Incongruent","Congruent","Congruent","Congruent",133.999056,134.199045,"5%",0.606922,"Correct","Error","Correct","Correct"
"8",68,"7_8_stimuli","7_8","Incongruent","Incongruent","Congruent","Congruent",135.99904,136.199033,"8*",0.703297,"Correct","Correct","Error","Correct"
"9",1,"1_2_stimuli","1_2","Incongruent",NA,NA,NA,1.999978,2.199984,"2@",0.635461,"Correct",NA,NA,NA
"9",2,"3_4_stimuli","3_4","Incongruent","Incongruent",NA,NA,3.999973,4.199968,"4$",0.651878,"Correct","Correct",NA,NA
"9",3,"5_6_stimuli","6_5","Incongruent","Incongruent","Incongruent",NA,5.99995,6.199958,"5%",0.587692,"Correct","Correct","Correct",NA
"9",4,"7_8_stimuli","7_7","Congruent","Incongruent","Incongruent","Incongruent",7.999937,8.199949,"7&",0.635794,"Correct","Correct","Correct","Correct"
"9",5,"1_2_stimuli","2_2","Congruent","Congruent","Incongruent","Incongruent",9.999925,10.19992,"2@",0.587478,"Correct","Correct","Correct","Correct"
"9",6,"3_4_stimuli","4_4","Congruent","Congruent","Congruent","Incongruent",11.99992,12.199919,"4$",0.619379,"Correct","Correct","Correct","Correct"
"9",7,"5_6_stimuli","6_5","Incongruent","Congruent","Congruent","Congruent",13.999899,14.199895,"5%",0.44398,"Correct","Correct","Correct","Correct"
"9",8,"7_8_stimuli","8_7","Incongruent","Incongruent","Congruent","Congruent",15.999901,16.19989,"6^",0.939428,"Error","Correct","Correct","Correct"
"9",9,"1_2_stimuli","2_2","Congruent","Incongruent","Incongruent","Congruent",17.999868,18.199864,"2@",0.572035,"Correct","Error","Correct","Correct"
"9",10,"3_4_stimuli","4_4","Congruent","Congruent","Incongruent","Incongruent",19.999851,20.199856,"4$",0.619779,"Correct","Correct","Error","Correct"
"9",11,"5_6_stimuli","5_6","Incongruent","Congruent","Congruent","Incongruent",21.999839,22.199834,"6^",1.244009,"Correct","Correct","Correct","Error"
"9",12,"7_8_stimuli","7_7","Congruent","Incongruent","Congruent","Congruent",23.999823,24.199823,"7&",0.87602,"Correct","Correct","Correct","Correct"
"9",13,"1_2_stimuli","1_1","Congruent","Congruent","Incongruent","Congruent",25.999817,26.199803,"1!",0.604307,"Correct","Correct","Correct","Correct"
"9",14,"3_4_stimuli","4_3","Incongruent","Congruent","Congruent","Incongruent",27.999796,28.199795,"3#",0.892317,"Correct","Correct","Correct","Correct"
"9",15,"5_6_stimuli","5_5","Congruent","Incongruent","Congruent","Congruent",29.99978,30.199781,"6^",0.652241,"Error","Correct","Correct","Correct"
"9",16,"7_8_stimuli","8_8","Congruent","Congruent","Incongruent","Congruent",31.999769,32.199766,"8*",0.603633,"Correct","Error","Correct","Correct"
"9",17,"1_2_stimuli","1_1","Congruent","Congruent","Congruent","Incongruent",33.999762,34.199764,"1!",0.491626,"Correct","Correct","Error","Correct"
"9",18,"3_4_stimuli","3_3","Congruent","Congruent","Congruent","Congruent",35.999749,36.199739,"3#",0.619651,"Correct","Correct","Correct","Error"
"9",19,"5_6_stimuli","6_6","Congruent","Congruent","Congruent","Congruent",37.999724,38.199723,"6^",0.908005,"Correct","Correct","Correct","Correct"
"9",20,"7_8_stimuli","7_8","Incongruent","Congruent","Congruent","Congruent",39.999709,40.199718,"8*",0.620161,"Correct","Correct","Correct","Correct"
"9",21,"1_2_stimuli","1_1","Congruent","Incongruent","Congruent","Congruent",41.999696,42.199702,"1!",0.49233,"Correct","Correct","Correct","Correct"
"9",22,"3_4_stimuli","3_4","Incongruent","Congruent","Incongruent","Congruent",43.999689,44.199689,"4$",0.700046,"Correct","Correct","Correct","Correct"
"9",23,"5_6_stimuli","6_6","Congruent","Incongruent","Congruent","Incongruent",45.999671,46.199676,"6^",0.876292,"Correct","Correct","Correct","Correct"
"9",24,"7_8_stimuli","7_8","Incongruent","Congruent","Incongruent","Congruent",47.999664,48.199652,"8*",1.067753,"Correct","Correct","Correct","Correct"
"9",25,"1_2_stimuli","1_1","Congruent","Incongruent","Congruent","Incongruent",49.999642,50.19964,"1!",0.459895,"Correct","Correct","Correct","Correct"
"9",26,"3_4_stimuli","3_3","Congruent","Congruent","Incongruent","Congruent",51.999628,52.199622,"3#",0.572248,"Correct","Correct","Correct","Correct"
"9",27,"5_6_stimuli","6_6","Congruent","Congruent","Congruent","Incongruent",53.99962,54.199618,"6^",0.97223,"Correct","Correct","Correct","Correct"
"9",28,"7_8_stimuli","8_8","Congruent","Congruent","Congruent","Congruent",55.999603,56.199605,"8*",0.572318,"Correct","Correct","Correct","Correct"
"9",29,"1_2_stimuli","1_2","Incongruent","Congruent","Congruent","Congruent",57.999579,58.199593,"2@",0.651882,"Correct","Correct","Correct","Correct"
"9",30,"3_4_stimuli","3_4","Incongruent","Incongruent","Congruent","Congruent",59.99957,60.199576,"4$",1.195831,"Correct","Correct","Correct","Correct"
"9",31,"5_6_stimuli","5_6","Incongruent","Incongruent","Incongruent","Congruent",61.999558,62.199564,"6^",0.651846,"Correct","Correct","Correct","Correct"
"9",32,"7_8_stimuli","7_8","Incongruent","Incongruent","Incongruent","Incongruent",63.999545,64.199539,"8*",0.636322,"Correct","Correct","Correct","Correct"
"9",33,"1_2_stimuli","2_2","Congruent","Incongruent","Incongruent","Incongruent",65.999528,66.199519,"2@",0.668507,"Correct","Correct","Correct","Correct"
"9",34,"3_4_stimuli","3_4","Incongruent","Congruent","Incongruent","Incongruent",67.999515,68.199519,"3#",0.668454,"Error","Correct","Correct","Correct"
"9",35,"5_6_stimuli","5_6","Incongruent","Incongruent","Congruent","Incongruent",69.999494,70.199508,"6^",0.844359,"Correct","Error","Correct","Correct"
"9",36,"7_8_stimuli","7_8","Incongruent","Incongruent","Incongruent","Congruent",71.999478,72.199482,"8*",0.60441,"Correct","Correct","Error","Correct"
"9",37,"1_2_stimuli","2_1","Incongruent","Incongruent","Incongruent","Incongruent",73.999465,74.19947,"1!",0.860616,"Correct","Correct","Correct","Error"
"9",38,"3_4_stimuli","3_4","Incongruent","Incongruent","Incongruent","Incongruent",75.999453,76.199453,"4$",1.020286,"Correct","Correct","Correct","Correct"
"9",39,"5_6_stimuli","6_5","Incongruent","Incongruent","Incongruent","Incongruent",77.999434,78.199447,"6^",0.668497,"Error","Correct","Correct","Correct"
"9",40,"7_8_stimuli","8_8","Congruent","Incongruent","Incongruent","Incongruent",79.999437,80.199428,"8*",0.476002,"Correct","Error","Correct","Correct"
"9",41,"1_2_stimuli","1_2","Incongruent","Congruent","Incongruent","Incongruent",81.999419,82.199409,"2@",0.668048,"Correct","Correct","Error","Correct"
"9",42,"3_4_stimuli","3_3","Congruent","Incongruent","Congruent","Incongruent",83.999393,84.199398,"4$",0.892358,"Error","Correct","Correct","Error"
"9",43,"5_6_stimuli","6_5","Incongruent","Congruent","Incongruent","Congruent",85.999393,86.199379,"5%",0.620492,"Correct","Error","Correct","Correct"
"9",44,"7_8_stimuli","7_7","Congruent","Incongruent","Congruent","Incongruent",87.999371,88.199374,"7&",0.684835,"Correct","Correct","Error","Correct"
"9",45,"1_2_stimuli","2_1","Incongruent","Congruent","Incongruent","Congruent",89.999359,90.199366,"1!",0.684013,"Correct","Correct","Correct","Error"
"9",46,"3_4_stimuli","4_3","Incongruent","Incongruent","Congruent","Incongruent",91.999347,92.199337,"3#",0.732488,"Correct","Correct","Correct","Correct"
"9",47,"5_6_stimuli","5_5","Congruent","Incongruent","Incongruent","Congruent",93.999333,94.199326,"5%",1.164506,"Correct","Correct","Correct","Correct"
"9",48,"7_8_stimuli","8_7","Incongruent","Congruent","Incongruent","Incongruent",95.999314,96.199308,"7&",0.924458,"Correct","Correct","Correct","Correct"
"9",49,"1_2_stimuli","2_1","Incongruent","Incongruent","Congruent","Incongruent",97.999297,98.199301,"1!",0.524313,"Correct","Correct","Correct","Correct"
"9",50,"3_4_stimuli","4_3","Incongruent","Incongruent","Incongruent","Congruent",99.999289,100.199282,"3#",0.70052,"Correct","Correct","Correct","Correct"
"9",51,"5_6_stimuli","5_5","Congruent","Incongruent","Incongruent","Incongruent",101.999275,102.199267,"Omission",5000,"Omission","Correct","Correct","Correct"
"9",52,"7_8_stimuli","8_8","Congruent","Congruent","Incongruent","Incongruent",103.999253,104.199249,"8*",0.540652,"Correct","Omission","Correct","Correct"
"9",53,"1_2_stimuli","2_1","Incongruent","Congruent","Congruent","Incongruent",105.999238,106.199242,"1!",0.540202,"Correct","Correct","Omission","Correct"
"9",54,"3_4_stimuli","4_4","Congruent","Incongruent","Congruent","Congruent",107.999233,108.199221,"7&",0.604387,"Error","Correct","Correct","Omission"
"9",55,"5_6_stimuli","6_6","Congruent","Congruent","Incongruent","Congruent",109.999208,110.199213,"Omission",5000,"Omission","Error","Correct","Correct"
"9",56,"7_8_stimuli","8_7","Incongruent","Congruent","Congruent","Incongruent",111.999205,112.199191,"7&",0.492634,"Correct","Omission","Error","Correct"
"9",57,"1_2_stimuli","1_2","Incongruent","Incongruent","Congruent","Congruent",113.999189,114.19919,"1!",0.6533,"Error","Correct","Omission","Error"
"9",58,"3_4_stimuli","4_4","Congruent","Incongruent","Incongruent","Congruent",115.999175,116.199163,"4$",0.732208,"Correct","Error","Correct","Omission"
"9",59,"5_6_stimuli","5_6","Incongruent","Congruent","Incongruent","Incongruent",117.999153,118.199156,"5%",0.829005,"Error","Correct","Error","Correct"
"9",60,"7_8_stimuli","8_7","Incongruent","Incongruent","Congruent","Incongruent",119.999139,120.199153,"7&",0.653628,"Correct","Error","Correct","Error"
"9",61,"1_2_stimuli","1_2","Incongruent","Incongruent","Incongruent","Congruent",121.999128,122.199126,"2@",0.492754,"Correct","Correct","Error","Correct"
"9",62,"3_4_stimuli","3_3","Congruent","Incongruent","Incongruent","Incongruent",123.99911,124.19911,"3#",0.556326,"Correct","Correct","Correct","Error"
"9",63,"5_6_stimuli","5_5","Congruent","Congruent","Incongruent","Incongruent",125.999101,126.199096,"5%",0.908269,"Correct","Correct","Correct","Correct"
"9",64,"7_8_stimuli","7_7","Congruent","Congruent","Congruent","Incongruent",127.999087,128.199086,"7&",0.637065,"Correct","Correct","Correct","Correct"
"9",65,"1_2_stimuli","2_2","Congruent","Congruent","Congruent","Congruent",129.999077,130.199075,"2@",0.700948,"Correct","Correct","Correct","Correct"
"9",66,"3_4_stimuli","4_3","Incongruent","Congruent","Congruent","Congruent",131.99905,132.199058,"3#",0.748399,"Correct","Correct","Correct","Correct"
"9",67,"5_6_stimuli","6_5","Incongruent","Incongruent","Congruent","Congruent",133.999046,134.199045,"5%",1.037027,"Correct","Correct","Correct","Correct"
"9",68,"7_8_stimuli","7_7","Congruent","Incongruent","Incongruent","Congruent",135.999028,136.199026,"7&",0.812452,"Correct","Correct","Correct","Correct"
"10",1,"1_2_stimuli","1_1","Congruent",NA,NA,NA,1.999991,2.199983,"1!",0.506896,"Correct",NA,NA,NA
"10",2,"3_4_stimuli","3_4","Incongruent","Congruent",NA,NA,3.999979,4.199976,"4$",0.730512,"Correct","Correct",NA,NA
"10",3,"5_6_stimuli","5_5","Congruent","Incongruent","Congruent",NA,5.999958,6.199953,"5%",0.53919,"Correct","Correct","Correct",NA
"10",4,"7_8_stimuli","8_7","Incongruent","Congruent","Incongruent","Congruent",7.999939,8.199937,"7&",0.378846,"Correct","Correct","Correct","Correct"
"10",5,"1_2_stimuli","2_2","Congruent","Incongruent","Congruent","Incongruent",9.999933,10.199927,"2@",0.571122,"Correct","Correct","Correct","Correct"
"10",6,"3_4_stimuli","3_3","Congruent","Congruent","Incongruent","Congruent",11.999919,12.199914,"3#",0.53929,"Correct","Correct","Correct","Correct"
"10",7,"5_6_stimuli","6_5","Incongruent","Congruent","Congruent","Incongruent",13.999913,14.199895,"4$",0.410995,"Error","Correct","Correct","Correct"
"10",8,"7_8_stimuli","7_7","Congruent","Incongruent","Congruent","Congruent",15.999891,16.199892,"7&",0.65103,"Correct","Error","Correct","Correct"
"10",9,"1_2_stimuli","2_1","Incongruent","Congruent","Incongruent","Congruent",17.999866,18.199881,"1!",0.523199,"Correct","Correct","Error","Correct"
"10",10,"3_4_stimuli","3_4","Incongruent","Incongruent","Congruent","Incongruent",19.999869,20.199863,"4$",0.586568,"Correct","Correct","Correct","Error"
"10",11,"5_6_stimuli","6_5","Incongruent","Incongruent","Incongruent","Congruent",21.999851,22.199843,"5%",0.730567,"Correct","Correct","Correct","Correct"
"10",12,"7_8_stimuli","7_8","Incongruent","Incongruent","Incongruent","Incongruent",23.99983,24.199827,"8*",0.586674,"Correct","Correct","Correct","Correct"
"10",13,"1_2_stimuli","1_1","Congruent","Incongruent","Incongruent","Incongruent",25.999826,26.19982,"1!",0.491096,"Correct","Correct","Correct","Correct"
"10",14,"3_4_stimuli","3_3","Congruent","Congruent","Incongruent","Incongruent",27.999807,28.199802,"3#",0.506977,"Correct","Correct","Correct","Correct"
"10",15,"5_6_stimuli","6_6","Congruent","Congruent","Congruent","Incongruent",29.999787,30.199797,"6^",0.763184,"Correct","Correct","Correct","Correct"
"10",16,"7_8_stimuli","8_8","Congruent","Congruent","Congruent","Congruent",31.999782,32.199783,"8*",0.426628,"Correct","Correct","Correct","Correct"
"10",17,"1_2_stimuli","1_2","Incongruent","Congruent","Congruent","Congruent",33.999766,34.199757,"1!",0.379208,"Error","Correct","Correct","Correct"
"10",18,"3_4_stimuli","4_4","Congruent","Incongruent","Congruent","Congruent",35.999747,36.199739,"3#",0.474728,"Error","Error","Correct","Correct"
"10",19,"5_6_stimuli","5_6","Incongruent","Congruent","Incongruent","Congruent",37.999734,38.199734,"6^",0.763119,"Correct","Error","Error","Correct"
"10",20,"7_8_stimuli","8_8","Congruent","Incongruent","Congruent","Incongruent",39.999716,40.199715,"8*",0.507337,"Correct","Correct","Error","Error"
"10",21,"1_2_stimuli","1_1","Congruent","Congruent","Incongruent","Congruent",41.999713,42.199702,"1!",0.410766,"Correct","Correct","Correct","Error"
"10",22,"3_4_stimuli","3_3","Congruent","Congruent","Congruent","Incongruent",43.999689,44.199686,"3#",0.683278,"Correct","Correct","Correct","Correct"
"10",23,"5_6_stimuli","6_5","Incongruent","Congruent","Congruent","Congruent",45.999674,46.199682,"5%",0.731601,"Correct","Correct","Correct","Correct"
"10",24,"7_8_stimuli","7_8","Incongruent","Incongruent","Congruent","Congruent",47.999657,48.199666,"8*",0.95522,"Correct","Correct","Correct","Correct"
"10",25,"1_2_stimuli","2_1","Incongruent","Incongruent","Incongruent","Congruent",49.99965,50.199649,"1!",0.618802,"Correct","Correct","Correct","Correct"
"10",26,"3_4_stimuli","3_3","Congruent","Incongruent","Incongruent","Incongruent",51.999632,52.199624,"3#",0.45881,"Correct","Correct","Correct","Correct"
"10",27,"5_6_stimuli","5_5","Congruent","Congruent","Incongruent","Incongruent",53.999617,54.199624,"5%",0.635608,"Correct","Correct","Correct","Correct"
"10",28,"7_8_stimuli","8_7","Incongruent","Congruent","Congruent","Incongruent",55.999608,56.199605,"7&",0.459423,"Correct","Correct","Correct","Correct"
"10",29,"1_2_stimuli","1_1","Congruent","Incongruent","Congruent","Congruent",57.999592,58.199597,"1!",0.443218,"Correct","Correct","Correct","Correct"
"10",30,"3_4_stimuli","4_3","Incongruent","Congruent","Incongruent","Congruent",59.999579,60.199572,"3#",0.827429,"Correct","Correct","Correct","Correct"
"10",31,"5_6_stimuli","6_6","Congruent","Incongruent","Congruent","Incongruent",61.999559,62.199565,"6^",0.699256,"Correct","Correct","Correct","Correct"
"10",32,"7_8_stimuli","7_8","Incongruent","Congruent","Incongruent","Congruent",63.999554,64.199554,"8*",0.69898,"Correct","Correct","Correct","Correct"
"10",33,"1_2_stimuli","1_2","Incongruent","Incongruent","Congruent","Incongruent",65.99954,66.199541,"1!",0.411384,"Error","Correct","Correct","Correct"
"10",34,"3_4_stimuli","4_4","Congruent","Incongruent","Incongruent","Congruent",67.999512,68.199515,"4$",0.651328,"Correct","Error","Correct","Correct"
"10",35,"5_6_stimuli","5_6","Incongruent","Congruent","Incongruent","Incongruent",69.999505,70.199508,"6^",0.683716,"Correct","Correct","Error","Correct"
"10",36,"7_8_stimuli","8_7","Incongruent","Incongruent","Congruent","Incongruent",71.999497,72.199497,"7&",0.971023,"Correct","Correct","Correct","Error"
"10",37,"1_2_stimuli","1_1","Congruent","Incongruent","Incongruent","Congruent",73.99947,74.199468,"1!",0.586992,"Correct","Correct","Correct","Correct"
"10",38,"3_4_stimuli","3_4","Incongruent","Congruent","Incongruent","Incongruent",75.999463,76.199461,"4$",0.795332,"Correct","Correct","Correct","Correct"
"10",39,"5_6_stimuli","5_6","Incongruent","Incongruent","Congruent","Incongruent",77.999449,78.199454,"6^",0.571569,"Correct","Correct","Correct","Correct"
"10",40,"7_8_stimuli","8_7","Incongruent","Incongruent","Incongruent","Congruent",79.999431,80.199441,"7&",0.603154,"Correct","Correct","Correct","Correct"
"10",41,"1_2_stimuli","2_1","Incongruent","Incongruent","Incongruent","Incongruent",81.999424,82.199419,"1!",0.523587,"Correct","Correct","Correct","Correct"
"10",42,"3_4_stimuli","4_3","Incongruent","Incongruent","Incongruent","Incongruent",83.999403,84.199399,"3#",0.811128,"Correct","Correct","Correct","Correct"
"10",43,"5_6_stimuli","6_5","Incongruent","Incongruent","Incongruent","Incongruent",85.99939,86.199388,"5%",0.939499,"Correct","Correct","Correct","Correct"
"10",44,"7_8_stimuli","8_8","Congruent","Incongruent","Incongruent","Incongruent",87.999371,88.199381,"8*",0.507323,"Correct","Correct","Correct","Correct"
"10",45,"1_2_stimuli","2_2","Congruent","Congruent","Incongruent","Incongruent",89.999357,90.199355,"2@",0.699405,"Correct","Correct","Correct","Correct"
"10",46,"3_4_stimuli","4_3","Incongruent","Congruent","Congruent","Incongruent",91.999352,92.199346,"3#",0.843502,"Correct","Correct","Correct","Correct"
"10",47,"5_6_stimuli","5_6","Incongruent","Incongruent","Congruent","Congruent",93.999335,94.199333,"6^",0.747224,"Correct","Correct","Correct","Correct"
"10",48,"7_8_stimuli","7_7","Congruent","Incongruent","Incongruent","Congruent",95.999329,96.199321,"7&",0.299818,"Correct","Correct","Correct","Correct"
"10",49,"1_2_stimuli","1_2","Incongruent","Congruent","Incongruent","Incongruent",97.999302,98.199303,"1!",0.443753,"Error","Correct","Correct","Correct"
"10",50,"3_4_stimuli","4_4","Congruent","Incongruent","Congruent","Incongruent",99.999291,100.199285,"4$",0.699663,"Correct","Error","Correct","Correct"
"10",51,"5_6_stimuli","6_6","Congruent","Congruent","Incongruent","Congruent",101.999272,102.19928,"5%",0.459828,"Error","Correct","Error","Correct"
"10",52,"7_8_stimuli","8_8","Congruent","Congruent","Congruent","Incongruent",103.999263,104.199257,"8*",0.3475,"Correct","Error","Correct","Error"
"10",53,"1_2_stimuli","2_2","Congruent","Congruent","Congruent","Congruent",105.999245,106.199243,"2@",0.907338,"Correct","Correct","Error","Correct"
"10",54,"3_4_stimuli","3_4","Incongruent","Congruent","Congruent","Congruent",107.99923,108.199238,"4$",0.47561,"Correct","Correct","Correct","Error"
"10",55,"5_6_stimuli","5_5","Congruent","Incongruent","Congruent","Congruent",109.999225,110.199212,"5%",0.667352,"Correct","Correct","Correct","Correct"
"10",56,"7_8_stimuli","7_7","Congruent","Congruent","Incongruent","Congruent",111.999206,112.199199,"7&",0.587356,"Correct","Correct","Correct","Correct"
"10",57,"1_2_stimuli","2_1","Incongruent","Congruent","Congruent","Incongruent",113.999199,114.199182,"1!",0.603965,"Correct","Correct","Correct","Correct"
"10",58,"3_4_stimuli","3_4","Incongruent","Incongruent","Congruent","Congruent",115.999173,116.199171,"4$",0.651704,"Correct","Correct","Correct","Correct"
"10",59,"5_6_stimuli","5_5","Congruent","Incongruent","Incongruent","Congruent",117.999156,118.199158,"5%",0.651661,"Correct","Correct","Correct","Correct"
"10",60,"7_8_stimuli","7_7","Congruent","Congruent","Incongruent","Incongruent",119.999152,120.199143,"7&",0.875476,"Correct","Correct","Correct","Correct"
"10",61,"1_2_stimuli","2_2","Congruent","Congruent","Congruent","Incongruent",121.99914,122.199134,"2@",0.587635,"Correct","Correct","Correct","Correct"
"10",62,"3_4_stimuli","4_4","Congruent","Congruent","Congruent","Congruent",123.999122,124.199111,"4$",0.571884,"Correct","Correct","Correct","Correct"
"10",63,"5_6_stimuli","6_6","Congruent","Congruent","Congruent","Congruent",125.999101,126.199098,"6^",0.843453,"Correct","Correct","Correct","Correct"
"10",64,"7_8_stimuli","8_7","Incongruent","Congruent","Congruent","Congruent",127.999091,128.199094,"7&",0.811729,"Correct","Correct","Correct","Correct"
"10",65,"1_2_stimuli","1_2","Incongruent","Incongruent","Congruent","Congruent",129.999078,130.19907,"2@",0.73146,"Correct","Correct","Correct","Correct"
"10",66,"3_4_stimuli","4_3","Incongruent","Incongruent","Incongruent","Congruent",131.999064,132.199058,"3#",1.116315,"Correct","Correct","Correct","Correct"
"10",67,"5_6_stimuli","5_5","Congruent","Incongruent","Incongruent","Incongruent",133.999043,134.19905,"5%",1.11595,"Correct","Correct","Correct","Correct"
"10",68,"7_8_stimuli","7_8","Incongruent","Congruent","Incongruent","Incongruent",135.999035,136.199031,"8*",0.748182,"Correct","Correct","Correct","Correct"
"11",1,"1_2_stimuli","1_2","Incongruent",NA,NA,NA,1.999986,2.199984,"2@",0.734334,"Correct",NA,NA,NA
"11",2,"3_4_stimuli","4_3","Incongruent","Incongruent",NA,NA,3.999963,4.199969,"3#",0.478249,"Correct","Correct",NA,NA
"11",3,"5_6_stimuli","6_5","Incongruent","Incongruent","Incongruent",NA,5.999949,6.199953,"5%",0.589828,"Correct","Correct","Correct",NA
"11",4,"7_8_stimuli","7_7","Congruent","Incongruent","Incongruent","Incongruent",7.999946,8.199938,"7&",0.574066,"Correct","Correct","Correct","Correct"
"11",5,"1_2_stimuli","1_2","Incongruent","Congruent","Incongruent","Incongruent",9.999924,10.199931,"2@",0.605781,"Correct","Correct","Correct","Correct"
"11",6,"3_4_stimuli","4_3","Incongruent","Incongruent","Congruent","Incongruent",11.999915,12.199914,"3#",0.606366,"Correct","Correct","Correct","Correct"
"11",7,"5_6_stimuli","5_5","Congruent","Incongruent","Incongruent","Congruent",13.999902,14.19989,"5%",0.766238,"Correct","Correct","Correct","Correct"
"11",8,"7_8_stimuli","8_8","Congruent","Congruent","Incongruent","Incongruent",15.999882,16.199874,"8*",0.541855,"Correct","Correct","Correct","Correct"
"11",9,"1_2_stimuli","1_1","Congruent","Congruent","Congruent","Incongruent",17.999879,18.199865,"1!",0.478345,"Correct","Correct","Correct","Correct"
"11",10,"3_4_stimuli","3_4","Incongruent","Congruent","Congruent","Congruent",19.999864,20.199846,"4$",0.765879,"Correct","Correct","Correct","Correct"
"11",11,"5_6_stimuli","6_5","Incongruent","Incongruent","Congruent","Congruent",21.999841,22.199848,"5%",0.605944,"Correct","Correct","Correct","Correct"
"11",12,"7_8_stimuli","8_7","Incongruent","Incongruent","Incongruent","Congruent",23.999823,24.199823,"7&",0.589864,"Correct","Correct","Correct","Correct"
"11",13,"1_2_stimuli","1_1","Congruent","Incongruent","Incongruent","Incongruent",25.999816,26.199804,"1!",0.462639,"Correct","Correct","Correct","Correct"
"11",14,"3_4_stimuli","3_4","Incongruent","Congruent","Incongruent","Incongruent",27.999792,28.199793,"4$",0.622164,"Correct","Correct","Correct","Correct"
"11",15,"5_6_stimuli","6_6","Congruent","Incongruent","Congruent","Incongruent",29.999782,30.199786,"6^",0.718725,"Correct","Correct","Correct","Correct"
"11",16,"7_8_stimuli","7_8","Incongruent","Congruent","Incongruent","Congruent",31.999779,32.199766,"8*",0.510493,"Correct","Correct","Correct","Correct"
"11",17,"1_2_stimuli","1_2","Incongruent","Incongruent","Congruent","Incongruent",33.99975,34.199752,"2@",0.558051,"Correct","Correct","Correct","Correct"
"11",18,"3_4_stimuli","4_4","Congruent","Incongruent","Incongruent","Congruent",35.99975,36.199735,"4$",0.334491,"Correct","Correct","Correct","Correct"
"11",19,"5_6_stimuli","6_5","Incongruent","Congruent","Incongruent","Incongruent",37.999733,38.199724,"6^",0.638023,"Error","Correct","Correct","Correct"
"11",20,"7_8_stimuli","8_8","Congruent","Incongruent","Congruent","Incongruent",39.999715,40.199717,"8*",0.382071,"Correct","Error","Correct","Correct"
"11",21,"1_2_stimuli","2_2","Congruent","Congruent","Incongruent","Congruent",41.999707,42.1997,"2@",0.606457,"Correct","Correct","Error","Correct"
"11",22,"3_4_stimuli","4_4","Congruent","Congruent","Congruent","Incongruent",43.999687,44.19969,"4$",0.382654,"Correct","Correct","Correct","Error"
"11",23,"5_6_stimuli","6_5","Incongruent","Congruent","Congruent","Congruent",45.999679,46.19968,"5%",0.76658,"Correct","Correct","Correct","Correct"
"11",24,"7_8_stimuli","7_7","Congruent","Incongruent","Congruent","Congruent",47.999662,48.199655,"7&",0.558038,"Correct","Correct","Correct","Correct"
"11",25,"1_2_stimuli","2_1","Incongruent","Congruent","Incongruent","Congruent",49.999647,50.199634,"1!",0.750169,"Correct","Correct","Correct","Correct"
"11",26,"3_4_stimuli","3_3","Congruent","Incongruent","Congruent","Incongruent",51.999628,52.199623,"3#",0.654601,"Correct","Correct","Correct","Correct"
"11",27,"5_6_stimuli","6_6","Congruent","Congruent","Incongruent","Congruent",53.999614,54.199616,"6^",1.198487,"Correct","Correct","Correct","Correct"
"11",28,"7_8_stimuli","8_7","Incongruent","Congruent","Congruent","Incongruent",55.999601,56.1996,"7&",0.590763,"Correct","Correct","Correct","Correct"
"11",29,"1_2_stimuli","1_2","Incongruent","Incongruent","Congruent","Congruent",57.999586,58.199583,"2@",0.55866,"Correct","Correct","Correct","Correct"
"11",30,"3_4_stimuli","4_3","Incongruent","Incongruent","Incongruent","Congruent",59.999565,60.199576,"3#",0.54239,"Correct","Correct","Correct","Correct"
"11",31,"5_6_stimuli","5_6","Incongruent","Incongruent","Incongruent","Incongruent",61.999556,62.199556,"6^",0.798229,"Correct","Correct","Correct","Correct"
"11",32,"7_8_stimuli","8_8","Congruent","Incongruent","Incongruent","Incongruent",63.999538,64.199534,"8*",0.478608,"Correct","Correct","Correct","Correct"
"11",33,"1_2_stimuli","2_2","Congruent","Congruent","Incongruent","Incongruent",65.999526,66.19953,"2@",0.638274,"Correct","Correct","Correct","Correct"
"11",34,"3_4_stimuli","3_4","Incongruent","Congruent","Congruent","Incongruent",67.999516,68.199514,"4$",0.606212,"Correct","Correct","Correct","Correct"
"11",35,"5_6_stimuli","5_5","Congruent","Incongruent","Congruent","Congruent",69.999504,70.199498,"5%",0.718211,"Correct","Correct","Correct","Correct"
"11",36,"7_8_stimuli","7_7","Congruent","Congruent","Incongruent","Congruent",71.99949,72.199483,"7&",0.702253,"Correct","Correct","Correct","Correct"
"11",37,"1_2_stimuli","2_1","Incongruent","Congruent","Congruent","Incongruent",73.999473,74.199463,"1!",0.414817,"Correct","Correct","Correct","Correct"
"11",38,"3_4_stimuli","3_3","Congruent","Incongruent","Congruent","Congruent",75.999457,76.199453,"3#",0.751115,"Correct","Correct","Correct","Correct"
"11",39,"5_6_stimuli","5_6","Incongruent","Congruent","Incongruent","Congruent",77.999455,78.199444,"6^",0.878345,"Correct","Correct","Correct","Correct"
"11",40,"7_8_stimuli","8_7","Incongruent","Incongruent","Congruent","Incongruent",79.999434,80.199425,"7&",0.590772,"Correct","Correct","Correct","Correct"
"11",41,"1_2_stimuli","2_2","Congruent","Incongruent","Incongruent","Congruent",81.99942,82.199411,"2@",0.510872,"Correct","Correct","Correct","Correct"
"11",42,"3_4_stimuli","3_3","Congruent","Congruent","Incongruent","Incongruent",83.999406,84.199397,"3#",0.510529,"Correct","Correct","Correct","Correct"
"11",43,"5_6_stimuli","5_5","Congruent","Congruent","Congruent","Incongruent",85.999396,86.199386,"5%",0.574482,"Correct","Correct","Correct","Correct"
"11",44,"7_8_stimuli","8_8","Congruent","Congruent","Congruent","Congruent",87.999372,88.199373,"8*",0.462818,"Correct","Correct","Correct","Correct"
"11",45,"1_2_stimuli","1_1","Congruent","Congruent","Congruent","Congruent",89.999363,90.199358,"1!",0.526446,"Correct","Correct","Correct","Correct"
"11",46,"3_4_stimuli","4_4","Congruent","Congruent","Congruent","Congruent",91.999352,92.199339,"4$",0.750452,"Correct","Correct","Correct","Correct"
"11",47,"5_6_stimuli","6_6","Congruent","Congruent","Congruent","Congruent",93.99933,94.199335,"6^",0.687261,"Correct","Correct","Correct","Correct"
"11",48,"7_8_stimuli","7_8","Incongruent","Congruent","Congruent","Congruent",95.999319,96.199318,"8*",0.46268,"Correct","Correct","Correct","Correct"
"11",49,"1_2_stimuli","1_1","Congruent","Incongruent","Congruent","Congruent",97.999309,98.199305,"1!",0.462514,"Correct","Correct","Correct","Correct"
"11",50,"3_4_stimuli","3_3","Congruent","Congruent","Incongruent","Congruent",99.999299,100.19929,"3#",0.846538,"Correct","Correct","Correct","Correct"
"11",51,"5_6_stimuli","6_5","Incongruent","Congruent","Congruent","Incongruent",101.999278,102.199271,"5%",0.671046,"Correct","Correct","Correct","Correct"
"11",52,"7_8_stimuli","8_7","Incongruent","Incongruent","Congruent","Congruent",103.999257,104.199268,"7&",0.671411,"Correct","Correct","Correct","Correct"
"11",53,"1_2_stimuli","2_1","Incongruent","Incongruent","Incongruent","Congruent",105.999246,106.199237,"1!",0.478763,"Correct","Correct","Correct","Correct"
"11",54,"3_4_stimuli","4_4","Congruent","Incongruent","Incongruent","Incongruent",107.999226,108.199229,"4$",0.622605,"Correct","Correct","Correct","Correct"
"11",55,"5_6_stimuli","5_5","Congruent","Congruent","Incongruent","Incongruent",109.999218,110.199215,"5%",0.671219,"Correct","Correct","Correct","Correct"
"11",56,"7_8_stimuli","7_7","Congruent","Congruent","Congruent","Incongruent",111.9992,112.199201,"7&",0.526653,"Correct","Correct","Correct","Correct"
"11",57,"1_2_stimuli","1_2","Incongruent","Congruent","Congruent","Congruent",113.999185,114.199184,"2@",0.590706,"Correct","Correct","Correct","Correct"
"11",58,"3_4_stimuli","4_3","Incongruent","Incongruent","Congruent","Congruent",115.999171,116.199177,"3#",1.070588,"Correct","Correct","Correct","Correct"
"11",59,"5_6_stimuli","5_6","Incongruent","Incongruent","Incongruent","Congruent",117.999157,118.199163,"6^",0.750677,"Correct","Correct","Correct","Correct"
"11",60,"7_8_stimuli","7_8","Incongruent","Incongruent","Incongruent","Incongruent",119.999151,120.199144,"8*",0.57465,"Correct","Correct","Correct","Correct"
"11",61,"1_2_stimuli","2_1","Incongruent","Incongruent","Incongruent","Incongruent",121.999141,122.199126,"1!",0.494996,"Correct","Correct","Correct","Correct"
"11",62,"3_4_stimuli","3_4","Incongruent","Incongruent","Incongruent","Incongruent",123.999112,124.199094,"4$",0.879236,"Correct","Correct","Correct","Correct"
"11",63,"5_6_stimuli","6_6","Congruent","Incongruent","Incongruent","Incongruent",125.999102,126.1991,"6^",0.686886,"Correct","Correct","Correct","Correct"
"11",64,"7_8_stimuli","7_8","Incongruent","Congruent","Incongruent","Incongruent",127.999089,128.199086,"8*",0.319382,"Correct","Correct","Correct","Correct"
"11",65,"1_2_stimuli","2_2","Congruent","Incongruent","Congruent","Incongruent",129.999068,130.199077,"1!",0.383259,"Error","Correct","Correct","Correct"
"11",66,"3_4_stimuli","4_3","Incongruent","Congruent","Incongruent","Congruent",131.999053,132.199063,"3#",0.543149,"Correct","Error","Correct","Correct"
"11",67,"5_6_stimuli","5_6","Incongruent","Incongruent","Congruent","Incongruent",133.99905,134.199045,"6^",0.495431,"Correct","Correct","Error","Correct"
"11",68,"7_8_stimuli","7_7","Congruent","Incongruent","Incongruent","Congruent",135.999031,136.199029,"7&",0.862809,"Correct","Correct","Correct","Error"
"12",1,"1_2_stimuli","1_2","Incongruent",NA,NA,NA,1.999989,2.19999,"2@",0.548947,"Correct",NA,NA,NA
"12",2,"3_4_stimuli","4_4","Congruent","Incongruent",NA,NA,3.999977,4.19998,"4$",0.469148,"Correct","Correct",NA,NA
"12",3,"5_6_stimuli","5_5","Congruent","Congruent","Incongruent",NA,5.999959,6.199968,"5%",0.421446,"Correct","Correct","Correct",NA
"12",4,"7_8_stimuli","7_7","Congruent","Congruent","Congruent","Incongruent",7.999954,8.199944,"7&",0.485547,"Correct","Correct","Correct","Correct"
"12",5,"1_2_stimuli","1_2","Incongruent","Congruent","Congruent","Congruent",9.999935,10.199935,"2@",0.53297,"Correct","Correct","Correct","Correct"
"12",6,"3_4_stimuli","3_4","Incongruent","Incongruent","Congruent","Congruent",11.999919,12.199911,"4$",0.613498,"Correct","Correct","Correct","Correct"
"12",7,"5_6_stimuli","6_5","Incongruent","Incongruent","Incongruent","Congruent",13.999903,14.199909,"5%",0.613213,"Correct","Correct","Correct","Correct"
"12",8,"7_8_stimuli","8_7","Incongruent","Incongruent","Incongruent","Incongruent",15.999894,16.199894,"7&",0.549121,"Correct","Correct","Correct","Correct"
"12",9,"1_2_stimuli","2_2","Congruent","Incongruent","Incongruent","Incongruent",17.999882,18.199876,"2@",0.40508,"Correct","Correct","Correct","Correct"
"12",10,"3_4_stimuli","4_3","Incongruent","Congruent","Incongruent","Incongruent",19.999868,20.199861,"3#",0.533092,"Correct","Correct","Correct","Correct"
"12",11,"5_6_stimuli","5_6","Incongruent","Incongruent","Congruent","Incongruent",21.999847,22.199854,"6^",0.469568,"Correct","Correct","Correct","Correct"
"12",12,"7_8_stimuli","7_7","Congruent","Incongruent","Incongruent","Congruent",23.999835,24.199826,"7&",0.341153,"Correct","Correct","Correct","Correct"
"12",13,"1_2_stimuli","2_2","Congruent","Congruent","Incongruent","Incongruent",25.999821,26.199824,"2@",0.437506,"Correct","Correct","Correct","Correct"
"12",14,"3_4_stimuli","4_4","Congruent","Congruent","Congruent","Incongruent",27.999813,28.199812,"4$",0.517132,"Correct","Correct","Correct","Correct"
"12",15,"5_6_stimuli","6_6","Congruent","Congruent","Congruent","Congruent",29.999803,30.199791,"6^",0.389183,"Correct","Correct","Correct","Correct"
"12",16,"7_8_stimuli","7_8","Incongruent","Congruent","Congruent","Congruent",31.99978,32.19978,"7&",0.453761,"Error","Correct","Correct","Correct"
"12",17,"1_2_stimuli","2_1","Incongruent","Incongruent","Congruent","Congruent",33.999769,34.19976,"1!",0.374012,"Correct","Error","Correct","Correct"
"12",18,"3_4_stimuli","3_4","Incongruent","Incongruent","Incongruent","Congruent",35.999747,36.199758,"4$",0.421259,"Correct","Correct","Error","Correct"
"12",19,"5_6_stimuli","5_6","Incongruent","Incongruent","Incongruent","Incongruent",37.999744,38.199738,"6^",0.533484,"Correct","Correct","Correct","Error"
"12",20,"7_8_stimuli","7_7","Congruent","Incongruent","Incongruent","Incongruent",39.999725,40.199724,"7&",0.37346,"Correct","Correct","Correct","Correct"
"12",21,"1_2_stimuli","1_2","Incongruent","Congruent","Incongruent","Incongruent",41.999715,42.199714,"2@",0.453729,"Correct","Correct","Correct","Correct"
"12",22,"3_4_stimuli","4_3","Incongruent","Incongruent","Congruent","Incongruent",43.999691,44.199696,"3#",0.597336,"Correct","Correct","Correct","Correct"
"12",23,"5_6_stimuli","5_5","Congruent","Incongruent","Incongruent","Congruent",45.999683,46.199686,"5%",0.837354,"Correct","Correct","Correct","Correct"
"12",24,"7_8_stimuli","8_8","Congruent","Congruent","Incongruent","Incongruent",47.999667,48.199683,"8*",0.58135,"Correct","Correct","Correct","Correct"
"12",25,"1_2_stimuli","2_2","Congruent","Congruent","Congruent","Incongruent",49.99965,50.199644,"2@",0.533364,"Correct","Correct","Correct","Correct"
"12",26,"3_4_stimuli","4_4","Congruent","Congruent","Congruent","Congruent",51.999647,52.199644,"4$",0.773332,"Correct","Correct","Correct","Correct"
"12",27,"5_6_stimuli","5_6","Incongruent","Congruent","Congruent","Congruent",53.999628,54.19963,"5%",0.949857,"Error","Correct","Correct","Correct"
"12",28,"7_8_stimuli","8_8","Congruent","Incongruent","Congruent","Congruent",55.999603,56.199612,"8*",0.565724,"Correct","Error","Correct","Correct"
"12",29,"1_2_stimuli","2_1","Incongruent","Congruent","Incongruent","Congruent",57.999594,58.199601,"1!",1.077423,"Correct","Correct","Error","Correct"
"12",30,"3_4_stimuli","3_3","Congruent","Incongruent","Congruent","Incongruent",59.99958,60.199577,"3#",0.597922,"Correct","Correct","Correct","Error"
"12",31,"5_6_stimuli","5_6","Incongruent","Congruent","Incongruent","Congruent",61.999591,62.199564,"6^",0.77387,"Correct","Correct","Correct","Correct"
"12",32,"7_8_stimuli","7_8","Incongruent","Incongruent","Congruent","Incongruent",63.99955,64.199546,"8*",0.469922,"Correct","Correct","Correct","Correct"
"12",33,"1_2_stimuli","1_1","Congruent","Incongruent","Incongruent","Congruent",65.999538,66.199545,"1!",0.373817,"Correct","Correct","Correct","Correct"
"12",34,"3_4_stimuli","4_4","Congruent","Congruent","Incongruent","Incongruent",67.99952,68.199523,"4$",0.629856,"Correct","Correct","Correct","Correct"
"12",35,"5_6_stimuli","5_5","Congruent","Congruent","Congruent","Incongruent",69.999512,70.199504,"5%",0.806075,"Correct","Correct","Correct","Correct"
"12",36,"7_8_stimuli","8_8","Congruent","Congruent","Congruent","Congruent",71.999501,72.199486,"8*",0.517556,"Correct","Correct","Correct","Correct"
"12",37,"1_2_stimuli","1_1","Congruent","Congruent","Congruent","Congruent",73.999478,74.199479,"1!",0.469996,"Correct","Correct","Correct","Correct"
"12",38,"3_4_stimuli","3_4","Incongruent","Congruent","Congruent","Congruent",75.999475,76.199468,"4$",0.565566,"Correct","Correct","Correct","Correct"
"12",39,"5_6_stimuli","6_5","Incongruent","Incongruent","Congruent","Congruent",77.999451,78.199443,"5%",0.518321,"Correct","Correct","Correct","Correct"
"12",40,"7_8_stimuli","8_7","Incongruent","Incongruent","Incongruent","Congruent",79.999436,80.199438,"7&",0.709604,"Correct","Correct","Correct","Correct"
"12",41,"1_2_stimuli","1_2","Incongruent","Incongruent","Incongruent","Incongruent",81.999431,82.199432,"2@",0.437894,"Correct","Correct","Correct","Correct"
"12",42,"3_4_stimuli","3_4","Incongruent","Incongruent","Incongruent","Incongruent",83.999416,84.199418,"4$",0.581542,"Correct","Correct","Correct","Correct"
"12",43,"5_6_stimuli","6_6","Congruent","Incongruent","Incongruent","Incongruent",85.999407,86.199397,"6^",0.789872,"Correct","Correct","Correct","Correct"
"12",44,"7_8_stimuli","8_7","Incongruent","Congruent","Incongruent","Incongruent",87.999384,88.199384,"7&",0.982249,"Correct","Correct","Correct","Correct"
"12",45,"1_2_stimuli","1_1","Congruent","Incongruent","Congruent","Incongruent",89.999368,90.199366,"2@",0.741689,"Error","Correct","Correct","Correct"
"12",46,"3_4_stimuli","3_3","Congruent","Congruent","Incongruent","Congruent",91.999363,92.199359,"3#",0.550527,"Correct","Error","Correct","Correct"
"12",47,"5_6_stimuli","6_5","Incongruent","Congruent","Congruent","Incongruent",93.999334,94.199344,"6^",0.742202,"Error","Correct","Error","Correct"
"12",48,"7_8_stimuli","8_7","Incongruent","Incongruent","Congruent","Congruent",95.999323,96.199317,"7&",0.629734,"Correct","Error","Correct","Error"
"12",49,"1_2_stimuli","2_1","Incongruent","Incongruent","Incongruent","Congruent",97.9993,98.199309,"1!",0.502443,"Correct","Correct","Error","Correct"
"12",50,"3_4_stimuli","3_3","Congruent","Incongruent","Incongruent","Incongruent",99.999293,100.199292,"3#",0.662176,"Correct","Correct","Correct","Error"
"12",51,"5_6_stimuli","6_5","Incongruent","Congruent","Incongruent","Incongruent",101.99928,102.199272,"5%",0.693757,"Correct","Correct","Correct","Correct"
"12",52,"7_8_stimuli","7_7","Congruent","Incongruent","Congruent","Incongruent",103.999264,104.19927,"7&",0.341783,"Correct","Correct","Correct","Correct"
"12",53,"1_2_stimuli","1_1","Congruent","Congruent","Incongruent","Congruent",105.999251,106.199244,"1!",0.453732,"Correct","Correct","Correct","Correct"
"12",54,"3_4_stimuli","4_3","Incongruent","Congruent","Congruent","Incongruent",107.999238,108.199234,"3#",0.581778,"Correct","Correct","Correct","Correct"
"12",55,"5_6_stimuli","6_6","Congruent","Incongruent","Congruent","Congruent",109.999221,110.199215,"6^",0.486307,"Correct","Correct","Correct","Correct"
"12",56,"7_8_stimuli","8_8","Congruent","Congruent","Incongruent","Congruent",111.99921,112.199203,"8*",0.357872,"Correct","Correct","Correct","Correct"
"12",57,"1_2_stimuli","2_1","Incongruent","Congruent","Congruent","Incongruent",113.999194,114.199205,"2@",0.677856,"Error","Correct","Correct","Correct"
"12",58,"3_4_stimuli","4_4","Congruent","Incongruent","Congruent","Congruent",115.999179,116.199184,"4$",0.630484,"Correct","Error","Correct","Correct"
"12",59,"5_6_stimuli","5_5","Congruent","Congruent","Incongruent","Congruent",117.99916,118.199163,"5%",0.518218,"Correct","Correct","Error","Correct"
"12",60,"7_8_stimuli","7_8","Incongruent","Congruent","Congruent","Incongruent",119.999145,120.199158,"8*",0.566406,"Correct","Correct","Correct","Error"
"12",61,"1_2_stimuli","2_2","Congruent","Incongruent","Congruent","Congruent",121.999137,122.199141,"1!",0.486402,"Error","Correct","Correct","Correct"
"12",62,"3_4_stimuli","4_3","Incongruent","Congruent","Incongruent","Congruent",123.999124,124.199122,"3#",0.693998,"Correct","Error","Correct","Correct"
"12",63,"5_6_stimuli","5_5","Congruent","Incongruent","Congruent","Incongruent",125.99911,126.199104,"5%",0.677951,"Correct","Correct","Error","Correct"
"12",64,"7_8_stimuli","7_8","Incongruent","Congruent","Incongruent","Congruent",127.99908,128.199095,"8*",0.58197,"Correct","Correct","Correct","Error"
"12",65,"1_2_stimuli","1_2","Incongruent","Incongruent","Congruent","Incongruent",129.999079,130.199078,"1!",0.406029,"Error","Correct","Correct","Correct"
"12",66,"3_4_stimuli","3_3","Congruent","Incongruent","Incongruent","Congruent",131.999068,132.199068,"3#",0.486015,"Correct","Error","Correct","Correct"
"12",67,"5_6_stimuli","6_6","Congruent","Congruent","Incongruent","Incongruent",133.999049,134.199055,"5%",1.030005,"Error","Correct","Error","Correct"
"12",68,"7_8_stimuli","7_7","Congruent","Congruent","Congruent","Incongruent",135.999042,136.199041,"7&",0.582014,"Correct","Error","Correct","Error"
"13",1,"1_2_stimuli","1_2","Incongruent",NA,NA,NA,2.000253,2.200245,"2@",0.524789,"Correct",NA,NA,NA
"13",2,"3_4_stimuli","3_3","Congruent","Incongruent",NA,NA,4.000233,4.200231,"3#",0.381431,"Correct","Correct",NA,NA
"13",3,"5_6_stimuli","6_5","Incongruent","Congruent","Incongruent",NA,6.000213,6.200221,"5%",0.605086,"Correct","Correct","Correct",NA
"13",4,"7_8_stimuli","8_7","Incongruent","Incongruent","Congruent","Incongruent",8.000206,8.200203,"7&",0.493438,"Correct","Correct","Correct","Correct"
"13",5,"1_2_stimuli","1_2","Incongruent","Incongruent","Incongruent","Congruent",10.000192,10.200188,"2@",0.492818,"Correct","Correct","Correct","Correct"
"13",6,"3_4_stimuli","3_4","Incongruent","Incongruent","Incongruent","Incongruent",12.000182,12.200178,"4$",0.364799,"Correct","Correct","Correct","Correct"
"13",7,"5_6_stimuli","6_5","Incongruent","Incongruent","Incongruent","Incongruent",14.000166,14.200162,"5%",0.636885,"Correct","Correct","Correct","Correct"
"13",8,"7_8_stimuli","7_7","Congruent","Incongruent","Incongruent","Incongruent",16.000146,16.200145,"7&",0.589408,"Correct","Correct","Correct","Correct"
"13",9,"1_2_stimuli","2_2","Congruent","Congruent","Incongruent","Incongruent",18.000129,18.200131,"1!",0.380941,"Error","Correct","Correct","Correct"
"13",10,"3_4_stimuli","4_3","Incongruent","Congruent","Congruent","Incongruent",20.000121,20.200116,"3#",0.509009,"Correct","Error","Correct","Correct"
"13",11,"5_6_stimuli","6_6","Congruent","Incongruent","Congruent","Congruent",22.000103,22.20011,"7&",0.669436,"Error","Correct","Error","Correct"
"13",12,"7_8_stimuli","7_8","Incongruent","Congruent","Incongruent","Congruent",24.000093,24.20009,"8*",0.700965,"Correct","Error","Correct","Error"
"13",13,"1_2_stimuli","2_2","Congruent","Incongruent","Congruent","Incongruent",26.000076,26.200076,"2@",0.573471,"Correct","Correct","Error","Correct"
"13",14,"3_4_stimuli","4_3","Incongruent","Congruent","Incongruent","Congruent",28.000068,28.200071,"3#",0.525202,"Correct","Correct","Correct","Error"
"13",15,"5_6_stimuli","5_5","Congruent","Incongruent","Congruent","Incongruent",30.00005,30.200047,"6^",0.717846,"Error","Correct","Correct","Correct"
"13",16,"7_8_stimuli","7_7","Congruent","Congruent","Incongruent","Congruent",32.000038,32.200029,"7&",0.605047,"Correct","Error","Correct","Correct"
"13",17,"1_2_stimuli","2_2","Congruent","Congruent","Congruent","Incongruent",34.000029,34.200022,"2@",0.557077,"Correct","Correct","Error","Correct"
"13",18,"3_4_stimuli","4_4","Congruent","Congruent","Congruent","Congruent",36,36.200011,"4$",0.429562,"Correct","Correct","Correct","Error"
"13",19,"5_6_stimuli","6_5","Incongruent","Congruent","Congruent","Congruent",37.999997,38.199992,"5%",0.525552,"Correct","Correct","Correct","Correct"
"13",20,"7_8_stimuli","8_7","Incongruent","Incongruent","Congruent","Congruent",39.999978,40.199983,"7&",0.445606,"Correct","Correct","Correct","Correct"
"13",21,"1_2_stimuli","1_1","Congruent","Incongruent","Incongruent","Congruent",41.999964,42.199969,"1!",0.493584,"Correct","Correct","Correct","Correct"
"13",22,"3_4_stimuli","3_4","Incongruent","Congruent","Incongruent","Incongruent",43.999953,44.199953,"4$",0.685596,"Correct","Correct","Correct","Correct"
"13",23,"5_6_stimuli","5_6","Incongruent","Incongruent","Congruent","Incongruent",45.999931,46.199944,"6^",0.845629,"Correct","Correct","Correct","Correct"
"13",24,"7_8_stimuli","8_7","Incongruent","Incongruent","Incongruent","Congruent",47.999919,48.199929,"8*",0.637077,"Error","Correct","Correct","Correct"
"13",25,"1_2_stimuli","1_2","Incongruent","Incongruent","Incongruent","Incongruent",49.999908,50.199906,"2@",0.637608,"Correct","Error","Correct","Correct"
"13",26,"3_4_stimuli","3_3","Congruent","Incongruent","Incongruent","Incongruent",51.999895,52.199887,"3#",0.621514,"Correct","Correct","Error","Correct"
"13",27,"5_6_stimuli","6_6","Congruent","Congruent","Incongruent","Incongruent",53.999883,54.199877,"6^",0.861632,"Correct","Correct","Correct","Error"
"13",28,"7_8_stimuli","8_8","Congruent","Congruent","Congruent","Incongruent",55.999876,56.199874,"8*",0.461641,"Correct","Correct","Correct","Correct"
"13",29,"1_2_stimuli","2_2","Congruent","Congruent","Congruent","Congruent",57.999855,58.199858,"2@",0.445569,"Correct","Correct","Correct","Correct"
"13",30,"3_4_stimuli","3_4","Incongruent","Congruent","Congruent","Congruent",59.999835,60.199836,"4$",0.509296,"Correct","Correct","Correct","Correct"
"13",31,"5_6_stimuli","5_6","Incongruent","Incongruent","Congruent","Congruent",61.999818,62.199829,"6^",0.621829,"Correct","Correct","Correct","Correct"
"13",32,"7_8_stimuli","7_7","Congruent","Incongruent","Incongruent","Congruent",63.999817,64.199803,"8*",0.509224,"Error","Correct","Correct","Correct"
"13",33,"1_2_stimuli","2_1","Incongruent","Congruent","Incongruent","Incongruent",65.99979,66.199797,"1!",0.493374,"Correct","Error","Correct","Correct"
"13",34,"3_4_stimuli","3_3","Congruent","Incongruent","Congruent","Incongruent",67.999779,68.199776,"3#",0.685733,"Correct","Correct","Error","Correct"
"13",35,"5_6_stimuli","5_5","Congruent","Congruent","Incongruent","Congruent",69.999739,70.199776,"6^",0.973827,"Error","Correct","Correct","Error"
"13",36,"7_8_stimuli","7_8","Incongruent","Congruent","Congruent","Incongruent",71.999752,72.19975,"8*",0.621403,"Correct","Error","Correct","Correct"
"13",37,"1_2_stimuli","1_1","Congruent","Incongruent","Congruent","Congruent",73.999738,74.199743,"1!",0.509314,"Correct","Correct","Error","Correct"
"13",38,"3_4_stimuli","4_4","Congruent","Congruent","Incongruent","Congruent",75.999726,76.199717,"4$",0.589412,"Correct","Correct","Correct","Error"
"13",39,"5_6_stimuli","6_5","Incongruent","Congruent","Congruent","Incongruent",77.999715,78.199719,"5%",1.101367,"Correct","Correct","Correct","Correct"
"13",40,"7_8_stimuli","8_8","Congruent","Incongruent","Congruent","Congruent",79.999704,80.199697,"8*",0.477908,"Correct","Correct","Correct","Correct"
"13",41,"1_2_stimuli","1_1","Congruent","Congruent","Incongruent","Congruent",81.999684,82.199691,"1!",0.541838,"Correct","Correct","Correct","Correct"
"13",42,"3_4_stimuli","3_3","Congruent","Congruent","Congruent","Incongruent",83.999668,84.199673,"3#",0.749711,"Correct","Correct","Correct","Correct"
"13",43,"5_6_stimuli","5_5","Congruent","Congruent","Congruent","Congruent",85.999665,86.199649,"5%",0.749508,"Correct","Correct","Correct","Correct"
"13",44,"7_8_stimuli","7_8","Incongruent","Congruent","Congruent","Congruent",87.999643,88.199646,"8*",0.701898,"Correct","Correct","Correct","Correct"
"13",45,"1_2_stimuli","2_1","Incongruent","Incongruent","Congruent","Congruent",89.999634,90.199631,"1!",0.525893,"Correct","Correct","Correct","Correct"
"13",46,"3_4_stimuli","4_3","Incongruent","Incongruent","Incongruent","Congruent",91.999609,92.199616,"3#",0.717968,"Correct","Correct","Correct","Correct"
"13",47,"5_6_stimuli","5_5","Congruent","Incongruent","Incongruent","Incongruent",93.999601,94.199603,"5%",0.942037,"Correct","Correct","Correct","Correct"
"13",48,"7_8_stimuli","8_8","Congruent","Congruent","Incongruent","Incongruent",95.999576,96.199575,"8*",0.509812,"Correct","Correct","Correct","Correct"
"13",49,"1_2_stimuli","1_2","Incongruent","Congruent","Congruent","Incongruent",97.999569,98.199563,"2@",0.558079,"Correct","Correct","Correct","Correct"
"13",50,"3_4_stimuli","3_4","Incongruent","Incongruent","Congruent","Congruent",99.999557,100.199558,"4$",1.038037,"Correct","Correct","Correct","Correct"
"13",51,"5_6_stimuli","5_6","Incongruent","Incongruent","Incongruent","Congruent",101.999546,102.199548,"6^",0.65383,"Correct","Correct","Correct","Correct"
"13",52,"7_8_stimuli","7_8","Incongruent","Incongruent","Incongruent","Incongruent",103.999532,104.19953,"8*",0.541909,"Correct","Correct","Correct","Correct"
"13",53,"1_2_stimuli","1_1","Congruent","Incongruent","Incongruent","Incongruent",105.999516,106.198995,"1!",0.493766,"Correct","Correct","Correct","Correct"
"13",54,"3_4_stimuli","3_3","Congruent","Congruent","Incongruent","Incongruent",107.998985,108.198976,"3#",0.622451,"Correct","Correct","Correct","Correct"
"13",55,"5_6_stimuli","6_6","Congruent","Congruent","Congruent","Incongruent",109.999489,110.199424,"6^",0.573688,"Correct","Correct","Correct","Correct"
"13",56,"7_8_stimuli","8_8","Congruent","Congruent","Congruent","Congruent",111.999479,112.199456,"8*",0.317601,"Correct","Correct","Correct","Correct"
"13",57,"1_2_stimuli","1_2","Incongruent","Congruent","Congruent","Congruent",113.999457,114.199457,"2@",0.654266,"Correct","Correct","Correct","Correct"
"13",58,"3_4_stimuli","4_4","Congruent","Incongruent","Congruent","Congruent",115.99943,116.199443,"4$",0.510185,"Correct","Correct","Correct","Correct"
"13",59,"5_6_stimuli","5_6","Incongruent","Congruent","Incongruent","Congruent",117.999415,118.199426,"5%",0.605721,"Error","Correct","Correct","Correct"
"13",60,"7_8_stimuli","7_7","Congruent","Incongruent","Congruent","Incongruent",119.999405,120.1994,"7&",0.606221,"Correct","Error","Correct","Correct"
"13",61,"1_2_stimuli","2_1","Incongruent","Congruent","Incongruent","Congruent",121.99939,122.199393,"1!",0.717677,"Correct","Correct","Error","Correct"
"13",62,"3_4_stimuli","4_3","Incongruent","Incongruent","Congruent","Incongruent",123.999384,124.19937,"3#",0.685771,"Correct","Correct","Correct","Error"
"13",63,"5_6_stimuli","6_6","Congruent","Incongruent","Incongruent","Congruent",125.999367,126.199363,"6^",0.798371,"Correct","Correct","Correct","Correct"
"13",64,"7_8_stimuli","8_7","Incongruent","Congruent","Incongruent","Incongruent",127.999345,128.199333,"7&",0.670026,"Correct","Correct","Correct","Correct"
"13",65,"1_2_stimuli","2_1","Incongruent","Incongruent","Congruent","Incongruent",129.999332,130.199342,"1!",0.55783,"Correct","Correct","Correct","Correct"
"13",66,"3_4_stimuli","4_4","Congruent","Incongruent","Incongruent","Congruent",131.99932,132.199323,"4$",0.830512,"Correct","Correct","Correct","Correct"
"13",67,"5_6_stimuli","6_5","Incongruent","Congruent","Incongruent","Incongruent",133.99931,134.199307,"5%",0.622417,"Correct","Correct","Correct","Correct"
"13",68,"7_8_stimuli","8_7","Incongruent","Incongruent","Congruent","Incongruent",135.999289,136.199293,"7&",0.654193,"Correct","Correct","Correct","Correct"
