"Run.Number","Trial.Number","Task","Stimulus","Current.Trial.Type","Previous.Trial.Type","Previous.Trial.Type.N2","Previous.Trial.Type.N3","StimulusOnsetTime","StimulusOffsetTime","Response","RT","Accuracy","PreviousAccuracy","PreviousAccuracy.N2","Previous.Accuracy.N3"
"practice",1,"1_2_stimuli","2_2","Congruent",NA,NA,NA,1.999979,2.199983,"2@",1.074689,"Correct",NA,NA,NA
"practice",2,"3_4_stimuli","3_4","Incongruent","Congruent",NA,NA,3.999966,4.199957,"Omission",5000,"Omission","Correct",NA,NA
"practice",3,"5_6_stimuli","5_5","Congruent","Incongruent","Congruent",NA,5.999952,6.199946,"5%",1.010869,"Correct","Omission","Correct",NA
"practice",4,"7_8_stimuli","7_7","Congruent","Congruent","Incongruent","Congruent",7.999944,8.19993,"6^",1.458761,"Error","Correct","Omission","Correct"
"practice",5,"1_2_stimuli","2_1","Incongruent","Congruent","Congruent","Incongruent",9.999921,10.199909,"1!",1.443161,"Correct","Error","Correct","Omission"
"practice",6,"3_4_stimuli","4_4","Congruent","Incongruent","Congruent","Congruent",11.999906,12.19991,"4$",1.219197,"Correct","Correct","Error","Correct"
"practice",7,"5_6_stimuli","5_6","Incongruent","Congruent","Incongruent","Congruent",13.999897,14.199887,"6^",1.251227,"Correct","Correct","Correct","Error"
"practice",8,"7_8_stimuli","8_8","Congruent","Incongruent","Congruent","Incongruent",15.999877,16.199869,"Omission",5000,"Omission","Correct","Correct","Correct"
"practice",9,"1_2_stimuli","2_2","Congruent","Congruent","Incongruent","Congruent",17.999859,18.199859,"2@",1.427152,"Correct","Omission","Correct","Correct"
"practice",10,"3_4_stimuli","4_3","Incongruent","Congruent","Congruent","Incongruent",19.999841,20.199836,"3#",0.899376,"Correct","Correct","Omission","Correct"
"practice",11,"5_6_stimuli","5_6","Incongruent","Incongruent","Congruent","Congruent",21.999836,22.199831,"Omission",5000,"Omission","Correct","Correct","Omission"
"practice",12,"7_8_stimuli","7_8","Incongruent","Incongruent","Incongruent","Congruent",23.999824,24.19982,"7&",0.994847,"Error","Omission","Correct","Correct"
"practice",13,"1_2_stimuli","2_2","Congruent","Incongruent","Incongruent","Incongruent",25.999811,26.199803,"2@",0.995111,"Correct","Error","Omission","Correct"
"practice",14,"3_4_stimuli","3_4","Incongruent","Congruent","Incongruent","Incongruent",27.999791,28.199778,"4$",0.946967,"Correct","Correct","Error","Omission"
"practice",15,"5_6_stimuli","6_5","Incongruent","Incongruent","Congruent","Incongruent",29.999768,30.199774,"5%",0.643233,"Correct","Correct","Correct","Error"
"practice",16,"7_8_stimuli","7_7","Congruent","Incongruent","Incongruent","Congruent",31.999759,32.199755,"7&",0.674926,"Correct","Correct","Correct","Correct"
"practice",17,"1_2_stimuli","1_1","Congruent","Congruent","Incongruent","Incongruent",33.999739,34.199732,"1!",0.77142,"Correct","Correct","Correct","Correct"
"practice",18,"3_4_stimuli","4_4","Congruent","Congruent","Congruent","Incongruent",35.999719,36.199728,"4$",0.755029,"Correct","Correct","Correct","Correct"
"practice",19,"5_6_stimuli","5_6","Incongruent","Congruent","Congruent","Congruent",37.999714,38.199703,"6^",0.915431,"Correct","Correct","Correct","Correct"
"practice",20,"7_8_stimuli","8_7","Incongruent","Incongruent","Congruent","Congruent",39.999691,40.19969,"7&",0.75498,"Correct","Correct","Correct","Correct"
"practice",21,"1_2_stimuli","2_1","Incongruent","Incongruent","Incongruent","Congruent",41.999678,42.199686,"1!",0.643017,"Correct","Correct","Correct","Correct"
"practice",22,"3_4_stimuli","3_3","Congruent","Incongruent","Incongruent","Incongruent",43.999671,44.19967,"3#",0.787439,"Correct","Correct","Correct","Correct"
"practice",23,"5_6_stimuli","6_5","Incongruent","Congruent","Incongruent","Incongruent",45.999645,46.199654,"5%",0.611623,"Correct","Correct","Correct","Correct"
"practice",24,"7_8_stimuli","8_7","Incongruent","Incongruent","Congruent","Incongruent",47.999641,48.19964,"6^",0.835497,"Error","Correct","Correct","Correct"
"practice",25,"1_2_stimuli","1_1","Congruent","Incongruent","Incongruent","Congruent",49.999621,50.199614,"1!",0.883108,"Correct","Error","Correct","Correct"
"practice",26,"3_4_stimuli","3_3","Congruent","Congruent","Incongruent","Incongruent",51.999608,52.199608,"3#",1.363443,"Correct","Correct","Error","Correct"
"practice",27,"5_6_stimuli","5_5","Congruent","Congruent","Congruent","Incongruent",53.999595,54.199591,"5%",0.915117,"Correct","Correct","Correct","Error"
"practice",28,"7_8_stimuli","8_8","Congruent","Congruent","Congruent","Congruent",55.99957,56.199575,"7&",0.995515,"Error","Correct","Correct","Correct"
"practice",29,"1_2_stimuli","2_2","Congruent","Congruent","Congruent","Congruent",57.999563,58.199559,"2@",0.835716,"Correct","Error","Correct","Correct"
"practice",30,"3_4_stimuli","4_3","Incongruent","Congruent","Congruent","Congruent",59.999541,60.19955,"3#",0.835513,"Correct","Correct","Error","Correct"
"practice",31,"5_6_stimuli","5_5","Congruent","Incongruent","Congruent","Congruent",61.999535,62.19954,"5%",0.691416,"Correct","Correct","Correct","Error"
"practice",32,"7_8_stimuli","8_8","Congruent","Congruent","Incongruent","Congruent",63.99951,64.199507,"8*",1.107184,"Correct","Correct","Correct","Correct"
"practice",33,"1_2_stimuli","1_1","Congruent","Congruent","Congruent","Incongruent",65.999492,66.199497,"1!",0.691396,"Correct","Correct","Correct","Correct"
"practice",34,"3_4_stimuli","3_3","Congruent","Congruent","Congruent","Congruent",67.999486,68.199482,"3#",1.331573,"Correct","Correct","Correct","Correct"
"practice",35,"5_6_stimuli","6_6","Congruent","Congruent","Congruent","Congruent",69.999465,70.19947,"5%",1.011714,"Error","Correct","Correct","Correct"
"practice",36,"7_8_stimuli","8_7","Incongruent","Congruent","Congruent","Congruent",71.999448,72.199456,"7&",0.771711,"Correct","Error","Correct","Correct"
"practice",37,"1_2_stimuli","1_1","Congruent","Incongruent","Congruent","Congruent",73.999444,74.199448,"1!",0.579243,"Correct","Correct","Error","Correct"
"practice",38,"3_4_stimuli","4_4","Congruent","Congruent","Incongruent","Congruent",75.999419,76.199421,"4$",0.755763,"Correct","Correct","Correct","Error"
"practice",39,"5_6_stimuli","6_5","Incongruent","Congruent","Congruent","Incongruent",77.999407,78.199413,"5%",0.483895,"Correct","Correct","Correct","Correct"
"practice",40,"7_8_stimuli","8_8","Congruent","Incongruent","Congruent","Congruent",79.999394,80.199383,"8*",0.771605,"Correct","Correct","Correct","Correct"
"practice",41,"1_2_stimuli","1_2","Incongruent","Congruent","Incongruent","Congruent",81.99939,82.199375,"2@",1.07534,"Correct","Correct","Correct","Correct"
"practice",42,"3_4_stimuli","3_4","Incongruent","Incongruent","Congruent","Incongruent",83.999367,84.199357,"4$",0.771685,"Correct","Correct","Correct","Correct"
"practice",43,"5_6_stimuli","5_5","Congruent","Incongruent","Incongruent","Congruent",85.99935,86.199354,"5%",0.532038,"Correct","Correct","Correct","Correct"
"practice",44,"7_8_stimuli","8_7","Incongruent","Congruent","Incongruent","Incongruent",87.999331,88.199337,"7&",0.595349,"Correct","Correct","Correct","Correct"
"practice",45,"1_2_stimuli","2_2","Congruent","Incongruent","Congruent","Incongruent",89.999329,90.199316,"2@",0.755369,"Correct","Correct","Correct","Correct"
"practice",46,"3_4_stimuli","4_3","Incongruent","Congruent","Incongruent","Congruent",91.999308,92.199301,"3#",0.611951,"Correct","Correct","Correct","Correct"
"practice",47,"5_6_stimuli","6_6","Congruent","Incongruent","Congruent","Incongruent",93.999289,94.199294,"6^",0.883426,"Correct","Correct","Correct","Correct"
"practice",48,"7_8_stimuli","7_8","Incongruent","Congruent","Incongruent","Congruent",95.99927,96.199271,"8*",0.563617,"Correct","Correct","Correct","Correct"
"practice",49,"1_2_stimuli","1_2","Incongruent","Incongruent","Congruent","Incongruent",97.999265,98.199257,"2@",0.675817,"Correct","Correct","Correct","Correct"
"practice",50,"3_4_stimuli","3_3","Congruent","Incongruent","Incongruent","Congruent",99.999249,100.199241,"3#",0.755882,"Correct","Correct","Correct","Correct"
"practice",51,"5_6_stimuli","6_6","Congruent","Congruent","Incongruent","Incongruent",101.999234,102.199232,"5%",0.708012,"Error","Correct","Correct","Correct"
"practice",52,"7_8_stimuli","7_7","Congruent","Congruent","Congruent","Incongruent",103.999218,104.199206,"7&",1.060056,"Correct","Error","Correct","Correct"
"practice",53,"1_2_stimuli","1_2","Incongruent","Congruent","Congruent","Congruent",105.999194,106.199196,"2@",0.947965,"Correct","Correct","Error","Correct"
"practice",54,"3_4_stimuli","4_3","Incongruent","Incongruent","Congruent","Congruent",107.999183,108.199188,"3#",0.755533,"Correct","Correct","Correct","Error"
"practice",55,"5_6_stimuli","6_5","Incongruent","Incongruent","Incongruent","Congruent",109.99917,110.199168,"5%",0.708078,"Correct","Correct","Correct","Correct"
"practice",56,"7_8_stimuli","7_7","Congruent","Incongruent","Incongruent","Incongruent",111.99915,112.19915,"Omission",5000,"Omission","Correct","Correct","Correct"
"practice",57,"1_2_stimuli","1_2","Incongruent","Congruent","Incongruent","Incongruent",113.999146,114.199136,"2@",0.8198,"Correct","Omission","Correct","Correct"
"practice",58,"3_4_stimuli","4_4","Congruent","Incongruent","Congruent","Incongruent",115.999129,116.199127,"4$",0.75558,"Correct","Correct","Omission","Correct"
"practice",59,"5_6_stimuli","5_5","Congruent","Congruent","Incongruent","Congruent",117.999114,118.199106,"5%",0.371624,"Correct","Correct","Correct","Omission"
"practice",60,"7_8_stimuli","7_8","Incongruent","Congruent","Congruent","Incongruent",119.999089,120.199102,"8*",0.963923,"Correct","Correct","Correct","Correct"
"practice",61,"1_2_stimuli","2_1","Incongruent","Incongruent","Congruent","Congruent",121.999086,122.199084,"1!",0.835621,"Correct","Correct","Correct","Correct"
"practice",62,"3_4_stimuli","3_4","Incongruent","Incongruent","Incongruent","Congruent",123.999067,124.199061,"4$",0.948016,"Correct","Correct","Correct","Correct"
"practice",63,"5_6_stimuli","5_6","Incongruent","Incongruent","Incongruent","Incongruent",125.999066,126.199053,"7&",1.23565,"Error","Correct","Correct","Correct"
"practice",64,"7_8_stimuli","7_8","Incongruent","Incongruent","Incongruent","Incongruent",127.99904,128.199036,"8*",1.044169,"Correct","Error","Correct","Correct"
"practice",65,"1_2_stimuli","2_1","Incongruent","Incongruent","Incongruent","Incongruent",129.999024,130.199014,"1!",0.643702,"Correct","Correct","Error","Correct"
"practice",66,"3_4_stimuli","3_4","Incongruent","Incongruent","Incongruent","Incongruent",131.99901,132.199015,"4$",0.72368,"Correct","Correct","Correct","Error"
"practice",67,"5_6_stimuli","6_6","Congruent","Incongruent","Incongruent","Incongruent",133.99899,134.198994,"Omission",5000,"Omission","Correct","Correct","Correct"
"practice",68,"7_8_stimuli","7_7","Congruent","Congruent","Incongruent","Incongruent",135.99898,136.198977,"7&",0.787694,"Correct","Omission","Correct","Correct"
"1",1,"1_2_stimuli","1_1","Congruent",NA,NA,NA,1.99999,2.199983,"1!",0.619788,"Correct",NA,NA,NA
"1",2,"3_4_stimuli","3_4","Incongruent","Congruent",NA,NA,3.999972,4.199968,"4$",1.067531,"Correct","Correct",NA,NA
"1",3,"5_6_stimuli","5_5","Congruent","Incongruent","Congruent",NA,5.999961,6.199954,"5%",0.507545,"Correct","Correct","Correct",NA
"1",4,"7_8_stimuli","7_7","Congruent","Congruent","Incongruent","Congruent",7.999942,8.199936,"7&",0.683571,"Correct","Correct","Correct","Correct"
"1",5,"1_2_stimuli","1_2","Incongruent","Congruent","Congruent","Incongruent",9.999925,10.199932,"2@",0.779962,"Correct","Correct","Correct","Correct"
"1",6,"3_4_stimuli","3_4","Incongruent","Incongruent","Congruent","Congruent",11.999906,12.199918,"4$",0.796126,"Correct","Correct","Correct","Correct"
"1",7,"5_6_stimuli","6_5","Incongruent","Incongruent","Incongruent","Congruent",13.999901,14.199892,"5%",0.652092,"Correct","Correct","Correct","Correct"
"1",8,"7_8_stimuli","8_7","Incongruent","Incongruent","Incongruent","Incongruent",15.999883,16.199883,"7&",0.74757,"Correct","Correct","Correct","Correct"
"1",9,"1_2_stimuli","2_2","Congruent","Incongruent","Incongruent","Incongruent",17.999862,18.19987,"2@",0.65179,"Correct","Correct","Correct","Correct"
"1",10,"3_4_stimuli","3_4","Incongruent","Congruent","Incongruent","Incongruent",19.999858,20.199845,"4$",0.715677,"Correct","Correct","Correct","Correct"
"1",11,"5_6_stimuli","6_6","Congruent","Incongruent","Congruent","Incongruent",21.999843,22.199847,"5%",1.227647,"Error","Correct","Correct","Correct"
"1",12,"7_8_stimuli","8_7","Incongruent","Congruent","Incongruent","Congruent",23.999828,24.199823,"7&",0.795666,"Correct","Error","Correct","Correct"
"1",13,"1_2_stimuli","1_1","Congruent","Incongruent","Congruent","Incongruent",25.999811,26.199811,"1!",0.619719,"Correct","Correct","Error","Correct"
"1",14,"3_4_stimuli","4_3","Incongruent","Congruent","Incongruent","Congruent",27.999792,28.19979,"3#",0.859899,"Correct","Correct","Correct","Error"
"1",15,"5_6_stimuli","5_6","Incongruent","Incongruent","Congruent","Incongruent",29.999785,30.19978,"6^",1.131676,"Correct","Correct","Correct","Correct"
"1",16,"7_8_stimuli","7_8","Incongruent","Incongruent","Incongruent","Congruent",31.99976,32.199769,"8*",0.716186,"Correct","Correct","Correct","Correct"
"1",17,"1_2_stimuli","2_1","Incongruent","Incongruent","Incongruent","Incongruent",33.999747,34.199753,"1!",0.620166,"Correct","Correct","Correct","Correct"
"1",18,"3_4_stimuli","3_3","Congruent","Incongruent","Incongruent","Incongruent",35.999728,36.199727,"3#",0.95604,"Correct","Correct","Correct","Correct"
"1",19,"5_6_stimuli","6_5","Incongruent","Congruent","Incongruent","Incongruent",37.999721,38.199713,"5%",1.131766,"Correct","Correct","Correct","Correct"
"1",20,"7_8_stimuli","7_7","Congruent","Incongruent","Congruent","Incongruent",39.999701,40.199708,"7&",0.684087,"Correct","Correct","Correct","Correct"
"1",21,"1_2_stimuli","2_2","Congruent","Congruent","Incongruent","Congruent",41.999692,42.199693,"2@",0.668281,"Correct","Correct","Correct","Correct"
"1",22,"3_4_stimuli","4_4","Congruent","Congruent","Congruent","Incongruent",43.999676,44.199674,"4$",0.955858,"Correct","Correct","Correct","Correct"
"1",23,"5_6_stimuli","5_6","Incongruent","Congruent","Congruent","Congruent",45.999664,46.199659,"6^",0.939843,"Correct","Correct","Correct","Correct"
"1",24,"7_8_stimuli","7_7","Congruent","Incongruent","Congruent","Congruent",47.999648,48.199644,"7&",0.635895,"Correct","Correct","Correct","Correct"
"1",25,"1_2_stimuli","2_1","Incongruent","Congruent","Incongruent","Congruent",49.999629,50.199625,"1!",0.716351,"Correct","Correct","Correct","Correct"
"1",26,"3_4_stimuli","4_4","Congruent","Incongruent","Congruent","Incongruent",51.999627,52.199621,"4$",0.699865,"Correct","Correct","Correct","Correct"
"1",27,"5_6_stimuli","6_5","Incongruent","Congruent","Incongruent","Congruent",53.999604,54.199603,"5%",0.70036,"Correct","Correct","Correct","Correct"
"1",28,"7_8_stimuli","7_8","Incongruent","Incongruent","Congruent","Incongruent",55.999582,56.199588,"8*",0.764378,"Correct","Correct","Correct","Correct"
"1",29,"1_2_stimuli","2_2","Congruent","Incongruent","Incongruent","Congruent",57.999568,58.199577,"2@",0.668533,"Correct","Correct","Correct","Correct"
"1",30,"3_4_stimuli","3_3","Congruent","Congruent","Incongruent","Incongruent",59.99956,60.199553,"3#",0.828176,"Correct","Correct","Correct","Correct"
"1",31,"5_6_stimuli","5_6","Incongruent","Congruent","Congruent","Incongruent",61.99954,62.199539,"6^",1.083967,"Correct","Correct","Correct","Correct"
"1",32,"7_8_stimuli","7_8","Incongruent","Incongruent","Congruent","Congruent",63.999532,64.199525,"8*",0.619972,"Correct","Correct","Correct","Correct"
"1",33,"1_2_stimuli","2_1","Incongruent","Incongruent","Incongruent","Congruent",65.999511,66.199516,"1!",0.572594,"Correct","Correct","Correct","Correct"
"1",34,"3_4_stimuli","4_3","Incongruent","Incongruent","Incongruent","Incongruent",67.9995,68.199488,"3#",0.875998,"Correct","Correct","Correct","Correct"
"1",35,"5_6_stimuli","6_6","Congruent","Incongruent","Incongruent","Incongruent",69.999486,70.199481,"6^",0.924452,"Correct","Correct","Correct","Correct"
"1",36,"7_8_stimuli","8_8","Congruent","Congruent","Incongruent","Incongruent",71.999467,72.199468,"8*",0.652201,"Correct","Correct","Correct","Correct"
"1",37,"1_2_stimuli","1_1","Congruent","Congruent","Congruent","Incongruent",73.99945,74.199456,"1!",0.60405,"Correct","Correct","Correct","Correct"
"1",38,"3_4_stimuli","3_3","Congruent","Congruent","Congruent","Congruent",75.999435,76.199438,"3#",0.700708,"Correct","Correct","Correct","Correct"
"1",39,"5_6_stimuli","6_6","Congruent","Congruent","Congruent","Congruent",77.999433,78.199421,"6^",1.00427,"Correct","Correct","Correct","Correct"
"1",40,"7_8_stimuli","8_8","Congruent","Congruent","Congruent","Congruent",79.999409,80.199411,"7&",0.940551,"Error","Correct","Correct","Correct"
"1",41,"1_2_stimuli","1_2","Incongruent","Congruent","Congruent","Congruent",81.999404,82.199395,"2@",0.636663,"Correct","Error","Correct","Correct"
"1",42,"3_4_stimuli","4_4","Congruent","Incongruent","Congruent","Congruent",83.999383,84.199374,"4$",0.700094,"Correct","Correct","Error","Correct"
"1",43,"5_6_stimuli","5_5","Congruent","Congruent","Incongruent","Congruent",85.999366,86.199363,"5%",0.604704,"Correct","Correct","Correct","Error"
"1",44,"7_8_stimuli","8_7","Incongruent","Congruent","Congruent","Incongruent",87.999347,88.199339,"7&",0.812429,"Correct","Correct","Correct","Correct"
"1",45,"1_2_stimuli","1_1","Congruent","Incongruent","Congruent","Congruent",89.999341,90.199336,"1!",0.588851,"Correct","Correct","Correct","Correct"
"1",46,"3_4_stimuli","4_4","Congruent","Congruent","Incongruent","Congruent",91.999313,92.199321,"4$",0.940689,"Correct","Correct","Correct","Correct"
"1",47,"5_6_stimuli","5_5","Congruent","Congruent","Congruent","Incongruent",93.999303,94.199312,"5%",0.652473,"Correct","Correct","Correct","Correct"
"1",48,"7_8_stimuli","7_8","Incongruent","Congruent","Congruent","Congruent",95.99929,96.199286,"8*",0.796613,"Correct","Correct","Correct","Correct"
"1",49,"1_2_stimuli","1_2","Incongruent","Incongruent","Congruent","Congruent",97.999273,98.199272,"2@",0.796148,"Correct","Correct","Correct","Correct"
"1",50,"3_4_stimuli","4_3","Incongruent","Incongruent","Incongruent","Congruent",99.999253,100.199254,"3#",0.94043,"Correct","Correct","Correct","Correct"
"1",51,"5_6_stimuli","6_5","Incongruent","Incongruent","Incongruent","Incongruent",101.999248,102.199241,"5%",0.940257,"Correct","Correct","Correct","Correct"
"1",52,"7_8_stimuli","7_7","Congruent","Incongruent","Incongruent","Incongruent",103.999228,104.199231,"7&",0.844771,"Correct","Correct","Correct","Correct"
"1",53,"1_2_stimuli","2_2","Congruent","Congruent","Incongruent","Incongruent",105.999207,106.199216,"2@",0.764327,"Correct","Correct","Correct","Correct"
"1",54,"3_4_stimuli","3_4","Incongruent","Congruent","Congruent","Incongruent",107.999191,108.1992,"4$",0.684304,"Correct","Correct","Correct","Correct"
"1",55,"5_6_stimuli","5_6","Incongruent","Incongruent","Congruent","Congruent",109.999182,110.199182,"5%",0.636643,"Error","Correct","Correct","Correct"
"1",56,"7_8_stimuli","8_8","Congruent","Incongruent","Incongruent","Congruent",111.999177,112.199161,"8*",0.764369,"Correct","Error","Correct","Correct"
"1",57,"1_2_stimuli","1_2","Incongruent","Congruent","Incongruent","Incongruent",113.999157,114.199148,"2@",0.764399,"Correct","Correct","Error","Correct"
"1",58,"3_4_stimuli","3_4","Incongruent","Incongruent","Congruent","Incongruent",115.999138,116.199139,"4$",0.588327,"Correct","Correct","Correct","Error"
"1",59,"5_6_stimuli","5_5","Congruent","Incongruent","Incongruent","Congruent",117.999106,118.199119,"5%",0.428581,"Correct","Correct","Correct","Correct"
"1",60,"7_8_stimuli","8_7","Incongruent","Congruent","Incongruent","Incongruent",119.99911,120.199113,"7&",0.572377,"Correct","Correct","Correct","Correct"
"1",61,"1_2_stimuli","2_1","Incongruent","Incongruent","Congruent","Incongruent",121.999098,122.199092,"1!",0.508458,"Correct","Correct","Correct","Correct"
"1",62,"3_4_stimuli","3_3","Congruent","Incongruent","Incongruent","Congruent",123.999083,124.199079,"3#",0.828476,"Correct","Correct","Correct","Correct"
"1",63,"5_6_stimuli","6_6","Congruent","Congruent","Incongruent","Incongruent",125.999067,126.199057,"5%",0.860463,"Error","Correct","Correct","Correct"
"1",64,"7_8_stimuli","8_8","Congruent","Congruent","Congruent","Incongruent",127.999048,128.199058,"8*",0.58871,"Correct","Error","Correct","Correct"
"1",65,"1_2_stimuli","1_1","Congruent","Congruent","Congruent","Congruent",129.999035,130.199036,"1!",0.540816,"Correct","Correct","Error","Correct"
"1",66,"3_4_stimuli","4_3","Incongruent","Congruent","Congruent","Congruent",131.999015,132.199017,"3#",0.716756,"Correct","Correct","Correct","Error"
"1",67,"5_6_stimuli","5_5","Congruent","Incongruent","Congruent","Congruent",133.998997,134.198996,"5%",0.684521,"Correct","Correct","Correct","Correct"
"1",68,"7_8_stimuli","7_7","Congruent","Congruent","Incongruent","Congruent",135.998988,136.198992,"7&",0.620633,"Correct","Correct","Correct","Correct"
"2",1,"1_2_stimuli","1_1","Congruent",NA,NA,NA,1.999995,2.199983,"1!",0.648153,"Correct",NA,NA,NA
"2",2,"3_4_stimuli","4_4","Congruent","Congruent",NA,NA,3.999981,4.199969,"4$",0.760467,"Correct","Correct",NA,NA
"2",3,"5_6_stimuli","5_6","Incongruent","Congruent","Congruent",NA,5.999968,6.199965,"6^",0.968334,"Correct","Correct","Correct",NA
"2",4,"7_8_stimuli","7_8","Incongruent","Incongruent","Congruent","Congruent",7.999948,8.199943,"8*",0.920109,"Correct","Correct","Correct","Correct"
"2",5,"1_2_stimuli","2_1","Incongruent","Incongruent","Incongruent","Congruent",9.999938,10.199938,"1!",0.584353,"Correct","Correct","Correct","Correct"
"2",6,"3_4_stimuli","3_3","Congruent","Incongruent","Incongruent","Incongruent",11.999916,12.199923,"3#",0.680257,"Correct","Correct","Correct","Correct"
"2",7,"5_6_stimuli","5_5","Congruent","Congruent","Incongruent","Incongruent",13.999909,14.199909,"5%",0.48799,"Correct","Correct","Correct","Correct"
"2",8,"7_8_stimuli","8_8","Congruent","Congruent","Congruent","Incongruent",15.999891,16.199895,"8*",0.536222,"Correct","Correct","Correct","Correct"
"2",9,"1_2_stimuli","2_2","Congruent","Congruent","Congruent","Congruent",17.99987,18.199865,"2@",0.616316,"Correct","Correct","Correct","Correct"
"2",10,"3_4_stimuli","3_3","Congruent","Congruent","Congruent","Congruent",19.999854,20.199848,"4$",0.505086,"Error","Correct","Correct","Correct"
"2",11,"5_6_stimuli","5_6","Incongruent","Congruent","Congruent","Congruent",21.999843,22.199842,"6^",0.82453,"Correct","Error","Correct","Correct"
"2",12,"7_8_stimuli","8_7","Incongruent","Incongruent","Congruent","Congruent",23.99983,24.199835,"7&",0.696978,"Correct","Correct","Error","Correct"
"2",13,"1_2_stimuli","1_1","Congruent","Incongruent","Incongruent","Congruent",25.999808,26.199814,"1!",0.600096,"Correct","Correct","Correct","Error"
"2",14,"3_4_stimuli","3_4","Incongruent","Congruent","Incongruent","Incongruent",27.999802,28.199801,"4$",1.208454,"Correct","Correct","Correct","Correct"
"2",15,"5_6_stimuli","5_5","Congruent","Incongruent","Congruent","Incongruent",29.999786,30.199774,"5%",0.392319,"Correct","Correct","Correct","Correct"
"2",16,"7_8_stimuli","7_8","Incongruent","Congruent","Incongruent","Congruent",31.999765,32.19977,"8*",0.776128,"Correct","Correct","Correct","Correct"
"2",17,"1_2_stimuli","1_1","Congruent","Incongruent","Congruent","Incongruent",33.999753,34.199757,"1!",0.584567,"Correct","Correct","Correct","Correct"
"2",18,"3_4_stimuli","4_4","Congruent","Congruent","Incongruent","Congruent",35.999745,36.199746,"4$",0.808549,"Correct","Correct","Correct","Correct"
"2",19,"5_6_stimuli","6_5","Incongruent","Congruent","Congruent","Incongruent",37.999729,38.199721,"5%",0.56817,"Correct","Correct","Correct","Correct"
"2",20,"7_8_stimuli","7_7","Congruent","Incongruent","Congruent","Congruent",39.999709,40.199715,"7&",0.744628,"Correct","Correct","Correct","Correct"
"2",21,"1_2_stimuli","2_1","Incongruent","Congruent","Incongruent","Congruent",41.999696,42.199699,"1!",0.568159,"Correct","Correct","Correct","Correct"
"2",22,"3_4_stimuli","4_4","Congruent","Incongruent","Congruent","Incongruent",43.999683,44.199681,"4$",0.632372,"Correct","Correct","Correct","Correct"
"2",23,"5_6_stimuli","6_6","Congruent","Congruent","Incongruent","Congruent",45.999663,46.199664,"5%",0.632523,"Error","Correct","Correct","Correct"
"2",24,"7_8_stimuli","8_7","Incongruent","Congruent","Congruent","Incongruent",47.999648,48.199649,"7&",0.696623,"Correct","Error","Correct","Correct"
"2",25,"1_2_stimuli","2_2","Congruent","Incongruent","Congruent","Congruent",49.999643,50.199634,"2@",0.680247,"Correct","Correct","Error","Correct"
"2",26,"3_4_stimuli","4_3","Incongruent","Congruent","Incongruent","Congruent",51.999624,52.199617,"3#",0.648555,"Correct","Correct","Correct","Error"
"2",27,"5_6_stimuli","5_6","Incongruent","Incongruent","Congruent","Incongruent",53.999602,54.199603,"5%",0.82431,"Error","Correct","Correct","Correct"
"2",28,"7_8_stimuli","8_7","Incongruent","Incongruent","Incongruent","Congruent",55.999589,56.199586,"7&",0.712354,"Correct","Error","Correct","Correct"
"2",29,"1_2_stimuli","1_1","Congruent","Incongruent","Incongruent","Incongruent",57.999574,58.199574,"1!",0.520474,"Correct","Correct","Error","Correct"
"2",30,"3_4_stimuli","4_4","Congruent","Congruent","Incongruent","Incongruent",59.999554,60.19956,"4$",0.47232,"Correct","Correct","Correct","Error"
"2",31,"5_6_stimuli","6_6","Congruent","Congruent","Congruent","Incongruent",61.999547,62.199535,"5%",0.536732,"Error","Correct","Correct","Correct"
"2",32,"7_8_stimuli","7_7","Congruent","Congruent","Congruent","Congruent",63.999521,64.199534,"7&",0.61681,"Correct","Error","Correct","Correct"
"2",33,"1_2_stimuli","2_1","Incongruent","Congruent","Congruent","Congruent",65.999512,66.199513,"1!",0.521108,"Correct","Correct","Error","Correct"
"2",34,"3_4_stimuli","3_3","Congruent","Incongruent","Congruent","Congruent",67.999494,68.199496,"3#",0.760356,"Correct","Correct","Correct","Error"
"2",35,"5_6_stimuli","5_6","Incongruent","Congruent","Incongruent","Congruent",69.999483,70.19948,"6^",0.616804,"Correct","Correct","Correct","Correct"
"2",36,"7_8_stimuli","8_8","Congruent","Incongruent","Congruent","Incongruent",71.999471,72.199465,"8*",0.520909,"Correct","Correct","Correct","Correct"
"2",37,"1_2_stimuli","2_2","Congruent","Congruent","Incongruent","Congruent",73.999457,74.199455,"2@",0.600459,"Correct","Correct","Correct","Correct"
"2",38,"3_4_stimuli","4_3","Incongruent","Congruent","Congruent","Incongruent",75.999437,76.199434,"3#",0.888853,"Correct","Correct","Correct","Correct"
"2",39,"5_6_stimuli","6_6","Congruent","Incongruent","Congruent","Congruent",77.999416,78.19942,"7&",1.112492,"Error","Correct","Correct","Correct"
"2",40,"7_8_stimuli","7_7","Congruent","Congruent","Incongruent","Congruent",79.999408,80.199407,"7&",0.472533,"Correct","Error","Correct","Correct"
"2",41,"1_2_stimuli","1_1","Congruent","Congruent","Congruent","Incongruent",81.999387,82.199388,"1!",0.440793,"Correct","Correct","Error","Correct"
"2",42,"3_4_stimuli","4_3","Incongruent","Congruent","Congruent","Congruent",83.999381,84.19937,"3#",0.632964,"Correct","Correct","Correct","Error"
"2",43,"5_6_stimuli","5_6","Incongruent","Incongruent","Congruent","Congruent",85.999365,86.199361,"6^",0.79297,"Correct","Correct","Correct","Correct"
"2",44,"7_8_stimuli","7_7","Congruent","Incongruent","Incongruent","Congruent",87.999348,88.199345,"7&",0.616537,"Correct","Correct","Correct","Correct"
"2",45,"1_2_stimuli","1_2","Incongruent","Congruent","Incongruent","Incongruent",89.999331,90.199328,"2@",0.648746,"Correct","Correct","Correct","Correct"
"2",46,"3_4_stimuli","3_4","Incongruent","Incongruent","Congruent","Incongruent",91.999311,92.199315,"4$",0.68053,"Correct","Correct","Correct","Correct"
"2",47,"5_6_stimuli","6_6","Congruent","Incongruent","Incongruent","Congruent",93.999305,94.1993,"7&",0.664621,"Error","Correct","Correct","Correct"
"2",48,"7_8_stimuli","8_7","Incongruent","Congruent","Incongruent","Incongruent",95.999281,96.19928,"7&",0.617133,"Correct","Error","Correct","Correct"
"2",49,"1_2_stimuli","1_2","Incongruent","Incongruent","Congruent","Incongruent",97.999276,98.199272,"2@",0.584639,"Correct","Correct","Error","Correct"
"2",50,"3_4_stimuli","4_3","Incongruent","Incongruent","Incongruent","Congruent",99.999262,100.19926,"3#",0.473145,"Correct","Correct","Correct","Error"
"2",51,"5_6_stimuli","5_5","Congruent","Incongruent","Incongruent","Incongruent",101.999248,102.199236,"5%",0.680658,"Correct","Correct","Correct","Correct"
"2",52,"7_8_stimuli","8_8","Congruent","Congruent","Incongruent","Incongruent",103.999223,104.199223,"8*",0.601247,"Correct","Correct","Correct","Correct"
"2",53,"1_2_stimuli","1_2","Incongruent","Congruent","Congruent","Incongruent",105.999216,106.199207,"2@",0.520735,"Correct","Correct","Correct","Correct"
"2",54,"3_4_stimuli","3_4","Incongruent","Incongruent","Congruent","Congruent",107.999198,108.199192,"4$",0.601069,"Correct","Correct","Correct","Correct"
"2",55,"5_6_stimuli","6_5","Incongruent","Incongruent","Incongruent","Congruent",109.999185,110.199184,"5%",0.536915,"Correct","Correct","Correct","Correct"
"2",56,"7_8_stimuli","7_8","Incongruent","Incongruent","Incongruent","Incongruent",111.999172,112.199166,"8*",0.553229,"Correct","Correct","Correct","Correct"
"2",57,"1_2_stimuli","2_1","Incongruent","Incongruent","Incongruent","Incongruent",113.999154,114.19915,"1!",0.60121,"Correct","Correct","Correct","Correct"
"2",58,"3_4_stimuli","3_4","Incongruent","Incongruent","Incongruent","Incongruent",115.99915,116.199133,"4$",0.696767,"Correct","Correct","Correct","Correct"
"2",59,"5_6_stimuli","6_5","Incongruent","Incongruent","Incongruent","Incongruent",117.999117,118.199126,"5%",0.80934,"Correct","Correct","Correct","Correct"
"2",60,"7_8_stimuli","8_8","Congruent","Incongruent","Incongruent","Incongruent",119.999101,120.199102,"8*",0.552862,"Correct","Correct","Correct","Correct"
"2",61,"1_2_stimuli","2_2","Congruent","Congruent","Incongruent","Incongruent",121.999095,122.19909,"2@",0.537174,"Correct","Correct","Correct","Correct"
"2",62,"3_4_stimuli","3_3","Congruent","Congruent","Congruent","Incongruent",123.999076,124.199069,"3#",0.520818,"Correct","Correct","Correct","Correct"
"2",63,"5_6_stimuli","5_5","Congruent","Congruent","Congruent","Congruent",125.999068,126.199068,"5%",0.888899,"Correct","Correct","Correct","Correct"
"2",64,"7_8_stimuli","7_8","Incongruent","Congruent","Congruent","Congruent",127.999052,128.199045,"8*",0.536841,"Correct","Correct","Correct","Correct"
"2",65,"1_2_stimuli","1_2","Incongruent","Incongruent","Congruent","Congruent",129.999034,130.199029,"2@",0.600894,"Correct","Correct","Correct","Correct"
"2",66,"3_4_stimuli","4_4","Congruent","Incongruent","Incongruent","Congruent",131.999023,132.199015,"4$",0.793297,"Correct","Correct","Correct","Correct"
"2",67,"5_6_stimuli","6_5","Incongruent","Congruent","Incongruent","Incongruent",133.999006,134.198997,"5%",0.44109,"Correct","Correct","Correct","Correct"
"2",68,"7_8_stimuli","7_8","Incongruent","Incongruent","Congruent","Incongruent",135.998991,136.198993,"8*",0.569404,"Correct","Correct","Correct","Correct"
"3",1,"1_2_stimuli","2_2","Congruent",NA,NA,NA,1.999995,2.199993,"2@",0.618313,"Correct",NA,NA,NA
"3",2,"3_4_stimuli","3_3","Congruent","Congruent",NA,NA,3.999985,4.199965,"3#",0.521666,"Correct","Correct",NA,NA
"3",3,"5_6_stimuli","6_5","Incongruent","Congruent","Congruent",NA,5.999954,6.199965,"5%",0.553976,"Correct","Correct","Correct",NA
"3",4,"7_8_stimuli","8_8","Congruent","Incongruent","Congruent","Congruent",7.99995,8.199946,"8*",0.441971,"Correct","Correct","Correct","Correct"
"3",5,"1_2_stimuli","1_1","Congruent","Congruent","Incongruent","Congruent",9.999929,10.199934,"2@",0.4577,"Error","Correct","Correct","Correct"
"3",6,"3_4_stimuli","3_4","Incongruent","Congruent","Congruent","Incongruent",11.999909,12.199917,"4$",0.681718,"Correct","Error","Correct","Correct"
"3",7,"5_6_stimuli","5_5","Congruent","Incongruent","Congruent","Congruent",13.999905,14.199894,"5%",0.538105,"Correct","Correct","Error","Correct"
"3",8,"7_8_stimuli","7_8","Incongruent","Congruent","Incongruent","Congruent",15.999894,16.199888,"8*",0.585709,"Correct","Correct","Correct","Error"
"3",9,"1_2_stimuli","2_2","Congruent","Incongruent","Congruent","Incongruent",17.99987,18.199874,"2@",0.682323,"Correct","Correct","Correct","Correct"
"3",10,"3_4_stimuli","3_3","Congruent","Congruent","Incongruent","Congruent",19.99985,20.199851,"5%",0.714208,"Error","Correct","Correct","Correct"
"3",11,"5_6_stimuli","5_6","Incongruent","Congruent","Congruent","Incongruent",21.999834,22.199847,"6^",0.697766,"Correct","Error","Correct","Correct"
"3",12,"7_8_stimuli","7_8","Incongruent","Incongruent","Congruent","Congruent",23.999819,24.199826,"8*",0.538134,"Correct","Correct","Error","Correct"
"3",13,"1_2_stimuli","2_1","Incongruent","Incongruent","Incongruent","Congruent",25.999802,26.199799,"1!",0.522513,"Correct","Correct","Correct","Error"
"3",14,"3_4_stimuli","4_4","Congruent","Incongruent","Incongruent","Incongruent",27.999805,28.199791,"4$",0.730188,"Correct","Correct","Correct","Correct"
"3",15,"5_6_stimuli","5_5","Congruent","Congruent","Incongruent","Incongruent",29.999787,30.199782,"5%",0.521813,"Correct","Correct","Correct","Correct"
"3",16,"7_8_stimuli","7_7","Congruent","Congruent","Congruent","Incongruent",31.999767,32.199773,"7&",0.634234,"Correct","Correct","Correct","Correct"
"3",17,"1_2_stimuli","1_1","Congruent","Congruent","Congruent","Congruent",33.99974,34.199753,"1!",0.586366,"Correct","Correct","Correct","Correct"
"3",18,"3_4_stimuli","4_4","Congruent","Congruent","Congruent","Congruent",35.999733,36.199744,"4$",0.842058,"Correct","Correct","Correct","Correct"
"3",19,"5_6_stimuli","6_5","Incongruent","Congruent","Congruent","Congruent",37.999721,38.199722,"5%",0.553919,"Correct","Correct","Correct","Correct"
"3",20,"7_8_stimuli","7_7","Congruent","Incongruent","Congruent","Congruent",39.999711,40.199708,"7&",0.858249,"Correct","Correct","Correct","Correct"
"3",21,"1_2_stimuli","2_1","Incongruent","Congruent","Incongruent","Congruent",41.999713,42.19969,"1!",0.538184,"Correct","Correct","Correct","Correct"
"3",22,"3_4_stimuli","3_3","Congruent","Incongruent","Congruent","Incongruent",43.999682,44.199676,"3#",0.922599,"Correct","Correct","Correct","Correct"
"3",23,"5_6_stimuli","5_6","Incongruent","Congruent","Incongruent","Congruent",45.999669,46.199655,"6^",0.793887,"Correct","Correct","Correct","Correct"
"3",24,"7_8_stimuli","7_8","Incongruent","Incongruent","Congruent","Incongruent",47.999645,48.199647,"8*",0.602521,"Correct","Correct","Correct","Correct"
"3",25,"1_2_stimuli","1_1","Congruent","Incongruent","Incongruent","Congruent",49.999632,50.199624,"1!",0.506675,"Correct","Correct","Correct","Correct"
"3",26,"3_4_stimuli","3_3","Congruent","Congruent","Incongruent","Incongruent",51.999621,52.199617,"3#",0.794007,"Correct","Correct","Correct","Correct"
"3",27,"5_6_stimuli","6_6","Congruent","Congruent","Congruent","Incongruent",53.999612,54.199602,"6^",0.778625,"Correct","Correct","Correct","Correct"
"3",28,"7_8_stimuli","8_7","Incongruent","Congruent","Congruent","Congruent",55.999593,56.199586,"7&",0.586063,"Correct","Correct","Correct","Correct"
"3",29,"1_2_stimuli","1_2","Incongruent","Incongruent","Congruent","Congruent",57.999575,58.199573,"2@",0.618052,"Correct","Correct","Correct","Correct"
"3",30,"3_4_stimuli","4_3","Incongruent","Incongruent","Incongruent","Congruent",59.99955,60.199562,"3#",0.490683,"Correct","Correct","Correct","Correct"
"3",31,"5_6_stimuli","6_6","Congruent","Incongruent","Incongruent","Incongruent",61.999543,62.199538,"6^",0.794256,"Correct","Correct","Correct","Correct"
"3",32,"7_8_stimuli","7_7","Congruent","Congruent","Incongruent","Incongruent",63.999522,64.199532,"7&",0.650725,"Correct","Correct","Correct","Correct"
"3",33,"1_2_stimuli","1_2","Incongruent","Congruent","Congruent","Incongruent",65.999515,66.199514,"2@",0.650073,"Correct","Correct","Correct","Correct"
"3",34,"3_4_stimuli","3_4","Incongruent","Incongruent","Congruent","Congruent",67.999498,68.199497,"4$",0.602134,"Correct","Correct","Correct","Correct"
"3",35,"5_6_stimuli","5_6","Incongruent","Incongruent","Incongruent","Congruent",69.999483,70.199484,"6^",0.66644,"Correct","Correct","Correct","Correct"
"3",36,"7_8_stimuli","8_7","Incongruent","Incongruent","Incongruent","Incongruent",71.999468,72.19947,"7&",0.586193,"Correct","Correct","Correct","Correct"
"3",37,"1_2_stimuli","2_2","Congruent","Incongruent","Incongruent","Incongruent",73.999455,74.19945,"3#",0.586573,"Error","Correct","Correct","Correct"
"3",38,"3_4_stimuli","3_4","Incongruent","Congruent","Incongruent","Incongruent",75.999437,76.199434,"4$",0.682172,"Correct","Error","Correct","Correct"
"3",39,"5_6_stimuli","5_6","Incongruent","Incongruent","Congruent","Incongruent",77.99942,78.199421,"6^",0.746145,"Correct","Correct","Error","Correct"
"3",40,"7_8_stimuli","7_8","Incongruent","Incongruent","Incongruent","Congruent",79.999408,80.199402,"8*",0.634247,"Correct","Correct","Correct","Error"
"3",41,"1_2_stimuli","2_1","Incongruent","Incongruent","Incongruent","Incongruent",81.99939,82.199397,"1!",0.490623,"Correct","Correct","Correct","Correct"
"3",42,"3_4_stimuli","3_4","Incongruent","Incongruent","Incongruent","Incongruent",83.999377,84.199372,"4$",0.794293,"Correct","Correct","Correct","Correct"
"3",43,"5_6_stimuli","6_5","Incongruent","Incongruent","Incongruent","Incongruent",85.999356,86.199363,"5%",1.01899,"Correct","Correct","Correct","Correct"
"3",44,"7_8_stimuli","8_8","Congruent","Incongruent","Incongruent","Incongruent",87.99935,88.199352,"8*",0.794616,"Correct","Correct","Correct","Correct"
"3",45,"1_2_stimuli","2_2","Congruent","Congruent","Incongruent","Incongruent",89.999341,90.199333,"2@",0.763187,"Correct","Correct","Correct","Correct"
"3",46,"3_4_stimuli","4_4","Congruent","Congruent","Congruent","Incongruent",91.99931,92.199315,"4$",0.554723,"Correct","Correct","Correct","Correct"
"3",47,"5_6_stimuli","6_6","Congruent","Congruent","Congruent","Congruent",93.999295,94.19929,"6^",1.066346,"Correct","Correct","Correct","Correct"
"3",48,"7_8_stimuli","8_8","Congruent","Congruent","Congruent","Congruent",95.999293,96.199287,"8*",0.570807,"Correct","Correct","Correct","Correct"
"3",49,"1_2_stimuli","2_1","Incongruent","Congruent","Congruent","Congruent",97.999272,98.19927,"1!",0.522595,"Correct","Correct","Correct","Correct"
"3",50,"3_4_stimuli","3_3","Congruent","Incongruent","Congruent","Congruent",99.999255,100.199264,"3#",0.874274,"Correct","Correct","Correct","Correct"
"3",51,"5_6_stimuli","5_5","Congruent","Congruent","Incongruent","Congruent",101.999236,102.19923,"5%",0.683345,"Correct","Correct","Correct","Correct"
"3",52,"7_8_stimuli","8_7","Incongruent","Congruent","Congruent","Incongruent",103.99923,104.199224,"7&",0.698792,"Correct","Correct","Correct","Correct"
"3",53,"1_2_stimuli","2_2","Congruent","Incongruent","Congruent","Congruent",105.999213,106.199213,"2@",0.554726,"Correct","Correct","Correct","Correct"
"3",54,"3_4_stimuli","4_3","Incongruent","Congruent","Incongruent","Congruent",107.999193,108.199199,"3#",0.362664,"Correct","Correct","Correct","Correct"
"3",55,"5_6_stimuli","6_6","Congruent","Incongruent","Congruent","Incongruent",109.999174,110.199186,"6^",1.002912,"Correct","Correct","Correct","Correct"
"3",56,"7_8_stimuli","8_8","Congruent","Congruent","Incongruent","Congruent",111.999163,112.19917,"8*",0.538451,"Correct","Correct","Correct","Correct"
"3",57,"1_2_stimuli","1_1","Congruent","Congruent","Congruent","Incongruent",113.999146,114.199155,"1!",0.49049,"Correct","Correct","Correct","Correct"
"3",58,"3_4_stimuli","4_3","Incongruent","Congruent","Congruent","Congruent",115.999145,116.199146,"3#",0.683232,"Correct","Correct","Correct","Correct"
"3",59,"5_6_stimuli","6_5","Incongruent","Incongruent","Congruent","Congruent",117.999127,118.199114,"5%",0.68256,"Correct","Correct","Correct","Correct"
"3",60,"7_8_stimuli","8_8","Congruent","Incongruent","Incongruent","Congruent",119.999109,120.199107,"8*",0.570857,"Correct","Correct","Correct","Correct"
"3",61,"1_2_stimuli","1_2","Incongruent","Congruent","Incongruent","Incongruent",121.999086,122.199091,"2@",0.586875,"Correct","Correct","Correct","Correct"
"3",62,"3_4_stimuli","4_3","Incongruent","Incongruent","Congruent","Incongruent",123.999078,124.199076,"3#",0.650953,"Correct","Correct","Correct","Correct"
"3",63,"5_6_stimuli","5_5","Congruent","Incongruent","Incongruent","Congruent",125.999063,126.199069,"8*",0.522943,"Error","Correct","Correct","Correct"
"3",64,"7_8_stimuli","8_7","Incongruent","Congruent","Incongruent","Incongruent",127.999042,128.199047,"6^",1.082945,"Error","Error","Correct","Correct"
"3",65,"1_2_stimuli","1_2","Incongruent","Incongruent","Congruent","Incongruent",129.999036,130.199033,"2@",1.002995,"Correct","Error","Error","Correct"
"3",66,"3_4_stimuli","4_4","Congruent","Incongruent","Incongruent","Congruent",131.999013,132.199021,"4$",0.730604,"Correct","Correct","Error","Error"
"3",67,"5_6_stimuli","6_5","Incongruent","Congruent","Incongruent","Incongruent",133.999004,134.199004,"5%",0.667031,"Correct","Correct","Correct","Error"
"3",68,"7_8_stimuli","7_7","Congruent","Incongruent","Congruent","Incongruent",135.998986,136.198984,"7&",1.179354,"Correct","Correct","Correct","Correct"
"4",1,"1_2_stimuli","2_2","Congruent",NA,NA,NA,1.999982,2.199985,"2@",0.604582,"Correct",NA,NA,NA
"4",2,"3_4_stimuli","4_3","Incongruent","Congruent",NA,NA,3.999972,4.199971,"3#",0.732484,"Correct","Correct",NA,NA
"4",3,"5_6_stimuli","5_6","Incongruent","Incongruent","Congruent",NA,5.999955,6.199959,"6^",0.684037,"Correct","Correct","Correct",NA
"4",4,"7_8_stimuli","8_8","Congruent","Incongruent","Incongruent","Congruent",7.999946,8.19994,"8*",0.572444,"Correct","Correct","Correct","Correct"
"4",5,"1_2_stimuli","2_1","Incongruent","Congruent","Incongruent","Incongruent",9.999937,10.199923,"1!",0.524791,"Correct","Correct","Correct","Correct"
"4",6,"3_4_stimuli","4_4","Congruent","Incongruent","Congruent","Incongruent",11.999921,12.199901,"4$",0.620337,"Correct","Correct","Correct","Correct"
"4",7,"5_6_stimuli","6_6","Congruent","Congruent","Incongruent","Congruent",13.999895,14.199896,"6^",0.812101,"Correct","Correct","Correct","Correct"
"4",8,"7_8_stimuli","8_7","Incongruent","Congruent","Congruent","Incongruent",15.999879,16.199885,"7&",0.796344,"Correct","Correct","Correct","Correct"
"4",9,"1_2_stimuli","1_1","Congruent","Incongruent","Congruent","Congruent",17.999868,18.199869,"1!",0.54055,"Correct","Correct","Correct","Correct"
"4",10,"3_4_stimuli","3_3","Congruent","Congruent","Incongruent","Congruent",19.999852,20.199856,"3#",0.652614,"Correct","Correct","Correct","Correct"
"4",11,"5_6_stimuli","5_6","Incongruent","Congruent","Congruent","Incongruent",21.999841,22.19983,"6^",0.87659,"Correct","Correct","Correct","Correct"
"4",12,"7_8_stimuli","7_8","Incongruent","Incongruent","Congruent","Congruent",23.999824,24.19982,"7&",0.636193,"Error","Correct","Correct","Correct"
"4",13,"1_2_stimuli","2_2","Congruent","Incongruent","Incongruent","Congruent",25.999805,26.19981,"2@",1.212296,"Correct","Error","Correct","Correct"
"4",14,"3_4_stimuli","3_4","Incongruent","Congruent","Incongruent","Incongruent",27.999809,28.19979,"4$",0.636397,"Correct","Correct","Error","Correct"
"4",15,"5_6_stimuli","5_5","Congruent","Incongruent","Congruent","Incongruent",29.999776,30.199783,"5%",0.412219,"Correct","Correct","Correct","Error"
"4",16,"7_8_stimuli","8_8","Congruent","Congruent","Incongruent","Congruent",31.999767,32.199767,"8*",0.508763,"Correct","Correct","Correct","Correct"
"4",17,"1_2_stimuli","2_1","Incongruent","Congruent","Congruent","Incongruent",33.999748,34.199745,"1!",0.524264,"Correct","Correct","Correct","Correct"
"4",18,"3_4_stimuli","3_3","Congruent","Incongruent","Congruent","Congruent",35.999726,36.199728,"3#",0.620716,"Correct","Correct","Correct","Correct"
"4",19,"5_6_stimuli","5_6","Incongruent","Congruent","Incongruent","Congruent",37.99972,38.199724,"5%",0.876684,"Error","Correct","Correct","Correct"
"4",20,"7_8_stimuli","8_7","Incongruent","Incongruent","Congruent","Incongruent",39.999697,40.199702,"Omission",5000,"Omission","Error","Correct","Correct"
"4",21,"1_2_stimuli","1_2","Incongruent","Incongruent","Incongruent","Congruent",41.999688,42.199691,"2@",0.684304,"Correct","Omission","Error","Correct"
"4",22,"3_4_stimuli","4_4","Congruent","Incongruent","Incongruent","Incongruent",43.999678,44.199671,"4$",0.604809,"Correct","Correct","Omission","Error"
"4",23,"5_6_stimuli","5_6","Incongruent","Congruent","Incongruent","Incongruent",45.999656,46.199666,"6^",0.700725,"Correct","Correct","Correct","Omission"
"4",24,"7_8_stimuli","8_8","Congruent","Incongruent","Congruent","Incongruent",47.999636,48.199645,"8*",0.572339,"Correct","Correct","Correct","Correct"
"4",25,"1_2_stimuli","1_1","Congruent","Congruent","Incongruent","Congruent",49.999633,50.199639,"1!",0.476618,"Correct","Correct","Correct","Correct"
"4",26,"3_4_stimuli","4_4","Congruent","Congruent","Congruent","Incongruent",51.999621,52.199609,"4$",0.524998,"Correct","Correct","Correct","Correct"
"4",27,"5_6_stimuli","6_6","Congruent","Congruent","Congruent","Congruent",53.999594,54.199593,"6^",0.716448,"Correct","Correct","Correct","Correct"
"4",28,"7_8_stimuli","8_8","Congruent","Congruent","Congruent","Congruent",55.999589,56.199583,"8*",0.540407,"Correct","Correct","Correct","Correct"
"4",29,"1_2_stimuli","1_1","Congruent","Congruent","Congruent","Congruent",57.999567,58.199566,"1!",0.476783,"Correct","Correct","Correct","Correct"
"4",30,"3_4_stimuli","4_3","Incongruent","Congruent","Congruent","Congruent",59.999553,60.199559,"3#",0.89242,"Correct","Correct","Correct","Correct"
"4",31,"5_6_stimuli","5_5","Congruent","Incongruent","Congruent","Congruent",61.999539,62.199546,"4$",0.556498,"Error","Correct","Correct","Correct"
"4",32,"7_8_stimuli","7_8","Incongruent","Congruent","Incongruent","Congruent",63.99952,64.199515,"8*",0.604858,"Correct","Error","Correct","Correct"
"4",33,"1_2_stimuli","1_1","Congruent","Incongruent","Congruent","Incongruent",65.999517,66.199506,"1!",0.508479,"Correct","Correct","Error","Correct"
"4",34,"3_4_stimuli","4_3","Incongruent","Congruent","Incongruent","Congruent",67.999492,68.199497,"3#",0.700963,"Correct","Correct","Correct","Error"
"4",35,"5_6_stimuli","6_5","Incongruent","Incongruent","Congruent","Incongruent",69.99948,70.19948,"5%",0.861156,"Correct","Correct","Correct","Correct"
"4",36,"7_8_stimuli","7_8","Incongruent","Incongruent","Incongruent","Congruent",71.999466,72.199457,"8*",0.701117,"Correct","Correct","Correct","Correct"
"4",37,"1_2_stimuli","2_1","Incongruent","Incongruent","Incongruent","Incongruent",73.999451,74.199448,"1!",0.540568,"Correct","Correct","Correct","Correct"
"4",38,"3_4_stimuli","3_4","Incongruent","Incongruent","Incongruent","Incongruent",75.999427,76.199432,"4$",1.356875,"Correct","Correct","Correct","Correct"
"4",39,"5_6_stimuli","5_5","Congruent","Incongruent","Incongruent","Incongruent",77.999418,78.199419,"5%",0.476962,"Correct","Correct","Correct","Correct"
"4",40,"7_8_stimuli","8_8","Congruent","Congruent","Incongruent","Incongruent",79.999407,80.199403,"8*",0.589309,"Correct","Correct","Correct","Correct"
"4",41,"1_2_stimuli","2_2","Congruent","Congruent","Congruent","Incongruent",81.999387,82.199381,"2@",0.636946,"Correct","Correct","Correct","Correct"
"4",42,"3_4_stimuli","4_4","Congruent","Congruent","Congruent","Congruent",83.999365,84.199375,"4$",0.6691,"Correct","Correct","Correct","Correct"
"4",43,"5_6_stimuli","6_5","Incongruent","Congruent","Congruent","Congruent",85.999364,86.199366,"5%",0.509057,"Correct","Correct","Correct","Correct"
"4",44,"7_8_stimuli","7_7","Congruent","Incongruent","Congruent","Congruent",87.999342,88.199336,"7&",0.557117,"Correct","Correct","Correct","Correct"
"4",45,"1_2_stimuli","1_2","Incongruent","Congruent","Incongruent","Congruent",89.999332,90.199323,"2@",0.733136,"Correct","Correct","Correct","Correct"
"4",46,"3_4_stimuli","3_4","Incongruent","Incongruent","Congruent","Incongruent",91.999316,92.199312,"4$",0.604658,"Correct","Correct","Correct","Correct"
"4",47,"5_6_stimuli","6_6","Congruent","Incongruent","Incongruent","Congruent",93.999299,94.199301,"6^",0.845052,"Correct","Correct","Correct","Correct"
"4",48,"7_8_stimuli","7_8","Incongruent","Congruent","Incongruent","Incongruent",95.999281,96.199284,"8*",0.573204,"Correct","Correct","Correct","Correct"
"4",49,"1_2_stimuli","2_1","Incongruent","Incongruent","Congruent","Incongruent",97.999265,98.19927,"1!",0.557319,"Correct","Correct","Correct","Correct"
"4",50,"3_4_stimuli","3_4","Incongruent","Incongruent","Incongruent","Congruent",99.999247,100.19925,"4$",0.780763,"Correct","Correct","Correct","Correct"
"4",51,"5_6_stimuli","6_5","Incongruent","Incongruent","Incongruent","Incongruent",101.999237,102.199239,"5%",0.6853,"Correct","Correct","Correct","Correct"
"4",52,"7_8_stimuli","8_7","Incongruent","Incongruent","Incongruent","Incongruent",103.999227,104.199217,"6^",1.021078,"Error","Correct","Correct","Correct"
"4",53,"1_2_stimuli","2_2","Congruent","Incongruent","Incongruent","Incongruent",105.999208,106.199206,"Omission",5000,"Omission","Error","Correct","Correct"
"4",54,"3_4_stimuli","3_3","Congruent","Congruent","Incongruent","Incongruent",107.999189,108.1992,"3#",1.148884,"Correct","Omission","Error","Correct"
"4",55,"5_6_stimuli","6_6","Congruent","Congruent","Congruent","Incongruent",109.999184,110.199179,"6^",0.796848,"Correct","Correct","Omission","Error"
"4",56,"7_8_stimuli","8_7","Incongruent","Congruent","Congruent","Congruent",111.999164,112.199159,"7&",0.380833,"Correct","Correct","Correct","Omission"
"4",57,"1_2_stimuli","1_2","Incongruent","Incongruent","Congruent","Congruent",113.999151,114.199148,"2@",0.637884,"Correct","Correct","Correct","Correct"
"4",58,"3_4_stimuli","3_3","Congruent","Incongruent","Incongruent","Congruent",115.999138,116.19914,"3#",0.973041,"Correct","Correct","Correct","Correct"
"4",59,"5_6_stimuli","5_5","Congruent","Congruent","Incongruent","Incongruent",117.999115,118.199118,"5%",0.71732,"Correct","Correct","Correct","Correct"
"4",60,"7_8_stimuli","7_7","Congruent","Congruent","Congruent","Incongruent",119.999128,120.199104,"7&",0.557294,"Correct","Correct","Correct","Correct"
"4",61,"1_2_stimuli","1_2","Incongruent","Congruent","Congruent","Congruent",121.999087,122.199082,"2@",0.589124,"Correct","Correct","Correct","Correct"
"4",62,"3_4_stimuli","4_3","Incongruent","Incongruent","Congruent","Congruent",123.999077,124.199066,"3#",0.620943,"Correct","Correct","Correct","Correct"
"4",63,"5_6_stimuli","5_6","Incongruent","Incongruent","Incongruent","Congruent",125.999062,126.199062,"6^",0.557682,"Correct","Correct","Correct","Correct"
"4",64,"7_8_stimuli","7_7","Congruent","Incongruent","Incongruent","Incongruent",127.999048,128.199048,"7&",0.52496,"Correct","Correct","Correct","Correct"
"4",65,"1_2_stimuli","2_2","Congruent","Congruent","Incongruent","Incongruent",129.999035,130.199024,"2@",0.493359,"Correct","Correct","Correct","Correct"
"4",66,"3_4_stimuli","4_3","Incongruent","Congruent","Congruent","Incongruent",131.999015,132.199013,"3#",0.557674,"Correct","Correct","Correct","Correct"
"4",67,"5_6_stimuli","6_5","Incongruent","Incongruent","Congruent","Congruent",133.998995,134.199003,"5%",0.637162,"Correct","Correct","Correct","Correct"
"4",68,"7_8_stimuli","7_7","Congruent","Incongruent","Incongruent","Congruent",135.998992,136.198977,"7&",0.637693,"Correct","Correct","Correct","Correct"
"5",1,"1_2_stimuli","1_2","Incongruent",NA,NA,NA,1.999982,2.199973,"2@",0.739394,"Correct",NA,NA,NA
"5",2,"3_4_stimuli","4_3","Incongruent","Incongruent",NA,NA,3.999969,4.199966,"3#",0.595507,"Correct","Correct",NA,NA
"5",3,"5_6_stimuli","6_5","Incongruent","Incongruent","Incongruent",NA,5.999956,6.199948,"5%",0.755138,"Correct","Correct","Correct",NA
"5",4,"7_8_stimuli","7_8","Incongruent","Incongruent","Incongruent","Incongruent",7.999928,8.199928,"7&",0.595759,"Error","Correct","Correct","Correct"
"5",5,"1_2_stimuli","2_1","Incongruent","Incongruent","Incongruent","Incongruent",9.999919,10.199912,"2@",0.627605,"Error","Error","Correct","Correct"
"5",6,"3_4_stimuli","3_3","Congruent","Incongruent","Incongruent","Incongruent",11.9999,12.199902,"3#",0.739134,"Correct","Error","Error","Correct"
"5",7,"5_6_stimuli","6_5","Incongruent","Congruent","Incongruent","Incongruent",13.99989,14.199889,"5%",0.547148,"Correct","Correct","Error","Error"
"5",8,"7_8_stimuli","7_7","Congruent","Incongruent","Congruent","Incongruent",15.999873,16.199872,"7&",0.659225,"Correct","Correct","Correct","Error"
"5",9,"1_2_stimuli","1_1","Congruent","Congruent","Incongruent","Congruent",17.999858,18.199861,"1!",0.643156,"Correct","Correct","Correct","Correct"
"5",10,"3_4_stimuli","3_4","Incongruent","Congruent","Congruent","Incongruent",19.999851,20.199842,"4$",0.835501,"Correct","Correct","Correct","Correct"
"5",11,"5_6_stimuli","5_6","Incongruent","Incongruent","Congruent","Congruent",21.999826,22.199832,"7&",0.643758,"Error","Correct","Correct","Correct"
"5",12,"7_8_stimuli","8_8","Congruent","Incongruent","Incongruent","Congruent",23.999818,24.199812,"8*",0.611823,"Correct","Error","Correct","Correct"
"5",13,"1_2_stimuli","2_2","Congruent","Congruent","Incongruent","Incongruent",25.999798,26.199808,"2@",0.739542,"Correct","Correct","Error","Correct"
"5",14,"3_4_stimuli","4_4","Congruent","Congruent","Congruent","Incongruent",27.999783,28.199786,"4$",0.643204,"Correct","Correct","Correct","Error"
"5",15,"5_6_stimuli","5_5","Congruent","Congruent","Congruent","Congruent",29.999772,30.199774,"5%",0.579317,"Correct","Correct","Correct","Correct"
"5",16,"7_8_stimuli","8_7","Incongruent","Congruent","Congruent","Congruent",31.999757,32.199759,"7&",0.675304,"Correct","Correct","Correct","Correct"
"5",17,"1_2_stimuli","1_1","Congruent","Incongruent","Congruent","Congruent",33.999741,34.199742,"1!",0.579368,"Correct","Correct","Correct","Correct"
"5",18,"3_4_stimuli","4_3","Incongruent","Congruent","Incongruent","Congruent",35.999724,36.199729,"3#",0.691848,"Correct","Correct","Correct","Correct"
"5",19,"5_6_stimuli","6_6","Congruent","Incongruent","Congruent","Incongruent",37.999721,38.199711,"6^",0.755353,"Correct","Correct","Correct","Correct"
"5",20,"7_8_stimuli","8_8","Congruent","Congruent","Incongruent","Congruent",39.9997,40.199687,"8*",0.611751,"Correct","Correct","Correct","Correct"
"5",21,"1_2_stimuli","2_2","Congruent","Congruent","Congruent","Incongruent",41.999681,42.199678,"2@",0.659838,"Correct","Correct","Correct","Correct"
"5",22,"3_4_stimuli","3_3","Congruent","Congruent","Congruent","Congruent",43.999673,44.199672,"3#",0.595664,"Correct","Correct","Correct","Correct"
"5",23,"5_6_stimuli","6_5","Incongruent","Congruent","Congruent","Congruent",45.999655,46.199654,"5%",1.123435,"Correct","Correct","Correct","Correct"
"5",24,"7_8_stimuli","7_7","Congruent","Incongruent","Congruent","Congruent",47.999631,48.199634,"7&",0.707469,"Correct","Correct","Correct","Correct"
"5",25,"1_2_stimuli","1_2","Incongruent","Congruent","Incongruent","Congruent",49.99963,50.199617,"2@",0.883941,"Correct","Correct","Correct","Correct"
"5",26,"3_4_stimuli","4_4","Congruent","Incongruent","Congruent","Incongruent",51.9996,52.199606,"4$",0.595548,"Correct","Correct","Correct","Correct"
"5",27,"5_6_stimuli","6_6","Congruent","Congruent","Incongruent","Congruent",53.999594,54.199592,"6^",0.803541,"Correct","Correct","Correct","Correct"
"5",28,"7_8_stimuli","7_7","Congruent","Congruent","Congruent","Incongruent",55.999571,56.199578,"7&",1.027864,"Correct","Correct","Correct","Correct"
"5",29,"1_2_stimuli","2_1","Incongruent","Congruent","Congruent","Congruent",57.999572,58.199566,"2@",0.627516,"Error","Correct","Correct","Correct"
"5",30,"3_4_stimuli","4_4","Congruent","Incongruent","Congruent","Congruent",59.999552,60.199549,"4$",0.595577,"Correct","Error","Correct","Correct"
"5",31,"5_6_stimuli","5_6","Incongruent","Congruent","Incongruent","Congruent",61.999536,62.199536,"5%",0.723531,"Error","Correct","Error","Correct"
"5",32,"7_8_stimuli","8_7","Incongruent","Incongruent","Congruent","Incongruent",63.99951,64.199511,"7&",0.659538,"Correct","Error","Correct","Error"
"5",33,"1_2_stimuli","1_1","Congruent","Incongruent","Incongruent","Congruent",65.999511,66.199498,"1!",0.611749,"Correct","Correct","Error","Correct"
"5",34,"3_4_stimuli","3_4","Incongruent","Congruent","Incongruent","Incongruent",67.999496,68.199484,"4$",0.835576,"Correct","Correct","Correct","Error"
"5",35,"5_6_stimuli","6_5","Incongruent","Incongruent","Congruent","Incongruent",69.99947,70.199474,"5%",1.043598,"Correct","Correct","Correct","Correct"
"5",36,"7_8_stimuli","7_8","Incongruent","Incongruent","Incongruent","Congruent",71.999452,72.19945,"8*",0.836133,"Correct","Correct","Correct","Correct"
"5",37,"1_2_stimuli","1_1","Congruent","Incongruent","Incongruent","Incongruent",73.999452,74.199434,"1!",0.451627,"Correct","Correct","Correct","Correct"
"5",38,"3_4_stimuli","3_3","Congruent","Congruent","Incongruent","Incongruent",75.999421,76.199419,"2@",0.708007,"Error","Correct","Correct","Correct"
"5",39,"5_6_stimuli","5_5","Congruent","Congruent","Congruent","Incongruent",77.999411,78.199416,"5%",0.820055,"Correct","Error","Correct","Correct"
"5",40,"7_8_stimuli","8_8","Congruent","Congruent","Congruent","Congruent",79.999391,80.199399,"8*",0.691947,"Correct","Correct","Error","Correct"
"5",41,"1_2_stimuli","2_2","Congruent","Congruent","Congruent","Congruent",81.999386,82.199382,"2@",0.675666,"Correct","Correct","Correct","Error"
"5",42,"3_4_stimuli","3_4","Incongruent","Congruent","Congruent","Congruent",83.999365,84.199368,"4$",0.660189,"Correct","Correct","Correct","Correct"
"5",43,"5_6_stimuli","5_5","Congruent","Incongruent","Congruent","Congruent",85.999352,86.199353,"5%",0.419919,"Correct","Correct","Correct","Correct"
"5",44,"7_8_stimuli","7_8","Incongruent","Congruent","Incongruent","Congruent",87.999336,88.199339,"8*",0.532223,"Correct","Correct","Correct","Correct"
"5",45,"1_2_stimuli","1_2","Incongruent","Incongruent","Congruent","Incongruent",89.999321,90.199313,"2@",0.579814,"Correct","Correct","Correct","Correct"
"5",46,"3_4_stimuli","3_3","Congruent","Incongruent","Incongruent","Congruent",91.999314,92.199304,"3#",0.756216,"Correct","Correct","Correct","Correct"
"5",47,"5_6_stimuli","6_6","Congruent","Congruent","Incongruent","Incongruent",93.999292,94.199284,"6^",0.803777,"Correct","Correct","Correct","Correct"
"5",48,"7_8_stimuli","7_8","Incongruent","Congruent","Congruent","Incongruent",95.999274,96.199269,"8*",0.563745,"Correct","Correct","Correct","Correct"
"5",49,"1_2_stimuli","2_1","Incongruent","Incongruent","Congruent","Congruent",97.999266,98.199265,"1!",0.563936,"Correct","Correct","Correct","Correct"
"5",50,"3_4_stimuli","4_3","Incongruent","Incongruent","Incongruent","Congruent",99.999252,100.199247,"3#",0.819849,"Correct","Correct","Correct","Correct"
"5",51,"5_6_stimuli","5_5","Congruent","Incongruent","Incongruent","Incongruent",101.999226,102.199224,"5%",0.772312,"Correct","Correct","Correct","Correct"
"5",52,"7_8_stimuli","8_8","Congruent","Congruent","Incongruent","Incongruent",103.99922,104.199211,"8*",0.548159,"Correct","Correct","Correct","Correct"
"5",53,"1_2_stimuli","1_2","Incongruent","Congruent","Congruent","Incongruent",105.999197,106.1992,"2@",0.660431,"Correct","Correct","Correct","Correct"
"5",54,"3_4_stimuli","4_3","Incongruent","Incongruent","Congruent","Congruent",107.999187,108.199192,"3#",0.756113,"Correct","Correct","Correct","Correct"
"5",55,"5_6_stimuli","5_6","Incongruent","Incongruent","Incongruent","Congruent",109.999171,110.199173,"6^",0.836524,"Correct","Correct","Correct","Correct"
"5",56,"7_8_stimuli","7_7","Congruent","Incongruent","Incongruent","Incongruent",111.999162,112.199153,"7&",0.419864,"Correct","Correct","Correct","Correct"
"5",57,"1_2_stimuli","1_2","Incongruent","Congruent","Incongruent","Incongruent",113.999133,114.199142,"6^",0.61214,"Error","Correct","Correct","Correct"
"5",58,"3_4_stimuli","4_3","Incongruent","Incongruent","Congruent","Incongruent",115.999126,116.199134,"3#",1.07592,"Correct","Error","Correct","Correct"
"5",59,"5_6_stimuli","6_6","Congruent","Incongruent","Incongruent","Congruent",117.999107,118.199112,"6^",0.836285,"Correct","Correct","Error","Correct"
"5",60,"7_8_stimuli","8_7","Incongruent","Congruent","Incongruent","Incongruent",119.999101,120.199098,"7&",0.692383,"Correct","Correct","Correct","Error"
"5",61,"1_2_stimuli","2_2","Congruent","Incongruent","Congruent","Incongruent",121.999081,122.199075,"2@",0.916543,"Correct","Correct","Correct","Correct"
"5",62,"3_4_stimuli","4_4","Congruent","Congruent","Incongruent","Congruent",123.999063,124.199068,"4$",0.612523,"Correct","Correct","Correct","Correct"
"5",63,"5_6_stimuli","5_6","Incongruent","Congruent","Congruent","Incongruent",125.999044,126.199055,"6^",0.644397,"Correct","Correct","Correct","Correct"
"5",64,"7_8_stimuli","8_7","Incongruent","Incongruent","Congruent","Congruent",127.999039,128.199047,"7&",0.548082,"Correct","Correct","Correct","Correct"
"5",65,"1_2_stimuli","2_1","Incongruent","Incongruent","Incongruent","Congruent",129.999026,130.19902,"2@",0.564455,"Error","Correct","Correct","Correct"
"5",66,"3_4_stimuli","3_4","Incongruent","Incongruent","Incongruent","Incongruent",131.999005,132.19901,"4$",0.660597,"Correct","Error","Correct","Correct"
"5",67,"5_6_stimuli","6_5","Incongruent","Incongruent","Incongruent","Incongruent",133.998986,134.198986,"5%",0.772404,"Correct","Correct","Error","Correct"
"5",68,"7_8_stimuli","7_8","Incongruent","Incongruent","Incongruent","Incongruent",135.998978,136.198977,"8*",0.62814,"Correct","Correct","Correct","Error"
"6",1,"1_2_stimuli","2_2","Congruent",NA,NA,NA,1.999988,2.200001,"2@",0.742643,"Correct",NA,NA,NA
"6",2,"3_4_stimuli","3_3","Congruent","Congruent",NA,NA,3.999985,4.199978,"3#",0.678178,"Correct","Correct",NA,NA
"6",3,"5_6_stimuli","5_5","Congruent","Congruent","Congruent",NA,5.999969,6.19996,"5%",0.886454,"Correct","Correct","Correct",NA
"6",4,"7_8_stimuli","7_7","Congruent","Congruent","Congruent","Congruent",7.999955,8.199943,"7&",0.982488,"Correct","Correct","Correct","Correct"
"6",5,"1_2_stimuli","1_1","Congruent","Congruent","Congruent","Congruent",9.999935,10.199937,"1!",0.598828,"Correct","Correct","Correct","Correct"
"6",6,"3_4_stimuli","3_3","Congruent","Congruent","Congruent","Congruent",11.999922,12.19991,"3#",0.950504,"Correct","Correct","Correct","Correct"
"6",7,"5_6_stimuli","5_6","Incongruent","Congruent","Congruent","Congruent",13.999904,14.199912,"6^",0.758709,"Correct","Correct","Correct","Correct"
"6",8,"7_8_stimuli","7_8","Incongruent","Incongruent","Congruent","Congruent",15.999886,16.199889,"8*",0.662885,"Correct","Correct","Correct","Correct"
"6",9,"1_2_stimuli","1_2","Incongruent","Incongruent","Incongruent","Congruent",17.999876,18.199871,"2@",0.598482,"Correct","Correct","Correct","Correct"
"6",10,"3_4_stimuli","4_3","Incongruent","Incongruent","Incongruent","Incongruent",19.999864,20.199854,"3#",0.598403,"Correct","Correct","Correct","Correct"
"6",11,"5_6_stimuli","5_6","Incongruent","Incongruent","Incongruent","Incongruent",21.999842,22.199843,"6^",0.678282,"Correct","Correct","Correct","Correct"
"6",12,"7_8_stimuli","7_8","Incongruent","Incongruent","Incongruent","Incongruent",23.999831,24.199826,"8*",0.502328,"Correct","Correct","Correct","Correct"
"6",13,"1_2_stimuli","1_1","Congruent","Incongruent","Incongruent","Incongruent",25.99981,26.199819,"1!",0.630343,"Correct","Correct","Correct","Correct"
"6",14,"3_4_stimuli","4_3","Incongruent","Congruent","Incongruent","Incongruent",27.9998,28.199801,"3#",0.854671,"Correct","Correct","Correct","Correct"
"6",15,"5_6_stimuli","5_6","Incongruent","Incongruent","Congruent","Incongruent",29.999792,30.199774,"6^",0.726337,"Correct","Correct","Correct","Correct"
"6",16,"7_8_stimuli","8_7","Incongruent","Incongruent","Incongruent","Congruent",31.999767,32.199767,"7&",0.454369,"Correct","Correct","Correct","Correct"
"6",17,"1_2_stimuli","1_2","Incongruent","Incongruent","Incongruent","Incongruent",33.999755,34.199754,"3#",0.66271,"Error","Correct","Correct","Correct"
"6",18,"3_4_stimuli","4_4","Congruent","Incongruent","Incongruent","Incongruent",35.999742,36.19973,"4$",0.726387,"Correct","Error","Correct","Correct"
"6",19,"5_6_stimuli","6_5","Incongruent","Congruent","Incongruent","Incongruent",37.999721,38.199732,"5%",0.758886,"Correct","Correct","Error","Correct"
"6",20,"7_8_stimuli","8_8","Congruent","Incongruent","Congruent","Incongruent",39.999717,40.199713,"8*",0.599015,"Correct","Correct","Correct","Error"
"6",21,"1_2_stimuli","1_1","Congruent","Congruent","Incongruent","Congruent",41.999696,42.199695,"1!",0.598817,"Correct","Correct","Correct","Correct"
"6",22,"3_4_stimuli","3_4","Incongruent","Congruent","Congruent","Incongruent",43.999679,44.199687,"4$",1.094752,"Correct","Correct","Correct","Correct"
"6",23,"5_6_stimuli","6_6","Congruent","Incongruent","Congruent","Congruent",45.999672,46.199664,"6^",0.678503,"Correct","Correct","Correct","Correct"
"6",24,"7_8_stimuli","8_7","Incongruent","Congruent","Incongruent","Congruent",47.999654,48.199654,"7&",0.566787,"Correct","Correct","Correct","Correct"
"6",25,"1_2_stimuli","2_1","Incongruent","Incongruent","Congruent","Incongruent",49.999637,50.199642,"1!",0.518639,"Correct","Correct","Correct","Correct"
"6",26,"3_4_stimuli","3_4","Incongruent","Incongruent","Incongruent","Congruent",51.99961,52.199619,"4$",0.63096,"Correct","Correct","Correct","Correct"
"6",27,"5_6_stimuli","5_5","Congruent","Incongruent","Incongruent","Incongruent",53.999608,54.199604,"5%",0.790521,"Correct","Correct","Correct","Correct"
"6",28,"7_8_stimuli","8_8","Congruent","Congruent","Incongruent","Incongruent",55.999586,56.199613,"8*",0.646541,"Correct","Correct","Correct","Correct"
"6",29,"1_2_stimuli","2_1","Incongruent","Congruent","Congruent","Incongruent",57.999579,58.19958,"1!",0.566938,"Correct","Correct","Correct","Correct"
"6",30,"3_4_stimuli","4_3","Incongruent","Incongruent","Congruent","Congruent",59.999563,60.199548,"3#",0.934559,"Correct","Correct","Correct","Correct"
"6",31,"5_6_stimuli","5_5","Congruent","Incongruent","Incongruent","Congruent",61.999545,62.199541,"5%",0.502531,"Correct","Correct","Correct","Correct"
"6",32,"7_8_stimuli","8_7","Incongruent","Congruent","Incongruent","Incongruent",63.999527,64.199529,"7&",0.535182,"Correct","Correct","Correct","Correct"
"6",33,"1_2_stimuli","2_2","Congruent","Incongruent","Congruent","Incongruent",65.999517,66.199508,"2@",0.614949,"Correct","Correct","Correct","Correct"
"6",34,"3_4_stimuli","3_4","Incongruent","Congruent","Incongruent","Congruent",67.999497,68.19949,"4$",0.743145,"Correct","Correct","Correct","Correct"
"6",35,"5_6_stimuli","6_6","Congruent","Incongruent","Congruent","Incongruent",69.999486,70.199487,"5%",0.743126,"Error","Correct","Correct","Correct"
"6",36,"7_8_stimuli","7_7","Congruent","Congruent","Incongruent","Congruent",71.999471,72.199467,"7&",1.110706,"Correct","Error","Correct","Correct"
"6",37,"1_2_stimuli","1_1","Congruent","Congruent","Congruent","Incongruent",73.999456,74.199447,"1!",0.614931,"Correct","Correct","Error","Correct"
"6",38,"3_4_stimuli","3_4","Incongruent","Congruent","Congruent","Congruent",75.999444,76.199438,"4$",0.839212,"Correct","Correct","Correct","Error"
"6",39,"5_6_stimuli","6_5","Incongruent","Incongruent","Congruent","Congruent",77.999421,78.199426,"5%",0.551377,"Correct","Correct","Correct","Correct"
"6",40,"7_8_stimuli","8_8","Congruent","Incongruent","Incongruent","Congruent",79.999403,80.199403,"8*",0.551367,"Correct","Correct","Correct","Correct"
"6",41,"1_2_stimuli","2_1","Incongruent","Congruent","Incongruent","Incongruent",81.999397,82.199397,"1!",0.48673,"Correct","Correct","Correct","Correct"
"6",42,"3_4_stimuli","3_3","Congruent","Incongruent","Congruent","Incongruent",83.99938,84.199384,"3#",0.663364,"Correct","Correct","Correct","Correct"
"6",43,"5_6_stimuli","6_6","Congruent","Congruent","Incongruent","Congruent",85.999357,86.199357,"6^",0.566701,"Correct","Correct","Correct","Correct"
"6",44,"7_8_stimuli","8_7","Incongruent","Congruent","Congruent","Incongruent",87.999344,88.199347,"7&",0.503057,"Correct","Correct","Correct","Correct"
"6",45,"1_2_stimuli","2_2","Congruent","Incongruent","Congruent","Congruent",89.999331,90.199332,"2@",0.503085,"Correct","Correct","Correct","Correct"
"6",46,"3_4_stimuli","4_4","Congruent","Congruent","Incongruent","Congruent",91.999313,92.199311,"4$",0.503223,"Correct","Correct","Correct","Correct"
"6",47,"5_6_stimuli","6_5","Incongruent","Congruent","Congruent","Incongruent",93.999297,94.199298,"5%",0.919237,"Correct","Correct","Correct","Correct"
"6",48,"7_8_stimuli","8_8","Congruent","Incongruent","Congruent","Congruent",95.99929,96.199288,"8*",0.630875,"Correct","Correct","Correct","Correct"
"6",49,"1_2_stimuli","1_2","Incongruent","Congruent","Incongruent","Congruent",97.999266,98.199266,"2@",0.711223,"Correct","Correct","Correct","Correct"
"6",50,"3_4_stimuli","4_3","Incongruent","Incongruent","Congruent","Incongruent",99.999255,100.199261,"3#",0.791336,"Correct","Correct","Correct","Correct"
"6",51,"5_6_stimuli","6_5","Incongruent","Incongruent","Incongruent","Congruent",101.999247,102.199235,"5%",0.887241,"Correct","Correct","Correct","Correct"
"6",52,"7_8_stimuli","7_7","Congruent","Incongruent","Incongruent","Incongruent",103.999221,104.199225,"7&",0.599318,"Correct","Correct","Correct","Correct"
"6",53,"1_2_stimuli","2_2","Congruent","Congruent","Incongruent","Incongruent",105.999217,106.19922,"2@",0.551055,"Correct","Correct","Correct","Correct"
"6",54,"3_4_stimuli","4_4","Congruent","Congruent","Congruent","Incongruent",107.999192,108.1992,"4$",0.551318,"Correct","Correct","Correct","Correct"
"6",55,"5_6_stimuli","5_5","Congruent","Congruent","Congruent","Congruent",109.999183,110.199178,"5%",0.519347,"Correct","Correct","Correct","Correct"
"6",56,"7_8_stimuli","7_8","Incongruent","Congruent","Congruent","Congruent",111.999179,112.199166,"8*",0.567559,"Correct","Correct","Correct","Correct"
"6",57,"1_2_stimuli","2_1","Incongruent","Incongruent","Congruent","Congruent",113.999158,114.199156,"1!",0.53543,"Correct","Correct","Correct","Correct"
"6",58,"3_4_stimuli","3_3","Congruent","Incongruent","Incongruent","Congruent",115.999136,116.199135,"3#",0.535364,"Correct","Correct","Correct","Correct"
"6",59,"5_6_stimuli","6_6","Congruent","Congruent","Incongruent","Incongruent",117.999125,118.199126,"7&",0.935007,"Error","Correct","Correct","Correct"
"6",60,"7_8_stimuli","7_7","Congruent","Congruent","Congruent","Incongruent",119.999109,120.199111,"6^",0.439488,"Error","Error","Correct","Correct"
"6",61,"1_2_stimuli","1_2","Incongruent","Congruent","Congruent","Congruent",121.999093,122.199096,"2@",0.663341,"Correct","Error","Error","Correct"
"6",62,"3_4_stimuli","3_3","Congruent","Incongruent","Congruent","Congruent",123.9991,124.199071,"3#",0.615044,"Correct","Correct","Error","Error"
"6",63,"5_6_stimuli","5_6","Incongruent","Congruent","Incongruent","Congruent",125.999061,126.199064,"6^",0.711659,"Correct","Correct","Correct","Error"
"6",64,"7_8_stimuli","7_8","Incongruent","Incongruent","Congruent","Incongruent",127.999053,128.19905,"8*",0.567099,"Correct","Correct","Correct","Correct"
"6",65,"1_2_stimuli","2_2","Congruent","Incongruent","Incongruent","Congruent",129.999027,130.199032,"2@",0.503689,"Correct","Correct","Correct","Correct"
"6",66,"3_4_stimuli","4_4","Congruent","Congruent","Incongruent","Incongruent",131.999028,132.199015,"4$",0.599478,"Correct","Correct","Correct","Correct"
"6",67,"5_6_stimuli","5_5","Congruent","Congruent","Congruent","Incongruent",133.999007,134.198999,"5%",0.439158,"Correct","Correct","Correct","Correct"
"6",68,"7_8_stimuli","7_7","Congruent","Congruent","Congruent","Congruent",135.998995,136.198983,"7&",0.535545,"Correct","Correct","Correct","Correct"
"7",1,"1_2_stimuli","1_2","Incongruent",NA,NA,NA,1.99999,2.199993,"2@",0.575085,"Correct",NA,NA,NA
"7",2,"3_4_stimuli","3_3","Congruent","Incongruent",NA,NA,3.999969,4.199977,"3#",0.510589,"Correct","Correct",NA,NA
"7",3,"5_6_stimuli","5_6","Incongruent","Congruent","Incongruent",NA,5.999964,6.199959,"6^",0.606927,"Correct","Correct","Correct",NA
"7",4,"7_8_stimuli","8_8","Congruent","Incongruent","Congruent","Incongruent",7.999946,8.199942,"8*",0.542543,"Correct","Correct","Correct","Correct"
"7",5,"1_2_stimuli","1_1","Congruent","Congruent","Incongruent","Congruent",9.999938,10.199932,"1!",0.41508,"Correct","Correct","Correct","Correct"
"7",6,"3_4_stimuli","3_3","Congruent","Congruent","Congruent","Incongruent",11.999916,12.199916,"4$",0.718996,"Error","Correct","Correct","Correct"
"7",7,"5_6_stimuli","6_6","Congruent","Congruent","Congruent","Congruent",13.999899,14.199903,"6^",1.2786,"Correct","Error","Correct","Correct"
"7",8,"7_8_stimuli","8_8","Congruent","Congruent","Congruent","Congruent",15.999893,16.199884,"8*",0.798872,"Correct","Correct","Error","Correct"
"7",9,"1_2_stimuli","2_1","Incongruent","Congruent","Congruent","Congruent",17.999868,18.199864,"1!",0.606961,"Correct","Correct","Correct","Error"
"7",10,"3_4_stimuli","3_4","Incongruent","Incongruent","Congruent","Congruent",19.999866,20.199862,"4$",0.686631,"Correct","Correct","Correct","Correct"
"7",11,"5_6_stimuli","5_6","Incongruent","Incongruent","Incongruent","Congruent",21.999835,22.19984,"6^",0.814992,"Correct","Correct","Correct","Correct"
"7",12,"7_8_stimuli","8_7","Incongruent","Incongruent","Incongruent","Incongruent",23.999833,24.199819,"7&",0.750912,"Correct","Correct","Correct","Correct"
"7",13,"1_2_stimuli","1_2","Incongruent","Incongruent","Incongruent","Incongruent",25.999811,26.199816,"2@",0.575246,"Correct","Correct","Correct","Correct"
"7",14,"3_4_stimuli","3_4","Incongruent","Incongruent","Incongruent","Incongruent",27.999801,28.199803,"4$",0.575311,"Correct","Correct","Correct","Correct"
"7",15,"5_6_stimuli","5_6","Incongruent","Incongruent","Incongruent","Incongruent",29.999775,30.19978,"6^",0.510768,"Correct","Correct","Correct","Correct"
"7",16,"7_8_stimuli","7_7","Congruent","Incongruent","Incongruent","Incongruent",31.999764,32.199763,"7&",0.574738,"Correct","Correct","Correct","Correct"
"7",17,"1_2_stimuli","2_2","Congruent","Congruent","Incongruent","Incongruent",33.999755,34.199755,"2@",0.495154,"Correct","Correct","Correct","Correct"
"7",18,"3_4_stimuli","4_3","Incongruent","Congruent","Congruent","Incongruent",35.999745,36.199743,"3#",0.287193,"Correct","Correct","Correct","Correct"
"7",19,"5_6_stimuli","6_5","Incongruent","Incongruent","Congruent","Congruent",37.99972,38.199725,"5%",0.607141,"Correct","Correct","Correct","Correct"
"7",20,"7_8_stimuli","7_7","Congruent","Incongruent","Incongruent","Congruent",39.999704,40.199714,"7&",0.478819,"Correct","Correct","Correct","Correct"
"7",21,"1_2_stimuli","1_2","Incongruent","Congruent","Incongruent","Incongruent",41.999694,42.199682,"2@",0.67075,"Correct","Correct","Correct","Correct"
"7",22,"3_4_stimuli","3_4","Incongruent","Incongruent","Congruent","Incongruent",43.999675,44.199681,"4$",0.702849,"Correct","Correct","Correct","Correct"
"7",23,"5_6_stimuli","6_6","Congruent","Incongruent","Incongruent","Congruent",45.999664,46.199669,"6^",0.527332,"Correct","Correct","Correct","Correct"
"7",24,"7_8_stimuli","8_7","Incongruent","Congruent","Incongruent","Incongruent",47.999657,48.199653,"7&",0.655392,"Correct","Correct","Correct","Correct"
"7",25,"1_2_stimuli","2_1","Incongruent","Incongruent","Congruent","Incongruent",49.999633,50.199633,"1!",0.735363,"Correct","Correct","Correct","Correct"
"7",26,"3_4_stimuli","4_4","Congruent","Incongruent","Incongruent","Congruent",51.999625,52.199626,"4$",0.718851,"Correct","Correct","Correct","Correct"
"7",27,"5_6_stimuli","5_6","Incongruent","Congruent","Incongruent","Incongruent",53.999596,54.19961,"6^",0.783518,"Correct","Correct","Correct","Correct"
"7",28,"7_8_stimuli","8_8","Congruent","Incongruent","Congruent","Incongruent",55.999595,56.199582,"8*",0.686886,"Correct","Correct","Correct","Correct"
"7",29,"1_2_stimuli","2_1","Incongruent","Congruent","Incongruent","Congruent",57.99958,58.199565,"1!",0.575396,"Correct","Correct","Correct","Correct"
"7",30,"3_4_stimuli","4_4","Congruent","Incongruent","Congruent","Incongruent",59.999565,60.199566,"4$",0.654957,"Correct","Correct","Correct","Correct"
"7",31,"5_6_stimuli","5_5","Congruent","Congruent","Incongruent","Congruent",61.999539,62.199545,"5%",0.78298,"Correct","Correct","Correct","Correct"
"7",32,"7_8_stimuli","7_7","Congruent","Congruent","Congruent","Incongruent",63.99952,64.199529,"6^",0.975292,"Error","Correct","Correct","Correct"
"7",33,"1_2_stimuli","2_2","Congruent","Congruent","Congruent","Congruent",65.999518,66.199514,"2@",0.79925,"Correct","Error","Correct","Correct"
"7",34,"3_4_stimuli","4_3","Incongruent","Congruent","Congruent","Congruent",67.999491,68.199504,"3#",0.655596,"Correct","Correct","Error","Correct"
"7",35,"5_6_stimuli","6_6","Congruent","Incongruent","Congruent","Congruent",69.99949,70.199489,"6^",1.263078,"Correct","Correct","Correct","Error"
"7",36,"7_8_stimuli","7_8","Incongruent","Congruent","Incongruent","Congruent",71.999472,72.199463,"8*",0.623059,"Correct","Correct","Correct","Correct"
"7",37,"1_2_stimuli","1_1","Congruent","Incongruent","Congruent","Incongruent",73.999457,74.199441,"1!",0.479531,"Correct","Correct","Correct","Correct"
"7",38,"3_4_stimuli","4_4","Congruent","Congruent","Incongruent","Congruent",75.999439,76.199433,"4$",0.6073,"Correct","Correct","Correct","Correct"
"7",39,"5_6_stimuli","6_5","Incongruent","Congruent","Congruent","Incongruent",77.999424,78.199432,"5%",0.687525,"Correct","Correct","Correct","Correct"
"7",40,"7_8_stimuli","7_8","Incongruent","Incongruent","Congruent","Congruent",79.999408,80.199411,"8*",0.655378,"Correct","Correct","Correct","Correct"
"7",41,"1_2_stimuli","1_1","Congruent","Incongruent","Incongruent","Congruent",81.999401,82.199384,"1!",0.591702,"Correct","Correct","Correct","Correct"
"7",42,"3_4_stimuli","3_3","Congruent","Congruent","Incongruent","Incongruent",83.999381,84.199371,"3#",0.751175,"Correct","Correct","Correct","Correct"
"7",43,"5_6_stimuli","6_6","Congruent","Congruent","Congruent","Incongruent",85.999362,86.199362,"6^",0.815237,"Correct","Correct","Correct","Correct"
"7",44,"7_8_stimuli","7_8","Incongruent","Congruent","Congruent","Congruent",87.99935,88.199343,"8*",0.783653,"Correct","Correct","Correct","Correct"
"7",45,"1_2_stimuli","1_2","Incongruent","Incongruent","Congruent","Congruent",89.999339,90.199322,"2@",0.7192,"Correct","Correct","Correct","Correct"
"7",46,"3_4_stimuli","3_4","Incongruent","Incongruent","Incongruent","Congruent",91.999312,92.199317,"4$",0.543211,"Correct","Correct","Correct","Correct"
"7",47,"5_6_stimuli","5_5","Congruent","Incongruent","Incongruent","Incongruent",93.999308,94.199299,"5%",0.543515,"Correct","Correct","Correct","Correct"
"7",48,"7_8_stimuli","8_8","Congruent","Congruent","Incongruent","Incongruent",95.999286,96.199279,"7&",0.671659,"Error","Correct","Correct","Correct"
"7",49,"1_2_stimuli","2_1","Incongruent","Congruent","Congruent","Incongruent",97.999279,98.199275,"1!",0.607212,"Correct","Error","Correct","Correct"
"7",50,"3_4_stimuli","3_3","Congruent","Incongruent","Congruent","Congruent",99.999262,100.199259,"3#",0.73537,"Correct","Correct","Error","Correct"
"7",51,"5_6_stimuli","5_6","Incongruent","Congruent","Incongruent","Congruent",101.999246,102.199238,"6^",0.89529,"Correct","Correct","Correct","Error"
"7",52,"7_8_stimuli","8_7","Incongruent","Incongruent","Congruent","Incongruent",103.999222,104.199229,"7&",0.719631,"Correct","Correct","Correct","Correct"
"7",53,"1_2_stimuli","1_2","Incongruent","Incongruent","Incongruent","Congruent",105.999215,106.199215,"2@",0.719489,"Correct","Correct","Correct","Correct"
"7",54,"3_4_stimuli","3_3","Congruent","Incongruent","Incongruent","Incongruent",107.9992,108.199203,"3#",0.751876,"Correct","Correct","Correct","Correct"
"7",55,"5_6_stimuli","5_5","Congruent","Congruent","Incongruent","Incongruent",109.999179,110.199184,"5%",1.071814,"Correct","Correct","Correct","Correct"
"7",56,"7_8_stimuli","8_7","Incongruent","Congruent","Congruent","Incongruent",111.99917,112.199176,"7&",0.959873,"Correct","Correct","Correct","Correct"
"7",57,"1_2_stimuli","1_1","Congruent","Incongruent","Congruent","Congruent",113.999148,114.199145,"1!",0.575741,"Correct","Correct","Correct","Correct"
"7",58,"3_4_stimuli","4_3","Incongruent","Congruent","Incongruent","Congruent",115.999138,116.199129,"3#",0.863841,"Correct","Correct","Correct","Correct"
"7",59,"5_6_stimuli","6_5","Incongruent","Incongruent","Congruent","Incongruent",117.999116,118.199121,"5%",0.896104,"Correct","Correct","Correct","Correct"
"7",60,"7_8_stimuli","7_8","Incongruent","Incongruent","Incongruent","Congruent",119.999111,120.199104,"8*",0.831911,"Correct","Correct","Correct","Correct"
"7",61,"1_2_stimuli","2_2","Congruent","Incongruent","Incongruent","Incongruent",121.999096,122.199095,"2@",0.751985,"Correct","Correct","Correct","Correct"
"7",62,"3_4_stimuli","4_3","Incongruent","Congruent","Incongruent","Incongruent",123.999081,124.19907,"3#",0.68813,"Correct","Correct","Correct","Correct"
"7",63,"5_6_stimuli","5_5","Congruent","Incongruent","Congruent","Incongruent",125.999068,126.199067,"5%",0.847843,"Correct","Correct","Correct","Correct"
"7",64,"7_8_stimuli","7_7","Congruent","Congruent","Incongruent","Congruent",127.999044,128.199044,"7&",0.703721,"Correct","Correct","Correct","Correct"
"7",65,"1_2_stimuli","2_2","Congruent","Congruent","Congruent","Incongruent",129.999036,130.199027,"2@",0.607446,"Correct","Correct","Correct","Correct"
"7",66,"3_4_stimuli","4_4","Congruent","Congruent","Congruent","Congruent",131.999021,132.199027,"5%",0.767492,"Error","Correct","Correct","Correct"
"7",67,"5_6_stimuli","6_5","Incongruent","Congruent","Congruent","Congruent",133.998996,134.199003,"5%",0.431914,"Correct","Error","Correct","Correct"
"7",68,"7_8_stimuli","8_8","Congruent","Incongruent","Congruent","Congruent",135.99899,136.198984,"8*",0.527537,"Correct","Correct","Error","Correct"
"8",1,"1_2_stimuli","2_2","Congruent",NA,NA,NA,1.999986,2.199988,"2@",0.73701,"Correct",NA,NA,NA
"8",2,"3_4_stimuli","4_3","Incongruent","Congruent",NA,NA,3.99997,4.199971,"3#",0.624908,"Correct","Correct",NA,NA
"8",3,"5_6_stimuli","6_6","Congruent","Incongruent","Congruent",NA,5.999955,6.19996,"6^",0.961178,"Correct","Correct","Correct",NA
"8",4,"7_8_stimuli","7_8","Incongruent","Congruent","Incongruent","Congruent",7.999944,8.199935,"8*",0.576967,"Correct","Correct","Correct","Correct"
"8",5,"1_2_stimuli","1_2","Incongruent","Incongruent","Congruent","Incongruent",9.999928,10.199917,"2@",0.513253,"Correct","Correct","Correct","Correct"
"8",6,"3_4_stimuli","3_3","Congruent","Incongruent","Incongruent","Congruent",11.999913,12.199913,"3#",0.593501,"Correct","Correct","Correct","Correct"
"8",7,"5_6_stimuli","6_5","Incongruent","Congruent","Incongruent","Incongruent",13.999899,14.199904,"5%",0.84936,"Correct","Correct","Correct","Correct"
"8",8,"7_8_stimuli","8_8","Congruent","Incongruent","Congruent","Incongruent",15.99988,16.199877,"8*",0.561011,"Correct","Correct","Correct","Correct"
"8",9,"1_2_stimuli","1_2","Incongruent","Congruent","Incongruent","Congruent",17.999862,18.199873,"2@",0.513307,"Correct","Correct","Correct","Correct"
"8",10,"3_4_stimuli","4_4","Congruent","Incongruent","Congruent","Incongruent",19.999845,20.199855,"4$",0.497728,"Correct","Correct","Correct","Correct"
"8",11,"5_6_stimuli","6_6","Congruent","Congruent","Incongruent","Congruent",21.999841,22.199829,"7&",0.561886,"Error","Correct","Correct","Correct"
"8",12,"7_8_stimuli","8_8","Congruent","Congruent","Congruent","Incongruent",23.999817,24.199823,"8*",0.577406,"Correct","Error","Correct","Correct"
"8",13,"1_2_stimuli","1_2","Incongruent","Congruent","Congruent","Congruent",25.999806,26.199812,"2@",0.513723,"Correct","Correct","Error","Correct"
"8",14,"3_4_stimuli","4_3","Incongruent","Incongruent","Congruent","Congruent",27.999789,28.199794,"3#",0.417575,"Correct","Correct","Correct","Error"
"8",15,"5_6_stimuli","5_6","Incongruent","Incongruent","Incongruent","Congruent",29.999774,30.199773,"6^",0.545305,"Correct","Correct","Correct","Correct"
"8",16,"7_8_stimuli","8_7","Incongruent","Incongruent","Incongruent","Incongruent",31.999771,32.199763,"7&",0.561499,"Correct","Correct","Correct","Correct"
"8",17,"1_2_stimuli","1_1","Congruent","Incongruent","Incongruent","Incongruent",33.999749,34.199747,"2@",0.545796,"Error","Correct","Correct","Correct"
"8",18,"3_4_stimuli","4_3","Incongruent","Congruent","Incongruent","Incongruent",35.999732,36.199738,"3#",0.721323,"Correct","Error","Correct","Correct"
"8",19,"5_6_stimuli","6_6","Congruent","Incongruent","Congruent","Incongruent",37.99972,38.19972,"6^",1.105512,"Correct","Correct","Error","Correct"
"8",20,"7_8_stimuli","7_7","Congruent","Congruent","Incongruent","Congruent",39.9997,40.199705,"7&",0.609239,"Correct","Correct","Correct","Error"
"8",21,"1_2_stimuli","2_1","Incongruent","Congruent","Congruent","Incongruent",41.999691,42.199687,"1!",0.577813,"Correct","Correct","Correct","Correct"
"8",22,"3_4_stimuli","4_4","Congruent","Incongruent","Congruent","Congruent",43.999676,44.199679,"4$",0.72173,"Correct","Correct","Correct","Correct"
"8",23,"5_6_stimuli","6_5","Incongruent","Congruent","Incongruent","Congruent",45.999652,46.199654,"5%",0.8496,"Correct","Correct","Correct","Correct"
"8",24,"7_8_stimuli","7_8","Incongruent","Incongruent","Congruent","Incongruent",47.999642,48.199641,"8*",0.721341,"Correct","Correct","Correct","Correct"
"8",25,"1_2_stimuli","1_1","Congruent","Incongruent","Incongruent","Congruent",49.999631,50.199622,"1!",0.593697,"Correct","Correct","Correct","Correct"
"8",26,"3_4_stimuli","4_4","Congruent","Congruent","Incongruent","Incongruent",51.999614,52.199612,"4$",0.67328,"Correct","Correct","Correct","Correct"
"8",27,"5_6_stimuli","5_5","Congruent","Congruent","Congruent","Incongruent",53.999598,54.1996,"5%",0.625275,"Correct","Correct","Correct","Correct"
"8",28,"7_8_stimuli","8_8","Congruent","Congruent","Congruent","Congruent",55.999593,56.199591,"8*",0.609327,"Correct","Correct","Correct","Correct"
"8",29,"1_2_stimuli","1_1","Congruent","Congruent","Congruent","Congruent",57.999562,58.199563,"1!",0.705368,"Correct","Correct","Correct","Correct"
"8",30,"3_4_stimuli","3_3","Congruent","Congruent","Congruent","Congruent",59.999549,60.199546,"3#",0.721596,"Correct","Correct","Correct","Correct"
"8",31,"5_6_stimuli","5_5","Congruent","Congruent","Congruent","Congruent",61.999535,62.199541,"5%",0.801413,"Correct","Correct","Correct","Correct"
"8",32,"7_8_stimuli","8_7","Incongruent","Congruent","Congruent","Congruent",63.999532,64.199518,"7&",0.833912,"Correct","Correct","Correct","Correct"
"8",33,"1_2_stimuli","2_1","Incongruent","Incongruent","Congruent","Congruent",65.999512,66.19951,"1!",0.545446,"Correct","Correct","Correct","Correct"
"8",34,"3_4_stimuli","3_4","Incongruent","Incongruent","Incongruent","Congruent",67.999492,68.199489,"4$",0.593877,"Correct","Correct","Correct","Correct"
"8",35,"5_6_stimuli","6_5","Incongruent","Incongruent","Incongruent","Incongruent",69.999482,70.199474,"5%",0.705694,"Correct","Correct","Correct","Correct"
"8",36,"7_8_stimuli","7_7","Congruent","Incongruent","Incongruent","Incongruent",71.999466,72.199471,"7&",0.673486,"Correct","Correct","Correct","Correct"
"8",37,"1_2_stimuli","2_1","Incongruent","Congruent","Incongruent","Incongruent",73.999449,74.19945,"1!",0.481723,"Correct","Correct","Correct","Correct"
"8",38,"3_4_stimuli","3_4","Incongruent","Incongruent","Congruent","Incongruent",75.999435,76.199426,"4$",0.513922,"Correct","Correct","Correct","Correct"
"8",39,"5_6_stimuli","6_6","Congruent","Incongruent","Incongruent","Congruent",77.999418,78.199397,"6^",0.721503,"Correct","Correct","Correct","Correct"
"8",40,"7_8_stimuli","8_7","Incongruent","Congruent","Incongruent","Incongruent",79.999405,80.199396,"7&",0.689522,"Correct","Correct","Correct","Correct"
"8",41,"1_2_stimuli","2_2","Congruent","Incongruent","Congruent","Incongruent",81.99939,82.19938,"2@",0.897989,"Correct","Correct","Correct","Correct"
"8",42,"3_4_stimuli","4_4","Congruent","Congruent","Incongruent","Congruent",83.999376,84.199372,"4$",0.577542,"Correct","Correct","Correct","Correct"
"8",43,"5_6_stimuli","5_6","Incongruent","Congruent","Congruent","Incongruent",85.99936,86.199361,"6^",0.913866,"Correct","Correct","Correct","Correct"
"8",44,"7_8_stimuli","7_8","Incongruent","Incongruent","Congruent","Congruent",87.999345,88.199346,"8*",0.561964,"Correct","Correct","Correct","Correct"
"8",45,"1_2_stimuli","2_1","Incongruent","Incongruent","Incongruent","Congruent",89.999329,90.199319,"1!",0.625572,"Correct","Correct","Correct","Correct"
"8",46,"3_4_stimuli","3_3","Congruent","Incongruent","Incongruent","Incongruent",91.99931,92.19931,"3#",1.297604,"Correct","Correct","Correct","Correct"
"8",47,"5_6_stimuli","5_5","Congruent","Congruent","Incongruent","Incongruent",93.999304,94.199294,"5%",0.801633,"Correct","Correct","Correct","Correct"
"8",48,"7_8_stimuli","7_8","Incongruent","Congruent","Congruent","Incongruent",95.999292,96.199283,"8*",0.801873,"Correct","Correct","Correct","Correct"
"8",49,"1_2_stimuli","2_2","Congruent","Incongruent","Congruent","Congruent",97.999264,98.199266,"2@",0.626065,"Correct","Correct","Correct","Correct"
"8",50,"3_4_stimuli","3_4","Incongruent","Congruent","Incongruent","Congruent",99.999252,100.19925,"4$",0.610151,"Correct","Correct","Correct","Correct"
"8",51,"5_6_stimuli","6_5","Incongruent","Incongruent","Congruent","Incongruent",101.999234,102.199232,"5%",0.642094,"Correct","Correct","Correct","Correct"
"8",52,"7_8_stimuli","8_7","Incongruent","Incongruent","Incongruent","Congruent",103.999218,104.199216,"7&",0.466061,"Correct","Correct","Correct","Correct"
"8",53,"1_2_stimuli","1_2","Incongruent","Incongruent","Incongruent","Incongruent",105.999211,106.199212,"2@",0.433807,"Correct","Correct","Correct","Correct"
"8",54,"3_4_stimuli","4_3","Incongruent","Incongruent","Incongruent","Incongruent",107.999186,108.199195,"3#",0.562286,"Correct","Correct","Correct","Correct"
"8",55,"5_6_stimuli","6_6","Congruent","Incongruent","Incongruent","Incongruent",109.99918,110.199184,"6^",0.562192,"Correct","Correct","Correct","Correct"
"8",56,"7_8_stimuli","7_7","Congruent","Congruent","Incongruent","Incongruent",111.999166,112.199159,"7&",0.593998,"Correct","Correct","Correct","Correct"
"8",57,"1_2_stimuli","2_2","Congruent","Congruent","Congruent","Incongruent",113.999142,114.199149,"2@",0.545996,"Correct","Correct","Correct","Correct"
"8",58,"3_4_stimuli","4_3","Incongruent","Congruent","Congruent","Congruent",115.999133,116.199124,"3#",0.465782,"Correct","Correct","Correct","Correct"
"8",59,"5_6_stimuli","5_6","Incongruent","Incongruent","Congruent","Congruent",117.999115,118.199111,"6^",0.561798,"Correct","Correct","Correct","Correct"
"8",60,"7_8_stimuli","8_8","Congruent","Incongruent","Incongruent","Congruent",119.999105,120.199103,"8*",0.530144,"Correct","Correct","Correct","Correct"
"8",61,"1_2_stimuli","1_1","Congruent","Congruent","Incongruent","Incongruent",121.999095,122.199082,"1!",0.546111,"Correct","Correct","Correct","Correct"
"8",62,"3_4_stimuli","3_3","Congruent","Congruent","Congruent","Incongruent",123.999073,124.199071,"3#",0.593853,"Correct","Correct","Correct","Correct"
"8",63,"5_6_stimuli","5_6","Incongruent","Congruent","Congruent","Congruent",125.999051,126.19905,"6^",0.546336,"Correct","Correct","Correct","Correct"
"8",64,"7_8_stimuli","7_7","Congruent","Incongruent","Congruent","Congruent",127.999047,128.199042,"8*",0.513894,"Error","Correct","Correct","Correct"
"8",65,"1_2_stimuli","2_2","Congruent","Congruent","Incongruent","Congruent",129.999033,130.199029,"2@",0.57789,"Correct","Error","Correct","Correct"
"8",66,"3_4_stimuli","3_4","Incongruent","Congruent","Congruent","Incongruent",131.999012,132.199012,"4$",0.674303,"Correct","Correct","Error","Correct"
"8",67,"5_6_stimuli","5_5","Congruent","Incongruent","Congruent","Congruent",133.998999,134.198999,"5%",0.609937,"Correct","Correct","Correct","Error"
"8",68,"7_8_stimuli","7_8","Incongruent","Congruent","Incongruent","Congruent",135.998989,136.198976,"8*",0.754557,"Correct","Correct","Correct","Correct"
"9",1,"1_2_stimuli","2_1","Incongruent",NA,NA,NA,1.999981,2.19998,"1!",0.759973,"Correct",NA,NA,NA
"9",2,"3_4_stimuli","3_4","Incongruent","Incongruent",NA,NA,3.999965,4.199974,"4$",0.552529,"Correct","Correct",NA,NA
"9",3,"5_6_stimuli","5_6","Incongruent","Incongruent","Incongruent",NA,5.999964,6.199949,"6^",0.552048,"Correct","Correct","Correct",NA
"9",4,"7_8_stimuli","7_7","Congruent","Incongruent","Incongruent","Incongruent",7.999935,8.199942,"7&",0.584791,"Correct","Correct","Correct","Correct"
"9",5,"1_2_stimuli","1_1","Congruent","Congruent","Incongruent","Incongruent",9.999917,10.19993,"1!",0.504041,"Correct","Correct","Correct","Correct"
"9",6,"3_4_stimuli","3_3","Congruent","Congruent","Congruent","Incongruent",11.99992,12.199907,"3#",0.61607,"Correct","Correct","Correct","Correct"
"9",7,"5_6_stimuli","5_5","Congruent","Congruent","Congruent","Congruent",13.999902,14.199886,"5%",0.728015,"Correct","Correct","Correct","Correct"
"9",8,"7_8_stimuli","7_8","Incongruent","Congruent","Congruent","Congruent",15.99988,16.199888,"8*",0.632098,"Correct","Correct","Correct","Correct"
"9",9,"1_2_stimuli","1_2","Incongruent","Incongruent","Congruent","Congruent",17.999873,18.19987,"2@",0.504754,"Correct","Correct","Correct","Correct"
"9",10,"3_4_stimuli","3_4","Incongruent","Incongruent","Incongruent","Congruent",19.999852,20.199851,"4$",0.552111,"Correct","Correct","Correct","Correct"
"9",11,"5_6_stimuli","6_5","Incongruent","Incongruent","Incongruent","Incongruent",21.999838,22.199844,"5%",0.472124,"Correct","Correct","Correct","Correct"
"9",12,"7_8_stimuli","7_8","Incongruent","Incongruent","Incongruent","Incongruent",23.999828,24.19982,"8*",0.552117,"Correct","Correct","Correct","Correct"
"9",13,"1_2_stimuli","2_2","Congruent","Incongruent","Incongruent","Incongruent",25.999801,26.199806,"2@",0.408171,"Correct","Correct","Correct","Correct"
"9",14,"3_4_stimuli","3_3","Congruent","Congruent","Incongruent","Incongruent",27.999798,28.199785,"2@",0.7608,"Error","Correct","Correct","Correct"
"9",15,"5_6_stimuli","6_6","Congruent","Congruent","Congruent","Incongruent",29.999781,30.199771,"6^",0.888567,"Correct","Error","Correct","Correct"
"9",16,"7_8_stimuli","8_8","Congruent","Congruent","Congruent","Congruent",31.99976,32.199754,"8*",0.520551,"Correct","Correct","Error","Correct"
"9",17,"1_2_stimuli","2_2","Congruent","Congruent","Congruent","Congruent",33.999747,34.19974,"2@",0.680668,"Correct","Correct","Correct","Error"
"9",18,"3_4_stimuli","4_4","Congruent","Congruent","Congruent","Congruent",35.999733,36.199726,"4$",0.680679,"Correct","Correct","Correct","Correct"
"9",19,"5_6_stimuli","6_5","Incongruent","Congruent","Congruent","Congruent",37.999721,38.199714,"5%",0.47228,"Correct","Correct","Correct","Correct"
"9",20,"7_8_stimuli","8_7","Incongruent","Incongruent","Congruent","Congruent",39.99971,40.199709,"7&",0.664401,"Correct","Correct","Correct","Correct"
"9",21,"1_2_stimuli","1_1","Congruent","Incongruent","Incongruent","Congruent",41.999682,42.199689,"1!",0.520313,"Correct","Correct","Correct","Correct"
"9",22,"3_4_stimuli","4_3","Incongruent","Congruent","Incongruent","Incongruent",43.999681,44.199673,"3#",0.632719,"Correct","Correct","Correct","Correct"
"9",23,"5_6_stimuli","5_6","Incongruent","Incongruent","Congruent","Incongruent",45.999662,46.199647,"6^",0.472363,"Correct","Correct","Correct","Correct"
"9",24,"7_8_stimuli","8_7","Incongruent","Incongruent","Incongruent","Congruent",47.999649,48.199639,"7&",0.664764,"Correct","Correct","Correct","Correct"
"9",25,"1_2_stimuli","2_1","Incongruent","Incongruent","Incongruent","Incongruent",49.999629,50.199622,"1!",0.536918,"Correct","Correct","Correct","Correct"
"9",26,"3_4_stimuli","4_4","Congruent","Incongruent","Incongruent","Incongruent",51.999606,52.199616,"4$",0.536332,"Correct","Correct","Correct","Correct"
"9",27,"5_6_stimuli","5_6","Incongruent","Congruent","Incongruent","Incongruent",53.999594,54.199592,"6^",0.648462,"Correct","Correct","Correct","Correct"
"9",28,"7_8_stimuli","8_7","Incongruent","Incongruent","Congruent","Incongruent",55.999586,56.199587,"7&",0.472409,"Correct","Correct","Correct","Correct"
"9",29,"1_2_stimuli","1_2","Incongruent","Incongruent","Incongruent","Congruent",57.99957,58.199573,"2@",0.600455,"Correct","Correct","Correct","Correct"
"9",30,"3_4_stimuli","4_3","Incongruent","Incongruent","Incongruent","Incongruent",59.999555,60.199556,"3#",0.536461,"Correct","Correct","Correct","Correct"
"9",31,"5_6_stimuli","6_6","Congruent","Incongruent","Incongruent","Incongruent",61.999538,62.199535,"6^",0.60095,"Correct","Correct","Correct","Correct"
"9",32,"7_8_stimuli","8_8","Congruent","Congruent","Incongruent","Incongruent",63.99952,64.199519,"8*",0.601041,"Correct","Correct","Correct","Correct"
"9",33,"1_2_stimuli","2_2","Congruent","Congruent","Congruent","Incongruent",65.999512,66.199504,"2@",0.47291,"Correct","Correct","Correct","Correct"
"9",34,"3_4_stimuli","4_3","Incongruent","Congruent","Congruent","Congruent",67.999498,68.199488,"3#",0.69692,"Correct","Correct","Correct","Correct"
"9",35,"5_6_stimuli","5_5","Congruent","Incongruent","Congruent","Congruent",69.999484,70.199469,"5%",0.808584,"Correct","Correct","Correct","Correct"
"9",36,"7_8_stimuli","7_7","Congruent","Congruent","Incongruent","Congruent",71.999456,72.199452,"7&",0.680494,"Correct","Correct","Correct","Correct"
"9",37,"1_2_stimuli","2_1","Incongruent","Congruent","Congruent","Incongruent",73.999445,74.199442,"2@",0.440953,"Error","Correct","Correct","Correct"
"9",38,"3_4_stimuli","3_4","Incongruent","Incongruent","Congruent","Congruent",75.999424,76.19943,"4$",0.712534,"Correct","Error","Correct","Correct"
"9",39,"5_6_stimuli","6_6","Congruent","Incongruent","Incongruent","Congruent",77.999426,78.199419,"6^",0.552976,"Correct","Correct","Error","Correct"
"9",40,"7_8_stimuli","8_7","Incongruent","Congruent","Incongruent","Incongruent",79.9994,80.199403,"7&",0.520918,"Correct","Correct","Correct","Error"
"9",41,"1_2_stimuli","1_1","Congruent","Incongruent","Congruent","Incongruent",81.999391,82.199383,"1!",0.505071,"Correct","Correct","Correct","Correct"
"9",42,"3_4_stimuli","4_3","Incongruent","Congruent","Incongruent","Congruent",83.999369,84.199369,"3#",0.601292,"Correct","Correct","Correct","Correct"
"9",43,"5_6_stimuli","5_5","Congruent","Incongruent","Congruent","Incongruent",85.999356,86.199359,"6^",0.648996,"Error","Correct","Correct","Correct"
"9",44,"7_8_stimuli","7_8","Incongruent","Congruent","Incongruent","Congruent",87.999339,88.199339,"8*",0.616675,"Correct","Error","Correct","Correct"
"9",45,"1_2_stimuli","2_1","Incongruent","Incongruent","Congruent","Incongruent",89.999319,90.199324,"1!",0.424623,"Correct","Correct","Error","Correct"
"9",46,"3_4_stimuli","3_3","Congruent","Incongruent","Incongruent","Congruent",91.999321,92.199308,"3#",0.520751,"Correct","Correct","Correct","Error"
"9",47,"5_6_stimuli","6_6","Congruent","Congruent","Incongruent","Incongruent",93.9993,94.199286,"6^",0.712728,"Correct","Correct","Correct","Correct"
"9",48,"7_8_stimuli","7_7","Congruent","Congruent","Congruent","Incongruent",95.999282,96.199287,"7&",0.473057,"Correct","Correct","Correct","Correct"
"9",49,"1_2_stimuli","1_2","Incongruent","Congruent","Congruent","Congruent",97.999264,98.199267,"2@",0.552734,"Correct","Correct","Correct","Correct"
"9",50,"3_4_stimuli","3_3","Congruent","Incongruent","Congruent","Congruent",99.99926,100.199249,"3#",0.408794,"Correct","Correct","Correct","Correct"
"9",51,"5_6_stimuli","6_5","Incongruent","Congruent","Incongruent","Congruent",101.999237,102.199237,"5%",0.649309,"Correct","Correct","Correct","Correct"
"9",52,"7_8_stimuli","8_8","Congruent","Incongruent","Congruent","Incongruent",103.999222,104.199217,"8*",0.632772,"Correct","Correct","Correct","Correct"
"9",53,"1_2_stimuli","1_2","Incongruent","Congruent","Incongruent","Congruent",105.999203,106.199204,"2@",0.393238,"Correct","Correct","Correct","Correct"
"9",54,"3_4_stimuli","4_4","Congruent","Incongruent","Congruent","Incongruent",107.999183,108.199197,"4$",0.553298,"Correct","Correct","Correct","Correct"
"9",55,"5_6_stimuli","5_5","Congruent","Congruent","Incongruent","Congruent",109.999178,110.199172,"5%",0.601318,"Correct","Correct","Correct","Correct"
"9",56,"7_8_stimuli","7_8","Incongruent","Congruent","Congruent","Incongruent",111.999155,112.199151,"8*",0.584838,"Correct","Correct","Correct","Correct"
"9",57,"1_2_stimuli","2_2","Congruent","Incongruent","Congruent","Congruent",113.999144,114.199147,"2@",0.521397,"Correct","Correct","Correct","Correct"
"9",58,"3_4_stimuli","4_4","Congruent","Congruent","Incongruent","Congruent",115.999155,116.199125,"4$",0.697071,"Correct","Correct","Correct","Correct"
"9",59,"5_6_stimuli","5_6","Incongruent","Congruent","Congruent","Incongruent",117.999122,118.199118,"6^",0.712861,"Correct","Correct","Correct","Correct"
"9",60,"7_8_stimuli","8_8","Congruent","Incongruent","Congruent","Congruent",119.999102,120.199097,"8*",0.473365,"Correct","Correct","Correct","Correct"
"9",61,"1_2_stimuli","1_1","Congruent","Congruent","Incongruent","Congruent",121.999079,122.19908,"1!",0.537306,"Correct","Correct","Correct","Correct"
"9",62,"3_4_stimuli","3_4","Incongruent","Congruent","Congruent","Incongruent",123.99907,124.199065,"4$",0.665328,"Correct","Correct","Correct","Correct"
"9",63,"5_6_stimuli","5_6","Incongruent","Incongruent","Congruent","Congruent",125.999049,126.199056,"6^",0.760941,"Correct","Correct","Correct","Correct"
"9",64,"7_8_stimuli","7_7","Congruent","Incongruent","Incongruent","Congruent",127.999042,128.199049,"7&",0.872914,"Correct","Correct","Correct","Correct"
"9",65,"1_2_stimuli","2_1","Incongruent","Congruent","Incongruent","Incongruent",129.999031,130.199023,"1!",0.537407,"Correct","Correct","Correct","Correct"
"9",66,"3_4_stimuli","3_4","Incongruent","Incongruent","Congruent","Incongruent",131.999011,132.199006,"4$",0.505039,"Correct","Correct","Correct","Correct"
"9",67,"5_6_stimuli","6_5","Incongruent","Incongruent","Incongruent","Congruent",133.999001,134.198993,"5%",0.697021,"Correct","Correct","Correct","Correct"
"9",68,"7_8_stimuli","7_7","Congruent","Incongruent","Incongruent","Incongruent",135.998979,136.198972,"7&",0.761636,"Correct","Correct","Correct","Correct"
"10",1,"1_2_stimuli","2_2","Congruent",NA,NA,NA,1.99999,2.199998,"2@",0.618964,"Correct",NA,NA,NA
"10",2,"3_4_stimuli","4_4","Congruent","Congruent",NA,NA,3.999988,4.199987,"4$",0.699069,"Correct","Correct",NA,NA
"10",3,"5_6_stimuli","5_5","Congruent","Congruent","Congruent",NA,5.999963,6.199968,"5%",0.570558,"Correct","Correct","Correct",NA
"10",4,"7_8_stimuli","7_8","Incongruent","Congruent","Congruent","Congruent",7.999957,8.199952,"8*",0.699088,"Correct","Correct","Correct","Correct"
"10",5,"1_2_stimuli","2_2","Congruent","Incongruent","Congruent","Congruent",9.999943,10.199926,"2@",0.506774,"Correct","Correct","Correct","Correct"
"10",6,"3_4_stimuli","4_4","Congruent","Congruent","Incongruent","Congruent",11.999917,12.199921,"4$",0.474698,"Correct","Correct","Correct","Correct"
"10",7,"5_6_stimuli","6_5","Incongruent","Congruent","Congruent","Incongruent",13.999905,14.19991,"5%",0.39498,"Correct","Correct","Correct","Correct"
"10",8,"7_8_stimuli","7_8","Incongruent","Incongruent","Congruent","Congruent",15.999888,16.199888,"8*",0.538453,"Correct","Correct","Correct","Correct"
"10",9,"1_2_stimuli","1_1","Congruent","Incongruent","Incongruent","Congruent",17.999878,18.19988,"1!",0.554592,"Correct","Correct","Correct","Correct"
"10",10,"3_4_stimuli","3_3","Congruent","Congruent","Incongruent","Incongruent",19.999852,20.199856,"3#",0.714746,"Correct","Correct","Correct","Correct"
"10",11,"5_6_stimuli","6_6","Congruent","Congruent","Congruent","Incongruent",21.999852,22.199849,"6^",0.666951,"Correct","Correct","Correct","Correct"
"10",12,"7_8_stimuli","7_8","Incongruent","Congruent","Congruent","Congruent",23.999825,24.199826,"8*",0.730504,"Correct","Correct","Correct","Correct"
"10",13,"1_2_stimuli","1_2","Incongruent","Incongruent","Congruent","Congruent",25.999841,26.199813,"2@",0.810783,"Correct","Correct","Correct","Correct"
"10",14,"3_4_stimuli","3_4","Incongruent","Incongruent","Incongruent","Congruent",27.999807,28.199802,"4$",0.779053,"Correct","Correct","Correct","Correct"
"10",15,"5_6_stimuli","5_6","Incongruent","Incongruent","Incongruent","Incongruent",29.999783,30.19979,"6^",0.714529,"Correct","Correct","Correct","Correct"
"10",16,"7_8_stimuli","8_7","Incongruent","Incongruent","Incongruent","Incongruent",31.999769,32.199766,"7&",0.874606,"Correct","Correct","Correct","Correct"
"10",17,"1_2_stimuli","2_2","Congruent","Incongruent","Incongruent","Incongruent",33.999761,34.199761,"2@",0.539166,"Correct","Correct","Correct","Correct"
"10",18,"3_4_stimuli","4_3","Incongruent","Congruent","Incongruent","Incongruent",35.99974,36.199746,"3#",0.586911,"Correct","Correct","Correct","Correct"
"10",19,"5_6_stimuli","6_5","Incongruent","Incongruent","Congruent","Incongruent",37.999727,38.199726,"4$",0.746701,"Error","Correct","Correct","Correct"
"10",20,"7_8_stimuli","7_7","Congruent","Incongruent","Incongruent","Congruent",39.999717,40.199714,"7&",0.603148,"Correct","Error","Correct","Correct"
"10",21,"1_2_stimuli","1_2","Incongruent","Congruent","Incongruent","Incongruent",41.999695,42.199699,"3#",0.634679,"Error","Correct","Error","Correct"
"10",22,"3_4_stimuli","4_3","Incongruent","Incongruent","Congruent","Incongruent",43.999685,44.199681,"3#",0.490931,"Correct","Error","Correct","Error"
"10",23,"5_6_stimuli","6_6","Congruent","Incongruent","Incongruent","Congruent",45.999666,46.199673,"6^",0.778881,"Correct","Correct","Error","Correct"
"10",24,"7_8_stimuli","8_7","Incongruent","Congruent","Incongruent","Incongruent",47.99966,48.199653,"7&",0.491105,"Correct","Correct","Correct","Error"
"10",25,"1_2_stimuli","1_1","Congruent","Incongruent","Congruent","Incongruent",49.999639,50.199639,"1!",0.506745,"Correct","Correct","Correct","Correct"
"10",26,"3_4_stimuli","4_3","Incongruent","Congruent","Incongruent","Congruent",51.999617,52.199622,"3#",0.506738,"Correct","Correct","Correct","Correct"
"10",27,"5_6_stimuli","5_5","Congruent","Incongruent","Congruent","Incongruent",53.999603,54.199598,"5%",0.490761,"Correct","Correct","Correct","Correct"
"10",28,"7_8_stimuli","7_8","Incongruent","Congruent","Incongruent","Congruent",55.999599,56.199595,"8*",0.523125,"Correct","Correct","Correct","Correct"
"10",29,"1_2_stimuli","2_1","Incongruent","Incongruent","Congruent","Incongruent",57.99957,58.199566,"1!",0.442862,"Correct","Correct","Correct","Correct"
"10",30,"3_4_stimuli","3_3","Congruent","Incongruent","Incongruent","Congruent",59.999569,60.199557,"2@",0.4908,"Error","Correct","Correct","Correct"
"10",31,"5_6_stimuli","6_5","Incongruent","Congruent","Incongruent","Incongruent",61.99955,62.199547,"5%",0.50684,"Correct","Error","Correct","Correct"
"10",32,"7_8_stimuli","8_7","Incongruent","Incongruent","Congruent","Incongruent",63.99953,64.199537,"7&",0.507025,"Correct","Correct","Error","Correct"
"10",33,"1_2_stimuli","2_1","Incongruent","Incongruent","Incongruent","Congruent",65.999522,66.199516,"1!",0.523268,"Correct","Correct","Correct","Error"
"10",34,"3_4_stimuli","3_4","Incongruent","Incongruent","Incongruent","Incongruent",67.999505,68.199502,"4$",0.603509,"Correct","Correct","Correct","Correct"
"10",35,"5_6_stimuli","5_5","Congruent","Incongruent","Incongruent","Incongruent",69.999494,70.199486,"5%",0.427194,"Correct","Correct","Correct","Correct"
"10",36,"7_8_stimuli","8_8","Congruent","Congruent","Incongruent","Incongruent",71.999476,72.199468,"8*",0.539393,"Correct","Correct","Correct","Correct"
"10",37,"1_2_stimuli","1_2","Incongruent","Congruent","Congruent","Incongruent",73.99945,74.199463,"2@",0.45934,"Correct","Correct","Correct","Correct"
"10",38,"3_4_stimuli","3_4","Incongruent","Incongruent","Congruent","Congruent",75.99944,76.199439,"4$",0.395241,"Correct","Correct","Correct","Correct"
"10",39,"5_6_stimuli","5_6","Incongruent","Incongruent","Incongruent","Congruent",77.999434,78.199428,"7&",0.586882,"Error","Correct","Correct","Correct"
"10",40,"7_8_stimuli","8_8","Congruent","Incongruent","Incongruent","Incongruent",79.999412,80.199411,"8*",0.506927,"Correct","Error","Correct","Correct"
"10",41,"1_2_stimuli","2_2","Congruent","Congruent","Incongruent","Incongruent",81.999392,82.199395,"2@",0.491376,"Correct","Correct","Error","Correct"
"10",42,"3_4_stimuli","3_4","Incongruent","Congruent","Congruent","Incongruent",83.999385,84.19938,"4$",0.60302,"Correct","Correct","Correct","Error"
"10",43,"5_6_stimuli","5_5","Congruent","Incongruent","Congruent","Congruent",85.999382,86.199365,"5%",0.747457,"Correct","Correct","Correct","Correct"
"10",44,"7_8_stimuli","7_7","Congruent","Congruent","Incongruent","Congruent",87.999352,88.199355,"7&",0.651432,"Correct","Correct","Correct","Correct"
"10",45,"1_2_stimuli","1_1","Congruent","Congruent","Congruent","Incongruent",89.999335,90.199332,"1!",0.555158,"Correct","Correct","Correct","Correct"
"10",46,"3_4_stimuli","4_3","Incongruent","Congruent","Congruent","Congruent",91.999327,92.19932,"3#",0.683039,"Correct","Correct","Correct","Correct"
"10",47,"5_6_stimuli","5_6","Incongruent","Incongruent","Congruent","Congruent",93.999301,94.199302,"6^",0.859478,"Correct","Correct","Correct","Correct"
"10",48,"7_8_stimuli","8_7","Incongruent","Incongruent","Incongruent","Congruent",95.999284,96.199298,"7&",1.051717,"Correct","Correct","Correct","Correct"
"10",49,"1_2_stimuli","2_1","Incongruent","Incongruent","Incongruent","Incongruent",97.999272,98.199277,"1!",0.539093,"Correct","Correct","Correct","Correct"
"10",50,"3_4_stimuli","3_3","Congruent","Incongruent","Incongruent","Incongruent",99.999265,100.199262,"3#",0.667464,"Correct","Correct","Correct","Correct"
"10",51,"5_6_stimuli","6_6","Congruent","Congruent","Incongruent","Incongruent",101.999243,102.199245,"6^",0.73119,"Correct","Correct","Correct","Correct"
"10",52,"7_8_stimuli","7_7","Congruent","Congruent","Congruent","Incongruent",103.999232,104.199229,"7&",0.571155,"Correct","Correct","Correct","Correct"
"10",53,"1_2_stimuli","1_2","Incongruent","Congruent","Congruent","Congruent",105.999219,106.199218,"2@",0.635176,"Correct","Correct","Correct","Correct"
"10",54,"3_4_stimuli","3_3","Congruent","Incongruent","Congruent","Congruent",107.999196,108.199195,"3#",0.747168,"Correct","Correct","Correct","Correct"
"10",55,"5_6_stimuli","6_5","Incongruent","Congruent","Incongruent","Congruent",109.999182,110.199188,"5%",0.667484,"Correct","Correct","Correct","Correct"
"10",56,"7_8_stimuli","8_8","Congruent","Incongruent","Congruent","Incongruent",111.99917,112.199176,"8*",0.57181,"Correct","Correct","Correct","Correct"
"10",57,"1_2_stimuli","2_2","Congruent","Congruent","Incongruent","Congruent",113.999167,114.199153,"2@",0.571607,"Correct","Correct","Correct","Correct"
"10",58,"3_4_stimuli","4_4","Congruent","Congruent","Congruent","Incongruent",115.999146,116.199139,"4$",0.571809,"Correct","Correct","Correct","Correct"
"10",59,"5_6_stimuli","6_6","Congruent","Congruent","Congruent","Congruent",117.999125,118.199132,"6^",0.779671,"Correct","Correct","Correct","Correct"
"10",60,"7_8_stimuli","8_8","Congruent","Congruent","Congruent","Congruent",119.999117,120.199107,"8*",0.523552,"Correct","Correct","Correct","Correct"
"10",61,"1_2_stimuli","1_1","Congruent","Congruent","Congruent","Congruent",121.99909,122.199092,"1!",0.635547,"Correct","Correct","Correct","Correct"
"10",62,"3_4_stimuli","4_4","Congruent","Congruent","Congruent","Congruent",123.99908,124.199082,"4$",0.571725,"Correct","Correct","Correct","Correct"
"10",63,"5_6_stimuli","5_6","Incongruent","Congruent","Congruent","Congruent",125.999068,126.199063,"6^",0.555588,"Correct","Correct","Correct","Correct"
"10",64,"7_8_stimuli","7_7","Congruent","Incongruent","Congruent","Congruent",127.999053,128.199052,"7&",0.668003,"Correct","Correct","Correct","Correct"
"10",65,"1_2_stimuli","2_1","Incongruent","Congruent","Incongruent","Congruent",129.999034,130.199023,"1!",0.603356,"Correct","Correct","Correct","Correct"
"10",66,"3_4_stimuli","4_4","Congruent","Incongruent","Congruent","Incongruent",131.999015,132.19902,"4$",0.523435,"Correct","Correct","Correct","Correct"
"10",67,"5_6_stimuli","5_5","Congruent","Congruent","Incongruent","Congruent",133.999002,134.199007,"5%",0.6194,"Correct","Correct","Correct","Correct"
"10",68,"7_8_stimuli","7_8","Incongruent","Congruent","Congruent","Incongruent",135.998994,136.198986,"8*",0.651596,"Correct","Correct","Correct","Correct"
"11",1,"1_2_stimuli","1_2","Incongruent",NA,NA,NA,1.999988,2.199994,"2@",0.613385,"Correct",NA,NA,NA
"11",2,"3_4_stimuli","4_4","Congruent","Incongruent",NA,NA,3.999974,4.199972,"4$",0.629237,"Correct","Correct",NA,NA
"11",3,"5_6_stimuli","6_5","Incongruent","Congruent","Incongruent",NA,5.99997,6.199963,"5%",0.405191,"Correct","Correct","Correct",NA
"11",4,"7_8_stimuli","7_7","Congruent","Incongruent","Congruent","Incongruent",7.999945,8.199944,"7&",0.581391,"Correct","Correct","Correct","Correct"
"11",5,"1_2_stimuli","1_2","Incongruent","Congruent","Incongruent","Congruent",9.999932,10.199924,"1!",0.677206,"Error","Correct","Correct","Correct"
"11",6,"3_4_stimuli","4_3","Incongruent","Incongruent","Congruent","Incongruent",11.999923,12.199908,"3#",0.485313,"Correct","Error","Correct","Correct"
"11",7,"5_6_stimuli","5_6","Incongruent","Incongruent","Incongruent","Congruent",13.999909,14.199908,"7&",0.51681,"Error","Correct","Error","Correct"
"11",8,"7_8_stimuli","8_8","Congruent","Incongruent","Incongruent","Incongruent",15.999886,16.199882,"8*",0.51735,"Correct","Error","Correct","Error"
"11",9,"1_2_stimuli","1_2","Incongruent","Congruent","Incongruent","Incongruent",17.99987,18.199871,"2@",0.469538,"Correct","Correct","Error","Correct"
"11",10,"3_4_stimuli","4_4","Congruent","Incongruent","Congruent","Incongruent",19.999864,20.199858,"4$",0.389062,"Correct","Correct","Correct","Error"
"11",11,"5_6_stimuli","5_6","Incongruent","Congruent","Incongruent","Congruent",21.99985,22.199846,"6^",0.548898,"Correct","Correct","Correct","Correct"
"11",12,"7_8_stimuli","8_8","Congruent","Incongruent","Congruent","Incongruent",23.999823,24.199829,"8*",0.501475,"Correct","Correct","Correct","Correct"
"11",13,"1_2_stimuli","1_1","Congruent","Congruent","Incongruent","Congruent",25.999802,26.19981,"1!",0.517729,"Correct","Correct","Correct","Correct"
"11",14,"3_4_stimuli","3_4","Incongruent","Congruent","Congruent","Incongruent",27.999804,28.199805,"4$",0.549266,"Correct","Correct","Correct","Correct"
"11",15,"5_6_stimuli","6_5","Incongruent","Incongruent","Congruent","Congruent",29.99978,30.199776,"5%",0.8537,"Correct","Correct","Correct","Correct"
"11",16,"7_8_stimuli","8_7","Incongruent","Incongruent","Incongruent","Congruent",31.999766,32.199772,"7&",0.62961,"Correct","Correct","Correct","Correct"
"11",17,"1_2_stimuli","2_2","Congruent","Incongruent","Incongruent","Incongruent",33.999752,34.199747,"2@",0.549481,"Correct","Correct","Correct","Correct"
"11",18,"3_4_stimuli","3_3","Congruent","Congruent","Incongruent","Incongruent",35.999736,36.199733,"3#",0.757417,"Correct","Correct","Correct","Correct"
"11",19,"5_6_stimuli","6_5","Incongruent","Congruent","Congruent","Incongruent",37.999727,38.199711,"5%",0.517658,"Correct","Correct","Correct","Correct"
"11",20,"7_8_stimuli","7_8","Incongruent","Incongruent","Congruent","Congruent",39.999704,40.199715,"8*",0.565063,"Correct","Correct","Correct","Correct"
"11",21,"1_2_stimuli","2_2","Congruent","Incongruent","Incongruent","Congruent",41.999695,42.199689,"2@",0.869445,"Correct","Correct","Correct","Correct"
"11",22,"3_4_stimuli","3_4","Incongruent","Congruent","Incongruent","Incongruent",43.999684,44.199678,"4$",0.629103,"Correct","Correct","Correct","Correct"
"11",23,"5_6_stimuli","6_5","Incongruent","Incongruent","Congruent","Incongruent",45.999662,46.199656,"5%",0.581084,"Correct","Correct","Correct","Correct"
"11",24,"7_8_stimuli","7_7","Congruent","Incongruent","Incongruent","Congruent",47.999651,48.199649,"7&",1.045489,"Correct","Correct","Correct","Correct"
"11",25,"1_2_stimuli","2_2","Congruent","Congruent","Incongruent","Incongruent",49.999628,50.19964,"2@",0.518137,"Correct","Correct","Correct","Correct"
"11",26,"3_4_stimuli","4_4","Congruent","Congruent","Congruent","Incongruent",51.999616,52.199623,"4$",0.597533,"Correct","Correct","Correct","Correct"
"11",27,"5_6_stimuli","5_5","Congruent","Congruent","Congruent","Congruent",53.999609,54.19961,"5%",0.40511,"Correct","Correct","Correct","Correct"
"11",28,"7_8_stimuli","8_7","Incongruent","Congruent","Congruent","Congruent",55.999584,56.199577,"7&",0.565195,"Correct","Correct","Correct","Correct"
"11",29,"1_2_stimuli","2_1","Incongruent","Incongruent","Congruent","Congruent",57.999583,58.199568,"1!",0.661849,"Correct","Correct","Correct","Correct"
"11",30,"3_4_stimuli","3_4","Incongruent","Incongruent","Incongruent","Congruent",59.999565,60.199561,"4$",0.581228,"Correct","Correct","Correct","Correct"
"11",31,"5_6_stimuli","5_6","Incongruent","Incongruent","Incongruent","Incongruent",61.999534,62.199544,"6^",0.661444,"Correct","Correct","Correct","Correct"
"11",32,"7_8_stimuli","7_8","Incongruent","Incongruent","Incongruent","Incongruent",63.999533,64.199532,"8*",0.421246,"Correct","Correct","Correct","Correct"
"11",33,"1_2_stimuli","2_1","Incongruent","Incongruent","Incongruent","Incongruent",65.999512,66.199513,"1!",0.581552,"Correct","Correct","Correct","Correct"
"11",34,"3_4_stimuli","4_4","Congruent","Incongruent","Incongruent","Incongruent",67.999506,68.199494,"4$",0.501706,"Correct","Correct","Correct","Correct"
"11",35,"5_6_stimuli","5_6","Incongruent","Congruent","Incongruent","Incongruent",69.99949,70.19949,"6^",0.469651,"Correct","Correct","Correct","Correct"
"11",36,"7_8_stimuli","7_8","Incongruent","Incongruent","Congruent","Incongruent",71.999464,72.199471,"8*",0.437659,"Correct","Correct","Correct","Correct"
"11",37,"1_2_stimuli","2_1","Incongruent","Incongruent","Incongruent","Congruent",73.99946,74.199458,"2@",0.405762,"Error","Correct","Correct","Correct"
"11",38,"3_4_stimuli","4_3","Incongruent","Incongruent","Incongruent","Incongruent",75.999431,76.199433,"2@",0.613934,"Error","Error","Correct","Correct"
"11",39,"5_6_stimuli","5_5","Congruent","Incongruent","Incongruent","Incongruent",77.999426,78.199416,"5%",0.534019,"Correct","Error","Error","Correct"
"11",40,"7_8_stimuli","7_8","Incongruent","Congruent","Incongruent","Incongruent",79.99941,80.199397,"8*",0.517331,"Correct","Correct","Error","Error"
"11",41,"1_2_stimuli","1_1","Congruent","Incongruent","Congruent","Incongruent",81.99939,82.199393,"1!",0.406095,"Correct","Correct","Correct","Error"
"11",42,"3_4_stimuli","3_3","Congruent","Congruent","Incongruent","Congruent",83.99938,84.19937,"3#",0.773768,"Correct","Correct","Correct","Correct"
"11",43,"5_6_stimuli","6_6","Congruent","Congruent","Congruent","Incongruent",85.999363,86.199354,"6^",0.549449,"Correct","Correct","Correct","Correct"
"11",44,"7_8_stimuli","8_8","Congruent","Congruent","Congruent","Congruent",87.999345,88.199343,"7&",0.421934,"Error","Correct","Correct","Correct"
"11",45,"1_2_stimuli","1_2","Incongruent","Congruent","Congruent","Congruent",89.999331,90.199329,"2@",0.518351,"Correct","Error","Correct","Correct"
"11",46,"3_4_stimuli","3_4","Incongruent","Incongruent","Congruent","Congruent",91.999313,92.199324,"4$",0.645431,"Correct","Correct","Error","Correct"
"11",47,"5_6_stimuli","5_5","Congruent","Incongruent","Incongruent","Congruent",93.999293,94.199291,"5%",0.485997,"Correct","Correct","Correct","Error"
"11",48,"7_8_stimuli","7_7","Congruent","Congruent","Incongruent","Incongruent",95.999281,96.199283,"7&",0.661623,"Correct","Correct","Correct","Correct"
"11",49,"1_2_stimuli","1_1","Congruent","Congruent","Congruent","Incongruent",97.999271,98.199271,"1!",0.517599,"Correct","Correct","Correct","Correct"
"11",50,"3_4_stimuli","4_3","Incongruent","Congruent","Congruent","Congruent",99.999261,100.199266,"3#",0.677521,"Correct","Correct","Correct","Correct"
"11",51,"5_6_stimuli","6_6","Congruent","Incongruent","Congruent","Congruent",101.999242,102.199247,"6^",0.933818,"Correct","Correct","Correct","Correct"
"11",52,"7_8_stimuli","8_7","Incongruent","Congruent","Incongruent","Congruent",103.999226,104.199219,"7&",0.661779,"Correct","Correct","Correct","Correct"
"11",53,"1_2_stimuli","1_2","Incongruent","Incongruent","Congruent","Incongruent",105.999207,106.199212,"2@",0.581154,"Correct","Correct","Correct","Correct"
"11",54,"3_4_stimuli","3_3","Congruent","Incongruent","Incongruent","Congruent",107.999189,108.199195,"3#",0.773864,"Correct","Correct","Correct","Correct"
"11",55,"5_6_stimuli","5_5","Congruent","Congruent","Incongruent","Incongruent",109.999172,110.199172,"5%",0.726026,"Correct","Correct","Correct","Correct"
"11",56,"7_8_stimuli","8_7","Incongruent","Congruent","Congruent","Incongruent",111.999166,112.199164,"7&",0.454119,"Correct","Correct","Correct","Correct"
"11",57,"1_2_stimuli","1_1","Congruent","Incongruent","Congruent","Congruent",113.999151,114.199155,"1!",0.581834,"Correct","Correct","Correct","Correct"
"11",58,"3_4_stimuli","4_3","Incongruent","Congruent","Incongruent","Congruent",115.999143,116.199141,"3#",0.821659,"Correct","Correct","Correct","Correct"
"11",59,"5_6_stimuli","6_6","Congruent","Incongruent","Congruent","Incongruent",117.999123,118.199116,"6^",0.870001,"Correct","Correct","Correct","Correct"
"11",60,"7_8_stimuli","7_7","Congruent","Congruent","Incongruent","Congruent",119.999105,120.199097,"7&",0.66196,"Correct","Correct","Correct","Correct"
"11",61,"1_2_stimuli","2_1","Incongruent","Congruent","Congruent","Incongruent",121.999096,122.199083,"1!",0.518123,"Correct","Correct","Correct","Correct"
"11",62,"3_4_stimuli","3_3","Congruent","Incongruent","Congruent","Congruent",123.999074,124.199076,"3#",0.566264,"Correct","Correct","Correct","Correct"
"11",63,"5_6_stimuli","6_6","Congruent","Congruent","Incongruent","Congruent",125.999066,126.199061,"6^",0.454217,"Correct","Correct","Correct","Correct"
"11",64,"7_8_stimuli","8_8","Congruent","Congruent","Congruent","Incongruent",127.999042,128.199043,"8*",0.53388,"Correct","Correct","Correct","Correct"
"11",65,"1_2_stimuli","2_2","Congruent","Congruent","Congruent","Congruent",129.99903,130.199025,"2@",0.534365,"Correct","Correct","Correct","Correct"
"11",66,"3_4_stimuli","4_4","Congruent","Congruent","Congruent","Congruent",131.999013,132.199007,"4$",0.677772,"Correct","Correct","Correct","Correct"
"11",67,"5_6_stimuli","6_5","Incongruent","Congruent","Congruent","Congruent",133.999,134.198995,"5%",0.614283,"Correct","Correct","Correct","Correct"
"11",68,"7_8_stimuli","7_7","Congruent","Incongruent","Congruent","Congruent",135.998981,136.198981,"7&",0.565802,"Correct","Correct","Correct","Correct"
"12",1,"1_2_stimuli","1_1","Congruent",NA,NA,NA,1.999991,2.2,"1!",0.63134,"Correct",NA,NA,NA
"12",2,"3_4_stimuli","4_4","Congruent","Congruent",NA,NA,4.000004,4.19997,"4$",0.519358,"Correct","Correct",NA,NA
"12",3,"5_6_stimuli","5_5","Congruent","Congruent","Congruent",NA,5.999964,6.199962,"5%",0.407194,"Correct","Correct","Correct",NA
"12",4,"7_8_stimuli","8_7","Incongruent","Congruent","Congruent","Congruent",7.99995,8.199943,"7&",0.599998,"Correct","Correct","Correct","Correct"
"12",5,"1_2_stimuli","1_2","Incongruent","Incongruent","Congruent","Congruent",9.999936,10.199931,"2@",0.567225,"Correct","Correct","Correct","Correct"
"12",6,"3_4_stimuli","3_4","Incongruent","Incongruent","Incongruent","Congruent",11.999915,12.199915,"4$",0.5838,"Correct","Correct","Correct","Correct"
"12",7,"5_6_stimuli","5_6","Incongruent","Incongruent","Incongruent","Incongruent",13.9999,14.199898,"6^",0.551271,"Correct","Correct","Correct","Correct"
"12",8,"7_8_stimuli","7_8","Incongruent","Incongruent","Incongruent","Incongruent",15.999886,16.199884,"8*",0.472004,"Correct","Correct","Correct","Correct"
"12",9,"1_2_stimuli","2_1","Incongruent","Incongruent","Incongruent","Incongruent",17.999869,18.199863,"1!",0.743679,"Correct","Correct","Correct","Correct"
"12",10,"3_4_stimuli","3_3","Congruent","Incongruent","Incongruent","Incongruent",19.999865,20.19986,"3#",0.615288,"Correct","Correct","Correct","Correct"
"12",11,"5_6_stimuli","6_5","Incongruent","Congruent","Incongruent","Incongruent",21.999838,22.199844,"5%",0.551836,"Correct","Correct","Correct","Correct"
"12",12,"7_8_stimuli","7_7","Congruent","Incongruent","Congruent","Incongruent",23.999818,24.19983,"7&",0.67934,"Correct","Correct","Correct","Correct"
"12",13,"1_2_stimuli","2_1","Incongruent","Congruent","Incongruent","Congruent",25.999809,26.199812,"1!",0.583389,"Correct","Correct","Correct","Correct"
"12",14,"3_4_stimuli","3_3","Congruent","Incongruent","Congruent","Incongruent",27.999804,28.199805,"3#",0.64739,"Correct","Correct","Correct","Correct"
"12",15,"5_6_stimuli","5_5","Congruent","Congruent","Incongruent","Congruent",29.999779,30.199787,"5%",0.567676,"Correct","Correct","Correct","Correct"
"12",16,"7_8_stimuli","8_8","Congruent","Congruent","Congruent","Incongruent",31.999774,32.199764,"8*",0.679394,"Correct","Correct","Correct","Correct"
"12",17,"1_2_stimuli","2_2","Congruent","Congruent","Congruent","Congruent",33.999755,34.199743,"2@",0.663672,"Correct","Correct","Correct","Correct"
"12",18,"3_4_stimuli","4_4","Congruent","Congruent","Congruent","Congruent",35.999733,36.199732,"4$",0.743825,"Correct","Correct","Correct","Correct"
"12",19,"5_6_stimuli","6_5","Incongruent","Congruent","Congruent","Congruent",37.999727,38.199715,"5%",0.42345,"Correct","Correct","Correct","Correct"
"12",20,"7_8_stimuli","8_7","Incongruent","Incongruent","Congruent","Congruent",39.999712,40.199715,"7&",0.66351,"Correct","Correct","Correct","Correct"
"12",21,"1_2_stimuli","2_2","Congruent","Incongruent","Incongruent","Congruent",41.999692,42.199689,"2@",0.504016,"Correct","Correct","Correct","Correct"
"12",22,"3_4_stimuli","3_3","Congruent","Congruent","Incongruent","Incongruent",43.999682,44.199671,"3#",0.647657,"Correct","Correct","Correct","Correct"
"12",23,"5_6_stimuli","5_6","Incongruent","Congruent","Congruent","Incongruent",45.999659,46.199662,"6^",0.567979,"Correct","Correct","Correct","Correct"
"12",24,"7_8_stimuli","7_7","Congruent","Incongruent","Congruent","Congruent",47.999638,48.199643,"8*",0.487548,"Error","Correct","Correct","Correct"
"12",25,"1_2_stimuli","1_1","Congruent","Congruent","Incongruent","Congruent",49.999628,50.199629,"1!",0.551791,"Correct","Error","Correct","Correct"
"12",26,"3_4_stimuli","4_3","Incongruent","Congruent","Congruent","Incongruent",51.999614,52.199619,"3#",0.63209,"Correct","Correct","Error","Correct"
"12",27,"5_6_stimuli","5_5","Congruent","Incongruent","Congruent","Congruent",53.999603,54.199605,"5%",0.567784,"Correct","Correct","Correct","Error"
"12",28,"7_8_stimuli","7_7","Congruent","Congruent","Incongruent","Congruent",55.999591,56.199595,"7&",0.583588,"Correct","Correct","Correct","Correct"
"12",29,"1_2_stimuli","2_2","Congruent","Congruent","Congruent","Incongruent",57.999569,58.199578,"2@",0.551631,"Correct","Correct","Correct","Correct"
"12",30,"3_4_stimuli","3_4","Incongruent","Congruent","Congruent","Congruent",59.999561,60.19955,"4$",0.679802,"Correct","Correct","Correct","Correct"
"12",31,"5_6_stimuli","6_5","Incongruent","Incongruent","Congruent","Congruent",61.999549,62.199544,"5%",0.47169,"Correct","Correct","Correct","Correct"
"12",32,"7_8_stimuli","8_7","Incongruent","Incongruent","Incongruent","Congruent",63.999526,64.199526,"7&",0.631989,"Correct","Correct","Correct","Correct"
"12",33,"1_2_stimuli","1_1","Congruent","Incongruent","Incongruent","Incongruent",65.999513,66.199509,"1!",0.472053,"Correct","Correct","Correct","Correct"
"12",34,"3_4_stimuli","4_3","Incongruent","Congruent","Incongruent","Incongruent",67.999495,68.199497,"3#",0.808026,"Correct","Correct","Correct","Correct"
"12",35,"5_6_stimuli","5_5","Congruent","Incongruent","Congruent","Incongruent",69.999489,70.199482,"5%",0.743983,"Correct","Correct","Correct","Correct"
"12",36,"7_8_stimuli","7_8","Incongruent","Congruent","Incongruent","Congruent",71.999473,72.199465,"7&",0.6957,"Error","Correct","Correct","Correct"
"12",37,"1_2_stimuli","1_1","Congruent","Incongruent","Congruent","Incongruent",73.999461,74.199448,"1!",0.520115,"Correct","Error","Correct","Correct"
"12",38,"3_4_stimuli","4_4","Congruent","Congruent","Incongruent","Congruent",75.999427,76.199437,"4$",0.536089,"Correct","Correct","Error","Correct"
"12",39,"5_6_stimuli","6_6","Congruent","Congruent","Congruent","Incongruent",77.999423,78.199412,"6^",0.712155,"Correct","Correct","Correct","Error"
"12",40,"7_8_stimuli","7_7","Congruent","Congruent","Congruent","Congruent",79.999403,80.199397,"7&",0.887762,"Correct","Correct","Correct","Correct"
"12",41,"1_2_stimuli","1_2","Incongruent","Congruent","Congruent","Congruent",81.9994,82.199381,"2@",0.728256,"Correct","Correct","Correct","Correct"
"12",42,"3_4_stimuli","4_4","Congruent","Incongruent","Congruent","Congruent",83.99937,84.199381,"4$",0.695812,"Correct","Correct","Correct","Correct"
"12",43,"5_6_stimuli","5_6","Incongruent","Congruent","Incongruent","Congruent",85.999353,86.199364,"6^",0.888204,"Correct","Correct","Correct","Correct"
"12",44,"7_8_stimuli","7_8","Incongruent","Incongruent","Congruent","Incongruent",87.999339,88.199339,"8*",0.76025,"Correct","Correct","Correct","Correct"
"12",45,"1_2_stimuli","1_2","Incongruent","Incongruent","Incongruent","Congruent",89.999324,90.199324,"2@",0.936084,"Correct","Correct","Correct","Correct"
"12",46,"3_4_stimuli","3_4","Incongruent","Incongruent","Incongruent","Incongruent",91.999324,92.199312,"4$",0.679888,"Correct","Correct","Correct","Correct"
"12",47,"5_6_stimuli","6_6","Congruent","Incongruent","Incongruent","Incongruent",93.999295,94.199292,"6^",0.647869,"Correct","Correct","Correct","Correct"
"12",48,"7_8_stimuli","8_8","Congruent","Congruent","Incongruent","Incongruent",95.999283,96.199282,"8*",0.631891,"Correct","Correct","Correct","Correct"
"12",49,"1_2_stimuli","2_1","Incongruent","Congruent","Congruent","Incongruent",97.999268,98.199263,"1!",1.32031,"Correct","Correct","Correct","Correct"
"12",50,"3_4_stimuli","4_3","Incongruent","Incongruent","Congruent","Congruent",99.999247,100.199249,"3#",0.88794,"Correct","Correct","Correct","Correct"
"12",51,"5_6_stimuli","5_5","Congruent","Incongruent","Incongruent","Congruent",101.999236,102.199233,"5%",0.615965,"Correct","Correct","Correct","Correct"
"12",52,"7_8_stimuli","8_7","Incongruent","Congruent","Incongruent","Incongruent",103.999233,104.199222,"7&",0.616384,"Correct","Correct","Correct","Correct"
"12",53,"1_2_stimuli","2_1","Incongruent","Incongruent","Congruent","Incongruent",105.999216,106.199206,"1!",0.456549,"Correct","Correct","Correct","Correct"
"12",54,"3_4_stimuli","3_3","Congruent","Incongruent","Incongruent","Congruent",107.999195,108.199193,"3#",0.440549,"Correct","Correct","Correct","Correct"
"12",55,"5_6_stimuli","6_6","Congruent","Congruent","Incongruent","Incongruent",109.999176,110.199177,"7&",0.632359,"Error","Correct","Correct","Correct"
"12",56,"7_8_stimuli","7_8","Incongruent","Congruent","Congruent","Incongruent",111.99917,112.199164,"8*",0.823953,"Correct","Error","Correct","Correct"
"12",57,"1_2_stimuli","1_1","Congruent","Incongruent","Congruent","Congruent",113.999147,114.199151,"1!",0.744043,"Correct","Correct","Error","Correct"
"12",58,"3_4_stimuli","3_4","Incongruent","Congruent","Incongruent","Congruent",115.999129,116.199127,"4$",0.648065,"Correct","Correct","Correct","Error"
"12",59,"5_6_stimuli","5_6","Incongruent","Incongruent","Congruent","Incongruent",117.999114,118.199119,"6^",0.744097,"Correct","Correct","Correct","Correct"
"12",60,"7_8_stimuli","8_8","Congruent","Incongruent","Incongruent","Congruent",119.999106,120.199106,"8*",0.32809,"Correct","Correct","Correct","Correct"
"12",61,"1_2_stimuli","1_2","Incongruent","Congruent","Incongruent","Incongruent",121.999084,122.199081,"2@",0.664103,"Correct","Correct","Correct","Correct"
"12",62,"3_4_stimuli","4_3","Incongruent","Incongruent","Congruent","Incongruent",123.999074,124.199077,"6^",0.584115,"Error","Correct","Correct","Correct"
"12",63,"5_6_stimuli","6_5","Incongruent","Incongruent","Incongruent","Congruent",125.999052,126.199064,"5%",0.680125,"Correct","Error","Correct","Correct"
"12",64,"7_8_stimuli","8_8","Congruent","Incongruent","Incongruent","Incongruent",127.999037,128.199036,"8*",0.424847,"Correct","Correct","Error","Correct"
"12",65,"1_2_stimuli","2_2","Congruent","Congruent","Incongruent","Incongruent",129.999029,130.199025,"2@",0.568163,"Correct","Correct","Correct","Error"
"12",66,"3_4_stimuli","4_4","Congruent","Congruent","Congruent","Incongruent",131.999012,132.199017,"4$",1.064673,"Correct","Correct","Correct","Correct"
"12",67,"5_6_stimuli","6_6","Congruent","Congruent","Congruent","Congruent",133.998999,134.198998,"6^",0.632494,"Correct","Correct","Correct","Correct"
"12",68,"7_8_stimuli","8_7","Incongruent","Congruent","Congruent","Congruent",135.998985,136.198983,"6^",1.176804,"Error","Correct","Correct","Correct"
"13",1,"1_2_stimuli","2_2","Congruent",NA,NA,NA,1.999975,2.199981,"2@",0.592192,"Correct",NA,NA,NA
"13",2,"3_4_stimuli","3_4","Incongruent","Congruent",NA,NA,3.999972,4.199968,"4$",0.528282,"Correct","Correct",NA,NA
"13",3,"5_6_stimuli","5_6","Incongruent","Incongruent","Congruent",NA,5.999942,6.199939,"6^",0.736707,"Correct","Correct","Correct",NA
"13",4,"7_8_stimuli","7_8","Incongruent","Incongruent","Incongruent","Congruent",7.999937,8.19993,"8*",0.384324,"Correct","Correct","Correct","Correct"
"13",5,"1_2_stimuli","1_2","Incongruent","Incongruent","Incongruent","Incongruent",9.999917,10.199927,"2@",0.528332,"Correct","Correct","Correct","Correct"
"13",6,"3_4_stimuli","3_4","Incongruent","Incongruent","Incongruent","Incongruent",11.999915,12.199901,"4$",0.560681,"Correct","Correct","Correct","Correct"
"13",7,"5_6_stimuli","6_6","Congruent","Incongruent","Incongruent","Incongruent",13.99989,14.199886,"6^",0.688705,"Correct","Correct","Correct","Correct"
"13",8,"7_8_stimuli","8_8","Congruent","Congruent","Incongruent","Incongruent",15.999888,16.19988,"8*",0.448962,"Correct","Correct","Correct","Correct"
"13",9,"1_2_stimuli","1_2","Incongruent","Congruent","Congruent","Incongruent",17.999863,18.199856,"2@",0.384403,"Correct","Correct","Correct","Correct"
"13",10,"3_4_stimuli","4_4","Congruent","Incongruent","Congruent","Congruent",19.999846,20.199845,"4$",0.480623,"Correct","Correct","Correct","Correct"
"13",11,"5_6_stimuli","6_6","Congruent","Congruent","Incongruent","Congruent",21.999832,22.199828,"6^",0.496715,"Correct","Correct","Correct","Correct"
"13",12,"7_8_stimuli","8_8","Congruent","Congruent","Congruent","Incongruent",23.999821,24.199813,"8*",0.512418,"Correct","Correct","Correct","Correct"
"13",13,"1_2_stimuli","1_1","Congruent","Congruent","Congruent","Congruent",25.999803,26.199799,"1!",0.51246,"Correct","Correct","Correct","Correct"
"13",14,"3_4_stimuli","4_3","Incongruent","Congruent","Congruent","Congruent",27.999787,28.19978,"3#",1.344455,"Correct","Correct","Correct","Correct"
"13",15,"5_6_stimuli","6_6","Congruent","Incongruent","Congruent","Congruent",29.999773,30.19977,"6^",0.672796,"Correct","Correct","Correct","Correct"
"13",16,"7_8_stimuli","8_7","Incongruent","Congruent","Incongruent","Congruent",31.999753,32.199752,"7&",0.480497,"Correct","Correct","Correct","Correct"
"13",17,"1_2_stimuli","1_1","Congruent","Incongruent","Congruent","Incongruent",33.999743,34.19974,"1!",0.52895,"Correct","Correct","Correct","Correct"
"13",18,"3_4_stimuli","3_4","Incongruent","Congruent","Incongruent","Congruent",35.999723,36.199728,"4$",0.560689,"Correct","Correct","Correct","Correct"
"13",19,"5_6_stimuli","5_5","Congruent","Incongruent","Congruent","Incongruent",37.999707,38.199708,"5%",0.99256,"Correct","Correct","Correct","Correct"
"13",20,"7_8_stimuli","7_7","Congruent","Congruent","Incongruent","Congruent",39.999705,40.199694,"7&",0.592545,"Correct","Correct","Correct","Correct"
"13",21,"1_2_stimuli","2_2","Congruent","Congruent","Congruent","Incongruent",41.999679,42.199677,"2@",0.464561,"Correct","Correct","Correct","Correct"
"13",22,"3_4_stimuli","4_4","Congruent","Congruent","Congruent","Congruent",43.999667,44.199666,"4$",0.592985,"Correct","Correct","Correct","Correct"
"13",23,"5_6_stimuli","5_5","Congruent","Congruent","Congruent","Congruent",45.999652,46.199651,"5%",0.656581,"Correct","Correct","Correct","Correct"
"13",24,"7_8_stimuli","7_7","Congruent","Congruent","Congruent","Congruent",47.999643,48.199635,"7&",0.864603,"Correct","Correct","Correct","Correct"
"13",25,"1_2_stimuli","1_2","Incongruent","Congruent","Congruent","Congruent",49.999621,50.19962,"2@",0.769322,"Correct","Correct","Correct","Correct"
"13",26,"3_4_stimuli","4_3","Incongruent","Incongruent","Congruent","Congruent",51.999602,52.199607,"3#",0.56094,"Correct","Correct","Correct","Correct"
"13",27,"5_6_stimuli","6_5","Incongruent","Incongruent","Incongruent","Congruent",53.999598,54.199597,"5%",0.560674,"Correct","Correct","Correct","Correct"
"13",28,"7_8_stimuli","8_7","Incongruent","Incongruent","Incongruent","Incongruent",55.999585,56.199573,"7&",0.544996,"Correct","Correct","Correct","Correct"
"13",29,"1_2_stimuli","2_2","Congruent","Incongruent","Incongruent","Incongruent",57.999562,58.199551,"2@",0.464714,"Correct","Correct","Correct","Correct"
"13",30,"3_4_stimuli","3_3","Congruent","Congruent","Incongruent","Incongruent",59.999543,60.199546,"3#",0.577139,"Correct","Correct","Correct","Correct"
"13",31,"5_6_stimuli","6_6","Congruent","Congruent","Congruent","Incongruent",61.999537,62.199537,"6^",0.560692,"Correct","Correct","Correct","Correct"
"13",32,"7_8_stimuli","7_8","Incongruent","Congruent","Congruent","Congruent",63.999517,64.199509,"7&",0.705017,"Error","Correct","Correct","Correct"
"13",33,"1_2_stimuli","2_2","Congruent","Incongruent","Congruent","Congruent",65.9995,66.199499,"2@",0.496752,"Correct","Error","Correct","Correct"
"13",34,"3_4_stimuli","3_3","Congruent","Congruent","Incongruent","Congruent",67.99949,68.19949,"3#",0.59306,"Correct","Correct","Error","Correct"
"13",35,"5_6_stimuli","6_5","Incongruent","Congruent","Congruent","Incongruent",69.999472,70.199467,"5%",0.7053,"Correct","Correct","Correct","Error"
"13",36,"7_8_stimuli","7_7","Congruent","Incongruent","Congruent","Congruent",71.99946,72.199446,"7&",0.768997,"Correct","Correct","Correct","Correct"
"13",37,"1_2_stimuli","2_1","Incongruent","Congruent","Incongruent","Congruent",73.999442,74.199428,"1!",0.737381,"Correct","Correct","Correct","Correct"
"13",38,"3_4_stimuli","3_3","Congruent","Incongruent","Congruent","Incongruent",75.999429,76.199426,"3#",0.592777,"Correct","Correct","Correct","Correct"
"13",39,"5_6_stimuli","6_5","Incongruent","Congruent","Incongruent","Congruent",77.999404,78.199416,"5%",0.609397,"Correct","Correct","Correct","Correct"
"13",40,"7_8_stimuli","7_8","Incongruent","Incongruent","Congruent","Incongruent",79.999404,80.199398,"8*",0.736865,"Correct","Correct","Correct","Correct"
"13",41,"1_2_stimuli","1_2","Incongruent","Incongruent","Incongruent","Congruent",81.999371,82.199382,"2@",0.672862,"Correct","Correct","Correct","Correct"
"13",42,"3_4_stimuli","3_3","Congruent","Incongruent","Incongruent","Incongruent",83.999359,84.199363,"3#",0.609308,"Correct","Correct","Correct","Correct"
"13",43,"5_6_stimuli","5_5","Congruent","Congruent","Incongruent","Incongruent",85.999343,86.199342,"5%",0.67354,"Correct","Correct","Correct","Correct"
"13",44,"7_8_stimuli","7_8","Incongruent","Congruent","Congruent","Incongruent",87.999348,88.199339,"8*",0.881653,"Correct","Correct","Correct","Correct"
"13",45,"1_2_stimuli","2_1","Incongruent","Incongruent","Congruent","Congruent",89.999311,90.199322,"1!",0.529203,"Correct","Correct","Correct","Correct"
"13",46,"3_4_stimuli","4_4","Congruent","Incongruent","Incongruent","Congruent",91.9993,92.199303,"4$",1.13702,"Correct","Correct","Correct","Correct"
"13",47,"5_6_stimuli","5_6","Incongruent","Congruent","Incongruent","Incongruent",93.999283,94.199294,"6^",0.752952,"Correct","Correct","Correct","Correct"
"13",48,"7_8_stimuli","8_8","Congruent","Incongruent","Congruent","Incongruent",95.999276,96.199276,"8*",0.721371,"Correct","Correct","Correct","Correct"
"13",49,"1_2_stimuli","2_2","Congruent","Congruent","Incongruent","Congruent",97.999255,98.199255,"2@",0.706389,"Correct","Correct","Correct","Correct"
"13",50,"3_4_stimuli","4_4","Congruent","Congruent","Congruent","Incongruent",99.999248,100.199245,"4$",0.913059,"Correct","Correct","Correct","Correct"
"13",51,"5_6_stimuli","5_6","Incongruent","Congruent","Congruent","Congruent",101.999229,102.199231,"Omission",5000,"Omission","Correct","Correct","Correct"
"13",52,"7_8_stimuli","7_8","Incongruent","Incongruent","Congruent","Congruent",103.999214,104.199205,"8*",0.560995,"Correct","Omission","Correct","Correct"
"13",53,"1_2_stimuli","1_1","Congruent","Incongruent","Incongruent","Congruent",105.999197,106.199197,"1!",0.51305,"Correct","Correct","Omission","Correct"
"13",54,"3_4_stimuli","3_4","Incongruent","Congruent","Incongruent","Incongruent",107.999182,108.199183,"4$",0.593104,"Correct","Correct","Correct","Omission"
"13",55,"5_6_stimuli","6_5","Incongruent","Incongruent","Congruent","Incongruent",109.999169,110.199159,"5%",0.769345,"Correct","Correct","Correct","Correct"
"13",56,"7_8_stimuli","8_8","Congruent","Incongruent","Incongruent","Congruent",111.999152,112.199163,"8*",0.561504,"Correct","Correct","Correct","Correct"
"13",57,"1_2_stimuli","2_1","Incongruent","Congruent","Incongruent","Incongruent",113.999142,114.199137,"1!",0.561172,"Correct","Correct","Correct","Correct"
"13",58,"3_4_stimuli","4_3","Incongruent","Incongruent","Congruent","Incongruent",115.999123,116.19912,"3#",0.577731,"Correct","Correct","Correct","Correct"
"13",59,"5_6_stimuli","5_5","Congruent","Incongruent","Incongruent","Congruent",117.999111,118.19911,"5%",0.593177,"Correct","Correct","Correct","Correct"
"13",60,"7_8_stimuli","8_7","Incongruent","Congruent","Incongruent","Incongruent",119.999094,120.199093,"7&",0.529109,"Correct","Correct","Correct","Correct"
"13",61,"1_2_stimuli","2_1","Incongruent","Incongruent","Congruent","Incongruent",121.999072,122.19908,"1!",0.561779,"Correct","Correct","Correct","Correct"
"13",62,"3_4_stimuli","3_4","Incongruent","Incongruent","Incongruent","Congruent",123.999063,124.199057,"4$",0.44915,"Correct","Correct","Correct","Correct"
"13",63,"5_6_stimuli","5_6","Incongruent","Incongruent","Incongruent","Incongruent",125.999055,126.199046,"6^",0.721741,"Correct","Correct","Correct","Correct"
"13",64,"7_8_stimuli","7_7","Congruent","Incongruent","Incongruent","Incongruent",127.999036,128.199031,"7&",0.785576,"Correct","Correct","Correct","Correct"
"13",65,"1_2_stimuli","1_1","Congruent","Congruent","Incongruent","Incongruent",129.999022,130.199014,"1!",0.913762,"Correct","Correct","Correct","Correct"
"13",66,"3_4_stimuli","4_3","Incongruent","Congruent","Congruent","Incongruent",131.999005,132.199005,"3#",0.737329,"Correct","Correct","Correct","Correct"
"13",67,"5_6_stimuli","5_6","Incongruent","Incongruent","Congruent","Congruent",133.998987,134.198987,"6^",0.705537,"Correct","Correct","Correct","Correct"
"13",68,"7_8_stimuli","8_7","Incongruent","Incongruent","Incongruent","Congruent",135.99897,136.198968,"7&",0.753288,"Correct","Correct","Correct","Correct"
