"Run.Number","Trial.Number","Task","Stimulus","Current.Trial.Type","Previous.Trial.Type","Previous.Trial.Type.N2","Previous.Trial.Type.N3","StimulusOnsetTime","StimulusOffsetTime","Response","RT","Accuracy","PreviousAccuracy","PreviousAccuracy.N2","Previous.Accuracy.N3"
"practice",1,"1_2_stimuli","2_1","Incongruent",NA,NA,NA,1.999977,2.19999,"1!",0.863303,"Correct",NA,NA,NA
"practice",2,"3_4_stimuli","3_4","Incongruent","Incongruent",NA,NA,3.999968,4.199968,"4$",1.039351,"Correct","Correct",NA,NA
"practice",3,"5_6_stimuli","5_5","Congruent","Incongruent","Incongruent",NA,5.999952,6.199953,"5%",0.959342,"Correct","Correct","Correct",NA
"practice",4,"7_8_stimuli","7_8","Incongruent","Congruent","Incongruent","Incongruent",7.999933,8.199932,"8*",0.703381,"Correct","Correct","Correct","Correct"
"practice",5,"1_2_stimuli","1_2","Incongruent","Incongruent","Congruent","Incongruent",9.999908,10.199914,"2@",0.655362,"Correct","Correct","Correct","Correct"
"practice",6,"3_4_stimuli","4_3","Incongruent","Incongruent","Incongruent","Congruent",11.999899,12.199908,"3#",0.383394,"Correct","Correct","Correct","Correct"
"practice",7,"5_6_stimuli","5_6","Incongruent","Incongruent","Incongruent","Incongruent",13.999883,14.199879,"6^",1.087907,"Correct","Correct","Correct","Correct"
"practice",8,"7_8_stimuli","8_8","Congruent","Incongruent","Incongruent","Incongruent",15.999859,16.199874,"8*",0.623435,"Correct","Correct","Correct","Correct"
"practice",9,"1_2_stimuli","1_2","Incongruent","Congruent","Incongruent","Incongruent",17.99985,18.199852,"2@",0.559852,"Correct","Correct","Correct","Correct"
"practice",10,"3_4_stimuli","3_3","Congruent","Incongruent","Congruent","Incongruent",19.999827,20.199835,"3#",0.639458,"Correct","Correct","Correct","Correct"
"practice",11,"5_6_stimuli","6_5","Incongruent","Congruent","Incongruent","Congruent",21.999814,22.199811,"5%",0.81611,"Correct","Correct","Correct","Correct"
"practice",12,"7_8_stimuli","8_8","Congruent","Incongruent","Congruent","Incongruent",23.999799,24.199799,"8*",0.6721,"Correct","Correct","Correct","Correct"
"practice",13,"1_2_stimuli","2_2","Congruent","Congruent","Incongruent","Congruent",25.999778,26.199771,"2@",0.543498,"Correct","Correct","Correct","Correct"
"practice",14,"3_4_stimuli","3_3","Congruent","Congruent","Congruent","Incongruent",27.999772,28.199757,"3#",0.559537,"Correct","Correct","Correct","Correct"
"practice",15,"5_6_stimuli","5_6","Incongruent","Congruent","Congruent","Congruent",29.999751,30.199754,"6^",1.103968,"Correct","Correct","Correct","Correct"
"practice",16,"7_8_stimuli","7_8","Incongruent","Incongruent","Congruent","Congruent",31.999731,32.199736,"8*",0.623795,"Correct","Correct","Correct","Correct"
"practice",17,"1_2_stimuli","1_2","Incongruent","Incongruent","Incongruent","Congruent",33.999716,34.199713,"2@",0.575573,"Correct","Correct","Correct","Correct"
"practice",18,"3_4_stimuli","4_4","Congruent","Incongruent","Incongruent","Incongruent",35.999697,36.199693,"4$",0.975997,"Correct","Correct","Correct","Correct"
"practice",19,"5_6_stimuli","5_5","Congruent","Congruent","Incongruent","Incongruent",37.99969,38.199687,"5%",0.543552,"Correct","Correct","Correct","Correct"
"practice",20,"7_8_stimuli","8_7","Incongruent","Congruent","Congruent","Incongruent",39.999665,40.199665,"7&",0.783914,"Correct","Correct","Correct","Correct"
"practice",21,"1_2_stimuli","2_2","Congruent","Incongruent","Congruent","Congruent",41.999649,42.199653,"2@",0.623884,"Correct","Correct","Correct","Correct"
"practice",22,"3_4_stimuli","4_3","Incongruent","Congruent","Incongruent","Congruent",43.999633,44.199631,"3#",0.607744,"Correct","Correct","Correct","Correct"
"practice",23,"5_6_stimuli","5_6","Incongruent","Incongruent","Congruent","Incongruent",45.999616,46.199621,"6^",1.408118,"Correct","Correct","Correct","Correct"
"practice",24,"7_8_stimuli","7_8","Incongruent","Incongruent","Incongruent","Congruent",47.999596,48.199597,"8*",0.656132,"Correct","Correct","Correct","Correct"
"practice",25,"1_2_stimuli","2_1","Incongruent","Incongruent","Incongruent","Incongruent",49.99959,50.199579,"1!",0.448326,"Correct","Correct","Correct","Correct"
"practice",26,"3_4_stimuli","3_4","Incongruent","Incongruent","Incongruent","Incongruent",51.999555,52.199562,"4$",0.703726,"Correct","Correct","Correct","Correct"
"practice",27,"5_6_stimuli","5_5","Congruent","Incongruent","Incongruent","Incongruent",53.999544,54.199539,"5%",0.464139,"Correct","Correct","Correct","Correct"
"practice",28,"7_8_stimuli","7_7","Congruent","Congruent","Incongruent","Incongruent",55.999538,56.199534,"7&",0.720241,"Correct","Correct","Correct","Correct"
"practice",29,"1_2_stimuli","1_2","Incongruent","Congruent","Congruent","Incongruent",57.99952,58.19951,"2@",0.656218,"Correct","Correct","Correct","Correct"
"practice",30,"3_4_stimuli","4_4","Congruent","Incongruent","Congruent","Congruent",59.999504,60.199494,"4$",0.768222,"Correct","Correct","Correct","Correct"
"practice",31,"5_6_stimuli","5_5","Congruent","Congruent","Incongruent","Congruent",61.999483,62.199474,"5%",0.52846,"Correct","Correct","Correct","Correct"
"practice",32,"7_8_stimuli","7_7","Congruent","Congruent","Congruent","Incongruent",63.999466,64.199461,"7&",0.720321,"Correct","Correct","Correct","Correct"
"practice",33,"1_2_stimuli","2_2","Congruent","Congruent","Congruent","Congruent",65.999441,66.199447,"2@",0.607793,"Correct","Correct","Correct","Correct"
"practice",34,"3_4_stimuli","4_4","Congruent","Congruent","Congruent","Congruent",67.99943,68.199436,"4$",0.976009,"Correct","Correct","Correct","Correct"
"practice",35,"5_6_stimuli","6_6","Congruent","Congruent","Congruent","Congruent",69.999414,70.199416,"6^",0.639866,"Correct","Correct","Correct","Correct"
"practice",36,"7_8_stimuli","7_8","Incongruent","Congruent","Congruent","Congruent",71.999393,72.199402,"8*",0.608508,"Correct","Correct","Correct","Correct"
"practice",37,"1_2_stimuli","2_1","Incongruent","Incongruent","Congruent","Congruent",73.999383,74.199371,"1!",0.464372,"Correct","Correct","Correct","Correct"
"practice",38,"3_4_stimuli","3_3","Congruent","Incongruent","Incongruent","Congruent",75.999367,76.199365,"3#",0.720243,"Correct","Correct","Correct","Correct"
"practice",39,"5_6_stimuli","6_5","Incongruent","Congruent","Incongruent","Incongruent",77.999358,78.199337,"5%",0.671898,"Correct","Correct","Correct","Correct"
"practice",40,"7_8_stimuli","7_8","Incongruent","Incongruent","Congruent","Incongruent",79.999328,80.199327,"8*",0.575931,"Correct","Correct","Correct","Correct"
"practice",41,"1_2_stimuli","1_1","Congruent","Incongruent","Incongruent","Congruent",81.999312,82.199306,"1!",0.448445,"Correct","Correct","Correct","Correct"
"practice",42,"3_4_stimuli","3_3","Congruent","Congruent","Incongruent","Incongruent",83.999289,84.199288,"3#",0.672416,"Correct","Correct","Correct","Correct"
"practice",43,"5_6_stimuli","5_5","Congruent","Congruent","Congruent","Incongruent",85.99927,86.199282,"5%",0.703957,"Correct","Correct","Correct","Correct"
"practice",44,"7_8_stimuli","8_8","Congruent","Congruent","Congruent","Congruent",87.999265,88.199252,"7&",0.640412,"Error","Correct","Correct","Correct"
"practice",45,"1_2_stimuli","2_1","Incongruent","Congruent","Congruent","Congruent",89.999244,90.199246,"1!",0.592733,"Correct","Error","Correct","Correct"
"practice",46,"3_4_stimuli","3_4","Incongruent","Incongruent","Congruent","Congruent",91.999222,92.199222,"4$",0.816436,"Correct","Correct","Error","Correct"
"practice",47,"5_6_stimuli","6_5","Incongruent","Incongruent","Incongruent","Congruent",93.999216,94.199207,"5%",0.704496,"Correct","Correct","Correct","Error"
"practice",48,"7_8_stimuli","8_7","Incongruent","Incongruent","Incongruent","Incongruent",95.999188,96.199196,"7&",0.592073,"Correct","Correct","Correct","Correct"
"practice",49,"1_2_stimuli","1_1","Congruent","Incongruent","Incongruent","Incongruent",97.99917,98.199181,"1!",0.432548,"Correct","Correct","Correct","Correct"
"practice",50,"3_4_stimuli","3_4","Incongruent","Congruent","Incongruent","Incongruent",99.99916,100.199171,"4$",0.544719,"Correct","Correct","Correct","Correct"
"practice",51,"5_6_stimuli","6_6","Congruent","Incongruent","Congruent","Incongruent",101.99915,102.199138,"6^",0.736494,"Correct","Correct","Correct","Correct"
"practice",52,"7_8_stimuli","7_7","Congruent","Congruent","Incongruent","Congruent",103.999155,104.199129,"7&",0.768097,"Correct","Correct","Correct","Correct"
"practice",53,"1_2_stimuli","2_2","Congruent","Congruent","Congruent","Incongruent",105.999113,106.199108,"2@",0.512214,"Correct","Correct","Correct","Correct"
"practice",54,"3_4_stimuli","3_4","Incongruent","Congruent","Congruent","Congruent",107.999089,108.199092,"4$",0.70418,"Correct","Correct","Correct","Correct"
"practice",55,"5_6_stimuli","5_6","Incongruent","Incongruent","Congruent","Congruent",109.999076,110.19907,"6^",1.152643,"Correct","Correct","Correct","Correct"
"practice",56,"7_8_stimuli","7_7","Congruent","Incongruent","Incongruent","Congruent",111.999053,112.199053,"7&",0.592658,"Correct","Correct","Correct","Correct"
"practice",57,"1_2_stimuli","1_1","Congruent","Congruent","Incongruent","Incongruent",113.999046,114.199037,"1!",0.448244,"Correct","Correct","Correct","Correct"
"practice",58,"3_4_stimuli","4_3","Incongruent","Congruent","Congruent","Incongruent",115.999019,116.19902,"3#",0.672913,"Correct","Correct","Correct","Correct"
"practice",59,"5_6_stimuli","6_6","Congruent","Incongruent","Congruent","Congruent",117.999006,118.199007,"6^",0.896773,"Correct","Correct","Correct","Correct"
"practice",60,"7_8_stimuli","8_7","Incongruent","Congruent","Incongruent","Congruent",119.998995,120.198988,"7&",0.576936,"Correct","Correct","Correct","Correct"
"practice",61,"1_2_stimuli","1_1","Congruent","Incongruent","Congruent","Incongruent",121.998979,122.198974,"1!",0.432728,"Correct","Correct","Correct","Correct"
"practice",62,"3_4_stimuli","4_4","Congruent","Congruent","Incongruent","Congruent",123.998952,124.198953,"4$",0.608293,"Correct","Correct","Correct","Correct"
"practice",63,"5_6_stimuli","6_5","Incongruent","Congruent","Congruent","Incongruent",125.998942,126.198943,"5%",0.737073,"Correct","Correct","Correct","Correct"
"practice",64,"7_8_stimuli","8_8","Congruent","Incongruent","Congruent","Congruent",127.998927,128.198917,"8*",0.592325,"Correct","Correct","Correct","Correct"
"practice",65,"1_2_stimuli","2_1","Incongruent","Congruent","Incongruent","Congruent",129.998912,130.198909,"1!",0.416565,"Correct","Correct","Correct","Correct"
"practice",66,"3_4_stimuli","4_3","Incongruent","Incongruent","Congruent","Incongruent",131.998891,132.198883,"3#",0.576641,"Correct","Correct","Correct","Correct"
"practice",67,"5_6_stimuli","6_6","Congruent","Incongruent","Incongruent","Congruent",133.998874,134.198867,"6^",0.896888,"Correct","Correct","Correct","Correct"
"practice",68,"7_8_stimuli","8_7","Incongruent","Congruent","Incongruent","Incongruent",135.998863,136.198855,"7&",0.576392,"Correct","Correct","Correct","Correct"
"1",1,"1_2_stimuli","1_2","Incongruent",NA,NA,NA,1.99999,2.199985,"2@",0.59786,"Correct",NA,NA,NA
"1",2,"3_4_stimuli","3_3","Congruent","Incongruent",NA,NA,3.999976,4.199971,"3#",0.453874,"Correct","Correct",NA,NA
"1",3,"5_6_stimuli","6_5","Incongruent","Congruent","Incongruent",NA,5.999947,6.19996,"5%",0.405453,"Correct","Correct","Correct",NA
"1",4,"7_8_stimuli","7_8","Incongruent","Incongruent","Congruent","Incongruent",7.99993,8.199942,"8*",0.581481,"Correct","Correct","Correct","Correct"
"1",5,"1_2_stimuli","1_1","Congruent","Incongruent","Incongruent","Congruent",9.999926,10.199919,"1!",0.406054,"Correct","Correct","Correct","Correct"
"1",6,"3_4_stimuli","4_4","Congruent","Congruent","Incongruent","Incongruent",11.999899,12.199906,"4$",0.773493,"Correct","Correct","Correct","Correct"
"1",7,"5_6_stimuli","5_6","Incongruent","Congruent","Congruent","Incongruent",13.999891,14.199888,"7&",0.614004,"Error","Correct","Correct","Correct"
"1",8,"7_8_stimuli","8_8","Congruent","Incongruent","Congruent","Congruent",15.99987,16.199846,"8*",0.54952,"Correct","Error","Correct","Correct"
"1",9,"1_2_stimuli","2_2","Congruent","Congruent","Incongruent","Congruent",17.999851,18.199847,"2@",0.694112,"Correct","Correct","Error","Correct"
"1",10,"3_4_stimuli","3_4","Incongruent","Congruent","Congruent","Incongruent",19.999836,20.199832,"4$",0.757517,"Correct","Correct","Correct","Error"
"1",11,"5_6_stimuli","6_6","Congruent","Incongruent","Congruent","Congruent",21.999823,22.199824,"6^",0.549569,"Correct","Correct","Correct","Correct"
"1",12,"7_8_stimuli","7_7","Congruent","Congruent","Incongruent","Congruent",23.999808,24.199807,"7&",0.694052,"Correct","Correct","Correct","Correct"
"1",13,"1_2_stimuli","1_2","Incongruent","Congruent","Congruent","Incongruent",25.99979,26.199791,"2@",0.61359,"Correct","Correct","Correct","Correct"
"1",14,"3_4_stimuli","3_3","Congruent","Incongruent","Congruent","Congruent",27.999775,28.199768,"3#",0.598074,"Correct","Correct","Correct","Correct"
"1",15,"5_6_stimuli","5_6","Incongruent","Congruent","Incongruent","Congruent",29.999748,30.199748,"6^",0.997868,"Correct","Correct","Correct","Correct"
"1",16,"7_8_stimuli","7_7","Congruent","Incongruent","Congruent","Incongruent",31.999733,32.199739,"7&",0.46978,"Correct","Correct","Correct","Correct"
"1",17,"1_2_stimuli","2_1","Incongruent","Congruent","Incongruent","Congruent",33.999718,34.199716,"1!",0.454214,"Correct","Correct","Correct","Correct"
"1",18,"3_4_stimuli","4_3","Incongruent","Incongruent","Congruent","Incongruent",35.999708,36.199705,"3#",0.838106,"Correct","Correct","Correct","Correct"
"1",19,"5_6_stimuli","5_6","Incongruent","Incongruent","Incongruent","Congruent",37.999686,38.199678,"6^",0.885908,"Correct","Correct","Correct","Correct"
"1",20,"7_8_stimuli","8_8","Congruent","Incongruent","Incongruent","Incongruent",39.999673,40.199665,"8*",0.694146,"Correct","Correct","Correct","Correct"
"1",21,"1_2_stimuli","1_2","Incongruent","Congruent","Incongruent","Incongruent",41.999656,42.199644,"2@",0.549717,"Correct","Correct","Correct","Correct"
"1",22,"3_4_stimuli","4_4","Congruent","Incongruent","Congruent","Incongruent",43.999645,44.199646,"4$",0.853751,"Correct","Correct","Correct","Correct"
"1",23,"5_6_stimuli","5_5","Congruent","Congruent","Incongruent","Congruent",45.999621,46.199614,"6^",0.918163,"Error","Correct","Correct","Correct"
"1",24,"7_8_stimuli","7_7","Congruent","Congruent","Congruent","Incongruent",47.999602,48.199602,"7&",0.726243,"Correct","Error","Correct","Correct"
"1",25,"1_2_stimuli","1_2","Incongruent","Congruent","Congruent","Congruent",49.999584,50.199582,"2@",0.534302,"Correct","Correct","Error","Correct"
"1",26,"3_4_stimuli","3_4","Incongruent","Incongruent","Congruent","Congruent",51.999568,52.199559,"4$",0.694333,"Correct","Correct","Correct","Error"
"1",27,"5_6_stimuli","6_6","Congruent","Incongruent","Incongruent","Congruent",53.999563,54.199545,"6^",0.773852,"Correct","Correct","Correct","Correct"
"1",28,"7_8_stimuli","8_7","Incongruent","Congruent","Incongruent","Incongruent",55.999543,56.199552,"7&",0.550083,"Correct","Correct","Correct","Correct"
"1",29,"1_2_stimuli","1_1","Congruent","Incongruent","Congruent","Incongruent",57.999522,58.199529,"1!",0.502119,"Correct","Correct","Correct","Correct"
"1",30,"3_4_stimuli","4_4","Congruent","Congruent","Incongruent","Congruent",59.999503,60.199504,"4$",0.85417,"Correct","Correct","Correct","Correct"
"1",31,"5_6_stimuli","5_5","Congruent","Congruent","Congruent","Incongruent",61.99948,62.199482,"6^",0.646179,"Error","Correct","Correct","Correct"
"1",32,"7_8_stimuli","7_8","Incongruent","Congruent","Congruent","Congruent",63.999461,64.199476,"8*",0.838422,"Correct","Error","Correct","Correct"
"1",33,"1_2_stimuli","1_1","Congruent","Incongruent","Congruent","Congruent",65.999452,66.199458,"1!",0.422056,"Correct","Correct","Error","Correct"
"1",34,"3_4_stimuli","4_3","Incongruent","Congruent","Incongruent","Congruent",67.999427,68.199438,"3#",0.757992,"Correct","Correct","Correct","Error"
"1",35,"5_6_stimuli","5_6","Incongruent","Incongruent","Congruent","Incongruent",69.999419,70.199411,"6^",0.870247,"Correct","Correct","Correct","Correct"
"1",36,"7_8_stimuli","8_7","Incongruent","Incongruent","Incongruent","Congruent",71.999401,72.199406,"7&",0.470027,"Correct","Correct","Correct","Correct"
"1",37,"1_2_stimuli","2_1","Incongruent","Incongruent","Incongruent","Incongruent",73.999386,74.19939,"1!",0.517964,"Correct","Correct","Correct","Correct"
"1",38,"3_4_stimuli","3_3","Congruent","Incongruent","Incongruent","Incongruent",75.999374,76.19937,"3#",0.709988,"Correct","Correct","Correct","Correct"
"1",39,"5_6_stimuli","6_5","Incongruent","Congruent","Incongruent","Incongruent",77.999348,78.199347,"6^",1.030311,"Error","Correct","Correct","Correct"
"1",40,"7_8_stimuli","8_7","Incongruent","Incongruent","Congruent","Incongruent",79.99934,80.199332,"7&",0.965942,"Correct","Error","Correct","Correct"
"1",41,"1_2_stimuli","2_1","Incongruent","Incongruent","Incongruent","Congruent",81.999319,82.199308,"1!",0.406752,"Correct","Correct","Error","Correct"
"1",42,"3_4_stimuli","3_4","Incongruent","Incongruent","Incongruent","Incongruent",83.999304,84.199295,"4$",0.710481,"Correct","Correct","Correct","Error"
"1",43,"5_6_stimuli","6_5","Incongruent","Incongruent","Incongruent","Incongruent",85.999282,86.199278,"5%",0.758055,"Correct","Correct","Correct","Correct"
"1",44,"7_8_stimuli","7_8","Incongruent","Incongruent","Incongruent","Incongruent",87.99927,88.199263,"8*",0.598737,"Correct","Correct","Correct","Correct"
"1",45,"1_2_stimuli","2_2","Congruent","Incongruent","Incongruent","Incongruent",89.999252,90.199241,"2@",0.742673,"Correct","Correct","Correct","Correct"
"1",46,"3_4_stimuli","4_3","Incongruent","Congruent","Incongruent","Incongruent",91.999233,92.199235,"3#",0.550143,"Correct","Correct","Correct","Correct"
"1",47,"5_6_stimuli","5_5","Congruent","Incongruent","Congruent","Incongruent",93.99923,94.199214,"5%",0.726113,"Correct","Correct","Correct","Correct"
"1",48,"7_8_stimuli","7_8","Incongruent","Congruent","Incongruent","Congruent",95.999209,96.199204,"8*",0.59817,"Correct","Correct","Correct","Correct"
"1",49,"1_2_stimuli","2_1","Incongruent","Incongruent","Congruent","Incongruent",97.999184,98.199183,"1!",0.454147,"Correct","Correct","Correct","Correct"
"1",50,"3_4_stimuli","4_4","Congruent","Incongruent","Incongruent","Congruent",99.999166,100.199162,"4$",0.758547,"Correct","Correct","Correct","Correct"
"1",51,"5_6_stimuli","6_6","Congruent","Congruent","Incongruent","Incongruent",101.999145,102.199148,"6^",0.614659,"Correct","Correct","Correct","Correct"
"1",52,"7_8_stimuli","7_8","Incongruent","Congruent","Congruent","Incongruent",103.99913,104.199133,"8*",0.630733,"Correct","Correct","Correct","Correct"
"1",53,"1_2_stimuli","1_2","Incongruent","Incongruent","Congruent","Congruent",105.99912,106.19912,"2@",0.534282,"Correct","Correct","Correct","Correct"
"1",54,"3_4_stimuli","3_4","Incongruent","Incongruent","Incongruent","Congruent",107.999108,108.199112,"4$",0.694243,"Correct","Correct","Correct","Correct"
"1",55,"5_6_stimuli","6_6","Congruent","Incongruent","Incongruent","Incongruent",109.999085,110.199078,"6^",0.902221,"Correct","Correct","Correct","Correct"
"1",56,"7_8_stimuli","7_7","Congruent","Congruent","Incongruent","Incongruent",111.99906,112.19906,"7&",0.662587,"Correct","Correct","Correct","Correct"
"1",57,"1_2_stimuli","2_2","Congruent","Congruent","Congruent","Incongruent",113.999049,114.19905,"2@",0.662876,"Correct","Correct","Correct","Correct"
"1",58,"3_4_stimuli","3_3","Congruent","Congruent","Congruent","Congruent",115.999038,116.199029,"3#",0.710318,"Correct","Correct","Correct","Correct"
"1",59,"5_6_stimuli","5_5","Congruent","Congruent","Congruent","Congruent",117.999017,118.199011,"5%",0.998318,"Correct","Correct","Correct","Correct"
"1",60,"7_8_stimuli","8_8","Congruent","Congruent","Congruent","Congruent",119.998999,120.198992,"8*",0.631057,"Correct","Correct","Correct","Correct"
"1",61,"1_2_stimuli","2_2","Congruent","Congruent","Congruent","Congruent",121.998988,122.198981,"2@",0.486394,"Correct","Correct","Correct","Correct"
"1",62,"3_4_stimuli","4_3","Incongruent","Congruent","Congruent","Congruent",123.998966,124.198962,"3#",0.694393,"Correct","Correct","Correct","Correct"
"1",63,"5_6_stimuli","6_5","Incongruent","Incongruent","Congruent","Congruent",125.99895,126.198969,"5%",0.886676,"Correct","Correct","Correct","Correct"
"1",64,"7_8_stimuli","8_8","Congruent","Incongruent","Incongruent","Congruent",127.998935,128.198928,"8*",0.598856,"Correct","Correct","Correct","Correct"
"1",65,"1_2_stimuli","1_1","Congruent","Congruent","Incongruent","Incongruent",129.998924,130.198941,"1!",0.470962,"Correct","Correct","Correct","Correct"
"1",66,"3_4_stimuli","3_3","Congruent","Congruent","Congruent","Incongruent",131.998906,132.198894,"3#",0.631037,"Correct","Correct","Correct","Correct"
"1",67,"5_6_stimuli","6_5","Incongruent","Congruent","Congruent","Congruent",133.99889,134.198885,"5%",0.694439,"Correct","Correct","Correct","Correct"
"1",68,"7_8_stimuli","8_7","Incongruent","Incongruent","Congruent","Congruent",135.998866,136.198864,"7&",0.679034,"Correct","Correct","Correct","Correct"
"2",1,"1_2_stimuli","2_2","Congruent",NA,NA,NA,1.999992,2.199988,"2@",0.513257,"Correct",NA,NA,NA
"2",2,"3_4_stimuli","3_3","Congruent","Congruent",NA,NA,3.999978,4.199974,"3#",0.705238,"Correct","Correct",NA,NA
"2",3,"5_6_stimuli","6_5","Incongruent","Congruent","Congruent",NA,5.999956,6.199953,"5%",0.673569,"Correct","Correct","Correct",NA
"2",4,"7_8_stimuli","8_8","Congruent","Incongruent","Congruent","Congruent",7.999942,8.199942,"8*",0.577266,"Correct","Correct","Correct","Correct"
"2",5,"1_2_stimuli","1_2","Incongruent","Congruent","Incongruent","Congruent",9.999919,10.199914,"2@",0.417244,"Correct","Correct","Correct","Correct"
"2",6,"3_4_stimuli","4_3","Incongruent","Incongruent","Congruent","Incongruent",11.999899,12.199914,"3#",0.401908,"Correct","Correct","Correct","Correct"
"2",7,"5_6_stimuli","6_5","Incongruent","Incongruent","Incongruent","Congruent",13.999884,14.19989,"5%",0.641361,"Correct","Correct","Correct","Correct"
"2",8,"7_8_stimuli","7_8","Incongruent","Incongruent","Incongruent","Incongruent",15.999875,16.199869,"8*",0.545567,"Correct","Correct","Correct","Correct"
"2",9,"1_2_stimuli","1_2","Incongruent","Incongruent","Incongruent","Incongruent",17.999855,18.199859,"2@",0.641857,"Correct","Correct","Correct","Correct"
"2",10,"3_4_stimuli","3_3","Congruent","Incongruent","Incongruent","Incongruent",19.999836,20.199843,"3#",0.561936,"Correct","Correct","Correct","Correct"
"2",11,"5_6_stimuli","5_6","Incongruent","Congruent","Incongruent","Incongruent",21.999829,22.19983,"6^",0.577868,"Correct","Correct","Correct","Correct"
"2",12,"7_8_stimuli","8_8","Congruent","Incongruent","Congruent","Incongruent",23.99981,24.199812,"8*",0.481846,"Correct","Correct","Correct","Correct"
"2",13,"1_2_stimuli","2_2","Congruent","Congruent","Incongruent","Congruent",25.999799,26.19979,"2@",0.385422,"Correct","Correct","Correct","Correct"
"2",14,"3_4_stimuli","3_4","Incongruent","Congruent","Congruent","Incongruent",27.999779,28.199769,"4$",0.626262,"Correct","Correct","Correct","Correct"
"2",15,"5_6_stimuli","5_6","Incongruent","Incongruent","Congruent","Congruent",29.999753,30.199762,"6^",0.817433,"Correct","Correct","Correct","Correct"
"2",16,"7_8_stimuli","8_7","Incongruent","Incongruent","Incongruent","Congruent",31.999742,32.199745,"7&",0.465761,"Correct","Correct","Correct","Correct"
"2",17,"1_2_stimuli","1_1","Congruent","Incongruent","Incongruent","Incongruent",33.999721,34.199712,"1!",0.481448,"Correct","Correct","Correct","Correct"
"2",18,"3_4_stimuli","4_4","Congruent","Congruent","Incongruent","Incongruent",35.999707,36.199708,"4$",0.721977,"Correct","Correct","Correct","Correct"
"2",19,"5_6_stimuli","5_5","Congruent","Congruent","Congruent","Incongruent",37.999699,38.199692,"5%",0.417459,"Correct","Correct","Correct","Correct"
"2",20,"7_8_stimuli","8_7","Incongruent","Congruent","Congruent","Congruent",39.999677,40.199666,"7&",0.674064,"Correct","Correct","Correct","Correct"
"2",21,"1_2_stimuli","2_1","Incongruent","Incongruent","Congruent","Congruent",41.999665,42.199656,"1!",0.481879,"Correct","Correct","Correct","Correct"
"2",22,"3_4_stimuli","4_3","Incongruent","Incongruent","Incongruent","Congruent",43.999649,44.199634,"3#",0.609936,"Correct","Correct","Correct","Correct"
"2",23,"5_6_stimuli","6_5","Incongruent","Incongruent","Incongruent","Incongruent",45.999621,46.19963,"5%",0.609578,"Correct","Correct","Correct","Correct"
"2",24,"7_8_stimuli","8_8","Congruent","Incongruent","Incongruent","Incongruent",47.999608,48.199599,"8*",0.513544,"Correct","Correct","Correct","Correct"
"2",25,"1_2_stimuli","2_1","Incongruent","Congruent","Incongruent","Incongruent",49.999599,50.199587,"1!",0.433612,"Correct","Correct","Correct","Correct"
"2",26,"3_4_stimuli","3_3","Congruent","Incongruent","Congruent","Incongruent",51.999578,52.199576,"2@",0.545626,"Error","Correct","Correct","Correct"
"2",27,"5_6_stimuli","5_6","Incongruent","Congruent","Incongruent","Congruent",53.999566,54.199548,"6^",0.882141,"Correct","Error","Correct","Correct"
"2",28,"7_8_stimuli","8_7","Incongruent","Incongruent","Congruent","Incongruent",55.999546,56.199545,"7&",0.51365,"Correct","Correct","Error","Correct"
"2",29,"1_2_stimuli","1_2","Incongruent","Incongruent","Incongruent","Congruent",57.999526,58.199521,"2@",0.546111,"Correct","Correct","Correct","Error"
"2",30,"3_4_stimuli","3_4","Incongruent","Incongruent","Incongruent","Incongruent",59.999511,60.199515,"4$",0.945674,"Correct","Correct","Correct","Correct"
"2",31,"5_6_stimuli","5_5","Congruent","Incongruent","Incongruent","Incongruent",61.999492,62.19949,"5%",0.386286,"Correct","Correct","Correct","Correct"
"2",32,"7_8_stimuli","8_8","Congruent","Congruent","Incongruent","Incongruent",63.999477,64.199482,"8*",0.658147,"Correct","Correct","Correct","Correct"
"2",33,"1_2_stimuli","2_2","Congruent","Congruent","Congruent","Incongruent",65.999449,66.199448,"2@",0.546203,"Correct","Correct","Correct","Correct"
"2",34,"3_4_stimuli","4_4","Congruent","Congruent","Congruent","Congruent",67.999451,68.199439,"4$",0.690125,"Correct","Correct","Correct","Correct"
"2",35,"5_6_stimuli","6_6","Congruent","Congruent","Congruent","Congruent",69.999427,70.19943,"6^",0.802145,"Correct","Correct","Correct","Correct"
"2",36,"7_8_stimuli","8_8","Congruent","Congruent","Congruent","Congruent",71.99941,72.1994,"8*",0.434225,"Correct","Correct","Correct","Correct"
"2",37,"1_2_stimuli","2_1","Incongruent","Congruent","Congruent","Congruent",73.999401,74.199392,"1!",0.64177,"Correct","Correct","Correct","Correct"
"2",38,"3_4_stimuli","3_3","Congruent","Incongruent","Congruent","Congruent",75.999382,76.199369,"3#",0.737834,"Correct","Correct","Correct","Correct"
"2",39,"5_6_stimuli","5_5","Congruent","Congruent","Incongruent","Congruent",77.99935,78.199363,"5%",0.401834,"Correct","Correct","Correct","Correct"
"2",40,"7_8_stimuli","7_7","Congruent","Congruent","Congruent","Incongruent",79.999349,80.199334,"7&",0.369842,"Correct","Correct","Correct","Correct"
"2",41,"1_2_stimuli","1_1","Congruent","Congruent","Congruent","Congruent",81.999324,82.199331,"1!",0.385929,"Correct","Correct","Correct","Correct"
"2",42,"3_4_stimuli","3_4","Incongruent","Congruent","Congruent","Congruent",83.999298,84.199302,"4$",0.577792,"Correct","Correct","Correct","Correct"
"2",43,"5_6_stimuli","6_6","Congruent","Incongruent","Congruent","Congruent",85.999286,86.199296,"6^",0.562628,"Correct","Correct","Correct","Correct"
"2",44,"7_8_stimuli","7_8","Incongruent","Congruent","Incongruent","Congruent",87.999265,88.199266,"8*",0.417928,"Correct","Correct","Correct","Correct"
"2",45,"1_2_stimuli","1_1","Congruent","Incongruent","Congruent","Incongruent",89.999263,90.199251,"1!",0.369915,"Correct","Correct","Correct","Correct"
"2",46,"3_4_stimuli","4_3","Incongruent","Congruent","Incongruent","Congruent",91.999246,92.199238,"3#",0.689891,"Correct","Correct","Correct","Correct"
"2",47,"5_6_stimuli","5_5","Congruent","Incongruent","Congruent","Incongruent",93.999225,94.199218,"5%",0.497964,"Correct","Correct","Correct","Correct"
"2",48,"7_8_stimuli","7_7","Congruent","Congruent","Incongruent","Congruent",95.999213,96.199199,"7&",0.402527,"Correct","Correct","Correct","Correct"
"2",49,"1_2_stimuli","1_2","Incongruent","Congruent","Congruent","Incongruent",97.999194,98.199189,"2@",0.513997,"Correct","Correct","Correct","Correct"
"2",50,"3_4_stimuli","4_3","Incongruent","Incongruent","Congruent","Congruent",99.999169,100.199172,"3#",0.657986,"Correct","Correct","Correct","Correct"
"2",51,"5_6_stimuli","6_6","Congruent","Incongruent","Incongruent","Congruent",101.999157,102.199151,"6^",0.962618,"Correct","Correct","Correct","Correct"
"2",52,"7_8_stimuli","8_7","Incongruent","Congruent","Incongruent","Incongruent",103.999145,104.199142,"7&",0.530419,"Correct","Correct","Correct","Correct"
"2",53,"1_2_stimuli","2_1","Incongruent","Incongruent","Congruent","Incongruent",105.999125,106.199115,"1!",0.466679,"Correct","Correct","Correct","Correct"
"2",54,"3_4_stimuli","4_4","Congruent","Incongruent","Incongruent","Congruent",107.9991,108.199098,"4$",0.610467,"Correct","Correct","Correct","Correct"
"2",55,"5_6_stimuli","6_6","Congruent","Congruent","Incongruent","Incongruent",109.999085,110.199083,"6^",0.658065,"Correct","Correct","Correct","Correct"
"2",56,"7_8_stimuli","7_8","Incongruent","Congruent","Congruent","Incongruent",111.999066,112.199065,"8*",0.434521,"Correct","Correct","Correct","Correct"
"2",57,"1_2_stimuli","2_2","Congruent","Incongruent","Congruent","Congruent",113.999052,114.199053,"2@",0.450159,"Correct","Correct","Correct","Correct"
"2",58,"3_4_stimuli","4_4","Congruent","Congruent","Incongruent","Congruent",115.99905,116.199036,"4$",0.85052,"Correct","Correct","Correct","Correct"
"2",59,"5_6_stimuli","5_6","Incongruent","Congruent","Congruent","Incongruent",117.999015,118.199018,"6^",0.802688,"Correct","Correct","Correct","Correct"
"2",60,"7_8_stimuli","7_8","Incongruent","Incongruent","Congruent","Congruent",119.999012,120.199001,"8*",0.498923,"Correct","Correct","Correct","Correct"
"2",61,"1_2_stimuli","1_1","Congruent","Incongruent","Incongruent","Congruent",121.998985,122.198997,"1!",0.402165,"Correct","Correct","Correct","Correct"
"2",62,"3_4_stimuli","3_4","Incongruent","Congruent","Incongruent","Incongruent",123.99897,124.198972,"4$",0.514659,"Correct","Correct","Correct","Correct"
"2",63,"5_6_stimuli","6_5","Incongruent","Incongruent","Congruent","Incongruent",125.998954,126.198966,"6^",0.546679,"Error","Correct","Correct","Correct"
"2",64,"7_8_stimuli","7_7","Congruent","Incongruent","Incongruent","Congruent",127.998943,128.198942,"7&",0.64251,"Correct","Error","Correct","Correct"
"2",65,"1_2_stimuli","2_2","Congruent","Congruent","Incongruent","Incongruent",129.998926,130.198928,"2@",0.546275,"Correct","Correct","Error","Correct"
"2",66,"3_4_stimuli","3_3","Congruent","Congruent","Congruent","Incongruent",131.998902,132.198908,"3#",0.514569,"Correct","Correct","Correct","Error"
"2",67,"5_6_stimuli","6_5","Incongruent","Congruent","Congruent","Congruent",133.998892,134.198893,"5%",0.658858,"Correct","Correct","Correct","Correct"
"2",68,"7_8_stimuli","7_7","Congruent","Incongruent","Congruent","Congruent",135.998878,136.198877,"6^",1.154745,"Error","Correct","Correct","Correct"
"3",1,"1_2_stimuli","1_1","Congruent",NA,NA,NA,1.999996,2.199995,"1!",0.465046,"Correct",NA,NA,NA
"3",2,"3_4_stimuli","4_4","Congruent","Congruent",NA,NA,3.999968,4.199969,"4$",0.961083,"Correct","Correct",NA,NA
"3",3,"5_6_stimuli","6_6","Congruent","Congruent","Congruent",NA,5.999963,6.199952,"6^",0.881288,"Correct","Correct","Correct",NA
"3",4,"7_8_stimuli","7_8","Incongruent","Congruent","Congruent","Congruent",7.999948,8.199936,"8*",0.609062,"Correct","Correct","Correct","Correct"
"3",5,"1_2_stimuli","1_1","Congruent","Incongruent","Congruent","Congruent",9.999925,10.199922,"1!",0.497084,"Correct","Correct","Correct","Correct"
"3",6,"3_4_stimuli","4_3","Incongruent","Congruent","Incongruent","Congruent",11.999909,12.199912,"3#",0.769089,"Correct","Correct","Correct","Correct"
"3",7,"5_6_stimuli","5_6","Incongruent","Incongruent","Congruent","Incongruent",13.999894,14.199882,"6^",0.94511,"Correct","Correct","Correct","Correct"
"3",8,"7_8_stimuli","7_8","Incongruent","Incongruent","Incongruent","Congruent",15.999872,16.199871,"8*",0.689456,"Correct","Correct","Correct","Correct"
"3",9,"1_2_stimuli","2_2","Congruent","Incongruent","Incongruent","Incongruent",17.999857,18.199864,"2@",0.529377,"Correct","Correct","Correct","Correct"
"3",10,"3_4_stimuli","3_4","Incongruent","Congruent","Incongruent","Incongruent",19.999834,20.199847,"4$",0.977149,"Correct","Correct","Correct","Correct"
"3",11,"5_6_stimuli","5_5","Congruent","Incongruent","Congruent","Incongruent",21.999833,22.19982,"5%",0.609488,"Correct","Correct","Correct","Correct"
"3",12,"7_8_stimuli","8_8","Congruent","Congruent","Incongruent","Congruent",23.999817,24.199811,"8*",0.657188,"Correct","Correct","Correct","Correct"
"3",13,"1_2_stimuli","1_2","Incongruent","Congruent","Congruent","Incongruent",25.999785,26.199797,"2@",0.609221,"Correct","Correct","Correct","Correct"
"3",14,"3_4_stimuli","4_3","Incongruent","Incongruent","Congruent","Congruent",27.999784,28.199767,"3#",0.865218,"Correct","Correct","Correct","Correct"
"3",15,"5_6_stimuli","5_6","Incongruent","Incongruent","Incongruent","Congruent",29.999752,30.199753,"5%",0.817574,"Error","Correct","Correct","Correct"
"3",16,"7_8_stimuli","7_8","Incongruent","Incongruent","Incongruent","Incongruent",31.999744,32.199739,"8*",0.75323,"Correct","Error","Correct","Correct"
"3",17,"1_2_stimuli","1_2","Incongruent","Incongruent","Incongruent","Incongruent",33.999723,34.199724,"2@",0.545225,"Correct","Correct","Error","Correct"
"3",18,"3_4_stimuli","4_3","Incongruent","Incongruent","Incongruent","Incongruent",35.999717,36.199705,"3#",0.561812,"Correct","Correct","Correct","Error"
"3",19,"5_6_stimuli","5_6","Incongruent","Incongruent","Incongruent","Incongruent",37.999688,38.199688,"6^",0.785779,"Correct","Correct","Correct","Correct"
"3",20,"7_8_stimuli","8_8","Congruent","Incongruent","Incongruent","Incongruent",39.999677,40.199668,"8*",0.497506,"Correct","Correct","Correct","Correct"
"3",21,"1_2_stimuli","2_2","Congruent","Congruent","Incongruent","Incongruent",41.999655,42.199648,"2@",0.513326,"Correct","Correct","Correct","Correct"
"3",22,"3_4_stimuli","4_4","Congruent","Congruent","Congruent","Incongruent",43.999647,44.199641,"4$",0.705811,"Correct","Correct","Correct","Correct"
"3",23,"5_6_stimuli","6_6","Congruent","Congruent","Congruent","Congruent",45.999635,46.199631,"6^",0.449375,"Correct","Correct","Correct","Correct"
"3",24,"7_8_stimuli","8_7","Incongruent","Congruent","Congruent","Congruent",47.999609,48.199613,"7&",0.594134,"Correct","Correct","Correct","Correct"
"3",25,"1_2_stimuli","2_1","Incongruent","Incongruent","Congruent","Congruent",49.999584,50.199597,"1!",0.497812,"Correct","Correct","Correct","Correct"
"3",26,"3_4_stimuli","3_4","Incongruent","Incongruent","Incongruent","Congruent",51.99958,52.199571,"4$",0.737967,"Correct","Correct","Correct","Correct"
"3",27,"5_6_stimuli","6_6","Congruent","Incongruent","Incongruent","Incongruent",53.999562,54.199563,"6^",0.626093,"Correct","Correct","Correct","Correct"
"3",28,"7_8_stimuli","7_7","Congruent","Congruent","Incongruent","Incongruent",55.99954,56.199549,"7&",0.578117,"Correct","Correct","Correct","Correct"
"3",29,"1_2_stimuli","1_1","Congruent","Congruent","Congruent","Incongruent",57.99953,58.19952,"1!",0.450057,"Correct","Correct","Correct","Correct"
"3",30,"3_4_stimuli","4_3","Incongruent","Congruent","Congruent","Congruent",59.999511,60.199515,"3#",0.577827,"Correct","Correct","Correct","Correct"
"3",31,"5_6_stimuli","6_6","Congruent","Incongruent","Congruent","Congruent",61.999493,62.199492,"5%",0.785475,"Error","Correct","Correct","Correct"
"3",32,"7_8_stimuli","7_8","Incongruent","Congruent","Incongruent","Congruent",63.999477,64.199469,"8*",0.545966,"Correct","Error","Correct","Correct"
"3",33,"1_2_stimuli","2_2","Congruent","Incongruent","Congruent","Incongruent",65.999458,66.199462,"2@",0.465992,"Correct","Correct","Error","Correct"
"3",34,"3_4_stimuli","4_4","Congruent","Congruent","Incongruent","Congruent",67.999438,68.199446,"4$",0.609952,"Correct","Correct","Correct","Error"
"3",35,"5_6_stimuli","6_5","Incongruent","Congruent","Congruent","Incongruent",69.999427,70.199422,"5%",0.497548,"Correct","Correct","Correct","Correct"
"3",36,"7_8_stimuli","7_8","Incongruent","Incongruent","Congruent","Congruent",71.999409,72.199415,"8*",0.545565,"Correct","Correct","Correct","Correct"
"3",37,"1_2_stimuli","2_1","Incongruent","Incongruent","Incongruent","Congruent",73.999401,74.199396,"1!",0.450097,"Correct","Correct","Correct","Correct"
"3",38,"3_4_stimuli","3_3","Congruent","Incongruent","Incongruent","Incongruent",75.999369,76.199371,"3#",0.513625,"Correct","Correct","Correct","Correct"
"3",39,"5_6_stimuli","6_5","Incongruent","Congruent","Incongruent","Incongruent",77.999359,78.199359,"5%",0.625991,"Correct","Correct","Correct","Correct"
"3",40,"7_8_stimuli","8_7","Incongruent","Incongruent","Congruent","Incongruent",79.999342,80.19935,"7&",0.354322,"Correct","Correct","Correct","Correct"
"3",41,"1_2_stimuli","1_1","Congruent","Incongruent","Incongruent","Congruent",81.99932,82.199321,"1!",0.402137,"Correct","Correct","Correct","Correct"
"3",42,"3_4_stimuli","3_3","Congruent","Congruent","Incongruent","Incongruent",83.999312,84.199316,"3#",0.369698,"Correct","Correct","Correct","Correct"
"3",43,"5_6_stimuli","5_5","Congruent","Congruent","Congruent","Incongruent",85.999298,86.199283,"5%",0.450291,"Correct","Correct","Correct","Correct"
"3",44,"7_8_stimuli","8_8","Congruent","Congruent","Congruent","Congruent",87.999281,88.199268,"8*",0.369622,"Correct","Correct","Correct","Correct"
"3",45,"1_2_stimuli","1_2","Incongruent","Congruent","Congruent","Congruent",89.999259,90.199252,"1!",0.386154,"Error","Correct","Correct","Correct"
"3",46,"3_4_stimuli","4_4","Congruent","Incongruent","Congruent","Congruent",91.999253,92.19925,"4$",0.817745,"Correct","Error","Correct","Correct"
"3",47,"5_6_stimuli","5_6","Incongruent","Congruent","Incongruent","Congruent",93.99922,94.199226,"6^",0.898485,"Correct","Correct","Error","Correct"
"3",48,"7_8_stimuli","7_7","Congruent","Incongruent","Congruent","Incongruent",95.999208,96.199212,"7&",0.706215,"Correct","Correct","Correct","Error"
"3",49,"1_2_stimuli","2_2","Congruent","Congruent","Incongruent","Congruent",97.999199,98.199192,"2@",0.562049,"Correct","Correct","Correct","Correct"
"3",50,"3_4_stimuli","3_4","Incongruent","Congruent","Congruent","Incongruent",99.999168,100.199173,"4$",0.786091,"Correct","Correct","Correct","Correct"
"3",51,"5_6_stimuli","6_5","Incongruent","Incongruent","Congruent","Congruent",101.999159,102.199159,"5%",1.105796,"Correct","Correct","Correct","Correct"
"3",52,"7_8_stimuli","7_7","Congruent","Incongruent","Incongruent","Congruent",103.999143,104.199134,"7&",0.658425,"Correct","Correct","Correct","Correct"
"3",53,"1_2_stimuli","1_2","Incongruent","Congruent","Incongruent","Incongruent",105.999132,106.19912,"2@",0.529841,"Correct","Correct","Correct","Correct"
"3",54,"3_4_stimuli","3_3","Congruent","Incongruent","Congruent","Incongruent",107.999103,108.199112,"3#",0.561914,"Correct","Correct","Correct","Correct"
"3",55,"5_6_stimuli","6_6","Congruent","Congruent","Incongruent","Congruent",109.999087,110.199094,"6^",1.026195,"Correct","Correct","Correct","Correct"
"3",56,"7_8_stimuli","8_8","Congruent","Congruent","Congruent","Incongruent",111.999072,112.199075,"8*",0.57833,"Correct","Correct","Correct","Correct"
"3",57,"1_2_stimuli","1_1","Congruent","Congruent","Congruent","Congruent",113.999061,114.199051,"1!",0.466304,"Correct","Correct","Correct","Correct"
"3",58,"3_4_stimuli","3_3","Congruent","Congruent","Congruent","Congruent",115.999041,116.199035,"3#",0.577898,"Correct","Correct","Correct","Correct"
"3",59,"5_6_stimuli","6_5","Incongruent","Congruent","Congruent","Congruent",117.999025,118.199024,"5%",0.865917,"Correct","Correct","Correct","Correct"
"3",60,"7_8_stimuli","7_7","Congruent","Incongruent","Congruent","Congruent",119.999014,120.199003,"7&",0.530434,"Correct","Correct","Correct","Correct"
"3",61,"1_2_stimuli","2_1","Incongruent","Congruent","Incongruent","Congruent",121.998997,122.198986,"1!",0.434466,"Correct","Correct","Correct","Correct"
"3",62,"3_4_stimuli","3_4","Incongruent","Incongruent","Congruent","Incongruent",123.998972,124.198975,"4$",0.642468,"Correct","Correct","Correct","Correct"
"3",63,"5_6_stimuli","5_5","Congruent","Incongruent","Incongruent","Congruent",125.998958,126.198964,"5%",0.546625,"Correct","Correct","Correct","Correct"
"3",64,"7_8_stimuli","8_7","Incongruent","Congruent","Incongruent","Incongruent",127.998939,128.198941,"7&",0.514487,"Correct","Correct","Correct","Correct"
"3",65,"1_2_stimuli","2_1","Incongruent","Incongruent","Congruent","Incongruent",129.998922,130.19892,"1!",0.482638,"Correct","Correct","Correct","Correct"
"3",66,"3_4_stimuli","4_4","Congruent","Incongruent","Incongruent","Congruent",131.998911,132.198912,"4$",0.8505,"Correct","Correct","Correct","Correct"
"3",67,"5_6_stimuli","5_5","Congruent","Congruent","Incongruent","Incongruent",133.998888,134.198895,"5%",0.546085,"Correct","Correct","Correct","Correct"
"3",68,"7_8_stimuli","8_7","Incongruent","Congruent","Congruent","Incongruent",135.998874,136.198872,"7&",0.610674,"Correct","Correct","Correct","Correct"
"4",1,"1_2_stimuli","1_1","Congruent",NA,NA,NA,1.999985,2.199983,"1!",0.414129,"Correct",NA,NA,NA
"4",2,"3_4_stimuli","4_4","Congruent","Congruent",NA,NA,3.999973,4.199965,"4$",0.574085,"Correct","Correct",NA,NA
"4",3,"5_6_stimuli","5_6","Incongruent","Congruent","Congruent",NA,5.999949,6.199953,"6^",0.589665,"Correct","Correct","Correct",NA
"4",4,"7_8_stimuli","7_8","Incongruent","Incongruent","Congruent","Congruent",7.999931,8.199937,"8*",0.52554,"Correct","Correct","Correct","Correct"
"4",5,"1_2_stimuli","1_1","Congruent","Incongruent","Incongruent","Congruent",9.999925,10.199924,"1!",0.429543,"Correct","Correct","Correct","Correct"
"4",6,"3_4_stimuli","4_4","Congruent","Congruent","Incongruent","Incongruent",11.999901,12.1999,"4$",0.621583,"Correct","Correct","Correct","Correct"
"4",7,"5_6_stimuli","6_6","Congruent","Congruent","Congruent","Incongruent",13.99988,14.199881,"6^",0.813572,"Correct","Correct","Correct","Correct"
"4",8,"7_8_stimuli","7_8","Incongruent","Congruent","Congruent","Congruent",15.999869,16.199872,"8*",0.494285,"Correct","Correct","Correct","Correct"
"4",9,"1_2_stimuli","1_2","Incongruent","Incongruent","Congruent","Congruent",17.999845,18.199843,"2@",0.542077,"Correct","Correct","Correct","Correct"
"4",10,"3_4_stimuli","4_4","Congruent","Incongruent","Incongruent","Congruent",19.999834,20.199833,"4$",0.430345,"Correct","Correct","Correct","Correct"
"4",11,"5_6_stimuli","5_5","Congruent","Congruent","Incongruent","Incongruent",21.999821,22.199811,"5%",0.63824,"Correct","Correct","Correct","Correct"
"4",12,"7_8_stimuli","8_7","Incongruent","Congruent","Congruent","Incongruent",23.999806,24.19981,"7&",0.638062,"Correct","Correct","Correct","Correct"
"4",13,"1_2_stimuli","2_2","Congruent","Incongruent","Congruent","Congruent",25.999785,26.199787,"2@",0.47833,"Correct","Correct","Correct","Correct"
"4",14,"3_4_stimuli","3_4","Incongruent","Congruent","Incongruent","Congruent",27.999761,28.199766,"4$",0.654095,"Correct","Correct","Correct","Correct"
"4",15,"5_6_stimuli","6_5","Incongruent","Incongruent","Congruent","Incongruent",29.999762,30.199743,"5%",0.461646,"Correct","Correct","Correct","Correct"
"4",16,"7_8_stimuli","8_8","Congruent","Incongruent","Incongruent","Congruent",31.999732,32.199728,"8*",0.478575,"Correct","Correct","Correct","Correct"
"4",17,"1_2_stimuli","1_2","Incongruent","Congruent","Incongruent","Incongruent",33.99972,34.199715,"2@",0.558196,"Correct","Correct","Correct","Correct"
"4",18,"3_4_stimuli","3_3","Congruent","Incongruent","Congruent","Incongruent",35.999701,36.199695,"3#",0.462224,"Correct","Correct","Correct","Correct"
"4",19,"5_6_stimuli","5_5","Congruent","Congruent","Incongruent","Congruent",37.999696,38.199684,"5%",0.55778,"Correct","Correct","Correct","Correct"
"4",20,"7_8_stimuli","7_7","Congruent","Congruent","Congruent","Incongruent",39.999668,40.199665,"7&",0.525793,"Correct","Correct","Correct","Correct"
"4",21,"1_2_stimuli","1_1","Congruent","Congruent","Congruent","Congruent",41.999656,42.199659,"1!",0.430209,"Correct","Correct","Correct","Correct"
"4",22,"3_4_stimuli","3_4","Incongruent","Congruent","Congruent","Congruent",43.999641,44.19964,"4$",0.605871,"Correct","Correct","Correct","Correct"
"4",23,"5_6_stimuli","5_6","Incongruent","Incongruent","Congruent","Congruent",45.999619,46.19961,"6^",0.638371,"Correct","Correct","Correct","Correct"
"4",24,"7_8_stimuli","7_8","Incongruent","Incongruent","Incongruent","Congruent",47.99961,48.19961,"8*",0.749823,"Correct","Correct","Correct","Correct"
"4",25,"1_2_stimuli","2_2","Congruent","Incongruent","Incongruent","Incongruent",49.999595,50.199587,"2@",0.526398,"Correct","Correct","Correct","Correct"
"4",26,"3_4_stimuli","4_3","Incongruent","Congruent","Incongruent","Incongruent",51.999572,52.199576,"3#",0.941848,"Correct","Correct","Correct","Correct"
"4",27,"5_6_stimuli","6_6","Congruent","Incongruent","Congruent","Incongruent",53.999558,54.199553,"6^",0.749661,"Correct","Correct","Correct","Correct"
"4",28,"7_8_stimuli","7_7","Congruent","Congruent","Incongruent","Congruent",55.999535,56.199534,"7&",0.429946,"Correct","Correct","Correct","Correct"
"4",29,"1_2_stimuli","1_1","Congruent","Congruent","Congruent","Incongruent",57.999519,58.199523,"1!",0.462257,"Correct","Correct","Correct","Correct"
"4",30,"3_4_stimuli","4_4","Congruent","Congruent","Congruent","Congruent",59.999497,60.199496,"4$",0.558096,"Correct","Correct","Correct","Correct"
"4",31,"5_6_stimuli","6_6","Congruent","Congruent","Congruent","Congruent",61.99949,62.199487,"6^",0.542262,"Correct","Correct","Correct","Correct"
"4",32,"7_8_stimuli","8_8","Congruent","Congruent","Congruent","Congruent",63.999475,64.199476,"8*",0.3986,"Correct","Correct","Correct","Correct"
"4",33,"1_2_stimuli","2_1","Incongruent","Congruent","Congruent","Congruent",65.999467,66.19946,"1!",0.49405,"Correct","Correct","Correct","Correct"
"4",34,"3_4_stimuli","3_3","Congruent","Incongruent","Congruent","Congruent",67.999435,68.199438,"3#",0.622318,"Correct","Correct","Correct","Correct"
"4",35,"5_6_stimuli","6_5","Incongruent","Congruent","Incongruent","Congruent",69.99942,70.199427,"5%",0.638548,"Correct","Correct","Correct","Correct"
"4",36,"7_8_stimuli","8_8","Congruent","Incongruent","Congruent","Incongruent",71.999412,72.199412,"8*",0.414684,"Correct","Correct","Correct","Correct"
"4",37,"1_2_stimuli","1_1","Congruent","Congruent","Incongruent","Congruent",73.999395,74.199393,"1!",0.366406,"Correct","Correct","Correct","Correct"
"4",38,"3_4_stimuli","3_4","Incongruent","Congruent","Congruent","Incongruent",75.999367,76.19937,"4$",0.814057,"Correct","Correct","Correct","Correct"
"4",39,"5_6_stimuli","5_5","Congruent","Incongruent","Congruent","Congruent",77.999366,78.199348,"5%",0.846058,"Correct","Correct","Correct","Correct"
"4",40,"7_8_stimuli","7_8","Incongruent","Congruent","Incongruent","Congruent",79.999329,80.199337,"8*",0.622134,"Correct","Correct","Correct","Correct"
"4",41,"1_2_stimuli","2_1","Incongruent","Incongruent","Congruent","Incongruent",81.999323,82.199321,"1!",0.574061,"Correct","Correct","Correct","Correct"
"4",42,"3_4_stimuli","3_4","Incongruent","Incongruent","Incongruent","Congruent",83.999314,84.199296,"4$",0.718782,"Correct","Correct","Correct","Correct"
"4",43,"5_6_stimuli","5_6","Incongruent","Incongruent","Incongruent","Incongruent",85.999292,86.199284,"6^",0.622206,"Correct","Correct","Correct","Correct"
"4",44,"7_8_stimuli","7_8","Incongruent","Incongruent","Incongruent","Incongruent",87.999274,88.199277,"8*",0.494192,"Correct","Correct","Correct","Correct"
"4",45,"1_2_stimuli","2_1","Incongruent","Incongruent","Incongruent","Incongruent",89.999261,90.199245,"1!",0.350633,"Correct","Correct","Correct","Correct"
"4",46,"3_4_stimuli","4_3","Incongruent","Incongruent","Incongruent","Incongruent",91.999236,92.199238,"3#",0.478242,"Correct","Correct","Correct","Correct"
"4",47,"5_6_stimuli","5_5","Congruent","Incongruent","Incongruent","Incongruent",93.999219,94.199225,"5%",0.766849,"Correct","Correct","Correct","Correct"
"4",48,"7_8_stimuli","7_7","Congruent","Congruent","Incongruent","Incongruent",95.999205,96.199195,"7&",0.382233,"Correct","Correct","Correct","Correct"
"4",49,"1_2_stimuli","1_2","Incongruent","Congruent","Congruent","Incongruent",97.999182,98.199179,"1!",0.334652,"Error","Correct","Correct","Correct"
"4",50,"3_4_stimuli","4_3","Incongruent","Incongruent","Congruent","Congruent",99.999183,100.199169,"3#",0.494788,"Correct","Error","Correct","Correct"
"4",51,"5_6_stimuli","6_6","Congruent","Incongruent","Incongruent","Congruent",101.99916,102.199153,"6^",0.782612,"Correct","Correct","Error","Correct"
"4",52,"7_8_stimuli","8_7","Incongruent","Congruent","Incongruent","Incongruent",103.999148,104.199135,"7&",0.606288,"Correct","Correct","Correct","Error"
"4",53,"1_2_stimuli","2_2","Congruent","Incongruent","Congruent","Incongruent",105.99912,106.199118,"2@",0.558854,"Correct","Correct","Correct","Correct"
"4",54,"3_4_stimuli","4_4","Congruent","Congruent","Incongruent","Congruent",107.999102,108.199109,"4$",0.542731,"Correct","Correct","Correct","Correct"
"4",55,"5_6_stimuli","6_5","Incongruent","Congruent","Congruent","Incongruent",109.999083,110.199087,"6^",0.782836,"Error","Correct","Correct","Correct"
"4",56,"7_8_stimuli","7_7","Congruent","Incongruent","Congruent","Congruent",111.999074,112.199061,"7&",0.606349,"Correct","Error","Correct","Correct"
"4",57,"1_2_stimuli","1_2","Incongruent","Congruent","Incongruent","Congruent",113.99906,114.199049,"2@",0.510704,"Correct","Correct","Error","Correct"
"4",58,"3_4_stimuli","4_3","Incongruent","Incongruent","Congruent","Incongruent",115.999031,116.199035,"3#",0.510446,"Correct","Correct","Correct","Error"
"4",59,"5_6_stimuli","5_6","Incongruent","Incongruent","Incongruent","Congruent",117.999022,118.199021,"6^",1.038846,"Correct","Correct","Correct","Correct"
"4",60,"7_8_stimuli","8_8","Congruent","Incongruent","Incongruent","Incongruent",119.998997,120.198998,"8*",0.622719,"Correct","Correct","Correct","Correct"
"4",61,"1_2_stimuli","2_2","Congruent","Congruent","Incongruent","Incongruent",121.998981,122.198985,"2@",0.351113,"Correct","Correct","Correct","Correct"
"4",62,"3_4_stimuli","3_3","Congruent","Congruent","Congruent","Incongruent",123.998978,124.198964,"3#",0.622909,"Correct","Correct","Correct","Correct"
"4",63,"5_6_stimuli","5_6","Incongruent","Congruent","Congruent","Congruent",125.998952,126.198953,"6^",0.894457,"Correct","Correct","Correct","Correct"
"4",64,"7_8_stimuli","8_7","Incongruent","Incongruent","Congruent","Congruent",127.998935,128.19894,"7&",0.446473,"Correct","Correct","Correct","Correct"
"4",65,"1_2_stimuli","2_1","Incongruent","Incongruent","Incongruent","Congruent",129.998923,130.198913,"1!",0.590684,"Correct","Correct","Correct","Correct"
"4",66,"3_4_stimuli","3_3","Congruent","Incongruent","Incongruent","Incongruent",131.998903,132.1989,"3#",0.591118,"Correct","Correct","Correct","Correct"
"4",67,"5_6_stimuli","6_5","Incongruent","Congruent","Incongruent","Incongruent",133.998883,134.198886,"5%",0.622786,"Correct","Correct","Correct","Correct"
"4",68,"7_8_stimuli","8_7","Incongruent","Incongruent","Congruent","Incongruent",135.998875,136.198863,"7&",0.55847,"Correct","Correct","Correct","Correct"
"5",1,"1_2_stimuli","2_2","Congruent",NA,NA,NA,1.999975,2.199985,"2@",0.650644,"Correct",NA,NA,NA
"5",2,"3_4_stimuli","3_4","Incongruent","Congruent",NA,NA,3.999963,4.199968,"4$",0.715475,"Correct","Correct",NA,NA
"5",3,"5_6_stimuli","6_5","Incongruent","Incongruent","Congruent",NA,5.999959,6.199951,"5%",0.66672,"Correct","Correct","Correct",NA
"5",4,"7_8_stimuli","7_8","Incongruent","Incongruent","Incongruent","Congruent",7.999937,8.199933,"8*",0.635021,"Correct","Correct","Correct","Correct"
"5",5,"1_2_stimuli","1_2","Incongruent","Incongruent","Incongruent","Incongruent",9.999924,10.199908,"2@",0.490744,"Correct","Correct","Correct","Correct"
"5",6,"3_4_stimuli","4_3","Incongruent","Incongruent","Incongruent","Incongruent",11.999907,12.199895,"3#",0.522778,"Correct","Correct","Correct","Correct"
"5",7,"5_6_stimuli","5_6","Incongruent","Incongruent","Incongruent","Incongruent",13.999887,14.199886,"6^",1.018759,"Correct","Correct","Correct","Correct"
"5",8,"7_8_stimuli","7_7","Congruent","Incongruent","Incongruent","Incongruent",15.999869,16.199868,"7&",0.634798,"Correct","Correct","Correct","Correct"
"5",9,"1_2_stimuli","1_1","Congruent","Congruent","Incongruent","Incongruent",17.999848,18.19985,"1!",0.411117,"Correct","Correct","Correct","Correct"
"5",10,"3_4_stimuli","3_4","Incongruent","Congruent","Congruent","Incongruent",19.999838,20.199832,"4$",0.618881,"Correct","Correct","Correct","Correct"
"5",11,"5_6_stimuli","6_6","Congruent","Incongruent","Congruent","Congruent",21.999819,22.199814,"6^",0.394825,"Correct","Correct","Correct","Correct"
"5",12,"7_8_stimuli","8_8","Congruent","Congruent","Incongruent","Congruent",23.999794,24.199799,"8*",0.491308,"Correct","Correct","Correct","Correct"
"5",13,"1_2_stimuli","1_2","Incongruent","Congruent","Congruent","Incongruent",25.99979,26.199778,"2@",0.395591,"Correct","Correct","Correct","Correct"
"5",14,"3_4_stimuli","4_3","Incongruent","Incongruent","Congruent","Congruent",27.999768,28.199762,"3#",0.427648,"Correct","Correct","Correct","Correct"
"5",15,"5_6_stimuli","5_6","Incongruent","Incongruent","Incongruent","Congruent",29.999759,30.199749,"6^",0.379326,"Correct","Correct","Correct","Correct"
"5",16,"7_8_stimuli","7_8","Incongruent","Incongruent","Incongruent","Incongruent",31.999741,32.19974,"8*",0.443504,"Correct","Correct","Correct","Correct"
"5",17,"1_2_stimuli","1_1","Congruent","Incongruent","Incongruent","Incongruent",33.999715,34.199717,"1!",0.442823,"Correct","Correct","Correct","Correct"
"5",18,"3_4_stimuli","3_3","Congruent","Congruent","Incongruent","Incongruent",35.999695,36.199699,"3#",0.667412,"Correct","Correct","Correct","Correct"
"5",19,"5_6_stimuli","6_5","Incongruent","Congruent","Congruent","Incongruent",37.999683,38.199685,"5%",0.635067,"Correct","Correct","Correct","Correct"
"5",20,"7_8_stimuli","7_7","Congruent","Incongruent","Congruent","Congruent",39.999667,40.199671,"7&",0.634995,"Correct","Correct","Correct","Correct"
"5",21,"1_2_stimuli","1_1","Congruent","Congruent","Incongruent","Congruent",41.99966,42.199659,"1!",0.427479,"Correct","Correct","Correct","Correct"
"5",22,"3_4_stimuli","4_4","Congruent","Congruent","Congruent","Incongruent",43.999634,44.199642,"4$",0.555363,"Correct","Correct","Correct","Correct"
"5",23,"5_6_stimuli","5_5","Congruent","Congruent","Congruent","Congruent",45.999633,46.199626,"5%",0.651358,"Correct","Correct","Correct","Correct"
"5",24,"7_8_stimuli","7_7","Congruent","Congruent","Congruent","Congruent",47.999611,48.199603,"7&",0.523665,"Correct","Correct","Correct","Correct"
"5",25,"1_2_stimuli","2_1","Incongruent","Congruent","Congruent","Congruent",49.999589,50.199584,"1!",0.379054,"Correct","Correct","Correct","Correct"
"5",26,"3_4_stimuli","3_3","Congruent","Incongruent","Congruent","Congruent",51.999573,52.199564,"3#",0.363494,"Correct","Correct","Correct","Correct"
"5",27,"5_6_stimuli","5_5","Congruent","Congruent","Incongruent","Congruent",53.999561,54.199555,"5%",0.443101,"Correct","Correct","Correct","Correct"
"5",28,"7_8_stimuli","7_8","Incongruent","Congruent","Congruent","Incongruent",55.999539,56.199541,"8*",0.555544,"Correct","Correct","Correct","Correct"
"5",29,"1_2_stimuli","2_2","Congruent","Incongruent","Congruent","Congruent",57.999516,58.199523,"2@",0.459868,"Correct","Correct","Correct","Correct"
"5",30,"3_4_stimuli","4_3","Incongruent","Congruent","Incongruent","Congruent",59.999513,60.199503,"3#",0.571767,"Correct","Correct","Correct","Correct"
"5",31,"5_6_stimuli","6_6","Congruent","Incongruent","Congruent","Incongruent",61.999487,62.199481,"6^",0.683523,"Correct","Correct","Correct","Correct"
"5",32,"7_8_stimuli","8_7","Incongruent","Congruent","Incongruent","Congruent",63.999472,64.199462,"7&",0.475474,"Correct","Correct","Correct","Correct"
"5",33,"1_2_stimuli","2_1","Incongruent","Incongruent","Congruent","Incongruent",65.999446,66.199448,"1!",0.411602,"Correct","Correct","Correct","Correct"
"5",34,"3_4_stimuli","3_4","Incongruent","Incongruent","Incongruent","Congruent",67.999441,68.199434,"4$",0.587953,"Correct","Correct","Correct","Correct"
"5",35,"5_6_stimuli","5_5","Congruent","Incongruent","Incongruent","Incongruent",69.999413,70.19941,"5%",0.491225,"Correct","Correct","Correct","Correct"
"5",36,"7_8_stimuli","7_8","Incongruent","Congruent","Incongruent","Incongruent",71.999404,72.199404,"8*",0.507251,"Correct","Correct","Correct","Correct"
"5",37,"1_2_stimuli","2_2","Congruent","Incongruent","Congruent","Incongruent",73.999386,74.19939,"2@",0.475595,"Correct","Correct","Correct","Correct"
"5",38,"3_4_stimuli","4_4","Congruent","Congruent","Incongruent","Congruent",75.999364,76.199373,"4$",0.635393,"Correct","Correct","Correct","Correct"
"5",39,"5_6_stimuli","6_6","Congruent","Congruent","Congruent","Incongruent",77.999346,78.199354,"6^",0.379645,"Correct","Correct","Correct","Correct"
"5",40,"7_8_stimuli","8_7","Incongruent","Congruent","Congruent","Congruent",79.999336,80.199329,"7&",0.459997,"Correct","Correct","Correct","Correct"
"5",41,"1_2_stimuli","2_1","Incongruent","Incongruent","Congruent","Congruent",81.999318,82.199313,"1!",0.507325,"Correct","Correct","Correct","Correct"
"5",42,"3_4_stimuli","4_4","Congruent","Incongruent","Incongruent","Congruent",83.999296,84.199301,"4$",0.507754,"Correct","Correct","Correct","Correct"
"5",43,"5_6_stimuli","5_6","Incongruent","Congruent","Incongruent","Incongruent",85.999291,86.199289,"6^",0.363336,"Correct","Correct","Correct","Correct"
"5",44,"7_8_stimuli","7_7","Congruent","Incongruent","Congruent","Incongruent",87.999268,88.199264,"7&",0.348126,"Correct","Correct","Correct","Correct"
"5",45,"1_2_stimuli","1_2","Incongruent","Congruent","Incongruent","Congruent",89.999249,90.199255,"2@",0.476017,"Correct","Correct","Correct","Correct"
"5",46,"3_4_stimuli","3_3","Congruent","Incongruent","Congruent","Incongruent",91.999229,92.199233,"3#",0.508121,"Correct","Correct","Correct","Correct"
"5",47,"5_6_stimuli","6_5","Incongruent","Congruent","Incongruent","Congruent",93.999222,94.199212,"5%",0.459391,"Correct","Correct","Correct","Correct"
"5",48,"7_8_stimuli","8_7","Incongruent","Incongruent","Congruent","Incongruent",95.999204,96.199204,"7&",0.587875,"Correct","Correct","Correct","Correct"
"5",49,"1_2_stimuli","2_1","Incongruent","Incongruent","Incongruent","Congruent",97.999185,98.199186,"1!",0.443437,"Correct","Correct","Correct","Correct"
"5",50,"3_4_stimuli","4_4","Congruent","Incongruent","Incongruent","Incongruent",99.999166,100.199163,"4$",0.571697,"Correct","Correct","Correct","Correct"
"5",51,"5_6_stimuli","5_5","Congruent","Congruent","Incongruent","Incongruent",101.999147,102.199149,"5%",0.555484,"Correct","Correct","Correct","Correct"
"5",52,"7_8_stimuli","8_8","Congruent","Congruent","Congruent","Incongruent",103.999141,104.19913,"8*",0.348045,"Correct","Correct","Correct","Correct"
"5",53,"1_2_stimuli","1_1","Congruent","Congruent","Congruent","Congruent",105.999125,106.199125,"1!",0.444202,"Correct","Correct","Correct","Correct"
"5",54,"3_4_stimuli","3_3","Congruent","Congruent","Congruent","Congruent",107.999102,108.199107,"2@",0.492058,"Error","Correct","Correct","Correct"
"5",55,"5_6_stimuli","5_6","Incongruent","Congruent","Congruent","Congruent",109.999091,110.19908,"6^",0.667813,"Correct","Error","Correct","Correct"
"5",56,"7_8_stimuli","8_7","Incongruent","Incongruent","Congruent","Congruent",111.99907,112.199061,"7&",0.523579,"Correct","Correct","Error","Correct"
"5",57,"1_2_stimuli","2_2","Congruent","Incongruent","Incongruent","Congruent",113.999051,114.19905,"2@",0.459574,"Correct","Correct","Correct","Error"
"5",58,"3_4_stimuli","3_4","Incongruent","Congruent","Incongruent","Incongruent",115.999039,116.199035,"4$",0.523997,"Correct","Correct","Correct","Correct"
"5",59,"5_6_stimuli","6_5","Incongruent","Incongruent","Congruent","Incongruent",117.999018,118.199026,"5%",0.459611,"Correct","Correct","Correct","Correct"
"5",60,"7_8_stimuli","8_8","Congruent","Incongruent","Incongruent","Congruent",119.998993,120.198997,"8*",0.379648,"Correct","Correct","Correct","Correct"
"5",61,"1_2_stimuli","1_2","Incongruent","Congruent","Incongruent","Incongruent",121.998984,122.198979,"2@",0.460361,"Correct","Correct","Correct","Correct"
"5",62,"3_4_stimuli","4_3","Incongruent","Incongruent","Congruent","Incongruent",123.998969,124.198975,"3#",0.571655,"Correct","Correct","Correct","Correct"
"5",63,"5_6_stimuli","6_6","Congruent","Incongruent","Incongruent","Congruent",125.998949,126.198954,"6^",0.65206,"Correct","Correct","Correct","Correct"
"5",64,"7_8_stimuli","8_8","Congruent","Congruent","Incongruent","Incongruent",127.998937,128.198945,"8*",0.348453,"Correct","Correct","Correct","Correct"
"5",65,"1_2_stimuli","2_2","Congruent","Congruent","Congruent","Incongruent",129.998922,130.198929,"2@",0.475972,"Correct","Correct","Correct","Correct"
"5",66,"3_4_stimuli","3_4","Incongruent","Congruent","Congruent","Congruent",131.998902,132.198905,"4$",0.476403,"Correct","Correct","Correct","Correct"
"5",67,"5_6_stimuli","6_5","Incongruent","Incongruent","Congruent","Congruent",133.998887,134.198891,"5%",0.443684,"Correct","Correct","Correct","Correct"
"5",68,"7_8_stimuli","7_8","Incongruent","Incongruent","Incongruent","Congruent",135.998877,136.198881,"8*",0.396168,"Correct","Correct","Correct","Correct"
"6",1,"1_2_stimuli","2_1","Incongruent",NA,NA,NA,1.999981,2.199988,"1!",0.47455,"Correct",NA,NA,NA
"6",2,"3_4_stimuli","4_3","Incongruent","Incongruent",NA,NA,3.999957,4.199967,"3#",0.474959,"Correct","Correct",NA,NA
"6",3,"5_6_stimuli","6_6","Congruent","Incongruent","Incongruent",NA,5.999951,6.19995,"5%",0.922982,"Error","Correct","Correct",NA
"6",4,"7_8_stimuli","7_8","Incongruent","Congruent","Incongruent","Incongruent",7.999941,8.199932,"8*",0.539126,"Correct","Error","Correct","Correct"
"6",5,"1_2_stimuli","1_2","Incongruent","Incongruent","Congruent","Incongruent",9.999913,10.199912,"2@",0.523046,"Correct","Correct","Error","Correct"
"6",6,"3_4_stimuli","4_4","Congruent","Incongruent","Incongruent","Congruent",11.999896,12.199906,"4$",0.490607,"Correct","Correct","Correct","Error"
"6",7,"5_6_stimuli","5_6","Incongruent","Congruent","Incongruent","Incongruent",13.99989,14.199886,"6^",0.42663,"Correct","Correct","Correct","Correct"
"6",8,"7_8_stimuli","7_8","Incongruent","Incongruent","Congruent","Incongruent",15.999868,16.199865,"8*",0.459398,"Correct","Correct","Correct","Correct"
"6",9,"1_2_stimuli","1_1","Congruent","Incongruent","Incongruent","Congruent",17.999851,18.199853,"1!",0.34668,"Correct","Correct","Correct","Correct"
"6",10,"3_4_stimuli","3_4","Incongruent","Congruent","Incongruent","Incongruent",19.999836,20.199838,"4$",0.650774,"Correct","Correct","Correct","Correct"
"6",11,"5_6_stimuli","6_5","Incongruent","Incongruent","Congruent","Incongruent",21.999819,22.199815,"5%",0.394715,"Correct","Correct","Correct","Correct"
"6",12,"7_8_stimuli","8_8","Congruent","Incongruent","Incongruent","Congruent",23.999803,24.199804,"8*",0.394684,"Correct","Correct","Correct","Correct"
"6",13,"1_2_stimuli","1_1","Congruent","Congruent","Incongruent","Incongruent",25.999784,26.199789,"1!",0.362686,"Correct","Correct","Correct","Correct"
"6",14,"3_4_stimuli","3_3","Congruent","Congruent","Congruent","Incongruent",27.999769,28.199768,"3#",0.506662,"Correct","Correct","Correct","Correct"
"6",15,"5_6_stimuli","5_5","Congruent","Congruent","Congruent","Congruent",29.999752,30.199757,"5%",1.322745,"Correct","Correct","Correct","Correct"
"6",16,"7_8_stimuli","8_8","Congruent","Congruent","Congruent","Congruent",31.999738,32.199743,"8*",0.554755,"Correct","Correct","Correct","Correct"
"6",17,"1_2_stimuli","2_2","Congruent","Congruent","Congruent","Congruent",33.999719,34.199713,"2@",0.394793,"Correct","Correct","Correct","Correct"
"6",18,"3_4_stimuli","4_3","Incongruent","Congruent","Congruent","Congruent",35.999699,36.199706,"3#",0.730763,"Correct","Correct","Correct","Correct"
"6",19,"5_6_stimuli","5_6","Incongruent","Incongruent","Congruent","Congruent",37.999686,38.199685,"6^",0.45886,"Correct","Correct","Correct","Correct"
"6",20,"7_8_stimuli","7_8","Incongruent","Incongruent","Incongruent","Congruent",39.999667,40.19966,"8*",0.410813,"Correct","Correct","Correct","Correct"
"6",21,"1_2_stimuli","2_2","Congruent","Incongruent","Incongruent","Incongruent",41.999658,42.199647,"2@",0.443442,"Correct","Correct","Correct","Correct"
"6",22,"3_4_stimuli","3_3","Congruent","Congruent","Incongruent","Incongruent",43.999634,44.199643,"3#",0.363204,"Correct","Correct","Correct","Correct"
"6",23,"5_6_stimuli","6_6","Congruent","Congruent","Congruent","Incongruent",45.999619,46.199621,"6^",0.379365,"Correct","Correct","Correct","Correct"
"6",24,"7_8_stimuli","8_7","Incongruent","Congruent","Congruent","Congruent",47.999606,48.199607,"7&",0.36338,"Correct","Correct","Correct","Correct"
"6",25,"1_2_stimuli","1_2","Incongruent","Incongruent","Congruent","Congruent",49.999611,50.199592,"2@",0.39489,"Correct","Correct","Correct","Correct"
"6",26,"3_4_stimuli","3_4","Incongruent","Incongruent","Incongruent","Congruent",51.999573,52.19957,"4$",0.363171,"Correct","Correct","Correct","Correct"
"6",27,"5_6_stimuli","5_5","Congruent","Incongruent","Incongruent","Incongruent",53.999554,54.199556,"5%",0.52292,"Correct","Correct","Correct","Correct"
"6",28,"7_8_stimuli","8_8","Congruent","Congruent","Incongruent","Incongruent",55.999542,56.199545,"8*",0.490941,"Correct","Correct","Correct","Correct"
"6",29,"1_2_stimuli","1_1","Congruent","Congruent","Congruent","Incongruent",57.99953,58.199519,"1!",0.635484,"Correct","Correct","Correct","Correct"
"6",30,"3_4_stimuli","4_4","Congruent","Congruent","Congruent","Congruent",59.999498,60.1995,"4$",0.539302,"Correct","Correct","Correct","Correct"
"6",31,"5_6_stimuli","5_6","Incongruent","Congruent","Congruent","Congruent",61.999488,62.199492,"6^",0.538969,"Correct","Correct","Correct","Correct"
"6",32,"7_8_stimuli","7_8","Incongruent","Incongruent","Congruent","Congruent",63.999471,64.199475,"8*",0.411625,"Correct","Correct","Correct","Correct"
"6",33,"1_2_stimuli","2_1","Incongruent","Incongruent","Incongruent","Congruent",65.999459,66.199461,"1!",0.443453,"Correct","Correct","Correct","Correct"
"6",34,"3_4_stimuli","3_4","Incongruent","Incongruent","Incongruent","Incongruent",67.999448,68.199433,"4$",0.587717,"Correct","Correct","Correct","Correct"
"6",35,"5_6_stimuli","6_5","Incongruent","Incongruent","Incongruent","Incongruent",69.999423,70.199413,"5%",0.347609,"Correct","Correct","Correct","Correct"
"6",36,"7_8_stimuli","8_7","Incongruent","Incongruent","Incongruent","Incongruent",71.999403,72.199402,"7&",0.379197,"Correct","Correct","Correct","Correct"
"6",37,"1_2_stimuli","2_1","Incongruent","Incongruent","Incongruent","Incongruent",73.999392,74.19939,"1!",0.475068,"Correct","Correct","Correct","Correct"
"6",38,"3_4_stimuli","3_3","Congruent","Incongruent","Incongruent","Incongruent",75.999379,76.199367,"3#",0.58772,"Correct","Correct","Correct","Correct"
"6",39,"5_6_stimuli","5_5","Congruent","Congruent","Incongruent","Incongruent",77.999353,78.19936,"5%",0.395085,"Correct","Correct","Correct","Correct"
"6",40,"7_8_stimuli","8_7","Incongruent","Congruent","Congruent","Incongruent",79.999343,80.199345,"7&",0.347081,"Correct","Correct","Correct","Correct"
"6",41,"1_2_stimuli","1_1","Congruent","Incongruent","Congruent","Congruent",81.999321,82.199318,"1!",0.379186,"Correct","Correct","Correct","Correct"
"6",42,"3_4_stimuli","4_4","Congruent","Congruent","Incongruent","Congruent",83.999306,84.199299,"4$",0.539575,"Correct","Correct","Correct","Correct"
"6",43,"5_6_stimuli","5_6","Incongruent","Congruent","Congruent","Incongruent",85.999292,86.199289,"6^",0.667875,"Correct","Correct","Correct","Correct"
"6",44,"7_8_stimuli","7_7","Congruent","Incongruent","Congruent","Congruent",87.999268,88.199277,"7&",0.667206,"Correct","Correct","Correct","Correct"
"6",45,"1_2_stimuli","2_2","Congruent","Congruent","Incongruent","Congruent",89.999258,90.199256,"2@",0.555654,"Correct","Correct","Correct","Correct"
"6",46,"3_4_stimuli","4_3","Incongruent","Congruent","Congruent","Incongruent",91.999246,92.199235,"3#",0.50767,"Correct","Correct","Correct","Correct"
"6",47,"5_6_stimuli","6_6","Congruent","Incongruent","Congruent","Congruent",93.999228,94.199226,"6^",0.635159,"Correct","Correct","Correct","Correct"
"6",48,"7_8_stimuli","7_8","Incongruent","Congruent","Incongruent","Congruent",95.999206,96.199206,"8*",0.411757,"Correct","Correct","Correct","Correct"
"6",49,"1_2_stimuli","2_2","Congruent","Incongruent","Congruent","Incongruent",97.999191,98.199191,"2@",0.411309,"Correct","Correct","Correct","Correct"
"6",50,"3_4_stimuli","4_3","Incongruent","Congruent","Incongruent","Congruent",99.999176,100.199178,"3#",0.507328,"Correct","Correct","Correct","Correct"
"6",51,"5_6_stimuli","6_6","Congruent","Incongruent","Congruent","Incongruent",101.999157,102.199156,"6^",0.379692,"Correct","Correct","Correct","Correct"
"6",52,"7_8_stimuli","7_7","Congruent","Congruent","Incongruent","Congruent",103.999138,104.199138,"7&",0.315324,"Correct","Correct","Correct","Correct"
"6",53,"1_2_stimuli","1_2","Incongruent","Congruent","Congruent","Incongruent",105.99912,106.199129,"2@",0.428076,"Correct","Correct","Correct","Correct"
"6",54,"3_4_stimuli","3_3","Congruent","Incongruent","Congruent","Congruent",107.999103,108.199107,"3#",0.411645,"Correct","Correct","Correct","Correct"
"6",55,"5_6_stimuli","6_5","Incongruent","Congruent","Incongruent","Congruent",109.999087,110.199084,"5%",0.379647,"Correct","Correct","Correct","Correct"
"6",56,"7_8_stimuli","8_8","Congruent","Incongruent","Congruent","Incongruent",111.999078,112.199074,"8*",0.523777,"Correct","Correct","Correct","Correct"
"6",57,"1_2_stimuli","2_1","Incongruent","Congruent","Incongruent","Congruent",113.999052,114.199051,"1!",0.443881,"Correct","Correct","Correct","Correct"
"6",58,"3_4_stimuli","4_3","Incongruent","Incongruent","Congruent","Incongruent",115.999053,116.199049,"3#",0.539896,"Correct","Correct","Correct","Correct"
"6",59,"5_6_stimuli","6_5","Incongruent","Incongruent","Incongruent","Congruent",117.999032,118.199031,"5%",0.795838,"Correct","Correct","Correct","Correct"
"6",60,"7_8_stimuli","7_7","Congruent","Incongruent","Incongruent","Incongruent",119.999004,120.199001,"7&",0.476052,"Correct","Correct","Correct","Correct"
"6",61,"1_2_stimuli","1_2","Incongruent","Congruent","Incongruent","Incongruent",121.998986,122.198997,"2@",0.444156,"Correct","Correct","Correct","Correct"
"6",62,"3_4_stimuli","4_4","Congruent","Incongruent","Congruent","Incongruent",123.998982,124.198969,"4$",0.491435,"Correct","Correct","Correct","Correct"
"6",63,"5_6_stimuli","5_5","Congruent","Congruent","Incongruent","Congruent",125.99896,126.198964,"5%",0.444153,"Correct","Correct","Correct","Correct"
"6",64,"7_8_stimuli","7_7","Congruent","Congruent","Congruent","Incongruent",127.998942,128.198945,"7&",0.379938,"Correct","Correct","Correct","Correct"
"6",65,"1_2_stimuli","2_1","Incongruent","Congruent","Congruent","Congruent",129.998922,130.198927,"1!",0.524046,"Correct","Correct","Correct","Correct"
"6",66,"3_4_stimuli","3_4","Incongruent","Incongruent","Congruent","Congruent",131.998909,132.198914,"4$",0.540231,"Correct","Correct","Correct","Correct"
"6",67,"5_6_stimuli","6_6","Congruent","Incongruent","Incongruent","Congruent",133.998896,134.198887,"6^",0.667861,"Correct","Correct","Correct","Correct"
"6",68,"7_8_stimuli","8_7","Incongruent","Congruent","Incongruent","Incongruent",135.998871,136.198877,"7&",0.396299,"Correct","Correct","Correct","Correct"
"7",1,"1_2_stimuli","1_1","Congruent",NA,NA,NA,1.999991,2.199982,"1!",0.394783,"Correct",NA,NA,NA
"7",2,"3_4_stimuli","3_4","Incongruent","Congruent",NA,NA,3.999972,4.199972,"4$",0.634769,"Correct","Correct",NA,NA
"7",3,"5_6_stimuli","5_6","Incongruent","Incongruent","Congruent",NA,5.999947,6.199953,"6^",0.651011,"Correct","Correct","Correct",NA
"7",4,"7_8_stimuli","7_7","Congruent","Incongruent","Incongruent","Congruent",7.999939,8.199931,"7&",0.619015,"Correct","Correct","Correct","Correct"
"7",5,"1_2_stimuli","2_2","Congruent","Congruent","Incongruent","Incongruent",9.999918,10.199924,"2@",0.395226,"Correct","Correct","Correct","Correct"
"7",6,"3_4_stimuli","4_4","Congruent","Congruent","Congruent","Incongruent",11.999908,12.199908,"4$",0.538719,"Correct","Correct","Correct","Correct"
"7",7,"5_6_stimuli","6_5","Incongruent","Congruent","Congruent","Congruent",13.999912,14.199887,"5%",0.570395,"Correct","Correct","Correct","Correct"
"7",8,"7_8_stimuli","8_7","Incongruent","Incongruent","Congruent","Congruent",15.999875,16.199866,"7&",0.506722,"Correct","Correct","Correct","Correct"
"7",9,"1_2_stimuli","1_1","Congruent","Incongruent","Incongruent","Congruent",17.999859,18.199854,"1!",0.426413,"Correct","Correct","Correct","Correct"
"7",10,"3_4_stimuli","3_4","Incongruent","Congruent","Incongruent","Incongruent",19.999837,20.199839,"4$",0.490552,"Correct","Correct","Correct","Correct"
"7",11,"5_6_stimuli","5_5","Congruent","Incongruent","Congruent","Incongruent",21.999823,22.199824,"5%",0.363046,"Correct","Correct","Correct","Correct"
"7",12,"7_8_stimuli","8_8","Congruent","Congruent","Incongruent","Congruent",23.999809,24.199803,"8*",0.474892,"Correct","Correct","Correct","Correct"
"7",13,"1_2_stimuli","2_1","Incongruent","Congruent","Congruent","Incongruent",25.999799,26.199798,"1!",0.395263,"Correct","Correct","Correct","Correct"
"7",14,"3_4_stimuli","4_4","Congruent","Incongruent","Congruent","Congruent",27.999775,28.199777,"4$",0.523057,"Correct","Correct","Correct","Correct"
"7",15,"5_6_stimuli","5_5","Congruent","Congruent","Incongruent","Congruent",29.999758,30.199763,"5%",0.379616,"Correct","Correct","Correct","Correct"
"7",16,"7_8_stimuli","8_8","Congruent","Congruent","Congruent","Incongruent",31.999746,32.199737,"8*",0.442985,"Correct","Correct","Correct","Correct"
"7",17,"1_2_stimuli","1_1","Congruent","Congruent","Congruent","Congruent",33.999727,34.199729,"1!",0.443233,"Correct","Correct","Correct","Correct"
"7",18,"3_4_stimuli","4_4","Congruent","Congruent","Congruent","Congruent",35.999713,36.199706,"4$",0.554651,"Correct","Correct","Correct","Correct"
"7",19,"5_6_stimuli","6_6","Congruent","Congruent","Congruent","Congruent",37.999695,38.199697,"6^",0.602906,"Correct","Correct","Correct","Correct"
"7",20,"7_8_stimuli","7_7","Congruent","Congruent","Congruent","Congruent",39.999673,40.199675,"7&",0.378683,"Correct","Correct","Correct","Correct"
"7",21,"1_2_stimuli","1_2","Incongruent","Congruent","Congruent","Congruent",41.999662,42.199658,"2@",0.522679,"Correct","Correct","Correct","Correct"
"7",22,"3_4_stimuli","4_3","Incongruent","Incongruent","Congruent","Congruent",43.999641,44.199642,"3#",0.507112,"Correct","Correct","Correct","Correct"
"7",23,"5_6_stimuli","5_6","Incongruent","Incongruent","Incongruent","Congruent",45.999626,46.199622,"6^",0.634688,"Correct","Correct","Correct","Correct"
"7",24,"7_8_stimuli","7_7","Congruent","Incongruent","Incongruent","Incongruent",47.999615,48.199602,"7&",0.458725,"Correct","Correct","Correct","Correct"
"7",25,"1_2_stimuli","2_1","Incongruent","Congruent","Incongruent","Incongruent",49.999591,50.199597,"1!",0.411325,"Correct","Correct","Correct","Correct"
"7",26,"3_4_stimuli","3_3","Congruent","Incongruent","Congruent","Incongruent",51.999566,52.199581,"3#",0.682763,"Correct","Correct","Correct","Correct"
"7",27,"5_6_stimuli","5_6","Incongruent","Congruent","Incongruent","Congruent",53.999568,54.199551,"6^",1.003336,"Correct","Correct","Correct","Correct"
"7",28,"7_8_stimuli","8_7","Incongruent","Incongruent","Congruent","Incongruent",55.999542,56.199535,"7&",0.458776,"Correct","Correct","Correct","Correct"
"7",29,"1_2_stimuli","1_2","Incongruent","Incongruent","Incongruent","Congruent",57.999522,58.199531,"2@",0.443448,"Correct","Correct","Correct","Correct"
"7",30,"3_4_stimuli","3_4","Incongruent","Incongruent","Incongruent","Incongruent",59.99951,60.199512,"4$",0.490792,"Correct","Correct","Correct","Correct"
"7",31,"5_6_stimuli","6_5","Incongruent","Incongruent","Incongruent","Incongruent",61.999483,62.199502,"6^",0.331353,"Error","Correct","Correct","Correct"
"7",32,"7_8_stimuli","7_8","Incongruent","Incongruent","Incongruent","Incongruent",63.999468,64.199479,"8*",0.507564,"Correct","Error","Correct","Correct"
"7",33,"1_2_stimuli","1_2","Incongruent","Incongruent","Incongruent","Incongruent",65.999455,66.199465,"2@",0.443272,"Correct","Correct","Error","Correct"
"7",34,"3_4_stimuli","4_4","Congruent","Incongruent","Incongruent","Incongruent",67.999444,68.199447,"4$",0.490861,"Correct","Correct","Correct","Error"
"7",35,"5_6_stimuli","6_6","Congruent","Congruent","Incongruent","Incongruent",69.999425,70.19942,"8*",0.555372,"Error","Correct","Correct","Correct"
"7",36,"7_8_stimuli","7_8","Incongruent","Congruent","Congruent","Incongruent",71.999409,72.199408,"8*",0.667363,"Correct","Error","Correct","Correct"
"7",37,"1_2_stimuli","1_2","Incongruent","Incongruent","Congruent","Congruent",73.999398,74.199392,"2@",0.55547,"Correct","Correct","Error","Correct"
"7",38,"3_4_stimuli","4_3","Incongruent","Incongruent","Incongruent","Congruent",75.999378,76.19938,"3#",0.427333,"Correct","Correct","Correct","Error"
"7",39,"5_6_stimuli","5_5","Congruent","Incongruent","Incongruent","Incongruent",77.999362,78.199362,"5%",0.490931,"Correct","Correct","Correct","Correct"
"7",40,"7_8_stimuli","8_8","Congruent","Congruent","Incongruent","Incongruent",79.99935,80.199336,"8*",0.427615,"Correct","Correct","Correct","Correct"
"7",41,"1_2_stimuli","1_1","Congruent","Congruent","Congruent","Incongruent",81.999328,82.19933,"1!",0.411458,"Correct","Correct","Correct","Correct"
"7",42,"3_4_stimuli","3_4","Incongruent","Congruent","Congruent","Congruent",83.999312,84.199308,"4$",0.507436,"Correct","Correct","Correct","Correct"
"7",43,"5_6_stimuli","6_6","Congruent","Incongruent","Congruent","Congruent",85.999301,86.199299,"6^",0.443664,"Correct","Correct","Correct","Correct"
"7",44,"7_8_stimuli","7_8","Incongruent","Congruent","Incongruent","Congruent",87.999277,88.199277,"8*",0.539001,"Correct","Correct","Correct","Correct"
"7",45,"1_2_stimuli","1_1","Congruent","Incongruent","Congruent","Incongruent",89.999268,90.199268,"1!",0.394983,"Correct","Correct","Correct","Correct"
"7",46,"3_4_stimuli","3_3","Congruent","Congruent","Incongruent","Congruent",91.999245,92.199239,"3#",0.459722,"Correct","Correct","Correct","Correct"
"7",47,"5_6_stimuli","5_6","Incongruent","Congruent","Congruent","Incongruent",93.999225,94.199229,"6^",0.507052,"Correct","Correct","Correct","Correct"
"7",48,"7_8_stimuli","7_7","Congruent","Incongruent","Congruent","Congruent",95.999211,96.199213,"7&",0.395092,"Correct","Correct","Correct","Correct"
"7",49,"1_2_stimuli","2_1","Incongruent","Congruent","Incongruent","Congruent",97.999182,98.199189,"1!",0.667598,"Correct","Correct","Correct","Correct"
"7",50,"3_4_stimuli","3_4","Incongruent","Incongruent","Congruent","Incongruent",99.999177,100.19918,"4$",0.475713,"Correct","Correct","Correct","Correct"
"7",51,"5_6_stimuli","6_6","Congruent","Incongruent","Incongruent","Congruent",101.999164,102.199167,"6^",0.44391,"Correct","Correct","Correct","Correct"
"7",52,"7_8_stimuli","8_7","Incongruent","Congruent","Incongruent","Incongruent",103.999151,104.199138,"7&",0.42708,"Correct","Correct","Correct","Correct"
"7",53,"1_2_stimuli","2_1","Incongruent","Incongruent","Congruent","Incongruent",105.999125,106.199131,"1!",0.379766,"Correct","Correct","Correct","Correct"
"7",54,"3_4_stimuli","3_3","Congruent","Incongruent","Incongruent","Congruent",107.999107,108.199109,"3#",0.331154,"Correct","Correct","Correct","Correct"
"7",55,"5_6_stimuli","6_5","Incongruent","Congruent","Incongruent","Incongruent",109.999099,110.19909,"5%",0.667805,"Correct","Correct","Correct","Correct"
"7",56,"7_8_stimuli","7_7","Congruent","Incongruent","Congruent","Incongruent",111.999077,112.199077,"7&",0.603225,"Correct","Correct","Correct","Correct"
"7",57,"1_2_stimuli","2_2","Congruent","Congruent","Incongruent","Congruent",113.999072,114.199059,"2@",0.44322,"Correct","Correct","Correct","Correct"
"7",58,"3_4_stimuli","4_3","Incongruent","Congruent","Congruent","Incongruent",115.999053,116.199041,"3#",0.427756,"Correct","Correct","Correct","Correct"
"7",59,"5_6_stimuli","5_6","Incongruent","Incongruent","Congruent","Congruent",117.999031,118.199033,"6^",0.491244,"Correct","Correct","Correct","Correct"
"7",60,"7_8_stimuli","8_7","Incongruent","Incongruent","Incongruent","Congruent",119.999018,120.199006,"7&",0.347977,"Correct","Correct","Correct","Correct"
"7",61,"1_2_stimuli","2_2","Congruent","Incongruent","Incongruent","Incongruent",121.998999,122.198991,"2@",0.44328,"Correct","Correct","Correct","Correct"
"7",62,"3_4_stimuli","3_3","Congruent","Congruent","Incongruent","Incongruent",123.998981,124.198976,"3#",0.475829,"Correct","Correct","Correct","Correct"
"7",63,"5_6_stimuli","5_5","Congruent","Congruent","Congruent","Incongruent",125.998972,126.198971,"5%",0.715351,"Correct","Correct","Correct","Correct"
"7",64,"7_8_stimuli","7_8","Incongruent","Congruent","Congruent","Congruent",127.998945,128.198951,"8*",0.603326,"Correct","Correct","Correct","Correct"
"7",65,"1_2_stimuli","2_2","Congruent","Incongruent","Congruent","Congruent",129.998933,130.198937,"2@",0.427818,"Correct","Correct","Correct","Correct"
"7",66,"3_4_stimuli","4_3","Incongruent","Congruent","Incongruent","Congruent",131.99893,132.198918,"3#",0.411836,"Correct","Correct","Correct","Correct"
"7",67,"5_6_stimuli","6_5","Incongruent","Incongruent","Congruent","Incongruent",133.9989,134.198896,"5%",0.45981,"Correct","Correct","Correct","Correct"
"7",68,"7_8_stimuli","8_8","Congruent","Incongruent","Incongruent","Congruent",135.998869,136.198876,"8*",0.411773,"Correct","Correct","Correct","Correct"
"8",1,"1_2_stimuli","2_2","Congruent",NA,NA,NA,1.999978,2.199986,"2@",0.416192,"Correct",NA,NA,NA
"8",2,"3_4_stimuli","3_3","Congruent","Congruent",NA,NA,3.999963,4.19997,"3#",0.495677,"Correct","Correct",NA,NA
"8",3,"5_6_stimuli","6_6","Congruent","Congruent","Congruent",NA,5.999942,6.199947,"6^",0.639921,"Correct","Correct","Correct",NA
"8",4,"7_8_stimuli","8_8","Congruent","Congruent","Congruent","Congruent",7.99993,8.199937,"8*",0.400105,"Correct","Correct","Correct","Correct"
"8",5,"1_2_stimuli","1_1","Congruent","Congruent","Congruent","Congruent",9.999913,10.199913,"1!",0.400168,"Correct","Correct","Correct","Correct"
"8",6,"3_4_stimuli","3_4","Incongruent","Congruent","Congruent","Congruent",11.999909,12.19989,"4$",0.464174,"Correct","Correct","Correct","Correct"
"8",7,"5_6_stimuli","5_5","Congruent","Incongruent","Congruent","Congruent",13.999889,14.199878,"5%",0.495788,"Correct","Correct","Correct","Correct"
"8",8,"7_8_stimuli","7_7","Congruent","Congruent","Incongruent","Congruent",15.999869,16.199862,"7&",0.351815,"Correct","Correct","Correct","Correct"
"8",9,"1_2_stimuli","2_1","Incongruent","Congruent","Congruent","Incongruent",17.999854,18.199847,"1!",0.46382,"Correct","Correct","Correct","Correct"
"8",10,"3_4_stimuli","4_4","Congruent","Incongruent","Congruent","Congruent",19.999832,20.199828,"4$",0.384412,"Correct","Correct","Correct","Correct"
"8",11,"5_6_stimuli","6_5","Incongruent","Congruent","Incongruent","Congruent",21.999821,22.199807,"5%",0.431848,"Correct","Correct","Correct","Correct"
"8",12,"7_8_stimuli","8_7","Incongruent","Incongruent","Congruent","Incongruent",23.999797,24.199803,"7&",0.335873,"Correct","Correct","Correct","Correct"
"8",13,"1_2_stimuli","2_1","Incongruent","Incongruent","Incongruent","Congruent",25.999786,26.199789,"1!",0.48039,"Correct","Correct","Correct","Correct"
"8",14,"3_4_stimuli","4_4","Congruent","Incongruent","Incongruent","Incongruent",27.999771,28.199764,"4$",0.608204,"Correct","Correct","Correct","Correct"
"8",15,"5_6_stimuli","6_6","Congruent","Congruent","Incongruent","Incongruent",29.99975,30.199756,"6^",0.560522,"Correct","Correct","Correct","Correct"
"8",16,"7_8_stimuli","7_8","Incongruent","Congruent","Congruent","Incongruent",31.999739,32.19974,"8*",0.576243,"Correct","Correct","Correct","Correct"
"8",17,"1_2_stimuli","1_1","Congruent","Incongruent","Congruent","Congruent",33.999728,34.199715,"1!",0.351922,"Correct","Correct","Correct","Correct"
"8",18,"3_4_stimuli","4_4","Congruent","Congruent","Incongruent","Congruent",35.999705,36.19971,"4$",0.560308,"Correct","Correct","Correct","Correct"
"8",19,"5_6_stimuli","6_5","Incongruent","Congruent","Congruent","Incongruent",37.999686,38.199693,"6^",0.68842,"Error","Correct","Correct","Correct"
"8",20,"7_8_stimuli","8_8","Congruent","Incongruent","Congruent","Congruent",39.99968,40.199665,"8*",0.480422,"Correct","Error","Correct","Correct"
"8",21,"1_2_stimuli","1_1","Congruent","Congruent","Incongruent","Congruent",41.999652,42.199651,"1!",0.368515,"Correct","Correct","Error","Correct"
"8",22,"3_4_stimuli","3_3","Congruent","Congruent","Congruent","Incongruent",43.999647,44.199636,"3#",0.384423,"Correct","Correct","Correct","Error"
"8",23,"5_6_stimuli","5_6","Incongruent","Congruent","Congruent","Congruent",45.999618,46.199613,"6^",0.640369,"Correct","Correct","Correct","Correct"
"8",24,"7_8_stimuli","8_7","Incongruent","Incongruent","Congruent","Congruent",47.999601,48.199595,"7&",0.432057,"Correct","Correct","Correct","Correct"
"8",25,"1_2_stimuli","2_2","Congruent","Incongruent","Incongruent","Congruent",49.999588,50.199583,"2@",0.464556,"Correct","Correct","Correct","Correct"
"8",26,"3_4_stimuli","3_3","Congruent","Congruent","Incongruent","Incongruent",51.99957,52.199564,"3#",0.480697,"Correct","Correct","Correct","Correct"
"8",27,"5_6_stimuli","5_5","Congruent","Congruent","Congruent","Incongruent",53.999557,54.199551,"5%",0.816509,"Correct","Correct","Correct","Correct"
"8",28,"7_8_stimuli","7_8","Incongruent","Congruent","Congruent","Congruent",55.999537,56.199543,"8*",0.736866,"Correct","Correct","Correct","Correct"
"8",29,"1_2_stimuli","1_2","Incongruent","Incongruent","Congruent","Congruent",57.999518,58.199522,"2@",0.592709,"Correct","Correct","Correct","Correct"
"8",30,"3_4_stimuli","3_4","Incongruent","Incongruent","Incongruent","Congruent",59.999505,60.199499,"3#",0.560163,"Error","Correct","Correct","Correct"
"8",31,"5_6_stimuli","5_6","Incongruent","Incongruent","Incongruent","Incongruent",61.999498,62.199498,"6^",0.592102,"Correct","Error","Correct","Correct"
"8",32,"7_8_stimuli","8_8","Congruent","Incongruent","Incongruent","Incongruent",63.999481,64.199466,"8*",0.592635,"Correct","Correct","Error","Correct"
"8",33,"1_2_stimuli","1_2","Incongruent","Congruent","Incongruent","Incongruent",65.999455,66.19946,"2@",0.544684,"Correct","Correct","Correct","Error"
"8",34,"3_4_stimuli","4_3","Incongruent","Incongruent","Congruent","Incongruent",67.999447,68.19944,"3#",0.480195,"Correct","Correct","Correct","Correct"
"8",35,"5_6_stimuli","5_5","Congruent","Incongruent","Incongruent","Congruent",69.999431,70.199414,"5%",0.688715,"Correct","Correct","Correct","Correct"
"8",36,"7_8_stimuli","8_8","Congruent","Congruent","Incongruent","Incongruent",71.999412,72.199403,"8*",0.432526,"Correct","Correct","Correct","Correct"
"8",37,"1_2_stimuli","1_1","Congruent","Congruent","Congruent","Incongruent",73.999392,74.199387,"1!",0.368762,"Correct","Correct","Correct","Correct"
"8",38,"3_4_stimuli","3_3","Congruent","Congruent","Congruent","Congruent",75.999377,76.199374,"3#",0.448266,"Correct","Correct","Correct","Correct"
"8",39,"5_6_stimuli","6_6","Congruent","Congruent","Congruent","Congruent",77.999356,78.19935,"6^",0.75276,"Correct","Correct","Correct","Correct"
"8",40,"7_8_stimuli","8_8","Congruent","Congruent","Congruent","Congruent",79.999341,80.199336,"8*",0.384819,"Correct","Correct","Correct","Correct"
"8",41,"1_2_stimuli","1_2","Incongruent","Congruent","Congruent","Congruent",81.999324,82.199328,"2@",0.545099,"Correct","Correct","Correct","Correct"
"8",42,"3_4_stimuli","4_3","Incongruent","Incongruent","Congruent","Congruent",83.999314,84.199306,"3#",0.384307,"Correct","Correct","Correct","Correct"
"8",43,"5_6_stimuli","5_6","Incongruent","Incongruent","Incongruent","Congruent",85.999289,86.19929,"6^",0.528766,"Correct","Correct","Correct","Correct"
"8",44,"7_8_stimuli","7_8","Incongruent","Incongruent","Incongruent","Incongruent",87.999281,88.199271,"8*",0.544891,"Correct","Correct","Correct","Correct"
"8",45,"1_2_stimuli","2_2","Congruent","Incongruent","Incongruent","Incongruent",89.999254,90.199261,"2@",0.528443,"Correct","Correct","Correct","Correct"
"8",46,"3_4_stimuli","3_4","Incongruent","Congruent","Incongruent","Incongruent",91.999239,92.199236,"4$",0.608769,"Correct","Correct","Correct","Correct"
"8",47,"5_6_stimuli","6_5","Incongruent","Incongruent","Congruent","Incongruent",93.999222,94.199221,"5%",0.560562,"Correct","Correct","Correct","Correct"
"8",48,"7_8_stimuli","7_7","Congruent","Incongruent","Incongruent","Congruent",95.999213,96.199208,"7&",0.416432,"Correct","Correct","Correct","Correct"
"8",49,"1_2_stimuli","2_2","Congruent","Congruent","Incongruent","Incongruent",97.999195,98.199191,"2@",0.369189,"Correct","Correct","Correct","Correct"
"8",50,"3_4_stimuli","4_3","Incongruent","Congruent","Congruent","Incongruent",99.999183,100.199177,"3#",0.528466,"Correct","Correct","Correct","Correct"
"8",51,"5_6_stimuli","5_6","Incongruent","Incongruent","Congruent","Congruent",101.999156,102.199156,"6^",0.736481,"Correct","Correct","Correct","Correct"
"8",52,"7_8_stimuli","8_7","Incongruent","Incongruent","Incongruent","Congruent",103.999153,104.199147,"7&",0.784886,"Correct","Correct","Correct","Correct"
"8",53,"1_2_stimuli","2_1","Incongruent","Incongruent","Incongruent","Incongruent",105.999134,106.199121,"1!",0.432997,"Correct","Correct","Correct","Correct"
"8",54,"3_4_stimuli","3_4","Incongruent","Incongruent","Incongruent","Incongruent",107.999106,108.199108,"4$",0.75299,"Correct","Correct","Correct","Correct"
"8",55,"5_6_stimuli","6_6","Congruent","Incongruent","Incongruent","Incongruent",109.999096,110.199088,"6^",0.992578,"Correct","Correct","Correct","Correct"
"8",56,"7_8_stimuli","8_7","Incongruent","Congruent","Incongruent","Incongruent",111.999077,112.199072,"7&",0.353181,"Correct","Correct","Correct","Correct"
"8",57,"1_2_stimuli","2_2","Congruent","Incongruent","Congruent","Incongruent",113.999058,114.199038,"2@",0.432566,"Correct","Correct","Correct","Correct"
"8",58,"3_4_stimuli","4_3","Incongruent","Congruent","Incongruent","Congruent",115.999042,116.199038,"3#",0.480598,"Correct","Correct","Correct","Correct"
"8",59,"5_6_stimuli","5_5","Congruent","Incongruent","Congruent","Incongruent",117.99903,118.199027,"5%",0.48093,"Correct","Correct","Correct","Correct"
"8",60,"7_8_stimuli","7_8","Incongruent","Congruent","Incongruent","Congruent",119.999015,120.199008,"8*",0.52862,"Correct","Correct","Correct","Correct"
"8",61,"1_2_stimuli","1_2","Incongruent","Incongruent","Congruent","Incongruent",121.998989,122.198998,"2@",0.737165,"Correct","Correct","Correct","Correct"
"8",62,"3_4_stimuli","4_4","Congruent","Incongruent","Incongruent","Congruent",123.998978,124.198976,"4$",0.545123,"Correct","Correct","Correct","Correct"
"8",63,"5_6_stimuli","6_5","Incongruent","Congruent","Incongruent","Incongruent",125.998972,126.198961,"5%",0.46514,"Correct","Correct","Correct","Correct"
"8",64,"7_8_stimuli","7_7","Congruent","Incongruent","Congruent","Incongruent",127.998952,128.198943,"7&",0.560689,"Correct","Correct","Correct","Correct"
"8",65,"1_2_stimuli","2_1","Incongruent","Congruent","Incongruent","Congruent",129.998932,130.198923,"1!",0.497317,"Correct","Correct","Correct","Correct"
"8",66,"3_4_stimuli","3_3","Congruent","Incongruent","Congruent","Incongruent",131.99892,132.198909,"3#",0.336879,"Correct","Correct","Correct","Correct"
"8",67,"5_6_stimuli","6_6","Congruent","Congruent","Incongruent","Congruent",133.998897,134.198895,"6^",0.337427,"Correct","Correct","Correct","Correct"
"8",68,"7_8_stimuli","7_7","Congruent","Congruent","Congruent","Incongruent",135.998877,136.198886,"7&",0.497301,"Correct","Correct","Correct","Correct"
"9",1,"1_2_stimuli","1_2","Incongruent",NA,NA,NA,1.999975,2.199978,"2@",0.526869,"Correct",NA,NA,NA
"9",2,"3_4_stimuli","3_3","Congruent","Incongruent",NA,NA,3.999965,4.199966,"3#",0.351327,"Correct","Correct",NA,NA
"9",3,"5_6_stimuli","5_5","Congruent","Congruent","Incongruent",NA,5.999946,6.199944,"5%",0.639476,"Correct","Correct","Correct",NA
"9",4,"7_8_stimuli","7_8","Incongruent","Congruent","Congruent","Incongruent",7.999923,8.199939,"8*",0.607297,"Correct","Correct","Correct","Correct"
"9",5,"1_2_stimuli","2_1","Incongruent","Incongruent","Congruent","Congruent",9.999911,10.199912,"1!",0.430858,"Correct","Correct","Correct","Correct"
"9",6,"3_4_stimuli","3_4","Incongruent","Incongruent","Incongruent","Congruent",11.999898,12.199893,"4$",0.543322,"Correct","Correct","Correct","Correct"
"9",7,"5_6_stimuli","5_6","Incongruent","Incongruent","Incongruent","Incongruent",13.999877,14.19988,"6^",0.607577,"Correct","Correct","Correct","Correct"
"9",8,"7_8_stimuli","8_8","Congruent","Incongruent","Incongruent","Incongruent",15.999862,16.199869,"8*",0.462893,"Correct","Correct","Correct","Correct"
"9",9,"1_2_stimuli","1_1","Congruent","Congruent","Incongruent","Incongruent",17.999867,18.199847,"1!",0.367446,"Correct","Correct","Correct","Correct"
"9",10,"3_4_stimuli","4_4","Congruent","Congruent","Congruent","Incongruent",19.99983,20.199824,"4$",0.367197,"Correct","Correct","Correct","Correct"
"9",11,"5_6_stimuli","6_5","Incongruent","Congruent","Congruent","Congruent",21.999821,22.199813,"5%",0.431248,"Correct","Correct","Correct","Correct"
"9",12,"7_8_stimuli","8_8","Congruent","Incongruent","Congruent","Congruent",23.999799,24.199801,"8*",0.383491,"Correct","Correct","Correct","Correct"
"9",13,"1_2_stimuli","1_2","Incongruent","Congruent","Incongruent","Congruent",25.999787,26.19978,"2@",0.447543,"Correct","Correct","Correct","Correct"
"9",14,"3_4_stimuli","3_3","Congruent","Incongruent","Congruent","Incongruent",27.99977,28.199772,"3#",0.334995,"Correct","Correct","Correct","Correct"
"9",15,"5_6_stimuli","5_6","Incongruent","Congruent","Incongruent","Congruent",29.99975,30.199756,"6^",0.302998,"Correct","Correct","Correct","Correct"
"9",16,"7_8_stimuli","7_7","Congruent","Incongruent","Congruent","Incongruent",31.999734,32.199723,"7&",0.351105,"Correct","Correct","Correct","Correct"
"9",17,"1_2_stimuli","2_2","Congruent","Congruent","Incongruent","Congruent",33.999723,34.199719,"2@",0.559439,"Correct","Correct","Correct","Correct"
"9",18,"3_4_stimuli","4_3","Incongruent","Congruent","Congruent","Incongruent",35.999703,36.19971,"3#",0.415067,"Correct","Correct","Correct","Correct"
"9",19,"5_6_stimuli","5_5","Congruent","Incongruent","Congruent","Congruent",37.999693,38.199683,"5%",0.367128,"Correct","Correct","Correct","Correct"
"9",20,"7_8_stimuli","7_8","Incongruent","Congruent","Incongruent","Congruent",39.999673,40.19967,"8*",0.33511,"Correct","Correct","Correct","Correct"
"9",21,"1_2_stimuli","1_1","Congruent","Incongruent","Congruent","Incongruent",41.999655,42.199654,"1!",0.351759,"Correct","Correct","Correct","Correct"
"9",22,"3_4_stimuli","4_4","Congruent","Congruent","Incongruent","Congruent",43.999645,44.199642,"4$",0.43159,"Correct","Correct","Correct","Correct"
"9",23,"5_6_stimuli","6_5","Incongruent","Congruent","Congruent","Incongruent",45.999628,46.199621,"5%",0.543641,"Correct","Correct","Correct","Correct"
"9",24,"7_8_stimuli","8_7","Incongruent","Incongruent","Congruent","Congruent",47.999604,48.199605,"7&",0.4632,"Correct","Correct","Correct","Correct"
"9",25,"1_2_stimuli","1_1","Congruent","Incongruent","Incongruent","Congruent",49.99959,50.199593,"1!",0.399745,"Correct","Correct","Correct","Correct"
"9",26,"3_4_stimuli","3_4","Incongruent","Congruent","Incongruent","Incongruent",51.999568,52.19957,"4$",0.607211,"Correct","Correct","Correct","Correct"
"9",27,"5_6_stimuli","6_6","Congruent","Incongruent","Congruent","Incongruent",53.999555,54.199546,"6^",0.799725,"Correct","Correct","Correct","Correct"
"9",28,"7_8_stimuli","7_7","Congruent","Congruent","Incongruent","Congruent",55.999543,56.199543,"7&",0.351176,"Correct","Correct","Correct","Correct"
"9",29,"1_2_stimuli","1_2","Incongruent","Congruent","Congruent","Incongruent",57.999521,58.199524,"2@",0.399753,"Correct","Correct","Correct","Correct"
"9",30,"3_4_stimuli","3_3","Congruent","Incongruent","Congruent","Congruent",59.999511,60.199509,"3#",0.39953,"Correct","Correct","Correct","Correct"
"9",31,"5_6_stimuli","6_6","Congruent","Congruent","Incongruent","Congruent",61.999482,62.199481,"6^",0.447263,"Correct","Correct","Correct","Correct"
"9",32,"7_8_stimuli","7_7","Congruent","Congruent","Congruent","Incongruent",63.999472,64.199467,"7&",0.319671,"Correct","Correct","Correct","Correct"
"9",33,"1_2_stimuli","1_2","Incongruent","Congruent","Congruent","Congruent",65.999453,66.199463,"2@",0.527344,"Correct","Correct","Correct","Correct"
"9",34,"3_4_stimuli","3_4","Incongruent","Incongruent","Congruent","Congruent",67.999447,68.199434,"4$",0.447316,"Correct","Correct","Correct","Correct"
"9",35,"5_6_stimuli","5_6","Incongruent","Incongruent","Incongruent","Congruent",69.999417,70.199422,"6^",0.495815,"Correct","Correct","Correct","Correct"
"9",36,"7_8_stimuli","8_7","Incongruent","Incongruent","Incongruent","Incongruent",71.999404,72.199412,"7&",0.415931,"Correct","Correct","Correct","Correct"
"9",37,"1_2_stimuli","2_1","Incongruent","Incongruent","Incongruent","Incongruent",73.999387,74.199397,"1!",0.447787,"Correct","Correct","Correct","Correct"
"9",38,"3_4_stimuli","3_3","Congruent","Incongruent","Incongruent","Incongruent",75.999376,76.199372,"3#",0.512031,"Correct","Correct","Correct","Correct"
"9",39,"5_6_stimuli","5_5","Congruent","Congruent","Incongruent","Incongruent",77.99936,78.19935,"5%",0.495388,"Correct","Correct","Correct","Correct"
"9",40,"7_8_stimuli","8_7","Incongruent","Congruent","Congruent","Incongruent",79.999352,80.199339,"7&",0.60804,"Correct","Correct","Correct","Correct"
"9",41,"1_2_stimuli","2_2","Congruent","Incongruent","Congruent","Congruent",81.999316,82.19932,"2@",0.43157,"Correct","Correct","Correct","Correct"
"9",42,"3_4_stimuli","4_3","Incongruent","Congruent","Incongruent","Congruent",83.999306,84.199302,"3#",0.479475,"Correct","Correct","Correct","Correct"
"9",43,"5_6_stimuli","5_6","Incongruent","Incongruent","Congruent","Incongruent",85.999288,86.199282,"6^",0.607823,"Correct","Correct","Correct","Correct"
"9",44,"7_8_stimuli","7_8","Incongruent","Incongruent","Incongruent","Congruent",87.999274,88.199266,"8*",0.511849,"Correct","Correct","Correct","Correct"
"9",45,"1_2_stimuli","2_2","Congruent","Incongruent","Incongruent","Incongruent",89.999258,90.19926,"2@",0.415465,"Correct","Correct","Correct","Correct"
"9",46,"3_4_stimuli","3_3","Congruent","Congruent","Incongruent","Incongruent",91.999239,92.199233,"3#",0.623502,"Correct","Correct","Correct","Correct"
"9",47,"5_6_stimuli","6_6","Congruent","Congruent","Congruent","Incongruent",93.999219,94.19922,"6^",0.592247,"Correct","Correct","Correct","Correct"
"9",48,"7_8_stimuli","7_7","Congruent","Congruent","Congruent","Congruent",95.999203,96.199211,"7&",0.304144,"Correct","Correct","Correct","Correct"
"9",49,"1_2_stimuli","2_2","Congruent","Congruent","Congruent","Congruent",97.999185,98.199184,"2@",0.383998,"Correct","Correct","Correct","Correct"
"9",50,"3_4_stimuli","4_3","Incongruent","Congruent","Congruent","Congruent",99.999175,100.199172,"3#",0.463526,"Correct","Correct","Correct","Correct"
"9",51,"5_6_stimuli","6_5","Incongruent","Incongruent","Congruent","Congruent",101.999159,102.199154,"5%",0.496039,"Correct","Correct","Correct","Correct"
"9",52,"7_8_stimuli","8_8","Congruent","Incongruent","Incongruent","Congruent",103.999147,104.199147,"8*",0.479623,"Correct","Correct","Correct","Correct"
"9",53,"1_2_stimuli","1_2","Incongruent","Congruent","Incongruent","Incongruent",105.999121,106.19913,"2@",0.720174,"Correct","Correct","Correct","Correct"
"9",54,"3_4_stimuli","4_3","Incongruent","Incongruent","Congruent","Incongruent",107.999118,108.199104,"3#",0.640593,"Correct","Correct","Correct","Correct"
"9",55,"5_6_stimuli","5_5","Congruent","Incongruent","Incongruent","Congruent",109.999099,110.199088,"5%",0.68782,"Correct","Correct","Correct","Correct"
"9",56,"7_8_stimuli","7_8","Incongruent","Congruent","Incongruent","Incongruent",111.999078,112.199075,"8*",0.576544,"Correct","Correct","Correct","Correct"
"9",57,"1_2_stimuli","2_1","Incongruent","Incongruent","Congruent","Incongruent",113.999066,114.199058,"2@",0.528135,"Error","Correct","Correct","Correct"
"9",58,"3_4_stimuli","4_4","Congruent","Incongruent","Incongruent","Congruent",115.999041,116.199036,"4$",0.447736,"Correct","Error","Correct","Correct"
"9",59,"5_6_stimuli","6_5","Incongruent","Congruent","Incongruent","Incongruent",117.999027,118.199022,"5%",0.63987,"Correct","Correct","Error","Correct"
"9",60,"7_8_stimuli","7_8","Incongruent","Incongruent","Congruent","Incongruent",119.99901,120.199004,"8*",0.639716,"Correct","Correct","Correct","Error"
"9",61,"1_2_stimuli","2_1","Incongruent","Incongruent","Incongruent","Congruent",121.998995,122.198989,"1!",0.431952,"Correct","Correct","Correct","Correct"
"9",62,"3_4_stimuli","3_4","Incongruent","Incongruent","Incongruent","Incongruent",123.998983,124.198976,"4$",0.559749,"Correct","Correct","Correct","Correct"
"9",63,"5_6_stimuli","6_6","Congruent","Incongruent","Incongruent","Incongruent",125.998963,126.198972,"6^",0.54446,"Correct","Correct","Correct","Correct"
"9",64,"7_8_stimuli","8_8","Congruent","Congruent","Incongruent","Incongruent",127.998945,128.198944,"8*",0.496352,"Correct","Correct","Correct","Correct"
"9",65,"1_2_stimuli","1_1","Congruent","Congruent","Congruent","Incongruent",129.998929,130.198924,"1!",0.447826,"Correct","Correct","Correct","Correct"
"9",66,"3_4_stimuli","4_4","Congruent","Congruent","Congruent","Congruent",131.998922,132.198922,"4$",0.448416,"Correct","Correct","Correct","Correct"
"9",67,"5_6_stimuli","5_5","Congruent","Congruent","Congruent","Congruent",133.998891,134.198897,"5%",0.351829,"Correct","Correct","Correct","Correct"
"9",68,"7_8_stimuli","8_7","Incongruent","Congruent","Congruent","Congruent",135.998879,136.198881,"7&",0.448325,"Correct","Correct","Correct","Correct"
"10",1,"1_2_stimuli","1_1","Congruent",NA,NA,NA,1.999982,2.199979,"2@",0.410044,"Error",NA,NA,NA
"10",2,"3_4_stimuli","4_3","Incongruent","Congruent",NA,NA,3.999967,4.199965,"3#",0.634684,"Correct","Error",NA,NA
"10",3,"5_6_stimuli","6_6","Congruent","Incongruent","Congruent",NA,5.999956,6.199959,"6^",0.650349,"Correct","Correct","Error",NA
"10",4,"7_8_stimuli","7_7","Congruent","Congruent","Incongruent","Congruent",7.999945,8.199935,"7&",0.490238,"Correct","Correct","Correct","Error"
"10",5,"1_2_stimuli","2_1","Incongruent","Congruent","Congruent","Incongruent",9.999917,10.19991,"1!",0.586552,"Correct","Correct","Correct","Correct"
"10",6,"3_4_stimuli","4_3","Incongruent","Incongruent","Congruent","Congruent",11.999902,12.199898,"3#",0.554412,"Correct","Correct","Correct","Correct"
"10",7,"5_6_stimuli","6_5","Incongruent","Incongruent","Incongruent","Congruent",13.999893,14.199885,"5%",0.634446,"Correct","Correct","Correct","Correct"
"10",8,"7_8_stimuli","7_7","Congruent","Incongruent","Incongruent","Incongruent",15.999872,16.19986,"7&",0.378327,"Correct","Correct","Correct","Correct"
"10",9,"1_2_stimuli","1_1","Congruent","Congruent","Incongruent","Incongruent",17.999858,18.199849,"1!",0.346569,"Correct","Correct","Correct","Correct"
"10",10,"3_4_stimuli","3_3","Congruent","Congruent","Congruent","Incongruent",19.999846,20.199845,"3#",0.474053,"Correct","Correct","Correct","Correct"
"10",11,"5_6_stimuli","5_5","Congruent","Congruent","Congruent","Congruent",21.999824,22.199824,"Omission",5000,"Omission","Correct","Correct","Correct"
"10",12,"7_8_stimuli","8_8","Congruent","Congruent","Congruent","Congruent",23.999813,24.199801,"8*",1.450059,"Correct","Omission","Correct","Correct"
"10",13,"1_2_stimuli","2_2","Congruent","Congruent","Congruent","Congruent",25.999796,26.199794,"2@",0.970787,"Correct","Correct","Omission","Correct"
"10",14,"3_4_stimuli","3_3","Congruent","Congruent","Congruent","Congruent",27.999774,28.199769,"3#",0.538076,"Correct","Correct","Correct","Omission"
"10",15,"5_6_stimuli","5_6","Incongruent","Congruent","Congruent","Congruent",29.999751,30.199752,"6^",0.826098,"Correct","Correct","Correct","Correct"
"10",16,"7_8_stimuli","7_8","Incongruent","Incongruent","Congruent","Congruent",31.999738,32.199733,"8*",0.906672,"Correct","Correct","Correct","Correct"
"10",17,"1_2_stimuli","1_2","Incongruent","Incongruent","Incongruent","Congruent",33.999725,34.199727,"2@",0.618458,"Correct","Correct","Correct","Correct"
"10",18,"3_4_stimuli","4_4","Congruent","Incongruent","Incongruent","Incongruent",35.999711,36.199699,"4$",0.522156,"Correct","Correct","Correct","Correct"
"10",19,"5_6_stimuli","5_5","Congruent","Congruent","Incongruent","Incongruent",37.999695,38.199681,"6^",0.554783,"Error","Correct","Correct","Correct"
"10",20,"7_8_stimuli","7_7","Congruent","Congruent","Congruent","Incongruent",39.999671,40.199672,"7&",0.570504,"Correct","Error","Correct","Correct"
"10",21,"1_2_stimuli","2_1","Incongruent","Congruent","Congruent","Congruent",41.999662,42.199663,"1!",0.490202,"Correct","Correct","Error","Correct"
"10",22,"3_4_stimuli","4_4","Congruent","Incongruent","Congruent","Congruent",43.999638,44.199632,"4$",0.570242,"Correct","Correct","Correct","Error"
"10",23,"5_6_stimuli","6_6","Congruent","Congruent","Incongruent","Congruent",45.999625,46.199631,"6^",0.538659,"Correct","Correct","Correct","Correct"
"10",24,"7_8_stimuli","8_7","Incongruent","Congruent","Congruent","Incongruent",47.999614,48.199604,"7&",0.682627,"Correct","Correct","Correct","Correct"
"10",25,"1_2_stimuli","2_1","Incongruent","Incongruent","Congruent","Congruent",49.999594,50.199586,"1!",0.458917,"Correct","Correct","Correct","Correct"
"10",26,"3_4_stimuli","3_3","Congruent","Incongruent","Incongruent","Congruent",51.999577,52.199573,"3#",0.410779,"Correct","Correct","Correct","Correct"
"10",27,"5_6_stimuli","6_5","Incongruent","Congruent","Incongruent","Incongruent",53.99956,54.199568,"5%",0.442279,"Correct","Correct","Correct","Correct"
"10",28,"7_8_stimuli","8_8","Congruent","Incongruent","Congruent","Incongruent",55.999542,56.199546,"8*",0.474671,"Correct","Correct","Correct","Correct"
"10",29,"1_2_stimuli","1_1","Congruent","Congruent","Incongruent","Congruent",57.999527,58.199522,"1!",0.410324,"Correct","Correct","Correct","Correct"
"10",30,"3_4_stimuli","3_4","Incongruent","Congruent","Congruent","Incongruent",59.999512,60.199506,"4$",0.586384,"Correct","Correct","Correct","Correct"
"10",31,"5_6_stimuli","6_6","Congruent","Incongruent","Congruent","Congruent",61.999494,62.199489,"6^",0.522744,"Correct","Correct","Correct","Correct"
"10",32,"7_8_stimuli","8_8","Congruent","Congruent","Incongruent","Congruent",63.999474,64.199477,"8*",0.458342,"Correct","Correct","Correct","Correct"
"10",33,"1_2_stimuli","1_1","Congruent","Congruent","Congruent","Incongruent",65.999462,66.199459,"1!",0.378406,"Correct","Correct","Correct","Correct"
"10",34,"3_4_stimuli","3_4","Incongruent","Congruent","Congruent","Congruent",67.999439,68.199444,"4$",0.506874,"Correct","Correct","Correct","Correct"
"10",35,"5_6_stimuli","6_5","Incongruent","Incongruent","Congruent","Congruent",69.999435,70.199418,"5%",0.378671,"Correct","Correct","Correct","Correct"
"10",36,"7_8_stimuli","7_7","Congruent","Incongruent","Incongruent","Congruent",71.999412,72.199414,"7&",0.346928,"Correct","Correct","Correct","Correct"
"10",37,"1_2_stimuli","1_2","Incongruent","Congruent","Incongruent","Incongruent",73.999405,74.199402,"2@",0.346948,"Correct","Correct","Correct","Correct"
"10",38,"3_4_stimuli","4_4","Congruent","Incongruent","Congruent","Incongruent",75.999374,76.199377,"4$",0.394966,"Correct","Correct","Correct","Correct"
"10",39,"5_6_stimuli","6_5","Incongruent","Congruent","Incongruent","Congruent",77.999363,78.199355,"5%",0.378684,"Correct","Correct","Correct","Correct"
"10",40,"7_8_stimuli","7_8","Incongruent","Incongruent","Congruent","Incongruent",79.999347,80.199355,"8*",0.427057,"Correct","Correct","Correct","Correct"
"10",41,"1_2_stimuli","1_1","Congruent","Incongruent","Incongruent","Congruent",81.999328,82.199333,"1!",0.474567,"Correct","Correct","Correct","Correct"
"10",42,"3_4_stimuli","4_3","Incongruent","Congruent","Incongruent","Incongruent",83.999317,84.199314,"3#",0.491059,"Correct","Correct","Correct","Correct"
"10",43,"5_6_stimuli","5_5","Congruent","Incongruent","Congruent","Incongruent",85.999292,86.199293,"5%",0.39504,"Correct","Correct","Correct","Correct"
"10",44,"7_8_stimuli","8_7","Incongruent","Congruent","Incongruent","Congruent",87.999289,88.199275,"7&",0.523326,"Correct","Correct","Correct","Correct"
"10",45,"1_2_stimuli","2_1","Incongruent","Incongruent","Congruent","Incongruent",89.999267,90.199256,"1!",0.41076,"Correct","Correct","Correct","Correct"
"10",46,"3_4_stimuli","4_3","Incongruent","Incongruent","Incongruent","Congruent",91.999253,92.199241,"3#",0.330862,"Correct","Correct","Correct","Correct"
"10",47,"5_6_stimuli","5_6","Incongruent","Incongruent","Incongruent","Incongruent",93.999242,94.199234,"6^",0.538592,"Correct","Correct","Correct","Correct"
"10",48,"7_8_stimuli","8_7","Incongruent","Incongruent","Incongruent","Incongruent",95.999213,96.199215,"7&",0.363123,"Correct","Correct","Correct","Correct"
"10",49,"1_2_stimuli","2_2","Congruent","Incongruent","Incongruent","Incongruent",97.999194,98.199194,"2@",0.491242,"Correct","Correct","Correct","Correct"
"10",50,"3_4_stimuli","3_3","Congruent","Congruent","Incongruent","Incongruent",99.999179,100.199185,"3#",0.634917,"Correct","Correct","Correct","Correct"
"10",51,"5_6_stimuli","5_6","Incongruent","Congruent","Congruent","Incongruent",101.999173,102.19916,"6^",0.650649,"Correct","Correct","Correct","Correct"
"10",52,"7_8_stimuli","8_8","Congruent","Incongruent","Congruent","Congruent",103.999146,104.199149,"8*",0.507298,"Correct","Correct","Correct","Correct"
"10",53,"1_2_stimuli","1_2","Incongruent","Congruent","Incongruent","Congruent",105.99913,106.19913,"2@",0.458716,"Correct","Correct","Correct","Correct"
"10",54,"3_4_stimuli","3_4","Incongruent","Incongruent","Congruent","Incongruent",107.999113,108.199114,"4$",0.731221,"Correct","Correct","Correct","Correct"
"10",55,"5_6_stimuli","5_5","Congruent","Incongruent","Incongruent","Congruent",109.999099,110.199098,"5%",0.571026,"Correct","Correct","Correct","Correct"
"10",56,"7_8_stimuli","7_8","Incongruent","Congruent","Incongruent","Incongruent",111.99908,112.199085,"8*",0.667186,"Correct","Correct","Correct","Correct"
"10",57,"1_2_stimuli","2_2","Congruent","Incongruent","Congruent","Incongruent",113.999073,114.199067,"2@",0.39508,"Correct","Correct","Correct","Correct"
"10",58,"3_4_stimuli","4_4","Congruent","Congruent","Incongruent","Congruent",115.999052,116.199042,"4$",0.411181,"Correct","Correct","Correct","Correct"
"10",59,"5_6_stimuli","6_6","Congruent","Congruent","Congruent","Incongruent",117.999031,118.19903,"6^",0.475447,"Correct","Correct","Correct","Correct"
"10",60,"7_8_stimuli","7_8","Incongruent","Congruent","Congruent","Congruent",119.99902,120.199022,"8*",0.426794,"Correct","Correct","Correct","Correct"
"10",61,"1_2_stimuli","2_2","Congruent","Incongruent","Congruent","Congruent",121.998998,122.198999,"2@",0.363354,"Correct","Correct","Correct","Correct"
"10",62,"3_4_stimuli","4_3","Incongruent","Congruent","Incongruent","Congruent",123.99898,124.198976,"3#",0.426888,"Correct","Correct","Correct","Correct"
"10",63,"5_6_stimuli","5_6","Incongruent","Incongruent","Congruent","Incongruent",125.998974,126.198968,"6^",0.507329,"Correct","Correct","Correct","Correct"
"10",64,"7_8_stimuli","8_7","Incongruent","Incongruent","Incongruent","Congruent",127.998954,128.198947,"7&",0.490844,"Correct","Correct","Correct","Correct"
"10",65,"1_2_stimuli","1_2","Incongruent","Incongruent","Incongruent","Incongruent",129.998932,130.198931,"2@",0.506919,"Correct","Correct","Correct","Correct"
"10",66,"3_4_stimuli","3_4","Incongruent","Incongruent","Incongruent","Incongruent",131.998913,132.198921,"4$",0.81159,"Correct","Correct","Correct","Correct"
"10",67,"5_6_stimuli","6_6","Congruent","Incongruent","Incongruent","Incongruent",133.998903,134.1989,"6^",0.459037,"Correct","Correct","Correct","Correct"
"10",68,"7_8_stimuli","7_7","Congruent","Congruent","Incongruent","Incongruent",135.998883,136.198878,"7&",0.475582,"Correct","Correct","Correct","Correct"
"11",1,"1_2_stimuli","2_2","Congruent",NA,NA,NA,1.999996,2.199996,"2@",0.412164,"Correct",NA,NA,NA
"11",2,"3_4_stimuli","3_3","Congruent","Congruent",NA,NA,3.999978,4.199972,"3#",0.364097,"Correct","Correct",NA,NA
"11",3,"5_6_stimuli","6_5","Incongruent","Congruent","Congruent",NA,5.99997,6.199963,"5%",0.412159,"Correct","Correct","Correct",NA
"11",4,"7_8_stimuli","8_8","Congruent","Incongruent","Congruent","Congruent",7.999963,8.199949,"8*",0.39616,"Correct","Correct","Correct","Correct"
"11",5,"1_2_stimuli","1_1","Congruent","Congruent","Incongruent","Congruent",9.999925,10.199933,"1!",0.395726,"Correct","Correct","Correct","Correct"
"11",6,"3_4_stimuli","4_4","Congruent","Congruent","Congruent","Incongruent",11.999914,12.199919,"4$",0.476542,"Correct","Correct","Correct","Correct"
"11",7,"5_6_stimuli","5_5","Congruent","Congruent","Congruent","Congruent",13.999892,14.199893,"5%",0.380179,"Correct","Correct","Correct","Correct"
"11",8,"7_8_stimuli","7_8","Incongruent","Congruent","Congruent","Congruent",15.999876,16.199876,"8*",0.411753,"Correct","Correct","Correct","Correct"
"11",9,"1_2_stimuli","2_2","Congruent","Incongruent","Congruent","Congruent",17.999864,18.199858,"2@",0.396369,"Correct","Correct","Correct","Correct"
"11",10,"3_4_stimuli","3_4","Incongruent","Congruent","Incongruent","Congruent",19.999853,20.199844,"4$",0.412344,"Correct","Correct","Correct","Correct"
"11",11,"5_6_stimuli","5_5","Congruent","Incongruent","Congruent","Incongruent",21.999839,22.19983,"5%",0.444266,"Correct","Correct","Correct","Correct"
"11",12,"7_8_stimuli","8_8","Congruent","Congruent","Incongruent","Congruent",23.99982,24.199822,"8*",0.347841,"Correct","Correct","Correct","Correct"
"11",13,"1_2_stimuli","1_1","Congruent","Congruent","Congruent","Incongruent",25.999794,26.199805,"1!",0.412466,"Correct","Correct","Correct","Correct"
"11",14,"3_4_stimuli","4_3","Incongruent","Congruent","Congruent","Congruent",27.999771,28.199777,"3#",0.5403,"Correct","Correct","Correct","Correct"
"11",15,"5_6_stimuli","6_5","Incongruent","Incongruent","Congruent","Congruent",29.999768,30.199754,"5%",0.363853,"Correct","Correct","Correct","Correct"
"11",16,"7_8_stimuli","7_7","Congruent","Incongruent","Incongruent","Congruent",31.999746,32.199745,"7&",0.395884,"Correct","Correct","Correct","Correct"
"11",17,"1_2_stimuli","2_2","Congruent","Congruent","Incongruent","Incongruent",33.999735,34.199731,"2@",0.443913,"Correct","Correct","Correct","Correct"
"11",18,"3_4_stimuli","4_3","Incongruent","Congruent","Congruent","Incongruent",35.999716,36.199723,"3#",0.572435,"Correct","Correct","Correct","Correct"
"11",19,"5_6_stimuli","6_6","Congruent","Incongruent","Congruent","Congruent",37.999708,38.199694,"6^",0.667951,"Correct","Correct","Correct","Correct"
"11",20,"7_8_stimuli","8_7","Incongruent","Congruent","Incongruent","Congruent",39.999679,40.199689,"7&",0.443991,"Correct","Correct","Correct","Correct"
"11",21,"1_2_stimuli","2_1","Incongruent","Incongruent","Congruent","Incongruent",41.999667,42.199673,"1!",0.524773,"Correct","Correct","Correct","Correct"
"11",22,"3_4_stimuli","4_3","Incongruent","Incongruent","Incongruent","Congruent",43.999656,44.199652,"3#",0.588396,"Correct","Correct","Correct","Correct"
"11",23,"5_6_stimuli","6_5","Incongruent","Incongruent","Incongruent","Incongruent",45.999625,46.199631,"5%",0.396008,"Correct","Correct","Correct","Correct"
"11",24,"7_8_stimuli","8_7","Incongruent","Incongruent","Incongruent","Incongruent",47.999623,48.199624,"7&",0.444514,"Correct","Correct","Correct","Correct"
"11",25,"1_2_stimuli","2_2","Congruent","Incongruent","Incongruent","Incongruent",49.999607,50.199606,"2@",0.379938,"Correct","Correct","Correct","Correct"
"11",26,"3_4_stimuli","4_4","Congruent","Congruent","Incongruent","Incongruent",51.99959,52.199584,"4$",0.668503,"Correct","Correct","Correct","Correct"
"11",27,"5_6_stimuli","5_5","Congruent","Congruent","Congruent","Incongruent",53.999571,54.199576,"5%",0.652482,"Correct","Correct","Correct","Correct"
"11",28,"7_8_stimuli","7_7","Congruent","Congruent","Congruent","Congruent",55.999554,56.199556,"7&",0.47667,"Correct","Correct","Correct","Correct"
"11",29,"1_2_stimuli","1_1","Congruent","Congruent","Congruent","Congruent",57.999544,58.199533,"1!",0.332093,"Correct","Correct","Correct","Correct"
"11",30,"3_4_stimuli","3_3","Congruent","Congruent","Congruent","Congruent",59.999515,60.199516,"3#",0.316196,"Correct","Correct","Correct","Correct"
"11",31,"5_6_stimuli","5_6","Incongruent","Congruent","Congruent","Congruent",61.999499,62.199506,"6^",0.412605,"Correct","Correct","Correct","Correct"
"11",32,"7_8_stimuli","7_8","Incongruent","Incongruent","Congruent","Congruent",63.999485,64.199488,"8*",0.316684,"Correct","Correct","Correct","Correct"
"11",33,"1_2_stimuli","1_1","Congruent","Incongruent","Incongruent","Congruent",65.999475,66.199468,"1!",0.348545,"Correct","Correct","Correct","Correct"
"11",34,"3_4_stimuli","3_4","Incongruent","Congruent","Incongruent","Incongruent",67.999456,68.199454,"4$",0.58815,"Correct","Correct","Correct","Correct"
"11",35,"5_6_stimuli","5_6","Incongruent","Incongruent","Congruent","Incongruent",69.999436,70.19943,"6^",0.556466,"Correct","Correct","Correct","Correct"
"11",36,"7_8_stimuli","7_8","Incongruent","Incongruent","Incongruent","Congruent",71.99942,72.19942,"8*",0.476796,"Correct","Correct","Correct","Correct"
"11",37,"1_2_stimuli","2_1","Incongruent","Incongruent","Incongruent","Incongruent",73.999402,74.199396,"1!",0.36485,"Correct","Correct","Correct","Correct"
"11",38,"3_4_stimuli","4_4","Congruent","Incongruent","Incongruent","Incongruent",75.999386,76.199389,"4$",0.460742,"Correct","Correct","Correct","Correct"
"11",39,"5_6_stimuli","6_5","Incongruent","Congruent","Incongruent","Incongruent",77.999369,78.19937,"6^",0.588971,"Error","Correct","Correct","Correct"
"11",40,"7_8_stimuli","7_7","Congruent","Incongruent","Congruent","Incongruent",79.999355,80.199343,"7&",0.46081,"Correct","Error","Correct","Correct"
"11",41,"1_2_stimuli","2_1","Incongruent","Congruent","Incongruent","Congruent",81.999329,82.199328,"1!",0.364803,"Correct","Correct","Error","Correct"
"11",42,"3_4_stimuli","3_3","Congruent","Incongruent","Congruent","Incongruent",83.999321,84.199319,"3#",0.541149,"Correct","Correct","Correct","Error"
"11",43,"5_6_stimuli","6_6","Congruent","Congruent","Incongruent","Congruent",85.999308,86.199307,"6^",0.668684,"Correct","Correct","Correct","Correct"
"11",44,"7_8_stimuli","8_7","Incongruent","Congruent","Congruent","Incongruent",87.99928,88.199289,"7&",0.412379,"Correct","Correct","Correct","Correct"
"11",45,"1_2_stimuli","1_2","Incongruent","Incongruent","Congruent","Congruent",89.999271,90.199269,"2@",0.476787,"Correct","Correct","Correct","Correct"
"11",46,"3_4_stimuli","3_3","Congruent","Incongruent","Incongruent","Congruent",91.999248,92.199249,"3#",0.524374,"Correct","Correct","Correct","Correct"
"11",47,"5_6_stimuli","5_5","Congruent","Congruent","Incongruent","Incongruent",93.999248,94.199237,"5%",0.380381,"Correct","Correct","Correct","Correct"
"11",48,"7_8_stimuli","8_8","Congruent","Congruent","Congruent","Incongruent",95.999225,96.199224,"8*",0.412387,"Correct","Correct","Correct","Correct"
"11",49,"1_2_stimuli","2_1","Incongruent","Congruent","Congruent","Congruent",97.999201,98.199197,"1!",0.492454,"Correct","Correct","Correct","Correct"
"11",50,"3_4_stimuli","3_3","Congruent","Incongruent","Congruent","Congruent",99.999187,100.199187,"3#",0.588425,"Correct","Correct","Correct","Correct"
"11",51,"5_6_stimuli","5_6","Incongruent","Congruent","Incongruent","Congruent",101.999165,102.199169,"6^",0.988461,"Correct","Correct","Correct","Correct"
"11",52,"7_8_stimuli","7_8","Incongruent","Incongruent","Congruent","Incongruent",103.999162,104.199149,"8*",0.716402,"Correct","Correct","Correct","Correct"
"11",53,"1_2_stimuli","1_2","Incongruent","Incongruent","Incongruent","Congruent",105.999141,106.199137,"2@",0.525134,"Correct","Correct","Correct","Correct"
"11",54,"3_4_stimuli","3_4","Incongruent","Incongruent","Incongruent","Incongruent",107.999122,108.199127,"5%",0.621654,"Error","Correct","Correct","Correct"
"11",55,"5_6_stimuli","6_6","Congruent","Incongruent","Incongruent","Incongruent",109.999109,110.199109,"6^",0.924935,"Correct","Error","Correct","Correct"
"11",56,"7_8_stimuli","7_7","Congruent","Congruent","Incongruent","Incongruent",111.999094,112.199085,"7&",0.620844,"Correct","Correct","Error","Correct"
"11",57,"1_2_stimuli","1_2","Incongruent","Congruent","Congruent","Incongruent",113.999076,114.199067,"2@",0.412513,"Correct","Correct","Correct","Error"
"11",58,"3_4_stimuli","4_3","Incongruent","Incongruent","Congruent","Congruent",115.999053,116.19905,"3#",0.428856,"Correct","Correct","Correct","Correct"
"11",59,"5_6_stimuli","6_5","Incongruent","Incongruent","Incongruent","Congruent",117.999033,118.199033,"5%",0.636736,"Correct","Correct","Correct","Correct"
"11",60,"7_8_stimuli","8_8","Congruent","Incongruent","Incongruent","Incongruent",119.999029,120.199024,"8*",0.572605,"Correct","Correct","Correct","Correct"
"11",61,"1_2_stimuli","1_2","Incongruent","Congruent","Incongruent","Incongruent",121.999009,122.199012,"2@",0.413203,"Correct","Correct","Correct","Correct"
"11",62,"3_4_stimuli","3_4","Incongruent","Incongruent","Congruent","Incongruent",123.998985,124.198987,"4$",0.749257,"Correct","Correct","Correct","Correct"
"11",63,"5_6_stimuli","6_6","Congruent","Incongruent","Incongruent","Congruent",125.998969,126.198969,"6^",1.069073,"Correct","Correct","Correct","Correct"
"11",64,"7_8_stimuli","8_7","Incongruent","Congruent","Incongruent","Incongruent",127.99896,128.198952,"7&",0.476675,"Correct","Correct","Correct","Correct"
"11",65,"1_2_stimuli","2_2","Congruent","Incongruent","Congruent","Incongruent",129.998937,130.198943,"2@",0.477092,"Correct","Correct","Correct","Correct"
"11",66,"3_4_stimuli","4_4","Congruent","Congruent","Incongruent","Congruent",131.99893,132.19892,"4$",0.828673,"Correct","Correct","Correct","Correct"
"11",67,"5_6_stimuli","5_6","Incongruent","Congruent","Congruent","Incongruent",133.99891,134.198903,"6^",0.71667,"Correct","Correct","Correct","Correct"
"11",68,"7_8_stimuli","8_8","Congruent","Incongruent","Congruent","Congruent",135.99889,136.198896,"8*",0.397217,"Correct","Correct","Correct","Correct"
"12",1,"1_2_stimuli","2_1","Incongruent",NA,NA,NA,1.999982,2.199982,"1!",0.511354,"Correct",NA,NA,NA
"12",2,"3_4_stimuli","4_3","Incongruent","Incongruent",NA,NA,3.999964,4.199966,"3#",0.335348,"Correct","Correct",NA,NA
"12",3,"5_6_stimuli","6_5","Incongruent","Incongruent","Incongruent",NA,5.999942,6.199954,"5%",0.399352,"Correct","Correct","Correct",NA
"12",4,"7_8_stimuli","7_7","Congruent","Incongruent","Incongruent","Incongruent",7.999924,8.199932,"7&",0.367433,"Correct","Correct","Correct","Correct"
"12",5,"1_2_stimuli","2_1","Incongruent","Congruent","Incongruent","Incongruent",9.999919,10.199917,"1!",0.479445,"Correct","Correct","Correct","Correct"
"12",6,"3_4_stimuli","4_4","Congruent","Incongruent","Congruent","Incongruent",11.999892,12.199892,"4$",0.335358,"Correct","Correct","Correct","Correct"
"12",7,"5_6_stimuli","6_6","Congruent","Congruent","Incongruent","Congruent",13.999875,14.199878,"6^",0.351337,"Correct","Correct","Correct","Correct"
"12",8,"7_8_stimuli","8_7","Incongruent","Congruent","Congruent","Incongruent",15.999866,16.199873,"7&",0.415029,"Correct","Correct","Correct","Correct"
"12",9,"1_2_stimuli","1_1","Congruent","Incongruent","Congruent","Congruent",17.999845,18.199855,"1!",0.399465,"Correct","Correct","Correct","Correct"
"12",10,"3_4_stimuli","4_4","Congruent","Congruent","Incongruent","Congruent",19.999841,20.199825,"4$",0.431523,"Correct","Correct","Correct","Correct"
"12",11,"5_6_stimuli","6_5","Incongruent","Congruent","Congruent","Incongruent",21.999816,22.199825,"5%",0.559085,"Correct","Correct","Correct","Correct"
"12",12,"7_8_stimuli","8_8","Congruent","Incongruent","Congruent","Congruent",23.999797,24.199793,"8*",0.335055,"Correct","Correct","Correct","Correct"
"12",13,"1_2_stimuli","1_2","Incongruent","Congruent","Incongruent","Congruent",25.999788,26.199783,"2@",0.367093,"Correct","Correct","Correct","Correct"
"12",14,"3_4_stimuli","3_4","Incongruent","Incongruent","Congruent","Incongruent",27.999778,28.199764,"4$",0.399495,"Correct","Correct","Correct","Correct"
"12",15,"5_6_stimuli","5_5","Congruent","Incongruent","Incongruent","Congruent",29.999749,30.199746,"5%",0.319779,"Correct","Correct","Correct","Correct"
"12",16,"7_8_stimuli","7_7","Congruent","Congruent","Incongruent","Incongruent",31.999739,32.199734,"7&",0.351606,"Correct","Correct","Correct","Correct"
"12",17,"1_2_stimuli","2_2","Congruent","Congruent","Congruent","Incongruent",33.999716,34.19972,"2@",0.399631,"Correct","Correct","Correct","Correct"
"12",18,"3_4_stimuli","3_3","Congruent","Congruent","Congruent","Congruent",35.9997,36.199706,"3#",0.52767,"Correct","Correct","Correct","Correct"
"12",19,"5_6_stimuli","6_6","Congruent","Congruent","Congruent","Congruent",37.999692,38.199685,"6^",0.975811,"Correct","Correct","Correct","Correct"
"12",20,"7_8_stimuli","7_8","Incongruent","Congruent","Congruent","Congruent",39.999671,40.199677,"8*",0.751648,"Correct","Correct","Correct","Correct"
"12",21,"1_2_stimuli","2_1","Incongruent","Incongruent","Congruent","Congruent",41.999651,42.199657,"1!",0.511644,"Correct","Correct","Correct","Correct"
"12",22,"3_4_stimuli","4_3","Incongruent","Incongruent","Incongruent","Congruent",43.999645,44.199641,"3#",0.783673,"Correct","Correct","Correct","Correct"
"12",23,"5_6_stimuli","5_6","Incongruent","Incongruent","Incongruent","Incongruent",45.999619,46.199613,"6^",0.847328,"Correct","Correct","Correct","Correct"
"12",24,"7_8_stimuli","7_8","Incongruent","Incongruent","Incongruent","Incongruent",47.999609,48.199608,"8*",0.735266,"Correct","Correct","Correct","Correct"
"12",25,"1_2_stimuli","2_2","Congruent","Incongruent","Incongruent","Incongruent",49.999594,50.19959,"2@",0.463784,"Correct","Correct","Correct","Correct"
"12",26,"3_4_stimuli","4_4","Congruent","Congruent","Incongruent","Incongruent",51.999575,52.199572,"4$",0.639311,"Correct","Correct","Correct","Correct"
"12",27,"5_6_stimuli","5_5","Congruent","Congruent","Congruent","Incongruent",53.999553,54.199549,"5%",0.447328,"Correct","Correct","Correct","Correct"
"12",28,"7_8_stimuli","8_8","Congruent","Congruent","Congruent","Congruent",55.999536,56.199536,"8*",0.7033,"Correct","Correct","Correct","Correct"
"12",29,"1_2_stimuli","1_2","Incongruent","Congruent","Congruent","Congruent",57.999523,58.199519,"2@",0.46369,"Correct","Correct","Correct","Correct"
"12",30,"3_4_stimuli","4_3","Incongruent","Incongruent","Congruent","Congruent",59.999504,60.199513,"3#",0.319292,"Correct","Correct","Correct","Correct"
"12",31,"5_6_stimuli","6_5","Incongruent","Incongruent","Incongruent","Congruent",61.999491,62.199487,"5%",0.447394,"Correct","Correct","Correct","Correct"
"12",32,"7_8_stimuli","8_8","Congruent","Incongruent","Incongruent","Incongruent",63.999477,64.19948,"8*",0.367711,"Correct","Correct","Correct","Correct"
"12",33,"1_2_stimuli","1_1","Congruent","Congruent","Incongruent","Incongruent",65.999454,66.199464,"1!",0.383743,"Correct","Correct","Correct","Correct"
"12",34,"3_4_stimuli","3_4","Incongruent","Congruent","Congruent","Incongruent",67.999441,68.199449,"4$",0.383951,"Correct","Correct","Correct","Correct"
"12",35,"5_6_stimuli","5_5","Congruent","Incongruent","Congruent","Congruent",69.999425,70.19943,"5%",0.415942,"Correct","Correct","Correct","Correct"
"12",36,"7_8_stimuli","7_7","Congruent","Congruent","Incongruent","Congruent",71.999396,72.199401,"7&",0.399651,"Correct","Correct","Correct","Correct"
"12",37,"1_2_stimuli","1_2","Incongruent","Congruent","Congruent","Incongruent",73.999384,74.199393,"2@",0.351541,"Correct","Correct","Correct","Correct"
"12",38,"3_4_stimuli","3_3","Congruent","Incongruent","Congruent","Congruent",75.999373,76.199381,"3#",0.464233,"Correct","Correct","Correct","Correct"
"12",39,"5_6_stimuli","5_6","Incongruent","Congruent","Incongruent","Congruent",77.999363,78.199364,"6^",0.463505,"Correct","Correct","Correct","Correct"
"12",40,"7_8_stimuli","7_7","Congruent","Incongruent","Congruent","Incongruent",79.999334,80.199341,"7&",0.351867,"Correct","Correct","Correct","Correct"
"12",41,"1_2_stimuli","1_1","Congruent","Congruent","Incongruent","Congruent",81.999329,82.199319,"1!",0.367544,"Correct","Correct","Correct","Correct"
"12",42,"3_4_stimuli","4_4","Congruent","Congruent","Congruent","Incongruent",83.999309,84.199302,"4$",0.383569,"Correct","Correct","Correct","Correct"
"12",43,"5_6_stimuli","5_6","Incongruent","Congruent","Congruent","Congruent",85.999291,86.199293,"6^",0.416264,"Correct","Correct","Correct","Correct"
"12",44,"7_8_stimuli","7_8","Incongruent","Incongruent","Congruent","Congruent",87.999274,88.199276,"8*",0.368123,"Correct","Correct","Correct","Correct"
"12",45,"1_2_stimuli","1_2","Incongruent","Incongruent","Incongruent","Congruent",89.999264,90.199261,"2@",0.39993,"Correct","Correct","Correct","Correct"
"12",46,"3_4_stimuli","3_3","Congruent","Incongruent","Incongruent","Incongruent",91.999248,92.199244,"3#",0.447636,"Correct","Correct","Correct","Correct"
"12",47,"5_6_stimuli","5_5","Congruent","Congruent","Incongruent","Incongruent",93.999227,94.199228,"6^",0.384113,"Error","Correct","Correct","Correct"
"12",48,"7_8_stimuli","8_8","Congruent","Congruent","Congruent","Incongruent",95.999214,96.199205,"8*",0.543719,"Correct","Error","Correct","Correct"
"12",49,"1_2_stimuli","2_2","Congruent","Congruent","Congruent","Congruent",97.999187,98.199191,"2@",0.400201,"Correct","Correct","Error","Correct"
"12",50,"3_4_stimuli","3_4","Incongruent","Congruent","Congruent","Congruent",99.999178,100.199176,"4$",0.608046,"Correct","Correct","Correct","Error"
"12",51,"5_6_stimuli","6_5","Incongruent","Incongruent","Congruent","Congruent",101.999166,102.199152,"5%",0.5443,"Correct","Correct","Correct","Correct"
"12",52,"7_8_stimuli","8_7","Incongruent","Incongruent","Incongruent","Congruent",103.99914,104.199138,"7&",0.464353,"Correct","Correct","Correct","Correct"
"12",53,"1_2_stimuli","2_1","Incongruent","Incongruent","Incongruent","Incongruent",105.99913,106.199119,"1!",0.448162,"Correct","Correct","Correct","Correct"
"12",54,"3_4_stimuli","3_4","Incongruent","Incongruent","Incongruent","Incongruent",107.999111,108.199113,"4$",0.479755,"Correct","Correct","Correct","Correct"
"12",55,"5_6_stimuli","6_6","Congruent","Incongruent","Incongruent","Incongruent",109.999101,110.199103,"6^",0.672151,"Correct","Correct","Correct","Correct"
"12",56,"7_8_stimuli","8_7","Incongruent","Congruent","Incongruent","Incongruent",111.999073,112.19907,"7&",0.448282,"Correct","Correct","Correct","Correct"
"12",57,"1_2_stimuli","2_1","Incongruent","Incongruent","Congruent","Incongruent",113.999072,114.199055,"1!",0.400331,"Correct","Correct","Correct","Correct"
"12",58,"3_4_stimuli","3_3","Congruent","Incongruent","Incongruent","Congruent",115.999053,116.199042,"3#",0.399805,"Correct","Correct","Correct","Correct"
"12",59,"5_6_stimuli","5_6","Incongruent","Congruent","Incongruent","Incongruent",117.999031,118.199028,"6^",0.448286,"Correct","Correct","Correct","Correct"
"12",60,"7_8_stimuli","7_8","Incongruent","Incongruent","Congruent","Incongruent",119.99901,120.199007,"8*",0.400385,"Correct","Correct","Correct","Correct"
"12",61,"1_2_stimuli","2_2","Congruent","Incongruent","Incongruent","Congruent",121.99899,122.198988,"2@",0.383823,"Correct","Correct","Correct","Correct"
"12",62,"3_4_stimuli","4_3","Incongruent","Congruent","Incongruent","Incongruent",123.998984,124.198974,"3#",0.384386,"Correct","Correct","Correct","Correct"
"12",63,"5_6_stimuli","6_6","Congruent","Incongruent","Congruent","Incongruent",125.99896,126.198981,"6^",0.431892,"Correct","Correct","Correct","Correct"
"12",64,"7_8_stimuli","8_7","Incongruent","Congruent","Incongruent","Congruent",127.998952,128.198958,"7&",0.415907,"Correct","Correct","Correct","Correct"
"12",65,"1_2_stimuli","1_1","Congruent","Incongruent","Congruent","Incongruent",129.998942,130.198932,"1!",0.288382,"Correct","Correct","Correct","Correct"
"12",66,"3_4_stimuli","4_3","Incongruent","Congruent","Incongruent","Congruent",131.99891,132.198908,"3#",0.543964,"Correct","Correct","Correct","Correct"
"12",67,"5_6_stimuli","6_5","Incongruent","Incongruent","Congruent","Incongruent",133.998909,134.198897,"5%",0.495942,"Correct","Correct","Correct","Correct"
"12",68,"7_8_stimuli","7_7","Congruent","Incongruent","Incongruent","Congruent",135.998889,136.198884,"7&",0.479926,"Correct","Correct","Correct","Correct"
"13",1,"1_2_stimuli","1_1","Congruent",NA,NA,NA,1.999984,2.199982,"1!",0.445659,"Correct",NA,NA,NA
"13",2,"3_4_stimuli","3_4","Incongruent","Congruent",NA,NA,3.999967,4.199962,"4$",0.557371,"Correct","Correct",NA,NA
"13",3,"5_6_stimuli","6_6","Congruent","Incongruent","Congruent",NA,5.99995,6.199953,"6^",0.493802,"Correct","Correct","Correct",NA
"13",4,"7_8_stimuli","7_7","Congruent","Congruent","Incongruent","Congruent",7.999926,8.199931,"7&",0.285887,"Correct","Correct","Correct","Correct"
"13",5,"1_2_stimuli","2_1","Incongruent","Congruent","Congruent","Incongruent",9.99991,10.199921,"1!",0.42993,"Correct","Correct","Correct","Correct"
"13",6,"3_4_stimuli","3_4","Incongruent","Incongruent","Congruent","Congruent",11.999898,12.199906,"4$",0.461473,"Correct","Correct","Correct","Correct"
"13",7,"5_6_stimuli","6_5","Incongruent","Incongruent","Incongruent","Congruent",13.999883,14.199898,"5%",0.589943,"Correct","Correct","Correct","Correct"
"13",8,"7_8_stimuli","8_7","Incongruent","Incongruent","Incongruent","Incongruent",15.999877,16.199863,"7&",0.653457,"Correct","Correct","Correct","Correct"
"13",9,"1_2_stimuli","2_2","Congruent","Incongruent","Incongruent","Incongruent",17.999862,18.199856,"2@",0.461472,"Correct","Correct","Correct","Correct"
"13",10,"3_4_stimuli","4_4","Congruent","Congruent","Incongruent","Incongruent",19.99984,20.199831,"4$",0.621472,"Correct","Correct","Correct","Correct"
"13",11,"5_6_stimuli","5_5","Congruent","Congruent","Congruent","Incongruent",21.999813,22.199814,"5%",0.653561,"Correct","Correct","Correct","Correct"
"13",12,"7_8_stimuli","7_8","Incongruent","Congruent","Congruent","Congruent",23.999802,24.199798,"8*",0.493964,"Correct","Correct","Correct","Correct"
"13",13,"1_2_stimuli","1_1","Congruent","Incongruent","Congruent","Congruent",25.999791,26.199783,"1!",0.445522,"Correct","Correct","Correct","Correct"
"13",14,"3_4_stimuli","3_4","Incongruent","Congruent","Incongruent","Congruent",27.999763,28.199761,"4$",0.541926,"Correct","Correct","Correct","Correct"
"13",15,"5_6_stimuli","5_6","Incongruent","Incongruent","Congruent","Incongruent",29.999752,30.199754,"6^",0.654084,"Correct","Correct","Correct","Correct"
"13",16,"7_8_stimuli","8_7","Incongruent","Incongruent","Incongruent","Congruent",31.999738,32.199739,"7&",0.4456,"Correct","Correct","Correct","Correct"
"13",17,"1_2_stimuli","1_2","Incongruent","Incongruent","Incongruent","Incongruent",33.999718,34.199715,"2@",0.47762,"Correct","Correct","Correct","Correct"
"13",18,"3_4_stimuli","4_3","Incongruent","Incongruent","Incongruent","Incongruent",35.999699,36.199708,"3#",0.414025,"Correct","Correct","Correct","Correct"
"13",19,"5_6_stimuli","5_5","Congruent","Incongruent","Incongruent","Incongruent",37.999695,38.199683,"5%",0.57407,"Correct","Correct","Correct","Correct"
"13",20,"7_8_stimuli","8_7","Incongruent","Congruent","Incongruent","Incongruent",39.999677,40.19968,"7&",0.366069,"Correct","Correct","Correct","Correct"
"13",21,"1_2_stimuli","2_1","Incongruent","Incongruent","Congruent","Incongruent",41.999652,42.199654,"1!",0.349949,"Correct","Correct","Correct","Correct"
"13",22,"3_4_stimuli","3_3","Congruent","Incongruent","Incongruent","Congruent",43.99966,44.199645,"3#",0.350293,"Correct","Correct","Correct","Correct"
"13",23,"5_6_stimuli","5_6","Incongruent","Congruent","Incongruent","Incongruent",45.99962,46.199628,"6^",0.43042,"Correct","Correct","Correct","Correct"
"13",24,"7_8_stimuli","8_8","Congruent","Incongruent","Congruent","Incongruent",47.999605,48.199596,"8*",0.477928,"Correct","Correct","Correct","Correct"
"13",25,"1_2_stimuli","2_1","Incongruent","Congruent","Incongruent","Congruent",49.999597,50.199591,"1!",0.39804,"Correct","Correct","Correct","Correct"
"13",26,"3_4_stimuli","4_4","Congruent","Incongruent","Congruent","Incongruent",51.999573,52.199582,"4$",0.429738,"Correct","Correct","Correct","Correct"
"13",27,"5_6_stimuli","6_6","Congruent","Congruent","Incongruent","Congruent",53.999556,54.199553,"6^",0.50978,"Correct","Correct","Correct","Correct"
"13",28,"7_8_stimuli","8_8","Congruent","Congruent","Congruent","Incongruent",55.999532,56.199549,"8*",0.365724,"Correct","Correct","Correct","Correct"
"13",29,"1_2_stimuli","1_2","Incongruent","Congruent","Congruent","Congruent",57.99952,58.199517,"2@",0.701819,"Correct","Correct","Correct","Correct"
"13",30,"3_4_stimuli","3_3","Congruent","Incongruent","Congruent","Congruent",59.999507,60.199511,"3#",0.638471,"Correct","Correct","Correct","Correct"
"13",31,"5_6_stimuli","5_6","Incongruent","Congruent","Incongruent","Congruent",61.999497,62.199497,"6^",0.63801,"Correct","Correct","Correct","Correct"
"13",32,"7_8_stimuli","7_8","Incongruent","Incongruent","Congruent","Incongruent",63.999479,64.199484,"8*",0.462445,"Correct","Correct","Correct","Correct"
"13",33,"1_2_stimuli","1_1","Congruent","Incongruent","Incongruent","Congruent",65.999462,66.19946,"1!",0.414305,"Correct","Correct","Correct","Correct"
"13",34,"3_4_stimuli","3_4","Incongruent","Congruent","Incongruent","Incongruent",67.999444,68.199444,"4$",0.525895,"Correct","Correct","Correct","Correct"
"13",35,"5_6_stimuli","5_5","Congruent","Incongruent","Congruent","Incongruent",69.999433,70.199434,"5%",0.510171,"Correct","Correct","Correct","Correct"
"13",36,"7_8_stimuli","8_7","Incongruent","Congruent","Incongruent","Congruent",71.999404,72.199407,"7&",0.590498,"Correct","Correct","Correct","Correct"
"13",37,"1_2_stimuli","1_1","Congruent","Incongruent","Congruent","Incongruent",73.99939,74.199398,"1!",0.462076,"Correct","Correct","Correct","Correct"
"13",38,"3_4_stimuli","3_3","Congruent","Congruent","Incongruent","Congruent",75.999378,76.199381,"3#",0.446724,"Correct","Correct","Correct","Correct"
"13",39,"5_6_stimuli","6_5","Incongruent","Congruent","Congruent","Incongruent",77.999362,78.199361,"5%",0.957964,"Correct","Correct","Correct","Correct"
"13",40,"7_8_stimuli","7_8","Incongruent","Incongruent","Congruent","Congruent",79.999343,80.199335,"8*",0.510549,"Correct","Correct","Correct","Correct"
"13",41,"1_2_stimuli","1_2","Incongruent","Incongruent","Incongruent","Congruent",81.999327,82.199327,"2@",0.446229,"Correct","Correct","Correct","Correct"
"13",42,"3_4_stimuli","4_4","Congruent","Incongruent","Incongruent","Incongruent",83.999306,84.199311,"4$",0.526008,"Correct","Correct","Correct","Correct"
"13",43,"5_6_stimuli","6_6","Congruent","Congruent","Incongruent","Incongruent",85.999289,86.199299,"6^",0.493989,"Correct","Correct","Correct","Correct"
"13",44,"7_8_stimuli","7_8","Incongruent","Congruent","Congruent","Incongruent",87.999273,88.199274,"8*",0.462503,"Correct","Correct","Correct","Correct"
"13",45,"1_2_stimuli","1_2","Incongruent","Incongruent","Congruent","Congruent",89.999263,90.19926,"2@",0.478479,"Correct","Correct","Correct","Correct"
"13",46,"3_4_stimuli","4_3","Incongruent","Incongruent","Incongruent","Congruent",91.99925,92.19924,"3#",0.462513,"Correct","Correct","Correct","Correct"
"13",47,"5_6_stimuli","5_6","Incongruent","Incongruent","Incongruent","Incongruent",93.999224,94.199235,"5%",0.590807,"Error","Correct","Correct","Correct"
"13",48,"7_8_stimuli","7_7","Congruent","Incongruent","Incongruent","Incongruent",95.999209,96.199212,"7&",0.462536,"Correct","Error","Correct","Correct"
"13",49,"1_2_stimuli","2_2","Congruent","Congruent","Incongruent","Incongruent",97.999197,98.199181,"2@",0.478092,"Correct","Correct","Error","Correct"
"13",50,"3_4_stimuli","3_4","Incongruent","Congruent","Congruent","Incongruent",99.999181,100.199173,"4$",0.606823,"Correct","Correct","Correct","Error"
"13",51,"5_6_stimuli","5_5","Congruent","Incongruent","Congruent","Congruent",101.999161,102.199168,"5%",0.542148,"Correct","Correct","Correct","Correct"
"13",52,"7_8_stimuli","8_8","Congruent","Congruent","Incongruent","Congruent",103.999148,104.19914,"8*",0.478475,"Correct","Correct","Correct","Correct"
"13",53,"1_2_stimuli","2_2","Congruent","Congruent","Congruent","Incongruent",105.999129,106.199126,"2@",0.478157,"Correct","Correct","Correct","Correct"
"13",54,"3_4_stimuli","4_4","Congruent","Congruent","Congruent","Congruent",107.999114,108.199115,"4$",0.414629,"Correct","Correct","Correct","Correct"
"13",55,"5_6_stimuli","6_5","Incongruent","Congruent","Congruent","Congruent",109.999105,110.199096,"5%",0.446444,"Correct","Correct","Correct","Correct"
"13",56,"7_8_stimuli","7_7","Congruent","Incongruent","Congruent","Congruent",111.999079,112.199086,"7&",0.350246,"Correct","Correct","Correct","Correct"
"13",57,"1_2_stimuli","1_1","Congruent","Congruent","Incongruent","Congruent",113.999064,114.199065,"1!",0.398976,"Correct","Correct","Correct","Correct"
"13",58,"3_4_stimuli","3_3","Congruent","Congruent","Congruent","Incongruent",115.999043,116.199055,"3#",0.590289,"Correct","Correct","Correct","Correct"
"13",59,"5_6_stimuli","6_6","Congruent","Congruent","Congruent","Congruent",117.99903,118.19903,"6^",0.623034,"Correct","Correct","Correct","Correct"
"13",60,"7_8_stimuli","7_7","Congruent","Congruent","Congruent","Congruent",119.999018,120.199012,"7&",0.415006,"Correct","Correct","Correct","Correct"
"13",61,"1_2_stimuli","2_2","Congruent","Congruent","Congruent","Congruent",121.999001,122.198997,"2@",0.59034,"Correct","Correct","Correct","Correct"
"13",62,"3_4_stimuli","4_3","Incongruent","Congruent","Congruent","Congruent",123.998986,124.19898,"3#",0.51104,"Correct","Correct","Correct","Correct"
"13",63,"5_6_stimuli","6_5","Incongruent","Incongruent","Congruent","Congruent",125.998971,126.198971,"5%",0.526336,"Correct","Correct","Correct","Correct"
"13",64,"7_8_stimuli","8_8","Congruent","Incongruent","Incongruent","Congruent",127.998951,128.198944,"8*",0.382715,"Correct","Correct","Correct","Correct"
"13",65,"1_2_stimuli","2_1","Incongruent","Congruent","Incongruent","Incongruent",129.998942,130.198932,"2@",0.398299,"Error","Correct","Correct","Correct"
"13",66,"3_4_stimuli","4_3","Incongruent","Incongruent","Congruent","Incongruent",131.998919,132.198918,"3#",0.350687,"Correct","Error","Correct","Correct"
"13",67,"5_6_stimuli","6_6","Congruent","Incongruent","Incongruent","Congruent",133.9989,134.198902,"6^",0.590681,"Correct","Correct","Error","Correct"
"13",68,"7_8_stimuli","7_7","Congruent","Congruent","Incongruent","Incongruent",135.998884,136.19888,"7&",0.414921,"Correct","Correct","Correct","Error"
