"Run.Number","Trial.Number","Task","Stimulus","Current.Trial.Type","Previous.Trial.Type","Previous.Trial.Type.N2","Previous.Trial.Type.N3","StimulusOnsetTime","StimulusOffsetTime","Response","RT","Accuracy","PreviousAccuracy","PreviousAccuracy.N2","Previous.Accuracy.N3"
"practice",1,"1_2_stimuli","2_2","Congruent",NA,NA,NA,1.999991,2.199993,"2@",0.896176,"Correct",NA,NA,NA
"practice",2,"3_4_stimuli","4_3","Incongruent","Congruent",NA,NA,3.999966,4.199972,"3#",1.216367,"Correct","Correct",NA,NA
"practice",3,"5_6_stimuli","6_6","Congruent","Incongruent","Congruent",NA,5.999945,6.199949,"6^",0.927869,"Correct","Correct","Correct",NA
"practice",4,"7_8_stimuli","8_7","Incongruent","Congruent","Incongruent","Congruent",7.999928,8.199919,"7&",0.960571,"Correct","Correct","Correct","Correct"
"practice",5,"1_2_stimuli","1_2","Incongruent","Incongruent","Congruent","Incongruent",9.999902,10.199904,"2@",1.072407,"Correct","Correct","Correct","Correct"
"practice",6,"3_4_stimuli","4_3","Incongruent","Incongruent","Incongruent","Congruent",11.999889,12.199891,"3#",0.896436,"Correct","Correct","Correct","Correct"
"practice",7,"5_6_stimuli","6_5","Incongruent","Incongruent","Incongruent","Incongruent",13.99987,14.199871,"5%",0.880264,"Correct","Correct","Correct","Correct"
"practice",8,"7_8_stimuli","8_8","Congruent","Incongruent","Incongruent","Incongruent",15.999848,16.199854,"8*",1.280052,"Correct","Correct","Correct","Correct"
"practice",9,"1_2_stimuli","2_1","Incongruent","Congruent","Incongruent","Incongruent",17.999834,18.199831,"1!",1.008592,"Correct","Correct","Correct","Correct"
"practice",10,"3_4_stimuli","4_3","Incongruent","Incongruent","Congruent","Incongruent",19.99981,20.199816,"3#",1.152492,"Correct","Correct","Correct","Correct"
"practice",11,"5_6_stimuli","5_6","Incongruent","Incongruent","Incongruent","Congruent",21.999791,22.199788,"Omission",5000,"Omission","Correct","Correct","Correct"
"practice",12,"7_8_stimuli","8_7","Incongruent","Incongruent","Incongruent","Incongruent",23.999774,24.199778,"7&",1.488558,"Correct","Omission","Correct","Correct"
"practice",13,"1_2_stimuli","2_1","Incongruent","Incongruent","Incongruent","Incongruent",25.999758,26.199757,"1!",0.880556,"Correct","Correct","Omission","Correct"
"practice",14,"3_4_stimuli","4_4","Congruent","Incongruent","Incongruent","Incongruent",27.999743,28.199732,"4$",0.913208,"Correct","Correct","Correct","Omission"
"practice",15,"5_6_stimuli","6_6","Congruent","Congruent","Incongruent","Incongruent",29.999712,30.199704,"6^",0.992612,"Correct","Correct","Correct","Correct"
"practice",16,"7_8_stimuli","7_8","Incongruent","Congruent","Congruent","Incongruent",31.999705,32.199696,"8*",0.848543,"Correct","Correct","Correct","Correct"
"practice",17,"1_2_stimuli","1_1","Congruent","Incongruent","Congruent","Congruent",33.999674,34.199677,"1!",0.736132,"Correct","Correct","Correct","Correct"
"practice",18,"3_4_stimuli","3_4","Incongruent","Congruent","Incongruent","Congruent",35.999655,36.199643,"4$",0.912176,"Correct","Correct","Correct","Correct"
"practice",19,"5_6_stimuli","6_5","Incongruent","Incongruent","Congruent","Incongruent",37.999645,38.199626,"5%",0.720638,"Correct","Correct","Correct","Correct"
"practice",20,"7_8_stimuli","7_7","Congruent","Incongruent","Incongruent","Congruent",39.999607,40.199613,"7&",0.944201,"Correct","Correct","Correct","Correct"
"practice",21,"1_2_stimuli","2_2","Congruent","Congruent","Incongruent","Incongruent",41.999597,42.199588,"2@",0.768749,"Correct","Correct","Correct","Correct"
"practice",22,"3_4_stimuli","4_3","Incongruent","Congruent","Congruent","Incongruent",43.999578,44.199569,"4$",1.040726,"Error","Correct","Correct","Correct"
"practice",23,"5_6_stimuli","6_5","Incongruent","Incongruent","Congruent","Congruent",45.999563,46.199553,"5%",0.832638,"Correct","Error","Correct","Correct"
"practice",24,"7_8_stimuli","7_8","Incongruent","Incongruent","Incongruent","Congruent",47.999536,48.19954,"8*",0.800221,"Correct","Correct","Error","Correct"
"practice",25,"1_2_stimuli","1_1","Congruent","Incongruent","Incongruent","Incongruent",49.999514,50.19952,"1!",0.625077,"Correct","Correct","Correct","Error"
"practice",26,"3_4_stimuli","4_4","Congruent","Congruent","Incongruent","Incongruent",51.999507,52.199499,"4$",0.769582,"Correct","Correct","Correct","Correct"
"practice",27,"5_6_stimuli","6_5","Incongruent","Congruent","Congruent","Incongruent",53.999478,54.199469,"5%",0.400957,"Correct","Correct","Correct","Correct"
"practice",28,"7_8_stimuli","8_8","Congruent","Incongruent","Congruent","Congruent",55.999458,56.199461,"8*",0.640319,"Correct","Correct","Correct","Correct"
"practice",29,"1_2_stimuli","2_2","Congruent","Congruent","Incongruent","Congruent",57.999448,58.199442,"2@",0.656855,"Correct","Correct","Correct","Correct"
"practice",30,"3_4_stimuli","4_4","Congruent","Congruent","Congruent","Incongruent",59.999422,60.199415,"4$",0.720759,"Correct","Correct","Correct","Correct"
"practice",31,"5_6_stimuli","6_6","Congruent","Congruent","Congruent","Congruent",61.9994,62.199404,"6^",0.784662,"Correct","Correct","Correct","Correct"
"practice",32,"7_8_stimuli","8_8","Congruent","Congruent","Congruent","Congruent",63.999391,64.199378,"8*",0.736818,"Correct","Correct","Correct","Correct"
"practice",33,"1_2_stimuli","1_2","Incongruent","Congruent","Congruent","Congruent",65.999365,66.199364,"2@",0.656944,"Correct","Correct","Correct","Correct"
"practice",34,"3_4_stimuli","3_3","Congruent","Incongruent","Congruent","Congruent",67.99934,68.199344,"3#",0.832424,"Correct","Correct","Correct","Correct"
"practice",35,"5_6_stimuli","5_5","Congruent","Congruent","Incongruent","Congruent",69.999325,70.199319,"5%",1.057071,"Correct","Correct","Correct","Correct"
"practice",36,"7_8_stimuli","8_8","Congruent","Congruent","Congruent","Incongruent",71.9993,72.199305,"8*",0.784478,"Correct","Correct","Correct","Correct"
"practice",37,"1_2_stimuli","1_1","Congruent","Congruent","Congruent","Congruent",73.999277,74.199292,"1!",0.689001,"Correct","Correct","Correct","Correct"
"practice",38,"3_4_stimuli","3_3","Congruent","Congruent","Congruent","Congruent",75.999258,76.199257,"3#",0.752912,"Correct","Correct","Correct","Correct"
"practice",39,"5_6_stimuli","5_6","Incongruent","Congruent","Congruent","Congruent",77.999235,78.199239,"6^",0.848869,"Correct","Correct","Correct","Correct"
"practice",40,"7_8_stimuli","8_7","Incongruent","Incongruent","Congruent","Congruent",79.999219,80.199223,"7&",0.737181,"Correct","Correct","Correct","Correct"
"practice",41,"1_2_stimuli","1_2","Incongruent","Incongruent","Incongruent","Congruent",81.999209,82.19921,"2@",0.720956,"Correct","Correct","Correct","Correct"
"practice",42,"3_4_stimuli","3_4","Incongruent","Incongruent","Incongruent","Incongruent",83.999181,84.199188,"4$",0.752596,"Correct","Correct","Correct","Correct"
"practice",43,"5_6_stimuli","5_5","Congruent","Incongruent","Incongruent","Incongruent",85.999158,86.199169,"5%",0.673062,"Correct","Correct","Correct","Correct"
"practice",44,"7_8_stimuli","7_7","Congruent","Congruent","Incongruent","Incongruent",87.99914,88.19915,"7&",0.720582,"Correct","Correct","Correct","Correct"
"practice",45,"1_2_stimuli","2_2","Congruent","Congruent","Congruent","Incongruent",89.999123,90.199117,"2@",0.70523,"Correct","Correct","Correct","Correct"
"practice",46,"3_4_stimuli","3_4","Incongruent","Congruent","Congruent","Congruent",91.999109,92.199097,"4$",0.640601,"Correct","Correct","Correct","Correct"
"practice",47,"5_6_stimuli","5_5","Congruent","Incongruent","Congruent","Congruent",93.999088,94.199083,"5%",0.640593,"Correct","Correct","Correct","Correct"
"practice",48,"7_8_stimuli","7_8","Incongruent","Congruent","Incongruent","Congruent",95.999072,96.19906,"8*",0.832633,"Correct","Correct","Correct","Correct"
"practice",49,"1_2_stimuli","2_2","Congruent","Incongruent","Congruent","Incongruent",97.999047,98.199056,"2@",0.897883,"Correct","Correct","Correct","Correct"
"practice",50,"3_4_stimuli","4_4","Congruent","Congruent","Incongruent","Congruent",99.999033,100.199027,"4$",0.865274,"Correct","Correct","Correct","Correct"
"practice",51,"5_6_stimuli","6_6","Congruent","Congruent","Congruent","Incongruent",101.999011,102.199012,"6^",0.736671,"Correct","Correct","Correct","Correct"
"practice",52,"7_8_stimuli","7_8","Incongruent","Congruent","Congruent","Congruent",103.998993,104.198989,"8*",0.816625,"Correct","Correct","Correct","Correct"
"practice",53,"1_2_stimuli","2_1","Incongruent","Incongruent","Congruent","Congruent",105.998975,106.198967,"1!",0.769074,"Correct","Correct","Correct","Correct"
"practice",54,"3_4_stimuli","3_3","Congruent","Incongruent","Incongruent","Congruent",107.998947,108.198954,"3#",1.360868,"Correct","Correct","Correct","Correct"
"practice",55,"5_6_stimuli","5_6","Incongruent","Congruent","Incongruent","Incongruent",109.998931,110.198934,"5%",1.120795,"Error","Correct","Correct","Correct"
"practice",56,"7_8_stimuli","7_7","Congruent","Incongruent","Congruent","Incongruent",111.998913,112.198914,"Omission",5000,"Omission","Error","Correct","Correct"
"practice",57,"1_2_stimuli","2_1","Incongruent","Congruent","Incongruent","Congruent",113.998888,114.198898,"Omission",5000,"Omission","Omission","Error","Correct"
"practice",58,"3_4_stimuli","3_3","Congruent","Incongruent","Congruent","Incongruent",115.998876,116.198877,"3#",1.072781,"Correct","Omission","Omission","Error"
"practice",59,"5_6_stimuli","5_6","Incongruent","Congruent","Incongruent","Congruent",117.998862,118.198856,"6^",0.817438,"Correct","Correct","Omission","Omission"
"practice",60,"7_8_stimuli","8_7","Incongruent","Incongruent","Congruent","Incongruent",119.998836,120.198832,"7&",0.945276,"Correct","Correct","Correct","Omission"
"practice",61,"1_2_stimuli","1_1","Congruent","Incongruent","Incongruent","Congruent",121.99882,122.198816,"1!",0.512864,"Correct","Correct","Correct","Correct"
"practice",62,"3_4_stimuli","3_4","Incongruent","Congruent","Incongruent","Incongruent",123.998789,124.198797,"4$",0.721301,"Correct","Correct","Correct","Correct"
"practice",63,"5_6_stimuli","6_6","Congruent","Incongruent","Congruent","Incongruent",125.998776,126.198777,"6^",1.137556,"Correct","Correct","Correct","Correct"
"practice",64,"7_8_stimuli","7_7","Congruent","Congruent","Incongruent","Congruent",127.99876,128.198748,"7&",0.512924,"Correct","Correct","Correct","Correct"
"practice",65,"1_2_stimuli","1_2","Incongruent","Congruent","Congruent","Incongruent",129.998735,130.198735,"2@",0.609551,"Correct","Correct","Correct","Correct"
"practice",66,"3_4_stimuli","4_3","Incongruent","Incongruent","Congruent","Congruent",131.998719,132.198722,"3#",0.72123,"Correct","Correct","Correct","Correct"
"practice",67,"5_6_stimuli","5_5","Congruent","Incongruent","Incongruent","Congruent",133.998704,134.198704,"5%",0.961533,"Correct","Correct","Correct","Correct"
"practice",68,"7_8_stimuli","8_7","Incongruent","Congruent","Incongruent","Incongruent",135.998679,136.198675,"7&",0.736978,"Correct","Correct","Correct","Correct"
"1",1,"1_2_stimuli","1_1","Congruent",NA,NA,NA,1.999957,2.199958,"1!",0.555764,"Correct",NA,NA,NA
"1",2,"3_4_stimuli","3_4","Incongruent","Congruent",NA,NA,3.999937,4.199943,"4$",0.79512,"Correct","Correct",NA,NA
"1",3,"5_6_stimuli","6_6","Congruent","Incongruent","Congruent",NA,5.999911,6.199914,"6^",0.843156,"Correct","Correct","Correct",NA
"1",4,"7_8_stimuli","7_7","Congruent","Congruent","Incongruent","Congruent",7.999897,8.199894,"7&",0.635138,"Correct","Correct","Correct","Correct"
"1",5,"1_2_stimuli","1_2","Incongruent","Congruent","Congruent","Incongruent",9.999875,10.199876,"2@",0.522944,"Correct","Correct","Correct","Correct"
"1",6,"3_4_stimuli","3_4","Incongruent","Incongruent","Congruent","Congruent",11.999851,12.199857,"4$",0.842712,"Correct","Correct","Correct","Correct"
"1",7,"5_6_stimuli","5_6","Incongruent","Incongruent","Incongruent","Congruent",13.999834,14.199829,"7&",0.891027,"Error","Correct","Correct","Correct"
"1",8,"7_8_stimuli","8_7","Incongruent","Incongruent","Incongruent","Incongruent",15.999815,16.199822,"7&",0.667293,"Correct","Error","Correct","Correct"
"1",9,"1_2_stimuli","1_1","Congruent","Incongruent","Incongruent","Incongruent",17.999805,18.199798,"1!",0.618742,"Correct","Correct","Error","Correct"
"1",10,"3_4_stimuli","4_4","Congruent","Congruent","Incongruent","Incongruent",19.999779,20.199778,"4$",0.826737,"Correct","Correct","Correct","Error"
"1",11,"5_6_stimuli","6_5","Incongruent","Congruent","Congruent","Incongruent",21.999756,22.199766,"5%",0.699617,"Correct","Correct","Correct","Correct"
"1",12,"7_8_stimuli","8_7","Incongruent","Incongruent","Congruent","Congruent",23.999739,24.199743,"7&",1.162802,"Correct","Correct","Correct","Correct"
"1",13,"1_2_stimuli","1_2","Incongruent","Incongruent","Incongruent","Congruent",25.999719,26.19972,"2@",0.650806,"Correct","Correct","Correct","Correct"
"1",14,"3_4_stimuli","4_3","Incongruent","Incongruent","Incongruent","Incongruent",27.999693,28.199706,"4$",0.82683,"Error","Correct","Correct","Correct"
"1",15,"5_6_stimuli","6_6","Congruent","Incongruent","Incongruent","Incongruent",29.999679,30.199683,"6^",0.923272,"Correct","Error","Correct","Correct"
"1",16,"7_8_stimuli","7_8","Incongruent","Congruent","Incongruent","Incongruent",31.999655,32.199653,"7&",0.763281,"Error","Correct","Error","Correct"
"1",17,"1_2_stimuli","1_2","Incongruent","Incongruent","Congruent","Incongruent",33.999644,34.199643,"2@",0.747291,"Correct","Error","Correct","Error"
"1",18,"3_4_stimuli","3_4","Incongruent","Incongruent","Incongruent","Congruent",35.999634,36.199619,"4$",0.763009,"Correct","Correct","Error","Correct"
"1",19,"5_6_stimuli","5_6","Incongruent","Incongruent","Incongruent","Incongruent",37.999615,38.199613,"7&",1.035551,"Error","Correct","Correct","Error"
"1",20,"7_8_stimuli","7_7","Congruent","Incongruent","Incongruent","Incongruent",39.999591,40.199591,"7&",0.683471,"Correct","Error","Correct","Correct"
"1",21,"1_2_stimuli","2_2","Congruent","Congruent","Incongruent","Incongruent",41.999561,42.199562,"2@",0.554909,"Correct","Correct","Error","Correct"
"1",22,"3_4_stimuli","4_4","Congruent","Congruent","Congruent","Incongruent",43.999548,44.199552,"4$",0.63563,"Correct","Correct","Correct","Error"
"1",23,"5_6_stimuli","5_6","Incongruent","Congruent","Congruent","Congruent",45.999527,46.199536,"6^",1.003023,"Correct","Correct","Correct","Correct"
"1",24,"7_8_stimuli","8_8","Congruent","Incongruent","Congruent","Congruent",47.999505,48.199511,"8*",1.051071,"Correct","Correct","Correct","Correct"
"1",25,"1_2_stimuli","2_1","Incongruent","Congruent","Incongruent","Congruent",49.999483,50.19949,"1!",0.603574,"Correct","Correct","Correct","Correct"
"1",26,"3_4_stimuli","4_3","Incongruent","Incongruent","Congruent","Incongruent",51.999476,52.199462,"3#",0.794993,"Correct","Correct","Correct","Correct"
"1",27,"5_6_stimuli","6_6","Congruent","Incongruent","Incongruent","Congruent",53.999449,54.199439,"6^",1.018991,"Correct","Correct","Correct","Correct"
"1",28,"7_8_stimuli","7_7","Congruent","Congruent","Incongruent","Incongruent",55.999433,56.199429,"7&",0.587426,"Correct","Correct","Correct","Correct"
"1",29,"1_2_stimuli","2_2","Congruent","Congruent","Congruent","Incongruent",57.99941,58.199408,"2@",0.554558,"Correct","Correct","Correct","Correct"
"1",30,"3_4_stimuli","3_4","Incongruent","Congruent","Congruent","Congruent",59.999385,60.199385,"4$",0.587071,"Correct","Correct","Correct","Correct"
"1",31,"5_6_stimuli","5_6","Incongruent","Incongruent","Congruent","Congruent",61.999363,62.199373,"6^",1.131716,"Correct","Correct","Correct","Correct"
"1",32,"7_8_stimuli","7_8","Incongruent","Incongruent","Incongruent","Congruent",63.999352,64.199346,"8*",0.731704,"Correct","Correct","Correct","Correct"
"1",33,"1_2_stimuli","2_1","Incongruent","Incongruent","Incongruent","Incongruent",65.999327,66.199328,"1!",0.779119,"Correct","Correct","Correct","Correct"
"1",34,"3_4_stimuli","3_3","Congruent","Incongruent","Incongruent","Incongruent",67.999319,68.199317,"3#",1.13173,"Correct","Correct","Correct","Correct"
"1",35,"5_6_stimuli","5_5","Congruent","Congruent","Incongruent","Incongruent",69.9993,70.199298,"5%",0.763584,"Correct","Correct","Correct","Correct"
"1",36,"7_8_stimuli","8_8","Congruent","Congruent","Congruent","Incongruent",71.999272,72.19927,"8*",0.747175,"Correct","Correct","Correct","Correct"
"1",37,"1_2_stimuli","1_1","Congruent","Congruent","Congruent","Congruent",73.999259,74.199264,"1!",0.491765,"Correct","Correct","Correct","Correct"
"1",38,"3_4_stimuli","4_4","Congruent","Congruent","Congruent","Congruent",75.999236,76.199228,"4$",0.587703,"Correct","Correct","Correct","Correct"
"1",39,"5_6_stimuli","6_6","Congruent","Congruent","Congruent","Congruent",77.999213,78.199211,"6^",0.939198,"Correct","Correct","Correct","Correct"
"1",40,"7_8_stimuli","8_7","Incongruent","Congruent","Congruent","Congruent",79.999189,80.199178,"6^",0.747777,"Error","Correct","Correct","Correct"
"1",41,"1_2_stimuli","1_1","Congruent","Incongruent","Congruent","Congruent",81.999188,82.199173,"1!",0.667332,"Correct","Error","Correct","Correct"
"1",42,"3_4_stimuli","3_3","Congruent","Congruent","Incongruent","Congruent",83.999152,84.19916,"3#",1.163304,"Correct","Correct","Error","Correct"
"1",43,"5_6_stimuli","5_5","Congruent","Congruent","Congruent","Incongruent",85.99914,86.199144,"5%",0.9553,"Correct","Correct","Correct","Error"
"1",44,"7_8_stimuli","7_7","Congruent","Congruent","Congruent","Congruent",87.999126,88.199119,"7&",1.32393,"Correct","Correct","Correct","Correct"
"1",45,"1_2_stimuli","2_1","Incongruent","Congruent","Congruent","Congruent",89.999092,90.1991,"2@",0.875775,"Error","Correct","Correct","Correct"
"1",46,"3_4_stimuli","4_4","Congruent","Incongruent","Congruent","Congruent",91.999085,92.19908,"4$",0.8436,"Correct","Error","Correct","Correct"
"1",47,"5_6_stimuli","6_5","Incongruent","Congruent","Incongruent","Congruent",93.99906,94.199055,"5%",0.892039,"Correct","Correct","Error","Correct"
"1",48,"7_8_stimuli","8_7","Incongruent","Incongruent","Congruent","Incongruent",95.999035,96.199037,"7&",1.100197,"Correct","Correct","Correct","Error"
"1",49,"1_2_stimuli","1_1","Congruent","Incongruent","Incongruent","Congruent",97.999018,98.199024,"1!",0.811362,"Correct","Correct","Correct","Correct"
"1",50,"3_4_stimuli","4_3","Incongruent","Congruent","Incongruent","Incongruent",99.999002,100.198993,"3#",0.955457,"Correct","Correct","Correct","Correct"
"1",51,"5_6_stimuli","6_5","Incongruent","Incongruent","Congruent","Incongruent",101.998976,102.198984,"5%",0.923411,"Correct","Correct","Correct","Correct"
"1",52,"7_8_stimuli","8_8","Congruent","Incongruent","Incongruent","Congruent",103.998962,104.198959,"8*",0.811424,"Correct","Correct","Correct","Correct"
"1",53,"1_2_stimuli","1_2","Incongruent","Congruent","Incongruent","Incongruent",105.998946,106.198947,"2@",0.635469,"Correct","Correct","Correct","Correct"
"1",54,"3_4_stimuli","3_3","Congruent","Incongruent","Congruent","Incongruent",107.998918,108.198916,"3#",0.779457,"Correct","Correct","Correct","Correct"
"1",55,"5_6_stimuli","5_5","Congruent","Congruent","Incongruent","Congruent",109.998903,110.198901,"5%",0.971484,"Correct","Correct","Correct","Correct"
"1",56,"7_8_stimuli","7_8","Incongruent","Congruent","Congruent","Incongruent",111.998884,112.198879,"8*",1.499489,"Correct","Correct","Correct","Correct"
"1",57,"1_2_stimuli","2_1","Incongruent","Incongruent","Congruent","Congruent",113.998873,114.198863,"1!",0.604227,"Correct","Correct","Correct","Correct"
"1",58,"3_4_stimuli","3_3","Congruent","Incongruent","Incongruent","Congruent",115.998845,116.198849,"3#",0.892038,"Correct","Correct","Correct","Correct"
"1",59,"5_6_stimuli","6_5","Incongruent","Congruent","Incongruent","Incongruent",117.998834,118.198823,"5%",1.036032,"Correct","Correct","Correct","Correct"
"1",60,"7_8_stimuli","7_7","Congruent","Incongruent","Congruent","Incongruent",119.998808,120.198805,"7&",0.748035,"Correct","Correct","Correct","Correct"
"1",61,"1_2_stimuli","2_2","Congruent","Congruent","Incongruent","Congruent",121.998788,122.198788,"2@",0.619599,"Correct","Correct","Correct","Correct"
"1",62,"3_4_stimuli","3_4","Incongruent","Congruent","Congruent","Incongruent",123.998769,124.198776,"5%",0.955785,"Error","Correct","Correct","Correct"
"1",63,"5_6_stimuli","5_5","Congruent","Incongruent","Congruent","Congruent",125.998749,126.198752,"5%",0.651607,"Correct","Error","Correct","Correct"
"1",64,"7_8_stimuli","7_8","Incongruent","Congruent","Incongruent","Congruent",127.998732,128.198725,"8*",1.435872,"Correct","Correct","Error","Correct"
"1",65,"1_2_stimuli","2_2","Congruent","Incongruent","Congruent","Incongruent",129.998711,130.198709,"2@",0.571949,"Correct","Correct","Correct","Error"
"1",66,"3_4_stimuli","4_3","Incongruent","Congruent","Incongruent","Congruent",131.998687,132.198692,"3#",0.603694,"Correct","Correct","Correct","Correct"
"1",67,"5_6_stimuli","6_6","Congruent","Incongruent","Congruent","Incongruent",133.998673,134.198671,"5%",1.197052,"Error","Correct","Correct","Correct"
"1",68,"7_8_stimuli","8_8","Congruent","Congruent","Incongruent","Congruent",135.998655,136.198652,"8*",1.180447,"Correct","Error","Correct","Correct"
"2",1,"1_2_stimuli","1_1","Congruent",NA,NA,NA,1.999994,2.19998,"1!",0.605107,"Correct",NA,NA,NA
"2",2,"3_4_stimuli","3_3","Congruent","Congruent",NA,NA,3.999966,4.199975,"3#",0.78086,"Correct","Correct",NA,NA
"2",3,"5_6_stimuli","5_6","Incongruent","Congruent","Congruent",NA,5.999948,6.199948,"6^",1.052508,"Correct","Correct","Correct",NA
"2",4,"7_8_stimuli","7_7","Congruent","Incongruent","Congruent","Congruent",7.999925,8.199925,"7&",1.197162,"Correct","Correct","Correct","Correct"
"2",5,"1_2_stimuli","2_1","Incongruent","Congruent","Incongruent","Congruent",9.999916,10.199919,"1!",0.844536,"Correct","Correct","Correct","Correct"
"2",6,"3_4_stimuli","4_4","Congruent","Incongruent","Congruent","Incongruent",11.999893,12.199895,"4$",0.876469,"Correct","Correct","Correct","Correct"
"2",7,"5_6_stimuli","6_5","Incongruent","Congruent","Incongruent","Congruent",13.999874,14.199872,"5%",0.79659,"Correct","Correct","Correct","Correct"
"2",8,"7_8_stimuli","7_8","Incongruent","Incongruent","Congruent","Incongruent",15.999854,16.199851,"8*",0.748531,"Correct","Correct","Correct","Correct"
"2",9,"1_2_stimuli","2_1","Incongruent","Incongruent","Incongruent","Congruent",17.999835,18.199833,"1!",0.605111,"Correct","Correct","Correct","Correct"
"2",10,"3_4_stimuli","3_4","Incongruent","Incongruent","Incongruent","Incongruent",19.999818,20.199818,"4$",0.700534,"Correct","Correct","Correct","Correct"
"2",11,"5_6_stimuli","6_6","Congruent","Incongruent","Incongruent","Incongruent",21.999799,22.199792,"6^",1.309167,"Correct","Correct","Correct","Correct"
"2",12,"7_8_stimuli","7_7","Congruent","Congruent","Incongruent","Incongruent",23.999782,24.199784,"7&",0.733095,"Correct","Correct","Correct","Correct"
"2",13,"1_2_stimuli","1_1","Congruent","Congruent","Congruent","Incongruent",25.999764,26.199765,"1!",0.573087,"Correct","Correct","Correct","Correct"
"2",14,"3_4_stimuli","3_3","Congruent","Congruent","Congruent","Congruent",27.999738,28.199737,"3#",0.941141,"Correct","Correct","Correct","Correct"
"2",15,"5_6_stimuli","5_5","Congruent","Congruent","Congruent","Congruent",29.999723,30.199722,"5%",0.957486,"Correct","Correct","Correct","Correct"
"2",16,"7_8_stimuli","8_7","Incongruent","Congruent","Congruent","Congruent",31.999705,32.199699,"6^",1.165439,"Error","Correct","Correct","Correct"
"2",17,"1_2_stimuli","1_1","Congruent","Incongruent","Congruent","Congruent",33.999681,34.199676,"1!",0.589288,"Correct","Error","Correct","Correct"
"2",18,"3_4_stimuli","4_3","Incongruent","Congruent","Incongruent","Congruent",35.999661,36.199654,"3#",0.861436,"Correct","Correct","Error","Correct"
"2",19,"5_6_stimuli","6_6","Congruent","Incongruent","Congruent","Incongruent",37.999642,38.199638,"6^",1.436764,"Correct","Correct","Correct","Error"
"2",20,"7_8_stimuli","8_8","Congruent","Congruent","Incongruent","Congruent",39.999613,40.199624,"8*",0.684792,"Correct","Correct","Correct","Correct"
"2",21,"1_2_stimuli","1_2","Incongruent","Congruent","Congruent","Incongruent",41.999603,42.199591,"2@",0.685208,"Correct","Correct","Correct","Correct"
"2",22,"3_4_stimuli","4_4","Congruent","Incongruent","Congruent","Congruent",43.999581,44.199581,"4$",0.685438,"Correct","Correct","Correct","Correct"
"2",23,"5_6_stimuli","5_5","Congruent","Congruent","Incongruent","Congruent",45.999568,46.19956,"5%",0.860802,"Correct","Correct","Correct","Correct"
"2",24,"7_8_stimuli","8_8","Congruent","Congruent","Congruent","Incongruent",47.99954,48.199536,"8*",0.653526,"Correct","Correct","Correct","Correct"
"2",25,"1_2_stimuli","1_2","Incongruent","Congruent","Congruent","Congruent",49.999523,50.199526,"2@",0.989117,"Correct","Correct","Correct","Correct"
"2",26,"3_4_stimuli","4_3","Incongruent","Incongruent","Congruent","Congruent",51.99951,52.199507,"3#",0.956829,"Correct","Correct","Correct","Correct"
"2",27,"5_6_stimuli","6_5","Incongruent","Incongruent","Incongruent","Congruent",53.999486,54.199488,"5%",0.957459,"Correct","Correct","Correct","Correct"
"2",28,"7_8_stimuli","8_8","Congruent","Incongruent","Incongruent","Incongruent",55.999466,56.199462,"8*",0.924847,"Correct","Correct","Correct","Correct"
"2",29,"1_2_stimuli","1_2","Incongruent","Congruent","Incongruent","Incongruent",57.999451,58.199446,"2@",0.717464,"Correct","Correct","Correct","Correct"
"2",30,"3_4_stimuli","3_4","Incongruent","Incongruent","Congruent","Incongruent",59.999425,60.199427,"4$",0.84521,"Correct","Correct","Correct","Correct"
"2",31,"5_6_stimuli","6_6","Congruent","Incongruent","Incongruent","Congruent",61.999413,62.199407,"6^",1.053358,"Correct","Correct","Correct","Correct"
"2",32,"7_8_stimuli","8_7","Incongruent","Congruent","Incongruent","Incongruent",63.9994,64.199383,"7&",1.053568,"Correct","Correct","Correct","Correct"
"2",33,"1_2_stimuli","2_2","Congruent","Incongruent","Congruent","Incongruent",65.999364,66.199369,"2@",0.973344,"Correct","Correct","Correct","Correct"
"2",34,"3_4_stimuli","4_4","Congruent","Congruent","Incongruent","Congruent",67.999344,68.199351,"4$",0.973444,"Correct","Correct","Correct","Correct"
"2",35,"5_6_stimuli","6_5","Incongruent","Congruent","Congruent","Incongruent",69.999335,70.199323,"5%",1.005646,"Correct","Correct","Correct","Correct"
"2",36,"7_8_stimuli","7_7","Congruent","Incongruent","Congruent","Congruent",71.999317,72.199301,"7&",1.277243,"Correct","Correct","Correct","Correct"
"2",37,"1_2_stimuli","2_2","Congruent","Congruent","Incongruent","Congruent",73.999293,74.199287,"2@",0.82902,"Correct","Correct","Correct","Correct"
"2",38,"3_4_stimuli","4_3","Incongruent","Congruent","Congruent","Incongruent",75.999278,76.199266,"3#",0.621074,"Correct","Correct","Correct","Correct"
"2",39,"5_6_stimuli","6_6","Congruent","Incongruent","Congruent","Congruent",77.999259,78.19925,"6^",1.165659,"Correct","Correct","Correct","Correct"
"2",40,"7_8_stimuli","7_8","Incongruent","Congruent","Incongruent","Congruent",79.999258,80.199236,"8*",0.797501,"Correct","Correct","Correct","Correct"
"2",41,"1_2_stimuli","2_1","Incongruent","Incongruent","Congruent","Incongruent",81.999212,82.199213,"1!",0.605062,"Correct","Correct","Correct","Correct"
"2",42,"3_4_stimuli","4_4","Congruent","Incongruent","Incongruent","Congruent",83.999192,84.199186,"4$",0.637087,"Correct","Correct","Correct","Correct"
"2",43,"5_6_stimuli","5_5","Congruent","Congruent","Incongruent","Incongruent",85.999171,86.199176,"5%",0.717158,"Correct","Correct","Correct","Correct"
"2",44,"7_8_stimuli","8_7","Incongruent","Congruent","Congruent","Incongruent",87.99915,88.199149,"Omission",5000,"Omission","Correct","Correct","Correct"
"2",45,"1_2_stimuli","2_1","Incongruent","Incongruent","Congruent","Congruent",89.999132,90.199135,"1!",0.637662,"Correct","Omission","Correct","Correct"
"2",46,"3_4_stimuli","3_4","Incongruent","Incongruent","Incongruent","Congruent",91.999115,92.199107,"4$",0.909179,"Correct","Correct","Omission","Correct"
"2",47,"5_6_stimuli","5_6","Incongruent","Incongruent","Incongruent","Incongruent",93.999108,94.199107,"6^",1.069194,"Correct","Correct","Correct","Omission"
"2",48,"7_8_stimuli","7_8","Incongruent","Incongruent","Incongruent","Incongruent",95.99908,96.199081,"8*",1.03765,"Correct","Correct","Correct","Correct"
"2",49,"1_2_stimuli","2_2","Congruent","Incongruent","Incongruent","Incongruent",97.99906,98.199053,"2@",0.58967,"Correct","Correct","Correct","Correct"
"2",50,"3_4_stimuli","3_4","Incongruent","Congruent","Incongruent","Incongruent",99.999033,100.199036,"4$",0.765731,"Correct","Correct","Correct","Correct"
"2",51,"5_6_stimuli","5_6","Incongruent","Incongruent","Congruent","Incongruent",101.999017,102.199019,"6^",1.021609,"Correct","Correct","Correct","Correct"
"2",52,"7_8_stimuli","7_7","Congruent","Incongruent","Incongruent","Congruent",103.998996,104.199,"7&",0.814004,"Correct","Correct","Correct","Correct"
"2",53,"1_2_stimuli","1_1","Congruent","Congruent","Incongruent","Incongruent",105.998976,106.198979,"1!",0.81387,"Correct","Correct","Correct","Correct"
"2",54,"3_4_stimuli","3_3","Congruent","Congruent","Congruent","Incongruent",107.998964,108.198961,"3#",0.989739,"Correct","Correct","Correct","Correct"
"2",55,"5_6_stimuli","5_6","Incongruent","Congruent","Congruent","Congruent",109.998946,110.198946,"6^",1.213862,"Correct","Correct","Correct","Correct"
"2",56,"7_8_stimuli","7_8","Incongruent","Incongruent","Congruent","Congruent",111.99893,112.19892,"8*",0.765351,"Correct","Correct","Correct","Correct"
"2",57,"1_2_stimuli","1_1","Congruent","Incongruent","Incongruent","Congruent",113.99891,114.198899,"1!",0.59006,"Correct","Correct","Correct","Correct"
"2",58,"3_4_stimuli","3_3","Congruent","Congruent","Incongruent","Incongruent",115.998879,116.198886,"3#",0.9738,"Correct","Correct","Correct","Correct"
"2",59,"5_6_stimuli","5_5","Congruent","Congruent","Congruent","Incongruent",117.998864,118.198863,"5%",1.005382,"Correct","Correct","Correct","Correct"
"2",60,"7_8_stimuli","7_7","Congruent","Congruent","Congruent","Congruent",119.998846,120.198849,"7&",0.877739,"Correct","Correct","Correct","Correct"
"2",61,"1_2_stimuli","2_2","Congruent","Congruent","Congruent","Congruent",121.998823,122.198832,"2@",0.733887,"Correct","Correct","Correct","Correct"
"2",62,"3_4_stimuli","4_3","Incongruent","Congruent","Congruent","Congruent",123.998815,124.198807,"3#",1.261881,"Correct","Correct","Correct","Correct"
"2",63,"5_6_stimuli","6_5","Incongruent","Incongruent","Congruent","Congruent",125.99879,126.198787,"5%",0.845719,"Correct","Correct","Correct","Correct"
"2",64,"7_8_stimuli","8_7","Incongruent","Incongruent","Incongruent","Congruent",127.99877,128.198763,"7&",1.005864,"Correct","Correct","Correct","Correct"
"2",65,"1_2_stimuli","1_2","Incongruent","Incongruent","Incongruent","Incongruent",129.998752,130.198753,"2@",0.765468,"Correct","Correct","Correct","Correct"
"2",66,"3_4_stimuli","3_3","Congruent","Incongruent","Incongruent","Incongruent",131.998731,132.198724,"Omission",5000,"Omission","Correct","Correct","Correct"
"2",67,"5_6_stimuli","5_6","Incongruent","Congruent","Incongruent","Incongruent",133.998725,134.198706,"5%",1.485973,"Error","Omission","Correct","Correct"
"2",68,"7_8_stimuli","8_8","Congruent","Incongruent","Congruent","Incongruent",135.998693,136.198689,"8*",0.654101,"Correct","Error","Omission","Correct"
"3",1,"1_2_stimuli","1_1","Congruent",NA,NA,NA,1.999969,2.199979,"1!",0.580174,"Correct",NA,NA,NA
"3",2,"3_4_stimuli","4_3","Incongruent","Congruent",NA,NA,3.999948,4.199958,"3#",1.044018,"Correct","Correct",NA,NA
"3",3,"5_6_stimuli","5_6","Incongruent","Incongruent","Congruent",NA,5.999936,6.199932,"6^",1.1082,"Correct","Correct","Correct",NA
"3",4,"7_8_stimuli","8_7","Incongruent","Incongruent","Incongruent","Congruent",7.999915,8.199913,"7&",0.596309,"Correct","Correct","Correct","Correct"
"3",5,"1_2_stimuli","1_1","Congruent","Incongruent","Incongruent","Incongruent",9.999902,10.199898,"1!",0.547664,"Correct","Correct","Correct","Correct"
"3",6,"3_4_stimuli","4_4","Congruent","Congruent","Incongruent","Incongruent",11.999879,12.199879,"4$",0.628008,"Correct","Correct","Correct","Correct"
"3",7,"5_6_stimuli","6_5","Incongruent","Congruent","Congruent","Incongruent",13.999862,14.199866,"5%",0.659928,"Correct","Correct","Correct","Correct"
"3",8,"7_8_stimuli","8_7","Incongruent","Incongruent","Congruent","Congruent",15.999819,16.199837,"6^",0.820621,"Error","Correct","Correct","Correct"
"3",9,"1_2_stimuli","2_2","Congruent","Incongruent","Incongruent","Congruent",17.99982,18.199821,"2@",0.611709,"Correct","Error","Correct","Correct"
"3",10,"3_4_stimuli","3_4","Incongruent","Congruent","Incongruent","Incongruent",19.999798,20.199794,"4$",1.02776,"Correct","Correct","Error","Correct"
"3",11,"5_6_stimuli","5_6","Incongruent","Incongruent","Congruent","Incongruent",21.999778,22.199777,"7&",0.692351,"Error","Correct","Correct","Error"
"3",12,"7_8_stimuli","8_8","Congruent","Incongruent","Incongruent","Congruent",23.999758,24.199765,"8*",0.724738,"Correct","Error","Correct","Correct"
"3",13,"1_2_stimuli","1_2","Incongruent","Congruent","Incongruent","Incongruent",25.999734,26.199743,"2@",0.805003,"Correct","Correct","Error","Correct"
"3",14,"3_4_stimuli","3_4","Incongruent","Incongruent","Congruent","Incongruent",27.999731,28.199717,"4$",0.740318,"Correct","Correct","Correct","Error"
"3",15,"5_6_stimuli","6_5","Incongruent","Incongruent","Incongruent","Congruent",29.999696,30.199707,"5%",0.868374,"Correct","Correct","Correct","Correct"
"3",16,"7_8_stimuli","7_8","Incongruent","Incongruent","Incongruent","Incongruent",31.99968,32.199681,"8*",0.723858,"Correct","Correct","Correct","Correct"
"3",17,"1_2_stimuli","1_2","Incongruent","Incongruent","Incongruent","Incongruent",33.999664,34.199661,"2@",0.724408,"Correct","Correct","Correct","Correct"
"3",18,"3_4_stimuli","4_3","Incongruent","Incongruent","Incongruent","Incongruent",35.999644,36.199644,"3#",0.836303,"Correct","Correct","Correct","Correct"
"3",19,"5_6_stimuli","6_5","Incongruent","Incongruent","Incongruent","Incongruent",37.999621,38.199628,"5%",0.915981,"Correct","Correct","Correct","Correct"
"3",20,"7_8_stimuli","7_7","Congruent","Incongruent","Incongruent","Incongruent",39.99961,40.1996,"7&",0.787898,"Correct","Correct","Correct","Correct"
"3",21,"1_2_stimuli","1_1","Congruent","Congruent","Incongruent","Incongruent",41.999583,42.199587,"1!",0.500661,"Correct","Correct","Correct","Correct"
"3",22,"3_4_stimuli","3_4","Incongruent","Congruent","Congruent","Incongruent",43.999575,44.199564,"3#",1.235951,"Error","Correct","Correct","Correct"
"3",23,"5_6_stimuli","6_6","Congruent","Incongruent","Congruent","Congruent",45.999553,46.199547,"7&",0.916237,"Error","Error","Correct","Correct"
"3",24,"7_8_stimuli","8_8","Congruent","Congruent","Incongruent","Congruent",47.999531,48.199527,"8*",0.580837,"Correct","Error","Error","Correct"
"3",25,"1_2_stimuli","1_2","Incongruent","Congruent","Congruent","Incongruent",49.999515,50.199508,"2@",0.772327,"Correct","Correct","Error","Error"
"3",26,"3_4_stimuli","4_4","Congruent","Incongruent","Congruent","Congruent",51.999485,52.199485,"4$",0.724453,"Correct","Correct","Correct","Error"
"3",27,"5_6_stimuli","5_6","Incongruent","Congruent","Incongruent","Congruent",53.999464,54.199464,"Omission",5000,"Omission","Correct","Correct","Correct"
"3",28,"7_8_stimuli","8_7","Incongruent","Incongruent","Congruent","Incongruent",55.999453,56.199438,"7&",0.708766,"Correct","Omission","Correct","Correct"
"3",29,"1_2_stimuli","2_1","Incongruent","Incongruent","Incongruent","Congruent",57.99943,58.199422,"1!",0.628447,"Correct","Correct","Omission","Correct"
"3",30,"3_4_stimuli","3_3","Congruent","Incongruent","Incongruent","Incongruent",59.999405,60.199407,"3#",0.756134,"Correct","Correct","Correct","Omission"
"3",31,"5_6_stimuli","6_6","Congruent","Congruent","Incongruent","Incongruent",61.999398,62.199402,"6^",1.012094,"Correct","Correct","Correct","Correct"
"3",32,"7_8_stimuli","8_8","Congruent","Congruent","Congruent","Incongruent",63.999379,64.19937,"8*",1.012273,"Correct","Correct","Correct","Correct"
"3",33,"1_2_stimuli","2_1","Incongruent","Congruent","Congruent","Congruent",65.999349,66.199352,"1!",0.644174,"Correct","Correct","Correct","Correct"
"3",34,"3_4_stimuli","3_4","Incongruent","Incongruent","Congruent","Congruent",67.999331,68.199333,"4$",1.124575,"Correct","Correct","Correct","Correct"
"3",35,"5_6_stimuli","6_6","Congruent","Incongruent","Incongruent","Congruent",69.999313,70.19931,"7&",0.836923,"Error","Correct","Correct","Correct"
"3",36,"7_8_stimuli","7_8","Incongruent","Congruent","Incongruent","Incongruent",71.99929,72.199299,"8*",0.596637,"Correct","Error","Correct","Correct"
"3",37,"1_2_stimuli","1_1","Congruent","Incongruent","Congruent","Incongruent",73.999276,74.19927,"1!",0.596723,"Correct","Correct","Error","Correct"
"3",38,"3_4_stimuli","3_3","Congruent","Congruent","Incongruent","Congruent",75.999247,76.19925,"3#",0.91673,"Correct","Correct","Correct","Error"
"3",39,"5_6_stimuli","5_5","Congruent","Congruent","Congruent","Incongruent",77.999245,78.199236,"5%",0.88478,"Correct","Correct","Correct","Correct"
"3",40,"7_8_stimuli","8_7","Incongruent","Congruent","Congruent","Congruent",79.99921,80.199216,"7&",1.028259,"Correct","Correct","Correct","Correct"
"3",41,"1_2_stimuli","2_2","Congruent","Incongruent","Congruent","Congruent",81.999201,82.199187,"2@",0.932865,"Correct","Correct","Correct","Correct"
"3",42,"3_4_stimuli","4_3","Incongruent","Congruent","Incongruent","Congruent",83.99917,84.199179,"4$",0.964456,"Error","Correct","Correct","Correct"
"3",43,"5_6_stimuli","5_5","Congruent","Incongruent","Congruent","Incongruent",85.999154,86.199158,"4$",1.236826,"Error","Error","Correct","Correct"
"3",44,"7_8_stimuli","7_8","Incongruent","Congruent","Incongruent","Congruent",87.999134,88.199131,"8*",0.868774,"Correct","Error","Error","Correct"
"3",45,"1_2_stimuli","1_2","Incongruent","Incongruent","Congruent","Incongruent",89.999117,90.199109,"2@",0.756698,"Correct","Correct","Error","Error"
"3",46,"3_4_stimuli","3_3","Congruent","Incongruent","Incongruent","Congruent",91.999102,92.199101,"4$",0.772376,"Error","Correct","Correct","Error"
"3",47,"5_6_stimuli","6_5","Incongruent","Congruent","Incongruent","Incongruent",93.999077,94.199076,"5%",0.788407,"Correct","Error","Correct","Correct"
"3",48,"7_8_stimuli","7_7","Congruent","Incongruent","Congruent","Incongruent",95.99906,96.199063,"7&",0.900355,"Correct","Correct","Error","Correct"
"3",49,"1_2_stimuli","2_1","Incongruent","Congruent","Incongruent","Congruent",97.99904,98.199048,"1!",0.708431,"Correct","Correct","Correct","Error"
"3",50,"3_4_stimuli","4_4","Congruent","Incongruent","Congruent","Incongruent",99.999015,100.199022,"4$",0.836883,"Correct","Correct","Correct","Correct"
"3",51,"5_6_stimuli","5_5","Congruent","Congruent","Incongruent","Congruent",101.998996,102.199001,"5%",0.788523,"Correct","Correct","Correct","Correct"
"3",52,"7_8_stimuli","7_8","Incongruent","Congruent","Congruent","Incongruent",103.998987,104.198986,"8*",0.869083,"Correct","Correct","Correct","Correct"
"3",53,"1_2_stimuli","2_1","Incongruent","Incongruent","Congruent","Congruent",105.998956,106.198957,"1!",0.677505,"Correct","Correct","Correct","Correct"
"3",54,"3_4_stimuli","4_3","Incongruent","Incongruent","Incongruent","Congruent",107.998937,108.198944,"3#",0.96485,"Correct","Correct","Correct","Correct"
"3",55,"5_6_stimuli","5_5","Congruent","Incongruent","Incongruent","Incongruent",109.998919,110.198921,"5%",0.884835,"Correct","Correct","Correct","Correct"
"3",56,"7_8_stimuli","7_7","Congruent","Congruent","Incongruent","Incongruent",111.998909,112.1989,"7&",0.69256,"Correct","Correct","Correct","Correct"
"3",57,"1_2_stimuli","2_2","Congruent","Congruent","Congruent","Incongruent",113.998889,114.198878,"2@",0.693275,"Correct","Correct","Correct","Correct"
"3",58,"3_4_stimuli","4_4","Congruent","Congruent","Congruent","Congruent",115.998869,116.198863,"4$",1.092521,"Correct","Correct","Correct","Correct"
"3",59,"5_6_stimuli","5_6","Incongruent","Congruent","Congruent","Congruent",117.998852,118.19884,"7&",1.10931,"Error","Correct","Correct","Correct"
"3",60,"7_8_stimuli","8_8","Congruent","Incongruent","Congruent","Congruent",119.998825,120.19882,"8*",0.820582,"Correct","Error","Correct","Correct"
"3",61,"1_2_stimuli","2_2","Congruent","Congruent","Incongruent","Congruent",121.998801,122.198811,"2@",0.804617,"Correct","Correct","Error","Correct"
"3",62,"3_4_stimuli","3_3","Congruent","Congruent","Congruent","Incongruent",123.998786,124.198787,"3#",1.301333,"Correct","Correct","Correct","Error"
"3",63,"5_6_stimuli","6_6","Congruent","Congruent","Congruent","Congruent",125.998774,126.198766,"6^",1.301646,"Correct","Correct","Correct","Correct"
"3",64,"7_8_stimuli","7_7","Congruent","Congruent","Congruent","Congruent",127.998742,128.198746,"7&",1.172664,"Correct","Correct","Correct","Correct"
"3",65,"1_2_stimuli","1_1","Congruent","Congruent","Congruent","Congruent",129.998732,130.198726,"1!",0.964677,"Correct","Correct","Correct","Correct"
"3",66,"3_4_stimuli","4_3","Incongruent","Congruent","Congruent","Congruent",131.99871,132.198703,"3#",0.852674,"Correct","Correct","Correct","Correct"
"3",67,"5_6_stimuli","5_6","Incongruent","Incongruent","Congruent","Congruent",133.998685,134.198695,"6^",1.077373,"Correct","Correct","Correct","Correct"
"3",68,"7_8_stimuli","8_7","Incongruent","Incongruent","Incongruent","Congruent",135.998679,136.198669,"7&",1.140791,"Correct","Correct","Correct","Correct"
"4",1,"1_2_stimuli","2_1","Incongruent",NA,NA,NA,1.999986,2.199988,"2@",0.835998,"Error",NA,NA,NA
"4",2,"3_4_stimuli","3_3","Congruent","Incongruent",NA,NA,3.999959,4.199964,"3#",1.219687,"Correct","Error",NA,NA
"4",3,"5_6_stimuli","5_5","Congruent","Congruent","Incongruent",NA,5.99995,6.19994,"5%",1.155447,"Correct","Correct","Error",NA
"4",4,"7_8_stimuli","7_8","Incongruent","Congruent","Congruent","Incongruent",7.999927,8.199927,"8*",0.755484,"Correct","Correct","Correct","Error"
"4",5,"1_2_stimuli","1_1","Congruent","Incongruent","Congruent","Congruent",9.999902,10.199896,"1!",0.643983,"Correct","Correct","Correct","Correct"
"4",6,"3_4_stimuli","4_3","Incongruent","Congruent","Incongruent","Congruent",11.999882,12.199882,"3#",1.012217,"Correct","Correct","Correct","Correct"
"4",7,"5_6_stimuli","6_5","Incongruent","Incongruent","Congruent","Incongruent",13.999861,14.199859,"5%",1.027535,"Correct","Correct","Correct","Correct"
"4",8,"7_8_stimuli","7_8","Incongruent","Incongruent","Incongruent","Congruent",15.999838,16.199842,"Omission",5000,"Omission","Correct","Correct","Correct"
"4",9,"1_2_stimuli","2_1","Incongruent","Incongruent","Incongruent","Incongruent",17.99983,18.199833,"1!",0.724026,"Correct","Omission","Correct","Correct"
"4",10,"3_4_stimuli","3_4","Incongruent","Incongruent","Incongruent","Incongruent",19.999813,20.199808,"4$",0.867999,"Correct","Correct","Omission","Correct"
"4",11,"5_6_stimuli","5_6","Incongruent","Incongruent","Incongruent","Incongruent",21.999789,22.199787,"6^",1.283568,"Correct","Correct","Correct","Omission"
"4",12,"7_8_stimuli","7_8","Incongruent","Incongruent","Incongruent","Incongruent",23.999763,24.199763,"8*",0.75595,"Correct","Correct","Correct","Correct"
"4",13,"1_2_stimuli","1_1","Congruent","Incongruent","Incongruent","Incongruent",25.999745,26.199757,"1!",0.596113,"Correct","Correct","Correct","Correct"
"4",14,"3_4_stimuli","3_3","Congruent","Congruent","Incongruent","Incongruent",27.999732,28.199736,"3#",1.075646,"Correct","Correct","Correct","Correct"
"4",15,"5_6_stimuli","5_6","Incongruent","Congruent","Congruent","Incongruent",29.999718,30.199707,"6^",1.299797,"Correct","Correct","Correct","Correct"
"4",16,"7_8_stimuli","7_8","Incongruent","Incongruent","Congruent","Congruent",31.999695,32.199689,"8*",0.595686,"Correct","Correct","Correct","Correct"
"4",17,"1_2_stimuli","1_2","Incongruent","Incongruent","Incongruent","Congruent",33.999676,34.19967,"2@",0.820279,"Correct","Correct","Correct","Correct"
"4",18,"3_4_stimuli","3_3","Congruent","Incongruent","Incongruent","Incongruent",35.999644,36.199647,"3#",1.252397,"Correct","Correct","Correct","Correct"
"4",19,"5_6_stimuli","6_5","Incongruent","Congruent","Incongruent","Incongruent",37.999639,38.199633,"5%",0.915773,"Correct","Correct","Correct","Correct"
"4",20,"7_8_stimuli","7_8","Incongruent","Incongruent","Congruent","Incongruent",39.999616,40.199622,"8*",0.707764,"Correct","Correct","Correct","Correct"
"4",21,"1_2_stimuli","2_2","Congruent","Incongruent","Incongruent","Congruent",41.999597,42.199584,"2@",0.820189,"Correct","Correct","Correct","Correct"
"4",22,"3_4_stimuli","3_4","Incongruent","Congruent","Incongruent","Incongruent",43.999579,44.199572,"4$",1.428273,"Correct","Correct","Correct","Correct"
"4",23,"5_6_stimuli","6_6","Congruent","Incongruent","Congruent","Incongruent",45.999565,46.199559,"6^",0.932068,"Correct","Correct","Correct","Correct"
"4",24,"7_8_stimuli","8_8","Congruent","Congruent","Incongruent","Congruent",47.999542,48.199538,"8*",0.628343,"Correct","Correct","Correct","Correct"
"4",25,"1_2_stimuli","1_2","Incongruent","Congruent","Congruent","Incongruent",49.999511,50.199519,"2@",0.739841,"Correct","Correct","Correct","Correct"
"4",26,"3_4_stimuli","4_4","Congruent","Incongruent","Congruent","Congruent",51.999504,52.199497,"4$",1.284413,"Correct","Correct","Correct","Correct"
"4",27,"5_6_stimuli","5_6","Incongruent","Congruent","Incongruent","Congruent",53.999485,54.199479,"6^",1.011858,"Correct","Correct","Correct","Correct"
"4",28,"7_8_stimuli","7_7","Congruent","Incongruent","Congruent","Incongruent",55.999457,56.199459,"7&",0.643884,"Correct","Correct","Correct","Correct"
"4",29,"1_2_stimuli","1_2","Incongruent","Congruent","Incongruent","Congruent",57.999444,58.199449,"2@",0.628423,"Correct","Correct","Correct","Correct"
"4",30,"3_4_stimuli","4_3","Incongruent","Incongruent","Congruent","Incongruent",59.999427,60.199417,"3#",1.13997,"Correct","Correct","Correct","Correct"
"4",31,"5_6_stimuli","5_6","Incongruent","Incongruent","Incongruent","Congruent",61.999402,62.199393,"6^",1.332247,"Correct","Correct","Correct","Correct"
"4",32,"7_8_stimuli","7_7","Congruent","Incongruent","Incongruent","Incongruent",63.999387,64.199374,"7&",0.72393,"Correct","Correct","Correct","Correct"
"4",33,"1_2_stimuli","2_1","Incongruent","Congruent","Incongruent","Incongruent",65.999373,66.199358,"1!",0.659944,"Correct","Correct","Correct","Correct"
"4",34,"3_4_stimuli","3_3","Congruent","Incongruent","Congruent","Incongruent",67.999346,68.199337,"3#",0.852027,"Correct","Correct","Correct","Correct"
"4",35,"5_6_stimuli","6_6","Congruent","Congruent","Incongruent","Congruent",69.999326,70.199317,"6^",0.756707,"Correct","Correct","Correct","Correct"
"4",36,"7_8_stimuli","7_7","Congruent","Congruent","Congruent","Incongruent",71.999304,72.199307,"7&",0.612027,"Correct","Correct","Correct","Correct"
"4",37,"1_2_stimuli","2_1","Incongruent","Congruent","Congruent","Congruent",73.999284,74.199288,"1!",0.692634,"Correct","Correct","Correct","Correct"
"4",38,"3_4_stimuli","4_3","Incongruent","Incongruent","Congruent","Congruent",75.999266,76.199272,"3#",0.900889,"Correct","Correct","Correct","Correct"
"4",39,"5_6_stimuli","6_6","Congruent","Incongruent","Incongruent","Congruent",77.999254,78.199242,"6^",1.012052,"Correct","Correct","Correct","Correct"
"4",40,"7_8_stimuli","8_7","Incongruent","Congruent","Incongruent","Incongruent",79.999237,80.199223,"7&",1.044515,"Correct","Correct","Correct","Correct"
"4",41,"1_2_stimuli","2_1","Incongruent","Incongruent","Congruent","Incongruent",81.999208,82.199202,"1!",0.692785,"Correct","Correct","Correct","Correct"
"4",42,"3_4_stimuli","3_3","Congruent","Incongruent","Incongruent","Congruent",83.999183,84.199188,"3#",1.15661,"Correct","Correct","Correct","Correct"
"4",43,"5_6_stimuli","5_5","Congruent","Congruent","Incongruent","Incongruent",85.999172,86.199164,"5%",1.412141,"Correct","Correct","Correct","Correct"
"4",44,"7_8_stimuli","8_7","Incongruent","Congruent","Congruent","Incongruent",87.999149,88.199148,"7&",1.012684,"Correct","Correct","Correct","Correct"
"4",45,"1_2_stimuli","1_2","Incongruent","Incongruent","Congruent","Congruent",89.999134,90.199129,"2@",1.045493,"Correct","Correct","Correct","Correct"
"4",46,"3_4_stimuli","4_3","Incongruent","Incongruent","Incongruent","Congruent",91.999114,92.199104,"3#",0.804134,"Correct","Correct","Correct","Correct"
"4",47,"5_6_stimuli","5_5","Congruent","Incongruent","Incongruent","Incongruent",93.999092,94.19909,"6^",1.045165,"Error","Correct","Correct","Correct"
"4",48,"7_8_stimuli","8_8","Congruent","Congruent","Incongruent","Incongruent",95.999107,96.199074,"8*",0.628669,"Correct","Error","Correct","Correct"
"4",49,"1_2_stimuli","2_2","Congruent","Congruent","Congruent","Incongruent",97.999058,98.199052,"2@",0.724941,"Correct","Correct","Error","Correct"
"4",50,"3_4_stimuli","3_4","Incongruent","Congruent","Congruent","Congruent",99.999041,100.199031,"4$",1.028285,"Correct","Correct","Correct","Error"
"4",51,"5_6_stimuli","6_5","Incongruent","Incongruent","Congruent","Congruent",101.999022,102.199022,"5%",0.900924,"Correct","Correct","Correct","Correct"
"4",52,"7_8_stimuli","8_8","Congruent","Incongruent","Incongruent","Congruent",103.998992,104.19899,"8*",0.612849,"Correct","Correct","Correct","Correct"
"4",53,"1_2_stimuli","1_1","Congruent","Congruent","Incongruent","Incongruent",105.998973,106.198975,"1!",0.548661,"Correct","Correct","Correct","Correct"
"4",54,"3_4_stimuli","4_4","Congruent","Congruent","Congruent","Incongruent",107.998965,108.198954,"4$",0.804914,"Correct","Correct","Correct","Correct"
"4",55,"5_6_stimuli","5_5","Congruent","Congruent","Congruent","Congruent",109.998933,110.198937,"5%",0.70889,"Correct","Correct","Correct","Correct"
"4",56,"7_8_stimuli","7_7","Congruent","Congruent","Congruent","Congruent",111.998921,112.198911,"7&",1.364331,"Correct","Correct","Correct","Correct"
"4",57,"1_2_stimuli","1_1","Congruent","Congruent","Congruent","Congruent",113.998899,114.198897,"1!",0.54888,"Correct","Correct","Correct","Correct"
"4",58,"3_4_stimuli","4_4","Congruent","Congruent","Congruent","Congruent",115.998881,116.198885,"4$",0.804707,"Correct","Correct","Correct","Correct"
"4",59,"5_6_stimuli","6_5","Incongruent","Congruent","Congruent","Congruent",117.998856,118.198864,"5%",0.756829,"Correct","Correct","Correct","Correct"
"4",60,"7_8_stimuli","8_8","Congruent","Incongruent","Congruent","Congruent",119.998843,120.198846,"7&",1.140445,"Error","Correct","Correct","Correct"
"4",61,"1_2_stimuli","2_2","Congruent","Congruent","Incongruent","Congruent",121.998824,122.198821,"2@",0.804385,"Correct","Error","Correct","Correct"
"4",62,"3_4_stimuli","3_4","Incongruent","Congruent","Congruent","Incongruent",123.998801,124.1988,"4$",0.820457,"Correct","Correct","Error","Correct"
"4",63,"5_6_stimuli","5_5","Congruent","Incongruent","Congruent","Congruent",125.998791,126.198785,"5%",1.220413,"Correct","Correct","Correct","Error"
"4",64,"7_8_stimuli","8_7","Incongruent","Congruent","Incongruent","Congruent",127.998761,128.198767,"6^",1.076709,"Error","Correct","Correct","Correct"
"4",65,"1_2_stimuli","2_2","Congruent","Incongruent","Congruent","Incongruent",129.998746,130.198756,"2@",0.628529,"Correct","Error","Correct","Correct"
"4",66,"3_4_stimuli","4_4","Congruent","Congruent","Incongruent","Congruent",131.998722,132.198724,"4$",0.708599,"Correct","Correct","Error","Correct"
"4",67,"5_6_stimuli","6_6","Congruent","Congruent","Congruent","Incongruent",133.998707,134.198706,"6^",0.933081,"Correct","Correct","Correct","Error"
"4",68,"7_8_stimuli","8_7","Incongruent","Congruent","Congruent","Congruent",135.998685,136.198682,"7&",0.613248,"Correct","Correct","Correct","Correct"
"5",1,"1_2_stimuli","1_2","Incongruent",NA,NA,NA,1.999976,2.199987,"3#",0.947419,"Error",NA,NA,NA
"5",2,"3_4_stimuli","3_3","Congruent","Incongruent",NA,NA,3.999961,4.199963,"3#",1.475384,"Correct","Error",NA,NA
"5",3,"5_6_stimuli","6_5","Incongruent","Congruent","Incongruent",NA,5.999941,6.199932,"5%",1.171415,"Correct","Correct","Error",NA
"5",4,"7_8_stimuli","8_7","Incongruent","Incongruent","Congruent","Incongruent",7.999914,8.19992,"7&",1.298697,"Correct","Correct","Correct","Error"
"5",5,"1_2_stimuli","1_2","Incongruent","Incongruent","Incongruent","Congruent",9.9999,10.199907,"2@",0.643184,"Correct","Correct","Correct","Correct"
"5",6,"3_4_stimuli","3_4","Incongruent","Incongruent","Incongruent","Incongruent",11.999887,12.199874,"4$",0.739341,"Correct","Correct","Correct","Correct"
"5",7,"5_6_stimuli","5_6","Incongruent","Incongruent","Incongruent","Incongruent",13.999864,14.199861,"6^",1.267379,"Correct","Correct","Correct","Correct"
"5",8,"7_8_stimuli","8_8","Congruent","Incongruent","Incongruent","Incongruent",15.999847,16.199855,"8*",1.155188,"Correct","Correct","Correct","Correct"
"5",9,"1_2_stimuli","1_1","Congruent","Congruent","Incongruent","Incongruent",17.999827,18.199831,"1!",0.579554,"Correct","Correct","Correct","Correct"
"5",10,"3_4_stimuli","3_3","Congruent","Congruent","Congruent","Incongruent",19.999812,20.199812,"4$",1.139432,"Error","Correct","Correct","Correct"
"5",11,"5_6_stimuli","5_5","Congruent","Congruent","Congruent","Congruent",21.99979,22.199798,"5%",0.738834,"Correct","Error","Correct","Correct"
"5",12,"7_8_stimuli","8_7","Incongruent","Congruent","Congruent","Congruent",23.99978,24.199766,"7&",1.39607,"Correct","Correct","Error","Correct"
"5",13,"1_2_stimuli","2_2","Congruent","Incongruent","Congruent","Congruent",25.999758,26.199756,"2@",0.835152,"Correct","Correct","Correct","Error"
"5",14,"3_4_stimuli","4_3","Incongruent","Congruent","Incongruent","Congruent",27.999731,28.199733,"3#",1.011606,"Correct","Correct","Correct","Correct"
"5",15,"5_6_stimuli","6_5","Incongruent","Incongruent","Congruent","Incongruent",29.999714,30.199709,"5%",1.187598,"Correct","Correct","Correct","Correct"
"5",16,"7_8_stimuli","7_8","Incongruent","Incongruent","Incongruent","Congruent",31.9997,32.199699,"8*",1.299367,"Correct","Correct","Correct","Correct"
"5",17,"1_2_stimuli","2_1","Incongruent","Incongruent","Incongruent","Incongruent",33.999676,34.199671,"2@",1.091583,"Error","Correct","Correct","Correct"
"5",18,"3_4_stimuli","4_4","Congruent","Incongruent","Incongruent","Incongruent",35.999665,36.199658,"4$",0.739349,"Correct","Error","Correct","Correct"
"5",19,"5_6_stimuli","5_5","Congruent","Congruent","Incongruent","Incongruent",37.999634,38.19964,"5%",0.899493,"Correct","Correct","Error","Correct"
"5",20,"7_8_stimuli","7_8","Incongruent","Congruent","Congruent","Incongruent",39.999619,40.199618,"8*",0.786992,"Correct","Correct","Correct","Error"
"5",21,"1_2_stimuli","2_1","Incongruent","Incongruent","Congruent","Congruent",41.999598,42.199604,"1!",0.642984,"Correct","Correct","Correct","Correct"
"5",22,"3_4_stimuli","3_3","Congruent","Incongruent","Incongruent","Congruent",43.999579,44.199577,"3#",0.979007,"Correct","Correct","Correct","Correct"
"5",23,"5_6_stimuli","6_5","Incongruent","Congruent","Incongruent","Incongruent",45.999567,46.199567,"5%",1.459918,"Correct","Correct","Correct","Correct"
"5",24,"7_8_stimuli","7_7","Congruent","Incongruent","Congruent","Incongruent",47.999542,48.199536,"7&",1.34747,"Correct","Correct","Correct","Correct"
"5",25,"1_2_stimuli","1_1","Congruent","Congruent","Incongruent","Congruent",49.99952,50.199521,"1!",0.61167,"Correct","Correct","Correct","Correct"
"5",26,"3_4_stimuli","3_4","Incongruent","Congruent","Congruent","Incongruent",51.999507,52.199509,"4$",0.771956,"Correct","Correct","Correct","Correct"
"5",27,"5_6_stimuli","6_5","Incongruent","Incongruent","Congruent","Congruent",53.999482,54.199482,"5%",0.851729,"Correct","Correct","Correct","Correct"
"5",28,"7_8_stimuli","7_7","Congruent","Incongruent","Incongruent","Congruent",55.999472,56.199463,"7&",0.643501,"Correct","Correct","Correct","Correct"
"5",29,"1_2_stimuli","2_1","Incongruent","Congruent","Incongruent","Incongruent",57.999451,58.199443,"1!",0.643132,"Correct","Correct","Correct","Correct"
"5",30,"3_4_stimuli","3_3","Congruent","Incongruent","Congruent","Incongruent",59.999434,60.199424,"3#",0.979659,"Correct","Correct","Correct","Correct"
"5",31,"5_6_stimuli","6_6","Congruent","Congruent","Incongruent","Congruent",61.999412,62.199402,"6^",1.315615,"Correct","Correct","Correct","Correct"
"5",32,"7_8_stimuli","8_8","Congruent","Congruent","Congruent","Incongruent",63.999387,64.199382,"Omission",5000,"Omission","Correct","Correct","Correct"
"5",33,"1_2_stimuli","1_2","Incongruent","Congruent","Congruent","Congruent",65.99936,66.199375,"2@",0.675558,"Correct","Omission","Correct","Correct"
"5",34,"3_4_stimuli","3_4","Incongruent","Incongruent","Congruent","Congruent",67.999345,68.199346,"4$",0.8195,"Correct","Correct","Omission","Correct"
"5",35,"5_6_stimuli","5_6","Incongruent","Incongruent","Incongruent","Congruent",69.999327,70.199327,"6^",0.947986,"Correct","Correct","Correct","Omission"
"5",36,"7_8_stimuli","8_7","Incongruent","Incongruent","Incongruent","Incongruent",71.999321,72.199305,"7&",0.803666,"Correct","Correct","Correct","Correct"
"5",37,"1_2_stimuli","2_2","Congruent","Incongruent","Incongruent","Incongruent",73.999298,74.199282,"2@",0.61178,"Correct","Correct","Correct","Correct"
"5",38,"3_4_stimuli","3_3","Congruent","Congruent","Incongruent","Incongruent",75.999274,76.199268,"3#",0.755257,"Correct","Correct","Correct","Correct"
"5",39,"5_6_stimuli","5_6","Incongruent","Congruent","Congruent","Incongruent",77.999254,78.199243,"6^",0.963387,"Correct","Correct","Correct","Correct"
"5",40,"7_8_stimuli","7_7","Congruent","Incongruent","Congruent","Congruent",79.999235,80.199234,"7&",1.043884,"Correct","Correct","Correct","Correct"
"5",41,"1_2_stimuli","2_1","Incongruent","Congruent","Incongruent","Congruent",81.999214,82.199213,"2@",0.979373,"Error","Correct","Correct","Correct"
"5",42,"3_4_stimuli","3_4","Incongruent","Incongruent","Congruent","Incongruent",83.999192,84.199189,"4$",1.011665,"Correct","Error","Correct","Correct"
"5",43,"5_6_stimuli","5_5","Congruent","Incongruent","Incongruent","Congruent",85.999175,86.199174,"5%",0.867779,"Correct","Correct","Error","Correct"
"5",44,"7_8_stimuli","8_8","Congruent","Congruent","Incongruent","Incongruent",87.999162,88.199153,"8*",0.819355,"Correct","Correct","Correct","Error"
"5",45,"1_2_stimuli","2_2","Congruent","Congruent","Congruent","Incongruent",89.999135,90.199131,"2@",0.707864,"Correct","Correct","Correct","Correct"
"5",46,"3_4_stimuli","4_4","Congruent","Congruent","Congruent","Congruent",91.999115,92.199124,"4$",1.075883,"Correct","Correct","Correct","Correct"
"5",47,"5_6_stimuli","6_5","Incongruent","Congruent","Congruent","Congruent",93.999093,94.199093,"5%",0.915396,"Correct","Correct","Correct","Correct"
"5",48,"7_8_stimuli","7_8","Incongruent","Incongruent","Congruent","Congruent",95.999085,96.199081,"7&",1.34788,"Error","Correct","Correct","Correct"
"5",49,"1_2_stimuli","1_1","Congruent","Incongruent","Incongruent","Congruent",97.999059,98.199052,"1!",0.979467,"Correct","Error","Correct","Correct"
"5",50,"3_4_stimuli","4_3","Incongruent","Congruent","Incongruent","Incongruent",99.999032,100.199036,"3#",1.26754,"Correct","Correct","Error","Correct"
"5",51,"5_6_stimuli","6_6","Congruent","Incongruent","Congruent","Incongruent",101.999021,102.199012,"6^",1.139857,"Correct","Correct","Correct","Error"
"5",52,"7_8_stimuli","7_8","Incongruent","Congruent","Incongruent","Congruent",103.999001,104.198993,"8*",0.89949,"Correct","Correct","Correct","Correct"
"5",53,"1_2_stimuli","1_2","Incongruent","Incongruent","Congruent","Incongruent",105.998983,106.198977,"2@",0.899565,"Correct","Correct","Correct","Correct"
"5",54,"3_4_stimuli","4_3","Incongruent","Incongruent","Incongruent","Congruent",107.99897,108.198961,"3#",1.427875,"Correct","Correct","Correct","Correct"
"5",55,"5_6_stimuli","5_5","Congruent","Incongruent","Incongruent","Incongruent",109.998945,110.198945,"5%",1.411545,"Correct","Correct","Correct","Correct"
"5",56,"7_8_stimuli","8_7","Incongruent","Congruent","Incongruent","Incongruent",111.998926,112.198925,"7&",0.899589,"Correct","Correct","Correct","Correct"
"5",57,"1_2_stimuli","2_2","Congruent","Incongruent","Congruent","Incongruent",113.998918,114.198908,"2@",0.771553,"Correct","Correct","Correct","Correct"
"5",58,"3_4_stimuli","4_4","Congruent","Congruent","Incongruent","Congruent",115.998884,116.198883,"4$",0.820336,"Correct","Correct","Correct","Correct"
"5",59,"5_6_stimuli","6_6","Congruent","Congruent","Congruent","Incongruent",117.998862,118.198862,"6^",0.883655,"Correct","Correct","Correct","Correct"
"5",60,"7_8_stimuli","7_7","Congruent","Congruent","Congruent","Congruent",119.998849,120.198844,"7&",0.739825,"Correct","Correct","Correct","Correct"
"5",61,"1_2_stimuli","1_1","Congruent","Congruent","Congruent","Congruent",121.998829,122.198823,"1!",0.739634,"Correct","Correct","Correct","Correct"
"5",62,"3_4_stimuli","4_3","Incongruent","Congruent","Congruent","Congruent",123.998806,124.19881,"3#",1.092091,"Correct","Correct","Correct","Correct"
"5",63,"5_6_stimuli","6_6","Congruent","Incongruent","Congruent","Congruent",125.998787,126.19879,"Omission",5000,"Omission","Correct","Correct","Correct"
"5",64,"7_8_stimuli","8_8","Congruent","Congruent","Incongruent","Congruent",127.998777,128.198777,"8*",0.803624,"Correct","Omission","Correct","Correct"
"5",65,"1_2_stimuli","1_2","Incongruent","Congruent","Congruent","Incongruent",129.998758,130.198746,"2@",0.772935,"Correct","Correct","Omission","Correct"
"5",66,"3_4_stimuli","4_4","Congruent","Incongruent","Congruent","Congruent",131.99873,132.198727,"4$",0.659702,"Correct","Correct","Correct","Omission"
"5",67,"5_6_stimuli","5_6","Incongruent","Congruent","Incongruent","Congruent",133.998708,134.19871,"6^",1.252217,"Correct","Correct","Correct","Correct"
"5",68,"7_8_stimuli","8_7","Incongruent","Incongruent","Congruent","Incongruent",135.998699,136.198693,"7&",0.788142,"Correct","Correct","Correct","Correct"
"6",1,"1_2_stimuli","1_1","Congruent",NA,NA,NA,1.999983,2.199979,"1!",0.896487,"Correct",NA,NA,NA
"6",2,"3_4_stimuli","4_4","Congruent","Congruent",NA,NA,3.999968,4.199955,"4$",0.720446,"Correct","Correct",NA,NA
"6",3,"5_6_stimuli","6_5","Incongruent","Congruent","Congruent",NA,5.999939,6.199941,"5%",0.768576,"Correct","Correct","Correct",NA
"6",4,"7_8_stimuli","8_8","Congruent","Incongruent","Congruent","Congruent",7.999925,8.19992,"8*",1.120686,"Correct","Correct","Correct","Correct"
"6",5,"1_2_stimuli","1_1","Congruent","Congruent","Incongruent","Congruent",9.999901,10.199899,"1!",0.673008,"Correct","Correct","Correct","Correct"
"6",6,"3_4_stimuli","3_3","Congruent","Congruent","Congruent","Incongruent",11.999894,12.19988,"3#",0.896548,"Correct","Correct","Correct","Correct"
"6",7,"5_6_stimuli","5_6","Incongruent","Congruent","Congruent","Congruent",13.999865,14.199859,"6^",1.040204,"Correct","Correct","Correct","Correct"
"6",8,"7_8_stimuli","8_7","Incongruent","Incongruent","Congruent","Congruent",15.99984,16.199842,"7&",0.688955,"Correct","Correct","Correct","Correct"
"6",9,"1_2_stimuli","1_1","Congruent","Incongruent","Incongruent","Congruent",17.999822,18.199836,"1!",0.544494,"Correct","Correct","Correct","Correct"
"6",10,"3_4_stimuli","3_4","Incongruent","Congruent","Incongruent","Incongruent",19.999812,20.199806,"4$",0.688689,"Correct","Correct","Correct","Correct"
"6",11,"5_6_stimuli","6_6","Congruent","Incongruent","Congruent","Incongruent",21.99979,22.199792,"6^",1.42492,"Correct","Correct","Correct","Correct"
"6",12,"7_8_stimuli","7_7","Congruent","Congruent","Incongruent","Congruent",23.999768,24.199777,"7&",0.592618,"Correct","Correct","Correct","Correct"
"6",13,"1_2_stimuli","2_2","Congruent","Congruent","Congruent","Incongruent",25.999749,26.199767,"2@",0.640229,"Correct","Correct","Correct","Correct"
"6",14,"3_4_stimuli","3_4","Incongruent","Congruent","Congruent","Congruent",27.999741,28.199736,"4$",0.784624,"Correct","Correct","Correct","Correct"
"6",15,"5_6_stimuli","6_5","Incongruent","Incongruent","Congruent","Congruent",29.999714,30.199714,"5%",0.768377,"Correct","Correct","Correct","Correct"
"6",16,"7_8_stimuli","8_8","Congruent","Incongruent","Incongruent","Congruent",31.999691,32.199692,"8*",0.752348,"Correct","Correct","Correct","Correct"
"6",17,"1_2_stimuli","2_1","Incongruent","Congruent","Incongruent","Incongruent",33.999675,34.199663,"1!",0.752334,"Correct","Correct","Correct","Correct"
"6",18,"3_4_stimuli","4_4","Congruent","Incongruent","Congruent","Incongruent",35.999654,36.199648,"4$",0.656983,"Correct","Correct","Correct","Correct"
"6",19,"5_6_stimuli","5_5","Congruent","Congruent","Incongruent","Congruent",37.99964,38.199639,"5%",0.528378,"Correct","Correct","Correct","Correct"
"6",20,"7_8_stimuli","7_8","Incongruent","Congruent","Congruent","Incongruent",39.999621,40.199621,"8*",0.800735,"Correct","Correct","Correct","Correct"
"6",21,"1_2_stimuli","2_2","Congruent","Incongruent","Congruent","Congruent",41.999594,42.199595,"2@",0.545464,"Correct","Correct","Correct","Correct"
"6",22,"3_4_stimuli","4_3","Incongruent","Congruent","Incongruent","Congruent",43.999581,44.199571,"3#",0.816583,"Correct","Correct","Correct","Correct"
"6",23,"5_6_stimuli","6_5","Incongruent","Incongruent","Congruent","Incongruent",45.999556,46.199557,"5%",0.97699,"Correct","Correct","Correct","Correct"
"6",24,"7_8_stimuli","8_7","Incongruent","Incongruent","Incongruent","Congruent",47.999549,48.199544,"7&",1.121178,"Correct","Correct","Correct","Correct"
"6",25,"1_2_stimuli","2_2","Congruent","Incongruent","Incongruent","Incongruent",49.999532,50.199518,"2@",0.577186,"Correct","Correct","Correct","Correct"
"6",26,"3_4_stimuli","3_3","Congruent","Congruent","Incongruent","Incongruent",51.99951,52.199505,"3#",1.265079,"Correct","Correct","Correct","Correct"
"6",27,"5_6_stimuli","6_6","Congruent","Congruent","Congruent","Incongruent",53.999483,54.199491,"6^",0.913215,"Correct","Correct","Correct","Correct"
"6",28,"7_8_stimuli","8_8","Congruent","Congruent","Congruent","Congruent",55.999466,56.199471,"8*",0.640529,"Correct","Correct","Correct","Correct"
"6",29,"1_2_stimuli","1_2","Incongruent","Congruent","Congruent","Congruent",57.999443,58.199438,"2@",0.704517,"Correct","Correct","Correct","Correct"
"6",30,"3_4_stimuli","4_4","Congruent","Incongruent","Congruent","Congruent",59.999427,60.199404,"4$",0.75255,"Correct","Correct","Correct","Correct"
"6",31,"5_6_stimuli","5_6","Incongruent","Congruent","Incongruent","Congruent",61.999405,62.199411,"6^",1.057198,"Correct","Correct","Correct","Correct"
"6",32,"7_8_stimuli","7_8","Incongruent","Incongruent","Congruent","Incongruent",63.999385,64.199392,"8*",0.76856,"Correct","Correct","Correct","Correct"
"6",33,"1_2_stimuli","2_1","Incongruent","Incongruent","Incongruent","Congruent",65.999377,66.199369,"1!",0.577239,"Correct","Correct","Correct","Correct"
"6",34,"3_4_stimuli","4_4","Congruent","Incongruent","Incongruent","Incongruent",67.999348,68.199353,"4$",1.232627,"Correct","Correct","Correct","Correct"
"6",35,"5_6_stimuli","5_5","Congruent","Congruent","Incongruent","Incongruent",69.999333,70.199324,"5%",0.656634,"Correct","Correct","Correct","Correct"
"6",36,"7_8_stimuli","7_7","Congruent","Congruent","Congruent","Incongruent",71.999313,72.19931,"7&",1.36106,"Correct","Correct","Correct","Correct"
"6",37,"1_2_stimuli","1_1","Congruent","Congruent","Congruent","Congruent",73.999291,74.199287,"1!",0.705006,"Correct","Correct","Correct","Correct"
"6",38,"3_4_stimuli","3_3","Congruent","Congruent","Congruent","Congruent",75.999277,76.199272,"3#",0.880765,"Correct","Correct","Correct","Correct"
"6",39,"5_6_stimuli","6_6","Congruent","Congruent","Congruent","Congruent",77.999252,78.199249,"6^",0.913207,"Correct","Correct","Correct","Correct"
"6",40,"7_8_stimuli","7_8","Incongruent","Congruent","Congruent","Congruent",79.999237,80.199231,"8*",0.721223,"Correct","Correct","Correct","Correct"
"6",41,"1_2_stimuli","2_1","Incongruent","Incongruent","Congruent","Congruent",81.999216,82.199205,"1!",0.721346,"Correct","Correct","Correct","Correct"
"6",42,"3_4_stimuli","3_4","Incongruent","Incongruent","Incongruent","Congruent",83.999195,84.199189,"4$",0.721178,"Correct","Correct","Correct","Correct"
"6",43,"5_6_stimuli","6_5","Incongruent","Incongruent","Incongruent","Incongruent",85.999171,86.199172,"6^",1.089498,"Error","Correct","Correct","Correct"
"6",44,"7_8_stimuli","8_7","Incongruent","Incongruent","Incongruent","Incongruent",87.999157,88.199155,"7&",0.625097,"Correct","Error","Correct","Correct"
"6",45,"1_2_stimuli","1_2","Incongruent","Incongruent","Incongruent","Incongruent",89.999141,90.199136,"2@",0.737158,"Correct","Correct","Error","Correct"
"6",46,"3_4_stimuli","4_3","Incongruent","Incongruent","Incongruent","Incongruent",91.999115,92.199113,"3#",0.817424,"Correct","Correct","Correct","Error"
"6",47,"5_6_stimuli","5_5","Congruent","Incongruent","Incongruent","Incongruent",93.999104,94.199093,"5%",0.848807,"Correct","Correct","Correct","Correct"
"6",48,"7_8_stimuli","7_7","Congruent","Congruent","Incongruent","Incongruent",95.999086,96.199073,"6^",0.929258,"Error","Correct","Correct","Correct"
"6",49,"1_2_stimuli","2_1","Incongruent","Congruent","Congruent","Incongruent",97.999058,98.199052,"1!",0.625356,"Correct","Error","Correct","Correct"
"6",50,"3_4_stimuli","4_3","Incongruent","Incongruent","Congruent","Congruent",99.999024,100.199035,"3#",1.009656,"Correct","Correct","Error","Correct"
"6",51,"5_6_stimuli","5_5","Congruent","Incongruent","Incongruent","Congruent",101.999029,102.19902,"5%",1.072888,"Correct","Correct","Correct","Error"
"6",52,"7_8_stimuli","7_8","Incongruent","Congruent","Incongruent","Incongruent",103.999012,104.199009,"8*",0.993272,"Correct","Correct","Correct","Correct"
"6",53,"1_2_stimuli","2_2","Congruent","Incongruent","Congruent","Incongruent",105.998989,106.198987,"2@",0.62495,"Correct","Correct","Correct","Correct"
"6",54,"3_4_stimuli","3_3","Congruent","Congruent","Incongruent","Congruent",107.998973,108.198963,"3#",0.5932,"Correct","Correct","Correct","Correct"
"6",55,"5_6_stimuli","5_6","Incongruent","Congruent","Congruent","Incongruent",109.99895,110.198947,"6^",1.280952,"Correct","Correct","Correct","Correct"
"6",56,"7_8_stimuli","7_7","Congruent","Incongruent","Congruent","Congruent",111.99893,112.198925,"7&",0.674349,"Correct","Correct","Correct","Correct"
"6",57,"1_2_stimuli","1_2","Incongruent","Congruent","Incongruent","Congruent",113.998904,114.198909,"2@",0.720899,"Correct","Correct","Correct","Correct"
"6",58,"3_4_stimuli","3_4","Incongruent","Incongruent","Congruent","Incongruent",115.998887,116.198882,"4$",1.057621,"Correct","Correct","Correct","Correct"
"6",59,"5_6_stimuli","5_6","Incongruent","Incongruent","Incongruent","Congruent",117.998873,118.198874,"6^",1.089026,"Correct","Correct","Correct","Correct"
"6",60,"7_8_stimuli","8_8","Congruent","Incongruent","Incongruent","Incongruent",119.99885,120.198844,"8*",1.105516,"Correct","Correct","Correct","Correct"
"6",61,"1_2_stimuli","1_1","Congruent","Congruent","Incongruent","Incongruent",121.998829,122.19883,"1!",0.673681,"Correct","Correct","Correct","Correct"
"6",62,"3_4_stimuli","4_3","Incongruent","Congruent","Congruent","Incongruent",123.998817,124.19881,"3#",1.281064,"Correct","Correct","Correct","Correct"
"6",63,"5_6_stimuli","6_6","Congruent","Incongruent","Congruent","Congruent",125.998797,126.198789,"6^",1.393754,"Correct","Correct","Correct","Correct"
"6",64,"7_8_stimuli","8_7","Incongruent","Congruent","Incongruent","Congruent",127.998772,128.198779,"7&",1.329713,"Correct","Correct","Correct","Correct"
"6",65,"1_2_stimuli","1_2","Incongruent","Incongruent","Congruent","Incongruent",129.998756,130.198739,"2@",0.865659,"Correct","Correct","Correct","Correct"
"6",66,"3_4_stimuli","4_4","Congruent","Incongruent","Incongruent","Congruent",131.998734,132.198744,"4$",0.689146,"Correct","Correct","Correct","Correct"
"6",67,"5_6_stimuli","6_5","Incongruent","Congruent","Incongruent","Incongruent",133.998717,134.198715,"5%",0.817527,"Correct","Correct","Correct","Correct"
"6",68,"7_8_stimuli","8_8","Congruent","Incongruent","Congruent","Incongruent",135.998706,136.198702,"8*",0.753536,"Correct","Correct","Correct","Correct"
"7",1,"1_2_stimuli","2_2","Congruent",NA,NA,NA,1.999983,2.199982,"2@",0.729376,"Correct",NA,NA,NA
"7",2,"3_4_stimuli","3_4","Incongruent","Congruent",NA,NA,3.999967,4.199965,"4$",0.809265,"Correct","Correct",NA,NA
"7",3,"5_6_stimuli","5_5","Congruent","Incongruent","Congruent",NA,5.999947,6.199937,"5%",0.761669,"Correct","Correct","Correct",NA
"7",4,"7_8_stimuli","7_8","Incongruent","Congruent","Incongruent","Congruent",7.99993,8.199918,"8*",0.793585,"Correct","Correct","Correct","Correct"
"7",5,"1_2_stimuli","1_1","Congruent","Incongruent","Congruent","Incongruent",9.999913,10.199907,"1!",0.616901,"Correct","Correct","Correct","Correct"
"7",6,"3_4_stimuli","3_4","Incongruent","Congruent","Incongruent","Congruent",11.999881,12.199892,"4$",0.633407,"Correct","Correct","Correct","Correct"
"7",7,"5_6_stimuli","6_5","Incongruent","Incongruent","Congruent","Incongruent",13.999879,14.199862,"5%",0.777308,"Correct","Correct","Correct","Correct"
"7",8,"7_8_stimuli","8_7","Incongruent","Incongruent","Incongruent","Congruent",15.999842,16.199849,"7&",1.065492,"Correct","Correct","Correct","Correct"
"7",9,"1_2_stimuli","1_1","Congruent","Incongruent","Incongruent","Incongruent",17.999829,18.199837,"1!",0.729285,"Correct","Correct","Correct","Correct"
"7",10,"3_4_stimuli","3_3","Congruent","Congruent","Incongruent","Incongruent",19.999806,20.199813,"3#",1.097154,"Correct","Correct","Correct","Correct"
"7",11,"5_6_stimuli","6_6","Congruent","Congruent","Congruent","Incongruent",21.999791,22.19979,"6^",1.113042,"Correct","Correct","Correct","Correct"
"7",12,"7_8_stimuli","7_7","Congruent","Congruent","Congruent","Congruent",23.999772,24.199764,"7&",0.697496,"Correct","Correct","Correct","Correct"
"7",13,"1_2_stimuli","2_2","Congruent","Congruent","Congruent","Congruent",25.999763,26.199756,"2@",0.633594,"Correct","Correct","Correct","Correct"
"7",14,"3_4_stimuli","4_3","Incongruent","Congruent","Congruent","Congruent",27.999744,28.199741,"3#",0.601463,"Correct","Correct","Correct","Correct"
"7",15,"5_6_stimuli","6_5","Incongruent","Incongruent","Congruent","Congruent",29.999722,30.199717,"5%",0.87361,"Correct","Correct","Correct","Correct"
"7",16,"7_8_stimuli","7_7","Congruent","Incongruent","Incongruent","Congruent",31.999695,32.199703,"6^",1.401142,"Error","Correct","Correct","Correct"
"7",17,"1_2_stimuli","1_2","Incongruent","Congruent","Incongruent","Incongruent",33.999681,34.199675,"2@",0.633311,"Correct","Error","Correct","Correct"
"7",18,"3_4_stimuli","4_4","Congruent","Incongruent","Congruent","Incongruent",35.999661,36.199656,"4$",0.809102,"Correct","Correct","Error","Correct"
"7",19,"5_6_stimuli","6_6","Congruent","Congruent","Incongruent","Congruent",37.999645,38.199642,"6^",0.905668,"Correct","Correct","Correct","Error"
"7",20,"7_8_stimuli","7_8","Incongruent","Congruent","Congruent","Incongruent",39.999633,40.199619,"8*",1.321683,"Correct","Correct","Correct","Correct"
"7",21,"1_2_stimuli","2_2","Congruent","Incongruent","Congruent","Congruent",41.999603,42.199608,"2@",0.873797,"Correct","Correct","Correct","Correct"
"7",22,"3_4_stimuli","4_4","Congruent","Congruent","Incongruent","Congruent",43.999578,44.199577,"4$",0.6177,"Correct","Correct","Correct","Correct"
"7",23,"5_6_stimuli","5_6","Incongruent","Congruent","Congruent","Incongruent",45.99957,46.19956,"6^",1.017779,"Correct","Correct","Correct","Correct"
"7",24,"7_8_stimuli","7_8","Incongruent","Incongruent","Congruent","Congruent",47.999542,48.199547,"8*",0.857959,"Correct","Correct","Correct","Correct"
"7",25,"1_2_stimuli","2_1","Incongruent","Incongruent","Incongruent","Congruent",49.999535,50.199528,"1!",0.681768,"Correct","Correct","Correct","Correct"
"7",26,"3_4_stimuli","3_3","Congruent","Incongruent","Incongruent","Incongruent",51.9995,52.199501,"3#",0.857237,"Correct","Correct","Correct","Correct"
"7",27,"5_6_stimuli","6_5","Incongruent","Congruent","Incongruent","Incongruent",53.999492,54.199481,"5%",1.081715,"Correct","Correct","Correct","Correct"
"7",28,"7_8_stimuli","8_8","Congruent","Incongruent","Congruent","Incongruent",55.99947,56.199474,"8*",0.761201,"Correct","Correct","Correct","Correct"
"7",29,"1_2_stimuli","1_1","Congruent","Congruent","Incongruent","Congruent",57.999442,58.199448,"1!",0.825365,"Correct","Correct","Correct","Correct"
"7",30,"3_4_stimuli","3_3","Congruent","Congruent","Congruent","Incongruent",59.999433,60.199433,"3#",0.905738,"Correct","Correct","Correct","Correct"
"7",31,"5_6_stimuli","5_6","Incongruent","Congruent","Congruent","Congruent",61.99941,62.199403,"6^",1.257862,"Correct","Correct","Correct","Correct"
"7",32,"7_8_stimuli","7_7","Congruent","Incongruent","Congruent","Congruent",63.999392,64.199386,"7&",0.649434,"Correct","Correct","Correct","Correct"
"7",33,"1_2_stimuli","2_1","Incongruent","Congruent","Incongruent","Congruent",65.999374,66.199381,"1!",0.825929,"Correct","Correct","Correct","Correct"
"7",34,"3_4_stimuli","4_3","Incongruent","Incongruent","Congruent","Incongruent",67.999358,68.199359,"3#",1.066067,"Correct","Correct","Correct","Correct"
"7",35,"5_6_stimuli","6_5","Incongruent","Incongruent","Incongruent","Congruent",69.999331,70.199328,"5%",1.161426,"Correct","Correct","Correct","Correct"
"7",36,"7_8_stimuli","8_7","Incongruent","Incongruent","Incongruent","Incongruent",71.999314,72.199318,"7&",1.209858,"Correct","Correct","Correct","Correct"
"7",37,"1_2_stimuli","2_1","Incongruent","Incongruent","Incongruent","Incongruent",73.999295,74.199299,"1!",0.761878,"Correct","Correct","Correct","Correct"
"7",38,"3_4_stimuli","4_3","Incongruent","Incongruent","Incongruent","Incongruent",75.999287,76.199271,"4$",1.001955,"Error","Correct","Correct","Correct"
"7",39,"5_6_stimuli","5_6","Incongruent","Incongruent","Incongruent","Incongruent",77.999259,78.199249,"6^",0.954341,"Correct","Error","Correct","Correct"
"7",40,"7_8_stimuli","8_8","Congruent","Incongruent","Incongruent","Incongruent",79.999236,80.199249,"8*",0.713494,"Correct","Correct","Error","Correct"
"7",41,"1_2_stimuli","2_2","Congruent","Congruent","Incongruent","Incongruent",81.99923,82.199225,"2@",0.617483,"Correct","Correct","Correct","Error"
"7",42,"3_4_stimuli","3_4","Incongruent","Congruent","Congruent","Incongruent",83.999206,84.199202,"4$",0.761497,"Correct","Correct","Correct","Correct"
"7",43,"5_6_stimuli","5_5","Congruent","Incongruent","Congruent","Congruent",85.999177,86.199177,"5%",0.729858,"Correct","Correct","Correct","Correct"
"7",44,"7_8_stimuli","7_8","Incongruent","Congruent","Incongruent","Congruent",87.999162,88.199159,"8*",0.714315,"Correct","Correct","Correct","Correct"
"7",45,"1_2_stimuli","1_2","Incongruent","Incongruent","Congruent","Incongruent",89.999149,90.199153,"2@",0.585999,"Correct","Correct","Correct","Correct"
"7",46,"3_4_stimuli","3_3","Congruent","Incongruent","Incongruent","Congruent",91.999132,92.199118,"3#",0.649961,"Correct","Correct","Correct","Correct"
"7",47,"5_6_stimuli","5_5","Congruent","Congruent","Incongruent","Incongruent",93.999101,94.199103,"5%",0.954269,"Correct","Correct","Correct","Correct"
"7",48,"7_8_stimuli","7_7","Congruent","Congruent","Congruent","Incongruent",95.999086,96.199091,"7&",0.874136,"Correct","Correct","Correct","Correct"
"7",49,"1_2_stimuli","2_1","Incongruent","Congruent","Congruent","Congruent",97.999066,98.199062,"1!",0.858112,"Correct","Correct","Correct","Correct"
"7",50,"3_4_stimuli","3_4","Incongruent","Incongruent","Congruent","Congruent",99.999055,100.199048,"4$",0.697701,"Correct","Correct","Correct","Correct"
"7",51,"5_6_stimuli","5_5","Congruent","Incongruent","Incongruent","Congruent",101.999029,102.199022,"5%",0.874256,"Correct","Correct","Correct","Correct"
"7",52,"7_8_stimuli","8_8","Congruent","Congruent","Incongruent","Incongruent",103.999013,104.199002,"8*",0.697748,"Correct","Correct","Correct","Correct"
"7",53,"1_2_stimuli","1_2","Incongruent","Congruent","Congruent","Incongruent",105.998993,106.198987,"2@",0.617652,"Correct","Correct","Correct","Correct"
"7",54,"3_4_stimuli","4_4","Congruent","Incongruent","Congruent","Congruent",107.998968,108.198966,"4$",0.618202,"Correct","Correct","Correct","Correct"
"7",55,"5_6_stimuli","5_6","Incongruent","Congruent","Incongruent","Congruent",109.998948,110.198959,"5%",1.002499,"Error","Correct","Correct","Correct"
"7",56,"7_8_stimuli","7_8","Incongruent","Incongruent","Congruent","Incongruent",111.998933,112.198936,"8*",0.8106,"Correct","Error","Correct","Correct"
"7",57,"1_2_stimuli","2_2","Congruent","Incongruent","Incongruent","Congruent",113.998909,114.198923,"2@",0.553759,"Correct","Correct","Error","Correct"
"7",58,"3_4_stimuli","4_3","Incongruent","Congruent","Incongruent","Incongruent",115.998896,116.198893,"3#",0.666284,"Correct","Correct","Correct","Error"
"7",59,"5_6_stimuli","6_6","Congruent","Incongruent","Congruent","Incongruent",117.998872,118.198874,"7&",1.289796,"Error","Correct","Correct","Correct"
"7",60,"7_8_stimuli","8_8","Congruent","Congruent","Incongruent","Congruent",119.998864,120.198862,"8*",0.634554,"Correct","Error","Correct","Correct"
"7",61,"1_2_stimuli","1_1","Congruent","Congruent","Congruent","Incongruent",121.998846,122.198844,"1!",0.570272,"Correct","Correct","Error","Correct"
"7",62,"3_4_stimuli","4_4","Congruent","Congruent","Congruent","Congruent",123.998825,124.198825,"4$",0.682032,"Correct","Correct","Correct","Error"
"7",63,"5_6_stimuli","5_5","Congruent","Congruent","Congruent","Congruent",125.998808,126.198794,"5%",1.019166,"Correct","Correct","Correct","Correct"
"7",64,"7_8_stimuli","8_7","Incongruent","Congruent","Congruent","Congruent",127.998779,128.198779,"7&",0.954621,"Correct","Correct","Correct","Correct"
"7",65,"1_2_stimuli","1_2","Incongruent","Incongruent","Congruent","Congruent",129.998766,130.198762,"2@",0.666526,"Correct","Correct","Correct","Correct"
"7",66,"3_4_stimuli","3_4","Incongruent","Incongruent","Incongruent","Congruent",131.998748,132.198748,"4$",0.826424,"Correct","Correct","Correct","Correct"
"7",67,"5_6_stimuli","6_6","Congruent","Incongruent","Incongruent","Incongruent",133.998722,134.198728,"7&",1.162452,"Error","Correct","Correct","Correct"
"7",68,"7_8_stimuli","8_7","Incongruent","Congruent","Incongruent","Incongruent",135.998711,136.198705,"7&",0.665914,"Correct","Error","Correct","Correct"
"8",1,"1_2_stimuli","1_2","Incongruent",NA,NA,NA,1.999971,2.199961,"2@",1.052668,"Correct",NA,NA,NA
"8",2,"3_4_stimuli","4_3","Incongruent","Incongruent",NA,NA,3.999947,4.199943,"3#",1.133194,"Correct","Correct",NA,NA
"8",3,"5_6_stimuli","6_6","Congruent","Incongruent","Incongruent",NA,5.999921,6.199927,"6^",1.036666,"Correct","Correct","Correct",NA
"8",4,"7_8_stimuli","7_8","Incongruent","Congruent","Incongruent","Incongruent",7.999909,8.19992,"8*",0.813206,"Correct","Correct","Correct","Correct"
"8",5,"1_2_stimuli","1_1","Congruent","Incongruent","Congruent","Incongruent",9.999893,10.199884,"1!",0.781027,"Correct","Correct","Correct","Correct"
"8",6,"3_4_stimuli","3_3","Congruent","Congruent","Incongruent","Congruent",11.999868,12.199868,"3#",0.97272,"Correct","Correct","Correct","Correct"
"8",7,"5_6_stimuli","5_6","Incongruent","Congruent","Congruent","Incongruent",13.999856,14.199862,"6^",1.036846,"Correct","Correct","Correct","Correct"
"8",8,"7_8_stimuli","8_8","Congruent","Incongruent","Congruent","Congruent",15.999835,16.199832,"8*",0.812757,"Correct","Correct","Correct","Correct"
"8",9,"1_2_stimuli","2_2","Congruent","Congruent","Incongruent","Congruent",17.999817,18.19982,"2@",0.717249,"Correct","Correct","Correct","Correct"
"8",10,"3_4_stimuli","3_4","Incongruent","Congruent","Congruent","Incongruent",19.999792,20.199802,"4$",0.781102,"Correct","Correct","Correct","Correct"
"8",11,"5_6_stimuli","6_6","Congruent","Incongruent","Congruent","Congruent",21.99978,22.199775,"6^",1.132816,"Correct","Correct","Correct","Correct"
"8",12,"7_8_stimuli","8_8","Congruent","Congruent","Incongruent","Congruent",23.999759,24.199762,"8*",0.701478,"Correct","Correct","Correct","Correct"
"8",13,"1_2_stimuli","2_1","Incongruent","Congruent","Congruent","Incongruent",25.99974,26.199746,"1!",1.181472,"Correct","Correct","Correct","Correct"
"8",14,"3_4_stimuli","4_3","Incongruent","Incongruent","Congruent","Congruent",27.999724,28.199722,"3#",1.052864,"Correct","Correct","Correct","Correct"
"8",15,"5_6_stimuli","6_6","Congruent","Incongruent","Incongruent","Congruent",29.999703,30.1997,"6^",0.988884,"Correct","Correct","Correct","Correct"
"8",16,"7_8_stimuli","7_7","Congruent","Congruent","Incongruent","Incongruent",31.999684,32.199679,"7&",0.732951,"Correct","Correct","Correct","Correct"
"8",17,"1_2_stimuli","2_2","Congruent","Congruent","Congruent","Incongruent",33.999667,34.199666,"2@",0.669559,"Correct","Correct","Correct","Correct"
"8",18,"3_4_stimuli","4_3","Incongruent","Congruent","Congruent","Congruent",35.999643,36.199649,"3#",0.733444,"Correct","Correct","Correct","Correct"
"8",19,"5_6_stimuli","5_6","Incongruent","Incongruent","Congruent","Congruent",37.999633,38.199619,"6^",0.972948,"Correct","Correct","Correct","Correct"
"8",20,"7_8_stimuli","8_7","Incongruent","Incongruent","Incongruent","Congruent",39.999605,40.199606,"7&",0.701579,"Correct","Correct","Correct","Correct"
"8",21,"1_2_stimuli","1_2","Incongruent","Incongruent","Incongruent","Incongruent",41.999589,42.199591,"2@",0.797919,"Correct","Correct","Correct","Correct"
"8",22,"3_4_stimuli","4_4","Congruent","Incongruent","Incongruent","Incongruent",43.999568,44.199574,"4$",0.63753,"Correct","Correct","Correct","Correct"
"8",23,"5_6_stimuli","5_5","Congruent","Congruent","Incongruent","Incongruent",45.999547,46.199545,"6^",1.261575,"Error","Correct","Correct","Correct"
"8",24,"7_8_stimuli","7_7","Congruent","Congruent","Congruent","Incongruent",47.999532,48.199524,"7&",1.165553,"Correct","Error","Correct","Correct"
"8",25,"1_2_stimuli","1_1","Congruent","Congruent","Congruent","Congruent",49.999518,50.199506,"1!",0.652986,"Correct","Correct","Error","Correct"
"8",26,"3_4_stimuli","4_4","Congruent","Congruent","Congruent","Congruent",51.999496,52.199492,"4$",1.373616,"Correct","Correct","Correct","Error"
"8",27,"5_6_stimuli","6_5","Incongruent","Congruent","Congruent","Congruent",53.999473,54.199477,"5%",0.701066,"Correct","Correct","Correct","Correct"
"8",28,"7_8_stimuli","8_7","Incongruent","Incongruent","Congruent","Congruent",55.999448,56.199457,"Omission",5000,"Omission","Correct","Correct","Correct"
"8",29,"1_2_stimuli","2_1","Incongruent","Incongruent","Incongruent","Congruent",57.999431,58.199438,"1!",0.781532,"Correct","Omission","Correct","Correct"
"8",30,"3_4_stimuli","4_3","Incongruent","Incongruent","Incongruent","Incongruent",59.999423,60.199423,"3#",0.989762,"Correct","Correct","Omission","Correct"
"8",31,"5_6_stimuli","6_6","Congruent","Incongruent","Incongruent","Incongruent",61.999397,62.199401,"6^",0.893576,"Correct","Correct","Correct","Omission"
"8",32,"7_8_stimuli","8_7","Incongruent","Congruent","Incongruent","Incongruent",63.999384,64.199375,"7&",1.373789,"Correct","Correct","Correct","Correct"
"8",33,"1_2_stimuli","1_2","Incongruent","Incongruent","Congruent","Incongruent",65.999354,66.199349,"2@",0.509804,"Correct","Correct","Correct","Correct"
"8",34,"3_4_stimuli","4_4","Congruent","Incongruent","Incongruent","Congruent",67.999344,68.199334,"4$",1.245822,"Correct","Correct","Correct","Correct"
"8",35,"5_6_stimuli","6_5","Incongruent","Congruent","Incongruent","Incongruent",69.999322,70.199313,"5%",1.101217,"Correct","Correct","Correct","Correct"
"8",36,"7_8_stimuli","7_7","Congruent","Incongruent","Congruent","Incongruent",71.999295,72.199297,"7&",1.485411,"Correct","Correct","Correct","Correct"
"8",37,"1_2_stimuli","1_2","Incongruent","Congruent","Incongruent","Congruent",73.99928,74.199284,"2@",0.781719,"Correct","Correct","Correct","Correct"
"8",38,"3_4_stimuli","3_4","Incongruent","Incongruent","Congruent","Incongruent",75.999263,76.199257,"4$",0.845758,"Correct","Correct","Correct","Correct"
"8",39,"5_6_stimuli","5_6","Incongruent","Incongruent","Incongruent","Congruent",77.999251,78.199241,"6^",1.197827,"Correct","Correct","Correct","Correct"
"8",40,"7_8_stimuli","7_8","Incongruent","Incongruent","Incongruent","Incongruent",79.999219,80.199217,"8*",1.117966,"Correct","Correct","Correct","Correct"
"8",41,"1_2_stimuli","2_2","Congruent","Incongruent","Incongruent","Incongruent",81.999205,82.199203,"2@",0.830027,"Correct","Correct","Correct","Correct"
"8",42,"3_4_stimuli","3_4","Incongruent","Congruent","Incongruent","Incongruent",83.999185,84.199184,"4$",0.749368,"Correct","Correct","Correct","Correct"
"8",43,"5_6_stimuli","6_5","Incongruent","Incongruent","Congruent","Incongruent",85.999164,86.199163,"5%",1.150136,"Correct","Correct","Correct","Correct"
"8",44,"7_8_stimuli","7_7","Congruent","Incongruent","Incongruent","Congruent",87.99915,88.199144,"7&",0.893402,"Correct","Correct","Correct","Correct"
"8",45,"1_2_stimuli","1_1","Congruent","Congruent","Incongruent","Incongruent",89.999127,90.19913,"1!",0.638157,"Correct","Correct","Correct","Correct"
"8",46,"3_4_stimuli","3_3","Congruent","Congruent","Congruent","Incongruent",91.999104,92.199103,"3#",1.213336,"Correct","Correct","Correct","Correct"
"8",47,"5_6_stimuli","5_5","Congruent","Congruent","Congruent","Congruent",93.99909,94.199086,"5%",0.957419,"Correct","Correct","Correct","Correct"
"8",48,"7_8_stimuli","8_8","Congruent","Congruent","Congruent","Congruent",95.999066,96.199071,"8*",0.813759,"Correct","Correct","Correct","Correct"
"8",49,"1_2_stimuli","2_1","Incongruent","Congruent","Congruent","Congruent",97.99905,98.199047,"1!",0.734135,"Correct","Correct","Correct","Correct"
"8",50,"3_4_stimuli","3_3","Congruent","Incongruent","Congruent","Congruent",99.999033,100.199029,"3#",1.309448,"Correct","Correct","Correct","Correct"
"8",51,"5_6_stimuli","5_5","Congruent","Congruent","Incongruent","Congruent",101.999015,102.199014,"Omission",5000,"Omission","Correct","Correct","Correct"
"8",52,"7_8_stimuli","7_8","Incongruent","Congruent","Congruent","Incongruent",103.998991,104.198999,"8*",0.685493,"Correct","Omission","Correct","Correct"
"8",53,"1_2_stimuli","1_2","Incongruent","Incongruent","Congruent","Congruent",105.998972,106.198975,"2@",0.622035,"Correct","Correct","Omission","Correct"
"8",54,"3_4_stimuli","3_4","Incongruent","Incongruent","Incongruent","Congruent",107.998951,108.19896,"4$",0.622019,"Correct","Correct","Correct","Omission"
"8",55,"5_6_stimuli","6_5","Incongruent","Incongruent","Incongruent","Incongruent",109.998946,110.19893,"5%",0.541483,"Correct","Correct","Correct","Correct"
"8",56,"7_8_stimuli","8_8","Congruent","Incongruent","Incongruent","Incongruent",111.998926,112.198923,"8*",0.893943,"Correct","Correct","Correct","Correct"
"8",57,"1_2_stimuli","2_1","Incongruent","Congruent","Incongruent","Incongruent",113.998907,114.1989,"1!",0.573972,"Correct","Correct","Correct","Correct"
"8",58,"3_4_stimuli","3_3","Congruent","Incongruent","Congruent","Incongruent",115.998882,116.198874,"3#",0.829552,"Correct","Correct","Correct","Correct"
"8",59,"5_6_stimuli","5_6","Incongruent","Congruent","Incongruent","Congruent",117.998858,118.198862,"6^",1.070081,"Correct","Correct","Correct","Correct"
"8",60,"7_8_stimuli","8_7","Incongruent","Incongruent","Congruent","Incongruent",119.998843,120.19884,"7&",0.702266,"Correct","Correct","Correct","Correct"
"8",61,"1_2_stimuli","1_1","Congruent","Incongruent","Incongruent","Congruent",121.998819,122.198819,"1!",0.685987,"Correct","Correct","Correct","Correct"
"8",62,"3_4_stimuli","4_4","Congruent","Congruent","Incongruent","Incongruent",123.998811,124.198804,"4$",0.669621,"Correct","Correct","Correct","Correct"
"8",63,"5_6_stimuli","5_5","Congruent","Congruent","Congruent","Incongruent",125.998785,126.198786,"5%",0.814275,"Correct","Correct","Correct","Correct"
"8",64,"7_8_stimuli","7_8","Incongruent","Congruent","Congruent","Congruent",127.998769,128.198773,"8*",1.037686,"Correct","Correct","Correct","Correct"
"8",65,"1_2_stimuli","2_2","Congruent","Incongruent","Congruent","Congruent",129.998743,130.198747,"2@",0.622368,"Correct","Correct","Correct","Correct"
"8",66,"3_4_stimuli","4_3","Incongruent","Congruent","Incongruent","Congruent",131.99873,132.198731,"4$",0.926415,"Error","Correct","Correct","Correct"
"8",67,"5_6_stimuli","6_6","Congruent","Incongruent","Congruent","Incongruent",133.998716,134.198712,"6^",1.405696,"Correct","Error","Correct","Correct"
"8",68,"7_8_stimuli","7_8","Incongruent","Congruent","Incongruent","Congruent",135.998701,136.198692,"8*",0.637775,"Correct","Correct","Error","Correct"
"9",1,"1_2_stimuli","2_2","Congruent",NA,NA,NA,1.999981,2.199978,"2@",0.812851,"Correct",NA,NA,NA
"9",2,"3_4_stimuli","3_3","Congruent","Congruent",NA,NA,3.999962,4.19997,"3#",0.731787,"Correct","Correct",NA,NA
"9",3,"5_6_stimuli","6_5","Incongruent","Congruent","Congruent",NA,5.999953,6.199941,"5%",1.035736,"Correct","Correct","Correct",NA
"9",4,"7_8_stimuli","8_7","Incongruent","Incongruent","Congruent","Congruent",7.999929,8.199933,"7&",1.068374,"Correct","Correct","Correct","Correct"
"9",5,"1_2_stimuli","2_2","Congruent","Incongruent","Incongruent","Congruent",9.999908,10.199907,"2@",0.764365,"Correct","Correct","Correct","Correct"
"9",6,"3_4_stimuli","4_3","Incongruent","Congruent","Incongruent","Incongruent",11.999882,12.199883,"3#",0.795883,"Correct","Correct","Correct","Correct"
"9",7,"5_6_stimuli","5_5","Congruent","Incongruent","Congruent","Incongruent",13.999858,14.199861,"5%",0.940467,"Correct","Correct","Correct","Correct"
"9",8,"7_8_stimuli","7_7","Congruent","Congruent","Incongruent","Congruent",15.999854,16.199851,"7&",1.227941,"Correct","Correct","Correct","Correct"
"9",9,"1_2_stimuli","2_1","Incongruent","Congruent","Congruent","Incongruent",17.999837,18.199834,"1!",0.79597,"Correct","Correct","Correct","Correct"
"9",10,"3_4_stimuli","3_3","Congruent","Incongruent","Congruent","Congruent",19.999813,20.199814,"4$",1.067947,"Error","Correct","Correct","Correct"
"9",11,"5_6_stimuli","6_5","Incongruent","Congruent","Incongruent","Congruent",21.999785,22.199791,"5%",1.083985,"Correct","Error","Correct","Correct"
"9",12,"7_8_stimuli","8_8","Congruent","Incongruent","Congruent","Incongruent",23.999777,24.199776,"8*",0.604565,"Correct","Correct","Error","Correct"
"9",13,"1_2_stimuli","1_2","Incongruent","Congruent","Incongruent","Congruent",25.999758,26.199748,"2@",0.667998,"Correct","Correct","Correct","Error"
"9",14,"3_4_stimuli","3_3","Congruent","Incongruent","Congruent","Incongruent",27.999729,28.199737,"3#",0.908075,"Correct","Correct","Correct","Correct"
"9",15,"5_6_stimuli","5_5","Congruent","Congruent","Incongruent","Congruent",29.999716,30.199713,"5%",1.116109,"Correct","Correct","Correct","Correct"
"9",16,"7_8_stimuli","7_7","Congruent","Congruent","Congruent","Incongruent",31.999693,32.199704,"7&",1.052108,"Correct","Correct","Correct","Correct"
"9",17,"1_2_stimuli","1_1","Congruent","Congruent","Congruent","Congruent",33.999677,34.199675,"1!",0.652063,"Correct","Correct","Correct","Correct"
"9",18,"3_4_stimuli","4_4","Congruent","Congruent","Congruent","Congruent",35.999663,36.199656,"4$",0.748672,"Correct","Correct","Correct","Correct"
"9",19,"5_6_stimuli","6_6","Congruent","Congruent","Congruent","Congruent",37.999638,38.199645,"6^",1.020605,"Correct","Correct","Correct","Correct"
"9",20,"7_8_stimuli","8_7","Incongruent","Congruent","Congruent","Congruent",39.999621,40.199611,"7&",0.716762,"Correct","Correct","Correct","Correct"
"9",21,"1_2_stimuli","2_1","Incongruent","Incongruent","Congruent","Congruent",41.999607,42.199598,"1!",0.668129,"Correct","Correct","Correct","Correct"
"9",22,"3_4_stimuli","3_4","Incongruent","Incongruent","Incongruent","Congruent",43.999581,44.199578,"4$",0.796134,"Correct","Correct","Correct","Correct"
"9",23,"5_6_stimuli","6_6","Congruent","Incongruent","Incongruent","Incongruent",45.999562,46.19956,"6^",0.876159,"Correct","Correct","Correct","Correct"
"9",24,"7_8_stimuli","8_8","Congruent","Congruent","Incongruent","Incongruent",47.999547,48.199546,"8*",1.116201,"Correct","Correct","Correct","Correct"
"9",25,"1_2_stimuli","1_1","Congruent","Congruent","Congruent","Incongruent",49.999518,50.199528,"1!",0.524213,"Correct","Correct","Correct","Correct"
"9",26,"3_4_stimuli","3_4","Incongruent","Congruent","Congruent","Congruent",51.999504,52.199512,"5%",1.181002,"Error","Correct","Correct","Correct"
"9",27,"5_6_stimuli","6_5","Incongruent","Incongruent","Congruent","Congruent",53.99949,54.199479,"5%",0.748211,"Correct","Error","Correct","Correct"
"9",28,"7_8_stimuli","8_7","Incongruent","Incongruent","Incongruent","Congruent",55.999459,56.199465,"6^",1.356678,"Error","Correct","Error","Correct"
"9",29,"1_2_stimuli","2_1","Incongruent","Incongruent","Incongruent","Incongruent",57.999441,58.199445,"1!",0.956827,"Correct","Error","Correct","Error"
"9",30,"3_4_stimuli","4_4","Congruent","Incongruent","Incongruent","Incongruent",59.999429,60.199426,"4$",0.844251,"Correct","Correct","Error","Correct"
"9",31,"5_6_stimuli","5_5","Congruent","Congruent","Incongruent","Incongruent",61.999416,62.199411,"5%",0.700309,"Correct","Correct","Correct","Error"
"9",32,"7_8_stimuli","7_8","Incongruent","Congruent","Congruent","Incongruent",63.999389,64.199397,"8*",0.876966,"Correct","Correct","Correct","Correct"
"9",33,"1_2_stimuli","2_2","Congruent","Incongruent","Congruent","Congruent",65.999371,66.199364,"2@",0.604292,"Correct","Correct","Correct","Correct"
"9",34,"3_4_stimuli","4_3","Incongruent","Congruent","Incongruent","Congruent",67.999356,68.199342,"3#",0.700785,"Correct","Correct","Correct","Correct"
"9",35,"5_6_stimuli","5_6","Incongruent","Incongruent","Congruent","Incongruent",69.999331,70.199333,"6^",1.212752,"Correct","Correct","Correct","Correct"
"9",36,"7_8_stimuli","8_8","Congruent","Incongruent","Incongruent","Congruent",71.999319,72.199311,"8*",0.700764,"Correct","Correct","Correct","Correct"
"9",37,"1_2_stimuli","1_1","Congruent","Congruent","Incongruent","Incongruent",73.9993,74.199288,"1!",0.508393,"Correct","Correct","Correct","Correct"
"9",38,"3_4_stimuli","4_4","Congruent","Congruent","Congruent","Incongruent",75.999281,76.199277,"4$",0.68435,"Correct","Correct","Correct","Correct"
"9",39,"5_6_stimuli","5_6","Incongruent","Congruent","Congruent","Congruent",77.999267,78.19925,"6^",1.116418,"Correct","Correct","Correct","Correct"
"9",40,"7_8_stimuli","7_8","Incongruent","Incongruent","Congruent","Congruent",79.999238,80.199231,"8*",0.860438,"Correct","Correct","Correct","Correct"
"9",41,"1_2_stimuli","1_2","Incongruent","Incongruent","Incongruent","Congruent",81.999226,82.199215,"2@",0.684893,"Correct","Correct","Correct","Correct"
"9",42,"3_4_stimuli","4_3","Incongruent","Incongruent","Incongruent","Incongruent",83.999201,84.199196,"3#",0.797039,"Correct","Correct","Correct","Correct"
"9",43,"5_6_stimuli","6_5","Incongruent","Incongruent","Incongruent","Incongruent",85.999185,86.199186,"6^",1.340768,"Error","Correct","Correct","Correct"
"9",44,"7_8_stimuli","8_7","Incongruent","Incongruent","Incongruent","Incongruent",87.99916,88.199154,"7&",1.24447,"Correct","Error","Correct","Correct"
"9",45,"1_2_stimuli","2_2","Congruent","Incongruent","Incongruent","Incongruent",89.999137,90.199135,"2@",0.556949,"Correct","Correct","Error","Correct"
"9",46,"3_4_stimuli","3_3","Congruent","Congruent","Incongruent","Incongruent",91.999117,92.19912,"3#",0.668598,"Correct","Correct","Correct","Error"
"9",47,"5_6_stimuli","6_6","Congruent","Congruent","Congruent","Incongruent",93.999097,94.1991,"6^",1.068534,"Correct","Correct","Correct","Correct"
"9",48,"7_8_stimuli","7_7","Congruent","Congruent","Congruent","Congruent",95.999082,96.19908,"7&",0.684924,"Correct","Correct","Correct","Correct"
"9",49,"1_2_stimuli","2_1","Incongruent","Congruent","Congruent","Congruent",97.999066,98.19906,"1!",0.636634,"Correct","Correct","Correct","Correct"
"9",50,"3_4_stimuli","3_4","Incongruent","Incongruent","Congruent","Congruent",99.999042,100.19904,"4$",0.780908,"Correct","Correct","Correct","Correct"
"9",51,"5_6_stimuli","6_5","Incongruent","Incongruent","Incongruent","Congruent",101.999028,102.199027,"5%",0.908671,"Correct","Correct","Correct","Correct"
"9",52,"7_8_stimuli","8_8","Congruent","Incongruent","Incongruent","Incongruent",103.999004,104.199006,"8*",0.86072,"Correct","Correct","Correct","Correct"
"9",53,"1_2_stimuli","1_2","Incongruent","Congruent","Incongruent","Incongruent",105.998987,106.198986,"2@",0.605217,"Correct","Correct","Correct","Correct"
"9",54,"3_4_stimuli","4_3","Incongruent","Incongruent","Congruent","Incongruent",107.998971,108.198964,"3#",0.90931,"Correct","Correct","Correct","Correct"
"9",55,"5_6_stimuli","6_6","Congruent","Incongruent","Incongruent","Congruent",109.998953,110.198951,"6^",1.278154,"Correct","Correct","Correct","Correct"
"9",56,"7_8_stimuli","7_8","Incongruent","Congruent","Incongruent","Incongruent",111.998934,112.198927,"8*",0.813202,"Correct","Correct","Correct","Correct"
"9",57,"1_2_stimuli","1_1","Congruent","Incongruent","Congruent","Incongruent",113.998919,114.198934,"1!",0.637294,"Correct","Correct","Correct","Correct"
"9",58,"3_4_stimuli","4_4","Congruent","Congruent","Incongruent","Congruent",115.998897,116.198896,"4$",0.829035,"Correct","Correct","Correct","Correct"
"9",59,"5_6_stimuli","5_6","Incongruent","Congruent","Congruent","Incongruent",117.998877,118.198877,"6^",1.068752,"Correct","Correct","Correct","Correct"
"9",60,"7_8_stimuli","7_7","Congruent","Incongruent","Congruent","Congruent",119.998866,120.198859,"7&",1.021428,"Correct","Correct","Correct","Correct"
"9",61,"1_2_stimuli","2_2","Congruent","Congruent","Incongruent","Congruent",121.998837,122.198845,"2@",0.684875,"Correct","Correct","Correct","Correct"
"9",62,"3_4_stimuli","3_4","Incongruent","Congruent","Congruent","Incongruent",123.998818,124.198819,"4$",0.972806,"Correct","Correct","Correct","Correct"
"9",63,"5_6_stimuli","5_5","Congruent","Incongruent","Congruent","Congruent",125.998805,126.198797,"5%",1.229415,"Correct","Correct","Correct","Correct"
"9",64,"7_8_stimuli","7_8","Incongruent","Congruent","Incongruent","Congruent",127.99878,128.198777,"8*",0.925363,"Correct","Correct","Correct","Correct"
"9",65,"1_2_stimuli","1_2","Incongruent","Incongruent","Congruent","Incongruent",129.998759,130.19876,"2@",0.620902,"Correct","Correct","Correct","Correct"
"9",66,"3_4_stimuli","3_3","Congruent","Incongruent","Incongruent","Congruent",131.998749,132.198736,"3#",0.716957,"Correct","Correct","Correct","Correct"
"9",67,"5_6_stimuli","5_6","Incongruent","Congruent","Incongruent","Incongruent",133.998723,134.198717,"6^",1.117293,"Correct","Correct","Correct","Correct"
"9",68,"7_8_stimuli","8_7","Incongruent","Incongruent","Congruent","Incongruent",135.998705,136.198706,"7&",0.765398,"Correct","Correct","Correct","Correct"
"10",1,"1_2_stimuli","2_1","Incongruent",NA,NA,NA,1.999984,2.199979,"1!",0.973141,"Correct",NA,NA,NA
"10",2,"3_4_stimuli","4_3","Incongruent","Incongruent",NA,NA,3.999965,4.199957,"3#",1.021533,"Correct","Correct",NA,NA
"10",3,"5_6_stimuli","6_5","Incongruent","Incongruent","Incongruent",NA,5.99995,6.199943,"5%",0.941176,"Correct","Correct","Correct",NA
"10",4,"7_8_stimuli","7_8","Incongruent","Incongruent","Incongruent","Incongruent",7.999923,8.199921,"8*",0.733147,"Correct","Correct","Correct","Correct"
"10",5,"1_2_stimuli","2_1","Incongruent","Incongruent","Incongruent","Incongruent",9.999911,10.199911,"1!",0.637724,"Correct","Correct","Correct","Correct"
"10",6,"3_4_stimuli","3_4","Incongruent","Incongruent","Incongruent","Incongruent",11.999896,12.199885,"4$",0.749144,"Correct","Correct","Correct","Correct"
"10",7,"5_6_stimuli","5_5","Congruent","Incongruent","Incongruent","Incongruent",13.999871,14.199872,"5%",1.053626,"Correct","Correct","Correct","Correct"
"10",8,"7_8_stimuli","8_7","Incongruent","Congruent","Incongruent","Incongruent",15.999851,16.199843,"7&",0.861728,"Correct","Correct","Correct","Correct"
"10",9,"1_2_stimuli","1_2","Incongruent","Incongruent","Congruent","Incongruent",17.999836,18.199829,"2@",0.70123,"Correct","Correct","Correct","Correct"
"10",10,"3_4_stimuli","4_4","Congruent","Incongruent","Incongruent","Congruent",19.999813,20.199809,"4$",0.701803,"Correct","Correct","Correct","Correct"
"10",11,"5_6_stimuli","6_5","Incongruent","Congruent","Incongruent","Incongruent",21.999798,22.199796,"5%",0.750028,"Correct","Correct","Correct","Correct"
"10",12,"7_8_stimuli","8_7","Incongruent","Incongruent","Congruent","Incongruent",23.999771,24.199766,"7&",0.989974,"Correct","Correct","Correct","Correct"
"10",13,"1_2_stimuli","1_1","Congruent","Incongruent","Incongruent","Congruent",25.999766,26.19976,"1!",0.813703,"Correct","Correct","Correct","Correct"
"10",14,"3_4_stimuli","3_3","Congruent","Congruent","Incongruent","Incongruent",27.999742,28.199742,"3#",1.117566,"Correct","Correct","Correct","Correct"
"10",15,"5_6_stimuli","6_6","Congruent","Congruent","Congruent","Incongruent",29.999725,30.199714,"6^",0.957808,"Correct","Correct","Correct","Correct"
"10",16,"7_8_stimuli","7_7","Congruent","Congruent","Congruent","Congruent",31.999703,32.199701,"7&",0.557919,"Correct","Correct","Correct","Correct"
"10",17,"1_2_stimuli","2_2","Congruent","Congruent","Congruent","Congruent",33.999682,34.199683,"2@",0.717741,"Correct","Correct","Correct","Correct"
"10",18,"3_4_stimuli","4_3","Incongruent","Congruent","Congruent","Congruent",35.999663,36.199657,"3#",0.765374,"Correct","Correct","Correct","Correct"
"10",19,"5_6_stimuli","5_6","Incongruent","Incongruent","Congruent","Congruent",37.999645,38.199644,"6^",0.909857,"Correct","Correct","Correct","Correct"
"10",20,"7_8_stimuli","7_7","Congruent","Incongruent","Incongruent","Congruent",39.999623,40.19962,"7&",0.621392,"Correct","Correct","Correct","Correct"
"10",21,"1_2_stimuli","1_1","Congruent","Congruent","Incongruent","Incongruent",41.999605,42.199606,"1!",0.653565,"Correct","Correct","Correct","Correct"
"10",22,"3_4_stimuli","4_3","Incongruent","Congruent","Congruent","Incongruent",43.999593,44.199593,"3#",0.877908,"Correct","Correct","Correct","Correct"
"10",23,"5_6_stimuli","6_6","Congruent","Incongruent","Congruent","Congruent",45.999573,46.199568,"6^",0.878023,"Correct","Correct","Correct","Correct"
"10",24,"7_8_stimuli","8_8","Congruent","Congruent","Incongruent","Congruent",47.999556,48.199541,"8*",0.925778,"Correct","Correct","Correct","Correct"
"10",25,"1_2_stimuli","2_2","Congruent","Congruent","Congruent","Incongruent",49.999523,50.199526,"2@",0.605482,"Correct","Correct","Correct","Correct"
"10",26,"3_4_stimuli","4_4","Congruent","Congruent","Congruent","Congruent",51.99952,52.199514,"4$",0.606111,"Correct","Correct","Correct","Correct"
"10",27,"5_6_stimuli","5_6","Incongruent","Congruent","Congruent","Congruent",53.999497,54.199488,"6^",0.861487,"Correct","Correct","Correct","Correct"
"10",28,"7_8_stimuli","8_7","Incongruent","Incongruent","Congruent","Congruent",55.999474,56.199469,"7&",0.702183,"Correct","Correct","Correct","Correct"
"10",29,"1_2_stimuli","2_1","Incongruent","Incongruent","Incongruent","Congruent",57.999457,58.199451,"1!",0.574414,"Correct","Correct","Correct","Correct"
"10",30,"3_4_stimuli","3_3","Congruent","Incongruent","Incongruent","Incongruent",59.999434,60.199434,"3#",0.78162,"Correct","Correct","Correct","Correct"
"10",31,"5_6_stimuli","6_6","Congruent","Congruent","Incongruent","Incongruent",61.999416,62.199411,"7&",1.278546,"Error","Correct","Correct","Correct"
"10",32,"7_8_stimuli","8_8","Congruent","Congruent","Congruent","Incongruent",63.999406,64.199395,"8*",0.653575,"Correct","Error","Correct","Correct"
"10",33,"1_2_stimuli","1_2","Incongruent","Congruent","Congruent","Congruent",65.99938,66.199379,"2@",0.718132,"Correct","Correct","Error","Correct"
"10",34,"3_4_stimuli","3_4","Incongruent","Incongruent","Congruent","Congruent",67.999357,68.199358,"4$",0.65367,"Correct","Correct","Correct","Error"
"10",35,"5_6_stimuli","6_5","Incongruent","Incongruent","Incongruent","Congruent",69.999339,70.199339,"6^",0.957664,"Error","Correct","Correct","Correct"
"10",36,"7_8_stimuli","7_7","Congruent","Incongruent","Incongruent","Incongruent",71.999329,72.199317,"7&",0.590622,"Correct","Error","Correct","Correct"
"10",37,"1_2_stimuli","2_1","Incongruent","Congruent","Incongruent","Incongruent",73.999303,74.199303,"1!",0.782347,"Correct","Correct","Error","Correct"
"10",38,"3_4_stimuli","3_4","Incongruent","Incongruent","Congruent","Incongruent",75.999293,76.199286,"4$",0.73365,"Correct","Correct","Correct","Error"
"10",39,"5_6_stimuli","6_6","Congruent","Incongruent","Incongruent","Congruent",77.999261,78.199258,"6^",0.893997,"Correct","Correct","Correct","Correct"
"10",40,"7_8_stimuli","7_7","Congruent","Congruent","Incongruent","Incongruent",79.999233,80.199238,"7&",0.478391,"Correct","Correct","Correct","Correct"
"10",41,"1_2_stimuli","1_2","Incongruent","Congruent","Congruent","Incongruent",81.999222,82.199225,"2@",0.606401,"Correct","Correct","Correct","Correct"
"10",42,"3_4_stimuli","4_4","Congruent","Incongruent","Congruent","Congruent",83.999201,84.1992,"4$",0.6698,"Correct","Correct","Correct","Correct"
"10",43,"5_6_stimuli","6_5","Incongruent","Congruent","Incongruent","Congruent",85.999188,86.199187,"5%",0.670462,"Correct","Correct","Correct","Correct"
"10",44,"7_8_stimuli","8_8","Congruent","Incongruent","Congruent","Incongruent",87.999164,88.199165,"7&",1.117786,"Error","Correct","Correct","Correct"
"10",45,"1_2_stimuli","1_1","Congruent","Congruent","Incongruent","Congruent",89.999148,90.199145,"1!",0.60629,"Correct","Error","Correct","Correct"
"10",46,"3_4_stimuli","3_3","Congruent","Congruent","Congruent","Incongruent",91.999128,92.199128,"3#",0.846365,"Correct","Correct","Error","Correct"
"10",47,"5_6_stimuli","5_5","Congruent","Congruent","Congruent","Congruent",93.999121,94.199112,"5%",1.037796,"Correct","Correct","Correct","Error"
"10",48,"7_8_stimuli","7_8","Incongruent","Congruent","Congruent","Congruent",95.999093,96.199095,"8*",1.022066,"Correct","Correct","Correct","Correct"
"10",49,"1_2_stimuli","1_1","Congruent","Incongruent","Congruent","Congruent",97.999071,98.199068,"1!",0.605924,"Correct","Correct","Correct","Correct"
"10",50,"3_4_stimuli","4_3","Incongruent","Congruent","Incongruent","Congruent",99.999062,100.199059,"3#",0.92591,"Correct","Correct","Correct","Correct"
"10",51,"5_6_stimuli","5_5","Congruent","Incongruent","Congruent","Incongruent",101.999033,102.199038,"5%",0.813876,"Correct","Correct","Correct","Correct"
"10",52,"7_8_stimuli","7_8","Incongruent","Congruent","Incongruent","Congruent",103.999016,104.199013,"8*",0.765881,"Correct","Correct","Correct","Correct"
"10",53,"1_2_stimuli","2_2","Congruent","Incongruent","Congruent","Incongruent",105.998992,106.199001,"2@",0.605942,"Correct","Correct","Correct","Correct"
"10",54,"3_4_stimuli","4_4","Congruent","Congruent","Incongruent","Congruent",107.998982,108.198985,"4$",0.621941,"Correct","Correct","Correct","Correct"
"10",55,"5_6_stimuli","6_5","Incongruent","Congruent","Congruent","Incongruent",109.998953,110.19896,"5%",0.798566,"Correct","Correct","Correct","Correct"
"10",56,"7_8_stimuli","8_8","Congruent","Incongruent","Congruent","Congruent",111.998941,112.198932,"8*",0.845939,"Correct","Correct","Correct","Correct"
"10",57,"1_2_stimuli","2_1","Incongruent","Congruent","Incongruent","Congruent",113.998924,114.198923,"1!",0.606042,"Correct","Correct","Correct","Correct"
"10",58,"3_4_stimuli","3_3","Congruent","Incongruent","Congruent","Incongruent",115.998905,116.198904,"3#",1.038287,"Correct","Correct","Correct","Correct"
"10",59,"5_6_stimuli","5_5","Congruent","Congruent","Incongruent","Congruent",117.998883,118.198885,"5%",0.606826,"Correct","Correct","Correct","Correct"
"10",60,"7_8_stimuli","7_8","Incongruent","Congruent","Congruent","Incongruent",119.998867,120.198858,"8*",0.686725,"Correct","Correct","Correct","Correct"
"10",61,"1_2_stimuli","1_2","Incongruent","Incongruent","Congruent","Congruent",121.998848,122.198849,"2@",0.542077,"Correct","Correct","Correct","Correct"
"10",62,"3_4_stimuli","3_4","Incongruent","Incongruent","Incongruent","Congruent",123.998834,124.198828,"4$",0.60611,"Correct","Correct","Correct","Correct"
"10",63,"5_6_stimuli","5_6","Incongruent","Incongruent","Incongruent","Incongruent",125.998805,126.198807,"6^",0.99086,"Correct","Correct","Correct","Correct"
"10",64,"7_8_stimuli","7_8","Incongruent","Incongruent","Incongruent","Incongruent",127.998793,128.198789,"8*",0.606641,"Correct","Correct","Correct","Correct"
"10",65,"1_2_stimuli","2_2","Congruent","Incongruent","Incongruent","Incongruent",129.998766,130.198769,"2@",0.622788,"Correct","Correct","Correct","Correct"
"10",66,"3_4_stimuli","4_3","Incongruent","Congruent","Incongruent","Incongruent",131.998753,132.198748,"3#",1.31055,"Correct","Correct","Correct","Correct"
"10",67,"5_6_stimuli","5_6","Incongruent","Incongruent","Congruent","Incongruent",133.998735,134.19873,"5%",0.894932,"Error","Correct","Correct","Correct"
"10",68,"7_8_stimuli","8_7","Incongruent","Incongruent","Incongruent","Congruent",135.998723,136.19872,"7&",1.070722,"Correct","Error","Correct","Correct"
"11",1,"1_2_stimuli","1_1","Congruent",NA,NA,NA,2.000262,2.200262,"1!",0.781651,"Correct",NA,NA,NA
"11",2,"3_4_stimuli","4_3","Incongruent","Congruent",NA,NA,4.00023,4.200231,"3#",1.324896,"Correct","Correct",NA,NA
"11",3,"5_6_stimuli","6_6","Congruent","Incongruent","Congruent",NA,6.000217,6.200214,"6^",1.389261,"Correct","Correct","Correct",NA
"11",4,"7_8_stimuli","8_7","Incongruent","Congruent","Incongruent","Congruent",8.0002,8.200194,"7&",0.669443,"Correct","Correct","Correct","Correct"
"11",5,"1_2_stimuli","1_2","Incongruent","Incongruent","Congruent","Incongruent",10.00018,10.200176,"2@",0.636966,"Correct","Correct","Correct","Correct"
"11",6,"3_4_stimuli","3_4","Incongruent","Incongruent","Incongruent","Congruent",12.000169,12.200162,"4$",0.684959,"Correct","Correct","Correct","Correct"
"11",7,"5_6_stimuli","5_6","Incongruent","Incongruent","Incongruent","Incongruent",14.000152,14.200142,"6^",1.052934,"Correct","Correct","Correct","Correct"
"11",8,"7_8_stimuli","8_8","Congruent","Incongruent","Incongruent","Incongruent",16.000121,16.20013,"8*",1.261004,"Correct","Correct","Correct","Correct"
"11",9,"1_2_stimuli","2_1","Incongruent","Congruent","Incongruent","Incongruent",18.000107,18.200113,"1!",0.701397,"Correct","Correct","Correct","Correct"
"11",10,"3_4_stimuli","4_4","Congruent","Incongruent","Congruent","Incongruent",20.000082,20.20009,"4$",0.893018,"Correct","Correct","Correct","Correct"
"11",11,"5_6_stimuli","6_5","Incongruent","Congruent","Incongruent","Congruent",22.000068,22.200073,"5%",1.021967,"Correct","Correct","Correct","Correct"
"11",12,"7_8_stimuli","8_7","Incongruent","Incongruent","Congruent","Incongruent",24.000049,24.200045,"7&",1.18124,"Correct","Correct","Correct","Correct"
"11",13,"1_2_stimuli","1_2","Incongruent","Incongruent","Incongruent","Congruent",26.00004,26.200033,"2@",1.037588,"Correct","Correct","Correct","Correct"
"11",14,"3_4_stimuli","4_4","Congruent","Incongruent","Incongruent","Incongruent",28.000011,28.200018,"4$",1.133732,"Correct","Correct","Correct","Correct"
"11",15,"5_6_stimuli","5_5","Congruent","Congruent","Incongruent","Incongruent",29.999998,30.199992,"5%",0.653093,"Correct","Correct","Correct","Correct"
"11",16,"7_8_stimuli","7_8","Incongruent","Congruent","Congruent","Incongruent",31.999983,32.199974,"8*",0.685829,"Correct","Correct","Correct","Correct"
"11",17,"1_2_stimuli","2_1","Incongruent","Incongruent","Congruent","Congruent",33.999953,34.199962,"1!",0.621166,"Correct","Correct","Correct","Correct"
"11",18,"3_4_stimuli","3_3","Congruent","Incongruent","Incongruent","Congruent",35.999936,36.19993,"3#",1.293402,"Correct","Correct","Correct","Correct"
"11",19,"5_6_stimuli","5_6","Incongruent","Congruent","Incongruent","Incongruent",37.999928,38.199916,"6^",1.389164,"Correct","Correct","Correct","Correct"
"11",20,"7_8_stimuli","8_8","Congruent","Incongruent","Congruent","Incongruent",39.999904,40.199891,"8*",1.022008,"Correct","Correct","Correct","Correct"
"11",21,"1_2_stimuli","1_1","Congruent","Congruent","Incongruent","Congruent",41.99988,42.199879,"1!",0.573262,"Correct","Correct","Correct","Correct"
"11",22,"3_4_stimuli","4_4","Congruent","Congruent","Congruent","Incongruent",43.999853,44.199869,"4$",0.781774,"Correct","Correct","Correct","Correct"
"11",23,"5_6_stimuli","5_5","Congruent","Congruent","Congruent","Congruent",45.999845,46.199834,"5%",0.637335,"Correct","Correct","Correct","Correct"
"11",24,"7_8_stimuli","7_7","Congruent","Congruent","Congruent","Congruent",47.999825,48.199821,"7&",0.97353,"Correct","Correct","Correct","Correct"
"11",25,"1_2_stimuli","2_2","Congruent","Congruent","Congruent","Congruent",49.999809,50.199798,"2@",0.653832,"Correct","Correct","Correct","Correct"
"11",26,"3_4_stimuli","3_3","Congruent","Congruent","Congruent","Congruent",51.999791,52.199786,"3#",1.053749,"Correct","Correct","Correct","Correct"
"11",27,"5_6_stimuli","6_5","Incongruent","Congruent","Congruent","Congruent",53.999776,54.199775,"5%",1.101775,"Correct","Correct","Correct","Correct"
"11",28,"7_8_stimuli","7_7","Congruent","Incongruent","Congruent","Congruent",55.999754,56.199755,"7&",1.181937,"Correct","Correct","Correct","Correct"
"11",29,"1_2_stimuli","1_2","Incongruent","Congruent","Incongruent","Congruent",57.999732,58.199732,"2@",0.685296,"Correct","Correct","Correct","Correct"
"11",30,"3_4_stimuli","4_3","Incongruent","Incongruent","Congruent","Incongruent",59.999701,60.199713,"Omission",5000,"Omission","Correct","Correct","Correct"
"11",31,"5_6_stimuli","5_5","Congruent","Incongruent","Incongruent","Congruent",61.999695,62.199693,"5%",0.829342,"Correct","Omission","Correct","Correct"
"11",32,"7_8_stimuli","8_7","Incongruent","Congruent","Incongruent","Incongruent",63.99967,64.199667,"7&",0.87739,"Correct","Correct","Omission","Correct"
"11",33,"1_2_stimuli","1_1","Congruent","Incongruent","Congruent","Incongruent",65.999655,66.19966,"1!",1.149397,"Correct","Correct","Correct","Omission"
"11",34,"3_4_stimuli","3_4","Incongruent","Congruent","Incongruent","Congruent",67.999641,68.199642,"4$",0.749389,"Correct","Correct","Correct","Correct"
"11",35,"5_6_stimuli","5_6","Incongruent","Incongruent","Congruent","Incongruent",69.999619,70.199618,"6^",1.021355,"Correct","Correct","Correct","Correct"
"11",36,"7_8_stimuli","7_8","Incongruent","Incongruent","Incongruent","Congruent",71.999599,72.199602,"8*",1.197417,"Correct","Correct","Correct","Correct"
"11",37,"1_2_stimuli","1_1","Congruent","Incongruent","Incongruent","Incongruent",73.999579,74.199579,"1!",0.973449,"Correct","Correct","Correct","Correct"
"11",38,"3_4_stimuli","3_3","Congruent","Congruent","Incongruent","Incongruent",75.999558,76.199555,"3#",0.845501,"Correct","Correct","Correct","Correct"
"11",39,"5_6_stimuli","5_5","Congruent","Congruent","Congruent","Incongruent",77.999532,78.199531,"Omission",5000,"Omission","Correct","Correct","Correct"
"11",40,"7_8_stimuli","7_8","Incongruent","Congruent","Congruent","Congruent",79.999518,80.199522,"8*",0.6858,"Correct","Omission","Correct","Correct"
"11",41,"1_2_stimuli","2_2","Congruent","Incongruent","Congruent","Congruent",81.999506,82.199507,"2@",0.573522,"Correct","Correct","Omission","Correct"
"11",42,"3_4_stimuli","4_4","Congruent","Congruent","Incongruent","Congruent",83.999483,84.199488,"4$",0.925612,"Correct","Correct","Correct","Omission"
"11",43,"5_6_stimuli","6_5","Incongruent","Congruent","Congruent","Incongruent",85.999466,86.199462,"5%",0.941491,"Correct","Correct","Correct","Correct"
"11",44,"7_8_stimuli","8_7","Incongruent","Incongruent","Congruent","Congruent",87.999441,88.19944,"7&",1.149567,"Correct","Correct","Correct","Correct"
"11",45,"1_2_stimuli","2_2","Congruent","Incongruent","Incongruent","Congruent",89.999425,90.199425,"2@",0.65422,"Correct","Correct","Correct","Correct"
"11",46,"3_4_stimuli","4_3","Incongruent","Congruent","Incongruent","Incongruent",91.999408,92.199403,"3#",0.814084,"Correct","Correct","Correct","Correct"
"11",47,"5_6_stimuli","6_6","Congruent","Incongruent","Congruent","Incongruent",93.999392,94.199377,"6^",1.294056,"Correct","Correct","Correct","Correct"
"11",48,"7_8_stimuli","7_7","Congruent","Congruent","Incongruent","Congruent",95.999361,96.199359,"7&",0.638357,"Correct","Correct","Correct","Correct"
"11",49,"1_2_stimuli","2_1","Incongruent","Congruent","Congruent","Incongruent",97.999354,98.199345,"1!",0.750113,"Correct","Correct","Correct","Correct"
"11",50,"3_4_stimuli","3_3","Congruent","Incongruent","Congruent","Congruent",99.99933,100.199324,"3#",1.069656,"Correct","Correct","Correct","Correct"
"11",51,"5_6_stimuli","6_6","Congruent","Congruent","Incongruent","Congruent",101.999313,102.199302,"6^",1.037694,"Correct","Correct","Correct","Correct"
"11",52,"7_8_stimuli","8_8","Congruent","Congruent","Congruent","Incongruent",103.999288,104.19929,"8*",0.909729,"Correct","Correct","Correct","Correct"
"11",53,"1_2_stimuli","1_2","Incongruent","Congruent","Congruent","Congruent",105.999275,106.199272,"2@",0.621773,"Correct","Correct","Correct","Correct"
"11",54,"3_4_stimuli","4_3","Incongruent","Incongruent","Congruent","Congruent",107.999249,108.199251,"3#",1.261691,"Correct","Correct","Correct","Correct"
"11",55,"5_6_stimuli","6_5","Incongruent","Incongruent","Incongruent","Congruent",109.999239,110.19923,"6^",1.262277,"Error","Correct","Correct","Correct"
"11",56,"7_8_stimuli","7_8","Incongruent","Incongruent","Incongruent","Incongruent",111.999213,112.199217,"8*",0.958281,"Correct","Error","Correct","Correct"
"11",57,"1_2_stimuli","2_1","Incongruent","Incongruent","Incongruent","Incongruent",113.999196,114.199195,"1!",0.766589,"Correct","Correct","Error","Correct"
"11",58,"3_4_stimuli","3_4","Incongruent","Incongruent","Incongruent","Incongruent",115.999173,116.199172,"4$",0.73427,"Correct","Correct","Correct","Error"
"11",59,"5_6_stimuli","6_6","Congruent","Incongruent","Incongruent","Incongruent",117.999161,118.199153,"6^",1.198552,"Correct","Correct","Correct","Correct"
"11",60,"7_8_stimuli","8_8","Congruent","Congruent","Incongruent","Incongruent",119.999152,120.199142,"8*",0.702432,"Correct","Correct","Correct","Correct"
"11",61,"1_2_stimuli","1_1","Congruent","Congruent","Congruent","Incongruent",121.999116,122.199124,"1!",0.510211,"Correct","Correct","Correct","Correct"
"11",62,"3_4_stimuli","3_4","Incongruent","Congruent","Congruent","Congruent",123.999109,124.199103,"4$",0.733821,"Correct","Correct","Correct","Correct"
"11",63,"5_6_stimuli","5_6","Incongruent","Incongruent","Congruent","Congruent",125.999084,126.199078,"6^",0.926273,"Correct","Correct","Correct","Correct"
"11",64,"7_8_stimuli","7_7","Congruent","Incongruent","Incongruent","Congruent",127.99906,128.199065,"7&",0.877871,"Correct","Correct","Correct","Correct"
"11",65,"1_2_stimuli","2_2","Congruent","Congruent","Incongruent","Incongruent",129.999045,130.199043,"2@",0.557963,"Correct","Correct","Correct","Correct"
"11",66,"3_4_stimuli","4_3","Incongruent","Congruent","Congruent","Incongruent",131.999023,132.199033,"4$",0.750653,"Error","Correct","Correct","Correct"
"11",67,"5_6_stimuli","6_6","Congruent","Incongruent","Congruent","Congruent",133.999005,134.199004,"6^",0.958631,"Correct","Error","Correct","Correct"
"11",68,"7_8_stimuli","8_7","Incongruent","Congruent","Incongruent","Congruent",135.998991,136.198992,"7&",1.005958,"Correct","Correct","Error","Correct"
"12",1,"1_2_stimuli","1_1","Congruent",NA,NA,NA,1.999987,2.199982,"1!",0.800366,"Correct",NA,NA,NA
"12",2,"3_4_stimuli","4_4","Congruent","Congruent",NA,NA,3.999972,4.199974,"4$",0.720694,"Correct","Correct",NA,NA
"12",3,"5_6_stimuli","5_6","Incongruent","Congruent","Congruent",NA,5.99995,6.199943,"6^",1.120696,"Correct","Correct","Correct",NA
"12",4,"7_8_stimuli","8_7","Incongruent","Incongruent","Congruent","Congruent",7.999937,8.199926,"7&",0.688534,"Correct","Correct","Correct","Correct"
"12",5,"1_2_stimuli","1_1","Congruent","Incongruent","Incongruent","Congruent",9.999909,10.199913,"1!",0.688531,"Correct","Correct","Correct","Correct"
"12",6,"3_4_stimuli","3_3","Congruent","Congruent","Incongruent","Incongruent",11.999901,12.199887,"3#",1.392785,"Correct","Correct","Correct","Correct"
"12",7,"5_6_stimuli","6_5","Incongruent","Congruent","Congruent","Incongruent",13.999879,14.199876,"5%",0.864721,"Correct","Correct","Correct","Correct"
"12",8,"7_8_stimuli","7_8","Incongruent","Incongruent","Congruent","Congruent",15.999858,16.199849,"8*",0.768894,"Correct","Correct","Correct","Correct"
"12",9,"1_2_stimuli","2_1","Incongruent","Incongruent","Incongruent","Congruent",17.999843,18.199829,"1!",1.152757,"Correct","Correct","Correct","Correct"
"12",10,"3_4_stimuli","4_4","Congruent","Incongruent","Incongruent","Incongruent",19.999813,20.199807,"4$",1.184203,"Correct","Correct","Correct","Correct"
"12",11,"5_6_stimuli","6_5","Incongruent","Congruent","Incongruent","Incongruent",21.999799,22.199796,"5%",0.736155,"Correct","Correct","Correct","Correct"
"12",12,"7_8_stimuli","7_7","Congruent","Incongruent","Congruent","Incongruent",23.999788,24.199783,"7&",1.120165,"Correct","Correct","Correct","Correct"
"12",13,"1_2_stimuli","1_2","Incongruent","Congruent","Incongruent","Congruent",25.999759,26.199752,"2@",0.57619,"Correct","Correct","Correct","Correct"
"12",14,"3_4_stimuli","3_4","Incongruent","Incongruent","Congruent","Incongruent",27.999742,28.199737,"4$",0.704216,"Correct","Correct","Correct","Correct"
"12",15,"5_6_stimuli","5_5","Congruent","Incongruent","Incongruent","Congruent",29.999722,30.199727,"5%",0.800177,"Correct","Correct","Correct","Correct"
"12",16,"7_8_stimuli","7_8","Incongruent","Congruent","Incongruent","Incongruent",31.999697,32.199702,"8*",0.688246,"Correct","Correct","Correct","Correct"
"12",17,"1_2_stimuli","2_2","Congruent","Incongruent","Congruent","Incongruent",33.999687,34.199679,"2@",0.640773,"Correct","Correct","Correct","Correct"
"12",18,"3_4_stimuli","4_4","Congruent","Congruent","Incongruent","Congruent",35.999669,36.199666,"4$",0.592718,"Correct","Correct","Correct","Correct"
"12",19,"5_6_stimuli","5_5","Congruent","Congruent","Congruent","Incongruent",37.999653,38.199642,"5%",0.704908,"Correct","Correct","Correct","Correct"
"12",20,"7_8_stimuli","8_8","Congruent","Congruent","Congruent","Congruent",39.999627,40.199632,"8*",0.784346,"Correct","Correct","Correct","Correct"
"12",21,"1_2_stimuli","2_2","Congruent","Congruent","Congruent","Congruent",41.999609,42.199613,"2@",0.57702,"Correct","Correct","Correct","Correct"
"12",22,"3_4_stimuli","4_4","Congruent","Congruent","Congruent","Congruent",43.999585,44.199594,"4$",0.62461,"Correct","Correct","Correct","Correct"
"12",23,"5_6_stimuli","5_6","Incongruent","Congruent","Congruent","Congruent",45.999565,46.199571,"6^",1.184819,"Correct","Correct","Correct","Correct"
"12",24,"7_8_stimuli","7_7","Congruent","Incongruent","Congruent","Congruent",47.999556,48.199556,"7&",0.784466,"Correct","Correct","Correct","Correct"
"12",25,"1_2_stimuli","1_1","Congruent","Congruent","Incongruent","Congruent",49.999529,50.199524,"1!",0.576407,"Correct","Correct","Correct","Correct"
"12",26,"3_4_stimuli","3_3","Congruent","Congruent","Congruent","Incongruent",51.999517,52.19952,"3#",1.105012,"Correct","Correct","Correct","Correct"
"12",27,"5_6_stimuli","5_5","Congruent","Congruent","Congruent","Congruent",53.999491,54.199489,"5%",0.768423,"Correct","Correct","Correct","Correct"
"12",28,"7_8_stimuli","8_7","Incongruent","Congruent","Congruent","Congruent",55.999482,56.199475,"7&",1.16837,"Correct","Correct","Correct","Correct"
"12",29,"1_2_stimuli","2_1","Incongruent","Incongruent","Congruent","Congruent",57.999457,58.199458,"1!",0.736714,"Correct","Correct","Correct","Correct"
"12",30,"3_4_stimuli","3_3","Congruent","Incongruent","Incongruent","Congruent",59.999436,60.199439,"3#",1.056859,"Correct","Correct","Correct","Correct"
"12",31,"5_6_stimuli","6_6","Congruent","Congruent","Incongruent","Incongruent",61.999416,62.199421,"6^",1.088924,"Correct","Correct","Correct","Correct"
"12",32,"7_8_stimuli","8_7","Incongruent","Congruent","Congruent","Incongruent",63.999402,64.199399,"7&",0.752872,"Correct","Correct","Correct","Correct"
"12",33,"1_2_stimuli","1_1","Congruent","Incongruent","Congruent","Congruent",65.999377,66.199373,"1!",0.576978,"Correct","Correct","Correct","Correct"
"12",34,"3_4_stimuli","4_3","Incongruent","Congruent","Incongruent","Congruent",67.999356,68.199363,"3#",0.913045,"Correct","Correct","Correct","Correct"
"12",35,"5_6_stimuli","5_6","Incongruent","Incongruent","Congruent","Incongruent",69.999341,70.199332,"6^",1.008921,"Correct","Correct","Correct","Correct"
"12",36,"7_8_stimuli","8_7","Incongruent","Incongruent","Incongruent","Congruent",71.999324,72.199315,"7&",0.736984,"Correct","Correct","Correct","Correct"
"12",37,"1_2_stimuli","2_1","Incongruent","Incongruent","Incongruent","Incongruent",73.999297,74.199309,"1!",0.640629,"Correct","Correct","Correct","Correct"
"12",38,"3_4_stimuli","4_3","Incongruent","Incongruent","Incongruent","Incongruent",75.999279,76.199279,"3#",0.784688,"Correct","Correct","Correct","Correct"
"12",39,"5_6_stimuli","6_5","Incongruent","Incongruent","Incongruent","Incongruent",77.999262,78.199259,"5%",1.233001,"Correct","Correct","Correct","Correct"
"12",40,"7_8_stimuli","7_7","Congruent","Incongruent","Incongruent","Incongruent",79.999256,80.199245,"7&",1.02459,"Correct","Correct","Correct","Correct"
"12",41,"1_2_stimuli","2_2","Congruent","Congruent","Incongruent","Incongruent",81.999233,82.199228,"2@",0.625356,"Correct","Correct","Correct","Correct"
"12",42,"3_4_stimuli","3_4","Incongruent","Congruent","Congruent","Incongruent",83.999209,84.19921,"4$",0.721384,"Correct","Correct","Correct","Correct"
"12",43,"5_6_stimuli","6_5","Incongruent","Incongruent","Congruent","Congruent",85.999184,86.199187,"5%",1.13743,"Correct","Correct","Correct","Correct"
"12",44,"7_8_stimuli","8_8","Congruent","Incongruent","Incongruent","Congruent",87.999169,88.199176,"8*",0.673326,"Correct","Correct","Correct","Correct"
"12",45,"1_2_stimuli","1_2","Incongruent","Congruent","Incongruent","Incongruent",89.999153,90.199145,"2@",0.832691,"Correct","Correct","Correct","Correct"
"12",46,"3_4_stimuli","4_4","Congruent","Incongruent","Congruent","Incongruent",91.999127,92.199129,"4$",0.704674,"Correct","Correct","Correct","Correct"
"12",47,"5_6_stimuli","6_6","Congruent","Congruent","Incongruent","Congruent",93.999111,94.199107,"6^",0.864755,"Correct","Correct","Correct","Correct"
"12",48,"7_8_stimuli","7_7","Congruent","Congruent","Congruent","Incongruent",95.99909,96.199088,"7&",0.833203,"Correct","Correct","Correct","Correct"
"12",49,"1_2_stimuli","1_2","Incongruent","Congruent","Congruent","Congruent",97.999076,98.199081,"2@",0.704764,"Correct","Correct","Correct","Correct"
"12",50,"3_4_stimuli","4_3","Incongruent","Incongruent","Congruent","Congruent",99.999052,100.199051,"3#",0.784791,"Correct","Correct","Correct","Correct"
"12",51,"5_6_stimuli","5_6","Incongruent","Incongruent","Incongruent","Congruent",101.999034,102.199044,"7&",1.072867,"Error","Correct","Correct","Correct"
"12",52,"7_8_stimuli","7_8","Incongruent","Incongruent","Incongruent","Incongruent",103.99902,104.199015,"8*",0.720895,"Correct","Error","Correct","Correct"
"12",53,"1_2_stimuli","1_1","Congruent","Incongruent","Incongruent","Incongruent",105.999,106.198999,"1!",0.593431,"Correct","Correct","Error","Correct"
"12",54,"3_4_stimuli","4_3","Incongruent","Congruent","Incongruent","Incongruent",107.998978,108.198975,"3#",0.705466,"Correct","Correct","Correct","Error"
"12",55,"5_6_stimuli","6_6","Congruent","Incongruent","Congruent","Incongruent",109.99897,110.198967,"6^",1.088855,"Correct","Correct","Correct","Correct"
"12",56,"7_8_stimuli","8_8","Congruent","Congruent","Incongruent","Congruent",111.998945,112.198938,"8*",0.641466,"Correct","Correct","Correct","Correct"
"12",57,"1_2_stimuli","2_2","Congruent","Congruent","Congruent","Incongruent",113.998923,114.198927,"2@",0.704863,"Correct","Correct","Correct","Correct"
"12",58,"3_4_stimuli","3_4","Incongruent","Congruent","Congruent","Congruent",115.998913,116.198904,"4$",0.753461,"Correct","Correct","Correct","Correct"
"12",59,"5_6_stimuli","6_6","Congruent","Incongruent","Congruent","Congruent",117.998889,118.198888,"6^",1.041346,"Correct","Correct","Correct","Correct"
"12",60,"7_8_stimuli","8_7","Incongruent","Congruent","Incongruent","Congruent",119.99887,120.198866,"7&",0.673834,"Correct","Correct","Correct","Correct"
"12",61,"1_2_stimuli","2_1","Incongruent","Incongruent","Congruent","Incongruent",121.998857,122.198842,"2@",0.673621,"Error","Correct","Correct","Correct"
"12",62,"3_4_stimuli","3_4","Incongruent","Incongruent","Incongruent","Congruent",123.998835,124.198836,"4$",0.817633,"Correct","Error","Correct","Correct"
"12",63,"5_6_stimuli","5_5","Congruent","Incongruent","Incongruent","Incongruent",125.998816,126.198805,"5%",1.024955,"Correct","Correct","Error","Correct"
"12",64,"7_8_stimuli","8_8","Congruent","Congruent","Incongruent","Incongruent",127.998793,128.198793,"8*",0.737266,"Correct","Correct","Correct","Error"
"12",65,"1_2_stimuli","1_2","Incongruent","Congruent","Congruent","Incongruent",129.998776,130.19878,"2@",0.593653,"Correct","Correct","Correct","Correct"
"12",66,"3_4_stimuli","3_3","Congruent","Incongruent","Congruent","Congruent",131.998754,132.19876,"3#",1.201211,"Correct","Correct","Correct","Correct"
"12",67,"5_6_stimuli","5_6","Incongruent","Congruent","Incongruent","Congruent",133.998731,134.198742,"7&",1.249056,"Error","Correct","Correct","Correct"
"12",68,"7_8_stimuli","7_8","Incongruent","Incongruent","Congruent","Incongruent",135.99872,136.198725,"8*",0.737072,"Correct","Error","Correct","Correct"
"13",1,"1_2_stimuli","1_2","Incongruent",NA,NA,NA,1.999974,2.199976,"2@",0.925067,"Correct",NA,NA,NA
"13",2,"3_4_stimuli","4_4","Congruent","Incongruent",NA,NA,3.999969,4.199956,"4$",0.732825,"Correct","Correct",NA,NA
"13",3,"5_6_stimuli","6_5","Incongruent","Congruent","Incongruent",NA,5.99994,6.199942,"5%",1.020741,"Correct","Correct","Correct",NA
"13",4,"7_8_stimuli","7_8","Incongruent","Incongruent","Congruent","Incongruent",7.999918,8.19993,"8*",1.00476,"Correct","Correct","Correct","Correct"
"13",5,"1_2_stimuli","2_2","Congruent","Incongruent","Incongruent","Congruent",9.999912,10.199904,"2@",0.652771,"Correct","Correct","Correct","Correct"
"13",6,"3_4_stimuli","3_3","Congruent","Congruent","Incongruent","Incongruent",11.999883,12.199888,"3#",1.245422,"Correct","Correct","Correct","Correct"
"13",7,"5_6_stimuli","5_5","Congruent","Congruent","Congruent","Incongruent",13.999873,14.199865,"5%",0.66911,"Correct","Correct","Correct","Correct"
"13",8,"7_8_stimuli","7_8","Incongruent","Congruent","Congruent","Congruent",15.999847,16.199845,"8*",0.621393,"Correct","Correct","Correct","Correct"
"13",9,"1_2_stimuli","2_2","Congruent","Incongruent","Congruent","Congruent",17.99983,18.199823,"2@",0.541489,"Correct","Correct","Correct","Correct"
"13",10,"3_4_stimuli","4_3","Incongruent","Congruent","Incongruent","Congruent",19.999814,20.199813,"3#",1.101292,"Correct","Correct","Correct","Correct"
"13",11,"5_6_stimuli","6_6","Congruent","Incongruent","Congruent","Incongruent",21.999801,22.19979,"6^",1.069625,"Correct","Correct","Correct","Correct"
"13",12,"7_8_stimuli","7_7","Congruent","Congruent","Incongruent","Congruent",23.999776,24.199768,"7&",0.685282,"Correct","Correct","Correct","Correct"
"13",13,"1_2_stimuli","2_1","Incongruent","Congruent","Congruent","Incongruent",25.999757,26.199752,"1!",0.909356,"Correct","Correct","Correct","Correct"
"13",14,"3_4_stimuli","4_4","Congruent","Incongruent","Congruent","Congruent",27.999733,28.199732,"4$",0.652912,"Correct","Correct","Correct","Correct"
"13",15,"5_6_stimuli","5_5","Congruent","Congruent","Incongruent","Congruent",29.999715,30.199717,"5%",0.589349,"Correct","Correct","Correct","Correct"
"13",16,"7_8_stimuli","7_8","Incongruent","Congruent","Congruent","Incongruent",31.999698,32.199702,"8*",0.621243,"Correct","Correct","Correct","Correct"
"13",17,"1_2_stimuli","1_2","Incongruent","Incongruent","Congruent","Congruent",33.999678,34.199674,"2@",0.684948,"Correct","Correct","Correct","Correct"
"13",18,"3_4_stimuli","4_3","Incongruent","Incongruent","Incongruent","Congruent",35.999647,36.199665,"3#",0.98952,"Correct","Correct","Correct","Correct"
"13",19,"5_6_stimuli","5_6","Incongruent","Incongruent","Incongruent","Incongruent",37.999646,38.199637,"5%",1.181653,"Error","Correct","Correct","Correct"
"13",20,"7_8_stimuli","7_7","Congruent","Incongruent","Incongruent","Incongruent",39.999614,40.199623,"7&",0.669013,"Correct","Error","Correct","Correct"
"13",21,"1_2_stimuli","1_1","Congruent","Congruent","Incongruent","Incongruent",41.9996,42.199598,"1!",0.653429,"Correct","Correct","Error","Correct"
"13",22,"3_4_stimuli","4_4","Congruent","Congruent","Congruent","Incongruent",43.99959,44.199585,"4$",0.589104,"Correct","Correct","Correct","Error"
"13",23,"5_6_stimuli","6_6","Congruent","Congruent","Congruent","Congruent",45.999566,46.199557,"6^",0.893904,"Correct","Correct","Correct","Correct"
"13",24,"7_8_stimuli","8_8","Congruent","Congruent","Congruent","Congruent",47.999547,48.199547,"8*",0.973063,"Correct","Correct","Correct","Correct"
"13",25,"1_2_stimuli","2_1","Incongruent","Congruent","Congruent","Congruent",49.999528,50.199533,"1!",0.717671,"Correct","Correct","Correct","Correct"
"13",26,"3_4_stimuli","4_3","Incongruent","Incongruent","Congruent","Congruent",51.999511,52.199504,"3#",1.133119,"Correct","Correct","Correct","Correct"
"13",27,"5_6_stimuli","5_6","Incongruent","Incongruent","Incongruent","Congruent",53.9995,54.199491,"6^",0.894403,"Correct","Correct","Correct","Correct"
"13",28,"7_8_stimuli","8_7","Incongruent","Incongruent","Incongruent","Incongruent",55.999476,56.199467,"7&",0.685147,"Correct","Correct","Correct","Correct"
"13",29,"1_2_stimuli","2_2","Congruent","Incongruent","Incongruent","Incongruent",57.999449,58.199461,"2@",0.541897,"Correct","Correct","Correct","Correct"
"13",30,"3_4_stimuli","3_4","Incongruent","Congruent","Incongruent","Incongruent",59.999436,60.19944,"4$",0.637827,"Correct","Correct","Correct","Correct"
"13",31,"5_6_stimuli","5_6","Incongruent","Incongruent","Congruent","Incongruent",61.999414,62.199404,"6^",0.765175,"Correct","Correct","Correct","Correct"
"13",32,"7_8_stimuli","8_8","Congruent","Incongruent","Incongruent","Congruent",63.999405,64.199404,"8*",0.925897,"Correct","Correct","Correct","Correct"
"13",33,"1_2_stimuli","1_2","Incongruent","Congruent","Incongruent","Incongruent",65.999378,66.199374,"2@",0.669497,"Correct","Correct","Correct","Correct"
"13",34,"3_4_stimuli","4_4","Congruent","Incongruent","Congruent","Incongruent",67.999357,68.199351,"4$",0.525789,"Correct","Correct","Correct","Correct"
"13",35,"5_6_stimuli","6_5","Incongruent","Congruent","Incongruent","Congruent",69.999347,70.199336,"5%",0.893269,"Correct","Correct","Correct","Correct"
"13",36,"7_8_stimuli","7_8","Incongruent","Incongruent","Congruent","Incongruent",71.999321,72.199317,"8*",0.685158,"Correct","Correct","Correct","Correct"
"13",37,"1_2_stimuli","1_2","Incongruent","Incongruent","Incongruent","Congruent",73.999309,74.199295,"2@",0.445266,"Correct","Correct","Correct","Correct"
"13",38,"3_4_stimuli","3_4","Incongruent","Incongruent","Incongruent","Incongruent",75.999273,76.199274,"4$",0.573253,"Correct","Correct","Correct","Correct"
"13",39,"5_6_stimuli","6_6","Congruent","Incongruent","Incongruent","Incongruent",77.999262,78.199254,"6^",0.973298,"Correct","Correct","Correct","Correct"
"13",40,"7_8_stimuli","8_7","Incongruent","Congruent","Incongruent","Incongruent",79.999242,80.199235,"7&",1.24578,"Correct","Correct","Correct","Correct"
"13",41,"1_2_stimuli","2_2","Congruent","Incongruent","Congruent","Incongruent",81.999232,82.199223,"2@",0.685323,"Correct","Correct","Correct","Correct"
"13",42,"3_4_stimuli","3_3","Congruent","Congruent","Incongruent","Congruent",83.999204,84.199215,"3#",0.845396,"Correct","Correct","Correct","Correct"
"13",43,"5_6_stimuli","6_5","Incongruent","Congruent","Congruent","Incongruent",85.999188,86.199186,"5%",1.022112,"Correct","Correct","Correct","Correct"
"13",44,"7_8_stimuli","8_8","Congruent","Incongruent","Congruent","Congruent",87.999162,88.199169,"8*",0.621304,"Correct","Correct","Correct","Correct"
"13",45,"1_2_stimuli","2_1","Incongruent","Congruent","Incongruent","Congruent",89.999148,90.199141,"1!",0.701403,"Correct","Correct","Correct","Correct"
"13",46,"3_4_stimuli","3_4","Incongruent","Incongruent","Congruent","Incongruent",91.999135,92.199131,"4$",0.830055,"Correct","Correct","Correct","Correct"
"13",47,"5_6_stimuli","5_5","Congruent","Incongruent","Incongruent","Congruent",93.999118,94.199113,"5%",0.90995,"Correct","Correct","Correct","Correct"
"13",48,"7_8_stimuli","8_8","Congruent","Congruent","Incongruent","Incongruent",95.999087,96.199089,"8*",0.909435,"Correct","Correct","Correct","Correct"
"13",49,"1_2_stimuli","1_1","Congruent","Congruent","Congruent","Incongruent",97.999081,98.199069,"1!",0.717938,"Correct","Correct","Correct","Correct"
"13",50,"3_4_stimuli","3_4","Incongruent","Congruent","Congruent","Congruent",99.999055,100.199049,"4$",0.75003,"Correct","Correct","Correct","Correct"
"13",51,"5_6_stimuli","5_5","Congruent","Incongruent","Congruent","Congruent",101.999035,102.199035,"5%",1.246148,"Correct","Correct","Correct","Correct"
"13",52,"7_8_stimuli","7_8","Incongruent","Congruent","Incongruent","Congruent",103.999014,104.199014,"8*",0.605952,"Correct","Correct","Correct","Correct"
"13",53,"1_2_stimuli","2_1","Incongruent","Incongruent","Congruent","Incongruent",105.999,106.198992,"1!",0.557484,"Correct","Correct","Correct","Correct"
"13",54,"3_4_stimuli","3_3","Congruent","Incongruent","Incongruent","Congruent",107.99898,108.198979,"3#",0.878117,"Correct","Correct","Correct","Correct"
"13",55,"5_6_stimuli","6_5","Incongruent","Congruent","Incongruent","Incongruent",109.998961,110.198957,"6^",1.101685,"Error","Correct","Correct","Correct"
"13",56,"7_8_stimuli","7_7","Congruent","Incongruent","Congruent","Incongruent",111.998944,112.198951,"7&",0.717924,"Correct","Error","Correct","Correct"
"13",57,"1_2_stimuli","1_1","Congruent","Congruent","Incongruent","Congruent",113.998921,114.198919,"1!",0.590232,"Correct","Correct","Error","Correct"
"13",58,"3_4_stimuli","4_3","Incongruent","Congruent","Congruent","Incongruent",115.998899,116.198897,"3#",1.214272,"Correct","Correct","Correct","Error"
"13",59,"5_6_stimuli","6_5","Incongruent","Incongruent","Congruent","Congruent",117.998879,118.198884,"5%",1.06952,"Correct","Correct","Correct","Correct"
"13",60,"7_8_stimuli","8_7","Incongruent","Incongruent","Incongruent","Congruent",119.998873,120.198868,"7&",1.038427,"Correct","Correct","Correct","Correct"
"13",61,"1_2_stimuli","1_2","Incongruent","Incongruent","Incongruent","Incongruent",121.998844,122.198844,"2@",0.813916,"Correct","Correct","Correct","Correct"
"13",62,"3_4_stimuli","4_4","Congruent","Incongruent","Incongruent","Incongruent",123.998825,124.198827,"4$",0.638084,"Correct","Correct","Correct","Correct"
"13",63,"5_6_stimuli","6_6","Congruent","Congruent","Incongruent","Incongruent",125.998807,126.198805,"6^",1.070013,"Correct","Correct","Correct","Correct"
"13",64,"7_8_stimuli","7_7","Congruent","Congruent","Congruent","Incongruent",127.998792,128.198788,"7&",0.654062,"Correct","Correct","Correct","Correct"
"13",65,"1_2_stimuli","1_1","Congruent","Congruent","Congruent","Congruent",129.998778,130.198768,"1!",0.92565,"Correct","Correct","Correct","Correct"
"13",66,"3_4_stimuli","3_3","Congruent","Congruent","Congruent","Congruent",131.998756,132.198754,"3#",0.910128,"Correct","Correct","Correct","Correct"
"13",67,"5_6_stimuli","5_6","Incongruent","Congruent","Congruent","Congruent",133.99873,134.198737,"6^",1.261781,"Correct","Correct","Correct","Correct"
"13",68,"7_8_stimuli","8_7","Incongruent","Incongruent","Congruent","Congruent",135.998726,136.198718,"7&",0.622294,"Correct","Correct","Correct","Correct"
