"Run.Number","Trial.Number","Task","Stimulus","Current.Trial.Type","Previous.Trial.Type","Previous.Trial.Type.N2","Previous.Trial.Type.N3","StimulusOnsetTime","StimulusOffsetTime","Response","RT","Accuracy","PreviousAccuracy","PreviousAccuracy.N2","Previous.Accuracy.N3"
"practice",1,"1_2_stimuli","1_1","Congruent",NA,NA,NA,1.999957,2.199964,"1!",1.202028,"Correct",NA,NA,NA
"practice",2,"3_4_stimuli","4_4","Congruent","Congruent",NA,NA,3.999944,4.199953,"4$",1.490098,"Correct","Correct",NA,NA
"practice",3,"5_6_stimuli","6_6","Congruent","Congruent","Congruent",NA,5.999919,6.199921,"6^",1.154561,"Correct","Correct","Correct",NA
"practice",4,"7_8_stimuli","8_7","Incongruent","Congruent","Congruent","Congruent",7.999919,8.199905,"7&",1.010099,"Correct","Correct","Correct","Correct"
"practice",5,"1_2_stimuli","2_2","Congruent","Incongruent","Congruent","Congruent",9.999888,10.199901,"2@",1.026542,"Correct","Correct","Correct","Correct"
"practice",6,"3_4_stimuli","3_4","Incongruent","Congruent","Incongruent","Congruent",11.999885,12.199874,"4$",1.458514,"Correct","Correct","Correct","Correct"
"practice",7,"5_6_stimuli","6_5","Incongruent","Incongruent","Congruent","Incongruent",13.999856,14.199866,"5%",1.058869,"Correct","Correct","Correct","Correct"
"practice",8,"7_8_stimuli","7_7","Congruent","Incongruent","Incongruent","Congruent",15.999844,16.199848,"Omission",5000,"Omission","Correct","Correct","Correct"
"practice",9,"1_2_stimuli","2_1","Incongruent","Congruent","Incongruent","Incongruent",17.999817,18.199828,"1!",0.962836,"Correct","Omission","Correct","Correct"
"practice",10,"3_4_stimuli","4_4","Congruent","Incongruent","Congruent","Incongruent",19.999807,20.199799,"4$",1.362199,"Correct","Correct","Omission","Correct"
"practice",11,"5_6_stimuli","5_6","Incongruent","Congruent","Incongruent","Congruent",21.999792,22.199784,"6^",1.026229,"Correct","Correct","Correct","Omission"
"practice",12,"7_8_stimuli","8_7","Incongruent","Incongruent","Congruent","Incongruent",23.99977,24.199769,"7&",1.282191,"Correct","Correct","Correct","Correct"
"practice",13,"1_2_stimuli","1_1","Congruent","Incongruent","Incongruent","Congruent",25.999763,26.199751,"1!",0.850251,"Correct","Correct","Correct","Correct"
"practice",14,"3_4_stimuli","3_4","Incongruent","Congruent","Incongruent","Incongruent",27.999729,28.199739,"4$",1.122592,"Correct","Correct","Correct","Correct"
"practice",15,"5_6_stimuli","5_5","Congruent","Incongruent","Congruent","Incongruent",29.999716,30.199721,"5%",0.8982,"Correct","Correct","Correct","Correct"
"practice",16,"7_8_stimuli","7_8","Incongruent","Congruent","Incongruent","Congruent",31.999699,32.199699,"Omission",5000,"Omission","Correct","Correct","Correct"
"practice",17,"1_2_stimuli","2_1","Incongruent","Incongruent","Congruent","Incongruent",33.999682,34.199682,"1!",1.138801,"Correct","Omission","Correct","Correct"
"practice",18,"3_4_stimuli","4_3","Incongruent","Incongruent","Incongruent","Congruent",35.999671,36.199645,"Omission",5000,"Omission","Correct","Omission","Correct"
"practice",19,"5_6_stimuli","5_6","Incongruent","Incongruent","Incongruent","Incongruent",37.999646,38.199655,"Omission",5000,"Omission","Omission","Correct","Omission"
"practice",20,"7_8_stimuli","8_7","Incongruent","Incongruent","Incongruent","Incongruent",39.999642,40.199623,"7&",1.298357,"Correct","Omission","Omission","Correct"
"practice",21,"1_2_stimuli","2_1","Incongruent","Incongruent","Incongruent","Incongruent",41.999616,42.199615,"1!",0.770388,"Correct","Correct","Omission","Omission"
"practice",22,"3_4_stimuli","3_3","Congruent","Incongruent","Incongruent","Incongruent",43.999599,44.199605,"3#",1.266655,"Correct","Correct","Correct","Omission"
"practice",23,"5_6_stimuli","5_5","Congruent","Congruent","Incongruent","Incongruent",45.999578,46.199589,"4$",0.978352,"Error","Correct","Correct","Correct"
"practice",24,"7_8_stimuli","7_7","Congruent","Congruent","Congruent","Incongruent",47.999563,48.199562,"7&",1.458683,"Correct","Error","Correct","Correct"
"practice",25,"1_2_stimuli","2_2","Congruent","Congruent","Congruent","Congruent",49.999552,50.199555,"2@",0.931233,"Correct","Correct","Error","Correct"
"practice",26,"3_4_stimuli","3_3","Congruent","Congruent","Congruent","Congruent",51.999538,52.199535,"Omission",5000,"Omission","Correct","Correct","Error"
"practice",27,"5_6_stimuli","6_6","Congruent","Congruent","Congruent","Congruent",53.999508,54.199512,"6^",1.394798,"Correct","Omission","Correct","Correct"
"practice",28,"7_8_stimuli","8_7","Incongruent","Congruent","Congruent","Congruent",55.999497,56.19949,"7&",0.754469,"Correct","Correct","Omission","Correct"
"practice",29,"1_2_stimuli","1_2","Incongruent","Incongruent","Congruent","Congruent",57.999474,58.199483,"2@",0.883067,"Correct","Correct","Correct","Omission"
"practice",30,"3_4_stimuli","4_4","Congruent","Incongruent","Incongruent","Congruent",59.999461,60.199455,"4$",1.267075,"Correct","Correct","Correct","Correct"
"practice",31,"5_6_stimuli","5_6","Incongruent","Congruent","Incongruent","Incongruent",61.999458,62.199439,"6^",1.058558,"Correct","Correct","Correct","Correct"
"practice",32,"7_8_stimuli","8_8","Congruent","Incongruent","Congruent","Incongruent",63.999423,64.199419,"8*",1.075163,"Correct","Correct","Correct","Correct"
"practice",33,"1_2_stimuli","1_1","Congruent","Congruent","Incongruent","Congruent",65.999401,66.199401,"1!",1.027066,"Correct","Correct","Correct","Correct"
"practice",34,"3_4_stimuli","4_4","Congruent","Congruent","Congruent","Incongruent",67.999389,68.199386,"4$",1.410649,"Correct","Correct","Correct","Correct"
"practice",35,"5_6_stimuli","6_5","Incongruent","Congruent","Congruent","Congruent",69.999381,70.199365,"5%",0.754947,"Correct","Correct","Correct","Correct"
"practice",36,"7_8_stimuli","8_7","Incongruent","Incongruent","Congruent","Congruent",71.999351,72.199351,"7&",1.074639,"Correct","Correct","Correct","Correct"
"practice",37,"1_2_stimuli","2_1","Incongruent","Incongruent","Incongruent","Congruent",73.999334,74.199327,"1!",0.80267,"Correct","Correct","Correct","Correct"
"practice",38,"3_4_stimuli","3_4","Incongruent","Incongruent","Incongruent","Incongruent",75.999317,76.199313,"4$",1.107242,"Correct","Correct","Correct","Correct"
"practice",39,"5_6_stimuli","5_5","Congruent","Incongruent","Incongruent","Incongruent",77.999294,78.199298,"5%",0.722976,"Correct","Correct","Correct","Correct"
"practice",40,"7_8_stimuli","7_8","Incongruent","Congruent","Incongruent","Incongruent",79.999282,80.19928,"Omission",5000,"Omission","Correct","Correct","Correct"
"practice",41,"1_2_stimuli","2_2","Congruent","Incongruent","Congruent","Incongruent",81.999263,82.19926,"2@",1.074738,"Correct","Omission","Correct","Correct"
"practice",42,"3_4_stimuli","3_3","Congruent","Congruent","Incongruent","Congruent",83.999246,84.199246,"Omission",5000,"Omission","Correct","Omission","Correct"
"practice",43,"5_6_stimuli","6_6","Congruent","Congruent","Congruent","Incongruent",85.999232,86.199233,"6^",1.043413,"Correct","Omission","Correct","Omission"
"practice",44,"7_8_stimuli","8_8","Congruent","Congruent","Congruent","Congruent",87.999209,88.199211,"8*",0.579461,"Correct","Correct","Omission","Correct"
"practice",45,"1_2_stimuli","1_2","Incongruent","Congruent","Congruent","Congruent",89.99919,90.199197,"2@",0.786737,"Correct","Correct","Correct","Omission"
"practice",46,"3_4_stimuli","3_4","Incongruent","Incongruent","Congruent","Congruent",91.999176,92.199174,"4$",1.219285,"Correct","Correct","Correct","Correct"
"practice",47,"5_6_stimuli","6_5","Incongruent","Incongruent","Incongruent","Congruent",93.999157,94.199158,"5%",0.835513,"Correct","Correct","Correct","Correct"
"practice",48,"7_8_stimuli","7_7","Congruent","Incongruent","Incongruent","Incongruent",95.999142,96.199139,"7&",0.739419,"Correct","Correct","Correct","Correct"
"practice",49,"1_2_stimuli","1_1","Congruent","Congruent","Incongruent","Incongruent",97.999132,98.199126,"1!",0.690833,"Correct","Correct","Correct","Correct"
"practice",50,"3_4_stimuli","4_3","Incongruent","Congruent","Congruent","Incongruent",99.999112,100.199116,"3#",0.659218,"Correct","Correct","Correct","Correct"
"practice",51,"5_6_stimuli","5_6","Incongruent","Incongruent","Congruent","Congruent",101.999091,102.199092,"6^",1.139591,"Correct","Correct","Correct","Correct"
"practice",52,"7_8_stimuli","7_8","Incongruent","Incongruent","Incongruent","Congruent",103.999078,104.199083,"8*",1.011411,"Correct","Correct","Correct","Correct"
"practice",53,"1_2_stimuli","2_2","Congruent","Incongruent","Incongruent","Incongruent",105.999056,106.19905,"2@",1.346858,"Correct","Correct","Correct","Correct"
"practice",54,"3_4_stimuli","4_4","Congruent","Congruent","Incongruent","Incongruent",107.999035,108.199036,"4$",1.07528,"Correct","Correct","Correct","Correct"
"practice",55,"5_6_stimuli","6_5","Incongruent","Congruent","Congruent","Incongruent",109.999018,110.199019,"5%",1.027509,"Correct","Correct","Correct","Correct"
"practice",56,"7_8_stimuli","8_8","Congruent","Incongruent","Congruent","Congruent",111.999003,112.198999,"8*",0.850898,"Correct","Correct","Correct","Correct"
"practice",57,"1_2_stimuli","1_2","Incongruent","Congruent","Incongruent","Congruent",113.998989,114.198985,"2@",0.866954,"Correct","Correct","Correct","Correct"
"practice",58,"3_4_stimuli","4_3","Incongruent","Incongruent","Congruent","Incongruent",115.99897,116.19896,"3#",0.674934,"Correct","Correct","Correct","Correct"
"practice",59,"5_6_stimuli","5_5","Congruent","Incongruent","Incongruent","Congruent",117.998954,118.198945,"5%",1.010986,"Correct","Correct","Correct","Correct"
"practice",60,"7_8_stimuli","8_8","Congruent","Congruent","Incongruent","Incongruent",119.998928,120.198931,"8*",0.915032,"Correct","Correct","Correct","Correct"
"practice",61,"1_2_stimuli","1_1","Congruent","Congruent","Congruent","Incongruent",121.998918,122.198916,"1!",0.819592,"Correct","Correct","Correct","Correct"
"practice",62,"3_4_stimuli","4_3","Incongruent","Congruent","Congruent","Congruent",123.998896,124.198897,"3#",0.947658,"Correct","Correct","Correct","Correct"
"practice",63,"5_6_stimuli","6_6","Congruent","Incongruent","Congruent","Congruent",125.998878,126.198879,"6^",0.883343,"Correct","Correct","Correct","Correct"
"practice",64,"7_8_stimuli","7_7","Congruent","Congruent","Incongruent","Congruent",127.998867,128.19886,"7&",0.835122,"Correct","Correct","Correct","Correct"
"practice",65,"1_2_stimuli","1_2","Incongruent","Congruent","Congruent","Incongruent",129.998854,130.198839,"2@",0.91569,"Correct","Correct","Correct","Correct"
"practice",66,"3_4_stimuli","3_3","Congruent","Incongruent","Congruent","Congruent",131.998833,132.198828,"3#",0.867626,"Correct","Correct","Correct","Correct"
"practice",67,"5_6_stimuli","6_6","Congruent","Congruent","Incongruent","Congruent",133.998813,134.198812,"6^",1.443452,"Correct","Correct","Correct","Correct"
"practice",68,"7_8_stimuli","7_8","Incongruent","Congruent","Congruent","Incongruent",135.998792,136.198801,"8*",0.771185,"Correct","Correct","Correct","Correct"
"1",1,"1_2_stimuli","2_2","Congruent",NA,NA,NA,1.999995,2.199999,"2@",1.030891,"Correct",NA,NA,NA
"1",2,"3_4_stimuli","3_4","Incongruent","Congruent",NA,NA,3.999971,4.199975,"4$",0.83893,"Correct","Correct",NA,NA
"1",3,"5_6_stimuli","5_6","Incongruent","Incongruent","Congruent",NA,5.999958,6.199958,"6^",0.710792,"Correct","Correct","Correct",NA
"1",4,"7_8_stimuli","7_7","Congruent","Incongruent","Incongruent","Congruent",7.999935,8.199934,"7&",0.551228,"Correct","Correct","Correct","Correct"
"1",5,"1_2_stimuli","2_2","Congruent","Congruent","Incongruent","Incongruent",9.999931,10.199918,"2@",0.806745,"Correct","Correct","Correct","Correct"
"1",6,"3_4_stimuli","4_4","Congruent","Congruent","Congruent","Incongruent",11.999895,12.199899,"4$",0.806576,"Correct","Correct","Correct","Correct"
"1",7,"5_6_stimuli","5_5","Congruent","Congruent","Congruent","Congruent",13.999881,14.199883,"5%",0.503238,"Correct","Correct","Correct","Correct"
"1",8,"7_8_stimuli","7_7","Congruent","Congruent","Congruent","Congruent",15.999866,16.199871,"7&",0.823279,"Correct","Correct","Correct","Correct"
"1",9,"1_2_stimuli","1_2","Incongruent","Congruent","Congruent","Congruent",17.999849,18.199853,"2@",0.742514,"Correct","Correct","Correct","Correct"
"1",10,"3_4_stimuli","4_3","Incongruent","Incongruent","Congruent","Congruent",19.999844,20.199833,"3#",1.07857,"Correct","Correct","Correct","Correct"
"1",11,"5_6_stimuli","5_6","Incongruent","Incongruent","Incongruent","Congruent",21.99981,22.199817,"6^",0.758661,"Correct","Correct","Correct","Correct"
"1",12,"7_8_stimuli","8_7","Incongruent","Incongruent","Incongruent","Incongruent",23.999797,24.199801,"7&",0.647342,"Correct","Correct","Correct","Correct"
"1",13,"1_2_stimuli","2_1","Incongruent","Incongruent","Incongruent","Incongruent",25.999778,26.199784,"1!",0.742996,"Correct","Correct","Correct","Correct"
"1",14,"3_4_stimuli","4_4","Congruent","Incongruent","Incongruent","Incongruent",27.999772,28.19978,"4$",1.110698,"Correct","Correct","Correct","Correct"
"1",15,"5_6_stimuli","5_5","Congruent","Congruent","Incongruent","Incongruent",29.999745,30.199753,"5%",0.742626,"Correct","Correct","Correct","Correct"
"1",16,"7_8_stimuli","7_8","Incongruent","Congruent","Congruent","Incongruent",31.999727,32.199738,"8*",0.902728,"Correct","Correct","Correct","Correct"
"1",17,"1_2_stimuli","2_2","Congruent","Incongruent","Congruent","Congruent",33.999709,34.199716,"2@",0.839038,"Correct","Correct","Correct","Correct"
"1",18,"3_4_stimuli","4_3","Incongruent","Congruent","Incongruent","Congruent",35.999698,36.199694,"3#",0.695464,"Correct","Correct","Correct","Correct"
"1",19,"5_6_stimuli","5_5","Congruent","Incongruent","Congruent","Incongruent",37.999684,38.199678,"5%",0.871267,"Correct","Correct","Correct","Correct"
"1",20,"7_8_stimuli","8_8","Congruent","Congruent","Incongruent","Congruent",39.999663,40.199665,"8*",0.854901,"Correct","Correct","Correct","Correct"
"1",21,"1_2_stimuli","1_1","Congruent","Congruent","Congruent","Incongruent",41.999634,42.199632,"1!",0.791187,"Correct","Correct","Correct","Correct"
"1",22,"3_4_stimuli","4_3","Incongruent","Congruent","Congruent","Congruent",43.999623,44.199628,"3#",1.318844,"Correct","Correct","Correct","Correct"
"1",23,"5_6_stimuli","6_6","Congruent","Incongruent","Congruent","Congruent",45.999611,46.199597,"6^",0.903252,"Correct","Correct","Correct","Correct"
"1",24,"7_8_stimuli","8_7","Incongruent","Congruent","Incongruent","Congruent",47.999587,48.19958,"7&",0.599319,"Correct","Correct","Correct","Correct"
"1",25,"1_2_stimuli","1_1","Congruent","Incongruent","Congruent","Incongruent",49.999581,50.199574,"1!",0.646926,"Correct","Correct","Correct","Correct"
"1",26,"3_4_stimuli","3_3","Congruent","Congruent","Incongruent","Congruent",51.99955,52.199553,"3#",1.095092,"Correct","Correct","Correct","Correct"
"1",27,"5_6_stimuli","5_6","Incongruent","Congruent","Congruent","Incongruent",53.999534,54.199541,"6^",1.095171,"Correct","Correct","Correct","Correct"
"1",28,"7_8_stimuli","7_7","Congruent","Incongruent","Congruent","Congruent",55.999521,56.19952,"7&",0.743246,"Correct","Correct","Correct","Correct"
"1",29,"1_2_stimuli","2_1","Incongruent","Congruent","Incongruent","Congruent",57.999508,58.199498,"1!",0.726905,"Correct","Correct","Correct","Correct"
"1",30,"3_4_stimuli","3_3","Congruent","Incongruent","Congruent","Incongruent",59.999478,60.199486,"3#",1.000028,"Correct","Correct","Correct","Correct"
"1",31,"5_6_stimuli","6_5","Incongruent","Congruent","Incongruent","Congruent",61.999461,62.199467,"5%",1.223718,"Correct","Correct","Correct","Correct"
"1",32,"7_8_stimuli","8_7","Incongruent","Incongruent","Congruent","Incongruent",63.99946,64.199451,"7&",0.918951,"Correct","Correct","Correct","Correct"
"1",33,"1_2_stimuli","1_2","Incongruent","Incongruent","Incongruent","Congruent",65.999434,66.199423,"2@",1.063323,"Correct","Correct","Correct","Correct"
"1",34,"3_4_stimuli","4_3","Incongruent","Incongruent","Incongruent","Incongruent",67.999425,68.199407,"3#",1.143433,"Correct","Correct","Correct","Correct"
"1",35,"5_6_stimuli","5_6","Incongruent","Incongruent","Incongruent","Incongruent",69.999401,70.199392,"6^",1.127308,"Correct","Correct","Correct","Correct"
"1",36,"7_8_stimuli","8_8","Congruent","Incongruent","Incongruent","Incongruent",71.999378,72.199372,"8*",0.951044,"Correct","Correct","Correct","Correct"
"1",37,"1_2_stimuli","2_1","Incongruent","Congruent","Incongruent","Incongruent",73.999355,74.199368,"1!",0.759588,"Correct","Correct","Correct","Correct"
"1",38,"3_4_stimuli","3_4","Incongruent","Incongruent","Congruent","Incongruent",75.999337,76.199347,"4$",1.031104,"Correct","Correct","Correct","Correct"
"1",39,"5_6_stimuli","6_6","Congruent","Incongruent","Incongruent","Congruent",77.999325,78.199331,"6^",0.839588,"Correct","Correct","Correct","Correct"
"1",40,"7_8_stimuli","7_7","Congruent","Congruent","Incongruent","Incongruent",79.999303,80.199311,"7&",0.871776,"Correct","Correct","Correct","Correct"
"1",41,"1_2_stimuli","1_2","Incongruent","Congruent","Congruent","Incongruent",81.999303,82.1993,"2@",0.775134,"Correct","Correct","Correct","Correct"
"1",42,"3_4_stimuli","3_3","Congruent","Incongruent","Congruent","Congruent",83.99927,84.199268,"3#",0.887354,"Correct","Correct","Correct","Correct"
"1",43,"5_6_stimuli","5_5","Congruent","Congruent","Incongruent","Congruent",85.999257,86.19926,"5%",1.207588,"Correct","Correct","Correct","Correct"
"1",44,"7_8_stimuli","8_8","Congruent","Congruent","Congruent","Incongruent",87.999251,88.199237,"8*",0.823665,"Correct","Correct","Correct","Correct"
"1",45,"1_2_stimuli","2_2","Congruent","Congruent","Congruent","Congruent",89.999222,90.199214,"2@",0.871759,"Correct","Correct","Correct","Correct"
"1",46,"3_4_stimuli","3_3","Congruent","Congruent","Congruent","Congruent",91.999203,92.199208,"3#",0.743887,"Correct","Correct","Correct","Correct"
"1",47,"5_6_stimuli","6_5","Incongruent","Congruent","Congruent","Congruent",93.999185,94.199185,"5%",0.871744,"Correct","Correct","Correct","Correct"
"1",48,"7_8_stimuli","7_8","Incongruent","Incongruent","Congruent","Congruent",95.999166,96.199162,"8*",0.759658,"Correct","Correct","Correct","Correct"
"1",49,"1_2_stimuli","1_1","Congruent","Incongruent","Incongruent","Congruent",97.999171,98.199154,"1!",0.551626,"Correct","Correct","Correct","Correct"
"1",50,"3_4_stimuli","4_4","Congruent","Congruent","Incongruent","Incongruent",99.999146,100.199134,"4$",1.080029,"Correct","Correct","Correct","Correct"
"1",51,"5_6_stimuli","6_6","Congruent","Congruent","Congruent","Incongruent",101.999118,102.199119,"6^",1.399671,"Correct","Correct","Correct","Correct"
"1",52,"7_8_stimuli","7_8","Incongruent","Congruent","Congruent","Congruent",103.9991,104.199094,"8*",0.855801,"Correct","Correct","Correct","Correct"
"1",53,"1_2_stimuli","1_2","Incongruent","Incongruent","Congruent","Congruent",105.999078,106.199075,"2@",1.047338,"Correct","Correct","Correct","Correct"
"1",54,"3_4_stimuli","3_4","Incongruent","Incongruent","Incongruent","Congruent",107.999061,108.199064,"4$",0.871347,"Correct","Correct","Correct","Correct"
"1",55,"5_6_stimuli","6_6","Congruent","Incongruent","Incongruent","Incongruent",109.999043,110.199038,"6^",0.839344,"Correct","Correct","Correct","Correct"
"1",56,"7_8_stimuli","8_7","Incongruent","Congruent","Incongruent","Incongruent",111.999027,112.199026,"7&",0.487883,"Correct","Correct","Correct","Correct"
"1",57,"1_2_stimuli","2_1","Incongruent","Incongruent","Congruent","Incongruent",113.999009,114.19901,"1!",0.615387,"Correct","Correct","Correct","Correct"
"1",58,"3_4_stimuli","4_4","Congruent","Incongruent","Incongruent","Congruent",115.998988,116.199002,"4$",1.223417,"Correct","Correct","Correct","Correct"
"1",59,"5_6_stimuli","6_5","Incongruent","Congruent","Incongruent","Incongruent",117.998974,118.198993,"6^",0.807406,"Error","Correct","Correct","Correct"
"1",60,"7_8_stimuli","7_7","Congruent","Incongruent","Congruent","Incongruent",119.998961,120.198958,"7&",1.383426,"Correct","Error","Correct","Correct"
"1",61,"1_2_stimuli","2_2","Congruent","Congruent","Incongruent","Congruent",121.998943,122.198949,"2@",1.224079,"Correct","Correct","Error","Correct"
"1",62,"3_4_stimuli","3_4","Incongruent","Congruent","Congruent","Incongruent",123.99892,124.198927,"4$",1.176043,"Correct","Correct","Correct","Error"
"1",63,"5_6_stimuli","5_6","Incongruent","Incongruent","Congruent","Congruent",125.99891,126.198909,"6^",1.207992,"Correct","Correct","Correct","Correct"
"1",64,"7_8_stimuli","7_8","Incongruent","Incongruent","Incongruent","Congruent",127.998888,128.198885,"8*",1.319888,"Correct","Correct","Correct","Correct"
"1",65,"1_2_stimuli","1_1","Congruent","Incongruent","Incongruent","Incongruent",129.998876,130.198873,"1!",0.647461,"Correct","Correct","Correct","Correct"
"1",66,"3_4_stimuli","3_4","Incongruent","Congruent","Incongruent","Incongruent",131.998853,132.19885,"4$",1.079526,"Correct","Correct","Correct","Correct"
"1",67,"5_6_stimuli","6_5","Incongruent","Incongruent","Congruent","Incongruent",133.998845,134.198834,"5%",0.968178,"Correct","Correct","Correct","Correct"
"1",68,"7_8_stimuli","8_8","Congruent","Incongruent","Incongruent","Congruent",135.998817,136.198818,"8*",0.903618,"Correct","Correct","Correct","Correct"
"2",1,"1_2_stimuli","1_2","Incongruent",NA,NA,NA,1.999997,2.199979,"2@",0.854168,"Correct",NA,NA,NA
"2",2,"3_4_stimuli","3_3","Congruent","Incongruent",NA,NA,3.999965,4.199963,"3#",0.725554,"Correct","Correct",NA,NA
"2",3,"5_6_stimuli","6_6","Congruent","Congruent","Incongruent",NA,5.999944,6.199947,"6^",1.029908,"Correct","Correct","Correct",NA
"2",4,"7_8_stimuli","7_7","Congruent","Congruent","Congruent","Incongruent",7.999924,8.199929,"7&",1.046054,"Correct","Correct","Correct","Correct"
"2",5,"1_2_stimuli","1_1","Congruent","Congruent","Congruent","Congruent",9.999908,10.199917,"1!",0.725582,"Correct","Correct","Correct","Correct"
"2",6,"3_4_stimuli","3_3","Congruent","Congruent","Congruent","Congruent",11.999892,12.199894,"3#",0.885674,"Correct","Correct","Correct","Correct"
"2",7,"5_6_stimuli","6_5","Incongruent","Congruent","Congruent","Congruent",13.999881,14.199877,"5%",1.013716,"Correct","Correct","Correct","Correct"
"2",8,"7_8_stimuli","8_7","Incongruent","Incongruent","Congruent","Congruent",15.999856,16.199863,"7&",1.061708,"Correct","Correct","Correct","Correct"
"2",9,"1_2_stimuli","2_2","Congruent","Incongruent","Incongruent","Congruent",17.999851,18.199849,"2@",0.917741,"Correct","Correct","Correct","Correct"
"2",10,"3_4_stimuli","3_4","Incongruent","Congruent","Incongruent","Incongruent",19.999816,20.199819,"4$",1.28641,"Correct","Correct","Correct","Correct"
"2",11,"5_6_stimuli","6_6","Congruent","Incongruent","Congruent","Incongruent",21.999813,22.19981,"6^",1.06172,"Correct","Correct","Correct","Correct"
"2",12,"7_8_stimuli","8_8","Congruent","Congruent","Incongruent","Congruent",23.999787,24.199784,"8*",1.061757,"Correct","Correct","Correct","Correct"
"2",13,"1_2_stimuli","1_1","Congruent","Congruent","Congruent","Incongruent",25.999776,26.199771,"1!",0.678282,"Correct","Correct","Correct","Correct"
"2",14,"3_4_stimuli","4_3","Incongruent","Congruent","Congruent","Congruent",27.999765,28.199754,"3#",0.902525,"Correct","Correct","Correct","Correct"
"2",15,"5_6_stimuli","5_6","Incongruent","Incongruent","Congruent","Congruent",29.999736,30.199739,"6^",0.981815,"Correct","Correct","Correct","Correct"
"2",16,"7_8_stimuli","8_7","Incongruent","Incongruent","Incongruent","Congruent",31.999731,32.199721,"7&",1.302584,"Correct","Correct","Correct","Correct"
"2",17,"1_2_stimuli","1_1","Congruent","Incongruent","Incongruent","Incongruent",33.999703,34.199699,"1!",0.677825,"Correct","Correct","Correct","Correct"
"2",18,"3_4_stimuli","4_4","Congruent","Congruent","Incongruent","Incongruent",35.999697,36.199692,"4$",0.965873,"Correct","Correct","Correct","Correct"
"2",19,"5_6_stimuli","6_6","Congruent","Congruent","Congruent","Incongruent",37.999676,38.199674,"7&",0.853965,"Error","Correct","Correct","Correct"
"2",20,"7_8_stimuli","8_7","Incongruent","Congruent","Congruent","Congruent",39.999648,40.199656,"7&",0.950402,"Correct","Error","Correct","Correct"
"2",21,"1_2_stimuli","2_1","Incongruent","Incongruent","Congruent","Congruent",41.999635,42.199625,"1!",0.886553,"Correct","Correct","Error","Correct"
"2",22,"3_4_stimuli","4_3","Incongruent","Incongruent","Incongruent","Congruent",43.999614,44.199625,"3#",1.061869,"Correct","Correct","Correct","Error"
"2",23,"5_6_stimuli","5_6","Incongruent","Incongruent","Incongruent","Incongruent",45.999601,46.199598,"6^",0.853942,"Correct","Correct","Correct","Correct"
"2",24,"7_8_stimuli","7_8","Incongruent","Incongruent","Incongruent","Incongruent",47.999592,48.199583,"8*",1.349986,"Correct","Correct","Correct","Correct"
"2",25,"1_2_stimuli","1_2","Incongruent","Incongruent","Incongruent","Incongruent",49.999555,50.199554,"2@",1.094209,"Correct","Correct","Correct","Correct"
"2",26,"3_4_stimuli","4_4","Congruent","Incongruent","Incongruent","Incongruent",51.999546,52.199546,"4$",1.014562,"Correct","Correct","Correct","Correct"
"2",27,"5_6_stimuli","5_6","Incongruent","Congruent","Incongruent","Incongruent",53.999534,54.199535,"6^",1.046255,"Correct","Correct","Correct","Correct"
"2",28,"7_8_stimuli","7_8","Incongruent","Incongruent","Congruent","Incongruent",55.999515,56.199508,"8*",1.061972,"Correct","Correct","Correct","Correct"
"2",29,"1_2_stimuli","2_1","Incongruent","Incongruent","Incongruent","Congruent",57.999494,58.199495,"1!",0.886069,"Correct","Correct","Correct","Correct"
"2",30,"3_4_stimuli","3_4","Incongruent","Incongruent","Incongruent","Incongruent",59.999487,60.199471,"4$",1.382753,"Correct","Correct","Correct","Correct"
"2",31,"5_6_stimuli","6_6","Congruent","Incongruent","Incongruent","Incongruent",61.99946,62.199458,"6^",0.918071,"Correct","Correct","Correct","Correct"
"2",32,"7_8_stimuli","7_8","Incongruent","Congruent","Incongruent","Incongruent",63.999439,64.199437,"8*",0.918582,"Correct","Correct","Correct","Correct"
"2",33,"1_2_stimuli","1_2","Incongruent","Incongruent","Congruent","Incongruent",65.999423,66.199416,"2@",0.950695,"Correct","Correct","Correct","Correct"
"2",34,"3_4_stimuli","3_3","Congruent","Incongruent","Incongruent","Congruent",67.999406,68.199417,"3#",0.614849,"Correct","Correct","Correct","Correct"
"2",35,"5_6_stimuli","6_6","Congruent","Congruent","Incongruent","Incongruent",69.99939,70.199394,"6^",0.854691,"Correct","Correct","Correct","Correct"
"2",36,"7_8_stimuli","7_8","Incongruent","Congruent","Congruent","Incongruent",71.999367,72.199373,"8*",0.870706,"Correct","Correct","Correct","Correct"
"2",37,"1_2_stimuli","2_2","Congruent","Incongruent","Congruent","Congruent",73.999366,74.19935,"2@",1.030564,"Correct","Correct","Correct","Correct"
"2",38,"3_4_stimuli","3_4","Incongruent","Congruent","Incongruent","Congruent",75.999337,76.199328,"4$",0.982506,"Correct","Correct","Correct","Correct"
"2",39,"5_6_stimuli","6_5","Incongruent","Incongruent","Congruent","Incongruent",77.999302,78.199315,"5%",1.094223,"Correct","Correct","Correct","Correct"
"2",40,"7_8_stimuli","7_7","Congruent","Incongruent","Incongruent","Congruent",79.999301,80.199297,"7&",1.222192,"Correct","Correct","Correct","Correct"
"2",41,"1_2_stimuli","2_2","Congruent","Congruent","Incongruent","Incongruent",81.999283,82.199282,"2@",0.966816,"Correct","Correct","Correct","Correct"
"2",42,"3_4_stimuli","3_4","Incongruent","Congruent","Congruent","Incongruent",83.999261,84.199271,"4$",0.950787,"Correct","Correct","Correct","Correct"
"2",43,"5_6_stimuli","5_5","Congruent","Incongruent","Congruent","Congruent",85.999245,86.199246,"5%",0.822673,"Correct","Correct","Correct","Correct"
"2",44,"7_8_stimuli","8_7","Incongruent","Congruent","Incongruent","Congruent",87.999235,88.199224,"7&",1.046324,"Correct","Correct","Correct","Correct"
"2",45,"1_2_stimuli","2_2","Congruent","Incongruent","Congruent","Incongruent",89.999215,90.199221,"2@",0.790254,"Correct","Correct","Correct","Correct"
"2",46,"3_4_stimuli","3_3","Congruent","Congruent","Incongruent","Congruent",91.999193,92.199199,"4$",0.75834,"Error","Correct","Correct","Correct"
"2",47,"5_6_stimuli","6_5","Incongruent","Congruent","Congruent","Incongruent",93.999182,94.199175,"5%",1.494293,"Correct","Error","Correct","Correct"
"2",48,"7_8_stimuli","8_8","Congruent","Incongruent","Congruent","Congruent",95.999163,96.199172,"Omission",5000,"Omission","Correct","Error","Correct"
"2",49,"1_2_stimuli","1_1","Congruent","Congruent","Incongruent","Congruent",97.999147,98.199145,"1!",0.806365,"Correct","Omission","Correct","Error"
"2",50,"3_4_stimuli","4_4","Congruent","Congruent","Congruent","Incongruent",99.999136,100.199123,"4$",1.206731,"Correct","Correct","Omission","Correct"
"2",51,"5_6_stimuli","5_5","Congruent","Congruent","Congruent","Congruent",101.999113,102.199107,"5%",0.727132,"Correct","Correct","Correct","Omission"
"2",52,"7_8_stimuli","7_7","Congruent","Congruent","Congruent","Congruent",103.9991,104.199089,"7&",0.966829,"Correct","Correct","Correct","Correct"
"2",53,"1_2_stimuli","1_2","Incongruent","Congruent","Congruent","Congruent",105.999083,106.19907,"2@",1.03102,"Correct","Correct","Correct","Correct"
"2",54,"3_4_stimuli","4_4","Congruent","Incongruent","Congruent","Congruent",107.999075,108.199061,"4$",0.96643,"Correct","Correct","Correct","Correct"
"2",55,"5_6_stimuli","5_6","Incongruent","Congruent","Incongruent","Congruent",109.999045,110.199037,"6^",0.934964,"Correct","Correct","Correct","Correct"
"2",56,"7_8_stimuli","7_7","Congruent","Incongruent","Congruent","Incongruent",111.999026,112.199022,"7&",0.871107,"Correct","Correct","Correct","Correct"
"2",57,"1_2_stimuli","2_1","Incongruent","Congruent","Incongruent","Congruent",113.999003,114.198999,"1!",0.886498,"Correct","Correct","Correct","Correct"
"2",58,"3_4_stimuli","4_3","Incongruent","Incongruent","Congruent","Incongruent",115.998987,116.198987,"3#",1.014509,"Correct","Correct","Correct","Correct"
"2",59,"5_6_stimuli","5_5","Congruent","Incongruent","Incongruent","Congruent",117.998969,118.198964,"4$",0.759133,"Error","Correct","Correct","Correct"
"2",60,"7_8_stimuli","8_8","Congruent","Congruent","Incongruent","Incongruent",119.998959,120.198948,"Omission",5000,"Omission","Error","Correct","Correct"
"2",61,"1_2_stimuli","2_1","Incongruent","Congruent","Congruent","Incongruent",121.998932,122.198945,"1!",0.758541,"Correct","Omission","Error","Correct"
"2",62,"3_4_stimuli","4_3","Incongruent","Incongruent","Congruent","Congruent",123.99892,124.198918,"3#",0.999119,"Correct","Correct","Omission","Error"
"2",63,"5_6_stimuli","6_5","Incongruent","Incongruent","Incongruent","Congruent",125.998897,126.198907,"5%",1.030948,"Correct","Correct","Correct","Omission"
"2",64,"7_8_stimuli","7_7","Congruent","Incongruent","Incongruent","Incongruent",127.998879,128.198887,"7&",1.22255,"Correct","Correct","Correct","Correct"
"2",65,"1_2_stimuli","1_2","Incongruent","Congruent","Incongruent","Incongruent",129.998874,130.198863,"2@",1.254869,"Correct","Correct","Correct","Correct"
"2",66,"3_4_stimuli","3_3","Congruent","Incongruent","Congruent","Incongruent",131.99886,132.19885,"3#",1.078688,"Correct","Correct","Correct","Correct"
"2",67,"5_6_stimuli","5_5","Congruent","Congruent","Incongruent","Congruent",133.998837,134.198837,"5%",0.854784,"Correct","Correct","Correct","Correct"
"2",68,"7_8_stimuli","8_8","Congruent","Congruent","Congruent","Incongruent",135.998816,136.198818,"8*",0.806622,"Correct","Correct","Correct","Correct"
"3",1,"1_2_stimuli","1_1","Congruent",NA,NA,NA,1.999983,2.199988,"1!",0.760757,"Correct",NA,NA,NA
"3",2,"3_4_stimuli","3_4","Incongruent","Congruent",NA,NA,3.999972,4.199965,"4$",1.320388,"Correct","Correct",NA,NA
"3",3,"5_6_stimuli","6_6","Congruent","Incongruent","Congruent",NA,5.999951,6.199953,"6^",0.936608,"Correct","Correct","Correct",NA
"3",4,"7_8_stimuli","8_7","Incongruent","Congruent","Incongruent","Congruent",7.999933,8.199939,"7&",1.272069,"Correct","Correct","Correct","Correct"
"3",5,"1_2_stimuli","2_1","Incongruent","Incongruent","Congruent","Incongruent",9.999908,10.199917,"1!",0.680553,"Correct","Correct","Correct","Correct"
"3",6,"3_4_stimuli","3_4","Incongruent","Incongruent","Incongruent","Congruent",11.999896,12.199893,"4$",0.792259,"Correct","Correct","Correct","Correct"
"3",7,"5_6_stimuli","5_6","Incongruent","Incongruent","Incongruent","Incongruent",13.999882,14.199888,"6^",1.064623,"Correct","Correct","Correct","Correct"
"3",8,"7_8_stimuli","7_7","Congruent","Incongruent","Incongruent","Incongruent",15.999859,16.199867,"7&",1.128698,"Correct","Correct","Correct","Correct"
"3",9,"1_2_stimuli","2_1","Incongruent","Congruent","Incongruent","Incongruent",17.999846,18.199843,"1!",0.664677,"Correct","Correct","Correct","Correct"
"3",10,"3_4_stimuli","3_3","Congruent","Incongruent","Congruent","Incongruent",19.999828,20.199832,"3#",1.000756,"Correct","Correct","Correct","Correct"
"3",11,"5_6_stimuli","6_6","Congruent","Congruent","Incongruent","Congruent",21.999812,22.199814,"6^",0.984639,"Correct","Correct","Correct","Correct"
"3",12,"7_8_stimuli","8_8","Congruent","Congruent","Congruent","Incongruent",23.999791,24.199799,"8*",0.856222,"Correct","Correct","Correct","Correct"
"3",13,"1_2_stimuli","1_2","Incongruent","Congruent","Congruent","Congruent",25.99978,26.199781,"2@",0.888689,"Correct","Correct","Correct","Correct"
"3",14,"3_4_stimuli","4_3","Incongruent","Incongruent","Congruent","Congruent",27.999761,28.199765,"3#",0.71224,"Correct","Correct","Correct","Correct"
"3",15,"5_6_stimuli","5_5","Congruent","Incongruent","Incongruent","Congruent",29.999751,30.199748,"5%",1.384264,"Correct","Correct","Correct","Correct"
"3",16,"7_8_stimuli","7_7","Congruent","Congruent","Incongruent","Incongruent",31.999738,32.19973,"7&",1.064903,"Correct","Correct","Correct","Correct"
"3",17,"1_2_stimuli","2_1","Incongruent","Congruent","Congruent","Incongruent",33.999711,34.199711,"1!",0.696899,"Correct","Correct","Correct","Correct"
"3",18,"3_4_stimuli","3_3","Congruent","Incongruent","Congruent","Congruent",35.999696,36.199701,"3#",0.872391,"Correct","Correct","Correct","Correct"
"3",19,"5_6_stimuli","6_5","Incongruent","Congruent","Incongruent","Congruent",37.999674,38.199679,"5%",0.904755,"Correct","Correct","Correct","Correct"
"3",20,"7_8_stimuli","8_8","Congruent","Incongruent","Congruent","Incongruent",39.999663,40.199664,"8*",0.952874,"Correct","Correct","Correct","Correct"
"3",21,"1_2_stimuli","2_2","Congruent","Congruent","Incongruent","Congruent",41.999639,42.199654,"2@",0.697052,"Correct","Correct","Correct","Correct"
"3",22,"3_4_stimuli","3_3","Congruent","Congruent","Congruent","Incongruent",43.999624,44.199617,"3#",0.664724,"Correct","Correct","Correct","Correct"
"3",23,"5_6_stimuli","5_6","Incongruent","Congruent","Congruent","Congruent",45.999611,46.19961,"6^",1.240374,"Correct","Correct","Correct","Correct"
"3",24,"7_8_stimuli","8_7","Incongruent","Incongruent","Congruent","Congruent",47.999587,48.199596,"7&",0.840773,"Correct","Correct","Correct","Correct"
"3",25,"1_2_stimuli","1_1","Congruent","Incongruent","Incongruent","Congruent",49.999568,50.19957,"1!",0.760934,"Correct","Correct","Correct","Correct"
"3",26,"3_4_stimuli","3_3","Congruent","Congruent","Incongruent","Incongruent",51.999547,52.199547,"3#",0.872858,"Correct","Correct","Correct","Correct"
"3",27,"5_6_stimuli","5_6","Incongruent","Congruent","Congruent","Incongruent",53.999545,54.199544,"5%",1.241179,"Error","Correct","Correct","Correct"
"3",28,"7_8_stimuli","7_7","Congruent","Incongruent","Congruent","Congruent",55.999528,56.199521,"7&",0.984485,"Correct","Error","Correct","Correct"
"3",29,"1_2_stimuli","1_2","Incongruent","Congruent","Incongruent","Congruent",57.99951,58.199505,"2@",0.888786,"Correct","Correct","Error","Correct"
"3",30,"3_4_stimuli","3_4","Incongruent","Incongruent","Congruent","Incongruent",59.999482,60.199484,"4$",0.969021,"Correct","Correct","Correct","Error"
"3",31,"5_6_stimuli","6_5","Incongruent","Incongruent","Incongruent","Congruent",61.999462,62.19946,"5%",0.616924,"Correct","Correct","Correct","Correct"
"3",32,"7_8_stimuli","8_7","Incongruent","Incongruent","Incongruent","Incongruent",63.999447,64.199459,"7&",1.320518,"Correct","Correct","Correct","Correct"
"3",33,"1_2_stimuli","2_2","Congruent","Incongruent","Incongruent","Incongruent",65.999434,66.199429,"2@",0.728835,"Correct","Correct","Correct","Correct"
"3",34,"3_4_stimuli","4_3","Incongruent","Congruent","Incongruent","Incongruent",67.999421,68.199408,"3#",0.504583,"Correct","Correct","Correct","Correct"
"3",35,"5_6_stimuli","6_5","Incongruent","Incongruent","Congruent","Incongruent",69.999394,70.199392,"5%",0.649563,"Correct","Correct","Correct","Correct"
"3",36,"7_8_stimuli","7_8","Incongruent","Incongruent","Incongruent","Congruent",71.999381,72.199383,"8*",0.920532,"Correct","Correct","Correct","Correct"
"3",37,"1_2_stimuli","1_2","Incongruent","Incongruent","Incongruent","Incongruent",73.999369,74.199357,"2@",0.792612,"Correct","Correct","Correct","Correct"
"3",38,"3_4_stimuli","4_4","Congruent","Incongruent","Incongruent","Incongruent",75.999353,76.199348,"4$",0.952923,"Correct","Correct","Correct","Correct"
"3",39,"5_6_stimuli","5_5","Congruent","Congruent","Incongruent","Incongruent",77.999326,78.19932,"5%",0.44066,"Correct","Correct","Correct","Correct"
"3",40,"7_8_stimuli","7_8","Incongruent","Congruent","Congruent","Incongruent",79.99931,80.199304,"8*",0.840701,"Correct","Correct","Correct","Correct"
"3",41,"1_2_stimuli","1_1","Congruent","Incongruent","Congruent","Congruent",81.999293,82.1993,"1!",0.600743,"Correct","Correct","Correct","Correct"
"3",42,"3_4_stimuli","4_4","Congruent","Congruent","Incongruent","Congruent",83.999275,84.199278,"4$",0.98523,"Correct","Correct","Correct","Correct"
"3",43,"5_6_stimuli","6_6","Congruent","Congruent","Congruent","Incongruent",85.999257,86.199258,"7&",1.224658,"Error","Correct","Correct","Correct"
"3",44,"7_8_stimuli","7_8","Incongruent","Congruent","Congruent","Congruent",87.999235,88.199241,"8*",0.889174,"Correct","Error","Correct","Correct"
"3",45,"1_2_stimuli","2_1","Incongruent","Incongruent","Congruent","Congruent",89.99922,90.199226,"1!",0.777288,"Correct","Correct","Error","Correct"
"3",46,"3_4_stimuli","4_4","Congruent","Incongruent","Incongruent","Congruent",91.999202,92.199203,"4$",1.048724,"Correct","Correct","Correct","Error"
"3",47,"5_6_stimuli","5_6","Incongruent","Congruent","Incongruent","Incongruent",93.999186,94.199185,"6^",1.28934,"Correct","Correct","Correct","Correct"
"3",48,"7_8_stimuli","8_7","Incongruent","Incongruent","Congruent","Incongruent",95.99918,96.199178,"7&",1.097362,"Correct","Correct","Correct","Correct"
"3",49,"1_2_stimuli","1_2","Incongruent","Incongruent","Incongruent","Congruent",97.99916,98.19915,"2@",1.192785,"Correct","Correct","Correct","Correct"
"3",50,"3_4_stimuli","4_3","Incongruent","Incongruent","Incongruent","Incongruent",99.999135,100.199132,"3#",1.24135,"Correct","Correct","Correct","Correct"
"3",51,"5_6_stimuli","6_6","Congruent","Incongruent","Incongruent","Incongruent",101.999115,102.199113,"6^",1.353143,"Correct","Correct","Correct","Correct"
"3",52,"7_8_stimuli","8_7","Incongruent","Congruent","Incongruent","Incongruent",103.99909,104.199107,"7&",0.920868,"Correct","Correct","Correct","Correct"
"3",53,"1_2_stimuli","2_2","Congruent","Incongruent","Congruent","Incongruent",105.999087,106.199083,"2@",0.857463,"Correct","Correct","Correct","Correct"
"3",54,"3_4_stimuli","3_4","Incongruent","Congruent","Incongruent","Congruent",107.999066,108.199072,"4$",0.825144,"Correct","Correct","Correct","Correct"
"3",55,"5_6_stimuli","6_6","Congruent","Incongruent","Congruent","Incongruent",109.999056,110.199053,"Omission",5000,"Omission","Correct","Correct","Correct"
"3",56,"7_8_stimuli","8_8","Congruent","Congruent","Incongruent","Congruent",111.999038,112.199038,"8*",0.920904,"Correct","Omission","Correct","Correct"
"3",57,"1_2_stimuli","2_2","Congruent","Congruent","Congruent","Incongruent",113.999018,114.199021,"2@",0.840918,"Correct","Correct","Omission","Correct"
"3",58,"3_4_stimuli","4_4","Congruent","Congruent","Congruent","Congruent",115.998996,116.198996,"4$",1.0495,"Correct","Correct","Correct","Omission"
"3",59,"5_6_stimuli","5_5","Congruent","Congruent","Congruent","Congruent",117.998984,118.198975,"5%",1.049438,"Correct","Correct","Correct","Correct"
"3",60,"7_8_stimuli","8_8","Congruent","Congruent","Congruent","Congruent",119.998962,120.198959,"8*",0.841897,"Correct","Correct","Correct","Correct"
"3",61,"1_2_stimuli","1_1","Congruent","Congruent","Congruent","Congruent",121.998953,122.198947,"1!",0.489007,"Correct","Correct","Correct","Correct"
"3",62,"3_4_stimuli","4_3","Incongruent","Congruent","Congruent","Congruent",123.99893,124.198931,"3#",1.033008,"Correct","Correct","Correct","Correct"
"3",63,"5_6_stimuli","6_5","Incongruent","Incongruent","Congruent","Congruent",125.998911,126.198906,"5%",0.889018,"Correct","Correct","Correct","Correct"
"3",64,"7_8_stimuli","7_7","Congruent","Incongruent","Incongruent","Congruent",127.998896,128.198887,"7&",0.937011,"Correct","Correct","Correct","Correct"
"3",65,"1_2_stimuli","1_1","Congruent","Congruent","Incongruent","Incongruent",129.998878,130.198888,"1!",0.79344,"Correct","Correct","Correct","Correct"
"3",66,"3_4_stimuli","3_4","Incongruent","Congruent","Congruent","Incongruent",131.998855,132.198864,"4$",0.985067,"Correct","Correct","Correct","Correct"
"3",67,"5_6_stimuli","5_5","Congruent","Incongruent","Congruent","Congruent",133.998837,134.198836,"5%",0.937045,"Correct","Correct","Correct","Correct"
"3",68,"7_8_stimuli","7_8","Incongruent","Congruent","Incongruent","Congruent",135.998823,136.19882,"8*",0.809921,"Correct","Correct","Correct","Correct"
"4",1,"1_2_stimuli","2_2","Congruent",NA,NA,NA,2.000464,2.200453,"Omission",5000,"Omission",NA,NA,NA
"4",2,"3_4_stimuli","3_3","Congruent","Congruent",NA,NA,4.000437,4.200433,"3#",1.068461,"Correct","Omission",NA,NA
"4",3,"5_6_stimuli","6_6","Congruent","Congruent","Congruent",NA,6.000425,6.200419,"6^",1.036943,"Correct","Correct","Omission",NA
"4",4,"7_8_stimuli","7_7","Congruent","Congruent","Congruent","Congruent",8.000401,8.200404,"7&",1.036497,"Correct","Correct","Correct","Omission"
"4",5,"1_2_stimuli","1_2","Incongruent","Congruent","Congruent","Congruent",10.000397,10.200383,"2@",0.813144,"Correct","Correct","Correct","Correct"
"4",6,"3_4_stimuli","4_4","Congruent","Incongruent","Congruent","Congruent",12.000368,12.200369,"4$",1.053149,"Correct","Correct","Correct","Correct"
"4",7,"5_6_stimuli","5_6","Incongruent","Congruent","Incongruent","Congruent",14.000352,14.200353,"6^",1.309723,"Correct","Correct","Correct","Correct"
"4",8,"7_8_stimuli","7_8","Incongruent","Incongruent","Congruent","Incongruent",16.000328,16.200329,"8*",0.860893,"Correct","Correct","Correct","Correct"
"4",9,"1_2_stimuli","2_2","Congruent","Incongruent","Incongruent","Congruent",18.000315,18.200316,"2@",1.068759,"Correct","Correct","Correct","Correct"
"4",10,"3_4_stimuli","4_4","Congruent","Congruent","Incongruent","Incongruent",20.000297,20.200296,"4$",0.812591,"Correct","Correct","Correct","Correct"
"4",11,"5_6_stimuli","5_6","Incongruent","Congruent","Congruent","Incongruent",22.000281,22.200291,"6^",1.037405,"Correct","Correct","Correct","Correct"
"4",12,"7_8_stimuli","8_7","Incongruent","Incongruent","Congruent","Congruent",24.000265,24.200262,"7&",0.605057,"Correct","Correct","Correct","Correct"
"4",13,"1_2_stimuli","2_1","Incongruent","Incongruent","Incongruent","Congruent",26.000248,26.200242,"1!",0.604634,"Correct","Correct","Correct","Correct"
"4",14,"3_4_stimuli","3_4","Incongruent","Incongruent","Incongruent","Incongruent",28.000235,28.200224,"4$",0.892642,"Correct","Correct","Correct","Correct"
"4",15,"5_6_stimuli","6_6","Congruent","Incongruent","Incongruent","Incongruent",30.000211,30.200209,"6^",1.101038,"Correct","Correct","Correct","Correct"
"4",16,"7_8_stimuli","7_7","Congruent","Congruent","Incongruent","Incongruent",32.000193,32.200192,"7&",0.908715,"Correct","Correct","Correct","Correct"
"4",17,"1_2_stimuli","2_1","Incongruent","Congruent","Congruent","Incongruent",34.000184,34.20018,"1!",0.605454,"Correct","Correct","Correct","Correct"
"4",18,"3_4_stimuli","4_3","Incongruent","Incongruent","Congruent","Congruent",36.000157,36.200157,"3#",0.908672,"Correct","Correct","Correct","Correct"
"4",19,"5_6_stimuli","5_6","Incongruent","Incongruent","Incongruent","Congruent",38.00015,38.200146,"6^",0.95671,"Correct","Correct","Correct","Correct"
"4",20,"7_8_stimuli","8_8","Congruent","Incongruent","Incongruent","Incongruent",40.000131,40.20013,"8*",0.82915,"Correct","Correct","Correct","Correct"
"4",21,"1_2_stimuli","2_1","Incongruent","Congruent","Incongruent","Incongruent",42.000103,42.2001,"1!",0.733487,"Correct","Correct","Correct","Correct"
"4",22,"3_4_stimuli","4_4","Congruent","Incongruent","Congruent","Incongruent",44.000092,44.200092,"4$",0.781059,"Correct","Correct","Correct","Correct"
"4",23,"5_6_stimuli","5_5","Congruent","Congruent","Incongruent","Congruent",46.000078,46.200076,"5%",0.941319,"Correct","Correct","Correct","Correct"
"4",24,"7_8_stimuli","8_7","Incongruent","Congruent","Congruent","Incongruent",48.000051,48.20005,"7&",0.796819,"Correct","Correct","Correct","Correct"
"4",25,"1_2_stimuli","2_2","Congruent","Incongruent","Congruent","Congruent",50.000039,50.20004,"2@",0.941365,"Correct","Correct","Correct","Correct"
"4",26,"3_4_stimuli","3_4","Incongruent","Congruent","Incongruent","Congruent",52.000028,52.200028,"4$",0.861475,"Correct","Correct","Correct","Correct"
"4",27,"5_6_stimuli","6_5","Incongruent","Incongruent","Congruent","Incongruent",54.000003,54.200011,"5%",0.9252,"Correct","Correct","Correct","Correct"
"4",28,"7_8_stimuli","8_8","Congruent","Incongruent","Incongruent","Congruent",55.999984,56.19999,"8*",0.685552,"Correct","Correct","Correct","Correct"
"4",29,"1_2_stimuli","2_2","Congruent","Congruent","Incongruent","Incongruent",57.999972,58.199968,"2@",1.021717,"Correct","Correct","Correct","Correct"
"4",30,"3_4_stimuli","3_4","Incongruent","Congruent","Congruent","Incongruent",59.999952,60.199949,"4$",0.749524,"Correct","Correct","Correct","Correct"
"4",31,"5_6_stimuli","6_5","Incongruent","Incongruent","Congruent","Congruent",61.999947,62.199939,"5%",0.925634,"Correct","Correct","Correct","Correct"
"4",32,"7_8_stimuli","7_8","Incongruent","Incongruent","Incongruent","Congruent",63.999927,64.199917,"8*",0.796926,"Correct","Correct","Correct","Correct"
"4",33,"1_2_stimuli","1_2","Incongruent","Incongruent","Incongruent","Incongruent",65.999904,66.199903,"2@",0.861669,"Correct","Correct","Correct","Correct"
"4",34,"3_4_stimuli","3_3","Congruent","Incongruent","Incongruent","Incongruent",67.999889,68.199879,"3#",1.11702,"Correct","Correct","Correct","Correct"
"4",35,"5_6_stimuli","5_5","Congruent","Congruent","Incongruent","Incongruent",69.99987,70.199863,"5%",0.957043,"Correct","Correct","Correct","Correct"
"4",36,"7_8_stimuli","7_7","Congruent","Congruent","Congruent","Incongruent",71.999847,72.199846,"7&",1.021608,"Correct","Correct","Correct","Correct"
"4",37,"1_2_stimuli","1_1","Congruent","Congruent","Congruent","Congruent",73.999834,74.19983,"1!",0.765394,"Correct","Correct","Correct","Correct"
"4",38,"3_4_stimuli","3_3","Congruent","Congruent","Congruent","Congruent",75.999824,76.199821,"Omission",5000,"Omission","Correct","Correct","Correct"
"4",39,"5_6_stimuli","5_5","Congruent","Congruent","Congruent","Congruent",77.999795,78.199801,"5%",1.069115,"Correct","Omission","Correct","Correct"
"4",40,"7_8_stimuli","8_7","Incongruent","Congruent","Congruent","Congruent",79.99978,80.199781,"7&",0.845132,"Correct","Correct","Omission","Correct"
"4",41,"1_2_stimuli","2_1","Incongruent","Incongruent","Congruent","Congruent",81.999759,82.199769,"1!",0.717108,"Correct","Correct","Correct","Omission"
"4",42,"3_4_stimuli","4_3","Incongruent","Incongruent","Incongruent","Congruent",83.999745,84.199739,"3#",1.181604,"Correct","Correct","Correct","Correct"
"4",43,"5_6_stimuli","6_5","Incongruent","Incongruent","Incongruent","Incongruent",85.999731,86.199734,"5%",1.133861,"Correct","Correct","Correct","Correct"
"4",44,"7_8_stimuli","7_8","Incongruent","Incongruent","Incongruent","Incongruent",87.999706,88.199719,"8*",0.765824,"Correct","Correct","Correct","Correct"
"4",45,"1_2_stimuli","1_1","Congruent","Incongruent","Incongruent","Incongruent",89.999694,90.199693,"1!",0.813635,"Correct","Correct","Correct","Correct"
"4",46,"3_4_stimuli","4_3","Incongruent","Congruent","Incongruent","Incongruent",91.999682,92.199676,"3#",0.86177,"Correct","Correct","Correct","Correct"
"4",47,"5_6_stimuli","6_6","Congruent","Incongruent","Congruent","Incongruent",93.999665,94.199665,"5%",1.197643,"Error","Correct","Correct","Correct"
"4",48,"7_8_stimuli","8_8","Congruent","Congruent","Incongruent","Congruent",95.999651,96.19965,"8*",0.829465,"Correct","Error","Correct","Correct"
"4",49,"1_2_stimuli","2_2","Congruent","Congruent","Congruent","Incongruent",97.999624,98.199616,"Omission",5000,"Omission","Correct","Error","Correct"
"4",50,"3_4_stimuli","4_3","Incongruent","Congruent","Congruent","Congruent",99.999613,100.199609,"3#",0.909292,"Correct","Omission","Correct","Error"
"4",51,"5_6_stimuli","6_6","Congruent","Incongruent","Congruent","Congruent",101.999587,102.199599,"6^",1.037565,"Correct","Correct","Omission","Correct"
"4",52,"7_8_stimuli","7_8","Incongruent","Congruent","Incongruent","Congruent",103.999578,104.199575,"8*",0.717659,"Correct","Correct","Correct","Omission"
"4",53,"1_2_stimuli","1_2","Incongruent","Incongruent","Congruent","Incongruent",105.99956,106.199557,"2@",0.781919,"Correct","Correct","Correct","Correct"
"4",54,"3_4_stimuli","3_3","Congruent","Incongruent","Incongruent","Congruent",107.99954,108.199548,"3#",1.069764,"Correct","Correct","Correct","Correct"
"4",55,"5_6_stimuli","6_5","Incongruent","Congruent","Incongruent","Incongruent",109.999532,110.199523,"5%",1.181999,"Correct","Correct","Correct","Correct"
"4",56,"7_8_stimuli","7_7","Congruent","Incongruent","Congruent","Incongruent",111.999507,112.199495,"7&",0.78192,"Correct","Correct","Correct","Correct"
"4",57,"1_2_stimuli","1_1","Congruent","Congruent","Incongruent","Congruent",113.999485,114.199479,"1!",0.71763,"Correct","Correct","Correct","Correct"
"4",58,"3_4_stimuli","3_3","Congruent","Congruent","Congruent","Incongruent",115.999468,116.199472,"3#",1.149857,"Correct","Correct","Correct","Correct"
"4",59,"5_6_stimuli","5_6","Incongruent","Congruent","Congruent","Congruent",117.999452,118.199446,"6^",0.957634,"Correct","Correct","Correct","Correct"
"4",60,"7_8_stimuli","8_8","Congruent","Incongruent","Congruent","Congruent",119.999436,120.199429,"8*",0.733418,"Correct","Correct","Correct","Correct"
"4",61,"1_2_stimuli","1_2","Incongruent","Congruent","Incongruent","Congruent",121.999421,122.199419,"2@",0.797915,"Correct","Correct","Correct","Correct"
"4",62,"3_4_stimuli","3_4","Incongruent","Incongruent","Congruent","Incongruent",123.999401,124.199405,"4$",0.78146,"Correct","Correct","Correct","Correct"
"4",63,"5_6_stimuli","6_6","Congruent","Incongruent","Incongruent","Congruent",125.999381,126.199376,"6^",1.453478,"Correct","Correct","Correct","Correct"
"4",64,"7_8_stimuli","8_7","Incongruent","Congruent","Incongruent","Incongruent",127.999362,128.199373,"7&",0.765471,"Correct","Correct","Correct","Correct"
"4",65,"1_2_stimuli","1_1","Congruent","Incongruent","Congruent","Incongruent",129.999346,130.199345,"1!",0.782108,"Correct","Correct","Correct","Correct"
"4",66,"3_4_stimuli","4_4","Congruent","Congruent","Incongruent","Congruent",131.999326,132.199327,"4$",1.11753,"Correct","Correct","Correct","Correct"
"4",67,"5_6_stimuli","5_5","Congruent","Congruent","Congruent","Incongruent",133.99931,134.199308,"5%",1.294137,"Correct","Correct","Correct","Correct"
"4",68,"7_8_stimuli","7_7","Congruent","Congruent","Congruent","Congruent",135.999294,136.199305,"7&",0.749942,"Correct","Correct","Correct","Correct"
"5",1,"1_2_stimuli","2_1","Incongruent",NA,NA,NA,1.999979,2.199969,"1!",0.824213,"Correct",NA,NA,NA
"5",2,"3_4_stimuli","3_4","Incongruent","Incongruent",NA,NA,3.999952,4.199965,"4$",0.856271,"Correct","Correct",NA,NA
"5",3,"5_6_stimuli","5_6","Incongruent","Incongruent","Incongruent",NA,5.999948,6.199941,"6^",1.288858,"Correct","Correct","Correct",NA
"5",4,"7_8_stimuli","8_8","Congruent","Incongruent","Incongruent","Incongruent",7.999932,8.199933,"8*",0.856553,"Correct","Correct","Correct","Correct"
"5",5,"1_2_stimuli","1_1","Congruent","Congruent","Incongruent","Incongruent",9.999915,10.199911,"1!",0.728869,"Correct","Correct","Correct","Correct"
"5",6,"3_4_stimuli","3_4","Incongruent","Congruent","Congruent","Incongruent",11.999891,12.199892,"4$",0.968389,"Correct","Correct","Correct","Correct"
"5",7,"5_6_stimuli","6_6","Congruent","Incongruent","Congruent","Congruent",13.999873,14.199866,"6^",0.904878,"Correct","Correct","Correct","Correct"
"5",8,"7_8_stimuli","8_8","Congruent","Congruent","Incongruent","Congruent",15.999855,16.199852,"8*",0.888854,"Correct","Correct","Correct","Correct"
"5",9,"1_2_stimuli","1_1","Congruent","Congruent","Congruent","Incongruent",17.999846,18.199845,"1!",0.53672,"Correct","Correct","Correct","Correct"
"5",10,"3_4_stimuli","3_3","Congruent","Congruent","Congruent","Congruent",19.999822,20.199816,"3#",0.872771,"Correct","Correct","Correct","Correct"
"5",11,"5_6_stimuli","6_6","Congruent","Congruent","Congruent","Congruent",21.999805,22.199808,"6^",1.304792,"Correct","Correct","Correct","Correct"
"5",12,"7_8_stimuli","7_7","Congruent","Congruent","Congruent","Congruent",23.999789,24.199782,"7&",0.696448,"Correct","Correct","Correct","Correct"
"5",13,"1_2_stimuli","2_1","Incongruent","Congruent","Congruent","Congruent",25.999763,26.199792,"1!",0.776496,"Correct","Correct","Correct","Correct"
"5",14,"3_4_stimuli","4_4","Congruent","Incongruent","Congruent","Congruent",27.99975,28.199744,"4$",0.888983,"Correct","Correct","Correct","Correct"
"5",15,"5_6_stimuli","6_6","Congruent","Congruent","Incongruent","Congruent",29.999734,30.199734,"6^",1.22534,"Correct","Correct","Correct","Correct"
"5",16,"7_8_stimuli","7_8","Incongruent","Congruent","Congruent","Incongruent",31.999722,32.199714,"8*",1.032963,"Correct","Correct","Correct","Correct"
"5",17,"1_2_stimuli","1_2","Incongruent","Incongruent","Congruent","Congruent",33.999699,34.199707,"2@",0.905104,"Correct","Correct","Correct","Correct"
"5",18,"3_4_stimuli","3_4","Incongruent","Incongruent","Incongruent","Congruent",35.999674,36.199684,"4$",0.712998,"Correct","Correct","Correct","Correct"
"5",19,"5_6_stimuli","5_5","Congruent","Incongruent","Incongruent","Incongruent",37.99966,38.199667,"5%",1.000549,"Correct","Correct","Correct","Correct"
"5",20,"7_8_stimuli","8_8","Congruent","Congruent","Incongruent","Incongruent",39.999642,40.199644,"8*",0.729135,"Correct","Correct","Correct","Correct"
"5",21,"1_2_stimuli","2_1","Incongruent","Congruent","Congruent","Incongruent",41.99964,42.199627,"1!",0.553298,"Correct","Correct","Correct","Correct"
"5",22,"3_4_stimuli","4_3","Incongruent","Incongruent","Congruent","Congruent",43.999615,44.199609,"3#",0.889346,"Correct","Correct","Correct","Correct"
"5",23,"5_6_stimuli","5_6","Incongruent","Incongruent","Incongruent","Congruent",45.999597,46.199599,"6^",0.937047,"Correct","Correct","Correct","Correct"
"5",24,"7_8_stimuli","8_7","Incongruent","Incongruent","Incongruent","Incongruent",47.999577,48.199577,"7&",0.552613,"Correct","Correct","Correct","Correct"
"5",25,"1_2_stimuli","2_1","Incongruent","Incongruent","Incongruent","Incongruent",49.999559,50.199568,"1!",0.664915,"Correct","Correct","Correct","Correct"
"5",26,"3_4_stimuli","4_4","Congruent","Incongruent","Incongruent","Incongruent",51.99954,52.19955,"4$",0.905219,"Correct","Correct","Correct","Correct"
"5",27,"5_6_stimuli","5_5","Congruent","Congruent","Incongruent","Incongruent",53.999525,54.199528,"5%",0.921269,"Correct","Correct","Correct","Correct"
"5",28,"7_8_stimuli","8_8","Congruent","Congruent","Congruent","Incongruent",55.999513,56.199514,"8*",0.553054,"Correct","Correct","Correct","Correct"
"5",29,"1_2_stimuli","1_1","Congruent","Congruent","Congruent","Congruent",57.999498,58.199498,"1!",0.617279,"Correct","Correct","Correct","Correct"
"5",30,"3_4_stimuli","3_4","Incongruent","Congruent","Congruent","Congruent",59.999472,60.199465,"4$",0.825257,"Correct","Correct","Correct","Correct"
"5",31,"5_6_stimuli","5_6","Incongruent","Incongruent","Congruent","Congruent",61.999451,62.199461,"6^",1.048693,"Correct","Correct","Correct","Correct"
"5",32,"7_8_stimuli","8_8","Congruent","Incongruent","Incongruent","Congruent",63.999443,64.199446,"8*",0.857551,"Correct","Correct","Correct","Correct"
"5",33,"1_2_stimuli","2_1","Incongruent","Congruent","Incongruent","Incongruent",65.999419,66.199432,"1!",0.632842,"Correct","Correct","Correct","Correct"
"5",34,"3_4_stimuli","4_3","Incongruent","Incongruent","Congruent","Incongruent",67.99941,68.1994,"3#",0.889144,"Correct","Correct","Correct","Correct"
"5",35,"5_6_stimuli","5_5","Congruent","Incongruent","Incongruent","Congruent",69.999398,70.199391,"5%",1.145198,"Correct","Correct","Correct","Correct"
"5",36,"7_8_stimuli","7_8","Incongruent","Congruent","Incongruent","Incongruent",71.999374,72.199373,"8*",0.857527,"Correct","Correct","Correct","Correct"
"5",37,"1_2_stimuli","2_2","Congruent","Incongruent","Congruent","Incongruent",73.999348,74.199357,"2@",0.856908,"Correct","Correct","Correct","Correct"
"5",38,"3_4_stimuli","3_3","Congruent","Congruent","Incongruent","Congruent",75.999345,76.199342,"3#",0.553405,"Correct","Correct","Correct","Correct"
"5",39,"5_6_stimuli","6_5","Incongruent","Congruent","Congruent","Incongruent",77.999327,78.199312,"5%",0.968855,"Correct","Correct","Correct","Correct"
"5",40,"7_8_stimuli","7_7","Congruent","Incongruent","Congruent","Congruent",79.999297,80.199294,"7&",1.160836,"Correct","Correct","Correct","Correct"
"5",41,"1_2_stimuli","2_2","Congruent","Congruent","Incongruent","Congruent",81.999285,82.19928,"2@",0.809239,"Correct","Correct","Correct","Correct"
"5",42,"3_4_stimuli","4_4","Congruent","Congruent","Congruent","Incongruent",83.999266,84.199261,"4$",0.921512,"Correct","Correct","Correct","Correct"
"5",43,"5_6_stimuli","6_5","Incongruent","Congruent","Congruent","Congruent",85.999247,86.199245,"6^",0.985467,"Error","Correct","Correct","Correct"
"5",44,"7_8_stimuli","7_8","Incongruent","Incongruent","Congruent","Congruent",87.999238,88.199235,"8*",0.889311,"Correct","Error","Correct","Correct"
"5",45,"1_2_stimuli","2_2","Congruent","Incongruent","Incongruent","Congruent",89.99921,90.199208,"2@",0.841575,"Correct","Correct","Error","Correct"
"5",46,"3_4_stimuli","3_3","Congruent","Congruent","Incongruent","Incongruent",91.999202,92.199194,"Omission",5000,"Omission","Correct","Correct","Error"
"5",47,"5_6_stimuli","6_6","Congruent","Congruent","Congruent","Incongruent",93.999186,94.19918,"7&",1.353689,"Error","Omission","Correct","Correct"
"5",48,"7_8_stimuli","8_7","Incongruent","Congruent","Congruent","Congruent",95.999165,96.199158,"Omission",5000,"Omission","Error","Omission","Correct"
"5",49,"1_2_stimuli","1_1","Congruent","Incongruent","Congruent","Congruent",97.999145,98.199141,"1!",0.665868,"Correct","Omission","Error","Omission"
"5",50,"3_4_stimuli","3_4","Incongruent","Congruent","Incongruent","Congruent",99.999134,100.199123,"4$",0.841314,"Correct","Correct","Omission","Error"
"5",51,"5_6_stimuli","6_5","Incongruent","Incongruent","Congruent","Incongruent",101.999108,102.199104,"5%",1.097023,"Correct","Correct","Correct","Omission"
"5",52,"7_8_stimuli","8_7","Incongruent","Incongruent","Incongruent","Congruent",103.999092,104.199089,"7&",0.937711,"Correct","Correct","Correct","Correct"
"5",53,"1_2_stimuli","2_2","Congruent","Incongruent","Incongruent","Incongruent",105.999083,106.199069,"2@",0.921687,"Correct","Correct","Correct","Correct"
"5",54,"3_4_stimuli","4_3","Incongruent","Congruent","Incongruent","Incongruent",107.999053,108.199059,"3#",0.40914,"Correct","Correct","Correct","Correct"
"5",55,"5_6_stimuli","5_5","Congruent","Incongruent","Congruent","Incongruent",109.999045,110.199039,"5%",0.921115,"Correct","Correct","Correct","Correct"
"5",56,"7_8_stimuli","7_8","Incongruent","Congruent","Incongruent","Congruent",111.999021,112.199021,"8*",0.873136,"Correct","Correct","Correct","Correct"
"5",57,"1_2_stimuli","1_2","Incongruent","Incongruent","Congruent","Incongruent",113.999004,114.199004,"2@",0.82515,"Correct","Correct","Correct","Correct"
"5",58,"3_4_stimuli","4_4","Congruent","Incongruent","Incongruent","Congruent",115.998988,116.198986,"4$",0.82517,"Correct","Correct","Correct","Correct"
"5",59,"5_6_stimuli","5_6","Incongruent","Congruent","Incongruent","Incongruent",117.998973,118.198965,"6^",0.84125,"Correct","Correct","Correct","Correct"
"5",60,"7_8_stimuli","7_7","Congruent","Incongruent","Congruent","Incongruent",119.998956,120.198949,"7&",0.58557,"Correct","Correct","Correct","Correct"
"5",61,"1_2_stimuli","1_2","Incongruent","Congruent","Incongruent","Congruent",121.998948,122.198934,"2@",0.825606,"Correct","Correct","Correct","Correct"
"5",62,"3_4_stimuli","3_3","Congruent","Incongruent","Congruent","Incongruent",123.998916,124.198916,"3#",1.081747,"Correct","Correct","Correct","Correct"
"5",63,"5_6_stimuli","6_5","Incongruent","Congruent","Incongruent","Congruent",125.998899,126.198897,"5%",1.209696,"Correct","Correct","Correct","Correct"
"5",64,"7_8_stimuli","8_7","Incongruent","Incongruent","Congruent","Incongruent",127.998881,128.198893,"7&",0.873258,"Correct","Correct","Correct","Correct"
"5",65,"1_2_stimuli","1_2","Incongruent","Incongruent","Incongruent","Congruent",129.998876,130.198864,"2@",0.841728,"Correct","Correct","Correct","Correct"
"5",66,"3_4_stimuli","4_3","Incongruent","Incongruent","Incongruent","Incongruent",131.998851,132.198857,"3#",0.985773,"Correct","Correct","Correct","Correct"
"5",67,"5_6_stimuli","5_6","Incongruent","Incongruent","Incongruent","Incongruent",133.998832,134.198845,"7&",0.745279,"Error","Correct","Correct","Correct"
"5",68,"7_8_stimuli","7_7","Congruent","Incongruent","Incongruent","Incongruent",135.998819,136.19881,"7&",0.746108,"Correct","Error","Correct","Correct"
"6",1,"1_2_stimuli","2_1","Incongruent",NA,NA,NA,1.999961,2.19996,"1!",0.905901,"Correct",NA,NA,NA
"6",2,"3_4_stimuli","4_3","Incongruent","Incongruent",NA,NA,3.999941,4.199947,"3#",1.018035,"Correct","Correct",NA,NA
"6",3,"5_6_stimuli","6_5","Incongruent","Incongruent","Incongruent",NA,5.999937,6.199929,"5%",0.921342,"Correct","Correct","Correct",NA
"6",4,"7_8_stimuli","7_8","Incongruent","Incongruent","Incongruent","Incongruent",7.999913,8.199914,"8*",0.761417,"Correct","Correct","Correct","Correct"
"6",5,"1_2_stimuli","1_2","Incongruent","Incongruent","Incongruent","Incongruent",9.999888,10.199895,"2@",0.889758,"Correct","Correct","Correct","Correct"
"6",6,"3_4_stimuli","4_4","Congruent","Incongruent","Incongruent","Incongruent",11.999876,12.199888,"4$",0.953464,"Correct","Correct","Correct","Correct"
"6",7,"5_6_stimuli","6_5","Incongruent","Congruent","Incongruent","Incongruent",13.999857,14.199861,"5%",0.473827,"Correct","Correct","Correct","Correct"
"6",8,"7_8_stimuli","7_7","Congruent","Incongruent","Congruent","Incongruent",15.999849,16.19984,"7&",0.665429,"Correct","Correct","Correct","Correct"
"6",9,"1_2_stimuli","2_1","Incongruent","Congruent","Incongruent","Congruent",17.999822,18.199836,"1!",0.793916,"Correct","Correct","Correct","Correct"
"6",10,"3_4_stimuli","3_4","Incongruent","Incongruent","Congruent","Incongruent",19.999812,20.199805,"4$",0.857892,"Correct","Correct","Correct","Correct"
"6",11,"5_6_stimuli","6_6","Congruent","Incongruent","Incongruent","Congruent",21.999795,22.199799,"6^",1.03411,"Correct","Correct","Correct","Correct"
"6",12,"7_8_stimuli","8_8","Congruent","Congruent","Incongruent","Incongruent",23.999774,24.199784,"8*",0.858055,"Correct","Correct","Correct","Correct"
"6",13,"1_2_stimuli","1_2","Incongruent","Congruent","Congruent","Incongruent",25.999765,26.199767,"2@",0.761553,"Correct","Correct","Correct","Correct"
"6",14,"3_4_stimuli","4_4","Congruent","Incongruent","Congruent","Congruent",27.999749,28.199737,"4$",0.825991,"Correct","Correct","Correct","Correct"
"6",15,"5_6_stimuli","6_6","Congruent","Congruent","Incongruent","Congruent",29.999725,30.199721,"6^",1.002012,"Correct","Correct","Correct","Correct"
"6",16,"7_8_stimuli","7_8","Incongruent","Congruent","Congruent","Incongruent",31.999706,32.199725,"8*",0.713669,"Correct","Correct","Correct","Correct"
"6",17,"1_2_stimuli","1_1","Congruent","Incongruent","Congruent","Congruent",33.9997,34.199685,"1!",0.586315,"Correct","Correct","Correct","Correct"
"6",18,"3_4_stimuli","3_4","Incongruent","Congruent","Incongruent","Congruent",35.999673,36.199664,"4$",0.777904,"Correct","Correct","Correct","Correct"
"6",19,"5_6_stimuli","5_5","Congruent","Incongruent","Congruent","Incongruent",37.99965,38.199649,"5%",0.842094,"Correct","Correct","Correct","Correct"
"6",20,"7_8_stimuli","8_8","Congruent","Congruent","Incongruent","Congruent",39.999635,40.199637,"8*",0.714441,"Correct","Correct","Correct","Correct"
"6",21,"1_2_stimuli","1_1","Congruent","Congruent","Congruent","Incongruent",41.99962,42.199621,"1!",0.48973,"Correct","Correct","Correct","Correct"
"6",22,"3_4_stimuli","4_3","Incongruent","Congruent","Congruent","Congruent",43.999602,44.19961,"3#",1.210281,"Correct","Correct","Correct","Correct"
"6",23,"5_6_stimuli","5_5","Congruent","Incongruent","Congruent","Congruent",45.999594,46.19959,"5%",1.113735,"Correct","Correct","Correct","Correct"
"6",24,"7_8_stimuli","7_8","Incongruent","Congruent","Incongruent","Congruent",47.999565,48.199562,"8*",0.698428,"Correct","Correct","Correct","Correct"
"6",25,"1_2_stimuli","2_2","Congruent","Incongruent","Congruent","Incongruent",49.999553,50.199543,"2@",1.001977,"Correct","Correct","Correct","Correct"
"6",26,"3_4_stimuli","3_3","Congruent","Congruent","Incongruent","Congruent",51.999546,52.199538,"3#",0.681759,"Correct","Correct","Correct","Correct"
"6",27,"5_6_stimuli","6_5","Incongruent","Congruent","Congruent","Incongruent",53.99952,54.199521,"5%",0.858189,"Correct","Correct","Correct","Correct"
"6",28,"7_8_stimuli","7_8","Incongruent","Incongruent","Congruent","Congruent",55.999508,56.199494,"8*",0.698491,"Correct","Correct","Correct","Correct"
"6",29,"1_2_stimuli","2_1","Incongruent","Incongruent","Incongruent","Congruent",57.999479,58.199476,"1!",0.650142,"Correct","Correct","Correct","Correct"
"6",30,"3_4_stimuli","4_3","Incongruent","Incongruent","Incongruent","Incongruent",59.999469,60.199458,"Omission",5000,"Omission","Correct","Correct","Correct"
"6",31,"5_6_stimuli","5_6","Incongruent","Incongruent","Incongruent","Incongruent",61.99945,62.199454,"5%",1.034452,"Error","Omission","Correct","Correct"
"6",32,"7_8_stimuli","7_7","Congruent","Incongruent","Incongruent","Incongruent",63.999426,64.199437,"7&",0.858477,"Correct","Error","Omission","Correct"
"6",33,"1_2_stimuli","1_2","Incongruent","Congruent","Incongruent","Incongruent",65.999416,66.19941,"2@",1.113843,"Correct","Correct","Error","Omission"
"6",34,"3_4_stimuli","4_4","Congruent","Incongruent","Congruent","Incongruent",67.999392,68.19939,"4$",0.970322,"Correct","Correct","Correct","Error"
"6",35,"5_6_stimuli","5_6","Incongruent","Congruent","Incongruent","Congruent",69.999388,70.19937,"6^",1.018412,"Correct","Correct","Correct","Correct"
"6",36,"7_8_stimuli","7_8","Incongruent","Incongruent","Congruent","Incongruent",71.999363,72.199364,"8*",0.713921,"Correct","Correct","Correct","Correct"
"6",37,"1_2_stimuli","2_2","Congruent","Incongruent","Incongruent","Congruent",73.999341,74.199343,"2@",0.713911,"Correct","Correct","Correct","Correct"
"6",38,"3_4_stimuli","3_3","Congruent","Congruent","Incongruent","Incongruent",75.999318,76.199333,"3#",0.698029,"Correct","Correct","Correct","Correct"
"6",39,"5_6_stimuli","5_5","Congruent","Congruent","Congruent","Incongruent",77.99931,78.199301,"5%",0.842662,"Correct","Correct","Correct","Correct"
"6",40,"7_8_stimuli","7_7","Congruent","Congruent","Congruent","Congruent",79.999292,80.199284,"7&",0.794491,"Correct","Correct","Correct","Correct"
"6",41,"1_2_stimuli","1_1","Congruent","Congruent","Congruent","Congruent",81.999272,82.199272,"1!",0.730527,"Correct","Correct","Correct","Correct"
"6",42,"3_4_stimuli","3_3","Congruent","Congruent","Congruent","Congruent",83.999255,84.199251,"3#",0.746054,"Correct","Correct","Correct","Correct"
"6",43,"5_6_stimuli","5_6","Incongruent","Congruent","Congruent","Congruent",85.999246,86.199234,"6^",0.954553,"Correct","Correct","Correct","Correct"
"6",44,"7_8_stimuli","7_7","Congruent","Incongruent","Congruent","Congruent",87.99922,88.199222,"7&",0.538557,"Correct","Correct","Correct","Correct"
"6",45,"1_2_stimuli","1_1","Congruent","Congruent","Incongruent","Congruent",89.999211,90.1992,"1!",0.682842,"Correct","Correct","Correct","Correct"
"6",46,"3_4_stimuli","3_3","Congruent","Congruent","Congruent","Incongruent",91.999192,92.19918,"3#",0.76213,"Correct","Correct","Correct","Correct"
"6",47,"5_6_stimuli","6_6","Congruent","Congruent","Congruent","Congruent",93.999165,94.199174,"6^",1.178407,"Correct","Correct","Correct","Correct"
"6",48,"7_8_stimuli","8_7","Incongruent","Congruent","Congruent","Congruent",95.999154,96.199151,"7&",0.602963,"Correct","Correct","Correct","Correct"
"6",49,"1_2_stimuli","2_1","Incongruent","Incongruent","Congruent","Congruent",97.999132,98.199139,"2@",0.682885,"Error","Correct","Correct","Correct"
"6",50,"3_4_stimuli","4_3","Incongruent","Incongruent","Incongruent","Congruent",99.999115,100.199113,"3#",0.938624,"Correct","Error","Correct","Correct"
"6",51,"5_6_stimuli","6_6","Congruent","Incongruent","Incongruent","Incongruent",101.999099,102.199106,"Omission",5000,"Omission","Correct","Error","Correct"
"6",52,"7_8_stimuli","8_7","Incongruent","Congruent","Incongruent","Incongruent",103.999084,104.199076,"7&",0.826744,"Correct","Omission","Correct","Error"
"6",53,"1_2_stimuli","2_1","Incongruent","Incongruent","Congruent","Incongruent",105.999076,106.199063,"1!",0.842696,"Correct","Correct","Omission","Correct"
"6",54,"3_4_stimuli","4_4","Congruent","Incongruent","Incongruent","Congruent",107.999057,108.199043,"4$",1.018223,"Correct","Correct","Correct","Omission"
"6",55,"5_6_stimuli","5_5","Congruent","Congruent","Incongruent","Incongruent",109.999031,110.199032,"5%",1.018727,"Correct","Correct","Correct","Correct"
"6",56,"7_8_stimuli","8_8","Congruent","Congruent","Congruent","Incongruent",111.999015,112.199012,"8*",0.714768,"Correct","Correct","Correct","Correct"
"6",57,"1_2_stimuli","1_2","Incongruent","Congruent","Congruent","Congruent",113.998995,114.199002,"2@",0.826252,"Correct","Correct","Correct","Correct"
"6",58,"3_4_stimuli","3_4","Incongruent","Incongruent","Congruent","Congruent",115.998982,116.198988,"4$",1.418278,"Correct","Correct","Correct","Correct"
"6",59,"5_6_stimuli","6_5","Incongruent","Incongruent","Incongruent","Congruent",117.998959,118.198958,"5%",0.666764,"Correct","Correct","Correct","Correct"
"6",60,"7_8_stimuli","8_7","Incongruent","Incongruent","Incongruent","Incongruent",119.998953,120.198942,"7&",1.098335,"Correct","Correct","Correct","Correct"
"6",61,"1_2_stimuli","2_2","Congruent","Incongruent","Incongruent","Incongruent",121.998932,122.198923,"2@",0.762658,"Correct","Correct","Correct","Correct"
"6",62,"3_4_stimuli","3_4","Incongruent","Congruent","Incongruent","Incongruent",123.998918,124.198907,"4$",0.970529,"Correct","Correct","Correct","Correct"
"6",63,"5_6_stimuli","6_5","Incongruent","Incongruent","Congruent","Incongruent",125.998893,126.198887,"5%",0.523085,"Correct","Correct","Correct","Correct"
"6",64,"7_8_stimuli","8_8","Congruent","Incongruent","Incongruent","Congruent",127.998872,128.19888,"8*",0.666794,"Correct","Correct","Correct","Correct"
"6",65,"1_2_stimuli","2_2","Congruent","Congruent","Incongruent","Incongruent",129.998857,130.198865,"2@",0.746433,"Correct","Correct","Correct","Correct"
"6",66,"3_4_stimuli","4_3","Incongruent","Congruent","Congruent","Incongruent",131.998845,132.198848,"3#",1.130986,"Correct","Correct","Correct","Correct"
"6",67,"5_6_stimuli","5_6","Incongruent","Incongruent","Congruent","Congruent",133.998829,134.198821,"6^",0.923158,"Correct","Correct","Correct","Correct"
"6",68,"7_8_stimuli","8_7","Incongruent","Incongruent","Incongruent","Congruent",135.998817,136.198806,"7&",0.507159,"Correct","Correct","Correct","Correct"
"7",1,"1_2_stimuli","1_2","Incongruent",NA,NA,NA,1.999983,2.199993,"2@",0.909268,"Correct",NA,NA,NA
"7",2,"3_4_stimuli","4_3","Incongruent","Incongruent",NA,NA,3.999969,4.199967,"3#",0.573528,"Correct","Correct",NA,NA
"7",3,"5_6_stimuli","6_5","Incongruent","Incongruent","Incongruent",NA,5.999959,6.199953,"6^",0.765221,"Error","Correct","Correct",NA
"7",4,"7_8_stimuli","8_8","Congruent","Incongruent","Incongruent","Incongruent",7.999927,8.199933,"8*",0.797267,"Correct","Error","Correct","Correct"
"7",5,"1_2_stimuli","2_1","Incongruent","Congruent","Incongruent","Incongruent",9.99991,10.199908,"1!",0.941609,"Correct","Correct","Error","Correct"
"7",6,"3_4_stimuli","4_4","Congruent","Incongruent","Congruent","Incongruent",11.999882,12.199899,"4$",0.957349,"Correct","Correct","Correct","Error"
"7",7,"5_6_stimuli","5_6","Incongruent","Congruent","Incongruent","Congruent",13.999886,14.19988,"6^",1.245654,"Correct","Correct","Correct","Correct"
"7",8,"7_8_stimuli","8_8","Congruent","Incongruent","Congruent","Incongruent",15.99987,16.19987,"8*",0.781284,"Correct","Correct","Correct","Correct"
"7",9,"1_2_stimuli","2_1","Incongruent","Congruent","Incongruent","Congruent",17.999847,18.199846,"1!",0.71737,"Correct","Correct","Correct","Correct"
"7",10,"3_4_stimuli","4_3","Incongruent","Incongruent","Congruent","Incongruent",19.999835,20.199828,"3#",0.925883,"Correct","Correct","Correct","Correct"
"7",11,"5_6_stimuli","6_5","Incongruent","Incongruent","Incongruent","Congruent",21.999817,22.199813,"5%",1.085526,"Correct","Correct","Correct","Correct"
"7",12,"7_8_stimuli","7_7","Congruent","Incongruent","Incongruent","Incongruent",23.9998,24.199804,"7&",1.373963,"Correct","Correct","Correct","Correct"
"7",13,"1_2_stimuli","2_2","Congruent","Congruent","Incongruent","Incongruent",25.999786,26.199777,"2@",0.749779,"Correct","Correct","Correct","Correct"
"7",14,"3_4_stimuli","4_3","Incongruent","Congruent","Congruent","Incongruent",27.999765,28.199766,"Omission",5000,"Omission","Correct","Correct","Correct"
"7",15,"5_6_stimuli","6_6","Congruent","Incongruent","Congruent","Congruent",29.999747,30.199751,"6^",1.229735,"Correct","Omission","Correct","Correct"
"7",16,"7_8_stimuli","8_8","Congruent","Congruent","Incongruent","Congruent",31.999736,32.199735,"8*",0.685469,"Correct","Correct","Omission","Correct"
"7",17,"1_2_stimuli","1_2","Incongruent","Congruent","Congruent","Incongruent",33.999714,34.199702,"2@",0.942163,"Correct","Correct","Correct","Omission"
"7",18,"3_4_stimuli","4_3","Incongruent","Incongruent","Congruent","Congruent",35.999694,36.199697,"3#",0.461497,"Correct","Correct","Correct","Correct"
"7",19,"5_6_stimuli","6_6","Congruent","Incongruent","Incongruent","Congruent",37.999683,38.199675,"6^",1.197486,"Correct","Correct","Correct","Correct"
"7",20,"7_8_stimuli","8_7","Incongruent","Congruent","Incongruent","Incongruent",39.999658,40.199664,"7&",0.669831,"Correct","Correct","Correct","Correct"
"7",21,"1_2_stimuli","1_1","Congruent","Incongruent","Congruent","Incongruent",41.999649,42.199643,"1!",0.942329,"Correct","Correct","Correct","Correct"
"7",22,"3_4_stimuli","3_3","Congruent","Congruent","Incongruent","Congruent",43.999617,44.199612,"3#",0.525635,"Correct","Correct","Correct","Correct"
"7",23,"5_6_stimuli","5_5","Congruent","Congruent","Congruent","Incongruent",45.999612,46.199614,"5%",1.006047,"Correct","Correct","Correct","Correct"
"7",24,"7_8_stimuli","7_8","Incongruent","Congruent","Congruent","Congruent",47.999596,48.199586,"8*",0.81387,"Correct","Correct","Correct","Correct"
"7",25,"1_2_stimuli","2_1","Incongruent","Incongruent","Congruent","Congruent",49.999563,50.199574,"1!",0.605655,"Correct","Correct","Correct","Correct"
"7",26,"3_4_stimuli","3_3","Congruent","Incongruent","Incongruent","Congruent",51.999554,52.199555,"4$",0.63766,"Error","Correct","Correct","Correct"
"7",27,"5_6_stimuli","5_6","Incongruent","Congruent","Incongruent","Incongruent",53.999541,54.199542,"6^",1.118078,"Correct","Error","Correct","Correct"
"7",28,"7_8_stimuli","8_7","Incongruent","Incongruent","Congruent","Incongruent",55.99951,56.199523,"7&",1.165691,"Correct","Correct","Error","Correct"
"7",29,"1_2_stimuli","2_2","Congruent","Incongruent","Incongruent","Congruent",57.9995,58.199506,"2@",0.829697,"Correct","Correct","Correct","Error"
"7",30,"3_4_stimuli","3_3","Congruent","Congruent","Incongruent","Incongruent",59.999492,60.199475,"3#",0.814217,"Correct","Correct","Correct","Correct"
"7",31,"5_6_stimuli","6_5","Incongruent","Congruent","Congruent","Incongruent",61.999474,62.199468,"5%",1.118361,"Correct","Correct","Correct","Correct"
"7",32,"7_8_stimuli","7_7","Congruent","Incongruent","Congruent","Congruent",63.999453,64.199456,"7&",1.358386,"Correct","Correct","Correct","Correct"
"7",33,"1_2_stimuli","2_2","Congruent","Congruent","Incongruent","Congruent",65.999436,66.199434,"2@",0.910067,"Correct","Correct","Correct","Correct"
"7",34,"3_4_stimuli","4_4","Congruent","Congruent","Congruent","Incongruent",67.999426,68.199414,"4$",0.94218,"Correct","Correct","Correct","Correct"
"7",35,"5_6_stimuli","5_6","Incongruent","Congruent","Congruent","Congruent",69.999401,70.199401,"6^",1.261731,"Correct","Correct","Correct","Correct"
"7",36,"7_8_stimuli","8_7","Incongruent","Incongruent","Congruent","Congruent",71.999378,72.199382,"7&",0.845731,"Correct","Correct","Correct","Correct"
"7",37,"1_2_stimuli","1_2","Incongruent","Incongruent","Incongruent","Congruent",73.999366,74.199365,"2@",0.845815,"Correct","Correct","Correct","Correct"
"7",38,"3_4_stimuli","4_4","Congruent","Incongruent","Incongruent","Incongruent",75.999342,76.199343,"4$",0.910346,"Correct","Correct","Correct","Correct"
"7",39,"5_6_stimuli","5_5","Congruent","Congruent","Incongruent","Incongruent",77.999326,78.199327,"5%",0.941821,"Correct","Correct","Correct","Correct"
"7",40,"7_8_stimuli","7_7","Congruent","Congruent","Congruent","Incongruent",79.999307,80.199307,"7&",0.862551,"Correct","Correct","Correct","Correct"
"7",41,"1_2_stimuli","1_1","Congruent","Congruent","Congruent","Congruent",81.9993,82.199285,"1!",0.797797,"Correct","Correct","Correct","Correct"
"7",42,"3_4_stimuli","3_4","Incongruent","Congruent","Congruent","Congruent",83.999288,84.19927,"4$",1.118311,"Correct","Correct","Correct","Correct"
"7",43,"5_6_stimuli","5_6","Incongruent","Incongruent","Congruent","Congruent",85.999266,86.199259,"6^",1.165912,"Correct","Correct","Correct","Correct"
"7",44,"7_8_stimuli","8_7","Incongruent","Incongruent","Incongruent","Congruent",87.999246,88.199236,"7&",0.686425,"Correct","Correct","Correct","Correct"
"7",45,"1_2_stimuli","1_2","Incongruent","Incongruent","Incongruent","Incongruent",89.999226,90.199228,"2@",0.78252,"Correct","Correct","Correct","Correct"
"7",46,"3_4_stimuli","4_3","Incongruent","Incongruent","Incongruent","Incongruent",91.999218,92.199208,"3#",0.862645,"Correct","Correct","Correct","Correct"
"7",47,"5_6_stimuli","6_6","Congruent","Incongruent","Incongruent","Incongruent",93.999193,94.19919,"6^",1.405966,"Correct","Correct","Correct","Correct"
"7",48,"7_8_stimuli","7_7","Congruent","Congruent","Incongruent","Incongruent",95.999172,96.199177,"7&",0.990653,"Correct","Correct","Correct","Correct"
"7",49,"1_2_stimuli","2_2","Congruent","Congruent","Congruent","Incongruent",97.999156,98.199151,"2@",0.750649,"Correct","Correct","Correct","Correct"
"7",50,"3_4_stimuli","4_4","Congruent","Congruent","Congruent","Congruent",99.999138,100.199142,"4$",0.798449,"Correct","Correct","Correct","Correct"
"7",51,"5_6_stimuli","6_6","Congruent","Congruent","Congruent","Congruent",101.999116,102.199124,"5%",1.022061,"Error","Correct","Correct","Correct"
"7",52,"7_8_stimuli","8_8","Congruent","Congruent","Congruent","Congruent",103.999103,104.199105,"8*",0.798,"Correct","Error","Correct","Correct"
"7",53,"1_2_stimuli","2_1","Incongruent","Congruent","Congruent","Congruent",105.999082,106.199084,"1!",0.766766,"Correct","Correct","Error","Correct"
"7",54,"3_4_stimuli","3_3","Congruent","Incongruent","Congruent","Congruent",107.999072,108.199065,"4$",1.054025,"Error","Correct","Correct","Error"
"7",55,"5_6_stimuli","5_5","Congruent","Congruent","Incongruent","Congruent",109.999049,110.199056,"5%",0.974128,"Correct","Error","Correct","Correct"
"7",56,"7_8_stimuli","7_8","Incongruent","Congruent","Congruent","Incongruent",111.999032,112.199036,"7&",1.086081,"Error","Correct","Error","Correct"
"7",57,"1_2_stimuli","1_1","Congruent","Incongruent","Congruent","Congruent",113.999023,114.19901,"1!",1.406401,"Correct","Error","Correct","Error"
"7",58,"3_4_stimuli","3_4","Incongruent","Congruent","Incongruent","Congruent",115.998997,116.199002,"4$",1.406136,"Correct","Correct","Error","Correct"
"7",59,"5_6_stimuli","5_5","Congruent","Incongruent","Congruent","Incongruent",117.99899,118.19898,"5%",0.974703,"Correct","Correct","Correct","Error"
"7",60,"7_8_stimuli","7_8","Incongruent","Congruent","Incongruent","Congruent",119.998964,120.198972,"8*",0.702587,"Correct","Correct","Correct","Correct"
"7",61,"1_2_stimuli","1_2","Incongruent","Incongruent","Congruent","Incongruent",121.998944,122.19895,"2@",0.71884,"Correct","Correct","Correct","Correct"
"7",62,"3_4_stimuli","3_4","Incongruent","Incongruent","Incongruent","Congruent",123.998927,124.198932,"4$",0.974632,"Correct","Correct","Correct","Correct"
"7",63,"5_6_stimuli","6_5","Incongruent","Incongruent","Incongruent","Incongruent",125.998921,126.19891,"5%",0.846205,"Correct","Correct","Correct","Correct"
"7",64,"7_8_stimuli","7_8","Incongruent","Incongruent","Incongruent","Incongruent",127.998893,128.198896,"8*",0.734235,"Correct","Correct","Correct","Correct"
"7",65,"1_2_stimuli","1_1","Congruent","Incongruent","Incongruent","Incongruent",129.998881,130.198878,"1!",0.654239,"Correct","Correct","Correct","Correct"
"7",66,"3_4_stimuli","3_4","Incongruent","Congruent","Incongruent","Incongruent",131.998865,132.198867,"4$",0.878959,"Correct","Correct","Correct","Correct"
"7",67,"5_6_stimuli","6_5","Incongruent","Incongruent","Congruent","Incongruent",133.998853,134.19884,"5%",0.926702,"Correct","Correct","Correct","Correct"
"7",68,"7_8_stimuli","8_8","Congruent","Incongruent","Incongruent","Congruent",135.998826,136.198821,"8*",0.830278,"Correct","Correct","Correct","Correct"
"8",1,"1_2_stimuli","2_2","Congruent",NA,NA,NA,1.999985,2.199986,"2@",0.974018,"Correct",NA,NA,NA
"8",2,"3_4_stimuli","3_4","Incongruent","Congruent",NA,NA,3.999963,4.199952,"4$",0.798315,"Correct","Correct",NA,NA
"8",3,"5_6_stimuli","6_5","Incongruent","Incongruent","Congruent",NA,5.99995,6.19994,"5%",0.782294,"Correct","Correct","Correct",NA
"8",4,"7_8_stimuli","7_7","Congruent","Incongruent","Incongruent","Congruent",7.999923,8.199916,"7&",1.134286,"Correct","Correct","Correct","Correct"
"8",5,"1_2_stimuli","1_2","Incongruent","Congruent","Incongruent","Incongruent",9.999921,10.199915,"2@",0.798191,"Correct","Correct","Correct","Correct"
"8",6,"3_4_stimuli","3_3","Congruent","Incongruent","Congruent","Incongruent",11.9999,12.199885,"3#",1.006219,"Correct","Correct","Correct","Correct"
"8",7,"5_6_stimuli","6_6","Congruent","Congruent","Incongruent","Congruent",13.999878,14.199878,"6^",0.782298,"Correct","Correct","Correct","Correct"
"8",8,"7_8_stimuli","8_7","Incongruent","Congruent","Congruent","Incongruent",15.999851,16.19986,"7&",0.477765,"Correct","Correct","Correct","Correct"
"8",9,"1_2_stimuli","1_1","Congruent","Incongruent","Congruent","Congruent",17.999843,18.199836,"1!",0.65383,"Correct","Correct","Correct","Correct"
"8",10,"3_4_stimuli","3_3","Congruent","Congruent","Incongruent","Congruent",19.999824,20.199833,"3#",0.974331,"Correct","Correct","Correct","Correct"
"8",11,"5_6_stimuli","5_5","Congruent","Congruent","Congruent","Incongruent",21.9998,22.199809,"5%",0.781868,"Correct","Correct","Correct","Correct"
"8",12,"7_8_stimuli","7_8","Incongruent","Congruent","Congruent","Congruent",23.999794,24.199791,"8*",0.766564,"Correct","Correct","Correct","Correct"
"8",13,"1_2_stimuli","1_2","Incongruent","Incongruent","Congruent","Congruent",25.999771,26.199771,"2@",1.294157,"Correct","Correct","Correct","Correct"
"8",14,"3_4_stimuli","4_4","Congruent","Incongruent","Incongruent","Congruent",27.999755,28.199754,"4$",1.246026,"Correct","Correct","Correct","Correct"
"8",15,"5_6_stimuli","6_6","Congruent","Congruent","Incongruent","Incongruent",29.999738,30.199747,"6^",1.038346,"Correct","Correct","Correct","Correct"
"8",16,"7_8_stimuli","7_7","Congruent","Congruent","Congruent","Incongruent",31.999729,32.199728,"7&",0.638726,"Correct","Correct","Correct","Correct"
"8",17,"1_2_stimuli","2_2","Congruent","Congruent","Congruent","Congruent",33.999699,34.199722,"2@",0.750446,"Correct","Correct","Correct","Correct"
"8",18,"3_4_stimuli","4_4","Congruent","Congruent","Congruent","Congruent",35.999692,36.199688,"4$",1.005927,"Correct","Correct","Correct","Correct"
"8",19,"5_6_stimuli","5_6","Incongruent","Congruent","Congruent","Congruent",37.999677,38.199677,"Omission",5000,"Omission","Correct","Correct","Correct"
"8",20,"7_8_stimuli","7_7","Congruent","Incongruent","Congruent","Congruent",39.999652,40.199655,"7&",0.878009,"Correct","Omission","Correct","Correct"
"8",21,"1_2_stimuli","1_1","Congruent","Congruent","Incongruent","Congruent",41.999633,42.199642,"1!",0.462107,"Correct","Correct","Omission","Correct"
"8",22,"3_4_stimuli","3_4","Incongruent","Congruent","Congruent","Incongruent",43.999615,44.199623,"4$",0.830442,"Correct","Correct","Correct","Omission"
"8",23,"5_6_stimuli","5_5","Congruent","Incongruent","Congruent","Congruent",45.999607,46.199604,"4$",0.798074,"Error","Correct","Correct","Correct"
"8",24,"7_8_stimuli","7_8","Incongruent","Congruent","Incongruent","Congruent",47.999585,48.199583,"8*",0.766623,"Correct","Error","Correct","Correct"
"8",25,"1_2_stimuli","1_2","Incongruent","Incongruent","Congruent","Incongruent",49.999565,50.199568,"2@",0.73406,"Correct","Correct","Error","Correct"
"8",26,"3_4_stimuli","4_3","Incongruent","Incongruent","Incongruent","Congruent",51.999558,52.199548,"4$",0.862574,"Error","Correct","Correct","Error"
"8",27,"5_6_stimuli","5_5","Congruent","Incongruent","Incongruent","Incongruent",53.999538,54.19953,"6^",0.814525,"Error","Error","Correct","Correct"
"8",28,"7_8_stimuli","7_8","Incongruent","Congruent","Incongruent","Incongruent",55.999508,56.199514,"8*",0.638856,"Correct","Error","Error","Correct"
"8",29,"1_2_stimuli","1_1","Congruent","Incongruent","Congruent","Incongruent",57.999495,58.199495,"1!",0.638125,"Correct","Correct","Error","Error"
"8",30,"3_4_stimuli","3_4","Incongruent","Congruent","Incongruent","Congruent",59.999484,60.199472,"4$",0.878857,"Correct","Correct","Correct","Error"
"8",31,"5_6_stimuli","6_6","Congruent","Incongruent","Congruent","Incongruent",61.999458,62.199471,"6^",0.87816,"Correct","Correct","Correct","Correct"
"8",32,"7_8_stimuli","7_7","Congruent","Congruent","Incongruent","Congruent",63.999447,64.199449,"7&",0.894585,"Correct","Correct","Correct","Correct"
"8",33,"1_2_stimuli","2_1","Incongruent","Congruent","Congruent","Incongruent",65.999423,66.199426,"1!",0.574213,"Correct","Correct","Correct","Correct"
"8",34,"3_4_stimuli","3_3","Congruent","Incongruent","Congruent","Congruent",67.999409,68.199406,"3#",1.438218,"Correct","Correct","Correct","Correct"
"8",35,"5_6_stimuli","6_5","Incongruent","Congruent","Incongruent","Congruent",69.999394,70.199395,"5%",1.118597,"Correct","Correct","Correct","Correct"
"8",36,"7_8_stimuli","8_8","Congruent","Incongruent","Congruent","Incongruent",71.999387,72.199367,"8*",0.766383,"Correct","Correct","Correct","Correct"
"8",37,"1_2_stimuli","2_1","Incongruent","Congruent","Incongruent","Congruent",73.999368,74.199365,"1!",0.655014,"Correct","Correct","Correct","Correct"
"8",38,"3_4_stimuli","4_3","Incongruent","Incongruent","Congruent","Incongruent",75.999333,76.199346,"3#",0.718465,"Correct","Correct","Correct","Correct"
"8",39,"5_6_stimuli","6_6","Congruent","Incongruent","Incongruent","Congruent",77.999326,78.199327,"6^",0.974469,"Correct","Correct","Correct","Correct"
"8",40,"7_8_stimuli","8_8","Congruent","Congruent","Incongruent","Incongruent",79.999307,80.199308,"8*",0.910614,"Correct","Correct","Correct","Correct"
"8",41,"1_2_stimuli","2_2","Congruent","Congruent","Congruent","Incongruent",81.999294,82.199286,"1!",0.46296,"Error","Correct","Correct","Correct"
"8",42,"3_4_stimuli","4_3","Incongruent","Congruent","Congruent","Congruent",83.999278,84.199281,"3#",0.958444,"Correct","Error","Correct","Correct"
"8",43,"5_6_stimuli","5_6","Incongruent","Incongruent","Congruent","Congruent",85.999253,86.19926,"5%",1.27836,"Error","Correct","Error","Correct"
"8",44,"7_8_stimuli","7_7","Congruent","Incongruent","Incongruent","Congruent",87.99924,88.199245,"7&",1.006673,"Correct","Error","Correct","Error"
"8",45,"1_2_stimuli","1_1","Congruent","Congruent","Incongruent","Incongruent",89.999225,90.199218,"1!",0.623026,"Correct","Correct","Error","Correct"
"8",46,"3_4_stimuli","4_4","Congruent","Congruent","Congruent","Incongruent",91.999203,92.1992,"4$",0.958799,"Correct","Correct","Correct","Error"
"8",47,"5_6_stimuli","5_5","Congruent","Congruent","Congruent","Congruent",93.99918,94.199182,"5%",0.847053,"Correct","Correct","Correct","Correct"
"8",48,"7_8_stimuli","8_8","Congruent","Congruent","Congruent","Congruent",95.999162,96.199179,"8*",0.750746,"Correct","Correct","Correct","Correct"
"8",49,"1_2_stimuli","2_1","Incongruent","Congruent","Congruent","Congruent",97.99915,98.199148,"1!",0.958894,"Correct","Correct","Correct","Correct"
"8",50,"3_4_stimuli","3_4","Incongruent","Incongruent","Congruent","Congruent",99.999132,100.199131,"4$",0.878764,"Correct","Correct","Correct","Correct"
"8",51,"5_6_stimuli","6_5","Incongruent","Incongruent","Incongruent","Congruent",101.999125,102.199118,"5%",0.78318,"Correct","Correct","Correct","Correct"
"8",52,"7_8_stimuli","8_7","Incongruent","Incongruent","Incongruent","Incongruent",103.999099,104.199097,"6^",1.342875,"Error","Correct","Correct","Correct"
"8",53,"1_2_stimuli","2_2","Congruent","Incongruent","Incongruent","Incongruent",105.999089,106.199082,"2@",1.214462,"Correct","Error","Correct","Correct"
"8",54,"3_4_stimuli","4_3","Incongruent","Congruent","Incongruent","Incongruent",107.999069,108.199061,"6^",1.326758,"Error","Correct","Error","Correct"
"8",55,"5_6_stimuli","5_6","Incongruent","Incongruent","Congruent","Incongruent",109.999047,110.199045,"Omission",5000,"Omission","Error","Correct","Error"
"8",56,"7_8_stimuli","7_8","Incongruent","Incongruent","Incongruent","Congruent",111.999037,112.199028,"8*",0.846991,"Correct","Omission","Error","Correct"
"8",57,"1_2_stimuli","1_2","Incongruent","Incongruent","Incongruent","Incongruent",113.999007,114.199012,"2@",0.926595,"Correct","Correct","Omission","Error"
"8",58,"3_4_stimuli","4_4","Congruent","Incongruent","Incongruent","Incongruent",115.998996,116.198999,"4$",0.878881,"Correct","Correct","Correct","Omission"
"8",59,"5_6_stimuli","6_5","Incongruent","Congruent","Incongruent","Incongruent",117.998978,118.198978,"5%",1.182686,"Correct","Correct","Correct","Correct"
"8",60,"7_8_stimuli","8_7","Incongruent","Incongruent","Congruent","Incongruent",119.998962,120.198958,"7&",1.167128,"Correct","Correct","Correct","Correct"
"8",61,"1_2_stimuli","2_2","Congruent","Incongruent","Incongruent","Congruent",121.998934,122.198946,"2@",0.782603,"Correct","Correct","Correct","Correct"
"8",62,"3_4_stimuli","3_3","Congruent","Congruent","Incongruent","Incongruent",123.998927,124.198924,"3#",0.767502,"Correct","Correct","Correct","Correct"
"8",63,"5_6_stimuli","5_6","Incongruent","Congruent","Congruent","Incongruent",125.998911,126.198905,"6^",1.071353,"Correct","Correct","Correct","Correct"
"8",64,"7_8_stimuli","8_7","Incongruent","Incongruent","Congruent","Congruent",127.998899,128.198903,"7&",0.734689,"Correct","Correct","Correct","Correct"
"8",65,"1_2_stimuli","2_1","Incongruent","Incongruent","Incongruent","Congruent",129.998872,130.198877,"1!",0.703072,"Correct","Correct","Correct","Correct"
"8",66,"3_4_stimuli","3_4","Incongruent","Incongruent","Incongruent","Incongruent",131.998864,132.198857,"4$",0.910701,"Correct","Correct","Correct","Correct"
"8",67,"5_6_stimuli","6_5","Incongruent","Incongruent","Incongruent","Incongruent",133.998848,134.198837,"5%",0.94272,"Correct","Correct","Correct","Correct"
"8",68,"7_8_stimuli","8_8","Congruent","Incongruent","Incongruent","Incongruent",135.99882,136.198824,"8*",0.815294,"Correct","Correct","Correct","Correct"
"9",1,"1_2_stimuli","1_2","Incongruent",NA,NA,NA,1.999961,2.199959,"2@",0.958829,"Correct",NA,NA,NA
"9",2,"3_4_stimuli","4_4","Congruent","Incongruent",NA,NA,3.999948,4.19995,"4$",0.718826,"Correct","Correct",NA,NA
"9",3,"5_6_stimuli","6_5","Incongruent","Congruent","Incongruent",NA,5.999928,6.199915,"5%",0.575401,"Correct","Correct","Correct",NA
"9",4,"7_8_stimuli","7_7","Congruent","Incongruent","Congruent","Incongruent",7.999909,8.199915,"7&",0.991626,"Correct","Correct","Correct","Correct"
"9",5,"1_2_stimuli","1_2","Incongruent","Congruent","Incongruent","Congruent",9.999892,10.19989,"2@",0.734894,"Correct","Correct","Correct","Correct"
"9",6,"3_4_stimuli","3_4","Incongruent","Incongruent","Congruent","Incongruent",11.999868,12.199882,"4$",0.750944,"Correct","Correct","Correct","Correct"
"9",7,"5_6_stimuli","6_5","Incongruent","Incongruent","Incongruent","Congruent",13.999864,14.199859,"5%",0.71928,"Correct","Correct","Correct","Correct"
"9",8,"7_8_stimuli","8_7","Incongruent","Incongruent","Incongruent","Incongruent",15.999845,16.199849,"7&",0.687481,"Correct","Correct","Correct","Correct"
"9",9,"1_2_stimuli","1_2","Incongruent","Incongruent","Incongruent","Incongruent",17.999823,18.199821,"2@",0.783068,"Correct","Correct","Correct","Correct"
"9",10,"3_4_stimuli","4_3","Incongruent","Incongruent","Incongruent","Incongruent",19.999808,20.199801,"3#",0.575658,"Correct","Correct","Correct","Correct"
"9",11,"5_6_stimuli","5_6","Incongruent","Incongruent","Incongruent","Incongruent",21.999785,22.199794,"5%",0.703597,"Error","Correct","Correct","Correct"
"9",12,"7_8_stimuli","8_8","Congruent","Incongruent","Incongruent","Incongruent",23.999771,24.199769,"8*",0.607718,"Correct","Error","Correct","Correct"
"9",13,"1_2_stimuli","2_1","Incongruent","Congruent","Incongruent","Incongruent",25.999764,26.199758,"1!",0.943499,"Correct","Correct","Error","Correct"
"9",14,"3_4_stimuli","4_4","Congruent","Incongruent","Congruent","Incongruent",27.999735,28.199738,"4$",0.799516,"Correct","Correct","Correct","Error"
"9",15,"5_6_stimuli","6_5","Incongruent","Congruent","Incongruent","Congruent",29.999718,30.199728,"5%",0.927787,"Correct","Correct","Correct","Correct"
"9",16,"7_8_stimuli","8_7","Incongruent","Incongruent","Congruent","Incongruent",31.999712,32.199709,"7&",1.087235,"Correct","Correct","Correct","Correct"
"9",17,"1_2_stimuli","2_2","Congruent","Incongruent","Incongruent","Congruent",33.99969,34.199682,"2@",0.799311,"Correct","Correct","Correct","Correct"
"9",18,"3_4_stimuli","3_3","Congruent","Congruent","Incongruent","Incongruent",35.999674,36.199669,"3#",1.135715,"Correct","Correct","Correct","Correct"
"9",19,"5_6_stimuli","5_6","Incongruent","Congruent","Congruent","Incongruent",37.999661,38.199653,"6^",0.8631,"Correct","Correct","Correct","Correct"
"9",20,"7_8_stimuli","7_8","Incongruent","Incongruent","Congruent","Congruent",39.999646,40.199637,"8*",0.927723,"Correct","Correct","Correct","Correct"
"9",21,"1_2_stimuli","2_1","Incongruent","Incongruent","Incongruent","Congruent",41.999625,42.199608,"1!",0.76709,"Correct","Correct","Correct","Correct"
"9",22,"3_4_stimuli","3_3","Congruent","Incongruent","Incongruent","Incongruent",43.999596,44.199598,"3#",0.735786,"Correct","Correct","Correct","Correct"
"9",23,"5_6_stimuli","6_6","Congruent","Congruent","Incongruent","Incongruent",45.999583,46.199576,"7&",1.087526,"Error","Correct","Correct","Correct"
"9",24,"7_8_stimuli","7_7","Congruent","Congruent","Congruent","Incongruent",47.999575,48.199562,"7&",0.687457,"Correct","Error","Correct","Correct"
"9",25,"1_2_stimuli","1_2","Incongruent","Congruent","Congruent","Congruent",49.999547,50.19955,"2@",0.879613,"Correct","Correct","Error","Correct"
"9",26,"3_4_stimuli","4_3","Incongruent","Incongruent","Congruent","Congruent",51.999538,52.199536,"3#",0.671905,"Correct","Correct","Correct","Error"
"9",27,"5_6_stimuli","6_6","Congruent","Incongruent","Incongruent","Congruent",53.999509,54.199514,"6^",0.799534,"Correct","Correct","Correct","Correct"
"9",28,"7_8_stimuli","7_8","Incongruent","Congruent","Incongruent","Incongruent",55.999501,56.199495,"8*",1.183777,"Correct","Correct","Correct","Correct"
"9",29,"1_2_stimuli","2_1","Incongruent","Incongruent","Congruent","Incongruent",57.999484,58.199484,"1!",0.767946,"Correct","Correct","Correct","Correct"
"9",30,"3_4_stimuli","3_3","Congruent","Incongruent","Incongruent","Congruent",59.999462,60.199454,"4$",1.039682,"Error","Correct","Correct","Correct"
"9",31,"5_6_stimuli","6_5","Incongruent","Congruent","Incongruent","Incongruent",61.999453,62.199449,"5%",0.943935,"Correct","Error","Correct","Correct"
"9",32,"7_8_stimuli","8_8","Congruent","Incongruent","Congruent","Incongruent",63.999426,64.199419,"8*",0.735884,"Correct","Correct","Error","Correct"
"9",33,"1_2_stimuli","1_1","Congruent","Congruent","Incongruent","Congruent",65.999407,66.199413,"1!",0.592017,"Correct","Correct","Correct","Error"
"9",34,"3_4_stimuli","3_4","Incongruent","Congruent","Congruent","Incongruent",67.999397,68.199385,"4$",0.831607,"Correct","Correct","Correct","Correct"
"9",35,"5_6_stimuli","5_5","Congruent","Incongruent","Congruent","Congruent",69.999372,70.199374,"5%",1.071374,"Correct","Correct","Correct","Correct"
"9",36,"7_8_stimuli","7_8","Incongruent","Congruent","Incongruent","Congruent",71.999355,72.199349,"8*",0.815994,"Correct","Correct","Correct","Correct"
"9",37,"1_2_stimuli","2_2","Congruent","Incongruent","Congruent","Incongruent",73.999341,74.199337,"2@",0.879991,"Correct","Correct","Correct","Correct"
"9",38,"3_4_stimuli","4_3","Incongruent","Congruent","Incongruent","Congruent",75.999321,76.199328,"3#",1.087931,"Correct","Correct","Correct","Correct"
"9",39,"5_6_stimuli","5_6","Incongruent","Incongruent","Congruent","Incongruent",77.999305,78.1993,"6^",1.231436,"Correct","Correct","Correct","Correct"
"9",40,"7_8_stimuli","8_7","Incongruent","Incongruent","Incongruent","Congruent",79.999285,80.199291,"7&",0.831775,"Correct","Correct","Correct","Correct"
"9",41,"1_2_stimuli","2_2","Congruent","Incongruent","Incongruent","Incongruent",81.999268,82.199274,"2@",0.800264,"Correct","Correct","Correct","Correct"
"9",42,"3_4_stimuli","3_4","Incongruent","Congruent","Incongruent","Incongruent",83.999249,84.199251,"4$",0.991823,"Correct","Correct","Correct","Correct"
"9",43,"5_6_stimuli","5_5","Congruent","Incongruent","Congruent","Incongruent",85.999231,86.199241,"5%",0.751485,"Correct","Correct","Correct","Correct"
"9",44,"7_8_stimuli","8_8","Congruent","Congruent","Incongruent","Congruent",87.999222,88.199213,"8*",0.751446,"Correct","Correct","Correct","Correct"
"9",45,"1_2_stimuli","1_2","Incongruent","Congruent","Congruent","Incongruent",89.99921,90.199195,"2@",0.767482,"Correct","Correct","Correct","Correct"
"9",46,"3_4_stimuli","4_4","Congruent","Incongruent","Congruent","Congruent",91.999189,92.199192,"4$",0.800151,"Correct","Correct","Correct","Correct"
"9",47,"5_6_stimuli","6_6","Congruent","Congruent","Incongruent","Congruent",93.999162,94.199173,"5%",1.104001,"Error","Correct","Correct","Correct"
"9",48,"7_8_stimuli","7_8","Incongruent","Congruent","Congruent","Incongruent",95.999146,96.199155,"8*",0.688299,"Correct","Error","Correct","Correct"
"9",49,"1_2_stimuli","1_1","Congruent","Incongruent","Congruent","Congruent",97.999127,98.199133,"1!",0.608101,"Correct","Correct","Error","Correct"
"9",50,"3_4_stimuli","4_4","Congruent","Congruent","Incongruent","Congruent",99.999116,100.199116,"4$",0.831601,"Correct","Correct","Correct","Error"
"9",51,"5_6_stimuli","5_5","Congruent","Congruent","Congruent","Incongruent",101.999099,102.199104,"5%",0.768238,"Correct","Correct","Correct","Correct"
"9",52,"7_8_stimuli","8_7","Incongruent","Congruent","Congruent","Congruent",103.999081,104.199083,"7&",1.040391,"Correct","Correct","Correct","Correct"
"9",53,"1_2_stimuli","2_1","Incongruent","Incongruent","Congruent","Congruent",105.999069,106.19907,"1!",0.75166,"Correct","Correct","Correct","Correct"
"9",54,"3_4_stimuli","4_3","Incongruent","Incongruent","Incongruent","Congruent",107.999048,108.199043,"3#",1.088202,"Correct","Correct","Correct","Correct"
"9",55,"5_6_stimuli","5_5","Congruent","Incongruent","Incongruent","Incongruent",109.999028,110.199023,"5%",0.78375,"Correct","Correct","Correct","Correct"
"9",56,"7_8_stimuli","7_7","Congruent","Congruent","Incongruent","Incongruent",111.999019,112.199007,"8*",0.736232,"Error","Correct","Correct","Correct"
"9",57,"1_2_stimuli","1_1","Congruent","Congruent","Congruent","Incongruent",113.998998,114.19901,"1!",0.655715,"Correct","Error","Correct","Correct"
"9",58,"3_4_stimuli","3_4","Incongruent","Congruent","Congruent","Congruent",115.998976,116.198983,"4$",0.959993,"Correct","Correct","Error","Correct"
"9",59,"5_6_stimuli","6_5","Incongruent","Incongruent","Congruent","Congruent",117.998955,118.19896,"5%",0.88019,"Correct","Correct","Correct","Error"
"9",60,"7_8_stimuli","8_8","Congruent","Incongruent","Incongruent","Congruent",119.998948,120.198938,"7&",1.263751,"Error","Correct","Correct","Correct"
"9",61,"1_2_stimuli","1_1","Congruent","Congruent","Incongruent","Incongruent",121.998923,122.198929,"1!",0.70378,"Correct","Error","Correct","Correct"
"9",62,"3_4_stimuli","4_4","Congruent","Congruent","Congruent","Incongruent",123.998911,124.198911,"4$",0.799794,"Correct","Correct","Error","Correct"
"9",63,"5_6_stimuli","6_6","Congruent","Congruent","Congruent","Congruent",125.998894,126.198886,"6^",1.152188,"Correct","Correct","Correct","Error"
"9",64,"7_8_stimuli","7_7","Congruent","Congruent","Congruent","Congruent",127.998885,128.198872,"7&",0.767962,"Correct","Correct","Correct","Correct"
"9",65,"1_2_stimuli","2_2","Congruent","Congruent","Congruent","Congruent",129.998863,130.198858,"2@",1.072217,"Correct","Correct","Correct","Correct"
"9",66,"3_4_stimuli","3_3","Congruent","Congruent","Congruent","Congruent",131.99884,132.198839,"3#",0.81648,"Correct","Correct","Correct","Correct"
"9",67,"5_6_stimuli","5_6","Incongruent","Congruent","Congruent","Congruent",133.998826,134.198824,"5%",1.393218,"Error","Correct","Correct","Correct"
"9",68,"7_8_stimuli","7_7","Congruent","Incongruent","Congruent","Congruent",135.998806,136.198804,"7&",1.056193,"Correct","Error","Correct","Correct"
"10",1,"1_2_stimuli","2_2","Congruent",NA,NA,NA,1.999988,2.199974,"2@",1.061335,"Correct",NA,NA,NA
"10",2,"3_4_stimuli","3_4","Incongruent","Congruent",NA,NA,3.999963,4.199968,"4$",1.174032,"Correct","Correct",NA,NA
"10",3,"5_6_stimuli","6_6","Congruent","Incongruent","Congruent",NA,5.99995,6.199948,"6^",1.013837,"Correct","Correct","Correct",NA
"10",4,"7_8_stimuli","7_8","Incongruent","Congruent","Incongruent","Congruent",7.999927,8.199938,"8*",0.790075,"Correct","Correct","Correct","Correct"
"10",5,"1_2_stimuli","1_1","Congruent","Incongruent","Congruent","Incongruent",9.999923,10.199902,"1!",0.709951,"Correct","Correct","Correct","Correct"
"10",6,"3_4_stimuli","3_3","Congruent","Congruent","Incongruent","Congruent",11.999898,12.199899,"3#",1.15816,"Correct","Correct","Correct","Correct"
"10",7,"5_6_stimuli","6_5","Incongruent","Congruent","Congruent","Incongruent",13.999876,14.199887,"5%",1.318151,"Correct","Correct","Correct","Correct"
"10",8,"7_8_stimuli","8_8","Congruent","Incongruent","Congruent","Congruent",15.999864,16.199859,"8*",0.869491,"Correct","Correct","Correct","Correct"
"10",9,"1_2_stimuli","1_1","Congruent","Congruent","Incongruent","Congruent",17.999844,18.199845,"1!",0.469536,"Correct","Correct","Correct","Correct"
"10",10,"3_4_stimuli","4_4","Congruent","Congruent","Congruent","Incongruent",19.999833,20.199823,"4$",0.85376,"Correct","Correct","Correct","Correct"
"10",11,"5_6_stimuli","6_5","Incongruent","Congruent","Congruent","Congruent",21.999806,22.199805,"5%",0.885594,"Correct","Correct","Correct","Correct"
"10",12,"7_8_stimuli","7_8","Incongruent","Incongruent","Congruent","Congruent",23.999795,24.199792,"8*",0.710272,"Correct","Correct","Correct","Correct"
"10",13,"1_2_stimuli","2_2","Congruent","Incongruent","Incongruent","Congruent",25.999772,26.199782,"2@",0.854235,"Correct","Correct","Correct","Correct"
"10",14,"3_4_stimuli","4_3","Incongruent","Congruent","Incongruent","Incongruent",27.999762,28.199754,"3#",1.237578,"Correct","Correct","Correct","Correct"
"10",15,"5_6_stimuli","5_6","Incongruent","Incongruent","Congruent","Incongruent",29.999736,30.199742,"6^",0.870384,"Correct","Correct","Correct","Correct"
"10",16,"7_8_stimuli","7_8","Incongruent","Incongruent","Incongruent","Congruent",31.999723,32.199719,"8*",0.694258,"Correct","Correct","Correct","Correct"
"10",17,"1_2_stimuli","2_1","Incongruent","Incongruent","Incongruent","Incongruent",33.999713,34.199702,"1!",0.950365,"Correct","Correct","Correct","Correct"
"10",18,"3_4_stimuli","3_4","Incongruent","Incongruent","Incongruent","Incongruent",35.999698,36.199691,"4$",1.014202,"Correct","Correct","Correct","Correct"
"10",19,"5_6_stimuli","5_6","Incongruent","Incongruent","Incongruent","Incongruent",37.999665,38.199672,"6^",1.318197,"Correct","Correct","Correct","Correct"
"10",20,"7_8_stimuli","8_8","Congruent","Incongruent","Incongruent","Incongruent",39.999655,40.199662,"8*",0.854147,"Correct","Correct","Correct","Correct"
"10",21,"1_2_stimuli","2_2","Congruent","Congruent","Incongruent","Incongruent",41.999635,42.199645,"2@",0.85372,"Correct","Correct","Correct","Correct"
"10",22,"3_4_stimuli","3_4","Incongruent","Congruent","Congruent","Incongruent",43.999627,44.199616,"4$",0.789733,"Correct","Correct","Correct","Correct"
"10",23,"5_6_stimuli","6_5","Incongruent","Incongruent","Congruent","Congruent",45.9996,46.199606,"5%",0.918165,"Correct","Correct","Correct","Correct"
"10",24,"7_8_stimuli","8_8","Congruent","Incongruent","Incongruent","Congruent",47.999588,48.199588,"8*",0.725752,"Correct","Correct","Correct","Correct"
"10",25,"1_2_stimuli","1_2","Incongruent","Congruent","Incongruent","Incongruent",49.999573,50.199567,"2@",0.886476,"Correct","Correct","Correct","Correct"
"10",26,"3_4_stimuli","4_4","Congruent","Incongruent","Congruent","Incongruent",51.999553,52.199547,"4$",0.821733,"Correct","Correct","Correct","Correct"
"10",27,"5_6_stimuli","5_5","Congruent","Congruent","Incongruent","Congruent",53.999527,54.199534,"5%",0.773784,"Correct","Correct","Correct","Correct"
"10",28,"7_8_stimuli","7_8","Incongruent","Congruent","Congruent","Incongruent",55.999518,56.199518,"8*",0.726377,"Correct","Correct","Correct","Correct"
"10",29,"1_2_stimuli","1_1","Congruent","Incongruent","Congruent","Congruent",57.999501,58.199503,"1!",0.646483,"Correct","Correct","Correct","Correct"
"10",30,"3_4_stimuli","4_3","Incongruent","Congruent","Incongruent","Congruent",59.99948,60.199477,"3#",1.269832,"Correct","Correct","Correct","Correct"
"10",31,"5_6_stimuli","5_5","Congruent","Incongruent","Congruent","Incongruent",61.999462,62.199456,"5%",0.854245,"Correct","Correct","Correct","Correct"
"10",32,"7_8_stimuli","7_7","Congruent","Congruent","Incongruent","Congruent",63.999449,64.199441,"7&",0.742602,"Correct","Correct","Correct","Correct"
"10",33,"1_2_stimuli","2_1","Incongruent","Congruent","Congruent","Incongruent",65.999429,66.19943,"1!",0.678616,"Correct","Correct","Correct","Correct"
"10",34,"3_4_stimuli","3_4","Incongruent","Incongruent","Congruent","Congruent",67.999412,68.199409,"4$",0.885935,"Correct","Correct","Correct","Correct"
"10",35,"5_6_stimuli","6_6","Congruent","Incongruent","Incongruent","Congruent",69.999408,70.199399,"6^",0.789929,"Correct","Correct","Correct","Correct"
"10",36,"7_8_stimuli","8_7","Incongruent","Congruent","Incongruent","Incongruent",71.999377,72.199385,"7&",0.870571,"Correct","Correct","Correct","Correct"
"10",37,"1_2_stimuli","1_2","Incongruent","Incongruent","Congruent","Incongruent",73.999363,74.199367,"2@",0.790045,"Correct","Correct","Correct","Correct"
"10",38,"3_4_stimuli","3_3","Congruent","Incongruent","Incongruent","Congruent",75.999342,76.199345,"3#",0.998229,"Correct","Correct","Correct","Correct"
"10",39,"5_6_stimuli","5_6","Incongruent","Congruent","Incongruent","Incongruent",77.99934,78.199324,"6^",1.046752,"Correct","Correct","Correct","Correct"
"10",40,"7_8_stimuli","8_7","Incongruent","Incongruent","Congruent","Incongruent",79.999305,80.199311,"7&",0.518623,"Correct","Correct","Correct","Correct"
"10",41,"1_2_stimuli","1_2","Incongruent","Incongruent","Incongruent","Congruent",81.999292,82.199291,"2@",1.158021,"Correct","Correct","Correct","Correct"
"10",42,"3_4_stimuli","4_4","Congruent","Incongruent","Incongruent","Incongruent",83.999271,84.199273,"4$",0.838665,"Correct","Correct","Correct","Correct"
"10",43,"5_6_stimuli","5_5","Congruent","Congruent","Incongruent","Incongruent",85.999256,86.199253,"5%",0.886544,"Correct","Correct","Correct","Correct"
"10",44,"7_8_stimuli","7_7","Congruent","Congruent","Congruent","Incongruent",87.999239,88.19924,"7&",0.982137,"Correct","Correct","Correct","Correct"
"10",45,"1_2_stimuli","1_1","Congruent","Congruent","Congruent","Congruent",89.99922,90.199215,"1!",0.646699,"Correct","Correct","Correct","Correct"
"10",46,"3_4_stimuli","4_4","Congruent","Congruent","Congruent","Congruent",91.999205,92.199209,"4$",0.806601,"Correct","Correct","Correct","Correct"
"10",47,"5_6_stimuli","6_6","Congruent","Congruent","Congruent","Congruent",93.999185,94.199194,"6^",0.96614,"Correct","Correct","Correct","Correct"
"10",48,"7_8_stimuli","7_7","Congruent","Congruent","Congruent","Congruent",95.999168,96.199174,"7&",0.662133,"Correct","Correct","Correct","Correct"
"10",49,"1_2_stimuli","1_2","Incongruent","Congruent","Congruent","Congruent",97.999151,98.199158,"2@",0.839001,"Correct","Correct","Correct","Correct"
"10",50,"3_4_stimuli","3_3","Congruent","Incongruent","Congruent","Congruent",99.999136,100.199134,"3#",0.742092,"Correct","Correct","Correct","Correct"
"10",51,"5_6_stimuli","6_5","Incongruent","Congruent","Incongruent","Congruent",101.999114,102.19912,"5%",0.918745,"Correct","Correct","Correct","Correct"
"10",52,"7_8_stimuli","8_8","Congruent","Incongruent","Congruent","Incongruent",103.999103,104.199099,"8*",0.806846,"Correct","Correct","Correct","Correct"
"10",53,"1_2_stimuli","2_1","Incongruent","Congruent","Incongruent","Congruent",105.99908,106.199092,"1!",0.566364,"Correct","Correct","Correct","Correct"
"10",54,"3_4_stimuli","3_4","Incongruent","Incongruent","Congruent","Incongruent",107.999072,108.199066,"4$",0.79072,"Correct","Correct","Correct","Correct"
"10",55,"5_6_stimuli","5_6","Incongruent","Incongruent","Incongruent","Congruent",109.999055,110.199053,"6^",1.09443,"Correct","Correct","Correct","Correct"
"10",56,"7_8_stimuli","8_7","Incongruent","Incongruent","Incongruent","Incongruent",111.999033,112.199031,"7&",0.662856,"Correct","Correct","Correct","Correct"
"10",57,"1_2_stimuli","2_2","Congruent","Incongruent","Incongruent","Incongruent",113.999013,114.19901,"2@",0.742722,"Correct","Correct","Correct","Correct"
"10",58,"3_4_stimuli","3_3","Congruent","Congruent","Incongruent","Incongruent",115.999003,116.198997,"3#",0.726274,"Correct","Correct","Correct","Correct"
"10",59,"5_6_stimuli","5_5","Congruent","Congruent","Congruent","Incongruent",117.998983,118.198978,"5%",0.96693,"Correct","Correct","Correct","Correct"
"10",60,"7_8_stimuli","7_8","Incongruent","Congruent","Congruent","Congruent",119.998965,120.198963,"8*",0.758336,"Correct","Correct","Correct","Correct"
"10",61,"1_2_stimuli","2_1","Incongruent","Incongruent","Congruent","Congruent",121.998946,122.198949,"1!",0.694811,"Correct","Correct","Correct","Correct"
"10",62,"3_4_stimuli","4_3","Incongruent","Incongruent","Incongruent","Congruent",123.998932,124.19893,"3#",0.838353,"Correct","Correct","Correct","Correct"
"10",63,"5_6_stimuli","6_6","Congruent","Incongruent","Incongruent","Incongruent",125.998914,126.198921,"6^",1.094684,"Correct","Correct","Correct","Correct"
"10",64,"7_8_stimuli","7_7","Congruent","Congruent","Incongruent","Incongruent",127.998893,128.198898,"7&",0.471012,"Correct","Correct","Correct","Correct"
"10",65,"1_2_stimuli","2_2","Congruent","Congruent","Congruent","Incongruent",129.998877,130.198879,"2@",0.82282,"Correct","Correct","Correct","Correct"
"10",66,"3_4_stimuli","4_3","Incongruent","Congruent","Congruent","Congruent",131.998861,132.19886,"3#",0.759067,"Correct","Correct","Correct","Correct"
"10",67,"5_6_stimuli","6_6","Congruent","Incongruent","Congruent","Congruent",133.998845,134.19884,"6^",1.398415,"Correct","Correct","Correct","Correct"
"10",68,"7_8_stimuli","8_7","Incongruent","Congruent","Incongruent","Congruent",135.998828,136.198824,"7&",0.582907,"Correct","Correct","Correct","Correct"
"11",1,"1_2_stimuli","1_2","Incongruent",NA,NA,NA,1.999974,2.199973,"2@",1.044401,"Correct",NA,NA,NA
"11",2,"3_4_stimuli","3_3","Congruent","Incongruent",NA,NA,3.999951,4.199953,"3#",0.644321,"Correct","Correct",NA,NA
"11",3,"5_6_stimuli","6_6","Congruent","Congruent","Incongruent",NA,5.999938,6.199943,"6^",1.044432,"Correct","Correct","Correct",NA
"11",4,"7_8_stimuli","8_7","Incongruent","Congruent","Congruent","Incongruent",7.999912,8.199915,"7&",0.692287,"Correct","Correct","Correct","Correct"
"11",5,"1_2_stimuli","2_2","Congruent","Incongruent","Congruent","Congruent",9.999904,10.1999,"2@",0.70829,"Correct","Correct","Correct","Correct"
"11",6,"3_4_stimuli","4_3","Incongruent","Congruent","Incongruent","Congruent",11.999888,12.199884,"3#",0.643935,"Correct","Correct","Correct","Correct"
"11",7,"5_6_stimuli","6_5","Incongruent","Incongruent","Congruent","Incongruent",13.999876,14.199874,"5%",0.996691,"Correct","Correct","Correct","Correct"
"11",8,"7_8_stimuli","8_7","Incongruent","Incongruent","Incongruent","Congruent",15.999848,16.199855,"7&",1.219943,"Correct","Correct","Correct","Correct"
"11",9,"1_2_stimuli","1_1","Congruent","Incongruent","Incongruent","Incongruent",17.999832,18.199837,"1!",0.980056,"Correct","Correct","Correct","Correct"
"11",10,"3_4_stimuli","4_4","Congruent","Congruent","Incongruent","Incongruent",19.999825,20.199822,"4$",0.820593,"Correct","Correct","Correct","Correct"
"11",11,"5_6_stimuli","6_6","Congruent","Congruent","Congruent","Incongruent",21.999792,22.199791,"6^",1.092339,"Correct","Correct","Correct","Correct"
"11",12,"7_8_stimuli","7_7","Congruent","Congruent","Congruent","Congruent",23.999785,24.19979,"7&",0.580745,"Correct","Correct","Correct","Correct"
"11",13,"1_2_stimuli","2_2","Congruent","Congruent","Congruent","Congruent",25.999764,26.199755,"2@",0.804077,"Correct","Correct","Correct","Correct"
"11",14,"3_4_stimuli","3_3","Congruent","Congruent","Congruent","Congruent",27.999743,28.199751,"3#",0.724791,"Correct","Correct","Correct","Correct"
"11",15,"5_6_stimuli","5_6","Incongruent","Congruent","Congruent","Congruent",29.999725,30.199736,"6^",0.964195,"Correct","Correct","Correct","Correct"
"11",16,"7_8_stimuli","8_8","Congruent","Incongruent","Congruent","Congruent",31.999714,32.199711,"8*",0.692618,"Correct","Correct","Correct","Correct"
"11",17,"1_2_stimuli","2_2","Congruent","Congruent","Incongruent","Congruent",33.999703,34.199699,"2@",0.82013,"Correct","Correct","Correct","Correct"
"11",18,"3_4_stimuli","4_3","Incongruent","Congruent","Congruent","Incongruent",35.999688,36.199684,"3#",0.724756,"Correct","Correct","Correct","Correct"
"11",19,"5_6_stimuli","5_5","Congruent","Incongruent","Congruent","Congruent",37.999663,38.199666,"5%",1.07615,"Correct","Correct","Correct","Correct"
"11",20,"7_8_stimuli","8_7","Incongruent","Congruent","Incongruent","Congruent",39.999654,40.199639,"7&",1.396178,"Correct","Correct","Correct","Correct"
"11",21,"1_2_stimuli","1_2","Incongruent","Incongruent","Congruent","Incongruent",41.999626,42.199634,"2@",0.772766,"Correct","Correct","Correct","Correct"
"11",22,"3_4_stimuli","4_3","Incongruent","Incongruent","Incongruent","Congruent",43.999613,44.199612,"4$",1.188523,"Error","Correct","Correct","Correct"
"11",23,"5_6_stimuli","5_5","Congruent","Incongruent","Incongruent","Incongruent",45.9996,46.199586,"5%",0.868964,"Correct","Error","Correct","Correct"
"11",24,"7_8_stimuli","7_7","Congruent","Congruent","Incongruent","Incongruent",47.999576,48.199575,"7&",0.965022,"Correct","Correct","Error","Correct"
"11",25,"1_2_stimuli","1_2","Incongruent","Congruent","Congruent","Incongruent",49.999561,50.199564,"2@",0.868772,"Correct","Correct","Correct","Error"
"11",26,"3_4_stimuli","3_4","Incongruent","Incongruent","Congruent","Congruent",51.999548,52.199535,"4$",0.804825,"Correct","Correct","Correct","Correct"
"11",27,"5_6_stimuli","6_6","Congruent","Incongruent","Incongruent","Congruent",53.999527,54.199514,"6^",1.220279,"Correct","Correct","Correct","Correct"
"11",28,"7_8_stimuli","7_8","Incongruent","Congruent","Incongruent","Incongruent",55.9995,56.199507,"8*",0.772566,"Correct","Correct","Correct","Correct"
"11",29,"1_2_stimuli","2_2","Congruent","Incongruent","Congruent","Incongruent",57.999496,58.199485,"2@",0.724962,"Correct","Correct","Correct","Correct"
"11",30,"3_4_stimuli","4_4","Congruent","Congruent","Incongruent","Congruent",59.999465,60.199475,"4$",1.141094,"Correct","Correct","Correct","Correct"
"11",31,"5_6_stimuli","6_5","Incongruent","Congruent","Congruent","Incongruent",61.999463,62.199457,"5%",1.013061,"Correct","Correct","Correct","Correct"
"11",32,"7_8_stimuli","7_8","Incongruent","Incongruent","Congruent","Congruent",63.999442,64.199441,"8*",0.804382,"Correct","Correct","Correct","Correct"
"11",33,"1_2_stimuli","1_1","Congruent","Incongruent","Incongruent","Congruent",65.999438,66.199413,"1!",0.725082,"Correct","Correct","Correct","Correct"
"11",34,"3_4_stimuli","3_4","Incongruent","Congruent","Incongruent","Incongruent",67.999399,68.199401,"4$",0.852482,"Correct","Correct","Correct","Correct"
"11",35,"5_6_stimuli","6_6","Congruent","Incongruent","Congruent","Incongruent",69.999386,70.199383,"5%",0.772383,"Error","Correct","Correct","Correct"
"11",36,"7_8_stimuli","7_7","Congruent","Congruent","Incongruent","Congruent",71.999365,72.199368,"7&",0.772466,"Correct","Error","Correct","Correct"
"11",37,"1_2_stimuli","1_1","Congruent","Congruent","Congruent","Incongruent",73.999357,74.199342,"1!",0.692446,"Correct","Correct","Error","Correct"
"11",38,"3_4_stimuli","3_4","Incongruent","Congruent","Congruent","Congruent",75.999331,76.199336,"4$",0.932668,"Correct","Correct","Correct","Error"
"11",39,"5_6_stimuli","5_6","Incongruent","Incongruent","Congruent","Congruent",77.999323,78.199336,"6^",1.157187,"Correct","Correct","Correct","Correct"
"11",40,"7_8_stimuli","8_8","Congruent","Incongruent","Incongruent","Congruent",79.999312,80.199292,"8*",0.932991,"Correct","Correct","Correct","Correct"
"11",41,"1_2_stimuli","2_1","Incongruent","Congruent","Incongruent","Incongruent",81.99928,82.199286,"1!",1.092964,"Correct","Correct","Correct","Correct"
"11",42,"3_4_stimuli","4_3","Incongruent","Incongruent","Congruent","Incongruent",83.999267,84.199269,"4$",0.980544,"Error","Correct","Correct","Correct"
"11",43,"5_6_stimuli","6_5","Incongruent","Incongruent","Incongruent","Congruent",85.999251,86.199239,"5%",0.820772,"Correct","Error","Correct","Correct"
"11",44,"7_8_stimuli","7_8","Incongruent","Incongruent","Incongruent","Incongruent",87.999226,88.199223,"8*",1.093167,"Correct","Correct","Error","Correct"
"11",45,"1_2_stimuli","2_1","Incongruent","Incongruent","Incongruent","Incongruent",89.999217,90.199208,"1!",0.741203,"Correct","Correct","Correct","Error"
"11",46,"3_4_stimuli","3_4","Incongruent","Incongruent","Incongruent","Incongruent",91.999193,92.19919,"4$",0.772619,"Correct","Correct","Correct","Correct"
"11",47,"5_6_stimuli","5_6","Incongruent","Incongruent","Incongruent","Incongruent",93.999181,94.199175,"6^",1.157055,"Correct","Correct","Correct","Correct"
"11",48,"7_8_stimuli","7_7","Congruent","Incongruent","Incongruent","Incongruent",95.999163,96.199154,"7&",0.868664,"Correct","Correct","Correct","Correct"
"11",49,"1_2_stimuli","1_1","Congruent","Congruent","Incongruent","Incongruent",97.999143,98.199137,"1!",0.628983,"Correct","Correct","Correct","Correct"
"11",50,"3_4_stimuli","3_3","Congruent","Congruent","Congruent","Incongruent",99.999133,100.199126,"3#",0.981285,"Correct","Correct","Correct","Correct"
"11",51,"5_6_stimuli","5_5","Congruent","Congruent","Congruent","Congruent",101.999115,102.199121,"5%",1.124659,"Correct","Correct","Correct","Correct"
"11",52,"7_8_stimuli","7_8","Incongruent","Congruent","Congruent","Congruent",103.999096,104.199098,"8*",0.757119,"Correct","Correct","Correct","Correct"
"11",53,"1_2_stimuli","2_1","Incongruent","Incongruent","Congruent","Congruent",105.999078,106.199081,"1!",0.660698,"Correct","Correct","Correct","Correct"
"11",54,"3_4_stimuli","3_3","Congruent","Incongruent","Incongruent","Congruent",107.999059,108.199059,"3#",0.725117,"Correct","Correct","Correct","Correct"
"11",55,"5_6_stimuli","6_5","Incongruent","Congruent","Incongruent","Incongruent",109.999048,110.199038,"6^",0.725462,"Error","Correct","Correct","Correct"
"11",56,"7_8_stimuli","8_8","Congruent","Incongruent","Congruent","Incongruent",111.99903,112.199026,"8*",0.724748,"Correct","Error","Correct","Correct"
"11",57,"1_2_stimuli","1_2","Incongruent","Congruent","Incongruent","Congruent",113.999007,114.199002,"2@",0.901033,"Correct","Correct","Error","Correct"
"11",58,"3_4_stimuli","4_4","Congruent","Incongruent","Congruent","Incongruent",115.998998,116.198982,"4$",1.461225,"Correct","Correct","Correct","Error"
"11",59,"5_6_stimuli","6_6","Congruent","Congruent","Incongruent","Congruent",117.998971,118.198974,"6^",1.253469,"Correct","Correct","Correct","Correct"
"11",60,"7_8_stimuli","8_8","Congruent","Congruent","Congruent","Incongruent",119.998956,120.198959,"8*",0.677307,"Correct","Correct","Correct","Correct"
"11",61,"1_2_stimuli","1_2","Incongruent","Congruent","Congruent","Congruent",121.998934,122.19894,"2@",0.981515,"Correct","Correct","Correct","Correct"
"11",62,"3_4_stimuli","4_4","Congruent","Incongruent","Congruent","Congruent",123.998916,124.198926,"4$",0.917329,"Correct","Correct","Correct","Correct"
"11",63,"5_6_stimuli","5_6","Incongruent","Congruent","Incongruent","Congruent",125.998906,126.198903,"5%",1.429505,"Error","Correct","Correct","Correct"
"11",64,"7_8_stimuli","8_7","Incongruent","Incongruent","Congruent","Incongruent",127.998889,128.19888,"7&",0.82171,"Correct","Error","Correct","Correct"
"11",65,"1_2_stimuli","2_1","Incongruent","Incongruent","Incongruent","Congruent",129.998877,130.198877,"1!",0.820847,"Correct","Correct","Error","Correct"
"11",66,"3_4_stimuli","3_3","Congruent","Incongruent","Incongruent","Incongruent",131.998853,132.198849,"3#",1.01291,"Correct","Correct","Correct","Error"
"11",67,"5_6_stimuli","5_5","Congruent","Congruent","Incongruent","Incongruent",133.998837,134.198834,"5%",1.269699,"Correct","Correct","Correct","Correct"
"11",68,"7_8_stimuli","8_7","Incongruent","Congruent","Congruent","Incongruent",135.998825,136.198814,"7&",0.757228,"Correct","Correct","Correct","Correct"
"12",1,"1_2_stimuli","2_1","Incongruent",NA,NA,NA,1.999973,2.199985,"1!",0.945669,"Correct",NA,NA,NA
"12",2,"3_4_stimuli","4_3","Incongruent","Incongruent",NA,NA,3.999963,4.199959,"3#",0.92979,"Correct","Correct",NA,NA
"12",3,"5_6_stimuli","5_5","Congruent","Incongruent","Incongruent",NA,5.999939,6.199943,"5%",0.945077,"Correct","Correct","Correct",NA
"12",4,"7_8_stimuli","8_7","Incongruent","Congruent","Incongruent","Incongruent",7.999921,8.199925,"7&",0.801207,"Correct","Correct","Correct","Correct"
"12",5,"1_2_stimuli","1_2","Incongruent","Incongruent","Congruent","Incongruent",9.999913,10.199915,"2@",0.977904,"Correct","Correct","Correct","Correct"
"12",6,"3_4_stimuli","3_4","Incongruent","Incongruent","Incongruent","Congruent",11.999891,12.199901,"4$",0.7532,"Correct","Correct","Correct","Correct"
"12",7,"5_6_stimuli","6_5","Incongruent","Incongruent","Incongruent","Incongruent",13.999876,14.199878,"5%",0.545178,"Correct","Correct","Correct","Correct"
"12",8,"7_8_stimuli","8_8","Congruent","Incongruent","Incongruent","Incongruent",15.99986,16.199857,"8*",0.834031,"Correct","Correct","Correct","Correct"
"12",9,"1_2_stimuli","2_2","Congruent","Congruent","Incongruent","Incongruent",17.999844,18.199848,"2@",0.753775,"Correct","Correct","Correct","Correct"
"12",10,"3_4_stimuli","4_4","Congruent","Congruent","Congruent","Incongruent",19.99983,20.199827,"4$",0.785676,"Correct","Correct","Correct","Correct"
"12",11,"5_6_stimuli","6_5","Incongruent","Congruent","Congruent","Congruent",21.999809,22.199818,"5%",0.68925,"Correct","Correct","Correct","Correct"
"12",12,"7_8_stimuli","8_7","Incongruent","Incongruent","Congruent","Congruent",23.999789,24.1998,"7&",0.593903,"Correct","Correct","Correct","Correct"
"12",13,"1_2_stimuli","1_1","Congruent","Incongruent","Incongruent","Congruent",25.999784,26.199774,"1!",0.833318,"Correct","Correct","Correct","Correct"
"12",14,"3_4_stimuli","3_3","Congruent","Congruent","Incongruent","Incongruent",27.999765,28.199765,"3#",0.689773,"Correct","Correct","Correct","Correct"
"12",15,"5_6_stimuli","5_6","Incongruent","Congruent","Congruent","Incongruent",29.999747,30.199747,"6^",1.121994,"Correct","Correct","Correct","Correct"
"12",16,"7_8_stimuli","7_7","Congruent","Incongruent","Congruent","Congruent",31.999721,32.199719,"7&",0.578063,"Correct","Correct","Correct","Correct"
"12",17,"1_2_stimuli","2_2","Congruent","Congruent","Incongruent","Congruent",33.999708,34.199708,"2@",0.817692,"Correct","Correct","Correct","Correct"
"12",18,"3_4_stimuli","4_3","Incongruent","Congruent","Congruent","Incongruent",35.999688,36.199681,"3#",0.434021,"Correct","Correct","Correct","Correct"
"12",19,"5_6_stimuli","5_5","Congruent","Incongruent","Congruent","Congruent",37.999679,38.199673,"5%",0.817898,"Correct","Correct","Correct","Correct"
"12",20,"7_8_stimuli","8_7","Incongruent","Congruent","Incongruent","Congruent",39.999651,40.199656,"7&",0.64129,"Correct","Correct","Correct","Correct"
"12",21,"1_2_stimuli","1_1","Congruent","Incongruent","Congruent","Incongruent",41.999639,42.199648,"1!",0.64139,"Correct","Correct","Correct","Correct"
"12",22,"3_4_stimuli","4_4","Congruent","Congruent","Incongruent","Congruent",43.999619,44.199622,"4$",0.785465,"Correct","Correct","Correct","Correct"
"12",23,"5_6_stimuli","6_6","Congruent","Congruent","Congruent","Incongruent",45.999608,46.199607,"6^",0.912955,"Correct","Correct","Correct","Correct"
"12",24,"7_8_stimuli","7_7","Congruent","Congruent","Congruent","Congruent",47.99959,48.199585,"7&",0.465803,"Correct","Correct","Correct","Correct"
"12",25,"1_2_stimuli","2_1","Incongruent","Congruent","Congruent","Congruent",49.999573,50.199568,"1!",0.770131,"Correct","Correct","Correct","Correct"
"12",26,"3_4_stimuli","4_3","Incongruent","Incongruent","Congruent","Congruent",51.999554,52.199557,"3#",0.945466,"Correct","Correct","Correct","Correct"
"12",27,"5_6_stimuli","5_5","Congruent","Incongruent","Incongruent","Congruent",53.999541,54.199541,"5%",1.185461,"Correct","Correct","Correct","Correct"
"12",28,"7_8_stimuli","8_8","Congruent","Congruent","Incongruent","Incongruent",55.99952,56.199522,"8*",0.68999,"Correct","Correct","Correct","Correct"
"12",29,"1_2_stimuli","2_1","Incongruent","Congruent","Congruent","Incongruent",57.999499,58.199507,"1!",0.673564,"Correct","Correct","Correct","Correct"
"12",30,"3_4_stimuli","3_3","Congruent","Incongruent","Congruent","Congruent",59.999479,60.199486,"3#",0.753598,"Correct","Correct","Correct","Correct"
"12",31,"5_6_stimuli","6_6","Congruent","Congruent","Incongruent","Congruent",61.999477,62.199467,"6^",0.785554,"Correct","Correct","Correct","Correct"
"12",32,"7_8_stimuli","8_8","Congruent","Congruent","Congruent","Incongruent",63.999451,64.199448,"8*",0.68959,"Correct","Correct","Correct","Correct"
"12",33,"1_2_stimuli","2_2","Congruent","Congruent","Congruent","Congruent",65.999429,66.199431,"2@",0.754089,"Correct","Correct","Correct","Correct"
"12",34,"3_4_stimuli","3_4","Incongruent","Congruent","Congruent","Congruent",67.999417,68.199413,"4$",0.834096,"Correct","Correct","Correct","Correct"
"12",35,"5_6_stimuli","6_5","Incongruent","Incongruent","Congruent","Congruent",69.999398,70.199405,"5%",0.722029,"Correct","Correct","Correct","Correct"
"12",36,"7_8_stimuli","8_8","Congruent","Incongruent","Incongruent","Congruent",71.999381,72.199373,"8*",0.641631,"Correct","Correct","Correct","Correct"
"12",37,"1_2_stimuli","2_1","Incongruent","Congruent","Incongruent","Incongruent",73.999366,74.19936,"1!",0.722126,"Correct","Correct","Correct","Correct"
"12",38,"3_4_stimuli","3_3","Congruent","Incongruent","Congruent","Incongruent",75.999341,76.199356,"3#",0.88214,"Correct","Correct","Correct","Correct"
"12",39,"5_6_stimuli","6_5","Incongruent","Congruent","Incongruent","Congruent",77.999325,78.19932,"5%",0.850005,"Correct","Correct","Correct","Correct"
"12",40,"7_8_stimuli","7_7","Congruent","Incongruent","Congruent","Incongruent",79.999307,80.199309,"7&",0.865647,"Correct","Correct","Correct","Correct"
"12",41,"1_2_stimuli","2_1","Incongruent","Congruent","Incongruent","Congruent",81.999287,82.199297,"1!",0.769791,"Correct","Correct","Correct","Correct"
"12",42,"3_4_stimuli","4_3","Incongruent","Incongruent","Congruent","Incongruent",83.999276,84.199286,"3#",1.010149,"Correct","Correct","Correct","Correct"
"12",43,"5_6_stimuli","5_6","Incongruent","Incongruent","Incongruent","Congruent",85.999261,86.199254,"6^",0.930075,"Correct","Correct","Correct","Correct"
"12",44,"7_8_stimuli","8_7","Incongruent","Incongruent","Incongruent","Incongruent",87.999245,88.199238,"7&",0.721829,"Correct","Correct","Correct","Correct"
"12",45,"1_2_stimuli","1_1","Congruent","Incongruent","Incongruent","Incongruent",89.999225,90.199223,"1!",0.59379,"Correct","Correct","Correct","Correct"
"12",46,"3_4_stimuli","4_3","Incongruent","Congruent","Incongruent","Incongruent",91.999201,92.199203,"4$",0.786128,"Error","Correct","Correct","Correct"
"12",47,"5_6_stimuli","5_6","Incongruent","Incongruent","Congruent","Incongruent",93.999194,94.199183,"6^",0.898288,"Correct","Error","Correct","Correct"
"12",48,"7_8_stimuli","7_8","Incongruent","Incongruent","Incongruent","Congruent",95.999172,96.199174,"8*",0.738466,"Correct","Correct","Error","Correct"
"12",49,"1_2_stimuli","1_2","Incongruent","Incongruent","Incongruent","Incongruent",97.999162,98.19915,"2@",0.850396,"Correct","Correct","Correct","Error"
"12",50,"3_4_stimuli","4_4","Congruent","Incongruent","Incongruent","Incongruent",99.999136,100.199142,"4$",1.041927,"Correct","Correct","Correct","Correct"
"12",51,"5_6_stimuli","5_5","Congruent","Congruent","Incongruent","Incongruent",101.999118,102.199116,"5%",0.866194,"Correct","Correct","Correct","Correct"
"12",52,"7_8_stimuli","8_7","Incongruent","Congruent","Congruent","Incongruent",103.999098,104.199102,"7&",1.3945,"Correct","Correct","Correct","Correct"
"12",53,"1_2_stimuli","1_1","Congruent","Incongruent","Congruent","Congruent",105.999087,106.199086,"1!",0.658599,"Correct","Correct","Correct","Correct"
"12",54,"3_4_stimuli","3_4","Incongruent","Congruent","Incongruent","Congruent",107.999093,108.199073,"4$",1.169908,"Correct","Correct","Correct","Correct"
"12",55,"5_6_stimuli","5_5","Congruent","Incongruent","Congruent","Incongruent",109.999047,110.199048,"5%",0.994017,"Correct","Correct","Correct","Correct"
"12",56,"7_8_stimuli","7_7","Congruent","Congruent","Incongruent","Congruent",111.999034,112.199028,"7&",0.89847,"Correct","Correct","Correct","Correct"
"12",57,"1_2_stimuli","2_2","Congruent","Congruent","Congruent","Incongruent",113.999024,114.199014,"2@",0.818681,"Correct","Correct","Correct","Correct"
"12",58,"3_4_stimuli","3_3","Congruent","Congruent","Congruent","Congruent",115.998996,116.199,"3#",0.690714,"Correct","Correct","Correct","Correct"
"12",59,"5_6_stimuli","6_6","Congruent","Congruent","Congruent","Congruent",117.998988,118.198975,"6^",0.866013,"Correct","Correct","Correct","Correct"
"12",60,"7_8_stimuli","7_8","Incongruent","Congruent","Congruent","Congruent",119.99896,120.19897,"8*",0.914053,"Correct","Correct","Correct","Correct"
"12",61,"1_2_stimuli","1_2","Incongruent","Incongruent","Congruent","Congruent",121.998943,122.198945,"2@",0.802583,"Correct","Correct","Correct","Correct"
"12",62,"3_4_stimuli","4_4","Congruent","Incongruent","Incongruent","Congruent",123.998931,124.198932,"4$",0.78658,"Correct","Correct","Correct","Correct"
"12",63,"5_6_stimuli","5_6","Incongruent","Congruent","Incongruent","Incongruent",125.998919,126.198918,"6^",0.786391,"Correct","Correct","Correct","Correct"
"12",64,"7_8_stimuli","7_8","Incongruent","Incongruent","Congruent","Incongruent",127.998907,128.198893,"8*",1.026136,"Correct","Correct","Correct","Correct"
"12",65,"1_2_stimuli","1_2","Incongruent","Incongruent","Incongruent","Congruent",129.998879,130.198877,"2@",0.722905,"Correct","Correct","Correct","Correct"
"12",66,"3_4_stimuli","3_4","Incongruent","Incongruent","Incongruent","Incongruent",131.998862,132.198869,"4$",0.754729,"Correct","Correct","Correct","Correct"
"12",67,"5_6_stimuli","6_6","Congruent","Incongruent","Incongruent","Incongruent",133.99884,134.198846,"6^",1.170579,"Correct","Correct","Correct","Correct"
"12",68,"7_8_stimuli","7_8","Incongruent","Congruent","Incongruent","Incongruent",135.998829,136.198828,"8*",0.898543,"Correct","Correct","Correct","Correct"
"13",1,"1_2_stimuli","1_2","Incongruent",NA,NA,NA,1.999988,2.199989,"2@",0.887604,"Correct",NA,NA,NA
"13",2,"3_4_stimuli","4_3","Incongruent","Incongruent",NA,NA,3.999968,4.199964,"3#",0.759929,"Correct","Correct",NA,NA
"13",3,"5_6_stimuli","6_5","Incongruent","Incongruent","Incongruent",NA,5.999942,6.199944,"6^",0.743551,"Error","Correct","Correct",NA
"13",4,"7_8_stimuli","7_8","Incongruent","Incongruent","Incongruent","Incongruent",7.999932,8.199926,"8*",0.760296,"Correct","Error","Correct","Correct"
"13",5,"1_2_stimuli","1_2","Incongruent","Incongruent","Incongruent","Incongruent",9.99991,10.199915,"2@",0.759856,"Correct","Correct","Error","Correct"
"13",6,"3_4_stimuli","3_3","Congruent","Incongruent","Incongruent","Incongruent",11.999897,12.199895,"3#",0.808458,"Correct","Correct","Correct","Error"
"13",7,"5_6_stimuli","6_6","Congruent","Congruent","Incongruent","Incongruent",13.999874,14.199883,"6^",1.015731,"Correct","Correct","Correct","Correct"
"13",8,"7_8_stimuli","8_8","Congruent","Congruent","Congruent","Incongruent",15.999865,16.199864,"8*",0.744185,"Correct","Correct","Correct","Correct"
"13",9,"1_2_stimuli","2_2","Congruent","Congruent","Congruent","Congruent",17.99985,18.199855,"2@",0.583919,"Correct","Correct","Correct","Correct"
"13",10,"3_4_stimuli","4_4","Congruent","Congruent","Congruent","Congruent",19.999836,20.199832,"5%",0.951798,"Error","Correct","Correct","Correct"
"13",11,"5_6_stimuli","6_6","Congruent","Congruent","Congruent","Congruent",21.999819,22.199814,"6^",0.888529,"Correct","Error","Correct","Correct"
"13",12,"7_8_stimuli","7_7","Congruent","Congruent","Congruent","Congruent",23.999798,24.199804,"7&",0.792626,"Correct","Correct","Error","Correct"
"13",13,"1_2_stimuli","1_2","Incongruent","Congruent","Congruent","Congruent",25.999788,26.199774,"2@",0.712257,"Correct","Correct","Correct","Error"
"13",14,"3_4_stimuli","3_4","Incongruent","Incongruent","Congruent","Congruent",27.999762,28.19977,"4$",0.936225,"Correct","Correct","Correct","Correct"
"13",15,"5_6_stimuli","5_6","Incongruent","Incongruent","Incongruent","Congruent",29.999746,30.199752,"6^",0.727776,"Correct","Correct","Correct","Correct"
"13",16,"7_8_stimuli","7_8","Incongruent","Incongruent","Incongruent","Incongruent",31.999719,32.199726,"8*",0.887913,"Correct","Correct","Correct","Correct"
"13",17,"1_2_stimuli","2_2","Congruent","Incongruent","Incongruent","Incongruent",33.999715,34.199715,"2@",0.728005,"Correct","Correct","Correct","Correct"
"13",18,"3_4_stimuli","4_4","Congruent","Congruent","Incongruent","Incongruent",35.999701,36.199682,"4$",0.984603,"Correct","Correct","Correct","Correct"
"13",19,"5_6_stimuli","5_6","Incongruent","Congruent","Congruent","Incongruent",37.99967,38.199673,"6^",0.904388,"Correct","Correct","Correct","Correct"
"13",20,"7_8_stimuli","8_7","Incongruent","Incongruent","Congruent","Congruent",39.99966,40.19965,"7&",1.032549,"Correct","Correct","Correct","Correct"
"13",21,"1_2_stimuli","2_1","Incongruent","Incongruent","Incongruent","Congruent",41.999643,42.199631,"2@",0.600411,"Error","Correct","Correct","Correct"
"13",22,"3_4_stimuli","4_3","Incongruent","Incongruent","Incongruent","Incongruent",43.999616,44.199625,"Omission",5000,"Omission","Error","Correct","Correct"
"13",23,"5_6_stimuli","5_5","Congruent","Incongruent","Incongruent","Incongruent",45.999611,46.199605,"5%",1.128397,"Correct","Omission","Error","Correct"
"13",24,"7_8_stimuli","8_7","Incongruent","Congruent","Incongruent","Incongruent",47.999586,48.199589,"7&",0.840186,"Correct","Correct","Omission","Error"
"13",25,"1_2_stimuli","2_2","Congruent","Incongruent","Congruent","Incongruent",49.999578,50.19958,"2@",0.824039,"Correct","Correct","Correct","Omission"
"13",26,"3_4_stimuli","3_3","Congruent","Congruent","Incongruent","Congruent",51.999555,52.199562,"3#",1.35273,"Correct","Correct","Correct","Correct"
"13",27,"5_6_stimuli","6_6","Congruent","Congruent","Congruent","Incongruent",53.999543,54.199535,"Omission",5000,"Omission","Correct","Correct","Correct"
"13",28,"7_8_stimuli","7_8","Incongruent","Congruent","Congruent","Congruent",55.999516,56.199523,"8*",0.74405,"Correct","Omission","Correct","Correct"
"13",29,"1_2_stimuli","1_1","Congruent","Incongruent","Congruent","Congruent",57.99951,58.199498,"1!",0.664037,"Correct","Correct","Omission","Correct"
"13",30,"3_4_stimuli","4_3","Incongruent","Congruent","Incongruent","Congruent",59.999496,60.199489,"4$",1.000324,"Error","Correct","Correct","Omission"
"13",31,"5_6_stimuli","5_5","Congruent","Incongruent","Congruent","Incongruent",61.999479,62.199465,"6^",0.712733,"Error","Error","Correct","Correct"
"13",32,"7_8_stimuli","8_7","Incongruent","Congruent","Incongruent","Congruent",63.999448,64.199453,"7&",0.840902,"Correct","Error","Error","Correct"
"13",33,"1_2_stimuli","2_1","Incongruent","Incongruent","Congruent","Incongruent",65.999433,66.19944,"1!",1.464544,"Correct","Correct","Error","Error"
"13",34,"3_4_stimuli","3_3","Congruent","Incongruent","Incongruent","Congruent",67.99942,68.199416,"4$",0.984515,"Error","Correct","Correct","Error"
"13",35,"5_6_stimuli","6_5","Incongruent","Congruent","Incongruent","Incongruent",69.9994,70.199397,"5%",1.016083,"Correct","Error","Correct","Correct"
"13",36,"7_8_stimuli","7_7","Congruent","Incongruent","Congruent","Incongruent",71.999378,72.199384,"7&",0.952815,"Correct","Correct","Error","Correct"
"13",37,"1_2_stimuli","2_1","Incongruent","Congruent","Incongruent","Congruent",73.999361,74.199368,"Omission",5000,"Omission","Correct","Correct","Error"
"13",38,"3_4_stimuli","3_3","Congruent","Incongruent","Congruent","Incongruent",75.999354,76.199353,"3#",1.336516,"Correct","Omission","Correct","Correct"
"13",39,"5_6_stimuli","6_6","Congruent","Congruent","Incongruent","Congruent",77.999336,78.199325,"Omission",5000,"Omission","Correct","Omission","Correct"
"13",40,"7_8_stimuli","7_8","Incongruent","Congruent","Congruent","Incongruent",79.999312,80.199317,"8*",1.048722,"Correct","Omission","Correct","Omission"
"13",41,"1_2_stimuli","1_2","Incongruent","Incongruent","Congruent","Congruent",81.999297,82.199291,"2@",0.904488,"Correct","Correct","Omission","Correct"
"13",42,"3_4_stimuli","4_3","Incongruent","Incongruent","Incongruent","Congruent",83.999283,84.199274,"4$",1.11283,"Error","Correct","Correct","Omission"
"13",43,"5_6_stimuli","5_6","Incongruent","Incongruent","Incongruent","Incongruent",85.999268,86.199255,"6^",1.240726,"Correct","Error","Correct","Correct"
"13",44,"7_8_stimuli","8_8","Congruent","Incongruent","Incongruent","Incongruent",87.999247,88.199239,"8*",0.888669,"Correct","Correct","Error","Correct"
"13",45,"1_2_stimuli","1_2","Incongruent","Congruent","Incongruent","Incongruent",89.999228,90.199221,"2@",0.840289,"Correct","Correct","Correct","Error"
"13",46,"3_4_stimuli","3_4","Incongruent","Incongruent","Congruent","Incongruent",91.999205,92.199206,"4$",0.856399,"Correct","Correct","Correct","Correct"
"13",47,"5_6_stimuli","5_5","Congruent","Incongruent","Incongruent","Congruent",93.999191,94.199194,"5%",0.712374,"Correct","Correct","Correct","Correct"
"13",48,"7_8_stimuli","8_8","Congruent","Congruent","Incongruent","Incongruent",95.999174,96.199186,"8*",0.664923,"Correct","Correct","Correct","Correct"
"13",49,"1_2_stimuli","1_1","Congruent","Congruent","Congruent","Incongruent",97.99916,98.199156,"1!",0.632373,"Correct","Correct","Correct","Correct"
"13",50,"3_4_stimuli","3_4","Incongruent","Congruent","Congruent","Congruent",99.999148,100.199142,"4$",0.85641,"Correct","Correct","Correct","Correct"
"13",51,"5_6_stimuli","5_6","Incongruent","Incongruent","Congruent","Congruent",101.999129,102.199117,"6^",1.192722,"Correct","Correct","Correct","Correct"
"13",52,"7_8_stimuli","7_7","Congruent","Incongruent","Incongruent","Congruent",103.999105,104.199111,"7&",0.552996,"Correct","Correct","Correct","Correct"
"13",53,"1_2_stimuli","1_1","Congruent","Congruent","Incongruent","Incongruent",105.999092,106.199087,"1!",0.760433,"Correct","Correct","Correct","Correct"
"13",54,"3_4_stimuli","4_4","Congruent","Congruent","Congruent","Incongruent",107.999074,108.199069,"4$",0.77647,"Correct","Correct","Correct","Correct"
"13",55,"5_6_stimuli","6_5","Incongruent","Congruent","Congruent","Congruent",109.999062,110.199059,"5%",1.145163,"Correct","Correct","Correct","Correct"
"13",56,"7_8_stimuli","7_7","Congruent","Incongruent","Congruent","Congruent",111.999035,112.199034,"8*",0.840926,"Error","Correct","Correct","Correct"
"13",57,"1_2_stimuli","1_1","Congruent","Congruent","Incongruent","Congruent",113.999021,114.199015,"1!",0.616916,"Correct","Error","Correct","Correct"
"13",58,"3_4_stimuli","3_4","Incongruent","Congruent","Congruent","Incongruent",115.999011,116.198997,"4$",1.113109,"Correct","Correct","Error","Correct"
"13",59,"5_6_stimuli","5_5","Congruent","Incongruent","Congruent","Congruent",117.998989,118.198991,"5%",0.920533,"Correct","Correct","Correct","Error"
"13",60,"7_8_stimuli","8_8","Congruent","Congruent","Incongruent","Congruent",119.998967,120.198975,"8*",0.74499,"Correct","Correct","Correct","Correct"
"13",61,"1_2_stimuli","2_1","Incongruent","Congruent","Congruent","Incongruent",121.998953,122.198956,"1!",0.648742,"Correct","Correct","Correct","Correct"
"13",62,"3_4_stimuli","4_4","Congruent","Incongruent","Congruent","Congruent",123.998934,124.198935,"4$",0.937037,"Correct","Correct","Correct","Correct"
"13",63,"5_6_stimuli","6_5","Incongruent","Congruent","Incongruent","Congruent",125.998919,126.198916,"5%",1.496611,"Correct","Correct","Correct","Correct"
"13",64,"7_8_stimuli","8_7","Incongruent","Incongruent","Congruent","Incongruent",127.998895,128.198894,"7&",0.984604,"Correct","Correct","Correct","Correct"
"13",65,"1_2_stimuli","2_2","Congruent","Incongruent","Incongruent","Congruent",129.998883,130.198876,"2@",1.016629,"Correct","Correct","Correct","Correct"
"13",66,"3_4_stimuli","4_3","Incongruent","Congruent","Incongruent","Incongruent",131.998866,132.198872,"3#",0.745114,"Correct","Correct","Correct","Correct"
"13",67,"5_6_stimuli","6_5","Incongruent","Incongruent","Congruent","Incongruent",133.998848,134.198862,"5%",0.792663,"Correct","Correct","Correct","Correct"
"13",68,"7_8_stimuli","7_8","Incongruent","Incongruent","Incongruent","Congruent",135.998834,136.198828,"8*",0.744667,"Correct","Correct","Correct","Correct"
