"Run.Number","Trial.Number","Task","Stimulus","Current.Trial.Type","Previous.Trial.Type","Previous.Trial.Type.N2","Previous.Trial.Type.N3","StimulusOnsetTime","StimulusOffsetTime","Response","RT","Accuracy","PreviousAccuracy","PreviousAccuracy.N2","Previous.Accuracy.N3"
"practice",1,"1_2_stimuli","2_2","Congruent",NA,NA,NA,1.999977,2.199983,"2@",1.033994,"Correct",NA,NA,NA
"practice",2,"3_4_stimuli","4_4","Congruent","Congruent",NA,NA,3.999966,4.199968,"4$",1.017781,"Correct","Correct",NA,NA
"practice",3,"5_6_stimuli","6_6","Congruent","Congruent","Congruent",NA,5.999943,6.19995,"6^",1.049809,"Correct","Correct","Correct",NA
"practice",4,"7_8_stimuli","8_7","Incongruent","Congruent","Congruent","Congruent",7.999937,8.199925,"Omission",5000,"Omission","Correct","Correct","Correct"
"practice",5,"1_2_stimuli","1_2","Incongruent","Incongruent","Congruent","Congruent",9.999915,10.1999,"2@",1.305435,"Correct","Omission","Correct","Correct"
"practice",6,"3_4_stimuli","4_4","Congruent","Incongruent","Incongruent","Congruent",11.999903,12.19989,"Omission",5000,"Omission","Correct","Omission","Correct"
"practice",7,"5_6_stimuli","5_6","Incongruent","Congruent","Incongruent","Incongruent",13.999879,14.199873,"Omission",5000,"Omission","Omission","Correct","Omission"
"practice",8,"7_8_stimuli","7_8","Incongruent","Incongruent","Congruent","Incongruent",15.999861,16.19985,"8*",1.401488,"Correct","Omission","Omission","Correct"
"practice",9,"1_2_stimuli","1_1","Congruent","Incongruent","Incongruent","Congruent",17.999842,18.199848,"1!",0.873512,"Correct","Correct","Omission","Omission"
"practice",10,"3_4_stimuli","4_4","Congruent","Congruent","Incongruent","Incongruent",19.999837,20.199825,"4$",1.497418,"Correct","Correct","Correct","Omission"
"practice",11,"5_6_stimuli","5_6","Incongruent","Congruent","Congruent","Incongruent",21.999807,22.19981,"6^",1.033908,"Correct","Correct","Correct","Correct"
"practice",12,"7_8_stimuli","7_8","Incongruent","Incongruent","Congruent","Congruent",23.999792,24.199798,"8*",0.825379,"Correct","Correct","Correct","Correct"
"practice",13,"1_2_stimuli","2_1","Incongruent","Incongruent","Incongruent","Congruent",25.999779,26.199767,"1!",0.761778,"Correct","Correct","Correct","Correct"
"practice",14,"3_4_stimuli","4_3","Incongruent","Incongruent","Incongruent","Incongruent",27.999761,28.199767,"3#",1.22556,"Correct","Correct","Correct","Correct"
"practice",15,"5_6_stimuli","5_5","Congruent","Incongruent","Incongruent","Incongruent",29.999744,30.199743,"Omission",5000,"Omission","Correct","Correct","Correct"
"practice",16,"7_8_stimuli","8_8","Congruent","Congruent","Incongruent","Incongruent",31.999728,32.199722,"8*",0.905757,"Correct","Omission","Correct","Correct"
"practice",17,"1_2_stimuli","1_1","Congruent","Congruent","Congruent","Incongruent",33.999716,34.199715,"1!",0.697622,"Correct","Correct","Omission","Correct"
"practice",18,"3_4_stimuli","4_4","Congruent","Congruent","Congruent","Congruent",35.9997,36.199697,"Omission",5000,"Omission","Correct","Correct","Omission"
"practice",19,"5_6_stimuli","5_5","Congruent","Congruent","Congruent","Congruent",37.999681,38.199674,"5%",1.354119,"Correct","Omission","Correct","Correct"
"practice",20,"7_8_stimuli","7_8","Incongruent","Congruent","Congruent","Congruent",39.999655,40.199659,"8*",0.841632,"Correct","Correct","Omission","Correct"
"practice",21,"1_2_stimuli","2_2","Congruent","Incongruent","Congruent","Congruent",41.999631,42.199644,"2@",0.938007,"Correct","Correct","Correct","Omission"
"practice",22,"3_4_stimuli","4_3","Incongruent","Congruent","Incongruent","Congruent",43.999615,44.199626,"3#",0.601707,"Correct","Correct","Correct","Correct"
"practice",23,"5_6_stimuli","6_5","Incongruent","Incongruent","Congruent","Incongruent",45.999598,46.199614,"5%",1.050417,"Correct","Correct","Correct","Correct"
"practice",24,"7_8_stimuli","8_8","Congruent","Incongruent","Incongruent","Congruent",47.99959,48.199588,"8*",0.538067,"Correct","Correct","Correct","Correct"
"practice",25,"1_2_stimuli","2_2","Congruent","Congruent","Incongruent","Incongruent",49.999567,50.199565,"2@",0.71369,"Correct","Correct","Correct","Correct"
"practice",26,"3_4_stimuli","4_3","Incongruent","Congruent","Congruent","Incongruent",51.999559,52.199561,"3#",0.745747,"Correct","Correct","Correct","Correct"
"practice",27,"5_6_stimuli","6_6","Congruent","Incongruent","Congruent","Congruent",53.999536,54.199544,"5%",1.449767,"Error","Correct","Correct","Correct"
"practice",28,"7_8_stimuli","8_8","Congruent","Congruent","Incongruent","Congruent",55.999521,56.199518,"8*",0.585819,"Correct","Error","Correct","Correct"
"practice",29,"1_2_stimuli","2_1","Incongruent","Congruent","Congruent","Incongruent",57.999501,58.199502,"1!",0.921803,"Correct","Correct","Error","Correct"
"practice",30,"3_4_stimuli","4_3","Incongruent","Incongruent","Congruent","Congruent",59.999492,60.199485,"3#",0.794214,"Correct","Correct","Correct","Error"
"practice",31,"5_6_stimuli","6_6","Congruent","Incongruent","Incongruent","Congruent",61.999476,62.199488,"6^",1.290249,"Correct","Correct","Correct","Correct"
"practice",32,"7_8_stimuli","8_7","Incongruent","Congruent","Incongruent","Incongruent",63.999453,64.19946,"7&",0.634148,"Correct","Correct","Correct","Correct"
"practice",33,"1_2_stimuli","1_1","Congruent","Incongruent","Congruent","Incongruent",65.999439,66.199427,"1!",0.570038,"Correct","Correct","Correct","Correct"
"practice",34,"3_4_stimuli","3_3","Congruent","Congruent","Incongruent","Congruent",67.99942,68.199424,"3#",0.63407,"Correct","Correct","Correct","Correct"
"practice",35,"5_6_stimuli","5_5","Congruent","Congruent","Congruent","Incongruent",69.999409,70.199406,"5%",1.497891,"Correct","Correct","Correct","Correct"
"practice",36,"7_8_stimuli","7_7","Congruent","Congruent","Congruent","Congruent",71.999406,72.199378,"7&",0.842077,"Correct","Correct","Correct","Correct"
"practice",37,"1_2_stimuli","1_1","Congruent","Congruent","Congruent","Congruent",73.999375,74.199367,"1!",0.585921,"Correct","Correct","Correct","Correct"
"practice",38,"3_4_stimuli","3_4","Incongruent","Congruent","Congruent","Congruent",75.999352,76.199351,"Omission",5000,"Omission","Correct","Correct","Correct"
"practice",39,"5_6_stimuli","5_6","Incongruent","Incongruent","Congruent","Congruent",77.99934,78.199337,"6^",1.178661,"Correct","Omission","Correct","Correct"
"practice",40,"7_8_stimuli","7_8","Incongruent","Incongruent","Incongruent","Congruent",79.999309,80.199313,"8*",0.954594,"Correct","Correct","Omission","Correct"
"practice",41,"1_2_stimuli","2_2","Congruent","Incongruent","Incongruent","Incongruent",81.999304,82.199303,"2@",0.82593,"Correct","Correct","Correct","Omission"
"practice",42,"3_4_stimuli","3_4","Incongruent","Congruent","Incongruent","Incongruent",83.999276,84.199277,"4$",0.970011,"Correct","Correct","Correct","Correct"
"practice",43,"5_6_stimuli","6_6","Congruent","Incongruent","Congruent","Incongruent",85.99927,86.19926,"7&",1.114038,"Error","Correct","Correct","Correct"
"practice",44,"7_8_stimuli","8_7","Incongruent","Congruent","Incongruent","Congruent",87.999255,88.199249,"7&",0.55447,"Correct","Error","Correct","Correct"
"practice",45,"1_2_stimuli","1_2","Incongruent","Incongruent","Congruent","Incongruent",89.999235,90.199232,"2@",0.666487,"Correct","Correct","Error","Correct"
"practice",46,"3_4_stimuli","3_4","Incongruent","Incongruent","Incongruent","Congruent",91.99921,92.199213,"4$",0.986685,"Correct","Correct","Correct","Error"
"practice",47,"5_6_stimuli","6_5","Incongruent","Incongruent","Incongruent","Incongruent",93.999193,94.199191,"5%",0.922522,"Correct","Correct","Correct","Correct"
"practice",48,"7_8_stimuli","8_8","Congruent","Incongruent","Incongruent","Incongruent",95.999184,96.199182,"8*",0.634406,"Correct","Correct","Correct","Correct"
"practice",49,"1_2_stimuli","1_2","Incongruent","Congruent","Incongruent","Incongruent",97.999167,98.199163,"2@",0.666514,"Correct","Correct","Correct","Correct"
"practice",50,"3_4_stimuli","3_4","Incongruent","Incongruent","Congruent","Incongruent",99.999148,100.199144,"5%",1.130874,"Error","Correct","Correct","Correct"
"practice",51,"5_6_stimuli","6_5","Incongruent","Incongruent","Incongruent","Congruent",101.999128,102.199121,"5%",0.682468,"Correct","Error","Correct","Correct"
"practice",52,"7_8_stimuli","8_7","Incongruent","Incongruent","Incongruent","Incongruent",103.999113,104.199115,"7&",0.650578,"Correct","Correct","Error","Correct"
"practice",53,"1_2_stimuli","1_2","Incongruent","Incongruent","Incongruent","Incongruent",105.999097,106.199088,"2@",0.570552,"Correct","Correct","Correct","Error"
"practice",54,"3_4_stimuli","4_4","Congruent","Incongruent","Incongruent","Incongruent",107.999074,108.199074,"Omission",5000,"Omission","Correct","Correct","Correct"
"practice",55,"5_6_stimuli","6_6","Congruent","Congruent","Incongruent","Incongruent",109.999061,110.199061,"Omission",5000,"Omission","Omission","Correct","Correct"
"practice",56,"7_8_stimuli","7_7","Congruent","Congruent","Congruent","Incongruent",111.999046,112.199041,"7&",1.034902,"Correct","Omission","Omission","Correct"
"practice",57,"1_2_stimuli","2_1","Incongruent","Congruent","Congruent","Congruent",113.999023,114.199025,"1!",0.778274,"Correct","Correct","Omission","Omission"
"practice",58,"3_4_stimuli","3_3","Congruent","Incongruent","Congruent","Congruent",115.999004,116.199008,"3#",0.922545,"Correct","Correct","Correct","Omission"
"practice",59,"5_6_stimuli","5_6","Incongruent","Congruent","Incongruent","Congruent",117.99899,118.198995,"6^",1.306274,"Correct","Correct","Correct","Correct"
"practice",60,"7_8_stimuli","7_7","Congruent","Incongruent","Congruent","Incongruent",119.99898,120.198977,"7&",0.682274,"Correct","Correct","Correct","Correct"
"practice",61,"1_2_stimuli","2_2","Congruent","Congruent","Incongruent","Congruent",121.998957,122.198957,"2@",0.730662,"Correct","Correct","Correct","Correct"
"practice",62,"3_4_stimuli","3_3","Congruent","Congruent","Congruent","Incongruent",123.998944,124.198939,"3#",0.586312,"Correct","Correct","Correct","Correct"
"practice",63,"5_6_stimuli","6_5","Incongruent","Congruent","Congruent","Congruent",125.998937,126.198924,"5%",0.874961,"Correct","Correct","Correct","Correct"
"practice",64,"7_8_stimuli","7_7","Congruent","Incongruent","Congruent","Congruent",127.998915,128.198908,"7&",0.730398,"Correct","Correct","Correct","Correct"
"practice",65,"1_2_stimuli","2_1","Incongruent","Congruent","Incongruent","Congruent",129.998888,130.198885,"1!",0.650802,"Correct","Correct","Correct","Correct"
"practice",66,"3_4_stimuli","3_3","Congruent","Incongruent","Congruent","Incongruent",131.998877,132.198879,"3#",0.810387,"Correct","Correct","Correct","Correct"
"practice",67,"5_6_stimuli","5_5","Congruent","Congruent","Incongruent","Congruent",133.998858,134.198858,"5%",0.986516,"Correct","Correct","Correct","Correct"
"practice",68,"7_8_stimuli","8_7","Incongruent","Congruent","Congruent","Incongruent",135.998838,136.198836,"7&",0.618721,"Correct","Correct","Correct","Correct"
"1",1,"1_2_stimuli","2_1","Incongruent",NA,NA,NA,1.999993,2.199988,"1!",0.763478,"Correct",NA,NA,NA
"1",2,"3_4_stimuli","4_3","Incongruent","Incongruent",NA,NA,3.999984,4.199968,"3#",0.715475,"Correct","Correct",NA,NA
"1",3,"5_6_stimuli","5_5","Congruent","Incongruent","Incongruent",NA,5.999958,6.199967,"6^",0.795918,"Error","Correct","Correct",NA
"1",4,"7_8_stimuli","7_8","Incongruent","Congruent","Incongruent","Incongruent",7.999941,8.199944,"8*",0.892048,"Correct","Error","Correct","Correct"
"1",5,"1_2_stimuli","1_2","Incongruent","Incongruent","Congruent","Incongruent",9.999922,10.199928,"2@",0.651886,"Correct","Correct","Error","Correct"
"1",6,"3_4_stimuli","4_4","Congruent","Incongruent","Incongruent","Congruent",11.999904,12.199904,"4$",1.115927,"Correct","Correct","Correct","Error"
"1",7,"5_6_stimuli","5_6","Incongruent","Congruent","Incongruent","Incongruent",13.999885,14.199894,"6^",0.876353,"Correct","Correct","Correct","Correct"
"1",8,"7_8_stimuli","8_8","Congruent","Incongruent","Congruent","Incongruent",15.999883,16.19987,"8*",0.780186,"Correct","Correct","Correct","Correct"
"1",9,"1_2_stimuli","1_1","Congruent","Congruent","Incongruent","Congruent",17.999863,18.199852,"1!",0.635648,"Correct","Correct","Correct","Correct"
"1",10,"3_4_stimuli","3_3","Congruent","Congruent","Congruent","Incongruent",19.999844,20.199834,"3#",0.77957,"Correct","Correct","Correct","Correct"
"1",11,"5_6_stimuli","5_5","Congruent","Congruent","Congruent","Congruent",21.999823,22.199832,"5%",0.876458,"Correct","Correct","Correct","Correct"
"1",12,"7_8_stimuli","7_8","Incongruent","Congruent","Congruent","Congruent",23.999801,24.199809,"8*",0.651634,"Correct","Correct","Correct","Correct"
"1",13,"1_2_stimuli","1_1","Congruent","Incongruent","Congruent","Congruent",25.999785,26.19979,"1!",0.635949,"Correct","Correct","Correct","Correct"
"1",14,"3_4_stimuli","3_3","Congruent","Congruent","Incongruent","Congruent",27.999778,28.199778,"3#",0.79609,"Correct","Correct","Correct","Correct"
"1",15,"5_6_stimuli","6_5","Incongruent","Congruent","Congruent","Incongruent",29.999752,30.199748,"5%",0.907639,"Correct","Correct","Correct","Correct"
"1",16,"7_8_stimuli","8_8","Congruent","Incongruent","Congruent","Congruent",31.999738,32.199741,"8*",0.60377,"Correct","Correct","Correct","Correct"
"1",17,"1_2_stimuli","2_1","Incongruent","Congruent","Incongruent","Congruent",33.999731,34.199724,"1!",0.604368,"Correct","Correct","Correct","Correct"
"1",18,"3_4_stimuli","4_4","Congruent","Incongruent","Congruent","Incongruent",35.999705,36.199702,"4$",1.084072,"Correct","Correct","Correct","Correct"
"1",19,"5_6_stimuli","5_6","Incongruent","Congruent","Incongruent","Congruent",37.999684,38.199686,"6^",0.716375,"Correct","Correct","Correct","Correct"
"1",20,"7_8_stimuli","8_7","Incongruent","Incongruent","Congruent","Incongruent",39.999675,40.199678,"7&",0.70032,"Correct","Correct","Correct","Correct"
"1",21,"1_2_stimuli","2_1","Incongruent","Incongruent","Incongruent","Congruent",41.99965,42.199649,"1!",0.620589,"Correct","Correct","Correct","Correct"
"1",22,"3_4_stimuli","4_3","Incongruent","Incongruent","Incongruent","Incongruent",43.999639,44.199638,"3#",1.004181,"Correct","Correct","Correct","Correct"
"1",23,"5_6_stimuli","6_6","Congruent","Incongruent","Incongruent","Incongruent",45.999625,46.199619,"6^",1.100225,"Correct","Correct","Correct","Correct"
"1",24,"7_8_stimuli","7_8","Incongruent","Congruent","Incongruent","Incongruent",47.999603,48.199604,"8*",0.71624,"Correct","Correct","Correct","Correct"
"1",25,"1_2_stimuli","2_2","Congruent","Incongruent","Congruent","Incongruent",49.99958,50.199581,"2@",0.716283,"Correct","Correct","Correct","Correct"
"1",26,"3_4_stimuli","3_4","Incongruent","Congruent","Incongruent","Congruent",51.999586,52.199576,"4$",0.748236,"Correct","Correct","Correct","Correct"
"1",27,"5_6_stimuli","5_5","Congruent","Incongruent","Congruent","Incongruent",53.999557,54.199559,"5%",1.019804,"Correct","Correct","Correct","Correct"
"1",28,"7_8_stimuli","7_7","Congruent","Congruent","Incongruent","Congruent",55.999539,56.199537,"7&",0.860226,"Correct","Correct","Correct","Correct"
"1",29,"1_2_stimuli","1_2","Incongruent","Congruent","Congruent","Incongruent",57.999516,58.199524,"2@",0.812197,"Correct","Correct","Correct","Correct"
"1",30,"3_4_stimuli","3_3","Congruent","Incongruent","Congruent","Congruent",59.999503,60.199495,"3#",0.844518,"Correct","Correct","Correct","Correct"
"1",31,"5_6_stimuli","5_5","Congruent","Congruent","Incongruent","Congruent",61.99948,62.199488,"5%",1.116332,"Correct","Correct","Correct","Correct"
"1",32,"7_8_stimuli","7_8","Incongruent","Congruent","Congruent","Incongruent",63.999475,64.199464,"8*",0.556618,"Correct","Correct","Correct","Correct"
"1",33,"1_2_stimuli","2_1","Incongruent","Incongruent","Congruent","Congruent",65.999452,66.19946,"1!",0.828206,"Correct","Correct","Correct","Correct"
"1",34,"3_4_stimuli","3_4","Incongruent","Incongruent","Incongruent","Congruent",67.999436,68.199436,"4$",1.164013,"Correct","Correct","Correct","Correct"
"1",35,"5_6_stimuli","6_5","Incongruent","Incongruent","Incongruent","Incongruent",69.999418,70.199416,"5%",0.668014,"Correct","Correct","Correct","Correct"
"1",36,"7_8_stimuli","8_7","Incongruent","Incongruent","Incongruent","Incongruent",71.999416,72.199404,"7&",0.796297,"Correct","Correct","Correct","Correct"
"1",37,"1_2_stimuli","2_2","Congruent","Incongruent","Incongruent","Incongruent",73.999385,74.199387,"2@",0.668264,"Correct","Correct","Correct","Correct"
"1",38,"3_4_stimuli","4_4","Congruent","Congruent","Incongruent","Incongruent",75.999364,76.199356,"4$",0.844268,"Correct","Correct","Correct","Correct"
"1",39,"5_6_stimuli","5_5","Congruent","Congruent","Congruent","Incongruent",77.99935,78.199345,"5%",0.65222,"Correct","Correct","Correct","Correct"
"1",40,"7_8_stimuli","7_7","Congruent","Congruent","Congruent","Congruent",79.999335,80.199338,"7&",0.604831,"Correct","Correct","Correct","Correct"
"1",41,"1_2_stimuli","1_1","Congruent","Congruent","Congruent","Congruent",81.999312,82.199312,"1!",0.684754,"Correct","Correct","Correct","Correct"
"1",42,"3_4_stimuli","4_4","Congruent","Congruent","Congruent","Congruent",83.999301,84.199292,"4$",0.796192,"Correct","Correct","Correct","Correct"
"1",43,"5_6_stimuli","6_5","Incongruent","Congruent","Congruent","Congruent",85.999285,86.199281,"5%",0.63613,"Correct","Correct","Correct","Correct"
"1",44,"7_8_stimuli","8_7","Incongruent","Incongruent","Congruent","Congruent",87.99927,88.199268,"7&",0.892633,"Correct","Correct","Correct","Correct"
"1",45,"1_2_stimuli","2_2","Congruent","Incongruent","Incongruent","Congruent",89.999245,90.19925,"2@",0.796781,"Correct","Correct","Correct","Correct"
"1",46,"3_4_stimuli","3_4","Incongruent","Congruent","Incongruent","Incongruent",91.999228,92.19923,"4$",0.732211,"Correct","Correct","Correct","Correct"
"1",47,"5_6_stimuli","5_6","Incongruent","Incongruent","Congruent","Incongruent",93.999217,94.199212,"6^",1.388633,"Correct","Correct","Correct","Correct"
"1",48,"7_8_stimuli","8_8","Congruent","Incongruent","Incongruent","Congruent",95.999197,96.199196,"8*",0.668582,"Correct","Correct","Correct","Correct"
"1",49,"1_2_stimuli","2_1","Incongruent","Congruent","Incongruent","Incongruent",97.999187,98.199182,"1!",0.844221,"Correct","Correct","Correct","Correct"
"1",50,"3_4_stimuli","4_3","Incongruent","Incongruent","Congruent","Incongruent",99.999159,100.199163,"3#",0.652263,"Correct","Correct","Correct","Correct"
"1",51,"5_6_stimuli","6_6","Congruent","Incongruent","Incongruent","Congruent",101.999147,102.199137,"5%",1.34082,"Error","Correct","Correct","Correct"
"1",52,"7_8_stimuli","8_8","Congruent","Congruent","Incongruent","Incongruent",103.999131,104.199121,"8*",0.604471,"Correct","Error","Correct","Correct"
"1",53,"1_2_stimuli","1_1","Congruent","Congruent","Congruent","Incongruent",105.999115,106.199114,"1!",0.78068,"Correct","Correct","Error","Correct"
"1",54,"3_4_stimuli","3_4","Incongruent","Congruent","Congruent","Congruent",107.999088,108.199089,"4$",1.180332,"Correct","Correct","Correct","Error"
"1",55,"5_6_stimuli","5_6","Incongruent","Incongruent","Congruent","Congruent",109.999075,110.19907,"6^",1.212799,"Correct","Correct","Correct","Correct"
"1",56,"7_8_stimuli","8_7","Incongruent","Incongruent","Incongruent","Congruent",111.999061,112.199057,"7&",0.828341,"Correct","Correct","Correct","Correct"
"1",57,"1_2_stimuli","1_2","Incongruent","Incongruent","Incongruent","Incongruent",113.999045,114.199037,"2@",0.684736,"Correct","Correct","Correct","Correct"
"1",58,"3_4_stimuli","3_3","Congruent","Incongruent","Incongruent","Incongruent",115.999034,116.199022,"3#",0.652771,"Correct","Correct","Correct","Correct"
"1",59,"5_6_stimuli","6_6","Congruent","Congruent","Incongruent","Incongruent",117.999011,118.199006,"Omission",5000,"Omission","Correct","Correct","Correct"
"1",60,"7_8_stimuli","7_7","Congruent","Congruent","Congruent","Incongruent",119.998994,120.198986,"7&",0.572898,"Correct","Omission","Correct","Correct"
"1",61,"1_2_stimuli","1_2","Incongruent","Congruent","Congruent","Congruent",121.998974,122.198968,"2@",0.716435,"Correct","Correct","Omission","Correct"
"1",62,"3_4_stimuli","4_3","Incongruent","Incongruent","Congruent","Congruent",123.998964,124.198963,"3#",0.620365,"Correct","Correct","Correct","Omission"
"1",63,"5_6_stimuli","6_5","Incongruent","Incongruent","Incongruent","Congruent",125.99894,126.19894,"Omission",5000,"Omission","Correct","Correct","Correct"
"1",64,"7_8_stimuli","7_7","Congruent","Incongruent","Incongruent","Incongruent",127.998925,128.19893,"7&",0.701235,"Correct","Omission","Correct","Correct"
"1",65,"1_2_stimuli","2_2","Congruent","Congruent","Incongruent","Incongruent",129.998913,130.198911,"2@",0.74849,"Correct","Correct","Omission","Correct"
"1",66,"3_4_stimuli","4_3","Incongruent","Congruent","Congruent","Incongruent",131.998895,132.198887,"3#",0.588863,"Correct","Correct","Correct","Omission"
"1",67,"5_6_stimuli","6_6","Congruent","Incongruent","Congruent","Congruent",133.998876,134.198867,"6^",0.908659,"Correct","Correct","Correct","Correct"
"1",68,"7_8_stimuli","7_8","Incongruent","Congruent","Incongruent","Congruent",135.998853,136.198856,"8*",0.589066,"Correct","Correct","Correct","Correct"
"2",1,"1_2_stimuli","2_1","Incongruent",NA,NA,NA,1.999987,2.19999,"1!",0.73524,"Correct",NA,NA,NA
"2",2,"3_4_stimuli","3_3","Congruent","Incongruent",NA,NA,3.999979,4.199981,"3#",0.559252,"Correct","Correct",NA,NA
"2",3,"5_6_stimuli","6_6","Congruent","Congruent","Incongruent",NA,5.999953,6.19995,"6^",0.959264,"Correct","Correct","Correct",NA
"2",4,"7_8_stimuli","7_8","Incongruent","Congruent","Congruent","Incongruent",7.999941,8.199937,"8*",0.623585,"Correct","Correct","Correct","Correct"
"2",5,"1_2_stimuli","1_2","Incongruent","Incongruent","Congruent","Congruent",9.999928,10.199918,"2@",0.86402,"Correct","Correct","Correct","Correct"
"2",6,"3_4_stimuli","4_4","Congruent","Incongruent","Incongruent","Congruent",11.999903,12.199911,"4$",1.151422,"Correct","Correct","Correct","Correct"
"2",7,"5_6_stimuli","6_5","Incongruent","Congruent","Incongruent","Incongruent",13.999887,14.199882,"5%",0.543759,"Correct","Correct","Correct","Correct"
"2",8,"7_8_stimuli","7_8","Incongruent","Incongruent","Congruent","Incongruent",15.999866,16.199866,"8*",0.591618,"Correct","Correct","Correct","Correct"
"2",9,"1_2_stimuli","1_1","Congruent","Incongruent","Incongruent","Congruent",17.999855,18.199857,"1!",0.607925,"Correct","Correct","Correct","Correct"
"2",10,"3_4_stimuli","4_4","Congruent","Congruent","Incongruent","Incongruent",19.999835,20.199829,"4$",0.815414,"Correct","Correct","Correct","Correct"
"2",11,"5_6_stimuli","6_5","Incongruent","Congruent","Congruent","Incongruent",21.999817,22.199821,"5%",0.847374,"Correct","Correct","Correct","Correct"
"2",12,"7_8_stimuli","7_7","Congruent","Incongruent","Congruent","Congruent",23.999798,24.199799,"7&",0.639982,"Correct","Correct","Correct","Correct"
"2",13,"1_2_stimuli","1_1","Congruent","Congruent","Incongruent","Congruent",25.999795,26.199783,"1!",0.64008,"Correct","Correct","Correct","Correct"
"2",14,"3_4_stimuli","3_3","Congruent","Congruent","Congruent","Incongruent",27.999772,28.199777,"3#",0.623475,"Correct","Correct","Correct","Correct"
"2",15,"5_6_stimuli","6_6","Congruent","Congruent","Congruent","Congruent",29.99975,30.199751,"6^",1.311782,"Correct","Correct","Correct","Correct"
"2",16,"7_8_stimuli","7_7","Congruent","Congruent","Congruent","Congruent",31.999734,32.199729,"7&",0.639858,"Correct","Correct","Correct","Correct"
"2",17,"1_2_stimuli","1_1","Congruent","Congruent","Congruent","Congruent",33.999716,34.199718,"1!",0.704201,"Correct","Correct","Correct","Correct"
"2",18,"3_4_stimuli","4_3","Incongruent","Congruent","Congruent","Congruent",35.999708,36.19969,"3#",0.831524,"Correct","Correct","Correct","Correct"
"2",19,"5_6_stimuli","6_6","Congruent","Incongruent","Congruent","Congruent",37.999692,38.199687,"8*",0.607667,"Error","Correct","Correct","Correct"
"2",20,"7_8_stimuli","7_8","Incongruent","Congruent","Incongruent","Congruent",39.999677,40.199672,"8*",1.104043,"Correct","Error","Correct","Correct"
"2",21,"1_2_stimuli","2_2","Congruent","Incongruent","Congruent","Incongruent",41.999655,42.199657,"2@",0.735963,"Correct","Correct","Error","Correct"
"2",22,"3_4_stimuli","3_4","Incongruent","Congruent","Incongruent","Congruent",43.999632,44.199631,"3#",0.735587,"Error","Correct","Correct","Error"
"2",23,"5_6_stimuli","5_5","Congruent","Incongruent","Congruent","Incongruent",45.999619,46.199624,"5%",0.911622,"Correct","Error","Correct","Correct"
"2",24,"7_8_stimuli","8_8","Congruent","Congruent","Incongruent","Congruent",47.999595,48.199598,"8*",1.119599,"Correct","Correct","Error","Correct"
"2",25,"1_2_stimuli","1_2","Incongruent","Congruent","Congruent","Incongruent",49.999577,50.199585,"2@",0.751689,"Correct","Correct","Correct","Error"
"2",26,"3_4_stimuli","3_4","Incongruent","Incongruent","Congruent","Congruent",51.999561,52.199566,"4$",0.751657,"Correct","Correct","Correct","Correct"
"2",27,"5_6_stimuli","6_5","Incongruent","Incongruent","Incongruent","Congruent",53.999551,54.199546,"5%",0.560073,"Correct","Correct","Correct","Correct"
"2",28,"7_8_stimuli","8_7","Incongruent","Incongruent","Incongruent","Incongruent",55.999535,56.19953,"7&",0.592073,"Correct","Correct","Correct","Correct"
"2",29,"1_2_stimuli","1_2","Incongruent","Incongruent","Incongruent","Incongruent",57.999519,58.199524,"2@",0.720202,"Correct","Correct","Correct","Correct"
"2",30,"3_4_stimuli","3_3","Congruent","Incongruent","Incongruent","Incongruent",59.999507,60.1995,"3#",0.60812,"Correct","Correct","Correct","Correct"
"2",31,"5_6_stimuli","5_5","Congruent","Congruent","Incongruent","Incongruent",61.999482,62.199487,"5%",0.799744,"Correct","Correct","Correct","Correct"
"2",32,"7_8_stimuli","8_8","Congruent","Congruent","Congruent","Incongruent",63.999458,64.199465,"8*",0.592001,"Correct","Correct","Correct","Correct"
"2",33,"1_2_stimuli","2_1","Incongruent","Congruent","Congruent","Congruent",65.999456,66.199448,"1!",0.751744,"Correct","Correct","Correct","Correct"
"2",34,"3_4_stimuli","3_3","Congruent","Incongruent","Congruent","Congruent",67.999441,68.199436,"3#",0.59207,"Correct","Correct","Correct","Correct"
"2",35,"5_6_stimuli","5_6","Incongruent","Congruent","Incongruent","Congruent",69.999406,70.199406,"5%",1.199802,"Error","Correct","Correct","Correct"
"2",36,"7_8_stimuli","8_8","Congruent","Incongruent","Congruent","Incongruent",71.999394,72.199395,"8*",0.576212,"Correct","Error","Correct","Correct"
"2",37,"1_2_stimuli","2_1","Incongruent","Congruent","Incongruent","Congruent",73.999372,74.199381,"1!",0.624314,"Correct","Correct","Error","Correct"
"2",38,"3_4_stimuli","3_4","Incongruent","Incongruent","Congruent","Incongruent",75.99937,76.199354,"4$",0.928573,"Correct","Correct","Correct","Error"
"2",39,"5_6_stimuli","6_6","Congruent","Incongruent","Incongruent","Congruent",77.999339,78.199339,"6^",1.23253,"Correct","Correct","Correct","Correct"
"2",40,"7_8_stimuli","7_7","Congruent","Congruent","Incongruent","Incongruent",79.999322,80.199323,"7&",0.608285,"Correct","Correct","Correct","Correct"
"2",41,"1_2_stimuli","2_2","Congruent","Congruent","Congruent","Incongruent",81.999314,82.199313,"2@",0.591876,"Correct","Correct","Correct","Correct"
"2",42,"3_4_stimuli","3_3","Congruent","Congruent","Congruent","Congruent",83.99929,84.199286,"3#",0.592356,"Correct","Correct","Correct","Correct"
"2",43,"5_6_stimuli","5_6","Incongruent","Congruent","Congruent","Congruent",85.999284,86.199278,"6^",0.976424,"Correct","Correct","Correct","Correct"
"2",44,"7_8_stimuli","7_8","Incongruent","Incongruent","Congruent","Congruent",87.999261,88.199255,"8*",0.607922,"Correct","Correct","Correct","Correct"
"2",45,"1_2_stimuli","2_1","Incongruent","Incongruent","Incongruent","Congruent",89.999237,90.199246,"1!",0.864378,"Correct","Correct","Correct","Correct"
"2",46,"3_4_stimuli","4_3","Incongruent","Incongruent","Incongruent","Incongruent",91.999222,92.199229,"2@",0.62397,"Error","Correct","Correct","Correct"
"2",47,"5_6_stimuli","5_5","Congruent","Incongruent","Incongruent","Incongruent",93.999212,94.199204,"6^",1.248304,"Error","Error","Correct","Correct"
"2",48,"7_8_stimuli","8_7","Incongruent","Congruent","Incongruent","Incongruent",95.99919,96.199201,"7&",0.62418,"Correct","Error","Error","Correct"
"2",49,"1_2_stimuli","1_2","Incongruent","Incongruent","Congruent","Incongruent",97.999182,98.199173,"2@",0.592022,"Correct","Correct","Error","Error"
"2",50,"3_4_stimuli","4_3","Incongruent","Incongruent","Incongruent","Congruent",99.999153,100.199152,"3#",1.424266,"Correct","Correct","Correct","Error"
"2",51,"5_6_stimuli","6_5","Incongruent","Incongruent","Incongruent","Incongruent",101.999138,102.19914,"5%",0.816722,"Correct","Correct","Correct","Correct"
"2",52,"7_8_stimuli","7_7","Congruent","Incongruent","Incongruent","Incongruent",103.999121,104.19912,"7&",0.752352,"Correct","Correct","Correct","Correct"
"2",53,"1_2_stimuli","2_2","Congruent","Congruent","Incongruent","Incongruent",105.999102,106.199113,"2@",0.672291,"Correct","Correct","Correct","Correct"
"2",54,"3_4_stimuli","3_4","Incongruent","Congruent","Congruent","Incongruent",107.99909,108.199087,"3#",0.928807,"Error","Correct","Correct","Correct"
"2",55,"5_6_stimuli","5_6","Incongruent","Incongruent","Congruent","Congruent",109.999079,110.199072,"6^",1.472275,"Correct","Error","Correct","Correct"
"2",56,"7_8_stimuli","7_8","Incongruent","Incongruent","Incongruent","Congruent",111.999056,112.199055,"8*",0.656461,"Correct","Correct","Error","Correct"
"2",57,"1_2_stimuli","1_1","Congruent","Incongruent","Incongruent","Incongruent",113.999041,114.199041,"1!",0.608506,"Correct","Correct","Correct","Error"
"2",58,"3_4_stimuli","4_3","Incongruent","Congruent","Incongruent","Incongruent",115.99903,116.199018,"3#",0.816203,"Correct","Correct","Correct","Correct"
"2",59,"5_6_stimuli","5_6","Incongruent","Incongruent","Congruent","Incongruent",117.999,118.199003,"6^",1.0242,"Correct","Correct","Correct","Correct"
"2",60,"7_8_stimuli","8_8","Congruent","Incongruent","Incongruent","Congruent",119.998997,120.198988,"8*",0.784136,"Correct","Correct","Correct","Correct"
"2",61,"1_2_stimuli","2_1","Incongruent","Congruent","Incongruent","Incongruent",121.998971,122.198976,"1!",0.720214,"Correct","Correct","Correct","Correct"
"2",62,"3_4_stimuli","4_4","Congruent","Incongruent","Congruent","Incongruent",123.998953,124.198958,"4$",0.976883,"Correct","Correct","Correct","Correct"
"2",63,"5_6_stimuli","6_6","Congruent","Congruent","Incongruent","Congruent",125.998924,126.19894,"6^",0.91243,"Correct","Correct","Correct","Correct"
"2",64,"7_8_stimuli","8_7","Incongruent","Congruent","Congruent","Incongruent",127.998916,128.198921,"7&",0.704302,"Correct","Correct","Correct","Correct"
"2",65,"1_2_stimuli","2_2","Congruent","Incongruent","Congruent","Congruent",129.998902,130.198898,"2@",0.72096,"Correct","Correct","Correct","Correct"
"2",66,"3_4_stimuli","4_4","Congruent","Congruent","Incongruent","Congruent",131.998893,132.198892,"4$",0.880326,"Correct","Correct","Correct","Correct"
"2",67,"5_6_stimuli","5_5","Congruent","Congruent","Congruent","Incongruent",133.998867,134.19887,"5%",0.57685,"Correct","Correct","Correct","Correct"
"2",68,"7_8_stimuli","8_7","Incongruent","Congruent","Congruent","Congruent",135.998853,136.198852,"7&",0.720951,"Correct","Correct","Correct","Correct"
"3",1,"1_2_stimuli","2_1","Incongruent",NA,NA,NA,1.999979,2.199982,"1!",0.698685,"Correct",NA,NA,NA
"3",2,"3_4_stimuli","3_4","Incongruent","Incongruent",NA,NA,3.999961,4.199958,"4$",0.826714,"Correct","Correct",NA,NA
"3",3,"5_6_stimuli","6_5","Incongruent","Incongruent","Incongruent",NA,5.999944,6.199931,"6^",1.30704,"Error","Correct","Correct",NA
"3",4,"7_8_stimuli","8_7","Incongruent","Incongruent","Incongruent","Incongruent",7.999936,8.199914,"7&",0.571144,"Correct","Error","Correct","Correct"
"3",5,"1_2_stimuli","1_2","Incongruent","Incongruent","Incongruent","Incongruent",9.999903,10.199911,"2@",0.698699,"Correct","Correct","Error","Correct"
"3",6,"3_4_stimuli","4_3","Incongruent","Incongruent","Incongruent","Incongruent",11.999891,12.199894,"2@",0.826518,"Error","Correct","Correct","Error"
"3",7,"5_6_stimuli","6_6","Congruent","Incongruent","Incongruent","Incongruent",13.999883,14.199873,"6^",1.371061,"Correct","Error","Correct","Correct"
"3",8,"7_8_stimuli","7_8","Incongruent","Congruent","Incongruent","Incongruent",15.999864,16.199862,"8*",0.699271,"Correct","Correct","Error","Correct"
"3",9,"1_2_stimuli","1_2","Incongruent","Incongruent","Congruent","Incongruent",17.999834,18.199839,"2@",0.666931,"Correct","Correct","Correct","Error"
"3",10,"3_4_stimuli","4_4","Congruent","Incongruent","Incongruent","Congruent",19.999827,20.199832,"4$",0.971262,"Correct","Correct","Correct","Correct"
"3",11,"5_6_stimuli","5_6","Incongruent","Congruent","Incongruent","Incongruent",21.999823,22.199803,"6^",0.587059,"Correct","Correct","Correct","Correct"
"3",12,"7_8_stimuli","8_7","Incongruent","Incongruent","Congruent","Incongruent",23.999795,24.199787,"7&",0.618753,"Correct","Correct","Correct","Correct"
"3",13,"1_2_stimuli","2_2","Congruent","Incongruent","Incongruent","Congruent",25.999784,26.199779,"2@",0.794603,"Correct","Correct","Correct","Correct"
"3",14,"3_4_stimuli","4_4","Congruent","Congruent","Incongruent","Incongruent",27.99975,28.19976,"4$",0.762635,"Correct","Correct","Correct","Correct"
"3",15,"5_6_stimuli","5_6","Incongruent","Congruent","Congruent","Incongruent",29.999741,30.199739,"6^",0.939288,"Correct","Correct","Correct","Correct"
"3",16,"7_8_stimuli","8_8","Congruent","Incongruent","Congruent","Congruent",31.999731,32.199722,"8*",0.650934,"Correct","Correct","Correct","Correct"
"3",17,"1_2_stimuli","2_2","Congruent","Congruent","Incongruent","Congruent",33.999698,34.19973,"2@",0.747279,"Correct","Correct","Correct","Correct"
"3",18,"3_4_stimuli","4_4","Congruent","Congruent","Congruent","Incongruent",35.999682,36.199689,"4$",0.938782,"Correct","Correct","Correct","Correct"
"3",19,"5_6_stimuli","6_5","Incongruent","Congruent","Congruent","Congruent",37.999669,38.199679,"Omission",5000,"Omission","Correct","Correct","Correct"
"3",20,"7_8_stimuli","8_7","Incongruent","Incongruent","Congruent","Congruent",39.999649,40.199659,"7&",0.746653,"Correct","Omission","Correct","Correct"
"3",21,"1_2_stimuli","1_2","Incongruent","Incongruent","Incongruent","Congruent",41.999639,42.199636,"2@",0.634746,"Correct","Correct","Omission","Correct"
"3",22,"3_4_stimuli","3_3","Congruent","Incongruent","Incongruent","Incongruent",43.999623,44.19963,"3#",0.715401,"Correct","Correct","Correct","Omission"
"3",23,"5_6_stimuli","5_5","Congruent","Congruent","Incongruent","Incongruent",45.999606,46.199603,"6^",1.339202,"Error","Correct","Correct","Correct"
"3",24,"7_8_stimuli","8_8","Congruent","Congruent","Congruent","Incongruent",47.999582,48.199589,"8*",0.571295,"Correct","Error","Correct","Correct"
"3",25,"1_2_stimuli","2_1","Incongruent","Congruent","Congruent","Congruent",49.999579,50.199563,"1!",0.778744,"Correct","Correct","Error","Correct"
"3",26,"3_4_stimuli","3_3","Congruent","Incongruent","Congruent","Congruent",51.999565,52.199557,"3#",0.842772,"Correct","Correct","Correct","Error"
"3",27,"5_6_stimuli","6_5","Incongruent","Congruent","Incongruent","Congruent",53.999535,54.199534,"5%",1.323387,"Correct","Correct","Correct","Correct"
"3",28,"7_8_stimuli","7_7","Congruent","Incongruent","Congruent","Incongruent",55.999523,56.199508,"7&",1.499202,"Correct","Correct","Correct","Correct"
"3",29,"1_2_stimuli","1_2","Incongruent","Congruent","Incongruent","Congruent",57.999497,58.199503,"2@",0.651115,"Correct","Correct","Correct","Correct"
"3",30,"3_4_stimuli","3_4","Incongruent","Incongruent","Congruent","Incongruent",59.999492,60.199493,"4$",1.41883,"Correct","Correct","Correct","Correct"
"3",31,"5_6_stimuli","5_6","Incongruent","Incongruent","Incongruent","Congruent",61.999466,62.199463,"6^",1.196152,"Correct","Correct","Correct","Correct"
"3",32,"7_8_stimuli","8_8","Congruent","Incongruent","Incongruent","Incongruent",63.999446,64.199461,"8*",0.603364,"Correct","Correct","Correct","Correct"
"3",33,"1_2_stimuli","1_1","Congruent","Congruent","Incongruent","Incongruent",65.999431,66.199437,"1!",0.619617,"Correct","Correct","Correct","Correct"
"3",34,"3_4_stimuli","3_4","Incongruent","Congruent","Congruent","Incongruent",67.999419,68.199427,"4$",0.843091,"Correct","Correct","Correct","Correct"
"3",35,"5_6_stimuli","5_5","Congruent","Incongruent","Congruent","Congruent",69.999394,70.19939,"5%",0.570938,"Correct","Correct","Correct","Correct"
"3",36,"7_8_stimuli","7_7","Congruent","Congruent","Incongruent","Congruent",71.999395,72.199383,"7&",0.554895,"Correct","Correct","Correct","Correct"
"3",37,"1_2_stimuli","2_1","Incongruent","Congruent","Congruent","Incongruent",73.999377,74.199361,"1!",0.730968,"Correct","Correct","Correct","Correct"
"3",38,"3_4_stimuli","4_3","Incongruent","Incongruent","Congruent","Congruent",75.999356,76.199349,"3#",0.89101,"Correct","Correct","Correct","Correct"
"3",39,"5_6_stimuli","6_6","Congruent","Incongruent","Incongruent","Congruent",77.999337,78.199329,"6^",1.195394,"Correct","Correct","Correct","Correct"
"3",40,"7_8_stimuli","8_8","Congruent","Congruent","Incongruent","Incongruent",79.99932,80.199321,"8*",1.003415,"Correct","Correct","Correct","Correct"
"3",41,"1_2_stimuli","2_2","Congruent","Congruent","Congruent","Incongruent",81.99931,82.199297,"2@",0.987015,"Correct","Correct","Correct","Correct"
"3",42,"3_4_stimuli","3_3","Congruent","Congruent","Congruent","Congruent",83.99929,84.199281,"3#",0.603022,"Correct","Correct","Correct","Correct"
"3",43,"5_6_stimuli","5_5","Congruent","Congruent","Congruent","Congruent",85.999263,86.199273,"5%",0.683038,"Correct","Correct","Correct","Correct"
"3",44,"7_8_stimuli","7_7","Congruent","Congruent","Congruent","Congruent",87.999249,88.199245,"7&",0.619036,"Correct","Correct","Correct","Correct"
"3",45,"1_2_stimuli","1_1","Congruent","Congruent","Congruent","Congruent",89.999234,90.199229,"1!",0.683763,"Correct","Correct","Correct","Correct"
"3",46,"3_4_stimuli","4_3","Incongruent","Congruent","Congruent","Congruent",91.999209,92.199221,"3#",0.604095,"Correct","Correct","Correct","Correct"
"3",47,"5_6_stimuli","6_5","Incongruent","Incongruent","Congruent","Congruent",93.999199,94.199195,"5%",0.779511,"Correct","Correct","Correct","Correct"
"3",48,"7_8_stimuli","7_8","Incongruent","Incongruent","Incongruent","Congruent",95.999177,96.199175,"8*",0.603771,"Correct","Correct","Correct","Correct"
"3",49,"1_2_stimuli","2_2","Congruent","Incongruent","Incongruent","Incongruent",97.999162,98.199158,"2@",0.651589,"Correct","Correct","Correct","Correct"
"3",50,"3_4_stimuli","3_4","Incongruent","Congruent","Incongruent","Incongruent",99.999154,100.199142,"4$",0.875536,"Correct","Correct","Correct","Correct"
"3",51,"5_6_stimuli","6_5","Incongruent","Incongruent","Congruent","Incongruent",101.999135,102.199128,"5%",0.651378,"Correct","Correct","Correct","Correct"
"3",52,"7_8_stimuli","7_7","Congruent","Incongruent","Incongruent","Congruent",103.999113,104.199109,"7&",0.635777,"Correct","Correct","Correct","Correct"
"3",53,"1_2_stimuli","2_1","Incongruent","Congruent","Incongruent","Incongruent",105.999096,106.199098,"1!",0.747843,"Correct","Correct","Correct","Correct"
"3",54,"3_4_stimuli","4_4","Congruent","Incongruent","Congruent","Incongruent",107.999087,108.199085,"4$",0.875865,"Correct","Correct","Correct","Correct"
"3",55,"5_6_stimuli","5_5","Congruent","Congruent","Incongruent","Congruent",109.999061,110.199061,"5%",0.619835,"Correct","Correct","Correct","Correct"
"3",56,"7_8_stimuli","7_8","Incongruent","Congruent","Congruent","Incongruent",111.999052,112.199045,"8*",0.619545,"Correct","Correct","Correct","Correct"
"3",57,"1_2_stimuli","1_1","Congruent","Incongruent","Congruent","Congruent",113.999031,114.199024,"1!",0.619693,"Correct","Correct","Correct","Correct"
"3",58,"3_4_stimuli","4_3","Incongruent","Congruent","Incongruent","Congruent",115.99901,116.199008,"3#",0.843319,"Correct","Correct","Correct","Correct"
"3",59,"5_6_stimuli","6_6","Congruent","Incongruent","Congruent","Incongruent",117.998999,118.198999,"6^",0.90808,"Correct","Correct","Correct","Correct"
"3",60,"7_8_stimuli","8_7","Incongruent","Congruent","Incongruent","Congruent",119.998987,120.198979,"7&",0.683373,"Correct","Correct","Correct","Correct"
"3",61,"1_2_stimuli","1_1","Congruent","Incongruent","Congruent","Incongruent",121.998966,122.19896,"1!",0.699755,"Correct","Correct","Correct","Correct"
"3",62,"3_4_stimuli","3_3","Congruent","Congruent","Incongruent","Congruent",123.998951,124.198948,"3#",0.635953,"Correct","Correct","Correct","Correct"
"3",63,"5_6_stimuli","6_6","Congruent","Congruent","Congruent","Incongruent",125.998928,126.198922,"6^",0.987708,"Correct","Correct","Correct","Correct"
"3",64,"7_8_stimuli","7_8","Incongruent","Congruent","Congruent","Congruent",127.998917,128.198906,"8*",0.587669,"Correct","Correct","Correct","Correct"
"3",65,"1_2_stimuli","2_1","Incongruent","Incongruent","Congruent","Congruent",129.998896,130.19889,"1!",0.651675,"Correct","Correct","Correct","Correct"
"3",66,"3_4_stimuli","3_4","Incongruent","Incongruent","Incongruent","Congruent",131.998876,132.198876,"4$",0.907757,"Correct","Correct","Correct","Correct"
"3",67,"5_6_stimuli","5_6","Incongruent","Incongruent","Incongruent","Incongruent",133.998858,134.198858,"6^",0.74803,"Correct","Correct","Correct","Correct"
"3",68,"7_8_stimuli","8_7","Incongruent","Incongruent","Incongruent","Incongruent",135.998843,136.198846,"7&",0.651445,"Correct","Correct","Correct","Correct"
"4",1,"1_2_stimuli","1_2","Incongruent",NA,NA,NA,1.999978,2.199978,"3#",1.042824,"Error",NA,NA,NA
"4",2,"3_4_stimuli","4_4","Congruent","Incongruent",NA,NA,3.999973,4.199971,"4$",0.707264,"Correct","Error",NA,NA
"4",3,"5_6_stimuli","5_5","Congruent","Congruent","Incongruent",NA,5.99995,6.199945,"Omission",5000,"Omission","Correct","Error",NA
"4",4,"7_8_stimuli","8_7","Incongruent","Congruent","Congruent","Incongruent",7.999928,8.199941,"7&",0.691459,"Correct","Omission","Correct","Error"
"4",5,"1_2_stimuli","1_1","Congruent","Incongruent","Congruent","Congruent",9.999913,10.19992,"1!",0.771427,"Correct","Correct","Omission","Correct"
"4",6,"3_4_stimuli","3_3","Congruent","Congruent","Incongruent","Congruent",11.99991,12.199906,"3#",1.17124,"Correct","Correct","Correct","Omission"
"4",7,"5_6_stimuli","5_6","Incongruent","Congruent","Congruent","Incongruent",13.999882,14.199886,"6^",0.995663,"Correct","Correct","Correct","Correct"
"4",8,"7_8_stimuli","7_8","Incongruent","Incongruent","Congruent","Congruent",15.999868,16.199872,"8*",0.722957,"Correct","Correct","Correct","Correct"
"4",9,"1_2_stimuli","2_2","Congruent","Incongruent","Incongruent","Congruent",17.999841,18.199844,"2@",1.267483,"Correct","Correct","Correct","Correct"
"4",10,"3_4_stimuli","3_4","Incongruent","Congruent","Incongruent","Incongruent",19.999834,20.199832,"4$",1.058953,"Correct","Correct","Correct","Correct"
"4",11,"5_6_stimuli","6_5","Incongruent","Incongruent","Congruent","Incongruent",21.99982,22.199816,"5%",0.883,"Correct","Correct","Correct","Correct"
"4",12,"7_8_stimuli","8_7","Incongruent","Incongruent","Incongruent","Congruent",23.999803,24.199803,"6^",1.426993,"Error","Correct","Correct","Correct"
"4",13,"1_2_stimuli","2_1","Incongruent","Incongruent","Incongruent","Incongruent",25.999788,26.199777,"1!",0.787011,"Correct","Error","Correct","Correct"
"4",14,"3_4_stimuli","3_3","Congruent","Incongruent","Incongruent","Incongruent",27.999774,28.199764,"3#",1.011187,"Correct","Correct","Error","Correct"
"4",15,"5_6_stimuli","6_5","Incongruent","Congruent","Incongruent","Incongruent",29.999752,30.19975,"6^",1.171,"Error","Correct","Correct","Error"
"4",16,"7_8_stimuli","7_8","Incongruent","Incongruent","Congruent","Incongruent",31.999726,32.199727,"8*",0.627712,"Correct","Error","Correct","Correct"
"4",17,"1_2_stimuli","1_2","Incongruent","Incongruent","Incongruent","Congruent",33.999713,34.199707,"2@",0.691079,"Correct","Correct","Error","Correct"
"4",18,"3_4_stimuli","4_3","Incongruent","Incongruent","Incongruent","Incongruent",35.999694,36.199697,"3#",0.691264,"Correct","Correct","Correct","Error"
"4",19,"5_6_stimuli","6_5","Incongruent","Incongruent","Incongruent","Incongruent",37.999679,38.199676,"5%",0.804046,"Correct","Correct","Correct","Correct"
"4",20,"7_8_stimuli","8_8","Congruent","Incongruent","Incongruent","Incongruent",39.999672,40.199663,"8*",0.707132,"Correct","Correct","Correct","Correct"
"4",21,"1_2_stimuli","2_2","Congruent","Congruent","Incongruent","Incongruent",41.999657,42.199652,"2@",0.851116,"Correct","Correct","Correct","Correct"
"4",22,"3_4_stimuli","3_4","Incongruent","Congruent","Congruent","Incongruent",43.999636,44.199626,"4$",0.803451,"Correct","Correct","Correct","Correct"
"4",23,"5_6_stimuli","5_6","Incongruent","Incongruent","Congruent","Congruent",45.999611,46.199617,"6^",1.379527,"Correct","Correct","Correct","Correct"
"4",24,"7_8_stimuli","7_7","Congruent","Incongruent","Incongruent","Congruent",47.999595,48.199594,"7&",0.675787,"Correct","Correct","Correct","Correct"
"4",25,"1_2_stimuli","1_2","Incongruent","Congruent","Incongruent","Incongruent",49.99958,50.199593,"2@",0.707578,"Correct","Correct","Correct","Correct"
"4",26,"3_4_stimuli","4_4","Congruent","Incongruent","Congruent","Incongruent",51.999573,52.199567,"4$",0.723457,"Correct","Correct","Correct","Correct"
"4",27,"5_6_stimuli","5_6","Incongruent","Congruent","Incongruent","Congruent",53.999546,54.199544,"6^",0.643426,"Correct","Correct","Correct","Correct"
"4",28,"7_8_stimuli","7_7","Congruent","Incongruent","Congruent","Incongruent",55.999528,56.199537,"7&",0.611641,"Correct","Correct","Correct","Correct"
"4",29,"1_2_stimuli","1_2","Incongruent","Congruent","Incongruent","Congruent",57.999512,58.199504,"2@",0.883309,"Correct","Correct","Correct","Correct"
"4",30,"3_4_stimuli","4_3","Incongruent","Incongruent","Congruent","Incongruent",59.999488,60.199494,"3#",0.915837,"Correct","Correct","Correct","Correct"
"4",31,"5_6_stimuli","6_5","Incongruent","Incongruent","Incongruent","Congruent",61.999479,62.199475,"5%",1.267456,"Correct","Correct","Correct","Correct"
"4",32,"7_8_stimuli","8_7","Incongruent","Incongruent","Incongruent","Incongruent",63.999466,64.199458,"7&",0.8045,"Correct","Correct","Correct","Correct"
"4",33,"1_2_stimuli","2_2","Congruent","Incongruent","Incongruent","Incongruent",65.999449,66.199442,"2@",0.771797,"Correct","Correct","Correct","Correct"
"4",34,"3_4_stimuli","4_4","Congruent","Congruent","Incongruent","Incongruent",67.999427,68.199432,"4$",0.771354,"Correct","Correct","Correct","Correct"
"4",35,"5_6_stimuli","6_6","Congruent","Congruent","Congruent","Incongruent",69.999408,70.199409,"6^",1.027776,"Correct","Correct","Correct","Correct"
"4",36,"7_8_stimuli","8_8","Congruent","Congruent","Congruent","Congruent",71.999417,72.199409,"8*",0.723413,"Correct","Correct","Correct","Correct"
"4",37,"1_2_stimuli","2_1","Incongruent","Congruent","Congruent","Congruent",73.999378,74.199373,"1!",0.771387,"Correct","Correct","Correct","Correct"
"4",38,"3_4_stimuli","3_4","Incongruent","Incongruent","Congruent","Congruent",75.999356,76.199355,"4$",1.091423,"Correct","Correct","Correct","Correct"
"4",39,"5_6_stimuli","5_5","Congruent","Incongruent","Incongruent","Congruent",77.999344,78.199352,"5%",0.643468,"Correct","Correct","Correct","Correct"
"4",40,"7_8_stimuli","7_8","Incongruent","Congruent","Incongruent","Incongruent",79.999315,80.199317,"8*",0.739377,"Correct","Correct","Correct","Correct"
"4",41,"1_2_stimuli","2_1","Incongruent","Incongruent","Congruent","Incongruent",81.999302,82.199318,"1!",0.804938,"Correct","Correct","Correct","Correct"
"4",42,"3_4_stimuli","4_4","Congruent","Incongruent","Incongruent","Congruent",83.999285,84.199277,"4$",0.756001,"Correct","Correct","Correct","Correct"
"4",43,"5_6_stimuli","6_6","Congruent","Congruent","Incongruent","Incongruent",85.999276,86.199276,"6^",0.803488,"Correct","Correct","Correct","Correct"
"4",44,"7_8_stimuli","8_7","Incongruent","Congruent","Congruent","Incongruent",87.999254,88.199256,"7&",0.627766,"Correct","Correct","Correct","Correct"
"4",45,"1_2_stimuli","1_2","Incongruent","Incongruent","Congruent","Congruent",89.999235,90.199243,"2@",0.627552,"Correct","Correct","Correct","Correct"
"4",46,"3_4_stimuli","4_3","Incongruent","Incongruent","Incongruent","Congruent",91.999229,92.199221,"3#",0.628429,"Correct","Correct","Correct","Correct"
"4",47,"5_6_stimuli","6_6","Congruent","Incongruent","Incongruent","Incongruent",93.99921,94.199201,"6^",1.235821,"Correct","Correct","Correct","Correct"
"4",48,"7_8_stimuli","7_7","Congruent","Congruent","Incongruent","Incongruent",95.999195,96.199202,"7&",0.596253,"Correct","Correct","Correct","Correct"
"4",49,"1_2_stimuli","2_1","Incongruent","Congruent","Congruent","Incongruent",97.999174,98.19917,"1!",0.804732,"Correct","Correct","Correct","Correct"
"4",50,"3_4_stimuli","3_3","Congruent","Incongruent","Congruent","Congruent",99.999153,100.199152,"3#",0.579651,"Correct","Correct","Correct","Correct"
"4",51,"5_6_stimuli","5_5","Congruent","Congruent","Incongruent","Congruent",101.999138,102.199145,"6^",1.027684,"Error","Correct","Correct","Correct"
"4",52,"7_8_stimuli","7_7","Congruent","Congruent","Congruent","Incongruent",103.999115,104.199115,"7&",0.595577,"Correct","Error","Correct","Correct"
"4",53,"1_2_stimuli","1_1","Congruent","Congruent","Congruent","Congruent",105.999105,106.199107,"1!",0.675635,"Correct","Correct","Error","Correct"
"4",54,"3_4_stimuli","4_3","Incongruent","Congruent","Congruent","Congruent",107.999108,108.199096,"2@",1.252213,"Error","Correct","Correct","Error"
"4",55,"5_6_stimuli","5_5","Congruent","Incongruent","Congruent","Congruent",109.999074,110.199066,"6^",1.187703,"Error","Error","Correct","Correct"
"4",56,"7_8_stimuli","8_7","Incongruent","Congruent","Incongruent","Congruent",111.999057,112.199051,"7&",0.58004,"Correct","Error","Error","Correct"
"4",57,"1_2_stimuli","2_2","Congruent","Incongruent","Congruent","Incongruent",113.999038,114.199033,"2@",0.66011,"Correct","Correct","Error","Error"
"4",58,"3_4_stimuli","3_4","Incongruent","Congruent","Incongruent","Congruent",115.99902,116.199022,"4$",0.868184,"Correct","Correct","Correct","Error"
"4",59,"5_6_stimuli","5_5","Congruent","Incongruent","Congruent","Incongruent",117.999003,118.198994,"5%",0.836211,"Correct","Correct","Correct","Correct"
"4",60,"7_8_stimuli","8_8","Congruent","Congruent","Incongruent","Congruent",119.99899,120.198978,"8*",0.675745,"Correct","Correct","Correct","Correct"
"4",61,"1_2_stimuli","1_1","Congruent","Congruent","Congruent","Incongruent",121.998969,122.198974,"1!",0.548315,"Correct","Correct","Correct","Correct"
"4",62,"3_4_stimuli","4_4","Congruent","Congruent","Congruent","Congruent",123.998951,124.198954,"4$",0.755802,"Correct","Correct","Correct","Correct"
"4",63,"5_6_stimuli","5_6","Incongruent","Congruent","Congruent","Congruent",125.99893,126.198934,"6^",1.124342,"Correct","Correct","Correct","Correct"
"4",64,"7_8_stimuli","8_8","Congruent","Incongruent","Congruent","Congruent",127.998917,128.198916,"8*",0.628293,"Correct","Correct","Correct","Correct"
"4",65,"1_2_stimuli","1_1","Congruent","Congruent","Incongruent","Congruent",129.998905,130.198905,"1!",0.595828,"Correct","Correct","Correct","Correct"
"4",66,"3_4_stimuli","3_3","Congruent","Congruent","Congruent","Incongruent",131.998886,132.198867,"3#",0.660484,"Correct","Correct","Correct","Correct"
"4",67,"5_6_stimuli","6_6","Congruent","Congruent","Congruent","Congruent",133.998868,134.198866,"6^",0.86787,"Correct","Correct","Correct","Correct"
"4",68,"7_8_stimuli","7_8","Incongruent","Congruent","Congruent","Congruent",135.998845,136.198844,"8*",0.74101,"Correct","Correct","Correct","Correct"
"5",1,"1_2_stimuli","1_1","Congruent",NA,NA,NA,1.999982,2.19999,"1!",0.567903,"Correct",NA,NA,NA
"5",2,"3_4_stimuli","3_3","Congruent","Congruent",NA,NA,3.999975,4.199983,"3#",0.600255,"Correct","Correct",NA,NA
"5",3,"5_6_stimuli","6_5","Incongruent","Congruent","Congruent",NA,5.999953,6.199952,"5%",1.016471,"Correct","Correct","Correct",NA
"5",4,"7_8_stimuli","8_8","Congruent","Incongruent","Congruent","Congruent",7.999932,8.199938,"8*",0.664169,"Correct","Correct","Correct","Correct"
"5",5,"1_2_stimuli","1_2","Incongruent","Congruent","Incongruent","Congruent",9.999919,10.199913,"2@",0.600548,"Correct","Correct","Correct","Correct"
"5",6,"3_4_stimuli","3_4","Incongruent","Incongruent","Congruent","Incongruent",11.999907,12.199895,"4$",0.696417,"Correct","Correct","Correct","Correct"
"5",7,"5_6_stimuli","6_5","Incongruent","Incongruent","Incongruent","Congruent",13.999887,14.199892,"5%",0.584243,"Correct","Correct","Correct","Correct"
"5",8,"7_8_stimuli","8_7","Incongruent","Incongruent","Incongruent","Incongruent",15.999877,16.199872,"7&",0.583977,"Correct","Correct","Correct","Correct"
"5",9,"1_2_stimuli","2_2","Congruent","Incongruent","Incongruent","Incongruent",17.999857,18.199848,"2@",0.58451,"Correct","Correct","Correct","Correct"
"5",10,"3_4_stimuli","4_3","Incongruent","Congruent","Incongruent","Incongruent",19.999834,20.199842,"3#",0.456345,"Correct","Correct","Correct","Correct"
"5",11,"5_6_stimuli","6_5","Incongruent","Incongruent","Congruent","Incongruent",21.999825,22.199815,"5%",0.696073,"Correct","Correct","Correct","Correct"
"5",12,"7_8_stimuli","7_7","Congruent","Incongruent","Incongruent","Congruent",23.999805,24.1998,"7&",0.824476,"Correct","Correct","Correct","Correct"
"5",13,"1_2_stimuli","1_2","Incongruent","Congruent","Incongruent","Incongruent",25.999793,26.199782,"2@",0.696507,"Correct","Correct","Correct","Correct"
"5",14,"3_4_stimuli","3_3","Congruent","Incongruent","Congruent","Incongruent",27.999777,28.19977,"3#",0.520777,"Correct","Correct","Correct","Correct"
"5",15,"5_6_stimuli","5_6","Incongruent","Congruent","Incongruent","Congruent",29.999751,30.199748,"6^",0.872697,"Correct","Correct","Correct","Correct"
"5",16,"7_8_stimuli","8_7","Incongruent","Incongruent","Congruent","Incongruent",31.999732,32.199741,"7&",0.600889,"Correct","Correct","Correct","Correct"
"5",17,"1_2_stimuli","2_2","Congruent","Incongruent","Incongruent","Congruent",33.999724,34.199715,"2@",0.616907,"Correct","Correct","Correct","Correct"
"5",18,"3_4_stimuli","4_4","Congruent","Congruent","Incongruent","Incongruent",35.999702,36.199694,"4$",0.66424,"Correct","Correct","Correct","Correct"
"5",19,"5_6_stimuli","5_5","Congruent","Congruent","Congruent","Incongruent",37.999699,38.19969,"5%",0.712384,"Correct","Correct","Correct","Correct"
"5",20,"7_8_stimuli","8_7","Incongruent","Congruent","Congruent","Congruent",39.999674,40.199669,"7&",0.680924,"Correct","Correct","Correct","Correct"
"5",21,"1_2_stimuli","1_1","Congruent","Incongruent","Congruent","Congruent",41.999649,42.19965,"1!",0.664813,"Correct","Correct","Correct","Correct"
"5",22,"3_4_stimuli","3_4","Incongruent","Congruent","Incongruent","Congruent",43.999634,44.199634,"4$",1.192557,"Correct","Correct","Correct","Correct"
"5",23,"5_6_stimuli","6_6","Congruent","Incongruent","Congruent","Incongruent",45.999621,46.199613,"6^",0.840305,"Correct","Correct","Correct","Correct"
"5",24,"7_8_stimuli","7_7","Congruent","Congruent","Incongruent","Congruent",47.999584,48.199623,"7&",0.473189,"Correct","Correct","Correct","Correct"
"5",25,"1_2_stimuli","2_1","Incongruent","Congruent","Congruent","Incongruent",49.999582,50.199592,"1!",0.744359,"Correct","Correct","Correct","Correct"
"5",26,"3_4_stimuli","4_3","Incongruent","Incongruent","Congruent","Congruent",51.999571,52.199562,"3#",0.584333,"Correct","Correct","Correct","Correct"
"5",27,"5_6_stimuli","5_5","Congruent","Incongruent","Incongruent","Congruent",53.999551,54.199548,"5%",0.728339,"Correct","Correct","Correct","Correct"
"5",28,"7_8_stimuli","7_8","Incongruent","Congruent","Incongruent","Incongruent",55.999528,56.199535,"8*",0.648581,"Correct","Correct","Correct","Correct"
"5",29,"1_2_stimuli","2_2","Congruent","Incongruent","Congruent","Incongruent",57.999515,58.199518,"2@",0.665008,"Correct","Correct","Correct","Correct"
"5",30,"3_4_stimuli","4_4","Congruent","Congruent","Incongruent","Congruent",59.999507,60.199488,"4$",0.632784,"Correct","Correct","Correct","Correct"
"5",31,"5_6_stimuli","5_6","Incongruent","Congruent","Congruent","Incongruent",61.999486,62.199475,"6^",0.873002,"Correct","Correct","Correct","Correct"
"5",32,"7_8_stimuli","7_8","Incongruent","Incongruent","Congruent","Congruent",63.999475,64.199467,"8*",0.600403,"Correct","Correct","Correct","Correct"
"5",33,"1_2_stimuli","2_1","Incongruent","Incongruent","Incongruent","Congruent",65.99945,66.199449,"1!",0.680882,"Correct","Correct","Correct","Correct"
"5",34,"3_4_stimuli","4_4","Congruent","Incongruent","Incongruent","Incongruent",67.999428,68.199429,"4$",0.984532,"Correct","Correct","Correct","Correct"
"5",35,"5_6_stimuli","5_6","Incongruent","Congruent","Incongruent","Incongruent",69.99941,70.199411,"6^",0.616799,"Correct","Correct","Correct","Correct"
"5",36,"7_8_stimuli","8_8","Congruent","Incongruent","Congruent","Incongruent",71.9994,72.199394,"8*",0.520493,"Correct","Correct","Correct","Correct"
"5",37,"1_2_stimuli","2_2","Congruent","Congruent","Incongruent","Congruent",73.999391,74.199383,"2@",0.69705,"Correct","Correct","Correct","Correct"
"5",38,"3_4_stimuli","3_3","Congruent","Congruent","Congruent","Incongruent",75.999366,76.199355,"3#",0.600701,"Correct","Correct","Correct","Correct"
"5",39,"5_6_stimuli","6_6","Congruent","Congruent","Congruent","Congruent",77.99935,78.199349,"8*",0.584977,"Error","Correct","Correct","Correct"
"5",40,"7_8_stimuli","8_8","Congruent","Congruent","Congruent","Congruent",79.999327,80.199334,"8*",0.520514,"Correct","Error","Correct","Correct"
"5",41,"1_2_stimuli","1_2","Incongruent","Congruent","Congruent","Congruent",81.999315,82.19931,"2@",0.888791,"Correct","Correct","Error","Correct"
"5",42,"3_4_stimuli","4_4","Congruent","Incongruent","Congruent","Congruent",83.999303,84.199297,"4$",0.776883,"Correct","Correct","Correct","Error"
"5",43,"5_6_stimuli","6_6","Congruent","Congruent","Incongruent","Congruent",85.999275,86.199285,"6^",0.777231,"Correct","Correct","Correct","Correct"
"5",44,"7_8_stimuli","7_8","Incongruent","Congruent","Congruent","Incongruent",87.999264,88.199262,"8*",0.648627,"Correct","Correct","Correct","Correct"
"5",45,"1_2_stimuli","2_1","Incongruent","Incongruent","Congruent","Congruent",89.999242,90.199238,"1!",0.632615,"Correct","Correct","Correct","Correct"
"5",46,"3_4_stimuli","4_3","Incongruent","Incongruent","Incongruent","Congruent",91.999227,92.199227,"3#",0.553141,"Correct","Correct","Correct","Correct"
"5",47,"5_6_stimuli","6_6","Congruent","Incongruent","Incongruent","Incongruent",93.999208,94.199209,"6^",1.017822,"Correct","Correct","Correct","Correct"
"5",48,"7_8_stimuli","7_7","Congruent","Congruent","Incongruent","Incongruent",95.999208,96.199196,"7&",0.728633,"Correct","Correct","Correct","Correct"
"5",49,"1_2_stimuli","1_1","Congruent","Congruent","Congruent","Incongruent",97.999184,98.199179,"1!",0.680939,"Correct","Correct","Correct","Correct"
"5",50,"3_4_stimuli","4_3","Incongruent","Congruent","Congruent","Congruent",99.999159,100.199159,"3#",0.617359,"Correct","Correct","Correct","Correct"
"5",51,"5_6_stimuli","6_5","Incongruent","Incongruent","Congruent","Congruent",101.999144,102.199149,"5%",1.081388,"Correct","Correct","Correct","Correct"
"5",52,"7_8_stimuli","7_8","Incongruent","Incongruent","Incongruent","Congruent",103.999128,104.199121,"8*",0.712753,"Correct","Correct","Correct","Correct"
"5",53,"1_2_stimuli","1_2","Incongruent","Incongruent","Incongruent","Incongruent",105.999109,106.199114,"2@",0.664755,"Correct","Correct","Correct","Correct"
"5",54,"3_4_stimuli","3_4","Incongruent","Incongruent","Incongruent","Incongruent",107.999093,108.199095,"4$",0.872916,"Correct","Correct","Correct","Correct"
"5",55,"5_6_stimuli","5_6","Incongruent","Incongruent","Incongruent","Incongruent",109.999074,110.199081,"6^",1.049445,"Correct","Correct","Correct","Correct"
"5",56,"7_8_stimuli","7_7","Congruent","Incongruent","Incongruent","Incongruent",111.999057,112.199064,"7&",0.617062,"Correct","Correct","Correct","Correct"
"5",57,"1_2_stimuli","1_1","Congruent","Congruent","Incongruent","Incongruent",113.999045,114.199039,"1!",0.617384,"Correct","Correct","Correct","Correct"
"5",58,"3_4_stimuli","3_4","Incongruent","Congruent","Congruent","Incongruent",115.999033,116.199033,"4$",0.873204,"Correct","Correct","Correct","Correct"
"5",59,"5_6_stimuli","5_5","Congruent","Incongruent","Congruent","Congruent",117.999013,118.199013,"5%",1.193308,"Correct","Correct","Correct","Correct"
"5",60,"7_8_stimuli","8_7","Incongruent","Congruent","Incongruent","Congruent",119.998988,120.198993,"7&",0.80883,"Correct","Correct","Correct","Correct"
"5",61,"1_2_stimuli","2_1","Incongruent","Incongruent","Congruent","Incongruent",121.998985,122.198971,"1!",0.760864,"Correct","Correct","Correct","Correct"
"5",62,"3_4_stimuli","3_3","Congruent","Incongruent","Incongruent","Congruent",123.998959,124.198963,"3#",0.729067,"Correct","Correct","Correct","Correct"
"5",63,"5_6_stimuli","5_5","Congruent","Congruent","Incongruent","Incongruent",125.998946,126.198937,"5%",0.921436,"Correct","Correct","Correct","Correct"
"5",64,"7_8_stimuli","8_8","Congruent","Congruent","Congruent","Incongruent",127.998934,128.19892,"8*",0.69688,"Correct","Correct","Correct","Correct"
"5",65,"1_2_stimuli","1_1","Congruent","Congruent","Congruent","Congruent",129.998908,130.198913,"1!",0.713545,"Correct","Correct","Correct","Correct"
"5",66,"3_4_stimuli","3_3","Congruent","Congruent","Congruent","Congruent",131.998901,132.198891,"3#",0.712973,"Correct","Correct","Correct","Correct"
"5",67,"5_6_stimuli","6_5","Incongruent","Congruent","Congruent","Congruent",133.998878,134.198875,"5%",0.809594,"Correct","Correct","Correct","Correct"
"5",68,"7_8_stimuli","8_8","Congruent","Incongruent","Congruent","Congruent",135.998865,136.19887,"8*",0.665533,"Correct","Correct","Correct","Correct"
"6",1,"1_2_stimuli","1_1","Congruent",NA,NA,NA,1.999986,2.199983,"1!",0.671595,"Correct",NA,NA,NA
"6",2,"3_4_stimuli","4_3","Incongruent","Congruent",NA,NA,3.999967,4.199972,"3#",0.527045,"Correct","Correct",NA,NA
"6",3,"5_6_stimuli","6_5","Incongruent","Incongruent","Congruent",NA,5.999946,6.199954,"5%",0.639395,"Correct","Correct","Correct",NA
"6",4,"7_8_stimuli","7_7","Congruent","Incongruent","Incongruent","Congruent",7.999932,8.199928,"7&",0.687236,"Correct","Correct","Correct","Correct"
"6",5,"1_2_stimuli","2_2","Congruent","Congruent","Incongruent","Incongruent",9.999915,10.199906,"2@",0.783867,"Correct","Correct","Correct","Correct"
"6",6,"3_4_stimuli","3_4","Incongruent","Congruent","Congruent","Incongruent",11.9999,12.199894,"4$",0.767124,"Correct","Correct","Correct","Correct"
"6",7,"5_6_stimuli","5_6","Incongruent","Incongruent","Congruent","Congruent",13.999886,14.19988,"5%",1.007117,"Error","Correct","Correct","Correct"
"6",8,"7_8_stimuli","7_8","Incongruent","Incongruent","Incongruent","Congruent",15.999869,16.199871,"8*",0.607162,"Correct","Error","Correct","Correct"
"6",9,"1_2_stimuli","1_1","Congruent","Incongruent","Incongruent","Incongruent",17.999846,18.199845,"1!",0.687309,"Correct","Correct","Error","Correct"
"6",10,"3_4_stimuli","3_3","Congruent","Congruent","Incongruent","Incongruent",19.999827,20.199832,"3#",1.487513,"Correct","Correct","Correct","Error"
"6",11,"5_6_stimuli","5_6","Incongruent","Congruent","Congruent","Incongruent",21.999826,22.199824,"6^",0.847499,"Correct","Correct","Correct","Correct"
"6",12,"7_8_stimuli","8_8","Congruent","Incongruent","Congruent","Congruent",23.999796,24.199786,"8*",0.575991,"Correct","Correct","Correct","Correct"
"6",13,"1_2_stimuli","1_2","Incongruent","Congruent","Incongruent","Congruent",25.99979,26.199784,"2@",0.719651,"Correct","Correct","Correct","Correct"
"6",14,"3_4_stimuli","4_3","Incongruent","Incongruent","Congruent","Incongruent",27.999763,28.199767,"3#",0.959673,"Correct","Correct","Correct","Correct"
"6",15,"5_6_stimuli","5_5","Congruent","Incongruent","Incongruent","Congruent",29.999747,30.199749,"5%",0.799675,"Correct","Correct","Correct","Correct"
"6",16,"7_8_stimuli","7_7","Congruent","Congruent","Incongruent","Incongruent",31.999731,32.199728,"7&",0.623655,"Correct","Correct","Correct","Correct"
"6",17,"1_2_stimuli","2_2","Congruent","Congruent","Congruent","Incongruent",33.999735,34.199717,"2@",0.607258,"Correct","Correct","Correct","Correct"
"6",18,"3_4_stimuli","4_4","Congruent","Congruent","Congruent","Congruent",35.999697,36.199705,"4$",0.751886,"Correct","Correct","Correct","Correct"
"6",19,"5_6_stimuli","6_6","Congruent","Congruent","Congruent","Congruent",37.999689,38.199682,"6^",1.119478,"Correct","Correct","Correct","Correct"
"6",20,"7_8_stimuli","8_7","Incongruent","Congruent","Congruent","Congruent",39.999664,40.199671,"7&",0.575735,"Correct","Correct","Correct","Correct"
"6",21,"1_2_stimuli","2_1","Incongruent","Incongruent","Congruent","Congruent",41.999645,42.199652,"1!",0.912063,"Correct","Correct","Correct","Correct"
"6",22,"3_4_stimuli","4_4","Congruent","Incongruent","Incongruent","Congruent",43.999635,44.199637,"4$",0.783672,"Correct","Correct","Correct","Correct"
"6",23,"5_6_stimuli","6_5","Incongruent","Congruent","Incongruent","Incongruent",45.999621,46.199611,"5%",0.767588,"Correct","Correct","Correct","Correct"
"6",24,"7_8_stimuli","7_8","Incongruent","Incongruent","Congruent","Incongruent",47.99961,48.199595,"8*",1.167373,"Correct","Correct","Correct","Correct"
"6",25,"1_2_stimuli","1_1","Congruent","Incongruent","Incongruent","Congruent",49.999583,50.199573,"1!",0.671832,"Correct","Correct","Correct","Correct"
"6",26,"3_4_stimuli","3_4","Incongruent","Congruent","Incongruent","Incongruent",51.999557,52.199561,"4$",1.103418,"Correct","Correct","Correct","Correct"
"6",27,"5_6_stimuli","5_5","Congruent","Incongruent","Congruent","Incongruent",53.999545,54.199541,"5%",0.607473,"Correct","Correct","Correct","Correct"
"6",28,"7_8_stimuli","8_8","Congruent","Congruent","Incongruent","Congruent",55.99953,56.199526,"8*",1.103989,"Correct","Correct","Correct","Correct"
"6",29,"1_2_stimuli","2_1","Incongruent","Congruent","Congruent","Incongruent",57.999516,58.199514,"1!",0.639647,"Correct","Correct","Correct","Correct"
"6",30,"3_4_stimuli","3_4","Incongruent","Incongruent","Congruent","Congruent",59.999498,60.199503,"4$",0.847529,"Correct","Correct","Correct","Correct"
"6",31,"5_6_stimuli","5_6","Incongruent","Incongruent","Incongruent","Congruent",61.999477,62.199481,"6^",1.295915,"Correct","Correct","Correct","Correct"
"6",32,"7_8_stimuli","7_8","Incongruent","Incongruent","Incongruent","Incongruent",63.999473,64.199474,"8*",0.688002,"Correct","Correct","Correct","Correct"
"6",33,"1_2_stimuli","2_1","Incongruent","Incongruent","Incongruent","Incongruent",65.999459,66.199449,"1!",0.623534,"Correct","Correct","Correct","Correct"
"6",34,"3_4_stimuli","4_3","Incongruent","Incongruent","Incongruent","Incongruent",67.99943,68.199436,"3#",0.592106,"Correct","Correct","Correct","Correct"
"6",35,"5_6_stimuli","5_5","Congruent","Incongruent","Incongruent","Incongruent",69.999416,70.199415,"5%",0.959584,"Correct","Correct","Correct","Correct"
"6",36,"7_8_stimuli","8_7","Incongruent","Congruent","Incongruent","Incongruent",71.999413,72.199394,"7&",0.783561,"Correct","Correct","Correct","Correct"
"6",37,"1_2_stimuli","2_2","Congruent","Incongruent","Congruent","Incongruent",73.999388,74.199375,"2@",0.639765,"Correct","Correct","Correct","Correct"
"6",38,"3_4_stimuli","3_3","Congruent","Congruent","Incongruent","Congruent",75.999364,76.199359,"3#",0.448158,"Correct","Correct","Correct","Correct"
"6",39,"5_6_stimuli","6_6","Congruent","Congruent","Congruent","Incongruent",77.999349,78.199347,"6^",1.263614,"Correct","Correct","Correct","Correct"
"6",40,"7_8_stimuli","8_8","Congruent","Congruent","Congruent","Congruent",79.99933,80.199332,"8*",0.655641,"Correct","Correct","Correct","Correct"
"6",41,"1_2_stimuli","2_1","Incongruent","Congruent","Congruent","Congruent",81.999315,82.199305,"1!",0.655823,"Correct","Correct","Correct","Correct"
"6",42,"3_4_stimuli","4_4","Congruent","Incongruent","Congruent","Congruent",83.999296,84.199295,"4$",0.928354,"Correct","Correct","Correct","Correct"
"6",43,"5_6_stimuli","6_5","Incongruent","Congruent","Incongruent","Congruent",85.999289,86.199274,"Omission",5000,"Omission","Correct","Correct","Correct"
"6",44,"7_8_stimuli","7_7","Congruent","Incongruent","Congruent","Incongruent",87.999266,88.19926,"7&",0.51173,"Correct","Omission","Correct","Correct"
"6",45,"1_2_stimuli","1_1","Congruent","Congruent","Incongruent","Congruent",89.999247,90.199252,"1!",0.591756,"Correct","Correct","Omission","Correct"
"6",46,"3_4_stimuli","3_3","Congruent","Congruent","Congruent","Incongruent",91.999231,92.199228,"3#",0.735733,"Correct","Correct","Correct","Omission"
"6",47,"5_6_stimuli","5_6","Incongruent","Congruent","Congruent","Congruent",93.999216,94.19921,"6^",1.151752,"Correct","Correct","Correct","Correct"
"6",48,"7_8_stimuli","7_8","Incongruent","Incongruent","Congruent","Congruent",95.9992,96.199191,"8*",0.704214,"Correct","Correct","Correct","Correct"
"6",49,"1_2_stimuli","1_2","Incongruent","Incongruent","Incongruent","Congruent",97.999175,98.199179,"2@",0.800411,"Correct","Correct","Correct","Correct"
"6",50,"3_4_stimuli","3_3","Congruent","Incongruent","Incongruent","Incongruent",99.999167,100.199164,"3#",0.560273,"Correct","Correct","Correct","Correct"
"6",51,"5_6_stimuli","5_5","Congruent","Congruent","Incongruent","Incongruent",101.999157,102.199155,"6^",0.848414,"Error","Correct","Correct","Correct"
"6",52,"7_8_stimuli","8_7","Incongruent","Congruent","Congruent","Incongruent",103.999128,104.19913,"7&",0.479851,"Correct","Error","Correct","Correct"
"6",53,"1_2_stimuli","1_1","Congruent","Incongruent","Congruent","Congruent",105.999112,106.199115,"1!",0.591863,"Correct","Correct","Error","Correct"
"6",54,"3_4_stimuli","4_3","Incongruent","Congruent","Incongruent","Congruent",107.999105,108.199091,"3#",0.655845,"Correct","Correct","Correct","Error"
"6",55,"5_6_stimuli","6_5","Incongruent","Incongruent","Congruent","Incongruent",109.999077,110.199075,"5%",0.864099,"Correct","Correct","Correct","Correct"
"6",56,"7_8_stimuli","8_8","Congruent","Incongruent","Incongruent","Congruent",111.999065,112.19906,"8*",0.640229,"Correct","Correct","Correct","Correct"
"6",57,"1_2_stimuli","1_2","Incongruent","Congruent","Incongruent","Incongruent",113.999044,114.199051,"2@",0.672441,"Correct","Correct","Correct","Correct"
"6",58,"3_4_stimuli","4_4","Congruent","Incongruent","Congruent","Incongruent",115.999035,116.199031,"4$",0.832272,"Correct","Correct","Correct","Correct"
"6",59,"5_6_stimuli","6_6","Congruent","Congruent","Incongruent","Congruent",117.999007,118.199005,"6^",0.976673,"Correct","Correct","Correct","Correct"
"6",60,"7_8_stimuli","7_7","Congruent","Congruent","Congruent","Incongruent",119.999001,120.198992,"7&",0.672158,"Correct","Correct","Correct","Correct"
"6",61,"1_2_stimuli","2_2","Congruent","Congruent","Congruent","Congruent",121.998982,122.198975,"2@",0.688043,"Correct","Correct","Correct","Correct"
"6",62,"3_4_stimuli","3_4","Incongruent","Congruent","Congruent","Congruent",123.998964,124.19896,"4$",1.12001,"Correct","Correct","Correct","Correct"
"6",63,"5_6_stimuli","6_6","Congruent","Incongruent","Congruent","Congruent",125.998945,126.198948,"6^",0.848077,"Correct","Correct","Correct","Correct"
"6",64,"7_8_stimuli","8_7","Incongruent","Congruent","Incongruent","Congruent",127.998928,128.198925,"7&",0.896209,"Correct","Correct","Correct","Correct"
"6",65,"1_2_stimuli","1_2","Incongruent","Incongruent","Congruent","Incongruent",129.998913,130.198914,"2@",0.672171,"Correct","Correct","Correct","Correct"
"6",66,"3_4_stimuli","4_3","Incongruent","Incongruent","Incongruent","Congruent",131.998895,132.198901,"3#",0.624254,"Correct","Correct","Correct","Correct"
"6",67,"5_6_stimuli","6_5","Incongruent","Incongruent","Incongruent","Incongruent",133.99888,134.198876,"5%",0.80064,"Correct","Correct","Correct","Correct"
"6",68,"7_8_stimuli","7_7","Congruent","Incongruent","Incongruent","Incongruent",135.998872,136.198863,"7&",0.688536,"Correct","Correct","Correct","Correct"
"7",1,"1_2_stimuli","2_2","Congruent",NA,NA,NA,1.999973,2.199982,"2@",0.705497,"Correct",NA,NA,NA
"7",2,"3_4_stimuli","3_4","Incongruent","Congruent",NA,NA,3.999961,4.199957,"4$",0.561494,"Correct","Correct",NA,NA
"7",3,"5_6_stimuli","5_6","Incongruent","Incongruent","Congruent",NA,5.999951,6.199941,"6^",0.88134,"Correct","Correct","Correct",NA
"7",4,"7_8_stimuli","7_7","Congruent","Incongruent","Incongruent","Congruent",7.999931,8.199926,"7&",0.528833,"Correct","Correct","Correct","Correct"
"7",5,"1_2_stimuli","2_1","Incongruent","Congruent","Incongruent","Incongruent",9.99991,10.199919,"1!",0.912851,"Correct","Correct","Correct","Correct"
"7",6,"3_4_stimuli","3_4","Incongruent","Incongruent","Congruent","Incongruent",11.999889,12.199895,"4$",0.849052,"Correct","Correct","Correct","Correct"
"7",7,"5_6_stimuli","6_5","Incongruent","Incongruent","Incongruent","Congruent",13.999877,14.199877,"5%",0.865036,"Correct","Correct","Correct","Correct"
"7",8,"7_8_stimuli","7_7","Congruent","Incongruent","Incongruent","Incongruent",15.999863,16.19987,"7&",1.152969,"Correct","Correct","Correct","Correct"
"7",9,"1_2_stimuli","2_2","Congruent","Congruent","Incongruent","Incongruent",17.999839,18.199849,"2@",0.625137,"Correct","Correct","Correct","Correct"
"7",10,"3_4_stimuli","3_3","Congruent","Congruent","Congruent","Incongruent",19.999832,20.199824,"3#",0.433838,"Correct","Correct","Correct","Correct"
"7",11,"5_6_stimuli","6_5","Incongruent","Congruent","Congruent","Congruent",21.999822,22.199808,"5%",0.784935,"Correct","Correct","Correct","Correct"
"7",12,"7_8_stimuli","8_7","Incongruent","Incongruent","Congruent","Congruent",23.999801,24.199798,"7&",0.673412,"Correct","Correct","Correct","Correct"
"7",13,"1_2_stimuli","2_2","Congruent","Incongruent","Incongruent","Congruent",25.999787,26.199777,"2@",0.609021,"Correct","Correct","Correct","Correct"
"7",14,"3_4_stimuli","4_3","Incongruent","Congruent","Incongruent","Incongruent",27.999759,28.199769,"3#",0.593064,"Correct","Correct","Correct","Correct"
"7",15,"5_6_stimuli","6_5","Incongruent","Incongruent","Congruent","Incongruent",29.999743,30.199748,"5%",0.817019,"Correct","Correct","Correct","Correct"
"7",16,"7_8_stimuli","7_8","Incongruent","Incongruent","Incongruent","Congruent",31.999746,32.199738,"8*",0.753019,"Correct","Correct","Correct","Correct"
"7",17,"1_2_stimuli","2_1","Incongruent","Incongruent","Incongruent","Incongruent",33.99972,34.199715,"1!",0.641287,"Correct","Correct","Correct","Correct"
"7",18,"3_4_stimuli","3_4","Incongruent","Incongruent","Incongruent","Incongruent",35.999699,36.199695,"4$",0.977041,"Correct","Correct","Correct","Correct"
"7",19,"5_6_stimuli","6_6","Congruent","Incongruent","Incongruent","Incongruent",37.999672,38.19968,"6^",0.833114,"Correct","Correct","Correct","Correct"
"7",20,"7_8_stimuli","8_8","Congruent","Congruent","Incongruent","Incongruent",39.999661,40.199655,"8*",1.041255,"Correct","Correct","Correct","Correct"
"7",21,"1_2_stimuli","2_1","Incongruent","Congruent","Congruent","Incongruent",41.999643,42.19965,"1!",0.625733,"Correct","Correct","Correct","Correct"
"7",22,"3_4_stimuli","4_3","Incongruent","Incongruent","Congruent","Congruent",43.999635,44.199622,"3#",0.545526,"Correct","Correct","Correct","Correct"
"7",23,"5_6_stimuli","5_5","Congruent","Incongruent","Incongruent","Congruent",45.999622,46.19962,"5%",0.817482,"Correct","Correct","Correct","Correct"
"7",24,"7_8_stimuli","7_8","Incongruent","Congruent","Incongruent","Incongruent",47.999605,48.199597,"8*",0.641164,"Correct","Correct","Correct","Correct"
"7",25,"1_2_stimuli","2_2","Congruent","Incongruent","Congruent","Incongruent",49.999577,50.199574,"2@",0.657844,"Correct","Correct","Correct","Correct"
"7",26,"3_4_stimuli","3_3","Congruent","Congruent","Incongruent","Congruent",51.99956,52.199553,"3#",0.52924,"Correct","Correct","Correct","Correct"
"7",27,"5_6_stimuli","6_6","Congruent","Congruent","Congruent","Incongruent",53.999547,54.199545,"6^",1.201159,"Correct","Correct","Correct","Correct"
"7",28,"7_8_stimuli","8_7","Incongruent","Congruent","Congruent","Congruent",55.999533,56.199532,"7&",0.593627,"Correct","Correct","Correct","Correct"
"7",29,"1_2_stimuli","1_1","Congruent","Incongruent","Congruent","Congruent",57.999517,58.199522,"1!",0.865227,"Correct","Correct","Correct","Correct"
"7",30,"3_4_stimuli","3_4","Incongruent","Congruent","Incongruent","Congruent",59.999499,60.199512,"4$",0.769279,"Correct","Correct","Correct","Correct"
"7",31,"5_6_stimuli","6_6","Congruent","Incongruent","Congruent","Incongruent",61.999483,62.199487,"7&",0.673552,"Error","Correct","Correct","Correct"
"7",32,"7_8_stimuli","8_8","Congruent","Congruent","Incongruent","Congruent",63.999472,64.199459,"8*",0.529358,"Correct","Error","Correct","Correct"
"7",33,"1_2_stimuli","1_1","Congruent","Congruent","Congruent","Incongruent",65.999458,66.199441,"1!",0.577315,"Correct","Correct","Error","Correct"
"7",34,"3_4_stimuli","4_3","Incongruent","Congruent","Congruent","Congruent",67.999431,68.199432,"3#",0.737312,"Correct","Correct","Correct","Error"
"7",35,"5_6_stimuli","5_5","Congruent","Incongruent","Congruent","Congruent",69.999412,70.199407,"5%",0.881334,"Correct","Correct","Correct","Correct"
"7",36,"7_8_stimuli","7_8","Incongruent","Congruent","Incongruent","Congruent",71.999393,72.1994,"8*",0.625366,"Correct","Correct","Correct","Correct"
"7",37,"1_2_stimuli","1_2","Incongruent","Incongruent","Congruent","Incongruent",73.999383,74.19937,"2@",0.721861,"Correct","Correct","Correct","Correct"
"7",38,"3_4_stimuli","4_3","Incongruent","Incongruent","Incongruent","Congruent",75.999366,76.199359,"3#",0.529786,"Correct","Correct","Correct","Correct"
"7",39,"5_6_stimuli","5_6","Incongruent","Incongruent","Incongruent","Incongruent",77.999338,78.199347,"6^",1.105376,"Correct","Correct","Correct","Correct"
"7",40,"7_8_stimuli","7_8","Incongruent","Incongruent","Incongruent","Incongruent",79.999334,80.19933,"8*",0.753481,"Correct","Correct","Correct","Correct"
"7",41,"1_2_stimuli","1_1","Congruent","Incongruent","Incongruent","Incongruent",81.999313,82.199322,"1!",0.674065,"Correct","Correct","Correct","Correct"
"7",42,"3_4_stimuli","3_3","Congruent","Congruent","Incongruent","Incongruent",83.999299,84.199285,"3#",0.609478,"Correct","Correct","Correct","Correct"
"7",43,"5_6_stimuli","5_6","Incongruent","Congruent","Congruent","Incongruent",85.999281,86.199285,"6^",0.833448,"Correct","Correct","Correct","Correct"
"7",44,"7_8_stimuli","8_8","Congruent","Incongruent","Congruent","Congruent",87.999271,88.199264,"8*",0.62575,"Correct","Correct","Correct","Correct"
"7",45,"1_2_stimuli","2_1","Incongruent","Congruent","Incongruent","Congruent",89.999243,90.199249,"1!",0.690111,"Correct","Correct","Correct","Correct"
"7",46,"3_4_stimuli","4_4","Congruent","Incongruent","Congruent","Incongruent",91.999221,92.199227,"4$",1.217507,"Correct","Correct","Correct","Correct"
"7",47,"5_6_stimuli","5_5","Congruent","Congruent","Incongruent","Congruent",93.999208,94.199206,"Omission",5000,"Omission","Correct","Correct","Correct"
"7",48,"7_8_stimuli","8_7","Incongruent","Congruent","Congruent","Incongruent",95.999192,96.199192,"7&",0.60957,"Correct","Omission","Correct","Correct"
"7",49,"1_2_stimuli","1_2","Incongruent","Incongruent","Congruent","Congruent",97.999181,98.199177,"2@",0.674149,"Correct","Correct","Omission","Correct"
"7",50,"3_4_stimuli","3_3","Congruent","Incongruent","Incongruent","Congruent",99.999155,100.199155,"3#",0.577568,"Correct","Correct","Correct","Omission"
"7",51,"5_6_stimuli","6_6","Congruent","Congruent","Incongruent","Incongruent",101.999146,102.199121,"6^",0.802029,"Correct","Correct","Correct","Correct"
"7",52,"7_8_stimuli","7_7","Congruent","Congruent","Congruent","Incongruent",103.999132,104.199132,"7&",0.577785,"Correct","Correct","Correct","Correct"
"7",53,"1_2_stimuli","2_2","Congruent","Congruent","Congruent","Congruent",105.999114,106.199107,"2@",0.625921,"Correct","Correct","Correct","Correct"
"7",54,"3_4_stimuli","4_4","Congruent","Congruent","Congruent","Congruent",107.999094,108.199092,"4$",0.658095,"Correct","Correct","Correct","Correct"
"7",55,"5_6_stimuli","5_5","Congruent","Congruent","Congruent","Congruent",109.999084,110.199077,"5%",1.025636,"Correct","Correct","Correct","Correct"
"7",56,"7_8_stimuli","7_7","Congruent","Congruent","Congruent","Congruent",111.999061,112.199065,"7&",0.914151,"Correct","Correct","Correct","Correct"
"7",57,"1_2_stimuli","1_2","Incongruent","Congruent","Congruent","Congruent",113.999041,114.199046,"2@",0.754178,"Correct","Correct","Correct","Correct"
"7",58,"3_4_stimuli","4_4","Congruent","Incongruent","Congruent","Congruent",115.999033,116.199023,"5%",1.218114,"Error","Correct","Correct","Correct"
"7",59,"5_6_stimuli","5_6","Incongruent","Congruent","Incongruent","Congruent",117.998998,118.199006,"6^",1.473748,"Correct","Error","Correct","Correct"
"7",60,"7_8_stimuli","8_7","Incongruent","Incongruent","Congruent","Incongruent",119.998994,120.198992,"7&",0.609744,"Correct","Correct","Error","Correct"
"7",61,"1_2_stimuli","1_2","Incongruent","Incongruent","Incongruent","Congruent",121.998984,122.198978,"2@",0.689743,"Correct","Correct","Correct","Error"
"7",62,"3_4_stimuli","4_4","Congruent","Incongruent","Incongruent","Incongruent",123.998968,124.198957,"4$",0.754104,"Correct","Correct","Correct","Correct"
"7",63,"5_6_stimuli","6_5","Incongruent","Congruent","Incongruent","Incongruent",125.998946,126.198948,"5%",0.898126,"Correct","Correct","Correct","Correct"
"7",64,"7_8_stimuli","7_7","Congruent","Incongruent","Congruent","Incongruent",127.998931,128.198923,"7&",0.609795,"Correct","Correct","Correct","Correct"
"7",65,"1_2_stimuli","1_1","Congruent","Congruent","Incongruent","Congruent",129.998915,130.198905,"1!",0.641762,"Correct","Correct","Correct","Correct"
"7",66,"3_4_stimuli","3_4","Incongruent","Congruent","Congruent","Incongruent",131.998897,132.198895,"4$",0.674477,"Correct","Correct","Correct","Correct"
"7",67,"5_6_stimuli","5_6","Incongruent","Incongruent","Congruent","Congruent",133.998884,134.198884,"6^",0.770364,"Correct","Correct","Correct","Correct"
"7",68,"7_8_stimuli","8_8","Congruent","Incongruent","Incongruent","Congruent",135.998881,136.198856,"8*",0.59387,"Correct","Correct","Correct","Correct"
"8",1,"1_2_stimuli","1_1","Congruent",NA,NA,NA,1.999977,2.199983,"1!",0.616095,"Correct",NA,NA,NA
"8",2,"3_4_stimuli","3_3","Congruent","Congruent",NA,NA,3.999962,4.199965,"3#",0.680646,"Correct","Correct",NA,NA
"8",3,"5_6_stimuli","5_6","Incongruent","Congruent","Congruent",NA,5.999952,6.199949,"6^",0.695864,"Correct","Correct","Correct",NA
"8",4,"7_8_stimuli","8_7","Incongruent","Incongruent","Congruent","Congruent",7.999928,8.199931,"7&",0.599907,"Correct","Correct","Correct","Correct"
"8",5,"1_2_stimuli","1_1","Congruent","Incongruent","Incongruent","Congruent",9.999927,10.19992,"1!",0.600415,"Correct","Correct","Correct","Correct"
"8",6,"3_4_stimuli","4_4","Congruent","Congruent","Incongruent","Incongruent",11.999915,12.199901,"4$",0.839951,"Correct","Correct","Correct","Correct"
"8",7,"5_6_stimuli","5_5","Congruent","Congruent","Congruent","Incongruent",13.999895,14.199883,"5%",1.048167,"Correct","Correct","Correct","Correct"
"8",8,"7_8_stimuli","8_8","Congruent","Congruent","Congruent","Congruent",15.999873,16.199867,"8*",0.600293,"Correct","Correct","Correct","Correct"
"8",9,"1_2_stimuli","1_2","Incongruent","Congruent","Congruent","Congruent",17.99985,18.199853,"2@",0.615949,"Correct","Correct","Correct","Correct"
"8",10,"3_4_stimuli","3_4","Incongruent","Incongruent","Congruent","Congruent",19.999836,20.199836,"4$",0.776588,"Correct","Correct","Correct","Correct"
"8",11,"5_6_stimuli","6_6","Congruent","Incongruent","Incongruent","Congruent",21.999821,22.199812,"6^",0.952331,"Correct","Correct","Correct","Correct"
"8",12,"7_8_stimuli","7_8","Incongruent","Congruent","Incongruent","Incongruent",23.999806,24.199799,"8*",0.632539,"Correct","Correct","Correct","Correct"
"8",13,"1_2_stimuli","2_2","Congruent","Incongruent","Congruent","Incongruent",25.999783,26.199791,"2@",0.712094,"Correct","Correct","Correct","Correct"
"8",14,"3_4_stimuli","3_4","Incongruent","Congruent","Incongruent","Congruent",27.999779,28.199771,"4$",0.632389,"Correct","Correct","Correct","Correct"
"8",15,"5_6_stimuli","6_6","Congruent","Incongruent","Congruent","Incongruent",29.999757,30.19975,"6^",0.536123,"Correct","Correct","Correct","Correct"
"8",16,"7_8_stimuli","7_8","Incongruent","Congruent","Incongruent","Congruent",31.999738,32.199743,"8*",0.552155,"Correct","Correct","Correct","Correct"
"8",17,"1_2_stimuli","2_1","Incongruent","Incongruent","Congruent","Incongruent",33.999729,34.19972,"2@",0.648454,"Error","Correct","Correct","Correct"
"8",18,"3_4_stimuli","3_4","Incongruent","Incongruent","Incongruent","Congruent",35.999706,36.19971,"5%",0.600136,"Error","Error","Correct","Correct"
"8",19,"5_6_stimuli","5_6","Incongruent","Incongruent","Incongruent","Incongruent",37.999682,38.199681,"6^",0.840647,"Correct","Error","Error","Correct"
"8",20,"7_8_stimuli","8_7","Incongruent","Incongruent","Incongruent","Incongruent",39.999679,40.19967,"7&",0.952597,"Correct","Correct","Error","Error"
"8",21,"1_2_stimuli","2_1","Incongruent","Incongruent","Incongruent","Incongruent",41.999657,42.199657,"1!",0.664507,"Correct","Correct","Correct","Error"
"8",22,"3_4_stimuli","4_3","Incongruent","Incongruent","Incongruent","Incongruent",43.999634,44.199637,"3#",0.680444,"Correct","Correct","Correct","Correct"
"8",23,"5_6_stimuli","6_6","Congruent","Incongruent","Incongruent","Incongruent",45.999627,46.199625,"6^",1.288497,"Correct","Correct","Correct","Correct"
"8",24,"7_8_stimuli","7_7","Congruent","Congruent","Incongruent","Incongruent",47.999609,48.199602,"7&",0.648305,"Correct","Correct","Correct","Correct"
"8",25,"1_2_stimuli","2_2","Congruent","Congruent","Congruent","Incongruent",49.99959,50.199582,"2@",0.664248,"Correct","Correct","Correct","Correct"
"8",26,"3_4_stimuli","3_3","Congruent","Congruent","Congruent","Congruent",51.999576,52.199573,"3#",0.520671,"Correct","Correct","Correct","Correct"
"8",27,"5_6_stimuli","5_5","Congruent","Congruent","Congruent","Congruent",53.999561,54.199551,"5%",0.808705,"Correct","Correct","Correct","Correct"
"8",28,"7_8_stimuli","7_8","Incongruent","Congruent","Congruent","Congruent",55.999535,56.199533,"8*",0.600801,"Correct","Correct","Correct","Correct"
"8",29,"1_2_stimuli","1_1","Congruent","Incongruent","Congruent","Congruent",57.999516,58.199524,"1!",0.856407,"Correct","Correct","Correct","Correct"
"8",30,"3_4_stimuli","3_3","Congruent","Congruent","Incongruent","Congruent",59.999505,60.199505,"3#",0.632287,"Correct","Correct","Correct","Correct"
"8",31,"5_6_stimuli","5_6","Incongruent","Congruent","Congruent","Incongruent",61.999506,62.19949,"5%",0.712706,"Error","Correct","Correct","Correct"
"8",32,"7_8_stimuli","8_8","Congruent","Incongruent","Congruent","Congruent",63.999467,64.199474,"8*",0.600302,"Correct","Error","Correct","Correct"
"8",33,"1_2_stimuli","2_1","Incongruent","Congruent","Incongruent","Congruent",65.999459,66.199448,"1!",0.79243,"Correct","Correct","Error","Correct"
"8",34,"3_4_stimuli","3_4","Incongruent","Incongruent","Congruent","Incongruent",67.999447,68.199441,"4$",0.697047,"Correct","Correct","Correct","Error"
"8",35,"5_6_stimuli","6_5","Incongruent","Incongruent","Incongruent","Congruent",69.999423,70.199411,"5%",0.936429,"Correct","Correct","Correct","Correct"
"8",36,"7_8_stimuli","8_8","Congruent","Incongruent","Incongruent","Incongruent",71.999407,72.199397,"8*",0.632718,"Correct","Correct","Correct","Correct"
"8",37,"1_2_stimuli","2_2","Congruent","Congruent","Incongruent","Incongruent",73.999391,74.19938,"2@",0.728462,"Correct","Correct","Correct","Correct"
"8",38,"3_4_stimuli","4_3","Incongruent","Congruent","Congruent","Incongruent",75.999365,76.199372,"3#",0.712916,"Correct","Correct","Correct","Correct"
"8",39,"5_6_stimuli","5_5","Congruent","Incongruent","Congruent","Congruent",77.999363,78.199362,"5%",0.968435,"Correct","Correct","Correct","Correct"
"8",40,"7_8_stimuli","7_7","Congruent","Congruent","Incongruent","Congruent",79.999339,80.199334,"7&",0.889317,"Correct","Correct","Correct","Correct"
"8",41,"1_2_stimuli","1_2","Incongruent","Congruent","Congruent","Incongruent",81.999315,82.199322,"2@",0.680545,"Correct","Correct","Correct","Correct"
"8",42,"3_4_stimuli","4_4","Congruent","Incongruent","Congruent","Congruent",83.999301,84.199309,"4$",0.616927,"Correct","Correct","Correct","Correct"
"8",43,"5_6_stimuli","6_6","Congruent","Congruent","Incongruent","Congruent",85.999292,86.199279,"6^",0.872993,"Correct","Correct","Correct","Correct"
"8",44,"7_8_stimuli","7_8","Incongruent","Congruent","Congruent","Incongruent",87.999275,88.19927,"8*",0.584568,"Correct","Correct","Correct","Correct"
"8",45,"1_2_stimuli","2_1","Incongruent","Incongruent","Congruent","Congruent",89.999254,90.199253,"1!",0.776735,"Correct","Correct","Correct","Correct"
"8",46,"3_4_stimuli","3_3","Congruent","Incongruent","Incongruent","Congruent",91.999238,92.199236,"3#",0.760787,"Correct","Correct","Correct","Correct"
"8",47,"5_6_stimuli","5_5","Congruent","Congruent","Incongruent","Incongruent",93.999216,94.199217,"5%",0.77662,"Correct","Correct","Correct","Correct"
"8",48,"7_8_stimuli","7_7","Congruent","Congruent","Congruent","Incongruent",95.999209,96.199203,"7&",0.617096,"Correct","Correct","Correct","Correct"
"8",49,"1_2_stimuli","2_2","Congruent","Congruent","Congruent","Congruent",97.999179,98.199177,"2@",0.713331,"Correct","Correct","Correct","Correct"
"8",50,"3_4_stimuli","4_3","Incongruent","Congruent","Congruent","Congruent",99.999176,100.19917,"3#",0.761262,"Correct","Correct","Correct","Correct"
"8",51,"5_6_stimuli","6_5","Incongruent","Incongruent","Congruent","Congruent",101.999155,102.199147,"5%",0.904649,"Correct","Correct","Correct","Correct"
"8",52,"7_8_stimuli","8_7","Incongruent","Incongruent","Incongruent","Congruent",103.999138,104.199129,"7&",0.872699,"Correct","Correct","Correct","Correct"
"8",53,"1_2_stimuli","1_1","Congruent","Incongruent","Incongruent","Incongruent",105.999114,106.199121,"1!",0.584723,"Correct","Correct","Correct","Correct"
"8",54,"3_4_stimuli","4_3","Incongruent","Congruent","Incongruent","Incongruent",107.999109,108.199107,"3#",0.968954,"Correct","Correct","Correct","Correct"
"8",55,"5_6_stimuli","6_5","Incongruent","Incongruent","Congruent","Incongruent",109.999092,110.19908,"5%",0.856761,"Correct","Correct","Correct","Correct"
"8",56,"7_8_stimuli","7_7","Congruent","Incongruent","Incongruent","Congruent",111.999076,112.199064,"7&",0.79344,"Correct","Correct","Correct","Correct"
"8",57,"1_2_stimuli","1_2","Incongruent","Congruent","Incongruent","Incongruent",113.999056,114.199054,"2@",0.665369,"Correct","Correct","Correct","Correct"
"8",58,"3_4_stimuli","3_3","Congruent","Incongruent","Congruent","Incongruent",115.999037,116.19903,"3#",0.568816,"Correct","Correct","Correct","Correct"
"8",59,"5_6_stimuli","5_6","Incongruent","Congruent","Incongruent","Congruent",117.999016,118.199029,"6^",0.840743,"Correct","Correct","Correct","Correct"
"8",60,"7_8_stimuli","8_8","Congruent","Incongruent","Congruent","Incongruent",119.999005,120.199002,"8*",0.648787,"Correct","Correct","Correct","Correct"
"8",61,"1_2_stimuli","1_1","Congruent","Congruent","Incongruent","Congruent",121.998993,122.198986,"1!",0.712828,"Correct","Correct","Correct","Correct"
"8",62,"3_4_stimuli","4_4","Congruent","Congruent","Congruent","Incongruent",123.998978,124.198964,"4$",1.001371,"Correct","Correct","Correct","Correct"
"8",63,"5_6_stimuli","5_6","Incongruent","Congruent","Congruent","Congruent",125.99895,126.19895,"6^",0.921361,"Correct","Correct","Correct","Correct"
"8",64,"7_8_stimuli","8_7","Incongruent","Incongruent","Congruent","Congruent",127.998942,128.198938,"7&",0.585431,"Correct","Correct","Correct","Correct"
"8",65,"1_2_stimuli","1_2","Incongruent","Incongruent","Incongruent","Congruent",129.998926,130.198919,"2@",0.617203,"Correct","Correct","Correct","Correct"
"8",66,"3_4_stimuli","4_4","Congruent","Incongruent","Incongruent","Incongruent",131.99891,132.198904,"4$",0.63288,"Correct","Correct","Correct","Correct"
"8",67,"5_6_stimuli","6_5","Incongruent","Congruent","Incongruent","Incongruent",133.998893,134.198891,"5%",0.872908,"Correct","Correct","Correct","Correct"
"8",68,"7_8_stimuli","8_7","Incongruent","Incongruent","Congruent","Incongruent",135.998875,136.198873,"7&",0.649245,"Correct","Correct","Correct","Correct"
"9",1,"1_2_stimuli","2_1","Incongruent",NA,NA,NA,1.999984,2.199979,"4$",1.465044,"Error",NA,NA,NA
"9",2,"3_4_stimuli","4_3","Incongruent","Incongruent",NA,NA,3.999967,4.199968,"3#",0.825025,"Correct","Error",NA,NA
"9",3,"5_6_stimuli","6_6","Congruent","Incongruent","Incongruent",NA,5.999949,6.199938,"6^",1.065213,"Correct","Correct","Error",NA
"9",4,"7_8_stimuli","7_8","Incongruent","Congruent","Incongruent","Incongruent",7.999927,8.199931,"8*",0.761061,"Correct","Correct","Correct","Error"
"9",5,"1_2_stimuli","2_1","Incongruent","Incongruent","Congruent","Incongruent",9.999912,10.199922,"1!",0.585078,"Correct","Correct","Correct","Correct"
"9",6,"3_4_stimuli","3_3","Congruent","Incongruent","Incongruent","Congruent",11.999895,12.199892,"3#",0.697126,"Correct","Correct","Correct","Correct"
"9",7,"5_6_stimuli","6_5","Incongruent","Congruent","Incongruent","Incongruent",13.99987,14.199881,"5%",0.873532,"Correct","Correct","Correct","Correct"
"9",8,"7_8_stimuli","7_7","Congruent","Incongruent","Congruent","Incongruent",15.999867,16.199847,"7&",0.553486,"Correct","Correct","Correct","Correct"
"9",9,"1_2_stimuli","2_2","Congruent","Congruent","Incongruent","Congruent",17.999848,18.199848,"2@",0.617655,"Correct","Correct","Correct","Correct"
"9",10,"3_4_stimuli","4_3","Incongruent","Congruent","Congruent","Incongruent",19.999842,20.199832,"3#",0.473099,"Correct","Correct","Correct","Correct"
"9",11,"5_6_stimuli","6_6","Congruent","Incongruent","Congruent","Congruent",21.999811,22.199809,"6^",1.289735,"Correct","Correct","Correct","Correct"
"9",12,"7_8_stimuli","7_8","Incongruent","Congruent","Incongruent","Congruent",23.999797,24.199806,"8*",0.761617,"Correct","Correct","Correct","Correct"
"9",13,"1_2_stimuli","1_1","Congruent","Incongruent","Congruent","Incongruent",25.999787,26.199782,"1!",0.74576,"Correct","Correct","Correct","Correct"
"9",14,"3_4_stimuli","3_4","Incongruent","Congruent","Incongruent","Congruent",27.999763,28.19976,"4$",0.761633,"Correct","Correct","Correct","Correct"
"9",15,"5_6_stimuli","6_6","Congruent","Incongruent","Congruent","Incongruent",29.999743,30.199756,"6^",0.937716,"Correct","Correct","Correct","Correct"
"9",16,"7_8_stimuli","7_7","Congruent","Congruent","Incongruent","Congruent",31.999729,32.19973,"7&",0.537628,"Correct","Correct","Correct","Correct"
"9",17,"1_2_stimuli","2_2","Congruent","Congruent","Congruent","Incongruent",33.999713,34.199716,"2@",1.081693,"Correct","Correct","Correct","Correct"
"9",18,"3_4_stimuli","3_4","Incongruent","Congruent","Congruent","Congruent",35.999698,36.199693,"4$",1.033282,"Correct","Correct","Correct","Correct"
"9",19,"5_6_stimuli","5_6","Incongruent","Incongruent","Congruent","Congruent",37.999688,38.199684,"6^",0.665281,"Correct","Correct","Correct","Correct"
"9",20,"7_8_stimuli","8_7","Incongruent","Incongruent","Incongruent","Congruent",39.999672,40.199662,"7&",0.809962,"Correct","Correct","Correct","Correct"
"9",21,"1_2_stimuli","1_2","Incongruent","Incongruent","Incongruent","Incongruent",41.999654,42.199651,"2@",0.601459,"Correct","Correct","Correct","Correct"
"9",22,"3_4_stimuli","4_4","Congruent","Incongruent","Incongruent","Incongruent",43.999631,44.199628,"4$",0.617651,"Correct","Correct","Correct","Correct"
"9",23,"5_6_stimuli","6_6","Congruent","Congruent","Incongruent","Incongruent",45.99962,46.19962,"6^",0.617777,"Correct","Correct","Correct","Correct"
"9",24,"7_8_stimuli","8_8","Congruent","Congruent","Congruent","Incongruent",47.999602,48.199593,"8*",0.76194,"Correct","Correct","Correct","Correct"
"9",25,"1_2_stimuli","1_2","Incongruent","Congruent","Congruent","Congruent",49.999578,50.199581,"2@",0.617387,"Correct","Correct","Correct","Correct"
"9",26,"3_4_stimuli","3_3","Congruent","Incongruent","Congruent","Congruent",51.999574,52.199564,"3#",0.47376,"Correct","Correct","Correct","Correct"
"9",27,"5_6_stimuli","6_5","Incongruent","Congruent","Incongruent","Congruent",53.999554,54.199556,"5%",0.873429,"Correct","Correct","Correct","Correct"
"9",28,"7_8_stimuli","7_8","Incongruent","Incongruent","Congruent","Incongruent",55.999539,56.199534,"8*",0.617426,"Correct","Correct","Correct","Correct"
"9",29,"1_2_stimuli","2_1","Incongruent","Incongruent","Incongruent","Congruent",57.999522,58.19951,"1!",0.841426,"Correct","Correct","Correct","Correct"
"9",30,"3_4_stimuli","4_3","Incongruent","Incongruent","Incongruent","Incongruent",59.999499,60.199499,"3#",0.761521,"Correct","Correct","Correct","Correct"
"9",31,"5_6_stimuli","5_5","Congruent","Incongruent","Incongruent","Incongruent",61.999489,62.199478,"5%",0.649565,"Correct","Correct","Correct","Correct"
"9",32,"7_8_stimuli","8_8","Congruent","Congruent","Incongruent","Incongruent",63.999468,64.199459,"8*",0.489935,"Correct","Correct","Correct","Correct"
"9",33,"1_2_stimuli","2_1","Incongruent","Congruent","Congruent","Incongruent",65.999448,66.199441,"1!",0.665975,"Correct","Correct","Correct","Correct"
"9",34,"3_4_stimuli","4_3","Incongruent","Incongruent","Congruent","Congruent",67.999437,68.199429,"3#",0.649443,"Correct","Correct","Correct","Correct"
"9",35,"5_6_stimuli","5_6","Incongruent","Incongruent","Incongruent","Congruent",69.999419,70.199415,"6^",0.87403,"Correct","Correct","Correct","Correct"
"9",36,"7_8_stimuli","8_8","Congruent","Incongruent","Incongruent","Incongruent",71.999399,72.199391,"8*",0.649876,"Correct","Correct","Correct","Correct"
"9",37,"1_2_stimuli","1_1","Congruent","Congruent","Incongruent","Incongruent",73.999378,74.199389,"1!",0.730296,"Correct","Correct","Correct","Correct"
"9",38,"3_4_stimuli","4_4","Congruent","Congruent","Congruent","Incongruent",75.999366,76.199358,"4$",1.033752,"Correct","Correct","Correct","Correct"
"9",39,"5_6_stimuli","5_5","Congruent","Congruent","Congruent","Congruent",77.999353,78.199354,"5%",0.617633,"Correct","Correct","Correct","Correct"
"9",40,"7_8_stimuli","7_8","Incongruent","Congruent","Congruent","Congruent",79.999329,80.199333,"8*",0.617995,"Correct","Correct","Correct","Correct"
"9",41,"1_2_stimuli","2_1","Incongruent","Incongruent","Congruent","Congruent",81.999317,82.199309,"1!",0.66599,"Correct","Correct","Correct","Correct"
"9",42,"3_4_stimuli","4_3","Incongruent","Incongruent","Incongruent","Congruent",83.999311,84.19929,"3#",0.681637,"Correct","Correct","Correct","Correct"
"9",43,"5_6_stimuli","6_5","Incongruent","Incongruent","Incongruent","Incongruent",85.999283,86.199274,"5%",0.778111,"Correct","Correct","Correct","Correct"
"9",44,"7_8_stimuli","7_8","Incongruent","Incongruent","Incongruent","Incongruent",87.99927,88.199258,"8*",0.60215,"Correct","Correct","Correct","Correct"
"9",45,"1_2_stimuli","2_2","Congruent","Incongruent","Incongruent","Incongruent",89.999245,90.199241,"2@",0.633867,"Correct","Correct","Correct","Correct"
"9",46,"3_4_stimuli","4_4","Congruent","Congruent","Incongruent","Incongruent",91.999233,92.199234,"4$",0.665861,"Correct","Correct","Correct","Correct"
"9",47,"5_6_stimuli","5_6","Incongruent","Congruent","Congruent","Incongruent",93.999218,94.199213,"5%",0.714042,"Error","Correct","Correct","Correct"
"9",48,"7_8_stimuli","8_8","Congruent","Incongruent","Congruent","Congruent",95.999197,96.199198,"8*",0.842448,"Correct","Error","Correct","Correct"
"9",49,"1_2_stimuli","1_2","Incongruent","Congruent","Incongruent","Congruent",97.999178,98.199185,"2@",0.714647,"Correct","Correct","Error","Correct"
"9",50,"3_4_stimuli","3_3","Congruent","Incongruent","Congruent","Incongruent",99.999166,100.199158,"3#",0.682204,"Correct","Correct","Correct","Error"
"9",51,"5_6_stimuli","5_5","Congruent","Congruent","Incongruent","Congruent",101.999151,102.199154,"5%",0.841939,"Correct","Correct","Correct","Correct"
"9",52,"7_8_stimuli","8_7","Incongruent","Congruent","Congruent","Incongruent",103.999134,104.19913,"7&",0.650851,"Correct","Correct","Correct","Correct"
"9",53,"1_2_stimuli","1_1","Congruent","Incongruent","Congruent","Congruent",105.999119,106.199112,"1!",0.794093,"Correct","Correct","Correct","Correct"
"9",54,"3_4_stimuli","4_4","Congruent","Congruent","Incongruent","Congruent",107.999104,108.199091,"4$",1.06603,"Correct","Correct","Correct","Correct"
"9",55,"5_6_stimuli","5_5","Congruent","Congruent","Congruent","Incongruent",109.99908,110.199079,"5%",0.601829,"Correct","Correct","Correct","Correct"
"9",56,"7_8_stimuli","7_7","Congruent","Congruent","Congruent","Congruent",111.999067,112.199063,"7&",0.585799,"Correct","Correct","Correct","Correct"
"9",57,"1_2_stimuli","1_1","Congruent","Congruent","Congruent","Congruent",113.999048,114.199055,"1!",0.6986,"Correct","Correct","Correct","Correct"
"9",58,"3_4_stimuli","3_3","Congruent","Congruent","Congruent","Congruent",115.999033,116.199027,"3#",0.794213,"Correct","Correct","Correct","Correct"
"9",59,"5_6_stimuli","6_5","Incongruent","Congruent","Congruent","Congruent",117.999013,118.199011,"5%",1.04997,"Correct","Correct","Correct","Correct"
"9",60,"7_8_stimuli","8_7","Incongruent","Incongruent","Congruent","Congruent",119.999002,120.198992,"7&",0.602164,"Correct","Correct","Correct","Correct"
"9",61,"1_2_stimuli","2_2","Congruent","Incongruent","Incongruent","Congruent",121.998983,122.198975,"2@",0.65015,"Correct","Correct","Correct","Correct"
"9",62,"3_4_stimuli","3_4","Incongruent","Congruent","Incongruent","Incongruent",123.998962,124.198972,"4$",0.666438,"Correct","Correct","Correct","Correct"
"9",63,"5_6_stimuli","5_6","Incongruent","Incongruent","Congruent","Incongruent",125.998953,126.198946,"5%",0.858405,"Error","Correct","Correct","Correct"
"9",64,"7_8_stimuli","7_7","Congruent","Incongruent","Incongruent","Congruent",127.998937,128.198927,"7&",0.698047,"Correct","Error","Correct","Correct"
"9",65,"1_2_stimuli","1_2","Incongruent","Congruent","Incongruent","Incongruent",129.998926,130.198919,"2@",0.634284,"Correct","Correct","Error","Correct"
"9",66,"3_4_stimuli","3_4","Incongruent","Incongruent","Congruent","Incongruent",131.998897,132.198894,"4$",1.32271,"Correct","Correct","Correct","Error"
"9",67,"5_6_stimuli","6_6","Congruent","Incongruent","Incongruent","Congruent",133.99888,134.198885,"6^",0.794766,"Correct","Correct","Correct","Correct"
"9",68,"7_8_stimuli","8_7","Incongruent","Congruent","Incongruent","Incongruent",135.99887,136.19886,"7&",0.53804,"Correct","Correct","Correct","Correct"
"10",1,"1_2_stimuli","2_1","Incongruent",NA,NA,NA,1.999988,2.199982,"1!",0.880791,"Correct",NA,NA,NA
"10",2,"3_4_stimuli","3_3","Congruent","Incongruent",NA,NA,3.999966,4.199965,"3#",0.880801,"Correct","Correct",NA,NA
"10",3,"5_6_stimuli","5_6","Incongruent","Congruent","Incongruent",NA,5.999954,6.199956,"6^",0.944889,"Correct","Correct","Correct",NA
"10",4,"7_8_stimuli","8_8","Congruent","Incongruent","Congruent","Incongruent",7.999945,8.199936,"8*",0.624799,"Correct","Correct","Correct","Correct"
"10",5,"1_2_stimuli","1_1","Congruent","Congruent","Incongruent","Congruent",9.999918,10.199915,"1!",0.641194,"Correct","Correct","Correct","Correct"
"10",6,"3_4_stimuli","3_4","Incongruent","Congruent","Congruent","Incongruent",11.999907,12.199907,"4$",0.817121,"Correct","Correct","Correct","Correct"
"10",7,"5_6_stimuli","6_5","Incongruent","Incongruent","Congruent","Congruent",13.999886,14.199888,"5%",0.641012,"Correct","Correct","Correct","Correct"
"10",8,"7_8_stimuli","8_8","Congruent","Incongruent","Incongruent","Congruent",15.999871,16.199866,"8*",1.024939,"Correct","Correct","Correct","Correct"
"10",9,"1_2_stimuli","2_1","Incongruent","Congruent","Incongruent","Incongruent",17.999852,18.199859,"1!",0.609174,"Correct","Correct","Correct","Correct"
"10",10,"3_4_stimuli","4_4","Congruent","Incongruent","Congruent","Incongruent",19.999842,20.199842,"4$",1.105307,"Correct","Correct","Correct","Correct"
"10",11,"5_6_stimuli","5_5","Congruent","Congruent","Incongruent","Congruent",21.999828,22.199816,"5%",0.641481,"Correct","Correct","Correct","Correct"
"10",12,"7_8_stimuli","7_8","Incongruent","Congruent","Congruent","Incongruent",23.999804,24.199803,"8*",0.609047,"Correct","Correct","Correct","Correct"
"10",13,"1_2_stimuli","1_1","Congruent","Incongruent","Congruent","Congruent",25.999791,26.199792,"1!",0.577467,"Correct","Correct","Correct","Correct"
"10",14,"3_4_stimuli","4_4","Congruent","Congruent","Incongruent","Congruent",27.999776,28.199771,"4$",0.721777,"Correct","Correct","Correct","Correct"
"10",15,"5_6_stimuli","5_6","Incongruent","Congruent","Congruent","Incongruent",29.99976,30.19975,"6^",1.05742,"Correct","Correct","Correct","Correct"
"10",16,"7_8_stimuli","7_8","Incongruent","Incongruent","Congruent","Congruent",31.99973,32.19974,"8*",0.705364,"Correct","Correct","Correct","Correct"
"10",17,"1_2_stimuli","2_1","Incongruent","Incongruent","Incongruent","Congruent",33.999723,34.199718,"1!",0.640997,"Correct","Correct","Correct","Correct"
"10",18,"3_4_stimuli","3_3","Congruent","Incongruent","Incongruent","Incongruent",35.999706,36.199706,"3#",0.849353,"Correct","Correct","Correct","Correct"
"10",19,"5_6_stimuli","6_5","Incongruent","Congruent","Incongruent","Incongruent",37.999686,38.199689,"5%",0.625464,"Correct","Correct","Correct","Correct"
"10",20,"7_8_stimuli","7_7","Congruent","Incongruent","Congruent","Incongruent",39.999669,40.199669,"8*",0.577651,"Error","Correct","Correct","Correct"
"10",21,"1_2_stimuli","1_2","Incongruent","Congruent","Incongruent","Congruent",41.999648,42.199646,"2@",0.705561,"Correct","Error","Correct","Correct"
"10",22,"3_4_stimuli","3_4","Incongruent","Incongruent","Congruent","Incongruent",43.999634,44.199633,"4$",0.737118,"Correct","Correct","Error","Correct"
"10",23,"5_6_stimuli","6_6","Congruent","Incongruent","Incongruent","Congruent",45.999615,46.199624,"6^",0.881782,"Correct","Correct","Correct","Error"
"10",24,"7_8_stimuli","8_7","Incongruent","Congruent","Incongruent","Incongruent",47.999604,48.199606,"7&",0.545823,"Correct","Correct","Correct","Correct"
"10",25,"1_2_stimuli","2_2","Congruent","Incongruent","Congruent","Incongruent",49.999587,50.199579,"2@",0.5458,"Correct","Correct","Correct","Correct"
"10",26,"3_4_stimuli","4_3","Incongruent","Congruent","Incongruent","Congruent",51.999579,52.19957,"3#",0.577323,"Correct","Correct","Correct","Correct"
"10",27,"5_6_stimuli","6_5","Incongruent","Incongruent","Congruent","Incongruent",53.999557,54.19956,"5%",0.689134,"Correct","Correct","Correct","Correct"
"10",28,"7_8_stimuli","8_7","Incongruent","Incongruent","Incongruent","Congruent",55.999542,56.199546,"7&",0.609501,"Correct","Correct","Correct","Correct"
"10",29,"1_2_stimuli","1_2","Incongruent","Incongruent","Incongruent","Incongruent",57.999523,58.199518,"2@",0.737537,"Correct","Correct","Correct","Correct"
"10",30,"3_4_stimuli","4_3","Incongruent","Incongruent","Incongruent","Incongruent",59.999506,60.199504,"3#",0.545266,"Correct","Correct","Correct","Correct"
"10",31,"5_6_stimuli","5_5","Congruent","Incongruent","Incongruent","Incongruent",61.999491,62.199494,"5%",1.041823,"Correct","Correct","Correct","Correct"
"10",32,"7_8_stimuli","7_7","Congruent","Congruent","Incongruent","Incongruent",63.999465,64.19947,"7&",0.465895,"Correct","Correct","Correct","Correct"
"10",33,"1_2_stimuli","1_1","Congruent","Congruent","Congruent","Incongruent",65.999456,66.199461,"1!",0.625656,"Correct","Correct","Correct","Correct"
"10",34,"3_4_stimuli","3_3","Congruent","Congruent","Congruent","Congruent",67.99944,68.199427,"3#",0.513636,"Correct","Correct","Correct","Correct"
"10",35,"5_6_stimuli","6_6","Congruent","Congruent","Congruent","Congruent",69.999419,70.199424,"6^",1.073389,"Correct","Correct","Correct","Correct"
"10",36,"7_8_stimuli","7_8","Incongruent","Congruent","Congruent","Congruent",71.999409,72.199404,"8*",0.593849,"Correct","Correct","Correct","Correct"
"10",37,"1_2_stimuli","1_2","Incongruent","Incongruent","Congruent","Congruent",73.999395,74.199396,"2@",0.657322,"Correct","Correct","Correct","Correct"
"10",38,"3_4_stimuli","4_3","Incongruent","Incongruent","Incongruent","Congruent",75.999371,76.199367,"3#",0.593347,"Correct","Correct","Correct","Correct"
"10",39,"5_6_stimuli","5_6","Incongruent","Incongruent","Incongruent","Incongruent",77.999358,78.199353,"6^",1.09015,"Correct","Correct","Correct","Correct"
"10",40,"7_8_stimuli","7_8","Incongruent","Incongruent","Incongruent","Incongruent",79.999345,80.199337,"8*",0.593372,"Correct","Correct","Correct","Correct"
"10",41,"1_2_stimuli","2_2","Congruent","Incongruent","Incongruent","Incongruent",81.999325,82.199323,"2@",0.64158,"Correct","Correct","Correct","Correct"
"10",42,"3_4_stimuli","3_3","Congruent","Congruent","Incongruent","Incongruent",83.999315,84.199304,"3#",0.561898,"Correct","Correct","Correct","Correct"
"10",43,"5_6_stimuli","6_6","Congruent","Congruent","Congruent","Incongruent",85.999286,86.199278,"6^",0.817618,"Correct","Correct","Correct","Correct"
"10",44,"7_8_stimuli","7_7","Congruent","Congruent","Congruent","Congruent",87.999264,88.199273,"7&",0.545852,"Correct","Correct","Correct","Correct"
"10",45,"1_2_stimuli","2_1","Incongruent","Congruent","Congruent","Congruent",89.999256,90.199259,"1!",0.641973,"Correct","Correct","Correct","Correct"
"10",46,"3_4_stimuli","4_4","Congruent","Incongruent","Congruent","Congruent",91.99924,92.199241,"4$",0.657633,"Correct","Correct","Correct","Correct"
"10",47,"5_6_stimuli","5_6","Incongruent","Congruent","Incongruent","Congruent",93.999216,94.19922,"6^",0.81749,"Correct","Correct","Correct","Correct"
"10",48,"7_8_stimuli","8_7","Incongruent","Incongruent","Congruent","Incongruent",95.999204,96.199204,"7&",0.513528,"Correct","Correct","Correct","Correct"
"10",49,"1_2_stimuli","2_2","Congruent","Incongruent","Incongruent","Congruent",97.999191,98.199189,"2@",0.561595,"Correct","Correct","Correct","Correct"
"10",50,"3_4_stimuli","3_4","Incongruent","Congruent","Incongruent","Incongruent",99.999172,100.199172,"4$",0.561547,"Correct","Correct","Correct","Correct"
"10",51,"5_6_stimuli","5_5","Congruent","Incongruent","Congruent","Incongruent",101.999148,102.199154,"5%",0.5296,"Correct","Correct","Correct","Correct"
"10",52,"7_8_stimuli","8_7","Incongruent","Congruent","Incongruent","Congruent",103.999132,104.199139,"7&",0.497664,"Correct","Correct","Correct","Correct"
"10",53,"1_2_stimuli","1_2","Incongruent","Incongruent","Congruent","Incongruent",105.999115,106.199126,"2@",0.561596,"Correct","Correct","Correct","Correct"
"10",54,"3_4_stimuli","4_4","Congruent","Incongruent","Incongruent","Congruent",107.999105,108.199105,"4$",0.658298,"Correct","Correct","Correct","Correct"
"10",55,"5_6_stimuli","5_5","Congruent","Congruent","Incongruent","Incongruent",109.999093,110.199081,"5%",0.817982,"Correct","Correct","Correct","Correct"
"10",56,"7_8_stimuli","7_7","Congruent","Congruent","Congruent","Incongruent",111.999074,112.199071,"7&",0.593813,"Correct","Correct","Correct","Correct"
"10",57,"1_2_stimuli","2_2","Congruent","Congruent","Congruent","Congruent",113.999054,114.199047,"2@",0.642069,"Correct","Correct","Correct","Correct"
"10",58,"3_4_stimuli","4_3","Incongruent","Congruent","Congruent","Congruent",115.999045,116.199041,"3#",0.514215,"Correct","Correct","Correct","Correct"
"10",59,"5_6_stimuli","6_6","Congruent","Incongruent","Congruent","Congruent",117.999023,118.19902,"6^",0.817679,"Correct","Correct","Correct","Correct"
"10",60,"7_8_stimuli","8_8","Congruent","Congruent","Incongruent","Congruent",119.999006,120.199005,"8*",0.67419,"Correct","Correct","Correct","Correct"
"10",61,"1_2_stimuli","2_1","Incongruent","Congruent","Congruent","Incongruent",121.998983,122.198981,"1!",0.610322,"Correct","Correct","Correct","Correct"
"10",62,"3_4_stimuli","3_4","Incongruent","Incongruent","Congruent","Congruent",123.998966,124.198972,"4$",0.785765,"Correct","Correct","Correct","Correct"
"10",63,"5_6_stimuli","5_6","Incongruent","Incongruent","Incongruent","Congruent",125.998959,126.19895,"6^",0.737726,"Correct","Correct","Correct","Correct"
"10",64,"7_8_stimuli","8_8","Congruent","Incongruent","Incongruent","Incongruent",127.998948,128.198933,"8*",0.513702,"Correct","Correct","Correct","Correct"
"10",65,"1_2_stimuli","1_1","Congruent","Congruent","Incongruent","Incongruent",129.998927,130.19892,"1!",0.754177,"Correct","Correct","Correct","Correct"
"10",66,"3_4_stimuli","3_3","Congruent","Congruent","Congruent","Incongruent",131.998912,132.19891,"3#",0.52979,"Correct","Correct","Correct","Correct"
"10",67,"5_6_stimuli","6_5","Incongruent","Congruent","Congruent","Congruent",133.998896,134.198893,"5%",1.16987,"Correct","Correct","Correct","Correct"
"10",68,"7_8_stimuli","8_8","Congruent","Incongruent","Congruent","Congruent",135.998878,136.198876,"8*",1.458387,"Correct","Correct","Correct","Correct"
"11",1,"1_2_stimuli","1_2","Incongruent",NA,NA,NA,1.999988,2.199989,"1!",0.584071,"Error",NA,NA,NA
"11",2,"3_4_stimuli","3_4","Incongruent","Incongruent",NA,NA,3.999979,4.19997,"4$",1.015738,"Correct","Error",NA,NA
"11",3,"5_6_stimuli","6_5","Incongruent","Incongruent","Incongruent",NA,5.999963,6.19996,"6^",1.176235,"Error","Correct","Error",NA
"11",4,"7_8_stimuli","8_8","Congruent","Incongruent","Incongruent","Incongruent",7.999937,8.19995,"8*",0.520192,"Correct","Error","Correct","Error"
"11",5,"1_2_stimuli","1_1","Congruent","Congruent","Incongruent","Incongruent",9.999924,10.199931,"1!",0.584314,"Correct","Correct","Error","Correct"
"11",6,"3_4_stimuli","4_4","Congruent","Congruent","Congruent","Incongruent",11.999903,12.1999,"4$",0.776148,"Correct","Correct","Correct","Error"
"11",7,"5_6_stimuli","5_5","Congruent","Congruent","Congruent","Congruent",13.999899,14.19989,"5%",0.552363,"Correct","Correct","Correct","Correct"
"11",8,"7_8_stimuli","8_8","Congruent","Congruent","Congruent","Congruent",15.999871,16.199882,"8*",0.535949,"Correct","Correct","Correct","Correct"
"11",9,"1_2_stimuli","1_2","Incongruent","Congruent","Congruent","Congruent",17.999861,18.199858,"2@",0.631985,"Correct","Correct","Correct","Correct"
"11",10,"3_4_stimuli","3_3","Congruent","Incongruent","Congruent","Congruent",19.999853,20.199852,"3#",0.472021,"Correct","Correct","Correct","Correct"
"11",11,"5_6_stimuli","5_6","Incongruent","Congruent","Incongruent","Congruent",21.999818,22.199832,"6^",0.744102,"Correct","Correct","Correct","Correct"
"11",12,"7_8_stimuli","8_7","Incongruent","Incongruent","Congruent","Incongruent",23.999809,24.199809,"7&",0.552431,"Correct","Correct","Correct","Correct"
"11",13,"1_2_stimuli","1_2","Incongruent","Incongruent","Incongruent","Congruent",25.999799,26.199798,"2@",0.728808,"Correct","Correct","Correct","Correct"
"11",14,"3_4_stimuli","3_4","Incongruent","Incongruent","Incongruent","Incongruent",27.999778,28.199783,"4$",0.664492,"Correct","Correct","Correct","Correct"
"11",15,"5_6_stimuli","6_6","Congruent","Incongruent","Incongruent","Incongruent",29.99977,30.199767,"6^",1.112065,"Correct","Correct","Correct","Correct"
"11",16,"7_8_stimuli","8_7","Incongruent","Congruent","Incongruent","Incongruent",31.999738,32.199747,"7&",0.76085,"Correct","Correct","Correct","Correct"
"11",17,"1_2_stimuli","2_2","Congruent","Incongruent","Congruent","Incongruent",33.999728,34.199726,"2@",0.712816,"Correct","Correct","Correct","Correct"
"11",18,"3_4_stimuli","3_3","Congruent","Congruent","Incongruent","Congruent",35.999712,36.199703,"3#",0.440179,"Correct","Correct","Correct","Correct"
"11",19,"5_6_stimuli","5_6","Incongruent","Congruent","Congruent","Incongruent",37.999693,38.199695,"6^",0.840391,"Correct","Correct","Correct","Correct"
"11",20,"7_8_stimuli","8_7","Incongruent","Incongruent","Congruent","Congruent",39.999688,40.199678,"7&",0.5848,"Correct","Correct","Correct","Correct"
"11",21,"1_2_stimuli","2_2","Congruent","Incongruent","Incongruent","Congruent",41.999661,42.199657,"2@",0.664765,"Correct","Correct","Correct","Correct"
"11",22,"3_4_stimuli","3_4","Incongruent","Congruent","Incongruent","Incongruent",43.999645,44.199652,"4$",0.616431,"Correct","Correct","Correct","Correct"
"11",23,"5_6_stimuli","6_5","Incongruent","Incongruent","Congruent","Incongruent",45.999632,46.199631,"5%",0.745238,"Correct","Correct","Correct","Correct"
"11",24,"7_8_stimuli","7_7","Congruent","Incongruent","Incongruent","Congruent",47.999616,48.199608,"7&",0.632266,"Correct","Correct","Correct","Correct"
"11",25,"1_2_stimuli","2_1","Incongruent","Congruent","Incongruent","Incongruent",49.999598,50.199595,"2@",0.600231,"Error","Correct","Correct","Correct"
"11",26,"3_4_stimuli","3_3","Congruent","Incongruent","Congruent","Incongruent",51.999585,52.199576,"3#",0.840262,"Correct","Error","Correct","Correct"
"11",27,"5_6_stimuli","6_6","Congruent","Congruent","Incongruent","Congruent",53.999562,54.199565,"6^",0.888791,"Correct","Correct","Error","Correct"
"11",28,"7_8_stimuli","8_8","Congruent","Congruent","Congruent","Incongruent",55.999556,56.199548,"8*",0.648283,"Correct","Correct","Correct","Error"
"11",29,"1_2_stimuli","1_1","Congruent","Congruent","Congruent","Congruent",57.999533,58.199537,"1!",0.616308,"Correct","Correct","Correct","Correct"
"11",30,"3_4_stimuli","3_3","Congruent","Congruent","Congruent","Congruent",59.999515,60.199521,"3#",0.63231,"Correct","Correct","Correct","Correct"
"11",31,"5_6_stimuli","5_6","Incongruent","Congruent","Congruent","Congruent",61.999495,62.199502,"6^",0.744353,"Correct","Correct","Correct","Correct"
"11",32,"7_8_stimuli","8_8","Congruent","Incongruent","Congruent","Congruent",63.99949,64.199482,"8*",0.600962,"Correct","Correct","Correct","Correct"
"11",33,"1_2_stimuli","2_1","Incongruent","Congruent","Incongruent","Congruent",65.999468,66.19947,"1!",0.696903,"Correct","Correct","Correct","Correct"
"11",34,"3_4_stimuli","4_3","Incongruent","Incongruent","Congruent","Incongruent",67.999457,68.199456,"3#",0.665092,"Correct","Correct","Correct","Correct"
"11",35,"5_6_stimuli","5_5","Congruent","Incongruent","Incongruent","Congruent",69.99944,70.199428,"5%",0.680611,"Correct","Correct","Correct","Correct"
"11",36,"7_8_stimuli","8_8","Congruent","Congruent","Incongruent","Incongruent",71.999409,72.199404,"8*",0.505066,"Correct","Correct","Correct","Correct"
"11",37,"1_2_stimuli","1_2","Incongruent","Congruent","Congruent","Incongruent",73.999401,74.199399,"2@",0.696959,"Correct","Correct","Correct","Correct"
"11",38,"3_4_stimuli","4_3","Incongruent","Incongruent","Congruent","Congruent",75.999375,76.199382,"3#",0.456839,"Correct","Correct","Correct","Correct"
"11",39,"5_6_stimuli","6_5","Incongruent","Incongruent","Incongruent","Congruent",77.999366,78.199353,"5%",0.856504,"Correct","Correct","Correct","Correct"
"11",40,"7_8_stimuli","7_8","Incongruent","Incongruent","Incongruent","Incongruent",79.99935,80.199337,"8*",0.696864,"Correct","Correct","Correct","Correct"
"11",41,"1_2_stimuli","1_1","Congruent","Incongruent","Incongruent","Incongruent",81.999336,82.199335,"1!",0.600854,"Correct","Correct","Correct","Correct"
"11",42,"3_4_stimuli","4_4","Congruent","Congruent","Incongruent","Incongruent",83.999311,84.199319,"4$",0.744496,"Correct","Correct","Correct","Correct"
"11",43,"5_6_stimuli","6_6","Congruent","Congruent","Congruent","Incongruent",85.999292,86.199304,"6^",1.129129,"Correct","Correct","Correct","Correct"
"11",44,"7_8_stimuli","7_8","Incongruent","Congruent","Congruent","Congruent",87.999276,88.199283,"8*",0.616516,"Correct","Correct","Correct","Correct"
"11",45,"1_2_stimuli","2_1","Incongruent","Incongruent","Congruent","Congruent",89.999262,90.199267,"1!",0.713008,"Correct","Correct","Correct","Correct"
"11",46,"3_4_stimuli","4_4","Congruent","Incongruent","Incongruent","Congruent",91.999244,92.199251,"4$",0.712566,"Correct","Correct","Correct","Correct"
"11",47,"5_6_stimuli","5_6","Incongruent","Congruent","Incongruent","Incongruent",93.999235,94.199231,"6^",0.905156,"Correct","Correct","Correct","Correct"
"11",48,"7_8_stimuli","7_7","Congruent","Incongruent","Congruent","Incongruent",95.999216,96.199209,"7&",0.680611,"Correct","Correct","Correct","Correct"
"11",49,"1_2_stimuli","2_2","Congruent","Congruent","Incongruent","Congruent",97.999201,98.199199,"2@",0.56862,"Correct","Correct","Correct","Correct"
"11",50,"3_4_stimuli","3_4","Incongruent","Congruent","Congruent","Incongruent",99.999177,100.199177,"4$",0.824864,"Correct","Correct","Correct","Correct"
"11",51,"5_6_stimuli","6_5","Incongruent","Incongruent","Congruent","Congruent",101.99917,102.199169,"6^",0.824676,"Error","Correct","Correct","Correct"
"11",52,"7_8_stimuli","7_8","Incongruent","Incongruent","Incongruent","Congruent",103.999149,104.199151,"8*",0.649359,"Correct","Error","Correct","Correct"
"11",53,"1_2_stimuli","2_1","Incongruent","Incongruent","Incongruent","Incongruent",105.999126,106.199132,"1!",0.761081,"Correct","Correct","Error","Correct"
"11",54,"3_4_stimuli","4_4","Congruent","Incongruent","Incongruent","Incongruent",107.999108,108.199118,"4$",1.177003,"Correct","Correct","Correct","Error"
"11",55,"5_6_stimuli","5_5","Congruent","Congruent","Incongruent","Incongruent",109.999094,110.199098,"6^",0.617251,"Error","Correct","Correct","Correct"
"11",56,"7_8_stimuli","7_8","Incongruent","Congruent","Congruent","Incongruent",111.99909,112.199079,"7&",0.553057,"Error","Error","Correct","Correct"
"11",57,"1_2_stimuli","1_1","Congruent","Incongruent","Congruent","Congruent",113.999066,114.199069,"1!",0.649236,"Correct","Error","Error","Correct"
"11",58,"3_4_stimuli","3_4","Incongruent","Congruent","Incongruent","Congruent",115.999048,116.199041,"4$",0.969179,"Correct","Correct","Error","Error"
"11",59,"5_6_stimuli","6_6","Congruent","Incongruent","Congruent","Incongruent",117.999031,118.199033,"6^",1.04935,"Correct","Correct","Correct","Error"
"11",60,"7_8_stimuli","7_7","Congruent","Congruent","Incongruent","Congruent",119.999012,120.199017,"7&",0.745226,"Correct","Correct","Correct","Correct"
"11",61,"1_2_stimuli","2_2","Congruent","Congruent","Congruent","Incongruent",121.998994,122.199006,"2@",0.728821,"Correct","Correct","Correct","Correct"
"11",62,"3_4_stimuli","4_3","Incongruent","Congruent","Congruent","Congruent",123.998983,124.198982,"3#",0.697239,"Correct","Correct","Correct","Correct"
"11",63,"5_6_stimuli","5_5","Congruent","Incongruent","Congruent","Congruent",125.998966,126.198966,"5%",1.144784,"Correct","Correct","Correct","Correct"
"11",64,"7_8_stimuli","8_7","Incongruent","Congruent","Incongruent","Congruent",127.998948,128.198954,"7&",0.600852,"Correct","Correct","Correct","Correct"
"11",65,"1_2_stimuli","1_2","Incongruent","Incongruent","Congruent","Incongruent",129.998934,130.198937,"2@",0.63328,"Correct","Correct","Correct","Correct"
"11",66,"3_4_stimuli","4_3","Incongruent","Incongruent","Incongruent","Congruent",131.998922,132.198918,"3#",0.600883,"Correct","Correct","Correct","Correct"
"11",67,"5_6_stimuli","6_5","Incongruent","Incongruent","Incongruent","Incongruent",133.998898,134.198897,"5%",1.0815,"Correct","Correct","Correct","Correct"
"11",68,"7_8_stimuli","7_7","Congruent","Incongruent","Incongruent","Incongruent",135.998887,136.198879,"7&",0.569379,"Correct","Correct","Correct","Correct"
"12",1,"1_2_stimuli","2_1","Incongruent",NA,NA,NA,1.999977,2.199974,"1!",0.904966,"Correct",NA,NA,NA
"12",2,"3_4_stimuli","4_3","Incongruent","Incongruent",NA,NA,3.999972,4.199961,"3#",0.537005,"Correct","Correct",NA,NA
"12",3,"5_6_stimuli","5_6","Incongruent","Incongruent","Incongruent",NA,5.999956,6.199955,"6^",0.873072,"Correct","Correct","Correct",NA
"12",4,"7_8_stimuli","8_8","Congruent","Incongruent","Incongruent","Incongruent",7.999924,8.199934,"8*",0.53759,"Correct","Correct","Correct","Correct"
"12",5,"1_2_stimuli","1_2","Incongruent","Congruent","Incongruent","Incongruent",9.999919,10.199908,"2@",0.601238,"Correct","Correct","Correct","Correct"
"12",6,"3_4_stimuli","3_3","Congruent","Incongruent","Congruent","Incongruent",11.999901,12.199899,"3#",0.617174,"Correct","Correct","Correct","Correct"
"12",7,"5_6_stimuli","6_6","Congruent","Congruent","Incongruent","Congruent",13.999886,14.199879,"Omission",5000,"Omission","Correct","Correct","Correct"
"12",8,"7_8_stimuli","8_8","Congruent","Congruent","Congruent","Incongruent",15.999867,16.199869,"8*",0.537064,"Correct","Omission","Correct","Correct"
"12",9,"1_2_stimuli","1_1","Congruent","Congruent","Congruent","Congruent",17.999847,18.199855,"1!",0.569092,"Correct","Correct","Omission","Correct"
"12",10,"3_4_stimuli","4_4","Congruent","Congruent","Congruent","Congruent",19.999832,20.199831,"4$",0.585248,"Correct","Correct","Correct","Omission"
"12",11,"5_6_stimuli","5_5","Congruent","Congruent","Congruent","Congruent",21.999815,22.199817,"5%",0.601296,"Correct","Correct","Correct","Correct"
"12",12,"7_8_stimuli","7_8","Incongruent","Congruent","Congruent","Congruent",23.999799,24.199802,"8*",0.697182,"Correct","Correct","Correct","Correct"
"12",13,"1_2_stimuli","2_2","Congruent","Incongruent","Congruent","Congruent",25.999788,26.199779,"2@",1.081678,"Correct","Correct","Correct","Correct"
"12",14,"3_4_stimuli","3_3","Congruent","Congruent","Incongruent","Congruent",27.99977,28.199773,"3#",0.457746,"Correct","Correct","Correct","Correct"
"12",15,"5_6_stimuli","6_6","Congruent","Congruent","Congruent","Incongruent",29.999752,30.199753,"6^",1.145288,"Correct","Correct","Correct","Correct"
"12",16,"7_8_stimuli","8_8","Congruent","Congruent","Congruent","Congruent",31.999741,32.199727,"8*",0.569576,"Correct","Correct","Correct","Correct"
"12",17,"1_2_stimuli","2_1","Incongruent","Congruent","Congruent","Congruent",33.999721,34.199721,"1!",0.585194,"Correct","Correct","Correct","Correct"
"12",18,"3_4_stimuli","3_3","Congruent","Incongruent","Congruent","Congruent",35.999709,36.199709,"3#",0.553627,"Correct","Correct","Correct","Correct"
"12",19,"5_6_stimuli","5_6","Incongruent","Congruent","Incongruent","Congruent",37.999683,38.19968,"Omission",5000,"Omission","Correct","Correct","Correct"
"12",20,"7_8_stimuli","8_8","Congruent","Incongruent","Congruent","Incongruent",39.999663,40.199667,"8*",0.521845,"Correct","Omission","Correct","Correct"
"12",21,"1_2_stimuli","2_1","Incongruent","Congruent","Incongruent","Congruent",41.999648,42.199655,"1!",0.601577,"Correct","Correct","Omission","Correct"
"12",22,"3_4_stimuli","4_3","Incongruent","Incongruent","Congruent","Incongruent",43.999638,44.199626,"3#",0.521663,"Correct","Correct","Correct","Omission"
"12",23,"5_6_stimuli","5_5","Congruent","Incongruent","Incongruent","Congruent",45.999616,46.199616,"5%",0.889768,"Correct","Correct","Correct","Correct"
"12",24,"7_8_stimuli","7_7","Congruent","Congruent","Incongruent","Incongruent",47.999601,48.199605,"7&",0.71388,"Correct","Correct","Correct","Correct"
"12",25,"1_2_stimuli","2_2","Congruent","Congruent","Congruent","Incongruent",49.999585,50.199587,"2@",0.633635,"Correct","Correct","Correct","Correct"
"12",26,"3_4_stimuli","4_3","Incongruent","Congruent","Congruent","Congruent",51.999571,52.199566,"3#",0.474041,"Correct","Correct","Correct","Correct"
"12",27,"5_6_stimuli","5_5","Congruent","Incongruent","Congruent","Congruent",53.99956,54.199546,"5%",0.601341,"Correct","Correct","Correct","Correct"
"12",28,"7_8_stimuli","7_8","Incongruent","Congruent","Incongruent","Congruent",55.999527,56.199531,"8*",0.585364,"Correct","Correct","Correct","Correct"
"12",29,"1_2_stimuli","1_2","Incongruent","Incongruent","Congruent","Incongruent",57.999497,58.199527,"2@",0.617332,"Correct","Correct","Correct","Correct"
"12",30,"3_4_stimuli","3_4","Incongruent","Incongruent","Incongruent","Congruent",59.999504,60.199504,"5%",0.873776,"Error","Correct","Correct","Correct"
"12",31,"5_6_stimuli","6_5","Incongruent","Incongruent","Incongruent","Incongruent",61.999489,62.199477,"5%",0.713426,"Correct","Error","Correct","Correct"
"12",32,"7_8_stimuli","7_8","Incongruent","Incongruent","Incongruent","Incongruent",63.999468,64.199467,"8*",0.63447,"Correct","Correct","Error","Correct"
"12",33,"1_2_stimuli","2_2","Congruent","Incongruent","Incongruent","Incongruent",65.999454,66.199455,"2@",0.57062,"Correct","Correct","Correct","Error"
"12",34,"3_4_stimuli","4_4","Congruent","Congruent","Incongruent","Incongruent",67.99943,68.199437,"4$",0.762244,"Correct","Correct","Correct","Correct"
"12",35,"5_6_stimuli","6_5","Incongruent","Congruent","Congruent","Incongruent",69.999416,70.199422,"5%",0.617571,"Correct","Correct","Correct","Correct"
"12",36,"7_8_stimuli","7_7","Congruent","Incongruent","Congruent","Congruent",71.999397,72.199409,"7&",0.761937,"Correct","Correct","Correct","Correct"
"12",37,"1_2_stimuli","1_1","Congruent","Congruent","Incongruent","Congruent",73.999376,74.199388,"1!",0.569503,"Correct","Correct","Correct","Correct"
"12",38,"3_4_stimuli","3_4","Incongruent","Congruent","Congruent","Incongruent",75.999378,76.199372,"4$",0.842202,"Correct","Correct","Correct","Correct"
"12",39,"5_6_stimuli","6_5","Incongruent","Incongruent","Congruent","Congruent",77.999364,78.199345,"5%",0.633522,"Correct","Correct","Correct","Correct"
"12",40,"7_8_stimuli","7_7","Congruent","Incongruent","Incongruent","Congruent",79.999344,80.199337,"7&",0.649606,"Correct","Correct","Correct","Correct"
"12",41,"1_2_stimuli","1_1","Congruent","Congruent","Incongruent","Incongruent",81.999324,82.199322,"1!",0.553568,"Correct","Correct","Correct","Correct"
"12",42,"3_4_stimuli","4_4","Congruent","Congruent","Congruent","Incongruent",83.999298,84.199306,"4$",0.64986,"Correct","Correct","Correct","Correct"
"12",43,"5_6_stimuli","5_6","Incongruent","Congruent","Congruent","Congruent",85.99929,86.199284,"6^",1.433952,"Correct","Correct","Correct","Correct"
"12",44,"7_8_stimuli","8_7","Incongruent","Incongruent","Congruent","Congruent",87.999272,88.199268,"7&",0.873625,"Correct","Correct","Correct","Correct"
"12",45,"1_2_stimuli","1_1","Congruent","Incongruent","Incongruent","Congruent",89.999258,90.199249,"1!",0.618175,"Correct","Correct","Correct","Correct"
"12",46,"3_4_stimuli","4_3","Incongruent","Congruent","Incongruent","Incongruent",91.99923,92.19924,"3#",0.810285,"Correct","Correct","Correct","Correct"
"12",47,"5_6_stimuli","6_5","Incongruent","Incongruent","Congruent","Incongruent",93.999219,94.199216,"5%",0.809643,"Correct","Correct","Correct","Correct"
"12",48,"7_8_stimuli","7_8","Incongruent","Incongruent","Incongruent","Congruent",95.999208,96.199207,"8*",0.634488,"Correct","Correct","Correct","Correct"
"12",49,"1_2_stimuli","2_1","Incongruent","Incongruent","Incongruent","Incongruent",97.999182,98.199185,"1!",1.002408,"Correct","Correct","Correct","Correct"
"12",50,"3_4_stimuli","4_4","Congruent","Incongruent","Incongruent","Incongruent",99.99917,100.199167,"4$",0.841707,"Correct","Correct","Correct","Correct"
"12",51,"5_6_stimuli","5_5","Congruent","Congruent","Incongruent","Incongruent",101.999157,102.199152,"6^",0.9864,"Error","Correct","Correct","Correct"
"12",52,"7_8_stimuli","8_7","Incongruent","Congruent","Congruent","Incongruent",103.999142,104.199133,"7&",0.537901,"Correct","Error","Correct","Correct"
"12",53,"1_2_stimuli","2_1","Incongruent","Incongruent","Congruent","Congruent",105.999121,106.199114,"1!",0.810234,"Correct","Correct","Error","Correct"
"12",54,"3_4_stimuli","3_3","Congruent","Incongruent","Incongruent","Congruent",107.999109,108.199106,"3#",1.017954,"Correct","Correct","Correct","Error"
"12",55,"5_6_stimuli","5_6","Incongruent","Congruent","Incongruent","Incongruent",109.999081,110.199084,"6^",0.842412,"Correct","Correct","Correct","Correct"
"12",56,"7_8_stimuli","8_7","Incongruent","Incongruent","Congruent","Incongruent",111.999064,112.199066,"7&",0.617997,"Correct","Correct","Correct","Correct"
"12",57,"1_2_stimuli","1_2","Incongruent","Incongruent","Incongruent","Congruent",113.999056,114.199046,"2@",0.698107,"Correct","Correct","Correct","Correct"
"12",58,"3_4_stimuli","4_3","Incongruent","Incongruent","Incongruent","Incongruent",115.99903,116.199042,"3#",0.665845,"Correct","Correct","Correct","Correct"
"12",59,"5_6_stimuli","6_6","Congruent","Incongruent","Incongruent","Incongruent",117.999023,118.199026,"6^",0.826431,"Correct","Correct","Correct","Correct"
"12",60,"7_8_stimuli","8_7","Incongruent","Congruent","Incongruent","Incongruent",119.998999,120.199007,"7&",0.761886,"Correct","Correct","Correct","Correct"
"12",61,"1_2_stimuli","2_2","Congruent","Incongruent","Congruent","Incongruent",121.998994,122.198983,"2@",0.762564,"Correct","Correct","Correct","Correct"
"12",62,"3_4_stimuli","3_4","Incongruent","Congruent","Incongruent","Congruent",123.998971,124.198972,"4$",0.810095,"Correct","Correct","Correct","Correct"
"12",63,"5_6_stimuli","6_6","Congruent","Incongruent","Congruent","Incongruent",125.998937,126.198947,"6^",0.698445,"Correct","Correct","Correct","Correct"
"12",64,"7_8_stimuli","8_8","Congruent","Congruent","Incongruent","Congruent",127.998933,128.198935,"8*",0.570126,"Correct","Correct","Correct","Correct"
"12",65,"1_2_stimuli","1_2","Incongruent","Congruent","Congruent","Incongruent",129.998926,130.198917,"2@",0.666347,"Correct","Correct","Correct","Correct"
"12",66,"3_4_stimuli","3_4","Incongruent","Incongruent","Congruent","Congruent",131.998908,132.19891,"4$",0.954605,"Correct","Correct","Correct","Correct"
"12",67,"5_6_stimuli","5_6","Incongruent","Incongruent","Incongruent","Congruent",133.998882,134.198891,"6^",0.698279,"Correct","Correct","Correct","Correct"
"12",68,"7_8_stimuli","7_7","Congruent","Incongruent","Incongruent","Incongruent",135.998874,136.198867,"7&",0.586132,"Correct","Correct","Correct","Correct"
"13",1,"1_2_stimuli","1_2","Incongruent",NA,NA,NA,1.999983,2.199979,"2@",0.715513,"Correct",NA,NA,NA
"13",2,"3_4_stimuli","4_4","Congruent","Incongruent",NA,NA,3.999966,4.199972,"4$",0.588074,"Correct","Correct",NA,NA
"13",3,"5_6_stimuli","5_5","Congruent","Congruent","Incongruent",NA,5.999949,6.199946,"5%",0.459408,"Correct","Correct","Correct",NA
"13",4,"7_8_stimuli","7_8","Incongruent","Congruent","Congruent","Incongruent",7.999933,8.199932,"8*",0.555334,"Correct","Correct","Correct","Correct"
"13",5,"1_2_stimuli","2_2","Congruent","Incongruent","Congruent","Congruent",9.999919,10.199921,"2@",0.588015,"Correct","Correct","Correct","Correct"
"13",6,"3_4_stimuli","4_4","Congruent","Congruent","Incongruent","Congruent",11.999903,12.199895,"4$",0.66743,"Correct","Correct","Correct","Correct"
"13",7,"5_6_stimuli","5_6","Incongruent","Congruent","Congruent","Incongruent",13.999883,14.199883,"5%",0.715468,"Error","Correct","Correct","Correct"
"13",8,"7_8_stimuli","7_8","Incongruent","Incongruent","Congruent","Congruent",15.999865,16.199867,"7&",0.379517,"Error","Error","Correct","Correct"
"13",9,"1_2_stimuli","1_1","Congruent","Incongruent","Incongruent","Congruent",17.999854,18.199854,"1!",0.539769,"Correct","Error","Error","Correct"
"13",10,"3_4_stimuli","3_4","Incongruent","Congruent","Incongruent","Incongruent",19.999832,20.199837,"4$",0.620257,"Correct","Correct","Error","Error"
"13",11,"5_6_stimuli","5_5","Congruent","Incongruent","Congruent","Incongruent",21.999819,22.199817,"5%",0.460124,"Correct","Correct","Correct","Error"
"13",12,"7_8_stimuli","7_7","Congruent","Congruent","Incongruent","Congruent",23.9998,24.199804,"7&",0.507854,"Correct","Correct","Correct","Correct"
"13",13,"1_2_stimuli","2_2","Congruent","Congruent","Congruent","Incongruent",25.999782,26.199782,"2@",0.684169,"Correct","Correct","Correct","Correct"
"13",14,"3_4_stimuli","3_4","Incongruent","Congruent","Congruent","Congruent",27.999777,28.199765,"4$",0.555496,"Correct","Correct","Correct","Correct"
"13",15,"5_6_stimuli","6_6","Congruent","Incongruent","Congruent","Congruent",29.999761,30.199748,"6^",0.61987,"Correct","Correct","Correct","Correct"
"13",16,"7_8_stimuli","7_8","Incongruent","Congruent","Incongruent","Congruent",31.999727,32.199735,"8*",0.636113,"Correct","Correct","Correct","Correct"
"13",17,"1_2_stimuli","1_2","Incongruent","Incongruent","Congruent","Incongruent",33.999716,34.199718,"2@",0.540175,"Correct","Correct","Correct","Correct"
"13",18,"3_4_stimuli","4_3","Incongruent","Incongruent","Incongruent","Congruent",35.999697,36.1997,"3#",0.508077,"Correct","Correct","Correct","Correct"
"13",19,"5_6_stimuli","6_5","Incongruent","Incongruent","Incongruent","Incongruent",37.999685,38.199681,"5%",0.636332,"Correct","Correct","Correct","Correct"
"13",20,"7_8_stimuli","8_7","Incongruent","Incongruent","Incongruent","Incongruent",39.999668,40.199671,"7&",0.764171,"Correct","Correct","Correct","Correct"
"13",21,"1_2_stimuli","2_2","Congruent","Incongruent","Incongruent","Incongruent",41.999648,42.199657,"2@",0.635984,"Correct","Correct","Correct","Correct"
"13",22,"3_4_stimuli","3_3","Congruent","Congruent","Incongruent","Incongruent",43.999636,44.199638,"3#",0.507987,"Correct","Correct","Correct","Correct"
"13",23,"5_6_stimuli","5_5","Congruent","Congruent","Congruent","Incongruent",45.999626,46.199618,"5%",0.555669,"Correct","Correct","Correct","Correct"
"13",24,"7_8_stimuli","7_7","Congruent","Congruent","Congruent","Congruent",47.999608,48.199602,"7&",0.636122,"Correct","Correct","Correct","Correct"
"13",25,"1_2_stimuli","2_2","Congruent","Congruent","Congruent","Congruent",49.999588,50.199592,"2@",0.524087,"Correct","Correct","Correct","Correct"
"13",26,"3_4_stimuli","3_3","Congruent","Congruent","Congruent","Congruent",51.999575,52.199565,"3#",0.732021,"Correct","Correct","Correct","Correct"
"13",27,"5_6_stimuli","5_5","Congruent","Congruent","Congruent","Congruent",53.999555,54.19956,"5%",1.036092,"Correct","Correct","Correct","Correct"
"13",28,"7_8_stimuli","7_8","Incongruent","Congruent","Congruent","Congruent",55.999536,56.199541,"8*",0.571759,"Correct","Correct","Correct","Correct"
"13",29,"1_2_stimuli","2_1","Incongruent","Incongruent","Congruent","Congruent",57.999518,58.199514,"1!",0.875787,"Correct","Correct","Correct","Correct"
"13",30,"3_4_stimuli","3_3","Congruent","Incongruent","Incongruent","Congruent",59.999509,60.199498,"3#",0.619753,"Correct","Correct","Correct","Correct"
"13",31,"5_6_stimuli","6_6","Congruent","Congruent","Incongruent","Incongruent",61.999485,62.199487,"5%",1.16423,"Error","Correct","Correct","Correct"
"13",32,"7_8_stimuli","8_8","Congruent","Congruent","Congruent","Incongruent",63.999479,64.199468,"8*",0.540502,"Correct","Error","Correct","Correct"
"13",33,"1_2_stimuli","2_1","Incongruent","Congruent","Congruent","Congruent",65.999459,66.199445,"1!",0.747802,"Correct","Correct","Error","Correct"
"13",34,"3_4_stimuli","3_4","Incongruent","Incongruent","Congruent","Congruent",67.99943,68.199435,"4$",0.668287,"Correct","Correct","Correct","Error"
"13",35,"5_6_stimuli","6_6","Congruent","Incongruent","Incongruent","Congruent",69.999426,70.199423,"6^",0.523918,"Correct","Correct","Correct","Correct"
"13",36,"7_8_stimuli","7_7","Congruent","Congruent","Incongruent","Incongruent",71.999401,72.199395,"7&",0.604524,"Correct","Correct","Correct","Correct"
"13",37,"1_2_stimuli","1_2","Incongruent","Congruent","Congruent","Incongruent",73.999387,74.199377,"2@",0.588474,"Correct","Correct","Correct","Correct"
"13",38,"3_4_stimuli","4_4","Congruent","Incongruent","Congruent","Congruent",75.999376,76.199369,"4$",0.748363,"Correct","Correct","Correct","Correct"
"13",39,"5_6_stimuli","6_5","Incongruent","Congruent","Incongruent","Congruent",77.999351,78.199355,"5%",0.52432,"Correct","Correct","Correct","Correct"
"13",40,"7_8_stimuli","8_7","Incongruent","Incongruent","Congruent","Incongruent",79.999335,80.199331,"7&",0.540609,"Correct","Correct","Correct","Correct"
"13",41,"1_2_stimuli","1_2","Incongruent","Incongruent","Incongruent","Congruent",81.999315,82.199316,"2@",0.700724,"Correct","Correct","Correct","Correct"
"13",42,"3_4_stimuli","4_3","Incongruent","Incongruent","Incongruent","Incongruent",83.99931,84.199306,"3#",0.412493,"Correct","Correct","Correct","Correct"
"13",43,"5_6_stimuli","5_5","Congruent","Incongruent","Incongruent","Incongruent",85.999293,86.199284,"5%",0.716212,"Correct","Correct","Correct","Correct"
"13",44,"7_8_stimuli","7_8","Incongruent","Congruent","Incongruent","Incongruent",87.999281,88.199263,"8*",0.620076,"Correct","Correct","Correct","Correct"
"13",45,"1_2_stimuli","1_1","Congruent","Incongruent","Congruent","Incongruent",89.999251,90.199252,"1!",0.7008,"Correct","Correct","Correct","Correct"
"13",46,"3_4_stimuli","4_3","Incongruent","Congruent","Incongruent","Congruent",91.999235,92.199246,"3#",0.860783,"Correct","Correct","Correct","Correct"
"13",47,"5_6_stimuli","6_5","Incongruent","Incongruent","Congruent","Incongruent",93.99922,94.19922,"5%",0.956443,"Correct","Correct","Correct","Correct"
"13",48,"7_8_stimuli","8_7","Incongruent","Incongruent","Incongruent","Congruent",95.999212,96.199211,"7&",0.492016,"Correct","Correct","Correct","Correct"
"13",49,"1_2_stimuli","2_1","Incongruent","Incongruent","Incongruent","Incongruent",97.999188,98.199193,"1!",0.636223,"Correct","Correct","Correct","Correct"
"13",50,"3_4_stimuli","3_3","Congruent","Incongruent","Incongruent","Incongruent",99.99917,100.199166,"3#",0.556126,"Correct","Correct","Correct","Correct"
"13",51,"5_6_stimuli","5_6","Incongruent","Congruent","Incongruent","Incongruent",101.99915,102.19915,"6^",1.164611,"Correct","Correct","Correct","Correct"
"13",52,"7_8_stimuli","7_7","Congruent","Incongruent","Congruent","Incongruent",103.999135,104.199134,"7&",0.492805,"Correct","Correct","Correct","Correct"
"13",53,"1_2_stimuli","1_1","Congruent","Congruent","Incongruent","Congruent",105.999123,106.199123,"1!",0.540176,"Correct","Correct","Correct","Correct"
"13",54,"3_4_stimuli","4_3","Incongruent","Congruent","Congruent","Incongruent",107.999108,108.199108,"3#",0.572936,"Correct","Correct","Correct","Correct"
"13",55,"5_6_stimuli","5_6","Incongruent","Incongruent","Congruent","Congruent",109.999084,110.199081,"5%",1.436194,"Error","Correct","Correct","Correct"
"13",56,"7_8_stimuli","8_8","Congruent","Incongruent","Incongruent","Congruent",111.99907,112.199066,"8*",0.62084,"Correct","Error","Correct","Correct"
"13",57,"1_2_stimuli","1_2","Incongruent","Congruent","Incongruent","Incongruent",113.99906,114.199054,"2@",0.700691,"Correct","Correct","Error","Correct"
"13",58,"3_4_stimuli","3_4","Incongruent","Incongruent","Congruent","Incongruent",115.999035,116.199038,"4$",0.972877,"Correct","Correct","Correct","Error"
"13",59,"5_6_stimuli","6_5","Incongruent","Incongruent","Incongruent","Congruent",117.999028,118.199023,"5%",0.716288,"Correct","Correct","Correct","Correct"
"13",60,"7_8_stimuli","8_8","Congruent","Incongruent","Incongruent","Incongruent",119.999022,120.199008,"8*",0.556751,"Correct","Correct","Correct","Correct"
"13",61,"1_2_stimuli","1_1","Congruent","Congruent","Incongruent","Incongruent",121.99899,122.198985,"1!",0.589035,"Correct","Correct","Correct","Correct"
"13",62,"3_4_stimuli","4_4","Congruent","Congruent","Congruent","Incongruent",123.998977,124.198965,"4$",0.812849,"Correct","Correct","Correct","Correct"
"13",63,"5_6_stimuli","5_6","Incongruent","Congruent","Congruent","Congruent",125.998953,126.198965,"6^",0.956771,"Correct","Correct","Correct","Correct"
"13",64,"7_8_stimuli","8_8","Congruent","Incongruent","Congruent","Congruent",127.99894,128.198934,"8*",0.620846,"Correct","Correct","Correct","Correct"
"13",65,"1_2_stimuli","2_1","Incongruent","Congruent","Incongruent","Congruent",129.998921,130.198917,"1!",0.556428,"Correct","Correct","Correct","Correct"
"13",66,"3_4_stimuli","4_4","Congruent","Incongruent","Congruent","Incongruent",131.99891,132.198901,"4$",0.65287,"Correct","Correct","Correct","Correct"
"13",67,"5_6_stimuli","6_6","Congruent","Congruent","Incongruent","Congruent",133.998893,134.198889,"6^",0.780943,"Correct","Correct","Correct","Correct"
"13",68,"7_8_stimuli","8_7","Incongruent","Congruent","Congruent","Incongruent",135.998876,136.198883,"7&",0.652624,"Correct","Correct","Correct","Correct"
