"Run.Number","Trial.Number","Task","Stimulus","Current.Trial.Type","Previous.Trial.Type","Previous.Trial.Type.N2","Previous.Trial.Type.N3","StimulusOnsetTime","StimulusOffsetTime","Response","RT","Accuracy","PreviousAccuracy","PreviousAccuracy.N2","Previous.Accuracy.N3"
"practice",1,"1_2_stimuli","2_1","Incongruent",NA,NA,NA,1.999982,2.199974,"Omission",5000,"Omission",NA,NA,NA
"practice",2,"3_4_stimuli","4_4","Congruent","Incongruent",NA,NA,3.999967,4.199959,"4$",1.248784,"Correct","Omission",NA,NA
"practice",3,"5_6_stimuli","5_6","Incongruent","Congruent","Incongruent",NA,5.99995,6.199942,"5%",1.040602,"Error","Correct","Omission",NA
"practice",4,"7_8_stimuli","7_7","Congruent","Incongruent","Congruent","Incongruent",7.99993,8.199918,"7&",1.248825,"Correct","Error","Correct","Omission"
"practice",5,"1_2_stimuli","2_1","Incongruent","Congruent","Incongruent","Congruent",9.999897,10.199903,"1!",0.768946,"Correct","Correct","Error","Correct"
"practice",6,"3_4_stimuli","4_4","Congruent","Incongruent","Congruent","Incongruent",11.999892,12.199882,"4$",1.408309,"Correct","Correct","Correct","Error"
"practice",7,"5_6_stimuli","5_5","Congruent","Congruent","Incongruent","Congruent",13.999857,14.199854,"5%",0.832259,"Correct","Correct","Correct","Correct"
"practice",8,"7_8_stimuli","8_8","Congruent","Congruent","Congruent","Incongruent",15.99984,16.199834,"8*",1.168745,"Correct","Correct","Correct","Correct"
"practice",9,"1_2_stimuli","1_1","Congruent","Congruent","Congruent","Congruent",17.999848,18.19982,"1!",1.024797,"Correct","Correct","Correct","Correct"
"practice",10,"3_4_stimuli","4_4","Congruent","Congruent","Congruent","Congruent",19.999807,20.199797,"4$",1.441055,"Correct","Correct","Correct","Correct"
"practice",11,"5_6_stimuli","6_6","Congruent","Congruent","Congruent","Congruent",21.999783,22.199788,"Omission",5000,"Omission","Correct","Correct","Correct"
"practice",12,"7_8_stimuli","7_8","Incongruent","Congruent","Congruent","Congruent",23.999764,24.19976,"8*",0.864973,"Correct","Omission","Correct","Correct"
"practice",13,"1_2_stimuli","2_1","Incongruent","Incongruent","Congruent","Congruent",25.999742,26.19973,"1!",0.512409,"Correct","Correct","Omission","Correct"
"practice",14,"3_4_stimuli","3_4","Incongruent","Incongruent","Incongruent","Congruent",27.999722,28.199712,"4$",0.912459,"Correct","Correct","Correct","Omission"
"practice",15,"5_6_stimuli","6_6","Congruent","Incongruent","Incongruent","Incongruent",29.999699,30.1997,"6^",1.26443,"Correct","Correct","Correct","Correct"
"practice",16,"7_8_stimuli","8_7","Incongruent","Congruent","Incongruent","Incongruent",31.99968,32.199677,"7&",0.73705,"Correct","Correct","Correct","Correct"
"practice",17,"1_2_stimuli","1_1","Congruent","Incongruent","Congruent","Incongruent",33.999661,34.199664,"1!",0.529091,"Correct","Correct","Correct","Correct"
"practice",18,"3_4_stimuli","3_3","Congruent","Congruent","Incongruent","Congruent",35.999646,36.199648,"3#",1.07287,"Correct","Correct","Correct","Correct"
"practice",19,"5_6_stimuli","5_5","Congruent","Congruent","Congruent","Incongruent",37.999618,38.19962,"Omission",5000,"Omission","Correct","Correct","Correct"
"practice",20,"7_8_stimuli","7_7","Congruent","Congruent","Congruent","Congruent",39.999595,40.199607,"Omission",5000,"Omission","Omission","Correct","Correct"
"practice",21,"1_2_stimuli","2_1","Incongruent","Congruent","Congruent","Congruent",41.999583,42.199582,"1!",0.51285,"Correct","Omission","Omission","Correct"
"practice",22,"3_4_stimuli","4_3","Incongruent","Incongruent","Congruent","Congruent",43.999561,44.199557,"4$",0.848908,"Error","Correct","Omission","Omission"
"practice",23,"5_6_stimuli","6_5","Incongruent","Incongruent","Incongruent","Congruent",45.999545,46.199545,"6^",0.977061,"Error","Error","Correct","Omission"
"practice",24,"7_8_stimuli","7_7","Congruent","Incongruent","Incongruent","Incongruent",47.999523,48.199529,"7&",1.024939,"Correct","Error","Error","Correct"
"practice",25,"1_2_stimuli","1_2","Incongruent","Congruent","Incongruent","Incongruent",49.999501,50.1995,"2@",0.881054,"Correct","Correct","Error","Error"
"practice",26,"3_4_stimuli","4_3","Incongruent","Incongruent","Congruent","Incongruent",51.999479,52.199469,"3#",0.672968,"Correct","Correct","Correct","Error"
"practice",27,"5_6_stimuli","5_5","Congruent","Incongruent","Incongruent","Congruent",53.999451,54.19945,"5%",1.28092,"Correct","Correct","Correct","Correct"
"practice",28,"7_8_stimuli","8_8","Congruent","Congruent","Incongruent","Incongruent",55.999438,56.199443,"8*",0.817075,"Correct","Correct","Correct","Correct"
"practice",29,"1_2_stimuli","1_2","Incongruent","Congruent","Congruent","Incongruent",57.99942,58.199413,"2@",0.592632,"Correct","Correct","Correct","Correct"
"practice",30,"3_4_stimuli","3_3","Congruent","Incongruent","Congruent","Congruent",59.999403,60.199394,"3#",0.704639,"Correct","Correct","Correct","Correct"
"practice",31,"5_6_stimuli","5_6","Incongruent","Congruent","Incongruent","Congruent",61.999373,62.199375,"6^",1.009104,"Correct","Correct","Correct","Correct"
"practice",32,"7_8_stimuli","7_7","Congruent","Incongruent","Congruent","Incongruent",63.999363,64.199365,"7&",0.688676,"Correct","Correct","Correct","Correct"
"practice",33,"1_2_stimuli","2_2","Congruent","Congruent","Incongruent","Congruent",65.999331,66.199338,"2@",0.785115,"Correct","Correct","Correct","Correct"
"practice",34,"3_4_stimuli","4_3","Incongruent","Congruent","Congruent","Incongruent",67.999319,68.199313,"3#",0.736837,"Correct","Correct","Correct","Correct"
"practice",35,"5_6_stimuli","6_6","Congruent","Incongruent","Congruent","Congruent",69.999297,70.199299,"6^",0.896997,"Correct","Correct","Correct","Correct"
"practice",36,"7_8_stimuli","8_8","Congruent","Congruent","Incongruent","Congruent",71.99928,72.199279,"8*",1.184742,"Correct","Correct","Correct","Correct"
"practice",37,"1_2_stimuli","2_2","Congruent","Congruent","Congruent","Incongruent",73.999256,74.199257,"2@",0.609207,"Correct","Correct","Correct","Correct"
"practice",38,"3_4_stimuli","4_3","Incongruent","Congruent","Congruent","Congruent",75.999237,76.199243,"3#",0.529259,"Correct","Correct","Correct","Correct"
"practice",39,"5_6_stimuli","5_6","Incongruent","Incongruent","Congruent","Congruent",77.999218,78.199211,"6^",0.769343,"Correct","Correct","Correct","Correct"
"practice",40,"7_8_stimuli","8_8","Congruent","Incongruent","Incongruent","Congruent",79.999196,80.199191,"8*",0.785274,"Correct","Correct","Correct","Correct"
"practice",41,"1_2_stimuli","2_2","Congruent","Congruent","Incongruent","Incongruent",81.999172,82.199169,"2@",0.545253,"Correct","Correct","Correct","Correct"
"practice",42,"3_4_stimuli","4_4","Congruent","Congruent","Congruent","Incongruent",83.999153,84.199148,"4$",1.041216,"Correct","Correct","Correct","Correct"
"practice",43,"5_6_stimuli","5_6","Incongruent","Congruent","Congruent","Congruent",85.999133,86.199133,"6^",0.945251,"Correct","Correct","Correct","Correct"
"practice",44,"7_8_stimuli","7_8","Incongruent","Incongruent","Congruent","Congruent",87.999112,88.199106,"8*",0.544864,"Correct","Correct","Correct","Correct"
"practice",45,"1_2_stimuli","1_2","Incongruent","Incongruent","Incongruent","Congruent",89.999093,90.199094,"2@",0.544849,"Correct","Correct","Correct","Correct"
"practice",46,"3_4_stimuli","3_4","Incongruent","Incongruent","Incongruent","Incongruent",91.999072,92.199073,"4$",0.625428,"Correct","Correct","Correct","Correct"
"practice",47,"5_6_stimuli","6_5","Incongruent","Incongruent","Incongruent","Incongruent",93.999051,94.199045,"5%",0.656886,"Correct","Correct","Correct","Correct"
"practice",48,"7_8_stimuli","8_7","Incongruent","Incongruent","Incongruent","Incongruent",95.99903,96.199031,"7&",0.544897,"Correct","Correct","Correct","Correct"
"practice",49,"1_2_stimuli","1_1","Congruent","Incongruent","Incongruent","Incongruent",97.999009,98.19901,"1!",0.465572,"Correct","Correct","Correct","Correct"
"practice",50,"3_4_stimuli","3_4","Incongruent","Congruent","Incongruent","Incongruent",99.998995,100.198984,"4$",0.576949,"Correct","Correct","Correct","Correct"
"practice",51,"5_6_stimuli","5_5","Congruent","Incongruent","Congruent","Incongruent",101.998967,102.198971,"5%",0.673006,"Correct","Correct","Correct","Correct"
"practice",52,"7_8_stimuli","8_7","Incongruent","Congruent","Incongruent","Congruent",103.998951,104.198949,"7&",0.73695,"Correct","Correct","Correct","Correct"
"practice",53,"1_2_stimuli","2_1","Incongruent","Incongruent","Congruent","Incongruent",105.998928,106.198923,"1!",0.481042,"Correct","Correct","Correct","Correct"
"practice",54,"3_4_stimuli","4_4","Congruent","Incongruent","Incongruent","Congruent",107.998912,108.198904,"4$",0.624992,"Correct","Correct","Correct","Correct"
"practice",55,"5_6_stimuli","6_6","Congruent","Congruent","Incongruent","Incongruent",109.998884,110.198894,"6^",0.864999,"Correct","Correct","Correct","Correct"
"practice",56,"7_8_stimuli","7_8","Incongruent","Congruent","Congruent","Incongruent",111.99887,112.198869,"8*",0.721488,"Correct","Correct","Correct","Correct"
"practice",57,"1_2_stimuli","2_2","Congruent","Incongruent","Congruent","Congruent",113.998842,114.198842,"2@",0.913468,"Correct","Correct","Correct","Correct"
"practice",58,"3_4_stimuli","3_4","Incongruent","Congruent","Incongruent","Congruent",115.998825,116.198826,"4$",0.561554,"Correct","Correct","Correct","Correct"
"practice",59,"5_6_stimuli","5_6","Incongruent","Incongruent","Congruent","Incongruent",117.998806,118.198805,"5%",1.217613,"Error","Correct","Correct","Correct"
"practice",60,"7_8_stimuli","7_8","Incongruent","Incongruent","Incongruent","Congruent",119.998789,120.198789,"7&",0.593567,"Error","Error","Correct","Correct"
"practice",61,"1_2_stimuli","1_2","Incongruent","Incongruent","Incongruent","Incongruent",121.998767,122.198766,"2@",0.753465,"Correct","Error","Error","Correct"
"practice",62,"3_4_stimuli","3_3","Congruent","Incongruent","Incongruent","Incongruent",123.998751,124.198738,"3#",0.705538,"Correct","Correct","Error","Error"
"practice",63,"5_6_stimuli","6_5","Incongruent","Congruent","Incongruent","Incongruent",125.998733,126.198735,"5%",0.78571,"Correct","Correct","Correct","Error"
"practice",64,"7_8_stimuli","8_7","Incongruent","Incongruent","Congruent","Incongruent",127.99871,128.198706,"7&",0.849537,"Correct","Correct","Correct","Correct"
"practice",65,"1_2_stimuli","1_1","Congruent","Incongruent","Incongruent","Congruent",129.998691,130.19868,"1!",0.561155,"Correct","Correct","Correct","Correct"
"practice",66,"3_4_stimuli","3_3","Congruent","Congruent","Incongruent","Incongruent",131.998664,132.198659,"3#",0.84972,"Correct","Correct","Correct","Correct"
"practice",67,"5_6_stimuli","6_5","Incongruent","Congruent","Congruent","Incongruent",133.998652,134.198639,"5%",0.817196,"Correct","Correct","Correct","Correct"
"practice",68,"7_8_stimuli","7_7","Congruent","Incongruent","Congruent","Congruent",135.998626,136.198618,"7&",0.913178,"Correct","Correct","Correct","Correct"
"1",1,"1_2_stimuli","1_1","Congruent",NA,NA,NA,1.999978,2.199982,"1!",0.550137,"Correct",NA,NA,NA
"1",2,"3_4_stimuli","4_3","Incongruent","Congruent",NA,NA,3.999965,4.199969,"3#",0.710155,"Correct","Correct",NA,NA
"1",3,"5_6_stimuli","6_5","Incongruent","Incongruent","Congruent",NA,5.999942,6.199951,"5%",0.470749,"Correct","Correct","Correct",NA
"1",4,"7_8_stimuli","7_7","Congruent","Incongruent","Incongruent","Congruent",7.999924,8.199919,"7&",0.662411,"Correct","Correct","Correct","Correct"
"1",5,"1_2_stimuli","2_1","Incongruent","Congruent","Incongruent","Incongruent",9.999894,10.199897,"1!",0.422363,"Correct","Correct","Correct","Correct"
"1",6,"3_4_stimuli","3_3","Congruent","Incongruent","Congruent","Incongruent",11.999879,12.19989,"3#",0.678896,"Correct","Correct","Correct","Correct"
"1",7,"5_6_stimuli","6_5","Incongruent","Congruent","Incongruent","Congruent",13.999853,14.199862,"5%",0.598816,"Correct","Correct","Correct","Correct"
"1",8,"7_8_stimuli","8_7","Incongruent","Incongruent","Congruent","Incongruent",15.999839,16.199839,"7&",0.598749,"Correct","Correct","Correct","Correct"
"1",9,"1_2_stimuli","1_2","Incongruent","Incongruent","Incongruent","Congruent",17.999828,18.19982,"2@",0.566756,"Correct","Correct","Correct","Correct"
"1",10,"3_4_stimuli","4_4","Congruent","Incongruent","Incongruent","Incongruent",19.9998,20.199798,"4$",0.838753,"Correct","Correct","Correct","Correct"
"1",11,"5_6_stimuli","5_5","Congruent","Congruent","Incongruent","Incongruent",21.999785,22.199778,"5%",0.662662,"Correct","Correct","Correct","Correct"
"1",12,"7_8_stimuli","8_8","Congruent","Congruent","Congruent","Incongruent",23.999752,24.199762,"8*",0.518868,"Correct","Correct","Correct","Correct"
"1",13,"1_2_stimuli","2_1","Incongruent","Congruent","Congruent","Congruent",25.999741,26.199746,"1!",0.518702,"Correct","Correct","Correct","Correct"
"1",14,"3_4_stimuli","3_4","Incongruent","Incongruent","Congruent","Congruent",27.99972,28.199719,"5%",0.950368,"Error","Correct","Correct","Correct"
"1",15,"5_6_stimuli","6_6","Congruent","Incongruent","Incongruent","Congruent",29.999696,30.199696,"7&",0.598897,"Error","Error","Correct","Correct"
"1",16,"7_8_stimuli","8_7","Incongruent","Congruent","Incongruent","Incongruent",31.999669,32.199672,"7&",0.614309,"Correct","Error","Error","Correct"
"1",17,"1_2_stimuli","1_1","Congruent","Incongruent","Congruent","Incongruent",33.999653,34.19968,"1!",0.438387,"Correct","Correct","Error","Error"
"1",18,"3_4_stimuli","4_3","Incongruent","Congruent","Incongruent","Congruent",35.999635,36.199633,"3#",0.838399,"Correct","Correct","Correct","Error"
"1",19,"5_6_stimuli","6_5","Incongruent","Incongruent","Congruent","Incongruent",37.999606,38.199621,"5%",0.726376,"Correct","Correct","Correct","Correct"
"1",20,"7_8_stimuli","7_8","Incongruent","Incongruent","Incongruent","Congruent",39.99959,40.199599,"8*",0.646671,"Correct","Correct","Correct","Correct"
"1",21,"1_2_stimuli","1_2","Incongruent","Incongruent","Incongruent","Incongruent",41.999576,42.199574,"2@",0.534436,"Correct","Correct","Correct","Correct"
"1",22,"3_4_stimuli","4_3","Incongruent","Incongruent","Incongruent","Incongruent",43.999561,44.199544,"3#",0.742456,"Correct","Correct","Correct","Correct"
"1",23,"5_6_stimuli","5_5","Congruent","Incongruent","Incongruent","Incongruent",45.999537,46.19952,"5%",0.470804,"Correct","Correct","Correct","Correct"
"1",24,"7_8_stimuli","8_8","Congruent","Congruent","Incongruent","Incongruent",47.999507,48.199511,"8*",0.550462,"Correct","Correct","Correct","Correct"
"1",25,"1_2_stimuli","2_1","Incongruent","Congruent","Congruent","Incongruent",49.999496,50.199492,"1!",0.422784,"Correct","Correct","Correct","Correct"
"1",26,"3_4_stimuli","4_4","Congruent","Incongruent","Congruent","Congruent",51.999458,52.199472,"4$",0.806868,"Correct","Correct","Correct","Correct"
"1",27,"5_6_stimuli","6_6","Congruent","Congruent","Incongruent","Congruent",53.999452,54.199447,"6^",0.838492,"Correct","Correct","Correct","Correct"
"1",28,"7_8_stimuli","8_7","Incongruent","Congruent","Congruent","Incongruent",55.999432,56.199426,"7&",0.534989,"Correct","Correct","Correct","Correct"
"1",29,"1_2_stimuli","2_2","Congruent","Incongruent","Congruent","Congruent",57.999407,58.199409,"2@",0.598509,"Correct","Correct","Correct","Correct"
"1",30,"3_4_stimuli","4_4","Congruent","Congruent","Incongruent","Congruent",59.999392,60.199376,"4$",0.614959,"Correct","Correct","Correct","Correct"
"1",31,"5_6_stimuli","6_5","Incongruent","Congruent","Congruent","Incongruent",61.999364,62.199362,"5%",0.662606,"Correct","Correct","Correct","Correct"
"1",32,"7_8_stimuli","7_7","Congruent","Incongruent","Congruent","Congruent",63.99934,64.19934,"7&",0.742995,"Correct","Correct","Correct","Correct"
"1",33,"1_2_stimuli","2_2","Congruent","Congruent","Incongruent","Congruent",65.999325,66.199314,"2@",0.662947,"Correct","Correct","Correct","Correct"
"1",34,"3_4_stimuli","3_3","Congruent","Congruent","Congruent","Incongruent",67.999301,68.199305,"3#",0.742987,"Correct","Correct","Correct","Correct"
"1",35,"5_6_stimuli","5_6","Incongruent","Congruent","Congruent","Congruent",69.999288,70.199287,"6^",0.919153,"Correct","Correct","Correct","Correct"
"1",36,"7_8_stimuli","7_8","Incongruent","Incongruent","Congruent","Congruent",71.999261,72.19926,"8*",0.519273,"Correct","Correct","Correct","Correct"
"1",37,"1_2_stimuli","1_1","Congruent","Incongruent","Incongruent","Congruent",73.999237,74.199228,"1!",0.471098,"Correct","Correct","Correct","Correct"
"1",38,"3_4_stimuli","3_3","Congruent","Congruent","Incongruent","Incongruent",75.999224,76.199214,"3#",0.710644,"Correct","Correct","Correct","Correct"
"1",39,"5_6_stimuli","5_5","Congruent","Congruent","Congruent","Incongruent",77.999203,78.199196,"5%",0.759076,"Correct","Correct","Correct","Correct"
"1",40,"7_8_stimuli","7_8","Incongruent","Congruent","Congruent","Congruent",79.999169,80.199185,"8*",0.726732,"Correct","Correct","Correct","Correct"
"1",41,"1_2_stimuli","1_2","Incongruent","Incongruent","Congruent","Congruent",81.999167,82.199153,"2@",0.662698,"Correct","Correct","Correct","Correct"
"1",42,"3_4_stimuli","4_3","Incongruent","Incongruent","Incongruent","Congruent",83.999139,84.199126,"3#",0.614796,"Correct","Correct","Correct","Correct"
"1",43,"5_6_stimuli","6_5","Incongruent","Incongruent","Incongruent","Incongruent",85.999106,86.19911,"5%",0.583052,"Correct","Correct","Correct","Correct"
"1",44,"7_8_stimuli","7_8","Incongruent","Incongruent","Incongruent","Incongruent",87.999095,88.199085,"8*",0.502744,"Correct","Correct","Correct","Correct"
"1",45,"1_2_stimuli","1_1","Congruent","Incongruent","Incongruent","Incongruent",89.999076,90.199063,"1!",0.518747,"Correct","Correct","Correct","Correct"
"1",46,"3_4_stimuli","3_4","Incongruent","Congruent","Incongruent","Incongruent",91.999052,92.199042,"5%",0.647111,"Error","Correct","Correct","Correct"
"1",47,"5_6_stimuli","6_6","Congruent","Incongruent","Congruent","Incongruent",93.999039,94.199033,"7&",0.534806,"Error","Error","Correct","Correct"
"1",48,"7_8_stimuli","8_8","Congruent","Congruent","Incongruent","Congruent",95.999011,96.199006,"8*",0.519053,"Correct","Error","Error","Correct"
"1",49,"1_2_stimuli","2_2","Congruent","Congruent","Congruent","Incongruent",97.998995,98.19898,"2@",0.599502,"Correct","Correct","Error","Error"
"1",50,"3_4_stimuli","4_4","Congruent","Congruent","Congruent","Congruent",99.998962,100.198959,"4$",0.967051,"Correct","Correct","Correct","Error"
"1",51,"5_6_stimuli","5_5","Congruent","Congruent","Congruent","Congruent",101.99895,102.198944,"5%",0.598915,"Correct","Correct","Correct","Correct"
"1",52,"7_8_stimuli","7_7","Congruent","Congruent","Congruent","Congruent",103.998931,104.198923,"7&",0.598888,"Correct","Correct","Correct","Correct"
"1",53,"1_2_stimuli","1_1","Congruent","Congruent","Congruent","Congruent",105.998906,106.198911,"1!",0.534907,"Correct","Correct","Correct","Correct"
"1",54,"3_4_stimuli","3_4","Incongruent","Congruent","Congruent","Congruent",107.998886,108.198887,"4$",0.822929,"Correct","Correct","Correct","Correct"
"1",55,"5_6_stimuli","6_6","Congruent","Incongruent","Congruent","Congruent",109.998869,110.198864,"6^",0.919263,"Correct","Correct","Correct","Correct"
"1",56,"7_8_stimuli","8_7","Incongruent","Congruent","Incongruent","Congruent",111.998839,112.198845,"7&",1.015685,"Correct","Correct","Correct","Correct"
"1",57,"1_2_stimuli","2_1","Incongruent","Incongruent","Congruent","Incongruent",113.998818,114.198812,"1!",0.503437,"Correct","Correct","Correct","Correct"
"1",58,"3_4_stimuli","3_3","Congruent","Incongruent","Incongruent","Congruent",115.998799,116.1988,"3#",0.726961,"Correct","Correct","Correct","Correct"
"1",59,"5_6_stimuli","5_6","Incongruent","Congruent","Incongruent","Incongruent",117.998774,118.198772,"6^",0.743014,"Correct","Correct","Correct","Correct"
"1",60,"7_8_stimuli","8_8","Congruent","Incongruent","Congruent","Incongruent",119.998754,120.198757,"8*",0.567481,"Correct","Correct","Correct","Correct"
"1",61,"1_2_stimuli","1_2","Incongruent","Congruent","Incongruent","Congruent",121.99874,122.198736,"2@",0.967681,"Correct","Correct","Correct","Correct"
"1",62,"3_4_stimuli","4_3","Incongruent","Incongruent","Congruent","Incongruent",123.998716,124.198716,"3#",0.535337,"Correct","Correct","Correct","Correct"
"1",63,"5_6_stimuli","5_6","Incongruent","Incongruent","Incongruent","Congruent",125.99869,126.198687,"6^",0.775422,"Correct","Correct","Correct","Correct"
"1",64,"7_8_stimuli","7_7","Congruent","Incongruent","Incongruent","Incongruent",127.998679,128.198674,"6^",0.519116,"Error","Correct","Correct","Correct"
"1",65,"1_2_stimuli","2_2","Congruent","Congruent","Incongruent","Incongruent",129.998661,130.198657,"2@",0.551112,"Correct","Error","Correct","Correct"
"1",66,"3_4_stimuli","3_4","Incongruent","Congruent","Congruent","Incongruent",131.998646,132.198634,"4$",0.791451,"Correct","Correct","Error","Correct"
"1",67,"5_6_stimuli","5_6","Incongruent","Incongruent","Congruent","Congruent",133.998605,134.198612,"6^",0.839545,"Correct","Correct","Correct","Error"
"1",68,"7_8_stimuli","7_7","Congruent","Incongruent","Incongruent","Congruent",135.998586,136.198587,"7&",0.391507,"Correct","Correct","Correct","Correct"
"2",1,"1_2_stimuli","1_1","Congruent",NA,NA,NA,1.999987,2.199979,"1!",0.522839,"Correct",NA,NA,NA
"2",2,"3_4_stimuli","3_4","Incongruent","Congruent",NA,NA,3.999969,4.199961,"4$",0.634834,"Correct","Correct",NA,NA
"2",3,"5_6_stimuli","6_6","Congruent","Incongruent","Congruent",NA,5.999941,6.199947,"6^",0.699031,"Correct","Correct","Correct",NA
"2",4,"7_8_stimuli","7_7","Congruent","Congruent","Incongruent","Congruent",7.999924,8.199916,"7&",0.394679,"Correct","Correct","Correct","Correct"
"2",5,"1_2_stimuli","2_2","Congruent","Congruent","Congruent","Incongruent",9.999902,10.199896,"2@",0.555018,"Correct","Correct","Correct","Correct"
"2",6,"3_4_stimuli","3_4","Incongruent","Congruent","Congruent","Congruent",11.999876,12.199866,"4$",0.730573,"Correct","Correct","Correct","Correct"
"2",7,"5_6_stimuli","6_6","Congruent","Incongruent","Congruent","Congruent",13.999852,14.199855,"6^",0.794622,"Correct","Correct","Correct","Correct"
"2",8,"7_8_stimuli","7_8","Incongruent","Congruent","Incongruent","Congruent",15.999836,16.199831,"7&",0.570604,"Error","Correct","Correct","Correct"
"2",9,"1_2_stimuli","1_1","Congruent","Incongruent","Congruent","Incongruent",17.999817,18.199819,"1!",0.459055,"Correct","Error","Correct","Correct"
"2",10,"3_4_stimuli","3_4","Incongruent","Congruent","Incongruent","Congruent",19.999789,20.199788,"4$",0.826809,"Correct","Correct","Error","Correct"
"2",11,"5_6_stimuli","6_5","Incongruent","Incongruent","Congruent","Incongruent",21.999764,22.199771,"5%",0.747098,"Correct","Correct","Correct","Error"
"2",12,"7_8_stimuli","7_7","Congruent","Incongruent","Incongruent","Congruent",23.999759,24.199754,"7&",0.666848,"Correct","Correct","Correct","Correct"
"2",13,"1_2_stimuli","1_1","Congruent","Congruent","Incongruent","Incongruent",25.999738,26.199735,"1!",0.634631,"Correct","Correct","Correct","Correct"
"2",14,"3_4_stimuli","4_4","Congruent","Congruent","Congruent","Incongruent",27.999711,28.199706,"4$",0.650727,"Correct","Correct","Correct","Correct"
"2",15,"5_6_stimuli","6_5","Incongruent","Congruent","Congruent","Congruent",29.999688,30.199686,"5%",0.81067,"Correct","Correct","Correct","Correct"
"2",16,"7_8_stimuli","8_7","Incongruent","Incongruent","Congruent","Congruent",31.999664,32.199664,"7&",0.859133,"Correct","Correct","Correct","Correct"
"2",17,"1_2_stimuli","1_1","Congruent","Incongruent","Incongruent","Congruent",33.999639,34.199642,"1!",0.507033,"Correct","Correct","Correct","Correct"
"2",18,"3_4_stimuli","3_3","Congruent","Congruent","Incongruent","Incongruent",35.999629,36.199622,"3#",0.827205,"Correct","Correct","Correct","Correct"
"2",19,"5_6_stimuli","5_5","Congruent","Congruent","Congruent","Incongruent",37.999612,38.199599,"5%",0.554767,"Correct","Correct","Correct","Correct"
"2",20,"7_8_stimuli","7_7","Congruent","Congruent","Congruent","Congruent",39.99959,40.199579,"7&",0.85877,"Correct","Correct","Correct","Correct"
"2",21,"1_2_stimuli","1_2","Incongruent","Congruent","Congruent","Congruent",41.999565,42.199566,"3#",0.5548,"Error","Correct","Correct","Correct"
"2",22,"3_4_stimuli","3_3","Congruent","Incongruent","Congruent","Congruent",43.999539,44.199547,"3#",0.506856,"Correct","Error","Correct","Correct"
"2",23,"5_6_stimuli","5_5","Congruent","Congruent","Incongruent","Congruent",45.999522,46.199521,"5%",0.986829,"Correct","Correct","Error","Correct"
"2",24,"7_8_stimuli","8_7","Incongruent","Congruent","Congruent","Incongruent",47.999502,48.199497,"7&",0.682838,"Correct","Correct","Correct","Error"
"2",25,"1_2_stimuli","1_2","Incongruent","Incongruent","Congruent","Congruent",49.999472,50.199468,"2@",0.699283,"Correct","Correct","Correct","Correct"
"2",26,"3_4_stimuli","4_4","Congruent","Incongruent","Incongruent","Congruent",51.999463,52.199458,"4$",0.794877,"Correct","Correct","Correct","Correct"
"2",27,"5_6_stimuli","5_6","Incongruent","Congruent","Incongruent","Incongruent",53.999434,54.199442,"6^",1.003593,"Correct","Correct","Correct","Correct"
"2",28,"7_8_stimuli","8_7","Incongruent","Incongruent","Congruent","Incongruent",55.999412,56.19941,"7&",1.115411,"Correct","Correct","Correct","Correct"
"2",29,"1_2_stimuli","2_1","Incongruent","Incongruent","Incongruent","Congruent",57.999388,58.199392,"1!",0.587097,"Correct","Correct","Correct","Correct"
"2",30,"3_4_stimuli","3_3","Congruent","Incongruent","Incongruent","Incongruent",59.99937,60.199372,"3#",1.131218,"Correct","Correct","Correct","Correct"
"2",31,"5_6_stimuli","6_6","Congruent","Congruent","Incongruent","Incongruent",61.999355,62.199349,"6^",1.067539,"Correct","Correct","Correct","Correct"
"2",32,"7_8_stimuli","8_8","Congruent","Congruent","Congruent","Incongruent",63.999332,64.19933,"8*",0.683685,"Correct","Correct","Correct","Correct"
"2",33,"1_2_stimuli","2_2","Congruent","Congruent","Congruent","Congruent",65.999316,66.199309,"2@",0.57127,"Correct","Correct","Correct","Correct"
"2",34,"3_4_stimuli","3_3","Congruent","Congruent","Congruent","Congruent",67.999279,68.199278,"3#",0.731024,"Correct","Correct","Correct","Correct"
"2",35,"5_6_stimuli","6_6","Congruent","Congruent","Congruent","Congruent",69.999271,70.199269,"6^",0.907057,"Correct","Correct","Correct","Correct"
"2",36,"7_8_stimuli","7_8","Incongruent","Congruent","Congruent","Congruent",71.999247,72.199237,"8*",0.667538,"Correct","Correct","Correct","Correct"
"2",37,"1_2_stimuli","2_2","Congruent","Incongruent","Congruent","Congruent",73.999232,74.199224,"2@",0.603038,"Correct","Correct","Correct","Correct"
"2",38,"3_4_stimuli","4_4","Congruent","Congruent","Incongruent","Congruent",75.999195,76.199202,"4$",1.003357,"Correct","Correct","Correct","Correct"
"2",39,"5_6_stimuli","6_5","Incongruent","Congruent","Congruent","Incongruent",77.999187,78.199179,"5%",0.715389,"Correct","Correct","Correct","Correct"
"2",40,"7_8_stimuli","7_7","Congruent","Incongruent","Congruent","Congruent",79.999153,80.199158,"7&",0.93907,"Correct","Correct","Correct","Correct"
"2",41,"1_2_stimuli","1_1","Congruent","Congruent","Incongruent","Congruent",81.99914,82.199138,"1!",0.475527,"Correct","Correct","Correct","Correct"
"2",42,"3_4_stimuli","4_3","Incongruent","Congruent","Congruent","Incongruent",83.999122,84.199119,"3#",0.827331,"Correct","Correct","Correct","Correct"
"2",43,"5_6_stimuli","5_6","Incongruent","Incongruent","Congruent","Congruent",85.999097,86.19909,"6^",1.115583,"Correct","Correct","Correct","Correct"
"2",44,"7_8_stimuli","8_7","Incongruent","Incongruent","Incongruent","Congruent",87.999079,88.199076,"7&",0.443158,"Correct","Correct","Correct","Correct"
"2",45,"1_2_stimuli","2_1","Incongruent","Incongruent","Incongruent","Incongruent",89.999048,90.199058,"1!",0.795168,"Correct","Correct","Correct","Correct"
"2",46,"3_4_stimuli","4_3","Incongruent","Incongruent","Incongruent","Incongruent",91.999038,92.199028,"3#",1.211129,"Correct","Correct","Correct","Correct"
"2",47,"5_6_stimuli","5_5","Congruent","Incongruent","Incongruent","Incongruent",93.999019,94.199017,"5%",0.811472,"Correct","Correct","Correct","Correct"
"2",48,"7_8_stimuli","7_8","Incongruent","Congruent","Incongruent","Incongruent",95.998985,96.198985,"8*",0.619208,"Correct","Correct","Correct","Correct"
"2",49,"1_2_stimuli","1_2","Incongruent","Incongruent","Congruent","Incongruent",97.998983,98.198968,"2@",0.667668,"Correct","Correct","Correct","Correct"
"2",50,"3_4_stimuli","4_3","Incongruent","Incongruent","Incongruent","Congruent",99.998942,100.19895,"3#",0.683548,"Correct","Correct","Correct","Correct"
"2",51,"5_6_stimuli","6_5","Incongruent","Incongruent","Incongruent","Incongruent",101.998933,102.19892,"5%",0.84327,"Correct","Correct","Correct","Correct"
"2",52,"7_8_stimuli","8_8","Congruent","Incongruent","Incongruent","Incongruent",103.998902,104.198908,"8*",0.619435,"Correct","Correct","Correct","Correct"
"2",53,"1_2_stimuli","1_2","Incongruent","Congruent","Incongruent","Incongruent",105.99889,106.198884,"2@",0.651821,"Correct","Correct","Correct","Correct"
"2",54,"3_4_stimuli","4_4","Congruent","Incongruent","Congruent","Incongruent",107.998869,108.198859,"4$",0.619627,"Correct","Correct","Correct","Correct"
"2",55,"5_6_stimuli","5_6","Incongruent","Congruent","Incongruent","Congruent",109.998844,110.198839,"6^",1.419772,"Correct","Correct","Correct","Correct"
"2",56,"7_8_stimuli","8_8","Congruent","Incongruent","Congruent","Incongruent",111.99882,112.198819,"8*",0.619675,"Correct","Correct","Correct","Correct"
"2",57,"1_2_stimuli","2_1","Incongruent","Congruent","Incongruent","Congruent",113.998804,114.198796,"1!",0.507379,"Correct","Correct","Correct","Correct"
"2",58,"3_4_stimuli","3_4","Incongruent","Incongruent","Congruent","Incongruent",115.998778,116.198802,"4$",0.571594,"Correct","Correct","Correct","Correct"
"2",59,"5_6_stimuli","5_5","Congruent","Incongruent","Incongruent","Congruent",117.998758,118.198757,"5%",0.827798,"Correct","Correct","Correct","Correct"
"2",60,"7_8_stimuli","8_8","Congruent","Congruent","Incongruent","Incongruent",119.998741,120.198731,"8*",0.683943,"Correct","Correct","Correct","Correct"
"2",61,"1_2_stimuli","2_1","Incongruent","Congruent","Congruent","Incongruent",121.998723,122.198708,"1!",0.539999,"Correct","Correct","Correct","Correct"
"2",62,"3_4_stimuli","3_4","Incongruent","Incongruent","Congruent","Congruent",123.998702,124.198695,"4$",0.891418,"Correct","Correct","Correct","Correct"
"2",63,"5_6_stimuli","5_6","Incongruent","Incongruent","Incongruent","Congruent",125.998675,126.19868,"6^",0.796067,"Correct","Correct","Correct","Correct"
"2",64,"7_8_stimuli","7_8","Incongruent","Incongruent","Incongruent","Incongruent",127.998649,128.19865,"8*",0.539733,"Correct","Correct","Correct","Correct"
"2",65,"1_2_stimuli","2_2","Congruent","Incongruent","Incongruent","Incongruent",129.998633,130.198628,"2@",0.555447,"Correct","Correct","Correct","Correct"
"2",66,"3_4_stimuli","4_3","Incongruent","Congruent","Incongruent","Incongruent",131.998613,132.198606,"3#",0.555609,"Correct","Correct","Correct","Correct"
"2",67,"5_6_stimuli","6_6","Congruent","Incongruent","Congruent","Incongruent",133.998593,134.198586,"6^",1.195923,"Correct","Correct","Correct","Correct"
"2",68,"7_8_stimuli","7_7","Congruent","Congruent","Incongruent","Congruent",135.998573,136.198567,"7&",0.555509,"Correct","Correct","Correct","Correct"
"3",1,"1_2_stimuli","2_2","Congruent",NA,NA,NA,1.999994,2.199993,"2@",0.554,"Correct",NA,NA,NA
"3",2,"3_4_stimuli","3_3","Congruent","Congruent",NA,NA,3.999971,4.199966,"3#",0.345963,"Correct","Correct",NA,NA
"3",3,"5_6_stimuli","5_6","Incongruent","Congruent","Congruent",NA,5.999953,6.199947,"6^",1.241926,"Correct","Correct","Correct",NA
"3",4,"7_8_stimuli","8_7","Incongruent","Incongruent","Congruent","Congruent",7.999927,8.199926,"7&",0.473843,"Correct","Correct","Correct","Correct"
"3",5,"1_2_stimuli","1_1","Congruent","Incongruent","Incongruent","Congruent",9.999909,10.199912,"1!",0.377602,"Correct","Correct","Correct","Correct"
"3",6,"3_4_stimuli","4_4","Congruent","Congruent","Incongruent","Incongruent",11.999887,12.199884,"4$",0.617555,"Correct","Correct","Correct","Correct"
"3",7,"5_6_stimuli","5_6","Incongruent","Congruent","Congruent","Incongruent",13.999863,14.199866,"6^",0.842064,"Correct","Correct","Correct","Correct"
"3",8,"7_8_stimuli","8_8","Congruent","Incongruent","Congruent","Congruent",15.999849,16.199832,"8*",0.76163,"Correct","Correct","Correct","Correct"
"3",9,"1_2_stimuli","1_1","Congruent","Congruent","Incongruent","Congruent",17.999824,18.19982,"1!",0.410157,"Correct","Correct","Correct","Correct"
"3",10,"3_4_stimuli","3_3","Congruent","Congruent","Congruent","Incongruent",19.999803,20.199804,"3#",0.698152,"Correct","Correct","Correct","Correct"
"3",11,"5_6_stimuli","6_5","Incongruent","Congruent","Congruent","Congruent",21.999782,22.199779,"5%",1.257669,"Correct","Correct","Correct","Correct"
"3",12,"7_8_stimuli","8_7","Incongruent","Incongruent","Congruent","Congruent",23.999761,24.199759,"7&",0.810116,"Correct","Correct","Correct","Correct"
"3",13,"1_2_stimuli","2_1","Incongruent","Incongruent","Incongruent","Congruent",25.999738,26.199741,"1!",0.585725,"Correct","Correct","Correct","Correct"
"3",14,"3_4_stimuli","4_3","Incongruent","Incongruent","Incongruent","Incongruent",27.999721,28.199711,"2@",0.761882,"Error","Correct","Correct","Correct"
"3",15,"5_6_stimuli","6_6","Congruent","Incongruent","Incongruent","Incongruent",29.999699,30.19969,"6^",1.146224,"Correct","Error","Correct","Correct"
"3",16,"7_8_stimuli","8_7","Incongruent","Congruent","Incongruent","Incongruent",31.999675,32.199674,"7&",0.634309,"Correct","Correct","Error","Correct"
"3",17,"1_2_stimuli","2_2","Congruent","Incongruent","Congruent","Incongruent",33.999657,34.199658,"2@",0.602208,"Correct","Correct","Correct","Error"
"3",18,"3_4_stimuli","4_3","Incongruent","Congruent","Incongruent","Congruent",35.99964,36.199632,"3#",0.570195,"Correct","Correct","Correct","Correct"
"3",19,"5_6_stimuli","5_5","Congruent","Incongruent","Congruent","Incongruent",37.999608,38.199613,"5%",0.570462,"Correct","Correct","Correct","Correct"
"3",20,"7_8_stimuli","7_7","Congruent","Congruent","Incongruent","Congruent",39.999591,40.199595,"7&",0.682357,"Correct","Correct","Correct","Correct"
"3",21,"1_2_stimuli","1_1","Congruent","Congruent","Congruent","Incongruent",41.999574,42.199568,"1!",0.570068,"Correct","Correct","Correct","Correct"
"3",22,"3_4_stimuli","4_4","Congruent","Congruent","Congruent","Congruent",43.999549,44.199551,"4$",0.874239,"Correct","Correct","Correct","Correct"
"3",23,"5_6_stimuli","6_6","Congruent","Congruent","Congruent","Congruent",45.999521,46.199526,"6^",1.097905,"Correct","Correct","Correct","Correct"
"3",24,"7_8_stimuli","7_8","Incongruent","Congruent","Congruent","Congruent",47.999505,48.199501,"8*",0.858381,"Correct","Correct","Correct","Correct"
"3",25,"1_2_stimuli","2_1","Incongruent","Incongruent","Congruent","Congruent",49.999485,50.199489,"1!",0.650282,"Correct","Correct","Correct","Correct"
"3",26,"3_4_stimuli","3_4","Incongruent","Incongruent","Incongruent","Congruent",51.99946,52.199456,"4$",0.697879,"Correct","Correct","Correct","Correct"
"3",27,"5_6_stimuli","6_5","Incongruent","Incongruent","Incongruent","Incongruent",53.999434,54.199439,"5%",0.809948,"Correct","Correct","Correct","Correct"
"3",28,"7_8_stimuli","8_8","Congruent","Incongruent","Incongruent","Incongruent",55.999418,56.199411,"8*",0.714318,"Correct","Correct","Correct","Correct"
"3",29,"1_2_stimuli","1_1","Congruent","Congruent","Incongruent","Incongruent",57.999408,58.199398,"1!",0.410121,"Correct","Correct","Correct","Correct"
"3",30,"3_4_stimuli","4_3","Incongruent","Congruent","Congruent","Incongruent",59.999376,60.199375,"3#",1.03443,"Correct","Correct","Correct","Correct"
"3",31,"5_6_stimuli","6_6","Congruent","Incongruent","Congruent","Congruent",61.999353,62.199358,"6^",1.242293,"Correct","Correct","Correct","Correct"
"3",32,"7_8_stimuli","7_8","Incongruent","Congruent","Incongruent","Congruent",63.999339,64.199332,"8*",1.081979,"Correct","Correct","Correct","Correct"
"3",33,"1_2_stimuli","1_2","Incongruent","Incongruent","Congruent","Incongruent",65.999317,66.199323,"2@",0.666032,"Correct","Correct","Correct","Correct"
"3",34,"3_4_stimuli","4_4","Congruent","Incongruent","Incongruent","Congruent",67.99929,68.199298,"Omission",5000,"Omission","Correct","Correct","Correct"
"3",35,"5_6_stimuli","6_5","Incongruent","Congruent","Incongruent","Incongruent",69.999266,70.199267,"5%",0.63431,"Correct","Omission","Correct","Correct"
"3",36,"7_8_stimuli","8_8","Congruent","Incongruent","Congruent","Incongruent",71.99925,72.199251,"8*",0.586627,"Correct","Correct","Omission","Correct"
"3",37,"1_2_stimuli","2_1","Incongruent","Congruent","Incongruent","Congruent",73.999227,74.199225,"1!",0.474377,"Correct","Correct","Correct","Omission"
"3",38,"3_4_stimuli","3_4","Incongruent","Incongruent","Congruent","Incongruent",75.999216,76.199205,"4$",1.050084,"Correct","Correct","Correct","Correct"
"3",39,"5_6_stimuli","5_6","Incongruent","Incongruent","Incongruent","Congruent",77.999189,78.199187,"7&",0.714574,"Error","Correct","Correct","Correct"
"3",40,"7_8_stimuli","7_8","Incongruent","Incongruent","Incongruent","Incongruent",79.99916,80.199163,"8*",0.538724,"Correct","Error","Correct","Correct"
"3",41,"1_2_stimuli","2_1","Incongruent","Incongruent","Incongruent","Incongruent",81.99915,82.199144,"1!",0.603066,"Correct","Correct","Error","Correct"
"3",42,"3_4_stimuli","3_3","Congruent","Incongruent","Incongruent","Incongruent",83.999132,84.199121,"3#",0.826592,"Correct","Correct","Correct","Error"
"3",43,"5_6_stimuli","6_6","Congruent","Congruent","Incongruent","Incongruent",85.999104,86.199093,"6^",1.050234,"Correct","Correct","Correct","Correct"
"3",44,"7_8_stimuli","8_7","Incongruent","Congruent","Congruent","Incongruent",87.999077,88.199074,"7&",0.570439,"Correct","Correct","Correct","Correct"
"3",45,"1_2_stimuli","2_2","Congruent","Incongruent","Congruent","Congruent",89.999056,90.19906,"2@",0.9866,"Correct","Correct","Correct","Correct"
"3",46,"3_4_stimuli","3_3","Congruent","Congruent","Incongruent","Congruent",91.999033,92.19904,"3#",0.602679,"Correct","Correct","Correct","Correct"
"3",47,"5_6_stimuli","5_5","Congruent","Congruent","Congruent","Incongruent",93.999011,94.19901,"5%",0.538555,"Correct","Correct","Correct","Correct"
"3",48,"7_8_stimuli","7_7","Congruent","Congruent","Congruent","Congruent",95.998991,96.198996,"7&",0.827122,"Correct","Correct","Correct","Correct"
"3",49,"1_2_stimuli","2_2","Congruent","Congruent","Congruent","Congruent",97.998973,98.198967,"2@",0.555243,"Correct","Correct","Correct","Correct"
"3",50,"3_4_stimuli","3_4","Incongruent","Congruent","Congruent","Congruent",99.998954,100.198956,"4$",0.586791,"Correct","Correct","Correct","Correct"
"3",51,"5_6_stimuli","5_6","Incongruent","Incongruent","Congruent","Congruent",101.99892,102.198947,"5%",0.794359,"Error","Correct","Correct","Correct"
"3",52,"7_8_stimuli","7_8","Incongruent","Incongruent","Incongruent","Congruent",103.998914,104.198907,"8*",0.474912,"Correct","Error","Correct","Correct"
"3",53,"1_2_stimuli","2_2","Congruent","Incongruent","Incongruent","Incongruent",105.998893,106.198884,"2@",0.50645,"Correct","Correct","Error","Correct"
"3",54,"3_4_stimuli","4_3","Incongruent","Congruent","Incongruent","Incongruent",107.998863,108.198865,"3#",0.570899,"Correct","Correct","Correct","Error"
"3",55,"5_6_stimuli","6_5","Incongruent","Incongruent","Congruent","Incongruent",109.998849,110.198841,"5%",0.842642,"Correct","Correct","Correct","Correct"
"3",56,"7_8_stimuli","8_8","Congruent","Incongruent","Incongruent","Congruent",111.998821,112.198817,"8*",0.618332,"Correct","Correct","Correct","Correct"
"3",57,"1_2_stimuli","1_2","Incongruent","Congruent","Incongruent","Incongruent",113.998798,114.1988,"2@",0.506699,"Correct","Correct","Correct","Correct"
"3",58,"3_4_stimuli","3_3","Congruent","Incongruent","Congruent","Incongruent",115.998784,116.198777,"3#",0.602872,"Correct","Correct","Correct","Correct"
"3",59,"5_6_stimuli","5_5","Congruent","Congruent","Incongruent","Congruent",117.998756,118.198764,"5%",0.650396,"Correct","Correct","Correct","Correct"
"3",60,"7_8_stimuli","7_7","Congruent","Congruent","Congruent","Incongruent",119.998739,120.198739,"7&",0.746339,"Correct","Correct","Correct","Correct"
"3",61,"1_2_stimuli","1_2","Incongruent","Congruent","Congruent","Congruent",121.998718,122.198714,"3#",0.619346,"Error","Correct","Correct","Correct"
"3",62,"3_4_stimuli","3_4","Incongruent","Incongruent","Congruent","Congruent",123.998687,124.198691,"4$",0.682865,"Correct","Error","Correct","Correct"
"3",63,"5_6_stimuli","5_5","Congruent","Incongruent","Incongruent","Congruent",125.998671,126.198673,"5%",0.650496,"Correct","Correct","Error","Correct"
"3",64,"7_8_stimuli","7_7","Congruent","Congruent","Incongruent","Incongruent",127.998656,128.198653,"7&",0.55483,"Correct","Correct","Correct","Error"
"3",65,"1_2_stimuli","1_2","Incongruent","Congruent","Congruent","Incongruent",129.998625,130.19862,"2@",0.570721,"Correct","Correct","Correct","Correct"
"3",66,"3_4_stimuli","4_4","Congruent","Incongruent","Congruent","Congruent",131.99861,132.19861,"4$",0.603067,"Correct","Correct","Correct","Correct"
"3",67,"5_6_stimuli","5_6","Incongruent","Congruent","Incongruent","Congruent",133.998593,134.19859,"6^",1.466876,"Correct","Correct","Correct","Correct"
"3",68,"7_8_stimuli","8_7","Incongruent","Incongruent","Congruent","Incongruent",135.998571,136.19856,"7&",0.53856,"Correct","Correct","Correct","Correct"
"4",1,"1_2_stimuli","2_1","Incongruent",NA,NA,NA,1.999976,2.199979,"1!",0.801672,"Correct",NA,NA,NA
"4",2,"3_4_stimuli","4_4","Congruent","Incongruent",NA,NA,3.99997,4.199951,"4$",0.689658,"Correct","Correct",NA,NA
"4",3,"5_6_stimuli","6_5","Incongruent","Congruent","Incongruent",NA,5.999944,6.199947,"5%",0.465921,"Correct","Correct","Correct",NA
"4",4,"7_8_stimuli","7_7","Congruent","Incongruent","Congruent","Incongruent",7.99992,8.19991,"7&",0.849864,"Correct","Correct","Correct","Correct"
"4",5,"1_2_stimuli","1_2","Incongruent","Congruent","Incongruent","Congruent",9.999901,10.19989,"2@",0.577937,"Correct","Correct","Correct","Correct"
"4",6,"3_4_stimuli","4_3","Incongruent","Incongruent","Congruent","Incongruent",11.999878,12.199862,"3#",0.561954,"Correct","Correct","Correct","Correct"
"4",7,"5_6_stimuli","6_5","Incongruent","Incongruent","Incongruent","Congruent",13.999852,14.19986,"5%",0.577548,"Correct","Correct","Correct","Correct"
"4",8,"7_8_stimuli","8_8","Congruent","Incongruent","Incongruent","Incongruent",15.999842,16.199842,"8*",0.706047,"Correct","Correct","Correct","Correct"
"4",9,"1_2_stimuli","1_1","Congruent","Congruent","Incongruent","Incongruent",17.999814,18.199813,"1!",0.465963,"Correct","Correct","Correct","Correct"
"4",10,"3_4_stimuli","4_3","Incongruent","Congruent","Congruent","Incongruent",19.99979,20.199789,"3#",0.785804,"Correct","Correct","Correct","Correct"
"4",11,"5_6_stimuli","6_6","Congruent","Incongruent","Congruent","Congruent",21.999775,22.199772,"5%",0.705994,"Error","Correct","Correct","Correct"
"4",12,"7_8_stimuli","7_7","Congruent","Congruent","Incongruent","Congruent",23.99975,24.199747,"7&",0.545853,"Correct","Error","Correct","Correct"
"4",13,"1_2_stimuli","2_2","Congruent","Congruent","Congruent","Incongruent",25.999727,26.19972,"2@",0.577653,"Correct","Correct","Error","Correct"
"4",14,"3_4_stimuli","4_4","Congruent","Congruent","Congruent","Congruent",27.999704,28.199705,"4$",0.642435,"Correct","Correct","Correct","Error"
"4",15,"5_6_stimuli","5_5","Congruent","Congruent","Congruent","Congruent",29.999692,30.199679,"5%",0.721917,"Correct","Correct","Correct","Correct"
"4",16,"7_8_stimuli","7_8","Incongruent","Congruent","Congruent","Congruent",31.999663,32.19966,"8*",0.642244,"Correct","Correct","Correct","Correct"
"4",17,"1_2_stimuli","2_1","Incongruent","Incongruent","Congruent","Congruent",33.999649,34.199646,"1!",0.625694,"Correct","Correct","Correct","Correct"
"4",18,"3_4_stimuli","4_3","Incongruent","Incongruent","Incongruent","Congruent",35.999611,36.199616,"3#",0.881701,"Correct","Correct","Correct","Correct"
"4",19,"5_6_stimuli","6_5","Incongruent","Incongruent","Incongruent","Incongruent",37.999593,38.199598,"5%",1.089665,"Correct","Correct","Correct","Correct"
"4",20,"7_8_stimuli","8_7","Incongruent","Incongruent","Incongruent","Incongruent",39.99958,40.199563,"7&",1.282283,"Correct","Correct","Correct","Correct"
"4",21,"1_2_stimuli","2_2","Congruent","Incongruent","Incongruent","Incongruent",41.999556,42.199545,"2@",0.545808,"Correct","Correct","Correct","Correct"
"4",22,"3_4_stimuli","4_4","Congruent","Congruent","Incongruent","Incongruent",43.999538,44.199532,"4$",0.737842,"Correct","Correct","Correct","Correct"
"4",23,"5_6_stimuli","5_5","Congruent","Congruent","Congruent","Incongruent",45.999507,46.199512,"5%",0.610607,"Correct","Correct","Correct","Correct"
"4",24,"7_8_stimuli","7_7","Congruent","Congruent","Congruent","Congruent",47.999483,48.19949,"7&",0.69027,"Correct","Correct","Correct","Correct"
"4",25,"1_2_stimuli","2_1","Incongruent","Congruent","Congruent","Congruent",49.999468,50.199463,"1!",0.434499,"Correct","Correct","Correct","Correct"
"4",26,"3_4_stimuli","3_3","Congruent","Incongruent","Congruent","Congruent",51.999446,52.199438,"3#",1.201865,"Correct","Correct","Correct","Correct"
"4",27,"5_6_stimuli","5_6","Incongruent","Congruent","Incongruent","Congruent",53.999423,54.199415,"6^",0.73832,"Correct","Correct","Correct","Correct"
"4",28,"7_8_stimuli","7_7","Congruent","Incongruent","Congruent","Incongruent",55.999404,56.199404,"7&",0.481912,"Correct","Correct","Correct","Correct"
"4",29,"1_2_stimuli","1_1","Congruent","Congruent","Incongruent","Congruent",57.999396,58.199386,"1!",0.418353,"Correct","Correct","Correct","Correct"
"4",30,"3_4_stimuli","3_3","Congruent","Congruent","Congruent","Incongruent",59.99937,60.199365,"3#",0.386537,"Correct","Correct","Correct","Correct"
"4",31,"5_6_stimuli","5_6","Incongruent","Congruent","Congruent","Congruent",61.99934,62.199333,"6^",0.786244,"Correct","Correct","Correct","Correct"
"4",32,"7_8_stimuli","7_8","Incongruent","Incongruent","Congruent","Congruent",63.999321,64.199311,"8*",0.594381,"Correct","Correct","Correct","Correct"
"4",33,"1_2_stimuli","1_2","Incongruent","Incongruent","Incongruent","Congruent",65.999298,66.199286,"2@",0.594582,"Correct","Correct","Correct","Correct"
"4",34,"3_4_stimuli","4_4","Congruent","Incongruent","Incongruent","Incongruent",67.999269,68.199268,"4$",0.914191,"Correct","Correct","Correct","Correct"
"4",35,"5_6_stimuli","5_5","Congruent","Congruent","Incongruent","Incongruent",69.99926,70.199243,"5%",0.68997,"Correct","Correct","Correct","Correct"
"4",36,"7_8_stimuli","8_7","Incongruent","Congruent","Congruent","Incongruent",71.999236,72.199223,"7&",0.96263,"Correct","Correct","Correct","Correct"
"4",37,"1_2_stimuli","2_2","Congruent","Incongruent","Congruent","Congruent",73.999206,74.1992,"2@",1.010422,"Correct","Correct","Correct","Correct"
"4",38,"3_4_stimuli","3_4","Incongruent","Congruent","Incongruent","Congruent",75.999187,76.199186,"4$",0.674013,"Correct","Correct","Correct","Correct"
"4",39,"5_6_stimuli","5_6","Incongruent","Incongruent","Congruent","Incongruent",77.999161,78.199164,"6^",1.202044,"Correct","Correct","Correct","Correct"
"4",40,"7_8_stimuli","7_7","Congruent","Incongruent","Incongruent","Congruent",79.999146,80.199141,"7&",0.706585,"Correct","Correct","Correct","Correct"
"4",41,"1_2_stimuli","1_2","Incongruent","Congruent","Incongruent","Incongruent",81.999117,82.199118,"2@",0.514106,"Correct","Correct","Correct","Correct"
"4",42,"3_4_stimuli","3_3","Congruent","Incongruent","Congruent","Incongruent",83.999096,84.199113,"4$",0.562572,"Error","Correct","Correct","Correct"
"4",43,"5_6_stimuli","6_6","Congruent","Congruent","Incongruent","Congruent",85.999085,86.19908,"6^",0.73869,"Correct","Error","Correct","Correct"
"4",44,"7_8_stimuli","8_8","Congruent","Congruent","Congruent","Incongruent",87.999054,88.199055,"7&",0.626167,"Error","Correct","Error","Correct"
"4",45,"1_2_stimuli","2_2","Congruent","Congruent","Congruent","Congruent",89.999032,90.199035,"2@",0.49856,"Correct","Error","Correct","Error"
"4",46,"3_4_stimuli","3_4","Incongruent","Congruent","Congruent","Congruent",91.999014,92.199011,"4$",0.642573,"Correct","Correct","Error","Correct"
"4",47,"5_6_stimuli","6_5","Incongruent","Incongruent","Congruent","Congruent",93.999,94.198989,"5%",0.642187,"Correct","Correct","Correct","Error"
"4",48,"7_8_stimuli","8_7","Incongruent","Incongruent","Incongruent","Congruent",95.998971,96.198969,"7&",1.026162,"Correct","Correct","Correct","Correct"
"4",49,"1_2_stimuli","2_1","Incongruent","Incongruent","Incongruent","Incongruent",97.99895,98.198952,"1!",0.546655,"Correct","Correct","Correct","Correct"
"4",50,"3_4_stimuli","4_3","Incongruent","Incongruent","Incongruent","Incongruent",99.998935,100.198927,"3#",0.85033,"Correct","Correct","Correct","Correct"
"4",51,"5_6_stimuli","5_5","Congruent","Incongruent","Incongruent","Incongruent",101.998907,102.198896,"5%",0.962229,"Correct","Correct","Correct","Correct"
"4",52,"7_8_stimuli","8_8","Congruent","Congruent","Incongruent","Incongruent",103.998888,104.198885,"8*",1.154208,"Correct","Correct","Correct","Correct"
"4",53,"1_2_stimuli","2_1","Incongruent","Congruent","Congruent","Incongruent",105.998872,106.198861,"1!",0.514292,"Correct","Correct","Correct","Correct"
"4",54,"3_4_stimuli","3_4","Incongruent","Incongruent","Congruent","Congruent",107.998856,108.198841,"4$",1.266292,"Correct","Correct","Correct","Correct"
"4",55,"5_6_stimuli","6_6","Congruent","Incongruent","Incongruent","Congruent",109.99883,110.198823,"6^",0.962267,"Correct","Correct","Correct","Correct"
"4",56,"7_8_stimuli","7_8","Incongruent","Congruent","Incongruent","Incongruent",111.998809,112.198797,"8*",0.530732,"Correct","Correct","Correct","Correct"
"4",57,"1_2_stimuli","1_2","Incongruent","Incongruent","Congruent","Incongruent",113.998789,114.198785,"2@",0.610926,"Correct","Correct","Correct","Correct"
"4",58,"3_4_stimuli","4_4","Congruent","Incongruent","Incongruent","Congruent",115.998756,116.198781,"4$",0.531137,"Correct","Correct","Correct","Correct"
"4",59,"5_6_stimuli","5_6","Incongruent","Congruent","Incongruent","Incongruent",117.998745,118.19874,"6^",1.266381,"Correct","Correct","Correct","Correct"
"4",60,"7_8_stimuli","8_7","Incongruent","Incongruent","Congruent","Incongruent",119.998716,120.198713,"7&",0.57915,"Correct","Correct","Correct","Correct"
"4",61,"1_2_stimuli","1_1","Congruent","Incongruent","Incongruent","Congruent",121.9987,122.198703,"1!",0.418373,"Correct","Correct","Correct","Correct"
"4",62,"3_4_stimuli","3_4","Incongruent","Congruent","Incongruent","Incongruent",123.998679,124.198672,"4$",1.234834,"Correct","Correct","Correct","Correct"
"4",63,"5_6_stimuli","6_6","Congruent","Incongruent","Congruent","Incongruent",125.998661,126.19865,"6^",1.203065,"Correct","Correct","Correct","Correct"
"4",64,"7_8_stimuli","7_8","Incongruent","Congruent","Incongruent","Congruent",127.998629,128.198631,"8*",0.594894,"Correct","Correct","Correct","Correct"
"4",65,"1_2_stimuli","1_1","Congruent","Incongruent","Congruent","Incongruent",129.998615,130.198611,"1!",0.41839,"Correct","Correct","Correct","Correct"
"4",66,"3_4_stimuli","3_3","Congruent","Congruent","Incongruent","Congruent",131.998586,132.198582,"3#",0.786826,"Correct","Correct","Correct","Correct"
"4",67,"5_6_stimuli","6_5","Incongruent","Congruent","Congruent","Incongruent",133.998573,134.198591,"5%",0.882756,"Correct","Correct","Correct","Correct"
"4",68,"7_8_stimuli","8_8","Congruent","Incongruent","Congruent","Congruent",135.998551,136.198545,"8*",0.882676,"Correct","Correct","Correct","Correct"
"5",1,"1_2_stimuli","2_2","Congruent",NA,NA,NA,1.999985,2.199973,"2@",0.620934,"Correct",NA,NA,NA
"5",2,"3_4_stimuli","3_4","Incongruent","Congruent",NA,NA,3.999962,4.19996,"4$",0.540772,"Correct","Correct",NA,NA
"5",3,"5_6_stimuli","6_5","Incongruent","Incongruent","Congruent",NA,5.999936,6.199936,"5%",0.941004,"Correct","Correct","Correct",NA
"5",4,"7_8_stimuli","7_7","Congruent","Incongruent","Incongruent","Congruent",7.999917,8.199913,"7&",0.556933,"Correct","Correct","Correct","Correct"
"5",5,"1_2_stimuli","1_2","Incongruent","Congruent","Incongruent","Incongruent",9.999901,10.199887,"2@",0.764566,"Correct","Correct","Correct","Correct"
"5",6,"3_4_stimuli","3_4","Incongruent","Incongruent","Congruent","Incongruent",11.99988,12.199876,"4$",0.604549,"Correct","Correct","Correct","Correct"
"5",7,"5_6_stimuli","5_6","Incongruent","Incongruent","Incongruent","Congruent",13.999854,14.199857,"6^",0.81264,"Correct","Correct","Correct","Correct"
"5",8,"7_8_stimuli","8_7","Incongruent","Incongruent","Incongruent","Incongruent",15.999831,16.199834,"7&",0.380611,"Correct","Correct","Correct","Correct"
"5",9,"1_2_stimuli","2_2","Congruent","Incongruent","Incongruent","Incongruent",17.999807,18.199804,"2@",0.636927,"Correct","Correct","Correct","Correct"
"5",10,"3_4_stimuli","3_3","Congruent","Congruent","Incongruent","Incongruent",19.999789,20.199789,"3#",0.765094,"Correct","Correct","Correct","Correct"
"5",11,"5_6_stimuli","5_6","Incongruent","Congruent","Congruent","Incongruent",21.999767,22.199769,"6^",0.924606,"Correct","Correct","Correct","Correct"
"5",12,"7_8_stimuli","7_8","Incongruent","Incongruent","Congruent","Congruent",23.999753,24.19975,"8*",0.668657,"Correct","Correct","Correct","Correct"
"5",13,"1_2_stimuli","2_1","Incongruent","Incongruent","Incongruent","Congruent",25.999724,26.199726,"1!",0.428693,"Correct","Correct","Correct","Correct"
"5",14,"3_4_stimuli","3_3","Congruent","Incongruent","Incongruent","Incongruent",27.999702,28.199693,"3#",0.988704,"Correct","Correct","Correct","Correct"
"5",15,"5_6_stimuli","5_6","Incongruent","Congruent","Incongruent","Incongruent",29.999694,30.199679,"5%",1.29273,"Error","Correct","Correct","Correct"
"5",16,"7_8_stimuli","8_8","Congruent","Incongruent","Congruent","Incongruent",31.99966,32.19965,"8*",0.988755,"Correct","Error","Correct","Correct"
"5",17,"1_2_stimuli","1_2","Incongruent","Congruent","Incongruent","Congruent",33.999636,34.199645,"2@",0.652718,"Correct","Correct","Error","Correct"
"5",18,"3_4_stimuli","4_4","Congruent","Incongruent","Congruent","Incongruent",35.999628,36.199627,"4$",0.621182,"Correct","Correct","Correct","Error"
"5",19,"5_6_stimuli","6_6","Congruent","Congruent","Incongruent","Congruent",37.999604,38.199607,"6^",0.909058,"Correct","Correct","Correct","Correct"
"5",20,"7_8_stimuli","7_8","Incongruent","Congruent","Congruent","Incongruent",39.999582,40.199582,"8*",0.604795,"Correct","Correct","Correct","Correct"
"5",21,"1_2_stimuli","2_1","Incongruent","Incongruent","Congruent","Congruent",41.999563,42.199554,"1!",0.54081,"Correct","Correct","Correct","Correct"
"5",22,"3_4_stimuli","3_3","Congruent","Incongruent","Incongruent","Congruent",43.999543,44.199531,"4$",0.94115,"Error","Correct","Correct","Correct"
"5",23,"5_6_stimuli","5_5","Congruent","Congruent","Incongruent","Incongruent",45.999509,46.199521,"5%",0.589203,"Correct","Error","Correct","Correct"
"5",24,"7_8_stimuli","7_7","Congruent","Congruent","Congruent","Incongruent",47.999494,48.199493,"7&",1.261445,"Correct","Correct","Error","Correct"
"5",25,"1_2_stimuli","1_1","Congruent","Congruent","Congruent","Congruent",49.999462,50.199478,"1!",0.605147,"Correct","Correct","Correct","Error"
"5",26,"3_4_stimuli","4_4","Congruent","Congruent","Congruent","Congruent",51.999449,52.199446,"4$",0.924889,"Correct","Correct","Correct","Correct"
"5",27,"5_6_stimuli","6_6","Congruent","Congruent","Congruent","Congruent",53.999432,54.199436,"6^",1.021306,"Correct","Correct","Correct","Correct"
"5",28,"7_8_stimuli","8_7","Incongruent","Congruent","Congruent","Congruent",55.999402,56.199407,"7&",0.508945,"Correct","Correct","Correct","Correct"
"5",29,"1_2_stimuli","2_2","Congruent","Incongruent","Congruent","Congruent",57.999387,58.199389,"2@",0.557369,"Correct","Correct","Correct","Correct"
"5",30,"3_4_stimuli","3_3","Congruent","Congruent","Incongruent","Congruent",59.999359,60.199362,"3#",0.396977,"Correct","Correct","Correct","Correct"
"5",31,"5_6_stimuli","5_5","Congruent","Congruent","Congruent","Incongruent",61.999346,62.199348,"5%",0.429015,"Correct","Correct","Correct","Correct"
"5",32,"7_8_stimuli","8_8","Congruent","Congruent","Congruent","Congruent",63.999325,64.199322,"8*",0.493372,"Correct","Correct","Correct","Correct"
"5",33,"1_2_stimuli","2_1","Incongruent","Congruent","Congruent","Congruent",65.999292,66.199297,"1!",0.444998,"Correct","Correct","Correct","Correct"
"5",34,"3_4_stimuli","4_3","Incongruent","Incongruent","Congruent","Congruent",67.99927,68.199278,"3#",0.813447,"Correct","Correct","Correct","Correct"
"5",35,"5_6_stimuli","5_5","Congruent","Incongruent","Incongruent","Congruent",69.999256,70.199249,"5%",0.589051,"Correct","Correct","Correct","Correct"
"5",36,"7_8_stimuli","7_7","Congruent","Congruent","Incongruent","Incongruent",71.999233,72.199233,"7&",0.68526,"Correct","Correct","Correct","Correct"
"5",37,"1_2_stimuli","1_1","Congruent","Congruent","Congruent","Incongruent",73.999213,74.199224,"1!",0.52547,"Correct","Correct","Correct","Correct"
"5",38,"3_4_stimuli","3_4","Incongruent","Congruent","Congruent","Congruent",75.999193,76.199184,"4$",0.798125,"Correct","Correct","Correct","Correct"
"5",39,"5_6_stimuli","6_6","Congruent","Incongruent","Congruent","Congruent",77.999167,78.199174,"6^",1.165447,"Correct","Correct","Correct","Correct"
"5",40,"7_8_stimuli","7_8","Incongruent","Congruent","Incongruent","Congruent",79.999142,80.19915,"8*",0.541428,"Correct","Correct","Correct","Correct"
"5",41,"1_2_stimuli","2_1","Incongruent","Incongruent","Congruent","Incongruent",81.999146,82.19912,"1!",0.445109,"Correct","Correct","Correct","Correct"
"5",42,"3_4_stimuli","4_3","Incongruent","Incongruent","Incongruent","Congruent",83.999106,84.1991,"3#",0.973423,"Correct","Correct","Correct","Correct"
"5",43,"5_6_stimuli","5_5","Congruent","Incongruent","Incongruent","Incongruent",85.999084,86.199086,"5%",0.66957,"Correct","Correct","Correct","Correct"
"5",44,"7_8_stimuli","7_8","Incongruent","Congruent","Incongruent","Incongruent",87.999066,88.199061,"8*",0.653666,"Correct","Correct","Correct","Correct"
"5",45,"1_2_stimuli","1_1","Congruent","Incongruent","Congruent","Incongruent",89.999047,90.199043,"1!",0.461691,"Correct","Correct","Correct","Correct"
"5",46,"3_4_stimuli","3_4","Incongruent","Congruent","Incongruent","Congruent",91.999018,92.199023,"4$",0.701798,"Correct","Correct","Correct","Correct"
"5",47,"5_6_stimuli","6_6","Congruent","Incongruent","Congruent","Incongruent",93.999008,94.198992,"6^",1.021553,"Correct","Correct","Correct","Correct"
"5",48,"7_8_stimuli","8_8","Congruent","Congruent","Incongruent","Congruent",95.99898,96.198966,"8*",0.413696,"Correct","Correct","Correct","Correct"
"5",49,"1_2_stimuli","1_2","Incongruent","Congruent","Congruent","Incongruent",97.998962,98.198952,"2@",0.653679,"Correct","Correct","Correct","Correct"
"5",50,"3_4_stimuli","4_4","Congruent","Incongruent","Congruent","Congruent",99.998942,100.198932,"4$",0.941242,"Correct","Correct","Correct","Correct"
"5",51,"5_6_stimuli","6_5","Incongruent","Congruent","Incongruent","Congruent",101.998915,102.198907,"5%",0.781786,"Correct","Correct","Correct","Correct"
"5",52,"7_8_stimuli","8_7","Incongruent","Incongruent","Congruent","Incongruent",103.998881,104.198897,"7&",0.477307,"Correct","Correct","Correct","Correct"
"5",53,"1_2_stimuli","1_1","Congruent","Incongruent","Incongruent","Congruent",105.998878,106.19887,"1!",0.493939,"Correct","Correct","Correct","Correct"
"5",54,"3_4_stimuli","4_3","Incongruent","Congruent","Incongruent","Incongruent",107.998854,108.198847,"3#",0.845707,"Correct","Correct","Correct","Correct"
"5",55,"5_6_stimuli","6_5","Incongruent","Incongruent","Congruent","Incongruent",109.998836,110.198831,"5%",0.637512,"Correct","Correct","Correct","Correct"
"5",56,"7_8_stimuli","8_7","Incongruent","Incongruent","Incongruent","Congruent",111.998811,112.198804,"7&",0.397772,"Correct","Correct","Correct","Correct"
"5",57,"1_2_stimuli","1_2","Incongruent","Incongruent","Incongruent","Incongruent",113.998786,114.198786,"2@",0.558011,"Correct","Correct","Correct","Correct"
"5",58,"3_4_stimuli","4_3","Incongruent","Incongruent","Incongruent","Incongruent",115.998766,116.198773,"3#",0.989909,"Correct","Correct","Correct","Correct"
"5",59,"5_6_stimuli","6_5","Incongruent","Incongruent","Incongruent","Incongruent",117.998742,118.198738,"5%",0.557392,"Correct","Correct","Correct","Correct"
"5",60,"7_8_stimuli","7_7","Congruent","Incongruent","Incongruent","Incongruent",119.998725,120.198719,"7&",0.49382,"Correct","Correct","Correct","Correct"
"5",61,"1_2_stimuli","2_2","Congruent","Congruent","Incongruent","Incongruent",121.998697,122.198706,"2@",0.589562,"Correct","Correct","Correct","Correct"
"5",62,"3_4_stimuli","4_4","Congruent","Congruent","Congruent","Incongruent",123.998684,124.198684,"4$",0.909855,"Correct","Correct","Correct","Correct"
"5",63,"5_6_stimuli","5_6","Incongruent","Congruent","Congruent","Congruent",125.998662,126.198663,"7&",0.845454,"Error","Correct","Correct","Correct"
"5",64,"7_8_stimuli","7_7","Congruent","Incongruent","Congruent","Congruent",127.998641,128.198638,"7&",0.334097,"Correct","Error","Correct","Correct"
"5",65,"1_2_stimuli","2_2","Congruent","Congruent","Incongruent","Congruent",129.998618,130.198625,"2@",0.573957,"Correct","Correct","Error","Correct"
"5",66,"3_4_stimuli","3_4","Incongruent","Congruent","Congruent","Incongruent",131.998605,132.198597,"4$",0.653487,"Correct","Correct","Correct","Error"
"5",67,"5_6_stimuli","6_5","Incongruent","Incongruent","Congruent","Congruent",133.998572,134.19857,"5%",0.974002,"Correct","Correct","Correct","Correct"
"5",68,"7_8_stimuli","8_8","Congruent","Incongruent","Incongruent","Congruent",135.998554,136.198562,"8*",0.589941,"Correct","Correct","Correct","Correct"
"6",1,"1_2_stimuli","2_2","Congruent",NA,NA,NA,1.999982,2.199978,"2@",0.599914,"Correct",NA,NA,NA
"6",2,"3_4_stimuli","4_4","Congruent","Congruent",NA,NA,3.999963,4.199957,"4$",1.079772,"Correct","Correct",NA,NA
"6",3,"5_6_stimuli","6_6","Congruent","Congruent","Congruent",NA,5.999931,6.199929,"6^",1.399926,"Correct","Correct","Correct",NA
"6",4,"7_8_stimuli","8_7","Incongruent","Congruent","Congruent","Congruent",7.999918,8.199913,"7&",0.60014,"Correct","Correct","Correct","Correct"
"6",5,"1_2_stimuli","1_1","Congruent","Incongruent","Congruent","Congruent",9.999888,10.199899,"1!",0.391649,"Correct","Correct","Correct","Correct"
"6",6,"3_4_stimuli","4_3","Incongruent","Congruent","Incongruent","Congruent",11.999872,12.199862,"3#",0.695633,"Correct","Correct","Correct","Correct"
"6",7,"5_6_stimuli","6_6","Congruent","Incongruent","Congruent","Incongruent",13.999848,14.19985,"6^",0.919622,"Correct","Correct","Correct","Correct"
"6",8,"7_8_stimuli","7_8","Incongruent","Congruent","Incongruent","Congruent",15.999824,16.199835,"8*",0.791671,"Correct","Correct","Correct","Correct"
"6",9,"1_2_stimuli","2_2","Congruent","Incongruent","Congruent","Incongruent",17.999803,18.199808,"2@",0.887746,"Correct","Correct","Correct","Correct"
"6",10,"3_4_stimuli","3_3","Congruent","Congruent","Incongruent","Congruent",19.999789,20.199785,"3#",0.71174,"Correct","Correct","Correct","Correct"
"6",11,"5_6_stimuli","5_6","Incongruent","Congruent","Congruent","Incongruent",21.999761,22.199766,"6^",0.56803,"Correct","Correct","Correct","Correct"
"6",12,"7_8_stimuli","8_7","Incongruent","Incongruent","Congruent","Congruent",23.999751,24.199743,"7&",0.455768,"Correct","Correct","Correct","Correct"
"6",13,"1_2_stimuli","2_1","Incongruent","Incongruent","Incongruent","Congruent",25.99973,26.199722,"1!",0.696001,"Correct","Correct","Correct","Correct"
"6",14,"3_4_stimuli","4_4","Congruent","Incongruent","Incongruent","Incongruent",27.999706,28.199705,"4$",0.696332,"Correct","Correct","Correct","Correct"
"6",15,"5_6_stimuli","6_6","Congruent","Congruent","Incongruent","Incongruent",29.999685,30.199686,"6^",0.584735,"Correct","Correct","Correct","Correct"
"6",16,"7_8_stimuli","7_7","Congruent","Congruent","Congruent","Incongruent",31.999658,32.199657,"7&",0.456253,"Correct","Correct","Correct","Correct"
"6",17,"1_2_stimuli","1_1","Congruent","Congruent","Congruent","Congruent",33.999641,34.199643,"1!",0.888133,"Correct","Correct","Correct","Correct"
"6",18,"3_4_stimuli","4_4","Congruent","Congruent","Congruent","Congruent",35.999611,36.199623,"4$",1.096315,"Correct","Correct","Correct","Correct"
"6",19,"5_6_stimuli","6_5","Incongruent","Congruent","Congruent","Congruent",37.999595,38.199591,"5%",1.303885,"Correct","Correct","Correct","Correct"
"6",20,"7_8_stimuli","8_8","Congruent","Incongruent","Congruent","Congruent",39.999563,40.199567,"8*",0.903984,"Correct","Correct","Correct","Correct"
"6",21,"1_2_stimuli","1_2","Incongruent","Congruent","Incongruent","Congruent",41.999552,42.199545,"2@",0.855834,"Correct","Correct","Correct","Correct"
"6",22,"3_4_stimuli","3_4","Incongruent","Incongruent","Congruent","Incongruent",43.999531,44.199533,"4$",1.127883,"Correct","Correct","Correct","Correct"
"6",23,"5_6_stimuli","5_5","Congruent","Incongruent","Incongruent","Congruent",45.999503,46.199501,"5%",0.519861,"Correct","Correct","Correct","Correct"
"6",24,"7_8_stimuli","8_7","Incongruent","Congruent","Incongruent","Incongruent",47.99949,48.199479,"7&",0.552411,"Correct","Correct","Correct","Correct"
"6",25,"1_2_stimuli","2_1","Incongruent","Incongruent","Congruent","Incongruent",49.999472,50.199462,"1!",0.856391,"Correct","Correct","Correct","Correct"
"6",26,"3_4_stimuli","3_4","Incongruent","Incongruent","Incongruent","Congruent",51.999456,52.199433,"4$",0.664342,"Correct","Correct","Correct","Correct"
"6",27,"5_6_stimuli","6_5","Incongruent","Incongruent","Incongruent","Incongruent",53.999416,54.199427,"5%",0.743957,"Correct","Correct","Correct","Correct"
"6",28,"7_8_stimuli","8_8","Congruent","Incongruent","Incongruent","Incongruent",55.999403,56.199408,"8*",0.536009,"Correct","Correct","Correct","Correct"
"6",29,"1_2_stimuli","1_2","Incongruent","Congruent","Incongruent","Incongruent",57.999384,58.199374,"2@",0.551978,"Correct","Correct","Correct","Correct"
"6",30,"3_4_stimuli","4_4","Congruent","Incongruent","Congruent","Incongruent",59.999353,60.199348,"4$",0.808505,"Correct","Correct","Correct","Correct"
"6",31,"5_6_stimuli","5_6","Incongruent","Congruent","Incongruent","Congruent",61.999328,62.199334,"6^",0.856391,"Correct","Correct","Correct","Correct"
"6",32,"7_8_stimuli","8_8","Congruent","Incongruent","Congruent","Incongruent",63.999323,64.199307,"8*",0.552352,"Correct","Correct","Correct","Correct"
"6",33,"1_2_stimuli","1_1","Congruent","Congruent","Incongruent","Congruent",65.999304,66.19929,"1!",0.44005,"Correct","Correct","Correct","Correct"
"6",34,"3_4_stimuli","4_3","Incongruent","Congruent","Congruent","Incongruent",67.999273,68.199281,"3#",0.824077,"Correct","Correct","Correct","Correct"
"6",35,"5_6_stimuli","6_5","Incongruent","Incongruent","Congruent","Congruent",69.999255,70.199245,"5%",0.952393,"Correct","Correct","Correct","Correct"
"6",36,"7_8_stimuli","7_7","Congruent","Incongruent","Incongruent","Congruent",71.999233,72.199224,"7&",0.808465,"Correct","Correct","Correct","Correct"
"6",37,"1_2_stimuli","2_2","Congruent","Congruent","Incongruent","Incongruent",73.999207,74.19921,"2@",0.568724,"Correct","Correct","Correct","Correct"
"6",38,"3_4_stimuli","4_4","Congruent","Congruent","Congruent","Incongruent",75.99919,76.199181,"4$",1.192545,"Correct","Correct","Correct","Correct"
"6",39,"5_6_stimuli","5_5","Congruent","Congruent","Congruent","Congruent",77.999168,78.199159,"5%",0.456136,"Correct","Correct","Correct","Correct"
"6",40,"7_8_stimuli","8_8","Congruent","Congruent","Congruent","Congruent",79.999155,80.19915,"8*",0.632145,"Correct","Correct","Correct","Correct"
"6",41,"1_2_stimuli","1_2","Incongruent","Congruent","Congruent","Congruent",81.999117,82.19912,"2@",0.504232,"Correct","Correct","Correct","Correct"
"6",42,"3_4_stimuli","4_3","Incongruent","Incongruent","Congruent","Congruent",83.999095,84.199093,"3#",0.63284,"Correct","Correct","Correct","Correct"
"6",43,"5_6_stimuli","5_6","Incongruent","Incongruent","Incongruent","Congruent",85.999085,86.199086,"6^",1.368663,"Correct","Correct","Correct","Correct"
"6",44,"7_8_stimuli","8_7","Incongruent","Incongruent","Incongruent","Incongruent",87.999055,88.199062,"7&",0.552632,"Correct","Correct","Correct","Correct"
"6",45,"1_2_stimuli","2_2","Congruent","Incongruent","Incongruent","Incongruent",89.999037,90.199033,"2@",0.56826,"Correct","Correct","Correct","Correct"
"6",46,"3_4_stimuli","3_4","Incongruent","Congruent","Incongruent","Incongruent",91.999019,92.199013,"4$",0.744314,"Correct","Correct","Correct","Correct"
"6",47,"5_6_stimuli","5_6","Incongruent","Incongruent","Congruent","Incongruent",93.998991,94.198995,"6^",0.568845,"Correct","Correct","Correct","Correct"
"6",48,"7_8_stimuli","7_8","Incongruent","Incongruent","Incongruent","Congruent",95.998978,96.198966,"8*",0.488662,"Correct","Correct","Correct","Correct"
"6",49,"1_2_stimuli","2_1","Incongruent","Incongruent","Incongruent","Incongruent",97.998954,98.198943,"1!",0.504731,"Correct","Correct","Correct","Correct"
"6",50,"3_4_stimuli","4_3","Incongruent","Incongruent","Incongruent","Incongruent",99.998936,100.198925,"3#",1.176323,"Correct","Correct","Correct","Correct"
"6",51,"5_6_stimuli","6_6","Congruent","Incongruent","Incongruent","Incongruent",101.998907,102.19891,"6^",0.856369,"Correct","Correct","Correct","Correct"
"6",52,"7_8_stimuli","7_7","Congruent","Congruent","Incongruent","Incongruent",103.998881,104.198885,"7&",0.456396,"Correct","Correct","Correct","Correct"
"6",53,"1_2_stimuli","2_2","Congruent","Congruent","Congruent","Incongruent",105.998871,106.19887,"2@",1.352791,"Correct","Correct","Correct","Correct"
"6",54,"3_4_stimuli","3_4","Incongruent","Congruent","Congruent","Congruent",107.998844,108.198841,"4$",0.696782,"Correct","Correct","Correct","Correct"
"6",55,"5_6_stimuli","5_5","Congruent","Incongruent","Congruent","Congruent",109.998831,110.198819,"5%",1.032412,"Correct","Correct","Correct","Correct"
"6",56,"7_8_stimuli","7_7","Congruent","Congruent","Incongruent","Congruent",111.998811,112.198795,"7&",0.744623,"Correct","Correct","Correct","Correct"
"6",57,"1_2_stimuli","2_1","Incongruent","Congruent","Congruent","Incongruent",113.998793,114.198787,"1!",0.728686,"Correct","Correct","Correct","Correct"
"6",58,"3_4_stimuli","3_3","Congruent","Incongruent","Congruent","Congruent",115.998774,116.19876,"3#",1.08041,"Correct","Correct","Correct","Correct"
"6",59,"5_6_stimuli","6_6","Congruent","Congruent","Incongruent","Congruent",117.998734,118.198742,"6^",1.000667,"Correct","Correct","Correct","Correct"
"6",60,"7_8_stimuli","7_8","Incongruent","Congruent","Congruent","Incongruent",119.998712,120.198718,"8*",0.904482,"Correct","Correct","Correct","Correct"
"6",61,"1_2_stimuli","1_2","Incongruent","Incongruent","Congruent","Congruent",121.998702,122.1987,"2@",0.696515,"Correct","Correct","Correct","Correct"
"6",62,"3_4_stimuli","3_3","Congruent","Incongruent","Incongruent","Congruent",123.998685,124.198688,"3#",0.952515,"Correct","Correct","Correct","Correct"
"6",63,"5_6_stimuli","6_5","Incongruent","Congruent","Incongruent","Incongruent",125.998654,126.198661,"5%",0.90475,"Correct","Correct","Correct","Correct"
"6",64,"7_8_stimuli","8_7","Incongruent","Incongruent","Congruent","Incongruent",127.99863,128.198635,"7&",1.112811,"Correct","Correct","Correct","Correct"
"6",65,"1_2_stimuli","1_1","Congruent","Incongruent","Incongruent","Congruent",129.998616,130.198609,"1!",0.568576,"Correct","Correct","Correct","Correct"
"6",66,"3_4_stimuli","3_3","Congruent","Congruent","Incongruent","Incongruent",131.998593,132.198594,"3#",0.953077,"Correct","Correct","Correct","Correct"
"6",67,"5_6_stimuli","5_5","Congruent","Congruent","Congruent","Incongruent",133.998574,134.198571,"3#",0.697062,"Error","Correct","Correct","Correct"
"6",68,"7_8_stimuli","7_8","Incongruent","Congruent","Congruent","Congruent",135.998554,136.198544,"8*",1.16118,"Correct","Error","Correct","Correct"
"7",1,"1_2_stimuli","2_2","Congruent",NA,NA,NA,1.999983,2.199982,"2@",0.77662,"Correct",NA,NA,NA
"7",2,"3_4_stimuli","4_3","Incongruent","Congruent",NA,NA,3.999965,4.199957,"3#",0.616795,"Correct","Correct",NA,NA
"7",3,"5_6_stimuli","5_5","Congruent","Incongruent","Congruent",NA,5.99994,6.199946,"5%",0.472281,"Correct","Correct","Correct",NA
"7",4,"7_8_stimuli","7_7","Congruent","Congruent","Incongruent","Congruent",7.999925,8.199921,"7&",0.584298,"Correct","Correct","Correct","Correct"
"7",5,"1_2_stimuli","2_2","Congruent","Congruent","Congruent","Incongruent",9.999906,10.199893,"2@",0.488721,"Correct","Correct","Correct","Correct"
"7",6,"3_4_stimuli","3_3","Congruent","Congruent","Congruent","Congruent",11.999878,12.199877,"3#",0.520305,"Correct","Correct","Correct","Correct"
"7",7,"5_6_stimuli","6_5","Incongruent","Congruent","Congruent","Congruent",13.99986,14.199865,"6^",0.856552,"Error","Correct","Correct","Correct"
"7",8,"7_8_stimuli","8_8","Congruent","Incongruent","Congruent","Congruent",15.99984,16.199837,"7&",0.376252,"Error","Error","Correct","Correct"
"7",9,"1_2_stimuli","1_2","Incongruent","Congruent","Incongruent","Congruent",17.99982,18.199815,"2@",0.5044,"Correct","Error","Error","Correct"
"7",10,"3_4_stimuli","4_4","Congruent","Incongruent","Congruent","Incongruent",19.999795,20.199804,"4$",0.552847,"Correct","Correct","Error","Error"
"7",11,"5_6_stimuli","5_6","Incongruent","Congruent","Incongruent","Congruent",21.999785,22.199778,"6^",0.696837,"Correct","Correct","Correct","Error"
"7",12,"7_8_stimuli","7_8","Incongruent","Incongruent","Congruent","Incongruent",23.999759,24.199749,"8*",0.520419,"Correct","Correct","Correct","Correct"
"7",13,"1_2_stimuli","1_1","Congruent","Incongruent","Incongruent","Congruent",25.999729,26.199732,"1!",0.409,"Correct","Correct","Correct","Correct"
"7",14,"3_4_stimuli","3_4","Incongruent","Congruent","Incongruent","Incongruent",27.999715,28.199712,"5%",0.872407,"Error","Correct","Correct","Correct"
"7",15,"5_6_stimuli","6_5","Incongruent","Incongruent","Congruent","Incongruent",29.999697,30.199684,"5%",0.488921,"Correct","Error","Correct","Correct"
"7",16,"7_8_stimuli","8_8","Congruent","Incongruent","Incongruent","Congruent",31.999675,32.199669,"8*",0.48848,"Correct","Correct","Error","Correct"
"7",17,"1_2_stimuli","1_1","Congruent","Congruent","Incongruent","Incongruent",33.999645,34.199639,"1!",0.392808,"Correct","Correct","Correct","Error"
"7",18,"3_4_stimuli","3_4","Incongruent","Congruent","Congruent","Incongruent",35.999631,36.199625,"4$",0.648531,"Correct","Correct","Correct","Correct"
"7",19,"5_6_stimuli","6_5","Incongruent","Incongruent","Congruent","Congruent",37.999614,38.199612,"5%",0.952903,"Correct","Correct","Correct","Correct"
"7",20,"7_8_stimuli","7_8","Incongruent","Incongruent","Incongruent","Congruent",39.999583,40.199571,"Omission",5000,"Omission","Correct","Correct","Correct"
"7",21,"1_2_stimuli","2_1","Incongruent","Incongruent","Incongruent","Incongruent",41.999566,42.199552,"1!",0.408538,"Correct","Omission","Correct","Correct"
"7",22,"3_4_stimuli","4_3","Incongruent","Incongruent","Incongruent","Incongruent",43.999535,44.199539,"3#",0.777205,"Correct","Correct","Omission","Correct"
"7",23,"5_6_stimuli","5_6","Incongruent","Incongruent","Incongruent","Incongruent",45.999521,46.199512,"6^",0.872551,"Correct","Correct","Correct","Omission"
"7",24,"7_8_stimuli","7_7","Congruent","Incongruent","Incongruent","Incongruent",47.999492,48.199496,"7&",0.584841,"Correct","Correct","Correct","Correct"
"7",25,"1_2_stimuli","2_1","Incongruent","Congruent","Incongruent","Incongruent",49.99947,50.199473,"1!",0.392858,"Correct","Correct","Correct","Correct"
"7",26,"3_4_stimuli","3_4","Incongruent","Incongruent","Congruent","Incongruent",51.99946,52.199448,"4$",0.649186,"Correct","Correct","Correct","Correct"
"7",27,"5_6_stimuli","5_5","Congruent","Incongruent","Incongruent","Congruent",53.999441,54.199435,"5%",0.536607,"Correct","Correct","Correct","Correct"
"7",28,"7_8_stimuli","8_7","Incongruent","Congruent","Incongruent","Incongruent",55.999417,56.199404,"7&",0.632598,"Correct","Correct","Correct","Correct"
"7",29,"1_2_stimuli","1_1","Congruent","Incongruent","Congruent","Incongruent",57.9994,58.199395,"1!",0.473302,"Correct","Correct","Correct","Correct"
"7",30,"3_4_stimuli","4_3","Incongruent","Congruent","Incongruent","Congruent",59.999377,60.199361,"3#",0.569002,"Correct","Correct","Correct","Correct"
"7",31,"5_6_stimuli","5_5","Congruent","Incongruent","Congruent","Incongruent",61.999349,62.199347,"5%",0.601347,"Correct","Correct","Correct","Correct"
"7",32,"7_8_stimuli","7_7","Congruent","Congruent","Incongruent","Congruent",63.999325,64.199315,"7&",0.840954,"Correct","Correct","Correct","Correct"
"7",33,"1_2_stimuli","2_1","Incongruent","Congruent","Congruent","Incongruent",65.999304,66.199296,"1!",0.488706,"Correct","Correct","Correct","Correct"
"7",34,"3_4_stimuli","4_3","Incongruent","Incongruent","Congruent","Congruent",67.999286,68.199278,"3#",0.616947,"Correct","Correct","Correct","Correct"
"7",35,"5_6_stimuli","5_6","Incongruent","Incongruent","Incongruent","Congruent",69.999263,70.19926,"5%",1.17731,"Error","Correct","Correct","Correct"
"7",36,"7_8_stimuli","8_7","Incongruent","Incongruent","Incongruent","Incongruent",71.999243,72.199243,"7&",0.713171,"Correct","Error","Correct","Correct"
"7",37,"1_2_stimuli","2_2","Congruent","Incongruent","Incongruent","Incongruent",73.999218,74.199211,"2@",0.697124,"Correct","Correct","Error","Correct"
"7",38,"3_4_stimuli","3_3","Congruent","Congruent","Incongruent","Incongruent",75.999202,76.199203,"3#",0.568774,"Correct","Correct","Correct","Error"
"7",39,"5_6_stimuli","5_5","Congruent","Congruent","Congruent","Incongruent",77.999172,78.199183,"5%",0.504797,"Correct","Correct","Correct","Correct"
"7",40,"7_8_stimuli","8_7","Incongruent","Congruent","Congruent","Congruent",79.999153,80.19916,"7&",0.713294,"Correct","Correct","Correct","Correct"
"7",41,"1_2_stimuli","2_2","Congruent","Incongruent","Congruent","Congruent",81.999134,82.199125,"2@",0.601256,"Correct","Correct","Correct","Correct"
"7",42,"3_4_stimuli","3_3","Congruent","Congruent","Incongruent","Congruent",83.999114,84.199111,"3#",0.553219,"Correct","Correct","Correct","Correct"
"7",43,"5_6_stimuli","6_5","Incongruent","Congruent","Congruent","Incongruent",85.999086,86.199088,"5%",0.696849,"Correct","Correct","Correct","Correct"
"7",44,"7_8_stimuli","8_7","Incongruent","Incongruent","Congruent","Congruent",87.999072,88.199061,"7&",0.761149,"Correct","Correct","Correct","Correct"
"7",45,"1_2_stimuli","1_2","Incongruent","Incongruent","Incongruent","Congruent",89.999052,90.199041,"2@",0.681287,"Correct","Correct","Correct","Correct"
"7",46,"3_4_stimuli","3_3","Congruent","Incongruent","Incongruent","Incongruent",91.999031,92.199028,"3#",0.505296,"Correct","Correct","Correct","Correct"
"7",47,"5_6_stimuli","6_6","Congruent","Congruent","Incongruent","Incongruent",93.999011,94.198996,"6^",0.921389,"Correct","Correct","Correct","Correct"
"7",48,"7_8_stimuli","8_8","Congruent","Congruent","Congruent","Incongruent",95.998982,96.198978,"8*",0.697247,"Correct","Correct","Correct","Correct"
"7",49,"1_2_stimuli","2_2","Congruent","Congruent","Congruent","Congruent",97.998958,98.198966,"2@",0.95338,"Correct","Correct","Correct","Correct"
"7",50,"3_4_stimuli","4_3","Incongruent","Congruent","Congruent","Congruent",99.998946,100.198943,"3#",0.969444,"Correct","Correct","Correct","Correct"
"7",51,"5_6_stimuli","5_5","Congruent","Incongruent","Congruent","Congruent",101.998927,102.198926,"5%",1.401635,"Correct","Correct","Correct","Correct"
"7",52,"7_8_stimuli","7_8","Incongruent","Congruent","Incongruent","Congruent",103.998902,104.1989,"8*",0.632979,"Correct","Correct","Correct","Correct"
"7",53,"1_2_stimuli","1_2","Incongruent","Incongruent","Congruent","Incongruent",105.998875,106.198879,"2@",0.457429,"Correct","Correct","Correct","Correct"
"7",54,"3_4_stimuli","4_4","Congruent","Incongruent","Incongruent","Congruent",107.99886,108.198856,"4$",0.953408,"Correct","Correct","Correct","Correct"
"7",55,"5_6_stimuli","5_6","Incongruent","Congruent","Incongruent","Incongruent",109.998838,110.198837,"6^",1.193504,"Correct","Correct","Correct","Correct"
"7",56,"7_8_stimuli","7_7","Congruent","Incongruent","Congruent","Incongruent",111.998816,112.198809,"7&",0.409286,"Correct","Correct","Correct","Correct"
"7",57,"1_2_stimuli","1_1","Congruent","Congruent","Incongruent","Congruent",113.998797,114.198789,"1!",0.409498,"Correct","Correct","Correct","Correct"
"7",58,"3_4_stimuli","4_4","Congruent","Congruent","Congruent","Incongruent",115.998776,116.198773,"4$",0.82508,"Correct","Correct","Correct","Correct"
"7",59,"5_6_stimuli","6_6","Congruent","Congruent","Congruent","Congruent",117.998748,118.198753,"6^",0.825517,"Correct","Correct","Correct","Correct"
"7",60,"7_8_stimuli","7_7","Congruent","Congruent","Congruent","Congruent",119.998733,120.198722,"7&",0.537807,"Correct","Correct","Correct","Correct"
"7",61,"1_2_stimuli","1_2","Incongruent","Congruent","Congruent","Congruent",121.998708,122.198709,"2@",0.521439,"Correct","Correct","Correct","Correct"
"7",62,"3_4_stimuli","4_4","Congruent","Incongruent","Congruent","Congruent",123.998687,124.198683,"4$",0.569414,"Correct","Correct","Correct","Correct"
"7",63,"5_6_stimuli","6_6","Congruent","Congruent","Incongruent","Congruent",125.998657,126.198661,"6^",0.809567,"Correct","Correct","Correct","Correct"
"7",64,"7_8_stimuli","7_8","Incongruent","Congruent","Congruent","Incongruent",127.998645,128.19864,"8*",0.873226,"Correct","Correct","Correct","Correct"
"7",65,"1_2_stimuli","2_1","Incongruent","Incongruent","Congruent","Congruent",129.998618,130.198621,"1!",0.745334,"Correct","Correct","Correct","Correct"
"7",66,"3_4_stimuli","3_4","Incongruent","Incongruent","Incongruent","Congruent",131.998607,132.198596,"4$",0.617802,"Correct","Correct","Correct","Correct"
"7",67,"5_6_stimuli","6_6","Congruent","Incongruent","Incongruent","Incongruent",133.998581,134.198576,"6^",1.193159,"Correct","Correct","Correct","Correct"
"7",68,"7_8_stimuli","8_8","Congruent","Congruent","Incongruent","Incongruent",135.998557,136.198559,"8*",0.505627,"Correct","Correct","Correct","Correct"
"8",1,"1_2_stimuli","1_2","Incongruent",NA,NA,NA,1.999983,2.199982,"2@",0.788665,"Correct",NA,NA,NA
"8",2,"3_4_stimuli","4_3","Incongruent","Incongruent",NA,NA,3.999964,4.199953,"3#",0.772738,"Correct","Correct",NA,NA
"8",3,"5_6_stimuli","5_5","Congruent","Incongruent","Incongruent",NA,5.999947,6.199937,"5%",0.789141,"Correct","Correct","Correct",NA
"8",4,"7_8_stimuli","7_7","Congruent","Congruent","Incongruent","Incongruent",7.999924,8.199919,"7&",0.597506,"Correct","Correct","Correct","Correct"
"8",5,"1_2_stimuli","2_2","Congruent","Congruent","Congruent","Incongruent",9.999899,10.199901,"2@",0.50135,"Correct","Correct","Correct","Correct"
"8",6,"3_4_stimuli","4_3","Incongruent","Congruent","Congruent","Congruent",11.999879,12.199879,"3#",0.565333,"Correct","Correct","Correct","Correct"
"8",7,"5_6_stimuli","6_6","Congruent","Incongruent","Congruent","Congruent",13.999863,14.19986,"6^",0.772808,"Correct","Correct","Correct","Correct"
"8",8,"7_8_stimuli","8_8","Congruent","Congruent","Incongruent","Congruent",15.999834,16.199841,"8*",0.660798,"Correct","Correct","Correct","Correct"
"8",9,"1_2_stimuli","2_1","Incongruent","Congruent","Congruent","Incongruent",17.999804,18.19982,"1!",1.22127,"Correct","Correct","Correct","Correct"
"8",10,"3_4_stimuli","4_4","Congruent","Incongruent","Congruent","Congruent",19.999791,20.199791,"4$",0.725421,"Correct","Correct","Correct","Correct"
"8",11,"5_6_stimuli","5_6","Incongruent","Congruent","Incongruent","Congruent",21.999769,22.199767,"6^",0.773428,"Correct","Correct","Correct","Correct"
"8",12,"7_8_stimuli","7_7","Congruent","Incongruent","Congruent","Incongruent",23.999751,24.199757,"7&",0.612879,"Correct","Correct","Correct","Correct"
"8",13,"1_2_stimuli","2_1","Incongruent","Congruent","Incongruent","Congruent",25.999733,26.19972,"1!",0.804876,"Correct","Correct","Correct","Correct"
"8",14,"3_4_stimuli","4_3","Incongruent","Incongruent","Congruent","Incongruent",27.999706,28.199706,"3#",0.708891,"Correct","Correct","Correct","Correct"
"8",15,"5_6_stimuli","5_6","Incongruent","Incongruent","Incongruent","Congruent",29.999684,30.199687,"6^",0.82094,"Correct","Correct","Correct","Correct"
"8",16,"7_8_stimuli","7_8","Incongruent","Incongruent","Incongruent","Incongruent",31.99967,32.199664,"8*",0.724892,"Correct","Correct","Correct","Correct"
"8",17,"1_2_stimuli","2_1","Incongruent","Incongruent","Incongruent","Incongruent",33.999641,34.19964,"1!",0.469373,"Correct","Correct","Correct","Correct"
"8",18,"3_4_stimuli","4_3","Incongruent","Incongruent","Incongruent","Incongruent",35.999626,36.199623,"3#",0.741585,"Correct","Correct","Correct","Correct"
"8",19,"5_6_stimuli","6_5","Incongruent","Incongruent","Incongruent","Incongruent",37.999599,38.199605,"5%",0.885368,"Correct","Correct","Correct","Correct"
"8",20,"7_8_stimuli","8_8","Congruent","Incongruent","Incongruent","Incongruent",39.99958,40.199579,"8*",0.693521,"Correct","Correct","Correct","Correct"
"8",21,"1_2_stimuli","1_1","Congruent","Congruent","Incongruent","Incongruent",41.999559,42.199555,"1!",0.357262,"Correct","Correct","Correct","Correct"
"8",22,"3_4_stimuli","4_4","Congruent","Congruent","Congruent","Incongruent",43.99954,44.199541,"4$",0.516984,"Correct","Correct","Correct","Correct"
"8",23,"5_6_stimuli","6_6","Congruent","Congruent","Congruent","Congruent",45.999515,46.199509,"6^",0.757463,"Correct","Correct","Correct","Correct"
"8",24,"7_8_stimuli","8_7","Incongruent","Congruent","Congruent","Congruent",47.999496,48.199493,"7&",0.389537,"Correct","Correct","Correct","Correct"
"8",25,"1_2_stimuli","1_2","Incongruent","Incongruent","Congruent","Congruent",49.99947,50.199476,"2@",0.437412,"Correct","Correct","Correct","Correct"
"8",26,"3_4_stimuli","3_3","Congruent","Incongruent","Incongruent","Congruent",51.999452,52.199445,"3#",0.341427,"Correct","Correct","Correct","Correct"
"8",27,"5_6_stimuli","5_6","Incongruent","Congruent","Incongruent","Incongruent",53.999425,54.199426,"6^",1.189201,"Correct","Correct","Correct","Correct"
"8",28,"7_8_stimuli","7_8","Incongruent","Incongruent","Congruent","Incongruent",55.999407,56.199413,"8*",0.453562,"Correct","Correct","Correct","Correct"
"8",29,"1_2_stimuli","2_2","Congruent","Incongruent","Incongruent","Congruent",57.99939,58.199384,"2@",0.469477,"Correct","Correct","Correct","Correct"
"8",30,"3_4_stimuli","3_3","Congruent","Congruent","Incongruent","Incongruent",59.999365,60.199365,"3#",0.357471,"Correct","Correct","Correct","Correct"
"8",31,"5_6_stimuli","5_5","Congruent","Congruent","Congruent","Incongruent",61.999341,62.19934,"5%",0.805559,"Correct","Correct","Correct","Correct"
"8",32,"7_8_stimuli","7_7","Congruent","Congruent","Congruent","Congruent",63.999316,64.199318,"7&",0.613549,"Correct","Correct","Correct","Correct"
"8",33,"1_2_stimuli","1_2","Incongruent","Congruent","Congruent","Congruent",65.999304,66.199303,"2@",0.485594,"Correct","Correct","Correct","Correct"
"8",34,"3_4_stimuli","3_4","Incongruent","Incongruent","Congruent","Congruent",67.999281,68.199279,"4$",0.517236,"Correct","Correct","Correct","Correct"
"8",35,"5_6_stimuli","6_6","Congruent","Incongruent","Incongruent","Congruent",69.999259,70.199258,"6^",1.109634,"Correct","Correct","Correct","Correct"
"8",36,"7_8_stimuli","8_7","Incongruent","Congruent","Incongruent","Incongruent",71.999234,72.199236,"7&",0.757219,"Correct","Correct","Correct","Correct"
"8",37,"1_2_stimuli","2_2","Congruent","Incongruent","Congruent","Incongruent",73.999218,74.199215,"2@",0.62972,"Correct","Correct","Correct","Correct"
"8",38,"3_4_stimuli","3_3","Congruent","Congruent","Incongruent","Congruent",75.999196,76.19919,"3#",0.373271,"Correct","Correct","Correct","Correct"
"8",39,"5_6_stimuli","6_5","Incongruent","Congruent","Congruent","Incongruent",77.999172,78.199171,"5%",0.693689,"Correct","Correct","Correct","Correct"
"8",40,"7_8_stimuli","7_8","Incongruent","Incongruent","Congruent","Congruent",79.999151,80.199149,"8*",0.693636,"Correct","Correct","Correct","Correct"
"8",41,"1_2_stimuli","1_2","Incongruent","Incongruent","Incongruent","Congruent",81.999132,82.199128,"2@",0.54966,"Correct","Correct","Correct","Correct"
"8",42,"3_4_stimuli","4_4","Congruent","Incongruent","Incongruent","Incongruent",83.999111,84.199114,"4$",0.693631,"Correct","Correct","Correct","Correct"
"8",43,"5_6_stimuli","5_5","Congruent","Congruent","Incongruent","Incongruent",85.999083,86.199091,"5%",0.677352,"Correct","Correct","Correct","Correct"
"8",44,"7_8_stimuli","7_7","Congruent","Congruent","Congruent","Incongruent",87.999061,88.199066,"7&",0.837786,"Correct","Correct","Correct","Correct"
"8",45,"1_2_stimuli","1_1","Congruent","Congruent","Congruent","Congruent",89.999049,90.199034,"1!",0.453345,"Correct","Correct","Correct","Correct"
"8",46,"3_4_stimuli","4_4","Congruent","Congruent","Congruent","Congruent",91.999019,92.199022,"4$",0.581978,"Correct","Correct","Correct","Correct"
"8",47,"5_6_stimuli","5_6","Incongruent","Congruent","Congruent","Congruent",93.998994,94.199,"6^",0.693827,"Correct","Correct","Correct","Correct"
"8",48,"7_8_stimuli","8_8","Congruent","Incongruent","Congruent","Congruent",95.998979,96.198972,"8*",0.533861,"Correct","Correct","Correct","Correct"
"8",49,"1_2_stimuli","1_1","Congruent","Congruent","Incongruent","Congruent",97.998951,98.19896,"1!",0.406087,"Correct","Correct","Correct","Correct"
"8",50,"3_4_stimuli","3_4","Incongruent","Congruent","Congruent","Incongruent",99.998929,100.198937,"4$",0.581469,"Correct","Correct","Correct","Correct"
"8",51,"5_6_stimuli","6_5","Incongruent","Incongruent","Congruent","Congruent",101.998917,102.198914,"5%",0.725502,"Correct","Correct","Correct","Correct"
"8",52,"7_8_stimuli","7_7","Congruent","Incongruent","Incongruent","Congruent",103.998887,104.198884,"7&",0.901926,"Correct","Correct","Correct","Correct"
"8",53,"1_2_stimuli","2_1","Incongruent","Congruent","Incongruent","Incongruent",105.99887,106.198863,"1!",0.469496,"Correct","Correct","Correct","Correct"
"8",54,"3_4_stimuli","3_3","Congruent","Incongruent","Congruent","Incongruent",107.998848,108.198852,"3#",0.517703,"Correct","Correct","Correct","Correct"
"8",55,"5_6_stimuli","5_5","Congruent","Congruent","Incongruent","Congruent",109.998835,110.198832,"5%",0.7095,"Correct","Correct","Correct","Correct"
"8",56,"7_8_stimuli","8_7","Incongruent","Congruent","Congruent","Incongruent",111.998811,112.198808,"7&",0.517939,"Correct","Correct","Correct","Correct"
"8",57,"1_2_stimuli","1_1","Congruent","Incongruent","Congruent","Congruent",113.99879,114.198789,"1!",0.373513,"Correct","Correct","Correct","Correct"
"8",58,"3_4_stimuli","3_4","Incongruent","Congruent","Incongruent","Congruent",115.998762,116.19876,"4$",0.502023,"Correct","Correct","Correct","Correct"
"8",59,"5_6_stimuli","6_5","Incongruent","Incongruent","Congruent","Incongruent",117.998746,118.198745,"5%",0.597618,"Correct","Correct","Correct","Correct"
"8",60,"7_8_stimuli","7_8","Incongruent","Incongruent","Incongruent","Congruent",119.998736,120.198731,"8*",0.629571,"Correct","Correct","Correct","Correct"
"8",61,"1_2_stimuli","2_2","Congruent","Incongruent","Incongruent","Incongruent",121.998704,122.19871,"2@",0.613571,"Correct","Correct","Correct","Correct"
"8",62,"3_4_stimuli","3_4","Incongruent","Congruent","Incongruent","Incongruent",123.998685,124.19868,"4$",0.51762,"Correct","Correct","Correct","Correct"
"8",63,"5_6_stimuli","5_5","Congruent","Incongruent","Congruent","Incongruent",125.998645,126.198669,"5%",0.486131,"Correct","Correct","Correct","Correct"
"8",64,"7_8_stimuli","8_7","Incongruent","Congruent","Incongruent","Congruent",127.998637,128.198634,"7&",0.614193,"Correct","Correct","Correct","Correct"
"8",65,"1_2_stimuli","1_2","Incongruent","Incongruent","Congruent","Incongruent",129.998621,130.198617,"2@",0.566221,"Correct","Correct","Correct","Correct"
"8",66,"3_4_stimuli","4_3","Incongruent","Incongruent","Incongruent","Congruent",131.998598,132.198595,"3#",0.566014,"Correct","Correct","Correct","Correct"
"8",67,"5_6_stimuli","6_6","Congruent","Incongruent","Incongruent","Incongruent",133.998569,134.198573,"7&",1.157989,"Error","Correct","Correct","Correct"
"8",68,"7_8_stimuli","8_8","Congruent","Congruent","Incongruent","Incongruent",135.998557,136.19855,"8*",0.437715,"Correct","Error","Correct","Correct"
"9",1,"1_2_stimuli","1_2","Incongruent",NA,NA,NA,1.999989,2.199982,"2@",0.553483,"Correct",NA,NA,NA
"9",2,"3_4_stimuli","4_4","Congruent","Incongruent",NA,NA,3.999966,4.199962,"4$",0.569351,"Correct","Correct",NA,NA
"9",3,"5_6_stimuli","5_6","Incongruent","Congruent","Incongruent",NA,5.999936,6.19994,"6^",0.74511,"Correct","Correct","Correct",NA
"9",4,"7_8_stimuli","8_7","Incongruent","Incongruent","Congruent","Incongruent",7.99992,8.199924,"7&",0.537492,"Correct","Correct","Correct","Correct"
"9",5,"1_2_stimuli","2_2","Congruent","Incongruent","Incongruent","Congruent",9.999908,10.1999,"2@",0.649101,"Correct","Correct","Correct","Correct"
"9",6,"3_4_stimuli","3_3","Congruent","Congruent","Incongruent","Incongruent",11.999888,12.199874,"3#",0.473446,"Correct","Correct","Correct","Correct"
"9",7,"5_6_stimuli","5_5","Congruent","Congruent","Congruent","Incongruent",13.999861,14.199852,"5%",0.649232,"Correct","Correct","Correct","Correct"
"9",8,"7_8_stimuli","8_7","Incongruent","Congruent","Congruent","Congruent",15.999832,16.199834,"6^",0.649196,"Error","Correct","Correct","Correct"
"9",9,"1_2_stimuli","1_1","Congruent","Incongruent","Congruent","Congruent",17.999809,18.199811,"2@",0.473535,"Error","Error","Correct","Correct"
"9",10,"3_4_stimuli","3_3","Congruent","Congruent","Incongruent","Congruent",19.99979,20.199794,"3#",0.64967,"Correct","Error","Error","Correct"
"9",11,"5_6_stimuli","5_6","Incongruent","Congruent","Congruent","Incongruent",21.999774,22.199766,"6^",0.761281,"Correct","Correct","Error","Error"
"9",12,"7_8_stimuli","7_7","Congruent","Incongruent","Congruent","Congruent",23.999755,24.199755,"7&",0.617768,"Correct","Correct","Correct","Error"
"9",13,"1_2_stimuli","1_1","Congruent","Congruent","Incongruent","Congruent",25.99973,26.199726,"1!",0.505678,"Correct","Correct","Correct","Correct"
"9",14,"3_4_stimuli","4_3","Incongruent","Congruent","Congruent","Incongruent",27.999714,28.199705,"3#",0.665287,"Correct","Correct","Correct","Correct"
"9",15,"5_6_stimuli","6_5","Incongruent","Incongruent","Congruent","Congruent",29.99969,30.199684,"5%",0.63373,"Correct","Correct","Correct","Correct"
"9",16,"7_8_stimuli","8_8","Congruent","Incongruent","Incongruent","Congruent",31.999673,32.199666,"8*",0.489306,"Correct","Correct","Correct","Correct"
"9",17,"1_2_stimuli","1_1","Congruent","Congruent","Incongruent","Incongruent",33.99964,34.19964,"1!",0.521834,"Correct","Correct","Correct","Correct"
"9",18,"3_4_stimuli","3_3","Congruent","Congruent","Congruent","Incongruent",35.999623,36.199616,"3#",0.66528,"Correct","Correct","Correct","Correct"
"9",19,"5_6_stimuli","5_5","Congruent","Congruent","Congruent","Congruent",37.999605,38.199602,"5%",0.633375,"Correct","Correct","Correct","Correct"
"9",20,"7_8_stimuli","7_7","Congruent","Congruent","Congruent","Congruent",39.999586,40.199576,"7&",0.841789,"Correct","Correct","Correct","Correct"
"9",21,"1_2_stimuli","1_2","Incongruent","Congruent","Congruent","Congruent",41.999555,42.199555,"2@",0.649375,"Correct","Correct","Correct","Correct"
"9",22,"3_4_stimuli","4_3","Incongruent","Incongruent","Congruent","Congruent",43.999535,44.199543,"3#",0.345962,"Correct","Correct","Correct","Correct"
"9",23,"5_6_stimuli","6_5","Incongruent","Incongruent","Incongruent","Congruent",45.999522,46.199522,"5%",0.473915,"Correct","Correct","Correct","Correct"
"9",24,"7_8_stimuli","8_7","Incongruent","Incongruent","Incongruent","Incongruent",47.999504,48.19949,"7&",0.681672,"Correct","Correct","Correct","Correct"
"9",25,"1_2_stimuli","2_1","Incongruent","Incongruent","Incongruent","Incongruent",49.999472,50.199474,"1!",0.617465,"Correct","Correct","Correct","Correct"
"9",26,"3_4_stimuli","3_4","Incongruent","Incongruent","Incongruent","Incongruent",51.999455,52.199454,"4$",0.633842,"Correct","Correct","Correct","Correct"
"9",27,"5_6_stimuli","6_6","Congruent","Incongruent","Incongruent","Incongruent",53.999425,54.199428,"6^",0.729483,"Correct","Correct","Correct","Correct"
"9",28,"7_8_stimuli","7_7","Congruent","Congruent","Incongruent","Incongruent",55.999398,56.199403,"7&",0.985486,"Correct","Correct","Correct","Correct"
"9",29,"1_2_stimuli","2_2","Congruent","Congruent","Congruent","Incongruent",57.999378,58.199378,"2@",0.697906,"Correct","Correct","Correct","Correct"
"9",30,"3_4_stimuli","4_4","Congruent","Congruent","Congruent","Congruent",59.999363,60.199361,"4$",0.585937,"Correct","Correct","Correct","Correct"
"9",31,"5_6_stimuli","5_6","Incongruent","Congruent","Congruent","Congruent",61.999343,62.199334,"6^",0.873532,"Correct","Correct","Correct","Correct"
"9",32,"7_8_stimuli","7_8","Incongruent","Incongruent","Congruent","Congruent",63.999313,64.199317,"8*",0.794192,"Correct","Correct","Correct","Correct"
"9",33,"1_2_stimuli","1_2","Incongruent","Incongruent","Incongruent","Congruent",65.999301,66.199299,"2@",0.506201,"Correct","Correct","Correct","Correct"
"9",34,"3_4_stimuli","3_3","Congruent","Incongruent","Incongruent","Incongruent",67.999282,68.199271,"3#",0.665918,"Correct","Correct","Correct","Correct"
"9",35,"5_6_stimuli","6_6","Congruent","Congruent","Incongruent","Incongruent",69.999252,70.199248,"6^",1.066063,"Correct","Correct","Correct","Correct"
"9",36,"7_8_stimuli","8_8","Congruent","Congruent","Congruent","Incongruent",71.999235,72.199224,"8*",0.63404,"Correct","Correct","Correct","Correct"
"9",37,"1_2_stimuli","2_2","Congruent","Congruent","Congruent","Congruent",73.999211,74.199212,"2@",0.457686,"Correct","Correct","Correct","Correct"
"9",38,"3_4_stimuli","3_4","Incongruent","Congruent","Congruent","Congruent",75.999189,76.19919,"4$",0.554149,"Correct","Correct","Correct","Correct"
"9",39,"5_6_stimuli","6_6","Congruent","Incongruent","Congruent","Congruent",77.999176,78.199174,"6^",1.2902,"Correct","Correct","Correct","Correct"
"9",40,"7_8_stimuli","7_8","Incongruent","Congruent","Incongruent","Congruent",79.999156,80.199157,"8*",0.537684,"Correct","Correct","Correct","Correct"
"9",41,"1_2_stimuli","1_1","Congruent","Incongruent","Congruent","Incongruent",81.999134,82.199125,"1!",0.393903,"Correct","Correct","Correct","Correct"
"9",42,"3_4_stimuli","3_4","Incongruent","Congruent","Incongruent","Congruent",83.9991,84.199109,"3#",0.889707,"Error","Correct","Correct","Correct"
"9",43,"5_6_stimuli","5_6","Incongruent","Incongruent","Congruent","Incongruent",85.999088,86.199078,"6^",0.922349,"Correct","Error","Correct","Correct"
"9",44,"7_8_stimuli","7_8","Incongruent","Incongruent","Incongruent","Congruent",87.999065,88.199075,"8*",0.457709,"Correct","Correct","Error","Correct"
"9",45,"1_2_stimuli","2_2","Congruent","Incongruent","Incongruent","Incongruent",89.999048,90.199047,"2@",0.506001,"Correct","Correct","Correct","Error"
"9",46,"3_4_stimuli","4_3","Incongruent","Congruent","Incongruent","Incongruent",91.999017,92.199005,"3#",0.553777,"Correct","Correct","Correct","Correct"
"9",47,"5_6_stimuli","5_5","Congruent","Incongruent","Congruent","Incongruent",93.999002,94.199003,"5%",1.226063,"Correct","Correct","Correct","Correct"
"9",48,"7_8_stimuli","8_8","Congruent","Congruent","Incongruent","Congruent",95.998974,96.198972,"8*",0.713794,"Correct","Correct","Correct","Correct"
"9",49,"1_2_stimuli","1_2","Incongruent","Congruent","Congruent","Incongruent",97.998952,98.19896,"2@",0.810519,"Correct","Correct","Correct","Correct"
"9",50,"3_4_stimuli","4_4","Congruent","Incongruent","Congruent","Congruent",99.998935,100.198936,"4$",0.98709,"Correct","Correct","Correct","Correct"
"9",51,"5_6_stimuli","5_6","Incongruent","Congruent","Incongruent","Congruent",101.99891,102.198917,"6^",1.290367,"Correct","Correct","Correct","Correct"
"9",52,"7_8_stimuli","7_7","Congruent","Incongruent","Congruent","Incongruent",103.998895,104.198895,"7&",0.794263,"Correct","Correct","Correct","Correct"
"9",53,"1_2_stimuli","1_2","Incongruent","Congruent","Incongruent","Congruent",105.998872,106.198874,"2@",1.114543,"Correct","Correct","Correct","Correct"
"9",54,"3_4_stimuli","4_4","Congruent","Incongruent","Congruent","Incongruent",107.998845,108.198851,"4$",1.273891,"Correct","Correct","Correct","Correct"
"9",55,"5_6_stimuli","6_6","Congruent","Congruent","Incongruent","Congruent",109.998837,110.198832,"7&",1.466527,"Error","Correct","Correct","Correct"
"9",56,"7_8_stimuli","8_7","Incongruent","Congruent","Congruent","Incongruent",111.998808,112.198803,"7&",0.409925,"Correct","Error","Correct","Correct"
"9",57,"1_2_stimuli","2_1","Incongruent","Incongruent","Congruent","Congruent",113.998789,114.198794,"1!",0.410217,"Correct","Correct","Error","Correct"
"9",58,"3_4_stimuli","3_4","Incongruent","Incongruent","Incongruent","Congruent",115.998761,116.198758,"4$",0.698368,"Correct","Correct","Correct","Error"
"9",59,"5_6_stimuli","6_5","Incongruent","Incongruent","Incongruent","Incongruent",117.998735,118.198735,"5%",0.794407,"Correct","Correct","Correct","Correct"
"9",60,"7_8_stimuli","8_8","Congruent","Incongruent","Incongruent","Incongruent",119.998734,120.198719,"8*",0.954332,"Correct","Correct","Correct","Correct"
"9",61,"1_2_stimuli","2_1","Incongruent","Congruent","Incongruent","Incongruent",121.998706,122.1987,"1!",0.618005,"Correct","Correct","Correct","Correct"
"9",62,"3_4_stimuli","4_3","Incongruent","Incongruent","Congruent","Incongruent",123.998681,124.198669,"3#",0.874003,"Correct","Correct","Correct","Correct"
"9",63,"5_6_stimuli","5_5","Congruent","Incongruent","Incongruent","Congruent",125.998658,126.19866,"5%",0.618019,"Correct","Correct","Correct","Correct"
"9",64,"7_8_stimuli","8_7","Incongruent","Congruent","Incongruent","Incongruent",127.998637,128.198641,"7&",0.714042,"Correct","Correct","Correct","Correct"
"9",65,"1_2_stimuli","2_1","Incongruent","Incongruent","Congruent","Incongruent",129.998611,130.198616,"1!",0.394512,"Correct","Correct","Correct","Correct"
"9",66,"3_4_stimuli","4_4","Congruent","Incongruent","Incongruent","Congruent",131.998592,132.198588,"4$",0.522066,"Correct","Correct","Correct","Correct"
"9",67,"5_6_stimuli","6_5","Incongruent","Congruent","Incongruent","Incongruent",133.998578,134.198575,"5%",0.730579,"Correct","Correct","Correct","Correct"
"9",68,"7_8_stimuli","7_8","Incongruent","Incongruent","Congruent","Incongruent",135.998544,136.198541,"8*",0.939004,"Correct","Correct","Correct","Correct"
"10",1,"1_2_stimuli","1_1","Congruent",NA,NA,NA,1.999988,2.199975,"1!",0.518175,"Correct",NA,NA,NA
"10",2,"3_4_stimuli","4_4","Congruent","Congruent",NA,NA,3.999968,4.199956,"4$",0.502346,"Correct","Correct",NA,NA
"10",3,"5_6_stimuli","5_5","Congruent","Congruent","Congruent",NA,5.999936,6.199935,"5%",0.566201,"Correct","Correct","Correct",NA
"10",4,"7_8_stimuli","7_8","Incongruent","Congruent","Congruent","Congruent",7.999911,8.199918,"8*",0.871023,"Correct","Correct","Correct","Correct"
"10",5,"1_2_stimuli","2_1","Incongruent","Incongruent","Congruent","Congruent",9.999896,10.199893,"5%",0.486219,"Error","Correct","Correct","Correct"
"10",6,"3_4_stimuli","3_4","Incongruent","Incongruent","Incongruent","Congruent",11.999884,12.199867,"4$",0.5983,"Correct","Error","Correct","Correct"
"10",7,"5_6_stimuli","6_5","Incongruent","Incongruent","Incongruent","Incongruent",13.999851,14.19985,"5%",1.286615,"Correct","Correct","Error","Correct"
"10",8,"7_8_stimuli","8_7","Incongruent","Incongruent","Incongruent","Incongruent",15.999832,16.199826,"7&",0.822902,"Correct","Correct","Correct","Error"
"10",9,"1_2_stimuli","1_1","Congruent","Incongruent","Incongruent","Incongruent",17.999806,18.199812,"1!",0.310295,"Correct","Correct","Correct","Correct"
"10",10,"3_4_stimuli","4_4","Congruent","Congruent","Incongruent","Incongruent",19.999791,20.199783,"4$",0.614285,"Correct","Correct","Correct","Correct"
"10",11,"5_6_stimuli","6_6","Congruent","Congruent","Congruent","Incongruent",21.999772,22.199772,"6^",0.950348,"Correct","Correct","Correct","Correct"
"10",12,"7_8_stimuli","7_7","Congruent","Congruent","Congruent","Congruent",23.99975,24.199747,"7&",0.390761,"Correct","Correct","Correct","Correct"
"10",13,"1_2_stimuli","2_1","Incongruent","Congruent","Congruent","Congruent",25.999723,26.199734,"1!",0.678825,"Correct","Correct","Correct","Correct"
"10",14,"3_4_stimuli","3_3","Congruent","Incongruent","Congruent","Congruent",27.999705,28.199712,"3#",0.486382,"Correct","Correct","Correct","Correct"
"10",15,"5_6_stimuli","6_5","Incongruent","Congruent","Incongruent","Congruent",29.999682,30.19968,"5%",0.582344,"Correct","Correct","Correct","Correct"
"10",16,"7_8_stimuli","7_8","Incongruent","Incongruent","Congruent","Incongruent",31.999662,32.199662,"8*",0.61482,"Correct","Correct","Correct","Correct"
"10",17,"1_2_stimuli","2_2","Congruent","Incongruent","Incongruent","Congruent",33.999643,34.199635,"2@",0.598424,"Correct","Correct","Correct","Correct"
"10",18,"3_4_stimuli","3_4","Incongruent","Congruent","Incongruent","Incongruent",35.999621,36.199622,"4$",0.646847,"Correct","Correct","Correct","Correct"
"10",19,"5_6_stimuli","5_5","Congruent","Incongruent","Congruent","Incongruent",37.999598,38.199594,"5%",0.6785,"Correct","Correct","Correct","Correct"
"10",20,"7_8_stimuli","7_7","Congruent","Congruent","Incongruent","Congruent",39.999579,40.199578,"7&",0.75904,"Correct","Correct","Correct","Correct"
"10",21,"1_2_stimuli","1_1","Congruent","Congruent","Congruent","Incongruent",41.999551,42.199544,"1!",0.518636,"Correct","Correct","Correct","Correct"
"10",22,"3_4_stimuli","3_3","Congruent","Congruent","Congruent","Congruent",43.999529,44.199527,"3#",0.775107,"Correct","Correct","Correct","Correct"
"10",23,"5_6_stimuli","5_6","Incongruent","Congruent","Congruent","Congruent",45.9995,46.199512,"6^",1.334888,"Correct","Correct","Correct","Correct"
"10",24,"7_8_stimuli","7_8","Incongruent","Incongruent","Congruent","Congruent",47.999489,48.19949,"8*",0.726523,"Correct","Correct","Correct","Correct"
"10",25,"1_2_stimuli","2_1","Incongruent","Incongruent","Incongruent","Congruent",49.999467,50.199461,"1!",0.486568,"Correct","Correct","Correct","Correct"
"10",26,"3_4_stimuli","3_4","Incongruent","Incongruent","Incongruent","Incongruent",51.999448,52.199426,"4$",0.838973,"Correct","Correct","Correct","Correct"
"10",27,"5_6_stimuli","6_6","Congruent","Incongruent","Incongruent","Incongruent",53.999428,54.199419,"6^",0.934603,"Correct","Correct","Correct","Correct"
"10",28,"7_8_stimuli","7_7","Congruent","Congruent","Incongruent","Incongruent",55.999394,56.199404,"7&",0.582642,"Correct","Correct","Correct","Correct"
"10",29,"1_2_stimuli","1_2","Incongruent","Congruent","Congruent","Incongruent",57.999382,58.199385,"2@",0.534675,"Correct","Correct","Correct","Correct"
"10",30,"3_4_stimuli","3_4","Incongruent","Incongruent","Congruent","Congruent",59.999361,60.199349,"4$",1.302586,"Correct","Correct","Correct","Correct"
"10",31,"5_6_stimuli","5_6","Incongruent","Incongruent","Incongruent","Congruent",61.999335,62.199331,"6^",0.807067,"Correct","Correct","Correct","Correct"
"10",32,"7_8_stimuli","8_8","Congruent","Incongruent","Incongruent","Incongruent",63.99931,64.19931,"8*",0.774939,"Correct","Correct","Correct","Correct"
"10",33,"1_2_stimuli","1_2","Incongruent","Congruent","Incongruent","Incongruent",65.999298,66.199293,"2@",0.551053,"Correct","Correct","Correct","Correct"
"10",34,"3_4_stimuli","4_3","Incongruent","Incongruent","Congruent","Incongruent",67.999276,68.199274,"3#",0.663023,"Correct","Correct","Correct","Correct"
"10",35,"5_6_stimuli","5_5","Congruent","Incongruent","Incongruent","Congruent",69.999256,70.199244,"7&",1.19088,"Error","Correct","Correct","Correct"
"10",36,"7_8_stimuli","7_8","Incongruent","Congruent","Incongruent","Incongruent",71.999242,72.199223,"8*",0.615156,"Correct","Error","Correct","Correct"
"10",37,"1_2_stimuli","1_1","Congruent","Incongruent","Congruent","Incongruent",73.999211,74.199203,"1!",0.598952,"Correct","Correct","Error","Correct"
"10",38,"3_4_stimuli","4_3","Incongruent","Congruent","Incongruent","Congruent",75.999185,76.19918,"3#",0.695021,"Correct","Correct","Correct","Error"
"10",39,"5_6_stimuli","5_6","Incongruent","Incongruent","Congruent","Incongruent",77.999172,78.199164,"6^",0.951236,"Correct","Correct","Correct","Correct"
"10",40,"7_8_stimuli","8_8","Congruent","Incongruent","Incongruent","Congruent",79.999149,80.199139,"8*",0.502769,"Correct","Correct","Correct","Correct"
"10",41,"1_2_stimuli","2_2","Congruent","Congruent","Incongruent","Incongruent",81.999125,82.199115,"2@",0.583083,"Correct","Correct","Correct","Correct"
"10",42,"3_4_stimuli","4_3","Incongruent","Congruent","Congruent","Incongruent",83.999105,84.199095,"3#",0.88732,"Correct","Correct","Correct","Correct"
"10",43,"5_6_stimuli","6_5","Incongruent","Incongruent","Congruent","Congruent",85.99908,86.199085,"5%",0.903203,"Correct","Correct","Correct","Correct"
"10",44,"7_8_stimuli","8_7","Incongruent","Incongruent","Incongruent","Congruent",87.999054,88.199061,"7&",1.23936,"Correct","Correct","Correct","Correct"
"10",45,"1_2_stimuli","1_2","Incongruent","Incongruent","Incongruent","Incongruent",89.999038,90.19903,"2@",0.519318,"Correct","Correct","Correct","Correct"
"10",46,"3_4_stimuli","3_3","Congruent","Incongruent","Incongruent","Incongruent",91.999015,92.199009,"3#",1.190842,"Correct","Correct","Correct","Correct"
"10",47,"5_6_stimuli","6_6","Congruent","Congruent","Incongruent","Incongruent",93.998991,94.198997,"6^",1.447521,"Correct","Correct","Correct","Correct"
"10",48,"7_8_stimuli","8_8","Congruent","Congruent","Congruent","Incongruent",95.998965,96.198974,"8*",0.502898,"Correct","Correct","Correct","Correct"
"10",49,"1_2_stimuli","1_1","Congruent","Congruent","Congruent","Congruent",97.998956,98.198952,"1!",0.61532,"Correct","Correct","Correct","Correct"
"10",50,"3_4_stimuli","4_3","Incongruent","Congruent","Congruent","Congruent",99.998924,100.19893,"3#",0.726938,"Correct","Correct","Correct","Correct"
"10",51,"5_6_stimuli","5_5","Congruent","Incongruent","Congruent","Congruent",101.998902,102.198905,"5%",0.647008,"Correct","Correct","Correct","Correct"
"10",52,"7_8_stimuli","8_7","Incongruent","Congruent","Incongruent","Congruent",103.998888,104.198882,"7&",0.759488,"Correct","Correct","Correct","Correct"
"10",53,"1_2_stimuli","1_2","Incongruent","Incongruent","Congruent","Incongruent",105.998871,106.198857,"2@",0.695377,"Correct","Correct","Correct","Correct"
"10",54,"3_4_stimuli","4_4","Congruent","Incongruent","Incongruent","Congruent",107.998851,108.198844,"4$",1.030965,"Correct","Correct","Correct","Correct"
"10",55,"5_6_stimuli","5_6","Incongruent","Congruent","Incongruent","Incongruent",109.998816,110.198823,"6^",0.871762,"Correct","Correct","Correct","Correct"
"10",56,"7_8_stimuli","8_8","Congruent","Incongruent","Congruent","Incongruent",111.998807,112.1988,"8*",1.22348,"Correct","Correct","Correct","Correct"
"10",57,"1_2_stimuli","2_2","Congruent","Congruent","Incongruent","Congruent",113.998778,114.198788,"2@",0.48708,"Correct","Correct","Correct","Correct"
"10",58,"3_4_stimuli","4_4","Congruent","Congruent","Congruent","Incongruent",115.998762,116.198756,"4$",0.711111,"Correct","Correct","Correct","Correct"
"10",59,"5_6_stimuli","5_5","Congruent","Congruent","Congruent","Congruent",117.99874,118.198738,"5%",0.551159,"Correct","Correct","Correct","Correct"
"10",60,"7_8_stimuli","7_8","Incongruent","Congruent","Congruent","Congruent",119.99871,120.198709,"8*",0.77513,"Correct","Correct","Correct","Correct"
"10",61,"1_2_stimuli","2_2","Congruent","Incongruent","Congruent","Congruent",121.998693,122.198694,"2@",0.615356,"Correct","Correct","Correct","Correct"
"10",62,"3_4_stimuli","3_3","Congruent","Congruent","Incongruent","Congruent",123.998677,124.198673,"3#",1.14347,"Correct","Correct","Correct","Correct"
"10",63,"5_6_stimuli","6_5","Incongruent","Congruent","Congruent","Incongruent",125.998659,126.198654,"5%",1.127547,"Correct","Correct","Correct","Correct"
"10",64,"7_8_stimuli","7_7","Congruent","Incongruent","Congruent","Congruent",127.998635,128.19863,"7&",0.599267,"Correct","Correct","Correct","Correct"
"10",65,"1_2_stimuli","2_1","Incongruent","Congruent","Incongruent","Congruent",129.998611,130.198613,"1!",0.535661,"Correct","Correct","Correct","Correct"
"10",66,"3_4_stimuli","4_4","Congruent","Incongruent","Congruent","Incongruent",131.998589,132.198583,"4$",0.583579,"Correct","Correct","Correct","Correct"
"10",67,"5_6_stimuli","6_6","Congruent","Congruent","Incongruent","Congruent",133.99857,134.198579,"6^",0.887661,"Correct","Correct","Correct","Correct"
"10",68,"7_8_stimuli","8_7","Incongruent","Congruent","Congruent","Incongruent",135.998545,136.198543,"7&",0.615189,"Correct","Correct","Correct","Correct"
"11",1,"1_2_stimuli","1_2","Incongruent",NA,NA,NA,1.999979,2.199989,"2@",0.71627,"Correct",NA,NA,NA
"11",2,"3_4_stimuli","4_3","Incongruent","Incongruent",NA,NA,3.999953,4.199964,"3#",0.331839,"Correct","Correct",NA,NA
"11",3,"5_6_stimuli","6_5","Incongruent","Incongruent","Incongruent",NA,5.999944,6.19993,"5%",0.700139,"Correct","Correct","Correct",NA
"11",4,"7_8_stimuli","7_7","Congruent","Incongruent","Incongruent","Incongruent",7.999917,8.199918,"7&",0.540146,"Correct","Correct","Correct","Correct"
"11",5,"1_2_stimuli","2_1","Incongruent","Congruent","Incongruent","Incongruent",9.999898,10.19989,"1!",0.443822,"Correct","Correct","Correct","Correct"
"11",6,"3_4_stimuli","3_3","Congruent","Incongruent","Congruent","Incongruent",11.999873,12.199875,"3#",0.620181,"Correct","Correct","Correct","Correct"
"11",7,"5_6_stimuli","6_6","Congruent","Congruent","Incongruent","Congruent",13.999856,14.19985,"6^",0.50788,"Correct","Correct","Correct","Correct"
"11",8,"7_8_stimuli","7_8","Incongruent","Congruent","Congruent","Incongruent",15.999832,16.199838,"8*",0.52389,"Correct","Correct","Correct","Correct"
"11",9,"1_2_stimuli","2_1","Incongruent","Incongruent","Congruent","Congruent",17.999818,18.199809,"1!",0.380295,"Correct","Correct","Correct","Correct"
"11",10,"3_4_stimuli","3_3","Congruent","Incongruent","Incongruent","Congruent",19.999783,20.199784,"3#",0.731918,"Correct","Correct","Correct","Correct"
"11",11,"5_6_stimuli","6_5","Incongruent","Congruent","Incongruent","Incongruent",21.999767,22.19977,"5%",0.604055,"Correct","Correct","Correct","Correct"
"11",12,"7_8_stimuli","7_7","Congruent","Incongruent","Congruent","Incongruent",23.999754,24.199744,"7&",0.764566,"Correct","Correct","Correct","Correct"
"11",13,"1_2_stimuli","1_1","Congruent","Congruent","Incongruent","Congruent",25.999722,26.199725,"1!",0.364169,"Correct","Correct","Correct","Correct"
"11",14,"3_4_stimuli","4_4","Congruent","Congruent","Congruent","Incongruent",27.999714,28.199691,"4$",0.428271,"Correct","Correct","Correct","Correct"
"11",15,"5_6_stimuli","6_5","Incongruent","Congruent","Congruent","Congruent",29.999683,30.19968,"5%",0.539998,"Correct","Correct","Correct","Correct"
"11",16,"7_8_stimuli","8_8","Congruent","Incongruent","Congruent","Congruent",31.999665,32.199649,"8*",0.300285,"Correct","Correct","Correct","Correct"
"11",17,"1_2_stimuli","2_1","Incongruent","Congruent","Incongruent","Congruent",33.999649,34.199639,"1!",0.620733,"Correct","Correct","Correct","Correct"
"11",18,"3_4_stimuli","3_4","Incongruent","Incongruent","Congruent","Incongruent",35.99962,36.199613,"4$",0.460487,"Correct","Correct","Correct","Correct"
"11",19,"5_6_stimuli","5_6","Incongruent","Incongruent","Incongruent","Congruent",37.99959,38.199598,"6^",0.684046,"Correct","Correct","Correct","Correct"
"11",20,"7_8_stimuli","8_7","Incongruent","Incongruent","Incongruent","Incongruent",39.999567,40.199577,"7&",0.332086,"Correct","Correct","Correct","Correct"
"11",21,"1_2_stimuli","1_2","Incongruent","Incongruent","Incongruent","Incongruent",41.999561,42.199547,"2@",0.476065,"Correct","Correct","Correct","Correct"
"11",22,"3_4_stimuli","3_4","Incongruent","Incongruent","Incongruent","Incongruent",43.999531,44.199536,"4$",0.572662,"Correct","Correct","Correct","Correct"
"11",23,"5_6_stimuli","6_5","Incongruent","Incongruent","Incongruent","Incongruent",45.999504,46.199512,"5%",0.556121,"Correct","Correct","Correct","Correct"
"11",24,"7_8_stimuli","8_8","Congruent","Incongruent","Incongruent","Incongruent",47.999516,48.199485,"7&",1.340096,"Error","Correct","Correct","Correct"
"11",25,"1_2_stimuli","2_2","Congruent","Congruent","Incongruent","Incongruent",49.999473,50.199469,"2@",0.476129,"Correct","Error","Correct","Correct"
"11",26,"3_4_stimuli","3_4","Incongruent","Congruent","Congruent","Incongruent",51.99945,52.199446,"4$",0.396163,"Correct","Correct","Error","Correct"
"11",27,"5_6_stimuli","5_6","Incongruent","Incongruent","Congruent","Congruent",53.999426,54.19942,"6^",0.636164,"Correct","Correct","Correct","Error"
"11",28,"7_8_stimuli","8_7","Incongruent","Incongruent","Incongruent","Congruent",55.999397,56.199409,"7&",0.604687,"Correct","Correct","Correct","Correct"
"11",29,"1_2_stimuli","1_1","Congruent","Incongruent","Incongruent","Incongruent",57.999388,58.199385,"1!",0.412188,"Correct","Correct","Correct","Correct"
"11",30,"3_4_stimuli","4_4","Congruent","Congruent","Incongruent","Incongruent",59.999365,60.199356,"4$",0.572523,"Correct","Correct","Correct","Correct"
"11",31,"5_6_stimuli","6_5","Incongruent","Congruent","Congruent","Incongruent",61.999338,62.199341,"5%",0.636573,"Correct","Correct","Correct","Correct"
"11",32,"7_8_stimuli","7_8","Incongruent","Incongruent","Congruent","Congruent",63.999317,64.199311,"8*",0.748709,"Correct","Correct","Correct","Correct"
"11",33,"1_2_stimuli","1_2","Incongruent","Incongruent","Incongruent","Congruent",65.999306,66.199305,"2@",0.524267,"Correct","Correct","Correct","Correct"
"11",34,"3_4_stimuli","3_3","Congruent","Incongruent","Incongruent","Incongruent",67.999275,68.19927,"3#",1.308282,"Correct","Correct","Correct","Correct"
"11",35,"5_6_stimuli","5_5","Congruent","Congruent","Incongruent","Incongruent",69.999248,70.199256,"5%",0.572336,"Correct","Correct","Correct","Correct"
"11",36,"7_8_stimuli","7_7","Congruent","Congruent","Congruent","Incongruent",71.99921,72.199235,"6^",0.572327,"Error","Correct","Correct","Correct"
"11",37,"1_2_stimuli","2_2","Congruent","Congruent","Congruent","Congruent",73.999212,74.199208,"2@",0.524807,"Correct","Error","Correct","Correct"
"11",38,"3_4_stimuli","3_4","Incongruent","Congruent","Congruent","Congruent",75.999197,76.199179,"4$",1.420308,"Correct","Correct","Error","Correct"
"11",39,"5_6_stimuli","5_5","Congruent","Incongruent","Congruent","Congruent",77.999177,78.199159,"5%",0.636553,"Correct","Correct","Correct","Error"
"11",40,"7_8_stimuli","7_7","Congruent","Congruent","Incongruent","Congruent",79.99914,80.199137,"7&",0.524866,"Correct","Correct","Correct","Correct"
"11",41,"1_2_stimuli","2_2","Congruent","Congruent","Congruent","Incongruent",81.999118,82.199115,"2@",0.54038,"Correct","Correct","Correct","Correct"
"11",42,"3_4_stimuli","4_4","Congruent","Congruent","Congruent","Congruent",83.999113,84.199095,"4$",0.460783,"Correct","Correct","Correct","Correct"
"11",43,"5_6_stimuli","6_6","Congruent","Congruent","Congruent","Congruent",85.999083,86.199083,"6^",1.292402,"Correct","Correct","Correct","Correct"
"11",44,"7_8_stimuli","8_7","Incongruent","Congruent","Congruent","Congruent",87.999055,88.19906,"7&",0.316896,"Correct","Correct","Correct","Correct"
"11",45,"1_2_stimuli","1_1","Congruent","Incongruent","Congruent","Congruent",89.999032,90.199042,"1!",0.44444,"Correct","Correct","Correct","Correct"
"11",46,"3_4_stimuli","4_4","Congruent","Congruent","Incongruent","Congruent",91.999022,92.199014,"4$",1.004449,"Correct","Correct","Correct","Correct"
"11",47,"5_6_stimuli","6_6","Congruent","Congruent","Congruent","Incongruent",93.998992,94.198986,"6^",0.700536,"Correct","Correct","Correct","Correct"
"11",48,"7_8_stimuli","8_8","Congruent","Congruent","Congruent","Congruent",95.998979,96.198968,"8*",0.812848,"Correct","Correct","Correct","Correct"
"11",49,"1_2_stimuli","1_2","Incongruent","Congruent","Congruent","Congruent",97.998955,98.198951,"2@",0.860509,"Correct","Correct","Correct","Correct"
"11",50,"3_4_stimuli","4_3","Incongruent","Incongruent","Congruent","Congruent",99.998932,100.198921,"3#",0.556534,"Correct","Correct","Correct","Correct"
"11",51,"5_6_stimuli","5_5","Congruent","Incongruent","Incongruent","Congruent",101.998915,102.198907,"5%",0.796549,"Correct","Correct","Correct","Correct"
"11",52,"7_8_stimuli","7_8","Incongruent","Congruent","Incongruent","Incongruent",103.998891,104.19888,"8*",0.636571,"Correct","Correct","Correct","Correct"
"11",53,"1_2_stimuli","1_2","Incongruent","Incongruent","Congruent","Incongruent",105.998866,106.19887,"2@",0.509176,"Correct","Correct","Correct","Correct"
"11",54,"3_4_stimuli","4_3","Incongruent","Incongruent","Incongruent","Congruent",107.998867,108.198837,"3#",0.605142,"Correct","Correct","Correct","Correct"
"11",55,"5_6_stimuli","5_5","Congruent","Incongruent","Incongruent","Incongruent",109.998829,110.198825,"5%",0.909141,"Correct","Correct","Correct","Correct"
"11",56,"7_8_stimuli","8_8","Congruent","Congruent","Incongruent","Incongruent",111.998803,112.198796,"8*",0.749098,"Correct","Correct","Correct","Correct"
"11",57,"1_2_stimuli","2_1","Incongruent","Congruent","Congruent","Incongruent",113.998775,114.198782,"1!",0.588649,"Correct","Correct","Correct","Correct"
"11",58,"3_4_stimuli","3_3","Congruent","Incongruent","Congruent","Congruent",115.998758,116.198762,"3#",1.340836,"Correct","Correct","Correct","Correct"
"11",59,"5_6_stimuli","5_6","Incongruent","Congruent","Incongruent","Congruent",117.998736,118.198744,"Omission",5000,"Omission","Correct","Correct","Correct"
"11",60,"7_8_stimuli","8_7","Incongruent","Incongruent","Congruent","Incongruent",119.998711,120.198721,"Omission",5000,"Omission","Omission","Correct","Correct"
"11",61,"1_2_stimuli","2_2","Congruent","Incongruent","Incongruent","Congruent",121.998706,122.1987,"2@",0.460938,"Correct","Omission","Omission","Correct"
"11",62,"3_4_stimuli","4_3","Incongruent","Congruent","Incongruent","Incongruent",123.998673,124.198672,"3#",0.63671,"Correct","Correct","Omission","Omission"
"11",63,"5_6_stimuli","6_6","Congruent","Incongruent","Congruent","Incongruent",125.998654,126.198659,"6^",0.540688,"Correct","Correct","Correct","Omission"
"11",64,"7_8_stimuli","7_8","Incongruent","Congruent","Incongruent","Congruent",127.998641,128.198628,"8*",0.461171,"Correct","Correct","Correct","Correct"
"11",65,"1_2_stimuli","1_1","Congruent","Incongruent","Congruent","Incongruent",129.998617,130.198609,"1!",0.413137,"Correct","Correct","Correct","Correct"
"11",66,"3_4_stimuli","4_3","Incongruent","Congruent","Incongruent","Congruent",131.998594,132.19859,"3#",0.748783,"Correct","Correct","Correct","Correct"
"11",67,"5_6_stimuli","5_6","Incongruent","Incongruent","Congruent","Incongruent",133.998566,134.198565,"Omission",5000,"Omission","Correct","Correct","Correct"
"11",68,"7_8_stimuli","7_7","Congruent","Incongruent","Incongruent","Congruent",135.998547,136.198545,"7&",0.380759,"Correct","Omission","Correct","Correct"
"12",1,"1_2_stimuli","2_1","Incongruent",NA,NA,NA,1.999978,2.199976,"1!",0.6822,"Correct",NA,NA,NA
"12",2,"3_4_stimuli","4_3","Incongruent","Incongruent",NA,NA,3.999962,4.199961,"3#",0.61818,"Correct","Correct",NA,NA
"12",3,"5_6_stimuli","5_6","Incongruent","Incongruent","Incongruent",NA,5.999933,6.199943,"6^",1.066259,"Correct","Correct","Correct",NA
"12",4,"7_8_stimuli","8_7","Incongruent","Incongruent","Incongruent","Incongruent",7.999914,8.199918,"7&",0.330663,"Correct","Correct","Correct","Correct"
"12",5,"1_2_stimuli","1_2","Incongruent","Incongruent","Incongruent","Incongruent",9.999896,10.199897,"2@",0.618239,"Correct","Correct","Correct","Correct"
"12",6,"3_4_stimuli","3_4","Incongruent","Incongruent","Incongruent","Incongruent",11.999883,12.199874,"4$",0.842236,"Correct","Correct","Correct","Correct"
"12",7,"5_6_stimuli","5_5","Congruent","Incongruent","Incongruent","Incongruent",13.999851,14.199861,"5%",0.826694,"Correct","Correct","Correct","Correct"
"12",8,"7_8_stimuli","8_8","Congruent","Congruent","Incongruent","Incongruent",15.999833,16.199836,"7&",1.386774,"Error","Correct","Correct","Correct"
"12",9,"1_2_stimuli","2_2","Congruent","Congruent","Congruent","Incongruent",17.999812,18.199803,"2@",0.442783,"Correct","Error","Correct","Correct"
"12",10,"3_4_stimuli","4_4","Congruent","Congruent","Congruent","Congruent",19.999795,20.199785,"4$",1.194687,"Correct","Correct","Error","Correct"
"12",11,"5_6_stimuli","5_5","Congruent","Congruent","Congruent","Congruent",21.999787,22.199772,"5%",0.746274,"Correct","Correct","Correct","Error"
"12",12,"7_8_stimuli","8_7","Incongruent","Congruent","Congruent","Congruent",23.999755,24.199749,"7&",1.274659,"Correct","Correct","Correct","Correct"
"12",13,"1_2_stimuli","2_2","Congruent","Incongruent","Congruent","Congruent",25.999725,26.199721,"2@",0.538365,"Correct","Correct","Correct","Correct"
"12",14,"3_4_stimuli","3_3","Congruent","Congruent","Incongruent","Congruent",27.999703,28.199707,"3#",0.698845,"Correct","Correct","Correct","Correct"
"12",15,"5_6_stimuli","6_6","Congruent","Congruent","Congruent","Incongruent",29.999674,30.199673,"6^",1.258442,"Correct","Correct","Correct","Correct"
"12",16,"7_8_stimuli","8_8","Congruent","Congruent","Congruent","Congruent",31.999655,32.199668,"8*",0.570418,"Correct","Correct","Correct","Correct"
"12",17,"1_2_stimuli","1_2","Incongruent","Congruent","Congruent","Congruent",33.999642,34.199645,"2@",0.618703,"Correct","Correct","Correct","Correct"
"12",18,"3_4_stimuli","4_3","Incongruent","Incongruent","Congruent","Congruent",35.999611,36.199614,"3#",1.130722,"Correct","Correct","Correct","Correct"
"12",19,"5_6_stimuli","5_5","Congruent","Incongruent","Incongruent","Congruent",37.999596,38.199593,"5%",0.650488,"Correct","Correct","Correct","Correct"
"12",20,"7_8_stimuli","7_8","Incongruent","Congruent","Incongruent","Incongruent",39.999585,40.199579,"8*",0.555605,"Correct","Correct","Correct","Correct"
"12",21,"1_2_stimuli","2_1","Incongruent","Incongruent","Congruent","Incongruent",41.999557,42.199548,"1!",0.714949,"Correct","Correct","Correct","Correct"
"12",22,"3_4_stimuli","3_3","Congruent","Incongruent","Incongruent","Congruent",43.999534,44.199528,"3#",1.034944,"Correct","Correct","Correct","Correct"
"12",23,"5_6_stimuli","5_6","Incongruent","Congruent","Incongruent","Incongruent",45.99951,46.199508,"6^",1.275048,"Correct","Correct","Correct","Correct"
"12",24,"7_8_stimuli","8_8","Congruent","Incongruent","Congruent","Incongruent",47.999497,48.199487,"8*",0.794864,"Correct","Correct","Correct","Correct"
"12",25,"1_2_stimuli","2_1","Incongruent","Congruent","Incongruent","Congruent",49.999471,50.199459,"1!",0.619667,"Correct","Correct","Correct","Correct"
"12",26,"3_4_stimuli","4_3","Incongruent","Incongruent","Congruent","Incongruent",51.999451,52.199443,"3#",0.986498,"Correct","Correct","Correct","Correct"
"12",27,"5_6_stimuli","5_6","Incongruent","Incongruent","Incongruent","Congruent",53.999436,54.199416,"6^",1.418955,"Correct","Correct","Correct","Correct"
"12",28,"7_8_stimuli","8_7","Incongruent","Incongruent","Incongruent","Incongruent",55.999421,56.199401,"7&",0.619505,"Correct","Correct","Correct","Correct"
"12",29,"1_2_stimuli","1_1","Congruent","Incongruent","Incongruent","Incongruent",57.999386,58.199371,"1!",0.39465,"Correct","Correct","Correct","Correct"
"12",30,"3_4_stimuli","3_3","Congruent","Congruent","Incongruent","Incongruent",59.999352,60.199354,"3#",1.146649,"Correct","Correct","Correct","Correct"
"12",31,"5_6_stimuli","6_5","Incongruent","Congruent","Congruent","Incongruent",61.999341,62.199335,"5%",0.699227,"Correct","Correct","Correct","Correct"
"12",32,"7_8_stimuli","8_8","Congruent","Incongruent","Congruent","Congruent",63.99931,64.199321,"8*",0.60265,"Correct","Correct","Correct","Correct"
"12",33,"1_2_stimuli","2_2","Congruent","Congruent","Incongruent","Congruent",65.999295,66.199295,"2@",0.586693,"Correct","Correct","Correct","Correct"
"12",34,"3_4_stimuli","3_3","Congruent","Congruent","Congruent","Incongruent",67.999278,68.199269,"3#",0.602674,"Correct","Correct","Correct","Correct"
"12",35,"5_6_stimuli","6_5","Incongruent","Congruent","Congruent","Congruent",69.999256,70.199244,"Omission",5000,"Omission","Correct","Correct","Correct"
"12",36,"7_8_stimuli","7_8","Incongruent","Incongruent","Congruent","Congruent",71.999227,72.199224,"8*",0.61944,"Correct","Omission","Correct","Correct"
"12",37,"1_2_stimuli","2_1","Incongruent","Incongruent","Incongruent","Congruent",73.999206,74.199211,"1!",0.55466,"Correct","Correct","Omission","Correct"
"12",38,"3_4_stimuli","4_4","Congruent","Incongruent","Incongruent","Incongruent",75.999191,76.199191,"4$",0.810752,"Correct","Correct","Correct","Omission"
"12",39,"5_6_stimuli","6_6","Congruent","Congruent","Incongruent","Incongruent",77.99917,78.199161,"6^",1.402738,"Correct","Correct","Correct","Correct"
"12",40,"7_8_stimuli","7_7","Congruent","Congruent","Congruent","Incongruent",79.99914,80.199135,"7&",0.330767,"Correct","Correct","Correct","Correct"
"12",41,"1_2_stimuli","2_2","Congruent","Congruent","Congruent","Congruent",81.999129,82.199122,"2@",0.491268,"Correct","Correct","Correct","Correct"
"12",42,"3_4_stimuli","3_4","Incongruent","Congruent","Congruent","Congruent",83.999103,84.199098,"4$",0.939235,"Correct","Correct","Correct","Correct"
"12",43,"5_6_stimuli","5_6","Incongruent","Incongruent","Congruent","Congruent",85.999084,86.199061,"6^",1.259298,"Correct","Correct","Correct","Correct"
"12",44,"7_8_stimuli","7_7","Congruent","Incongruent","Incongruent","Congruent",87.999062,88.199063,"7&",1.099393,"Correct","Correct","Correct","Correct"
"12",45,"1_2_stimuli","1_2","Incongruent","Congruent","Incongruent","Incongruent",89.999045,90.19903,"2@",0.506896,"Correct","Correct","Correct","Correct"
"12",46,"3_4_stimuli","4_4","Congruent","Incongruent","Congruent","Incongruent",91.999016,92.199014,"Omission",5000,"Omission","Correct","Correct","Correct"
"12",47,"5_6_stimuli","5_5","Congruent","Congruent","Incongruent","Congruent",93.998997,94.198997,"5%",0.587307,"Correct","Omission","Correct","Correct"
"12",48,"7_8_stimuli","7_8","Incongruent","Congruent","Congruent","Incongruent",95.998968,96.198975,"8*",0.747489,"Correct","Correct","Omission","Correct"
"12",49,"1_2_stimuli","2_1","Incongruent","Incongruent","Congruent","Congruent",97.99896,98.198953,"1!",0.539372,"Correct","Correct","Correct","Omission"
"12",50,"3_4_stimuli","3_4","Incongruent","Incongruent","Incongruent","Congruent",99.998938,100.198933,"4$",0.618925,"Correct","Correct","Correct","Correct"
"12",51,"5_6_stimuli","6_5","Incongruent","Incongruent","Incongruent","Incongruent",101.998907,102.19891,"5%",0.554874,"Correct","Correct","Correct","Correct"
"12",52,"7_8_stimuli","7_7","Congruent","Incongruent","Incongruent","Incongruent",103.99889,104.198883,"7&",0.795327,"Correct","Correct","Correct","Correct"
"12",53,"1_2_stimuli","1_1","Congruent","Congruent","Incongruent","Incongruent",105.99887,106.198864,"1!",0.555729,"Correct","Correct","Correct","Correct"
"12",54,"3_4_stimuli","4_3","Incongruent","Congruent","Congruent","Incongruent",107.998842,108.198839,"3#",1.163421,"Correct","Correct","Correct","Correct"
"12",55,"5_6_stimuli","6_6","Congruent","Incongruent","Congruent","Congruent",109.998829,110.198824,"6^",1.163353,"Correct","Correct","Correct","Correct"
"12",56,"7_8_stimuli","7_8","Incongruent","Congruent","Incongruent","Congruent",111.998808,112.198804,"8*",0.619325,"Correct","Correct","Correct","Correct"
"12",57,"1_2_stimuli","1_1","Congruent","Incongruent","Congruent","Incongruent",113.998787,114.198775,"1!",0.427257,"Correct","Correct","Correct","Correct"
"12",58,"3_4_stimuli","4_3","Incongruent","Congruent","Incongruent","Congruent",115.998758,116.198759,"3#",0.571604,"Correct","Correct","Correct","Correct"
"12",59,"5_6_stimuli","6_6","Congruent","Incongruent","Congruent","Incongruent",117.998731,118.198743,"6^",0.603411,"Correct","Correct","Correct","Correct"
"12",60,"7_8_stimuli","7_7","Congruent","Congruent","Incongruent","Congruent",119.998721,120.198716,"7&",0.331571,"Correct","Correct","Correct","Correct"
"12",61,"1_2_stimuli","1_2","Incongruent","Congruent","Congruent","Incongruent",121.998696,122.198691,"2@",0.747522,"Correct","Correct","Correct","Correct"
"12",62,"3_4_stimuli","4_4","Congruent","Incongruent","Congruent","Congruent",123.99867,124.198677,"4$",0.55569,"Correct","Correct","Correct","Correct"
"12",63,"5_6_stimuli","6_5","Incongruent","Congruent","Incongruent","Congruent",125.998646,126.198653,"5%",0.507605,"Correct","Correct","Correct","Correct"
"12",64,"7_8_stimuli","8_7","Incongruent","Incongruent","Congruent","Incongruent",127.99863,128.198628,"7&",1.291992,"Correct","Correct","Correct","Correct"
"12",65,"1_2_stimuli","1_1","Congruent","Incongruent","Incongruent","Congruent",129.998613,130.198606,"2@",0.443195,"Error","Correct","Correct","Correct"
"12",66,"3_4_stimuli","3_4","Incongruent","Congruent","Incongruent","Incongruent",131.998594,132.198588,"4$",0.555758,"Correct","Error","Correct","Correct"
"12",67,"5_6_stimuli","5_6","Incongruent","Incongruent","Congruent","Incongruent",133.998573,134.198572,"6^",1.099549,"Correct","Correct","Error","Correct"
"12",68,"7_8_stimuli","8_7","Incongruent","Incongruent","Incongruent","Congruent",135.998541,136.198539,"7&",0.795844,"Correct","Correct","Correct","Error"
"13",1,"1_2_stimuli","2_1","Incongruent",NA,NA,NA,1.99997,2.199969,"1!",0.398545,"Correct",NA,NA,NA
"13",2,"3_4_stimuli","3_3","Congruent","Incongruent",NA,NA,3.999937,4.199935,"3#",0.798819,"Correct","Correct",NA,NA
"13",3,"5_6_stimuli","5_6","Incongruent","Congruent","Incongruent",NA,5.999922,6.199931,"6^",0.654604,"Correct","Correct","Correct",NA
"13",4,"7_8_stimuli","8_7","Incongruent","Incongruent","Congruent","Incongruent",7.999901,8.199897,"7&",0.446993,"Correct","Correct","Correct","Correct"
"13",5,"1_2_stimuli","2_2","Congruent","Incongruent","Incongruent","Congruent",9.999884,10.19988,"2@",0.65465,"Correct","Correct","Correct","Correct"
"13",6,"3_4_stimuli","3_3","Congruent","Congruent","Incongruent","Incongruent",11.999857,12.199858,"3#",0.670729,"Correct","Correct","Correct","Correct"
"13",7,"5_6_stimuli","6_5","Incongruent","Congruent","Congruent","Incongruent",13.999847,14.199839,"5%",1.007136,"Correct","Correct","Correct","Correct"
"13",8,"7_8_stimuli","7_7","Congruent","Incongruent","Congruent","Congruent",15.999821,16.199818,"7&",0.462722,"Correct","Correct","Correct","Correct"
"13",9,"1_2_stimuli","2_2","Congruent","Congruent","Incongruent","Congruent",17.999795,18.199801,"2@",0.511076,"Correct","Correct","Correct","Correct"
"13",10,"3_4_stimuli","4_3","Incongruent","Congruent","Congruent","Incongruent",19.999782,20.199772,"3#",0.799266,"Correct","Correct","Correct","Correct"
"13",11,"5_6_stimuli","6_6","Congruent","Incongruent","Congruent","Congruent",21.999762,22.199748,"6^",1.246705,"Correct","Correct","Correct","Correct"
"13",12,"7_8_stimuli","7_8","Incongruent","Congruent","Incongruent","Congruent",23.999721,24.199726,"7&",1.071125,"Error","Correct","Correct","Correct"
"13",13,"1_2_stimuli","1_1","Congruent","Incongruent","Congruent","Incongruent",25.999704,26.199708,"1!",0.446819,"Correct","Error","Correct","Correct"
"13",14,"3_4_stimuli","4_4","Congruent","Congruent","Incongruent","Congruent",27.999688,28.199686,"4$",1.327252,"Correct","Correct","Error","Correct"
"13",15,"5_6_stimuli","6_6","Congruent","Congruent","Congruent","Incongruent",29.999659,30.19967,"Omission",5000,"Omission","Correct","Correct","Error"
"13",16,"7_8_stimuli","8_7","Incongruent","Congruent","Congruent","Congruent",31.999649,32.199649,"7&",0.495345,"Correct","Omission","Correct","Correct"
"13",17,"1_2_stimuli","1_1","Congruent","Incongruent","Congruent","Congruent",33.999623,34.199619,"1!",0.351124,"Correct","Correct","Omission","Correct"
"13",18,"3_4_stimuli","3_4","Incongruent","Congruent","Incongruent","Congruent",35.999594,36.199604,"4$",0.527321,"Correct","Correct","Correct","Omission"
"13",19,"5_6_stimuli","5_5","Congruent","Incongruent","Congruent","Incongruent",37.999578,38.199583,"5%",0.846855,"Correct","Correct","Correct","Correct"
"13",20,"7_8_stimuli","7_7","Congruent","Congruent","Incongruent","Congruent",39.999565,40.199561,"7&",1.406898,"Correct","Correct","Correct","Correct"
"13",21,"1_2_stimuli","1_1","Congruent","Congruent","Congruent","Incongruent",41.999539,42.199533,"1!",0.462779,"Correct","Correct","Correct","Correct"
"13",22,"3_4_stimuli","3_4","Incongruent","Congruent","Congruent","Congruent",43.999517,44.199513,"5%",1.231195,"Error","Correct","Correct","Correct"
"13",23,"5_6_stimuli","6_5","Incongruent","Incongruent","Congruent","Congruent",45.999498,46.199498,"5%",0.414905,"Correct","Error","Correct","Correct"
"13",24,"7_8_stimuli","8_8","Congruent","Incongruent","Incongruent","Congruent",47.999467,48.199477,"8*",0.511318,"Correct","Correct","Error","Correct"
"13",25,"1_2_stimuli","1_2","Incongruent","Congruent","Incongruent","Incongruent",49.999456,50.19945,"2@",1.02292,"Correct","Correct","Correct","Error"
"13",26,"3_4_stimuli","4_3","Incongruent","Incongruent","Congruent","Incongruent",51.999436,52.199422,"3#",1.023038,"Correct","Correct","Correct","Correct"
"13",27,"5_6_stimuli","5_5","Congruent","Incongruent","Incongruent","Congruent",53.999412,54.199405,"Omission",5000,"Omission","Correct","Correct","Correct"
"13",28,"7_8_stimuli","7_8","Incongruent","Congruent","Incongruent","Incongruent",55.99938,56.199389,"8*",0.478996,"Correct","Omission","Correct","Correct"
"13",29,"1_2_stimuli","2_1","Incongruent","Incongruent","Congruent","Incongruent",57.999361,58.199372,"1!",0.511076,"Correct","Correct","Omission","Correct"
"13",30,"3_4_stimuli","4_4","Congruent","Incongruent","Incongruent","Congruent",59.999345,60.199346,"4$",0.575538,"Correct","Correct","Correct","Omission"
"13",31,"5_6_stimuli","6_5","Incongruent","Congruent","Incongruent","Incongruent",61.999318,62.199321,"5%",0.639059,"Correct","Correct","Correct","Correct"
"13",32,"7_8_stimuli","7_7","Congruent","Incongruent","Congruent","Incongruent",63.999293,64.199299,"7&",0.639292,"Correct","Correct","Correct","Correct"
"13",33,"1_2_stimuli","2_1","Incongruent","Congruent","Incongruent","Congruent",65.999283,66.199279,"1!",0.559246,"Correct","Correct","Correct","Correct"
"13",34,"3_4_stimuli","3_3","Congruent","Incongruent","Congruent","Incongruent",67.999258,68.199279,"3#",0.703121,"Correct","Correct","Correct","Correct"
"13",35,"5_6_stimuli","5_5","Congruent","Congruent","Incongruent","Congruent",69.999239,70.199229,"5%",0.783391,"Correct","Correct","Correct","Correct"
"13",36,"7_8_stimuli","8_7","Incongruent","Congruent","Congruent","Incongruent",71.999222,72.199206,"7&",0.575442,"Correct","Correct","Correct","Correct"
"13",37,"1_2_stimuli","1_2","Incongruent","Incongruent","Congruent","Congruent",73.999197,74.199185,"2@",0.51147,"Correct","Correct","Correct","Correct"
"13",38,"3_4_stimuli","3_4","Incongruent","Incongruent","Incongruent","Congruent",75.999175,76.199172,"4$",0.671207,"Correct","Correct","Correct","Correct"
"13",39,"5_6_stimuli","5_6","Incongruent","Incongruent","Incongruent","Incongruent",77.999156,78.199146,"6^",0.831657,"Correct","Correct","Correct","Correct"
"13",40,"7_8_stimuli","8_8","Congruent","Incongruent","Incongruent","Incongruent",79.999139,80.199123,"8*",1.023193,"Correct","Correct","Correct","Correct"
"13",41,"1_2_stimuli","1_1","Congruent","Congruent","Incongruent","Incongruent",81.999115,82.199101,"1!",0.639375,"Correct","Correct","Correct","Correct"
"13",42,"3_4_stimuli","4_4","Congruent","Congruent","Congruent","Incongruent",83.99911,84.199079,"4$",0.655651,"Correct","Correct","Correct","Correct"
"13",43,"5_6_stimuli","6_6","Congruent","Congruent","Congruent","Congruent",85.999066,86.199068,"6^",0.815217,"Correct","Correct","Correct","Correct"
"13",44,"7_8_stimuli","8_8","Congruent","Congruent","Congruent","Congruent",87.999046,88.199044,"8*",0.751622,"Correct","Correct","Correct","Correct"
"13",45,"1_2_stimuli","2_2","Congruent","Congruent","Congruent","Congruent",89.999026,90.19902,"2@",0.49526,"Correct","Correct","Correct","Correct"
"13",46,"3_4_stimuli","3_3","Congruent","Congruent","Congruent","Congruent",91.998998,92.198991,"3#",0.655596,"Correct","Correct","Correct","Correct"
"13",47,"5_6_stimuli","6_5","Incongruent","Congruent","Congruent","Congruent",93.998977,94.198978,"5%",0.928001,"Correct","Correct","Correct","Correct"
"13",48,"7_8_stimuli","8_7","Incongruent","Incongruent","Congruent","Congruent",95.998963,96.198957,"7&",0.831374,"Correct","Correct","Correct","Correct"
"13",49,"1_2_stimuli","2_1","Incongruent","Incongruent","Incongruent","Congruent",97.99894,98.19894,"2@",1.103246,"Error","Correct","Correct","Correct"
"13",50,"3_4_stimuli","3_4","Incongruent","Incongruent","Incongruent","Incongruent",99.998915,100.198924,"4$",0.575877,"Correct","Error","Correct","Correct"
"13",51,"5_6_stimuli","5_5","Congruent","Incongruent","Incongruent","Incongruent",101.998895,102.19889,"5%",0.703533,"Correct","Correct","Error","Correct"
"13",52,"7_8_stimuli","8_8","Congruent","Congruent","Incongruent","Incongruent",103.998866,104.198865,"8*",0.863844,"Correct","Correct","Correct","Error"
"13",53,"1_2_stimuli","2_1","Incongruent","Congruent","Congruent","Incongruent",105.998856,106.198844,"1!",0.73559,"Correct","Correct","Correct","Correct"
"13",54,"3_4_stimuli","4_3","Incongruent","Incongruent","Congruent","Congruent",107.998825,108.198821,"3#",0.975931,"Correct","Correct","Correct","Correct"
"13",55,"5_6_stimuli","5_6","Incongruent","Incongruent","Incongruent","Congruent",109.99881,110.198811,"6^",1.327475,"Correct","Correct","Correct","Correct"
"13",56,"7_8_stimuli","7_8","Incongruent","Incongruent","Incongruent","Incongruent",111.998791,112.198792,"8*",0.623421,"Correct","Correct","Correct","Correct"
"13",57,"1_2_stimuli","2_2","Congruent","Incongruent","Incongruent","Incongruent",113.998768,114.198762,"2@",0.51145,"Correct","Correct","Correct","Correct"
"13",58,"3_4_stimuli","4_3","Incongruent","Congruent","Incongruent","Incongruent",115.998753,116.198739,"3#",0.911866,"Correct","Correct","Correct","Correct"
"13",59,"5_6_stimuli","5_6","Incongruent","Incongruent","Congruent","Incongruent",117.998718,118.198725,"6^",0.975501,"Correct","Correct","Correct","Correct"
"13",60,"7_8_stimuli","8_7","Incongruent","Incongruent","Incongruent","Congruent",119.998704,120.198694,"7&",0.623505,"Correct","Correct","Correct","Correct"
"13",61,"1_2_stimuli","1_2","Incongruent","Incongruent","Incongruent","Incongruent",121.998685,122.198679,"1!",0.463539,"Error","Correct","Correct","Correct"
"13",62,"3_4_stimuli","3_3","Congruent","Incongruent","Incongruent","Incongruent",123.998659,124.198666,"3#",0.719526,"Correct","Error","Correct","Correct"
"13",63,"5_6_stimuli","6_6","Congruent","Congruent","Incongruent","Incongruent",125.998645,126.198641,"Omission",5000,"Omission","Correct","Error","Correct"
"13",64,"7_8_stimuli","7_7","Congruent","Congruent","Congruent","Incongruent",127.998626,128.198607,"7&",0.368231,"Correct","Omission","Correct","Error"
"13",65,"1_2_stimuli","1_2","Incongruent","Congruent","Congruent","Congruent",129.998587,130.198598,"2@",0.559701,"Correct","Correct","Omission","Correct"
"13",66,"3_4_stimuli","4_4","Congruent","Incongruent","Congruent","Congruent",131.998572,132.198574,"4$",0.800083,"Correct","Correct","Correct","Omission"
"13",67,"5_6_stimuli","5_6","Incongruent","Congruent","Incongruent","Congruent",133.998538,134.198544,"6^",0.415657,"Correct","Correct","Correct","Correct"
"13",68,"7_8_stimuli","7_8","Incongruent","Incongruent","Congruent","Incongruent",135.998537,136.198529,"8*",0.495622,"Correct","Correct","Correct","Correct"
