"Run.Number","Trial.Number","Task","Stimulus","Current.Trial.Type","Previous.Trial.Type","Previous.Trial.Type.N2","Previous.Trial.Type.N3","StimulusOnsetTime","StimulusOffsetTime","Response","RT","Accuracy","PreviousAccuracy","PreviousAccuracy.N2","Previous.Accuracy.N3"
"practice",1,"1_2_stimuli","1_1","Congruent",NA,NA,NA,1.999973,2.199977,"1!",0.406082,"Correct",NA,NA,NA
"practice",2,"3_4_stimuli","3_4","Incongruent","Congruent",NA,NA,3.999966,4.199956,"3#",0.82217,"Error","Correct",NA,NA
"practice",3,"5_6_stimuli","5_5","Congruent","Incongruent","Congruent",NA,5.999937,6.199935,"4$",0.597857,"Error","Error","Correct",NA
"practice",4,"7_8_stimuli","8_8","Congruent","Congruent","Incongruent","Congruent",7.999931,8.199923,"8*",0.981785,"Correct","Error","Error","Correct"
"practice",5,"1_2_stimuli","2_2","Congruent","Congruent","Congruent","Incongruent",9.9999,10.1999,"2@",0.614054,"Correct","Correct","Error","Error"
"practice",6,"3_4_stimuli","4_4","Congruent","Congruent","Congruent","Congruent",11.999879,12.199891,"3#",1.109822,"Error","Correct","Correct","Error"
"practice",7,"5_6_stimuli","5_5","Congruent","Congruent","Congruent","Congruent",13.999869,14.199866,"4$",1.029804,"Error","Error","Correct","Correct"
"practice",8,"7_8_stimuli","8_7","Incongruent","Congruent","Congruent","Congruent",15.999845,16.199845,"7&",1.141857,"Correct","Error","Error","Correct"
"practice",9,"1_2_stimuli","1_1","Congruent","Incongruent","Congruent","Congruent",17.999823,18.199827,"1!",0.406237,"Correct","Correct","Error","Error"
"practice",10,"3_4_stimuli","3_4","Incongruent","Congruent","Incongruent","Congruent",19.999808,20.199809,"Omission",5000,"Omission","Correct","Correct","Error"
"practice",11,"5_6_stimuli","5_6","Incongruent","Incongruent","Congruent","Incongruent",21.999793,22.199789,"7&",1.397898,"Error","Omission","Correct","Correct"
"practice",12,"7_8_stimuli","8_7","Incongruent","Incongruent","Incongruent","Congruent",23.999766,24.199762,"7&",0.646309,"Correct","Error","Omission","Correct"
"practice",13,"1_2_stimuli","1_2","Incongruent","Incongruent","Incongruent","Incongruent",25.999766,26.199749,"2@",0.581994,"Correct","Correct","Error","Omission"
"practice",14,"3_4_stimuli","4_4","Congruent","Incongruent","Incongruent","Incongruent",27.999733,28.199742,"4$",1.397942,"Correct","Correct","Correct","Error"
"practice",15,"5_6_stimuli","6_6","Congruent","Congruent","Incongruent","Incongruent",29.999708,30.19972,"Omission",5000,"Omission","Correct","Correct","Correct"
"practice",16,"7_8_stimuli","7_7","Congruent","Congruent","Congruent","Incongruent",31.999702,32.199694,"7&",0.790346,"Correct","Omission","Correct","Correct"
"practice",17,"1_2_stimuli","1_1","Congruent","Congruent","Congruent","Congruent",33.999683,34.199674,"1!",0.390395,"Correct","Correct","Omission","Correct"
"practice",18,"3_4_stimuli","3_4","Incongruent","Congruent","Congruent","Congruent",35.99966,36.19966,"3#",1.062012,"Error","Correct","Correct","Omission"
"practice",19,"5_6_stimuli","6_5","Incongruent","Incongruent","Congruent","Congruent",37.999637,38.199638,"5%",1.126026,"Correct","Error","Correct","Correct"
"practice",20,"7_8_stimuli","7_7","Congruent","Incongruent","Incongruent","Congruent",39.999619,40.199613,"7&",0.790026,"Correct","Correct","Error","Correct"
"practice",21,"1_2_stimuli","2_1","Incongruent","Congruent","Incongruent","Incongruent",41.999607,42.199608,"1!",0.74244,"Correct","Correct","Correct","Error"
"practice",22,"3_4_stimuli","4_4","Congruent","Incongruent","Congruent","Incongruent",43.999589,44.1996,"4$",1.286766,"Correct","Correct","Correct","Correct"
"practice",23,"5_6_stimuli","5_6","Incongruent","Congruent","Incongruent","Congruent",45.999562,46.199558,"6^",1.254468,"Correct","Correct","Correct","Correct"
"practice",24,"7_8_stimuli","7_7","Congruent","Incongruent","Congruent","Incongruent",47.999542,48.199547,"7&",0.710123,"Correct","Correct","Correct","Correct"
"practice",25,"1_2_stimuli","1_2","Incongruent","Congruent","Incongruent","Congruent",49.999524,50.199528,"2@",0.518153,"Correct","Correct","Correct","Correct"
"practice",26,"3_4_stimuli","3_4","Incongruent","Incongruent","Congruent","Incongruent",51.999508,52.19951,"4$",0.982549,"Correct","Correct","Correct","Correct"
"practice",27,"5_6_stimuli","5_6","Incongruent","Incongruent","Incongruent","Congruent",53.999488,54.19949,"6^",0.934689,"Correct","Correct","Correct","Correct"
"practice",28,"7_8_stimuli","7_8","Incongruent","Incongruent","Incongruent","Incongruent",55.999475,56.199473,"8*",0.982621,"Correct","Correct","Correct","Correct"
"practice",29,"1_2_stimuli","2_2","Congruent","Incongruent","Incongruent","Incongruent",57.999453,58.19945,"2@",0.502676,"Correct","Correct","Correct","Correct"
"practice",30,"3_4_stimuli","4_3","Incongruent","Congruent","Incongruent","Incongruent",59.999435,60.199442,"3#",0.902532,"Correct","Correct","Correct","Correct"
"practice",31,"5_6_stimuli","6_6","Congruent","Incongruent","Congruent","Incongruent",61.999423,62.199425,"6^",1.062265,"Correct","Correct","Correct","Correct"
"practice",32,"7_8_stimuli","7_8","Incongruent","Congruent","Incongruent","Congruent",63.999392,64.199394,"8*",0.886281,"Correct","Correct","Correct","Correct"
"practice",33,"1_2_stimuli","1_1","Congruent","Incongruent","Congruent","Incongruent",65.999379,66.199378,"1!",0.486253,"Correct","Correct","Correct","Correct"
"practice",34,"3_4_stimuli","4_4","Congruent","Congruent","Incongruent","Congruent",67.999364,68.19936,"4$",0.838521,"Correct","Correct","Correct","Correct"
"practice",35,"5_6_stimuli","6_5","Incongruent","Congruent","Congruent","Incongruent",69.999339,70.199335,"5%",1.15835,"Correct","Correct","Correct","Correct"
"practice",36,"7_8_stimuli","8_8","Congruent","Incongruent","Congruent","Congruent",71.999328,72.19932,"8*",0.662298,"Correct","Correct","Correct","Correct"
"practice",37,"1_2_stimuli","1_1","Congruent","Congruent","Incongruent","Congruent",73.999308,74.199307,"1!",0.422329,"Correct","Correct","Correct","Correct"
"practice",38,"3_4_stimuli","3_3","Congruent","Congruent","Congruent","Incongruent",75.99928,76.199278,"3#",0.886357,"Correct","Correct","Correct","Correct"
"practice",39,"5_6_stimuli","6_5","Incongruent","Congruent","Congruent","Congruent",77.999265,78.199269,"4$",0.838692,"Error","Correct","Correct","Correct"
"practice",40,"7_8_stimuli","7_8","Incongruent","Incongruent","Congruent","Congruent",79.999257,80.199246,"8*",0.614746,"Correct","Error","Correct","Correct"
"practice",41,"1_2_stimuli","2_2","Congruent","Incongruent","Incongruent","Congruent",81.999227,82.199224,"2@",0.454412,"Correct","Correct","Error","Correct"
"practice",42,"3_4_stimuli","3_3","Congruent","Congruent","Incongruent","Incongruent",83.999208,84.199203,"3#",0.582462,"Correct","Correct","Correct","Error"
"practice",43,"5_6_stimuli","6_6","Congruent","Congruent","Congruent","Incongruent",85.999191,86.199193,"5%",1.382741,"Error","Correct","Correct","Correct"
"practice",44,"7_8_stimuli","8_8","Congruent","Congruent","Congruent","Congruent",87.999171,88.199174,"8*",0.598804,"Correct","Error","Correct","Correct"
"practice",45,"1_2_stimuli","1_2","Incongruent","Congruent","Congruent","Congruent",89.999151,90.199156,"2@",0.439003,"Correct","Correct","Error","Correct"
"practice",46,"3_4_stimuli","3_3","Congruent","Incongruent","Congruent","Congruent",91.999133,92.199128,"3#",0.535099,"Correct","Correct","Correct","Error"
"practice",47,"5_6_stimuli","5_5","Congruent","Congruent","Incongruent","Congruent",93.999118,94.199112,"5%",0.774712,"Correct","Correct","Correct","Correct"
"practice",48,"7_8_stimuli","8_7","Incongruent","Congruent","Congruent","Incongruent",95.999096,96.199097,"7&",1.078936,"Correct","Correct","Correct","Correct"
"practice",49,"1_2_stimuli","2_1","Incongruent","Incongruent","Congruent","Congruent",97.999083,98.199074,"1!",0.486522,"Correct","Correct","Correct","Correct"
"practice",50,"3_4_stimuli","3_3","Congruent","Incongruent","Incongruent","Congruent",99.999063,100.199064,"3#",0.550867,"Correct","Correct","Correct","Correct"
"practice",51,"5_6_stimuli","6_5","Incongruent","Congruent","Incongruent","Incongruent",101.999048,102.19904,"5%",0.838756,"Correct","Correct","Correct","Correct"
"practice",52,"7_8_stimuli","7_8","Incongruent","Incongruent","Congruent","Incongruent",103.999026,104.199025,"8*",0.790571,"Correct","Correct","Correct","Correct"
"practice",53,"1_2_stimuli","1_2","Incongruent","Incongruent","Incongruent","Congruent",105.999006,106.199007,"2@",0.422799,"Correct","Correct","Correct","Correct"
"practice",54,"3_4_stimuli","4_3","Incongruent","Incongruent","Incongruent","Incongruent",107.998984,108.198982,"3#",0.582971,"Correct","Correct","Correct","Correct"
"practice",55,"5_6_stimuli","5_6","Incongruent","Incongruent","Incongruent","Incongruent",109.998973,110.198962,"5%",0.966925,"Error","Correct","Correct","Correct"
"practice",56,"7_8_stimuli","7_7","Congruent","Incongruent","Incongruent","Incongruent",111.99895,112.198946,"7&",0.854944,"Correct","Error","Correct","Correct"
"practice",57,"1_2_stimuli","2_2","Congruent","Congruent","Incongruent","Incongruent",113.998929,114.198935,"2@",0.502831,"Correct","Correct","Error","Correct"
"practice",58,"3_4_stimuli","4_3","Incongruent","Congruent","Congruent","Incongruent",115.998914,116.198912,"3#",0.998976,"Correct","Correct","Correct","Error"
"practice",59,"5_6_stimuli","6_6","Congruent","Incongruent","Congruent","Congruent",117.998895,118.198888,"6^",1.222699,"Correct","Correct","Correct","Correct"
"practice",60,"7_8_stimuli","8_8","Congruent","Congruent","Incongruent","Congruent",119.99888,120.198871,"8*",0.678896,"Correct","Correct","Correct","Correct"
"practice",61,"1_2_stimuli","2_1","Incongruent","Congruent","Congruent","Incongruent",121.998859,122.198851,"1!",0.487088,"Correct","Correct","Correct","Correct"
"practice",62,"3_4_stimuli","4_3","Incongruent","Incongruent","Congruent","Congruent",123.998836,124.198844,"3#",0.503044,"Correct","Correct","Correct","Correct"
"practice",63,"5_6_stimuli","5_5","Congruent","Incongruent","Incongruent","Congruent",125.998816,126.19882,"5%",1.014779,"Correct","Correct","Correct","Correct"
"practice",64,"7_8_stimuli","8_7","Incongruent","Congruent","Incongruent","Incongruent",127.998803,128.198798,"7&",0.855073,"Correct","Correct","Correct","Correct"
"practice",65,"1_2_stimuli","2_1","Incongruent","Incongruent","Congruent","Incongruent",129.998784,130.198781,"1!",0.390975,"Correct","Correct","Correct","Correct"
"practice",66,"3_4_stimuli","3_4","Incongruent","Incongruent","Incongruent","Congruent",131.99876,132.198765,"3#",1.302816,"Error","Correct","Correct","Correct"
"practice",67,"5_6_stimuli","5_5","Congruent","Incongruent","Incongruent","Incongruent",133.998753,134.198758,"5%",1.015177,"Correct","Error","Correct","Correct"
"practice",68,"7_8_stimuli","8_8","Congruent","Congruent","Incongruent","Incongruent",135.998729,136.198735,"8*",0.663178,"Correct","Correct","Error","Correct"
"1",1,"1_2_stimuli","1_2","Incongruent",NA,NA,NA,1.999989,2.199982,"2@",0.700525,"Correct",NA,NA,NA
"1",2,"3_4_stimuli","3_3","Congruent","Incongruent",NA,NA,3.999973,4.199962,"3#",0.477045,"Correct","Correct",NA,NA
"1",3,"5_6_stimuli","5_6","Incongruent","Congruent","Incongruent",NA,5.999943,6.199955,"6^",1.34089,"Correct","Correct","Correct",NA
"1",4,"7_8_stimuli","8_8","Congruent","Incongruent","Congruent","Incongruent",7.999934,8.199931,"8*",0.70091,"Correct","Correct","Correct","Correct"
"1",5,"1_2_stimuli","2_2","Congruent","Congruent","Incongruent","Congruent",9.999908,10.199906,"2@",0.412896,"Correct","Correct","Correct","Correct"
"1",6,"3_4_stimuli","4_4","Congruent","Congruent","Congruent","Incongruent",11.999894,12.199887,"4$",1.356846,"Correct","Correct","Correct","Correct"
"1",7,"5_6_stimuli","5_5","Congruent","Congruent","Congruent","Congruent",13.999867,14.199876,"5%",0.380608,"Correct","Correct","Correct","Correct"
"1",8,"7_8_stimuli","7_8","Incongruent","Congruent","Congruent","Congruent",15.999852,16.199859,"8*",0.684641,"Correct","Correct","Correct","Correct"
"1",9,"1_2_stimuli","2_1","Incongruent","Incongruent","Congruent","Congruent",17.999836,18.19983,"1!",0.47689,"Correct","Correct","Correct","Correct"
"1",10,"3_4_stimuli","3_3","Congruent","Incongruent","Incongruent","Congruent",19.99982,20.199815,"3#",0.636639,"Correct","Correct","Correct","Correct"
"1",11,"5_6_stimuli","6_5","Incongruent","Congruent","Incongruent","Incongruent",21.9998,22.199807,"5%",0.957029,"Correct","Correct","Correct","Correct"
"1",12,"7_8_stimuli","7_7","Congruent","Incongruent","Congruent","Incongruent",23.999786,24.199788,"7&",0.940677,"Correct","Correct","Correct","Correct"
"1",13,"1_2_stimuli","2_1","Incongruent","Congruent","Incongruent","Congruent",25.999772,26.199759,"1!",0.476681,"Correct","Correct","Correct","Correct"
"1",14,"3_4_stimuli","4_4","Congruent","Incongruent","Congruent","Incongruent",27.999746,28.199741,"4$",1.02107,"Correct","Correct","Correct","Correct"
"1",15,"5_6_stimuli","6_6","Congruent","Congruent","Incongruent","Congruent",29.99973,30.199722,"6^",1.405143,"Correct","Correct","Correct","Correct"
"1",16,"7_8_stimuli","8_8","Congruent","Congruent","Congruent","Incongruent",31.999711,32.199713,"8*",0.509157,"Correct","Correct","Correct","Correct"
"1",17,"1_2_stimuli","1_2","Incongruent","Congruent","Congruent","Congruent",33.99969,34.199697,"2@",0.460784,"Correct","Correct","Correct","Correct"
"1",18,"3_4_stimuli","4_4","Congruent","Incongruent","Congruent","Congruent",35.999664,36.199675,"4$",0.893346,"Correct","Correct","Correct","Correct"
"1",19,"5_6_stimuli","6_5","Incongruent","Congruent","Incongruent","Congruent",37.999657,38.19966,"5%",0.781113,"Correct","Correct","Correct","Correct"
"1",20,"7_8_stimuli","7_8","Incongruent","Incongruent","Congruent","Incongruent",39.999627,40.199639,"8*",0.685071,"Correct","Correct","Correct","Correct"
"1",21,"1_2_stimuli","1_1","Congruent","Incongruent","Incongruent","Congruent",41.999624,42.199621,"1!",0.429189,"Correct","Correct","Correct","Correct"
"1",22,"3_4_stimuli","4_4","Congruent","Congruent","Incongruent","Incongruent",43.999598,44.199596,"4$",1.212896,"Correct","Correct","Correct","Correct"
"1",23,"5_6_stimuli","5_6","Incongruent","Congruent","Congruent","Incongruent",45.999577,46.199576,"6^",1.197308,"Correct","Correct","Correct","Correct"
"1",24,"7_8_stimuli","7_8","Incongruent","Incongruent","Congruent","Congruent",47.999567,48.199554,"8*",0.733463,"Correct","Correct","Correct","Correct"
"1",25,"1_2_stimuli","1_2","Incongruent","Incongruent","Incongruent","Congruent",49.999545,50.199535,"2@",0.508932,"Correct","Correct","Correct","Correct"
"1",26,"3_4_stimuli","3_3","Congruent","Incongruent","Incongruent","Incongruent",51.999526,52.199523,"3#",0.63729,"Correct","Correct","Correct","Correct"
"1",27,"5_6_stimuli","5_5","Congruent","Congruent","Incongruent","Incongruent",53.99951,54.19951,"5%",0.845412,"Correct","Correct","Correct","Correct"
"1",28,"7_8_stimuli","7_8","Incongruent","Congruent","Congruent","Incongruent",55.999493,56.199493,"8*",0.605336,"Correct","Correct","Correct","Correct"
"1",29,"1_2_stimuli","1_1","Congruent","Incongruent","Congruent","Congruent",57.999471,58.199473,"1!",0.413356,"Correct","Correct","Correct","Correct"
"1",30,"3_4_stimuli","3_4","Incongruent","Congruent","Incongruent","Congruent",59.999459,60.199452,"4$",0.893232,"Correct","Correct","Correct","Correct"
"1",31,"5_6_stimuli","5_6","Incongruent","Incongruent","Congruent","Incongruent",61.999433,62.199432,"6^",1.133219,"Correct","Correct","Correct","Correct"
"1",32,"7_8_stimuli","8_7","Incongruent","Incongruent","Incongruent","Congruent",63.99941,64.199408,"7&",0.925219,"Correct","Correct","Correct","Correct"
"1",33,"1_2_stimuli","1_2","Incongruent","Incongruent","Incongruent","Incongruent",65.999394,66.199389,"2@",0.477057,"Correct","Correct","Correct","Correct"
"1",34,"3_4_stimuli","4_3","Incongruent","Incongruent","Incongruent","Incongruent",67.999365,68.199364,"3#",0.669065,"Correct","Correct","Correct","Correct"
"1",35,"5_6_stimuli","6_6","Congruent","Incongruent","Incongruent","Incongruent",69.999351,70.199353,"6^",0.909337,"Correct","Correct","Correct","Correct"
"1",36,"7_8_stimuli","8_8","Congruent","Congruent","Incongruent","Incongruent",71.999337,72.199339,"8*",0.605766,"Correct","Correct","Correct","Correct"
"1",37,"1_2_stimuli","2_1","Incongruent","Congruent","Congruent","Incongruent",73.999314,74.199319,"1!",0.461321,"Correct","Correct","Correct","Correct"
"1",38,"3_4_stimuli","4_3","Incongruent","Incongruent","Congruent","Congruent",75.999303,76.199295,"3#",0.477826,"Correct","Correct","Correct","Correct"
"1",39,"5_6_stimuli","6_5","Incongruent","Incongruent","Incongruent","Congruent",77.999273,78.199283,"5%",0.797187,"Correct","Correct","Correct","Correct"
"1",40,"7_8_stimuli","8_7","Incongruent","Incongruent","Incongruent","Incongruent",79.999258,80.199253,"7&",0.957126,"Correct","Correct","Correct","Correct"
"1",41,"1_2_stimuli","2_2","Congruent","Incongruent","Incongruent","Incongruent",81.999239,82.199233,"2@",0.573345,"Correct","Correct","Correct","Correct"
"1",42,"3_4_stimuli","4_3","Incongruent","Congruent","Incongruent","Incongruent",83.999221,84.199217,"3#",0.621141,"Correct","Correct","Correct","Correct"
"1",43,"5_6_stimuli","6_6","Congruent","Incongruent","Congruent","Incongruent",85.999199,86.199199,"6^",1.10143,"Correct","Correct","Correct","Correct"
"1",44,"7_8_stimuli","7_7","Congruent","Congruent","Incongruent","Congruent",87.999195,88.199193,"7&",0.813432,"Correct","Correct","Correct","Correct"
"1",45,"1_2_stimuli","2_2","Congruent","Congruent","Congruent","Incongruent",89.999172,90.199168,"2@",0.461445,"Correct","Correct","Correct","Correct"
"1",46,"3_4_stimuli","3_4","Incongruent","Congruent","Congruent","Congruent",91.999155,92.199154,"4$",0.845822,"Correct","Correct","Correct","Correct"
"1",47,"5_6_stimuli","6_5","Incongruent","Incongruent","Congruent","Congruent",93.999133,94.199125,"5%",0.54148,"Correct","Correct","Correct","Correct"
"1",48,"7_8_stimuli","8_8","Congruent","Incongruent","Incongruent","Congruent",95.999118,96.199114,"8*",0.669822,"Correct","Correct","Correct","Correct"
"1",49,"1_2_stimuli","2_2","Congruent","Congruent","Incongruent","Incongruent",97.99909,98.199088,"2@",0.445307,"Correct","Correct","Correct","Correct"
"1",50,"3_4_stimuli","4_3","Incongruent","Congruent","Congruent","Incongruent",99.999077,100.199079,"3#",0.557315,"Correct","Correct","Correct","Correct"
"1",51,"5_6_stimuli","5_5","Congruent","Incongruent","Congruent","Congruent",101.999062,102.199052,"5%",0.877298,"Correct","Correct","Correct","Correct"
"1",52,"7_8_stimuli","8_7","Incongruent","Congruent","Incongruent","Congruent",103.999038,104.19903,"7&",0.941713,"Correct","Correct","Correct","Correct"
"1",53,"1_2_stimuli","2_1","Incongruent","Incongruent","Congruent","Incongruent",105.998996,106.199013,"1!",0.509603,"Correct","Correct","Correct","Correct"
"1",54,"3_4_stimuli","3_4","Incongruent","Incongruent","Incongruent","Congruent",107.999004,108.198994,"4$",0.957728,"Correct","Correct","Correct","Correct"
"1",55,"5_6_stimuli","5_6","Incongruent","Incongruent","Incongruent","Incongruent",109.998977,110.198977,"5%",0.893395,"Error","Correct","Correct","Correct"
"1",56,"7_8_stimuli","7_7","Congruent","Incongruent","Incongruent","Incongruent",111.998964,112.198962,"7&",0.893746,"Correct","Error","Correct","Correct"
"1",57,"1_2_stimuli","1_2","Incongruent","Congruent","Incongruent","Incongruent",113.998956,114.198949,"2@",0.621646,"Correct","Correct","Error","Correct"
"1",58,"3_4_stimuli","3_4","Incongruent","Incongruent","Congruent","Incongruent",115.998926,116.198925,"4$",1.069454,"Correct","Correct","Correct","Error"
"1",59,"5_6_stimuli","6_6","Congruent","Incongruent","Incongruent","Congruent",117.998908,118.198906,"6^",1.133468,"Correct","Correct","Correct","Correct"
"1",60,"7_8_stimuli","8_7","Incongruent","Congruent","Incongruent","Incongruent",119.998885,120.198883,"7&",1.085883,"Correct","Correct","Correct","Correct"
"1",61,"1_2_stimuli","1_1","Congruent","Incongruent","Congruent","Incongruent",121.998881,122.198874,"1!",0.477836,"Correct","Correct","Correct","Correct"
"1",62,"3_4_stimuli","3_3","Congruent","Congruent","Incongruent","Congruent",123.998852,124.198846,"3#",0.589862,"Correct","Correct","Correct","Correct"
"1",63,"5_6_stimuli","5_5","Congruent","Congruent","Congruent","Incongruent",125.998828,126.198832,"5%",1.101465,"Correct","Correct","Correct","Correct"
"1",64,"7_8_stimuli","8_8","Congruent","Congruent","Congruent","Congruent",127.998816,128.198821,"8*",0.653896,"Correct","Correct","Correct","Correct"
"1",65,"1_2_stimuli","1_1","Congruent","Congruent","Congruent","Congruent",129.998801,130.198801,"1!",0.4464,"Correct","Correct","Correct","Correct"
"1",66,"3_4_stimuli","3_3","Congruent","Congruent","Congruent","Congruent",131.998784,132.198781,"3#",0.541591,"Correct","Correct","Correct","Correct"
"1",67,"5_6_stimuli","5_6","Incongruent","Congruent","Congruent","Congruent",133.998763,134.198757,"6^",1.181696,"Correct","Correct","Correct","Correct"
"1",68,"7_8_stimuli","7_7","Congruent","Incongruent","Congruent","Congruent",135.99874,136.198743,"7&",0.829665,"Correct","Correct","Correct","Correct"
"2",1,"1_2_stimuli","2_1","Incongruent",NA,NA,NA,1.999983,2.199968,"1!",0.911246,"Correct",NA,NA,NA
"2",2,"3_4_stimuli","4_4","Congruent","Incongruent",NA,NA,3.999953,4.199958,"4$",0.991513,"Correct","Correct",NA,NA
"2",3,"5_6_stimuli","5_6","Incongruent","Congruent","Incongruent",NA,5.999941,6.199953,"6^",0.83168,"Correct","Correct","Correct",NA
"2",4,"7_8_stimuli","7_8","Incongruent","Incongruent","Congruent","Incongruent",7.999919,8.199915,"8*",0.591214,"Correct","Correct","Correct","Correct"
"2",5,"1_2_stimuli","2_2","Congruent","Incongruent","Incongruent","Congruent",9.999911,10.199904,"2@",0.511383,"Correct","Correct","Correct","Correct"
"2",6,"3_4_stimuli","4_3","Incongruent","Congruent","Incongruent","Incongruent",11.999888,12.199885,"3#",0.54346,"Correct","Correct","Correct","Correct"
"2",7,"5_6_stimuli","6_6","Congruent","Incongruent","Congruent","Incongruent",13.999876,14.199872,"6^",0.975791,"Correct","Correct","Correct","Correct"
"2",8,"7_8_stimuli","7_7","Congruent","Congruent","Incongruent","Congruent",15.999848,16.199849,"7&",0.623351,"Correct","Correct","Correct","Correct"
"2",9,"1_2_stimuli","1_1","Congruent","Congruent","Congruent","Incongruent",17.999829,18.199834,"1!",0.367459,"Correct","Correct","Correct","Correct"
"2",10,"3_4_stimuli","3_4","Incongruent","Congruent","Congruent","Congruent",19.999808,20.199805,"4$",0.895658,"Correct","Correct","Correct","Correct"
"2",11,"5_6_stimuli","6_6","Congruent","Incongruent","Congruent","Congruent",21.999802,22.199789,"6^",0.991613,"Correct","Correct","Correct","Correct"
"2",12,"7_8_stimuli","8_7","Incongruent","Congruent","Incongruent","Congruent",23.999773,24.199782,"7&",0.815608,"Correct","Correct","Correct","Correct"
"2",13,"1_2_stimuli","2_1","Incongruent","Incongruent","Congruent","Incongruent",25.999756,26.199761,"1!",0.479864,"Correct","Correct","Correct","Correct"
"2",14,"3_4_stimuli","3_4","Incongruent","Incongruent","Incongruent","Congruent",27.999728,28.199732,"4$",1.119706,"Correct","Correct","Correct","Correct"
"2",15,"5_6_stimuli","5_6","Incongruent","Incongruent","Incongruent","Incongruent",29.999721,30.199715,"6^",0.863494,"Correct","Correct","Correct","Correct"
"2",16,"7_8_stimuli","7_7","Congruent","Incongruent","Incongruent","Incongruent",31.999698,32.199708,"7&",0.863368,"Correct","Correct","Correct","Correct"
"2",17,"1_2_stimuli","2_2","Congruent","Congruent","Incongruent","Incongruent",33.99969,34.199685,"2@",0.527375,"Correct","Correct","Correct","Correct"
"2",18,"3_4_stimuli","4_3","Incongruent","Congruent","Congruent","Incongruent",35.999659,36.199655,"3#",0.607541,"Correct","Correct","Correct","Correct"
"2",19,"5_6_stimuli","6_5","Incongruent","Incongruent","Congruent","Congruent",37.999654,38.199653,"4$",0.767573,"Error","Correct","Correct","Correct"
"2",20,"7_8_stimuli","8_8","Congruent","Incongruent","Incongruent","Congruent",39.999632,40.199627,"8*",1.055685,"Correct","Error","Correct","Correct"
"2",21,"1_2_stimuli","1_2","Incongruent","Congruent","Incongruent","Incongruent",41.999618,42.199601,"2@",0.607448,"Correct","Correct","Error","Correct"
"2",22,"3_4_stimuli","3_4","Incongruent","Incongruent","Congruent","Incongruent",43.999582,44.199586,"4$",1.055465,"Correct","Correct","Correct","Error"
"2",23,"5_6_stimuli","6_5","Incongruent","Incongruent","Incongruent","Congruent",45.999581,46.19957,"5%",0.559653,"Correct","Correct","Correct","Correct"
"2",24,"7_8_stimuli","7_8","Incongruent","Incongruent","Incongruent","Incongruent",47.99955,48.199549,"8*",0.623536,"Correct","Correct","Correct","Correct"
"2",25,"1_2_stimuli","1_1","Congruent","Incongruent","Incongruent","Incongruent",49.999533,50.199525,"1!",0.495817,"Correct","Correct","Correct","Correct"
"2",26,"3_4_stimuli","3_3","Congruent","Congruent","Incongruent","Incongruent",51.999516,52.199516,"3#",0.559536,"Correct","Correct","Correct","Correct"
"2",27,"5_6_stimuli","5_6","Incongruent","Congruent","Congruent","Incongruent",53.999499,54.199498,"6^",1.007886,"Correct","Correct","Correct","Correct"
"2",28,"7_8_stimuli","7_8","Incongruent","Incongruent","Congruent","Congruent",55.999478,56.199489,"8*",0.591847,"Correct","Correct","Correct","Correct"
"2",29,"1_2_stimuli","2_1","Incongruent","Incongruent","Incongruent","Congruent",57.99947,58.19946,"1!",0.479872,"Correct","Correct","Correct","Correct"
"2",30,"3_4_stimuli","3_3","Congruent","Incongruent","Incongruent","Incongruent",59.999439,60.199436,"3#",0.671623,"Correct","Correct","Correct","Correct"
"2",31,"5_6_stimuli","5_5","Congruent","Congruent","Incongruent","Incongruent",61.999425,62.199414,"5%",1.391892,"Correct","Correct","Correct","Correct"
"2",32,"7_8_stimuli","8_7","Incongruent","Congruent","Congruent","Incongruent",63.999404,64.199394,"7&",1.007613,"Correct","Correct","Correct","Correct"
"2",33,"1_2_stimuli","1_1","Congruent","Incongruent","Congruent","Congruent",65.999387,66.199377,"1!",0.527941,"Correct","Correct","Correct","Correct"
"2",34,"3_4_stimuli","4_4","Congruent","Congruent","Incongruent","Congruent",67.999361,68.199371,"4$",0.895754,"Correct","Correct","Correct","Correct"
"2",35,"5_6_stimuli","5_5","Congruent","Congruent","Congruent","Incongruent",69.999358,70.199347,"5%",0.400208,"Correct","Correct","Correct","Correct"
"2",36,"7_8_stimuli","8_8","Congruent","Congruent","Congruent","Congruent",71.999334,72.199323,"8*",0.656303,"Correct","Correct","Correct","Correct"
"2",37,"1_2_stimuli","1_1","Congruent","Congruent","Congruent","Congruent",73.999321,74.199314,"1!",0.463967,"Correct","Correct","Correct","Correct"
"2",38,"3_4_stimuli","4_4","Congruent","Congruent","Congruent","Congruent",75.999285,76.199293,"4$",0.768141,"Correct","Correct","Correct","Correct"
"2",39,"5_6_stimuli","5_6","Incongruent","Congruent","Congruent","Congruent",77.999274,78.19927,"6^",0.864003,"Correct","Correct","Correct","Correct"
"2",40,"7_8_stimuli","7_7","Congruent","Incongruent","Congruent","Congruent",79.999253,80.199258,"7&",0.992386,"Correct","Correct","Correct","Correct"
"2",41,"1_2_stimuli","2_1","Incongruent","Congruent","Incongruent","Congruent",81.999241,82.199237,"1!",0.320326,"Correct","Correct","Correct","Correct"
"2",42,"3_4_stimuli","3_3","Congruent","Incongruent","Congruent","Incongruent",83.999218,84.199217,"3#",0.400015,"Correct","Correct","Correct","Correct"
"2",43,"5_6_stimuli","6_6","Congruent","Congruent","Incongruent","Congruent",85.999209,86.199193,"5%",1.119796,"Error","Correct","Correct","Correct"
"2",44,"7_8_stimuli","8_8","Congruent","Congruent","Congruent","Incongruent",87.999177,88.19918,"8*",0.592011,"Correct","Error","Correct","Correct"
"2",45,"1_2_stimuli","1_2","Incongruent","Congruent","Congruent","Congruent",89.999165,90.199168,"2@",0.591856,"Correct","Correct","Error","Correct"
"2",46,"3_4_stimuli","3_4","Incongruent","Incongruent","Congruent","Congruent",91.999141,92.199137,"4$",1.104248,"Correct","Correct","Correct","Error"
"2",47,"5_6_stimuli","6_6","Congruent","Incongruent","Incongruent","Congruent",93.999121,94.19912,"8*",0.624362,"Error","Correct","Correct","Correct"
"2",48,"7_8_stimuli","7_8","Incongruent","Congruent","Incongruent","Incongruent",95.99913,96.199106,"8*",0.687901,"Correct","Error","Correct","Correct"
"2",49,"1_2_stimuli","2_2","Congruent","Incongruent","Congruent","Incongruent",97.999085,98.199082,"2@",0.543934,"Correct","Correct","Error","Correct"
"2",50,"3_4_stimuli","4_3","Incongruent","Congruent","Incongruent","Congruent",99.999067,100.199071,"3#",0.528021,"Correct","Correct","Correct","Error"
"2",51,"5_6_stimuli","6_5","Incongruent","Incongruent","Congruent","Incongruent",101.999056,102.199044,"5%",1.119946,"Correct","Correct","Correct","Correct"
"2",52,"7_8_stimuli","7_8","Incongruent","Incongruent","Incongruent","Congruent",103.999032,104.199031,"8*",0.656209,"Correct","Correct","Correct","Correct"
"2",53,"1_2_stimuli","1_2","Incongruent","Incongruent","Incongruent","Incongruent",105.999019,106.199028,"2@",0.591981,"Correct","Correct","Correct","Correct"
"2",54,"3_4_stimuli","4_3","Incongruent","Incongruent","Incongruent","Incongruent",107.999003,108.198989,"3#",0.720354,"Correct","Correct","Correct","Correct"
"2",55,"5_6_stimuli","5_5","Congruent","Incongruent","Incongruent","Incongruent",109.998986,110.198988,"4$",0.991946,"Error","Correct","Correct","Correct"
"2",56,"7_8_stimuli","7_7","Congruent","Congruent","Incongruent","Incongruent",111.998958,112.198964,"7&",0.944196,"Correct","Error","Correct","Correct"
"2",57,"1_2_stimuli","1_2","Incongruent","Congruent","Congruent","Incongruent",113.998944,114.19894,"2@",0.64003,"Correct","Correct","Error","Correct"
"2",58,"3_4_stimuli","3_3","Congruent","Incongruent","Congruent","Congruent",115.998926,116.198927,"3#",0.62407,"Correct","Correct","Correct","Error"
"2",59,"5_6_stimuli","6_5","Incongruent","Congruent","Incongruent","Congruent",117.998901,118.198912,"5%",1.248431,"Correct","Correct","Correct","Correct"
"2",60,"7_8_stimuli","8_8","Congruent","Incongruent","Congruent","Incongruent",119.998885,120.198882,"8*",0.624333,"Correct","Correct","Correct","Correct"
"2",61,"1_2_stimuli","2_2","Congruent","Congruent","Incongruent","Congruent",121.998866,122.198862,"2@",0.512129,"Correct","Correct","Correct","Correct"
"2",62,"3_4_stimuli","4_4","Congruent","Congruent","Congruent","Incongruent",123.998846,124.198855,"4$",1.152097,"Correct","Correct","Correct","Correct"
"2",63,"5_6_stimuli","5_5","Congruent","Congruent","Congruent","Congruent",125.99883,126.19883,"5%",0.512322,"Correct","Correct","Correct","Correct"
"2",64,"7_8_stimuli","8_7","Incongruent","Congruent","Congruent","Congruent",127.998815,128.198808,"7&",0.848224,"Correct","Correct","Correct","Correct"
"2",65,"1_2_stimuli","2_1","Incongruent","Incongruent","Congruent","Congruent",129.99879,130.198799,"1!",0.528157,"Correct","Correct","Correct","Correct"
"2",66,"3_4_stimuli","4_4","Congruent","Incongruent","Incongruent","Congruent",131.998776,132.198777,"4$",1.136228,"Correct","Correct","Correct","Correct"
"2",67,"5_6_stimuli","5_6","Incongruent","Congruent","Incongruent","Incongruent",133.998754,134.198752,"Omission",5000,"Omission","Correct","Correct","Correct"
"2",68,"7_8_stimuli","8_7","Incongruent","Incongruent","Congruent","Incongruent",135.99874,136.198736,"7&",0.768496,"Correct","Omission","Correct","Correct"
"3",1,"1_2_stimuli","2_2","Congruent",NA,NA,NA,1.999981,2.199966,"2@",0.700346,"Correct",NA,NA,NA
"3",2,"3_4_stimuli","3_3","Congruent","Congruent",NA,NA,3.999962,4.199956,"3#",0.444334,"Correct","Correct",NA,NA
"3",3,"5_6_stimuli","6_6","Congruent","Congruent","Congruent",NA,5.999942,6.199942,"6^",1.052538,"Correct","Correct","Correct",NA
"3",4,"7_8_stimuli","8_8","Congruent","Congruent","Congruent","Congruent",7.999917,8.199929,"8*",0.876548,"Correct","Correct","Correct","Correct"
"3",5,"1_2_stimuli","1_2","Incongruent","Congruent","Congruent","Congruent",9.999892,10.199907,"2@",0.540947,"Correct","Correct","Correct","Correct"
"3",6,"3_4_stimuli","3_3","Congruent","Incongruent","Congruent","Congruent",11.999894,12.19989,"3#",0.380386,"Correct","Correct","Correct","Correct"
"3",7,"5_6_stimuli","5_6","Incongruent","Congruent","Incongruent","Congruent",13.999871,14.19987,"6^",0.972434,"Correct","Correct","Correct","Correct"
"3",8,"7_8_stimuli","7_8","Incongruent","Incongruent","Congruent","Incongruent",15.99984,16.199856,"8*",0.652459,"Correct","Correct","Correct","Correct"
"3",9,"1_2_stimuli","1_2","Incongruent","Incongruent","Incongruent","Congruent",17.999829,18.199825,"2@",0.33246,"Correct","Correct","Correct","Correct"
"3",10,"3_4_stimuli","4_3","Incongruent","Incongruent","Incongruent","Incongruent",19.999811,20.199821,"3#",0.508781,"Correct","Correct","Correct","Correct"
"3",11,"5_6_stimuli","6_6","Congruent","Incongruent","Incongruent","Incongruent",21.999796,22.199799,"7&",0.940882,"Error","Correct","Correct","Correct"
"3",12,"7_8_stimuli","8_8","Congruent","Congruent","Incongruent","Incongruent",23.999777,24.199775,"8*",0.524484,"Correct","Error","Correct","Correct"
"3",13,"1_2_stimuli","2_1","Incongruent","Congruent","Congruent","Incongruent",25.999756,26.199755,"1!",0.5092,"Correct","Correct","Error","Correct"
"3",14,"3_4_stimuli","3_4","Incongruent","Incongruent","Congruent","Congruent",27.999741,28.19973,"4$",1.06877,"Correct","Correct","Correct","Error"
"3",15,"5_6_stimuli","5_5","Congruent","Incongruent","Incongruent","Congruent",29.999729,30.199715,"5%",0.796801,"Correct","Correct","Correct","Correct"
"3",16,"7_8_stimuli","8_7","Incongruent","Congruent","Incongruent","Incongruent",31.999705,32.199706,"7&",0.764889,"Correct","Correct","Correct","Correct"
"3",17,"1_2_stimuli","1_1","Congruent","Incongruent","Congruent","Incongruent",33.999694,34.199681,"1!",0.492697,"Correct","Correct","Correct","Correct"
"3",18,"3_4_stimuli","4_4","Congruent","Congruent","Incongruent","Congruent",35.999669,36.199671,"4$",1.02062,"Correct","Correct","Correct","Correct"
"3",19,"5_6_stimuli","5_6","Incongruent","Congruent","Congruent","Incongruent",37.99965,38.199646,"6^",1.004864,"Correct","Correct","Correct","Correct"
"3",20,"7_8_stimuli","7_7","Congruent","Incongruent","Congruent","Congruent",39.999625,40.199634,"7&",0.748667,"Correct","Correct","Correct","Correct"
"3",21,"1_2_stimuli","1_2","Incongruent","Congruent","Incongruent","Congruent",41.999607,42.199609,"2@",0.588971,"Correct","Correct","Correct","Correct"
"3",22,"3_4_stimuli","3_4","Incongruent","Incongruent","Congruent","Incongruent",43.999588,44.1996,"4$",0.861052,"Correct","Correct","Correct","Correct"
"3",23,"5_6_stimuli","6_5","Incongruent","Incongruent","Incongruent","Congruent",45.999575,46.19957,"5%",0.876694,"Correct","Correct","Correct","Correct"
"3",24,"7_8_stimuli","8_7","Incongruent","Incongruent","Incongruent","Incongruent",47.999553,48.199557,"6^",1.037035,"Error","Correct","Correct","Correct"
"3",25,"1_2_stimuli","2_1","Incongruent","Incongruent","Incongruent","Incongruent",49.999544,50.199542,"1!",0.540903,"Correct","Error","Correct","Correct"
"3",26,"3_4_stimuli","3_3","Congruent","Incongruent","Incongruent","Incongruent",51.99951,52.199518,"3#",0.668867,"Correct","Correct","Error","Correct"
"3",27,"5_6_stimuli","5_6","Incongruent","Congruent","Incongruent","Incongruent",53.999504,54.199505,"5%",0.941127,"Error","Correct","Correct","Error"
"3",28,"7_8_stimuli","8_8","Congruent","Incongruent","Congruent","Incongruent",55.999516,56.199484,"8*",0.701141,"Correct","Error","Correct","Correct"
"3",29,"1_2_stimuli","2_2","Congruent","Congruent","Incongruent","Congruent",57.999465,58.199458,"2@",0.445107,"Correct","Correct","Error","Correct"
"3",30,"3_4_stimuli","3_4","Incongruent","Congruent","Congruent","Incongruent",59.999438,60.199441,"4$",0.813314,"Correct","Correct","Correct","Error"
"3",31,"5_6_stimuli","6_6","Congruent","Incongruent","Congruent","Congruent",61.999426,62.199431,"6^",0.94088,"Correct","Correct","Correct","Correct"
"3",32,"7_8_stimuli","7_8","Incongruent","Congruent","Incongruent","Congruent",63.999409,64.199419,"8*",0.781149,"Correct","Correct","Correct","Correct"
"3",33,"1_2_stimuli","1_2","Incongruent","Incongruent","Congruent","Incongruent",65.999393,66.199393,"2@",0.653237,"Correct","Correct","Correct","Correct"
"3",34,"3_4_stimuli","3_3","Congruent","Incongruent","Incongruent","Congruent",67.999369,68.199366,"3#",0.461186,"Correct","Correct","Correct","Correct"
"3",35,"5_6_stimuli","6_6","Congruent","Congruent","Incongruent","Incongruent",69.999352,70.199355,"6^",0.781096,"Correct","Correct","Correct","Correct"
"3",36,"7_8_stimuli","7_8","Incongruent","Congruent","Congruent","Incongruent",71.999339,72.199335,"8*",0.749054,"Correct","Correct","Correct","Correct"
"3",37,"1_2_stimuli","2_1","Incongruent","Incongruent","Congruent","Congruent",73.999315,74.199315,"1!",0.460926,"Correct","Correct","Correct","Correct"
"3",38,"3_4_stimuli","4_3","Incongruent","Incongruent","Incongruent","Congruent",75.999292,76.199305,"3#",0.397234,"Correct","Correct","Correct","Correct"
"3",39,"5_6_stimuli","6_5","Incongruent","Incongruent","Incongruent","Incongruent",77.999274,78.199268,"5%",1.11694,"Correct","Correct","Correct","Correct"
"3",40,"7_8_stimuli","8_8","Congruent","Incongruent","Incongruent","Incongruent",79.99928,80.199254,"8*",0.58917,"Correct","Correct","Correct","Correct"
"3",41,"1_2_stimuli","2_1","Incongruent","Congruent","Incongruent","Incongruent",81.999243,82.199249,"1!",0.460992,"Correct","Correct","Correct","Correct"
"3",42,"3_4_stimuli","4_4","Congruent","Incongruent","Congruent","Incongruent",83.999227,84.199215,"4$",0.572958,"Correct","Correct","Correct","Correct"
"3",43,"5_6_stimuli","5_5","Congruent","Congruent","Incongruent","Congruent",85.999209,86.199206,"5%",0.413249,"Correct","Correct","Correct","Correct"
"3",44,"7_8_stimuli","7_7","Congruent","Congruent","Congruent","Incongruent",87.999184,88.199194,"7&",0.685384,"Correct","Correct","Correct","Correct"
"3",45,"1_2_stimuli","1_1","Congruent","Congruent","Congruent","Congruent",89.999168,90.199161,"1!",0.461055,"Correct","Correct","Correct","Correct"
"3",46,"3_4_stimuli","3_4","Incongruent","Congruent","Congruent","Congruent",91.999146,92.199144,"4$",1.005448,"Correct","Correct","Correct","Correct"
"3",47,"5_6_stimuli","6_5","Incongruent","Incongruent","Congruent","Congruent",93.999132,94.199134,"5%",0.573087,"Correct","Correct","Correct","Correct"
"3",48,"7_8_stimuli","7_7","Congruent","Incongruent","Incongruent","Congruent",95.999129,96.199113,"7&",0.733172,"Correct","Correct","Correct","Correct"
"3",49,"1_2_stimuli","1_1","Congruent","Congruent","Incongruent","Incongruent",97.999091,98.199091,"1!",0.381663,"Correct","Correct","Correct","Correct"
"3",50,"3_4_stimuli","4_4","Congruent","Congruent","Congruent","Incongruent",99.999077,100.19908,"4$",0.925508,"Correct","Correct","Correct","Correct"
"3",51,"5_6_stimuli","6_5","Incongruent","Congruent","Congruent","Congruent",101.999069,102.199056,"5%",0.621112,"Correct","Correct","Correct","Correct"
"3",52,"7_8_stimuli","8_7","Incongruent","Incongruent","Congruent","Congruent",103.999036,104.19905,"7&",0.797431,"Correct","Correct","Correct","Correct"
"3",53,"1_2_stimuli","2_2","Congruent","Incongruent","Incongruent","Congruent",105.99902,106.199013,"2@",0.333533,"Correct","Correct","Correct","Correct"
"3",54,"3_4_stimuli","4_3","Incongruent","Congruent","Incongruent","Incongruent",107.998995,108.198994,"3#",0.477781,"Correct","Correct","Correct","Correct"
"3",55,"5_6_stimuli","5_5","Congruent","Incongruent","Congruent","Incongruent",109.99899,110.198988,"5%",0.685537,"Correct","Correct","Correct","Correct"
"3",56,"7_8_stimuli","7_7","Congruent","Congruent","Incongruent","Congruent",111.998948,112.198959,"7&",0.733613,"Correct","Correct","Correct","Correct"
"3",57,"1_2_stimuli","2_2","Congruent","Congruent","Congruent","Incongruent",113.998946,114.198947,"2@",0.477258,"Correct","Correct","Correct","Correct"
"3",58,"3_4_stimuli","4_4","Congruent","Congruent","Congruent","Congruent",115.998928,116.198926,"4$",0.877274,"Correct","Correct","Correct","Correct"
"3",59,"5_6_stimuli","6_6","Congruent","Congruent","Congruent","Congruent",117.998914,118.198915,"6^",1.325616,"Correct","Correct","Correct","Correct"
"3",60,"7_8_stimuli","8_7","Incongruent","Congruent","Congruent","Congruent",119.998888,120.19889,"7&",0.781677,"Correct","Correct","Correct","Correct"
"3",61,"1_2_stimuli","1_1","Congruent","Incongruent","Congruent","Congruent",121.998878,122.198875,"1!",0.413843,"Correct","Correct","Correct","Correct"
"3",62,"3_4_stimuli","4_3","Incongruent","Congruent","Incongruent","Congruent",123.998864,124.198847,"3#",0.461344,"Correct","Correct","Correct","Correct"
"3",63,"5_6_stimuli","5_6","Incongruent","Incongruent","Congruent","Incongruent",125.998844,126.198839,"6^",1.133992,"Correct","Correct","Correct","Correct"
"3",64,"7_8_stimuli","7_8","Incongruent","Incongruent","Incongruent","Congruent",127.998822,128.198813,"8*",0.605717,"Correct","Correct","Correct","Correct"
"3",65,"1_2_stimuli","2_2","Congruent","Incongruent","Incongruent","Incongruent",129.998807,130.198805,"2@",0.381712,"Correct","Correct","Correct","Correct"
"3",66,"3_4_stimuli","3_3","Congruent","Congruent","Incongruent","Incongruent",131.998779,132.198785,"3#",0.445705,"Correct","Correct","Correct","Correct"
"3",67,"5_6_stimuli","5_5","Congruent","Congruent","Congruent","Incongruent",133.99877,134.198765,"5%",0.509947,"Correct","Correct","Correct","Correct"
"3",68,"7_8_stimuli","8_8","Congruent","Congruent","Congruent","Congruent",135.99874,136.198751,"8*",0.813412,"Correct","Correct","Correct","Correct"
"4",1,"1_2_stimuli","2_2","Congruent",NA,NA,NA,1.999978,2.199978,"2@",0.566594,"Correct",NA,NA,NA
"4",2,"3_4_stimuli","4_4","Congruent","Congruent",NA,NA,3.999954,4.199957,"4$",0.870473,"Correct","Correct",NA,NA
"4",3,"5_6_stimuli","5_5","Congruent","Congruent","Congruent",NA,5.999937,6.199931,"5%",0.406601,"Correct","Correct","Correct",NA
"4",4,"7_8_stimuli","7_7","Congruent","Congruent","Congruent","Congruent",7.99992,8.199921,"7&",0.71043,"Correct","Correct","Correct","Correct"
"4",5,"1_2_stimuli","2_2","Congruent","Congruent","Congruent","Congruent",9.999901,10.199905,"2@",0.502254,"Correct","Correct","Correct","Correct"
"4",6,"3_4_stimuli","4_4","Congruent","Congruent","Congruent","Congruent",11.999911,12.199893,"4$",0.566321,"Correct","Correct","Correct","Correct"
"4",7,"5_6_stimuli","5_5","Congruent","Congruent","Congruent","Congruent",13.999873,14.199869,"5%",0.438297,"Correct","Correct","Correct","Correct"
"4",8,"7_8_stimuli","7_7","Congruent","Congruent","Congruent","Congruent",15.99986,16.199845,"7&",0.710463,"Correct","Correct","Correct","Correct"
"4",9,"1_2_stimuli","2_1","Incongruent","Congruent","Congruent","Congruent",17.999828,18.19983,"1!",0.694695,"Correct","Correct","Correct","Correct"
"4",10,"3_4_stimuli","4_3","Incongruent","Incongruent","Congruent","Congruent",19.999813,20.199818,"3#",0.454715,"Correct","Correct","Correct","Correct"
"4",11,"5_6_stimuli","5_6","Incongruent","Incongruent","Incongruent","Congruent",21.999794,22.199801,"6^",1.046941,"Correct","Correct","Correct","Correct"
"4",12,"7_8_stimuli","8_7","Incongruent","Incongruent","Incongruent","Incongruent",23.999775,24.199772,"7&",0.822456,"Correct","Correct","Correct","Correct"
"4",13,"1_2_stimuli","2_2","Congruent","Incongruent","Incongruent","Incongruent",25.999759,26.199754,"2@",0.406763,"Correct","Correct","Correct","Correct"
"4",14,"3_4_stimuli","3_4","Incongruent","Congruent","Incongruent","Incongruent",27.999736,28.199739,"4$",0.871011,"Correct","Correct","Correct","Correct"
"4",15,"5_6_stimuli","6_6","Congruent","Incongruent","Congruent","Incongruent",29.999725,30.199712,"6^",0.950946,"Correct","Correct","Correct","Correct"
"4",16,"7_8_stimuli","7_7","Congruent","Congruent","Incongruent","Congruent",31.999715,32.199705,"7&",1.09496,"Correct","Correct","Correct","Correct"
"4",17,"1_2_stimuli","2_1","Incongruent","Congruent","Congruent","Incongruent",33.999686,34.199677,"1!",0.567045,"Correct","Correct","Correct","Correct"
"4",18,"3_4_stimuli","3_3","Congruent","Incongruent","Congruent","Congruent",35.999669,36.199673,"3#",0.390483,"Correct","Correct","Correct","Correct"
"4",19,"5_6_stimuli","5_6","Incongruent","Congruent","Incongruent","Congruent",37.999655,38.19965,"6^",0.822681,"Correct","Correct","Correct","Correct"
"4",20,"7_8_stimuli","8_8","Congruent","Incongruent","Congruent","Incongruent",39.999636,40.199622,"8*",0.934668,"Correct","Correct","Correct","Correct"
"4",21,"1_2_stimuli","2_2","Congruent","Congruent","Incongruent","Congruent",41.999614,42.199612,"2@",0.438534,"Correct","Correct","Correct","Correct"
"4",22,"3_4_stimuli","3_4","Incongruent","Congruent","Congruent","Incongruent",43.999593,44.199595,"4$",1.046546,"Correct","Correct","Correct","Correct"
"4",23,"5_6_stimuli","6_6","Congruent","Incongruent","Congruent","Congruent",45.999576,46.199574,"6^",1.142542,"Correct","Correct","Correct","Correct"
"4",24,"7_8_stimuli","7_8","Incongruent","Congruent","Incongruent","Congruent",47.999561,48.199553,"8*",0.710559,"Correct","Correct","Correct","Correct"
"4",25,"1_2_stimuli","1_1","Congruent","Incongruent","Congruent","Incongruent",49.999537,50.199541,"1!",0.486921,"Correct","Correct","Correct","Correct"
"4",26,"3_4_stimuli","3_3","Congruent","Congruent","Incongruent","Congruent",51.999527,52.199516,"3#",0.358609,"Correct","Correct","Correct","Correct"
"4",27,"5_6_stimuli","6_5","Incongruent","Congruent","Congruent","Incongruent",53.999503,54.199507,"5%",0.566817,"Correct","Correct","Correct","Correct"
"4",28,"7_8_stimuli","7_8","Incongruent","Incongruent","Congruent","Congruent",55.999489,56.199489,"8*",0.582896,"Correct","Correct","Correct","Correct"
"4",29,"1_2_stimuli","1_1","Congruent","Incongruent","Incongruent","Congruent",57.999466,58.199478,"1!",0.42294,"Correct","Correct","Correct","Correct"
"4",30,"3_4_stimuli","3_3","Congruent","Congruent","Incongruent","Incongruent",59.999446,60.199436,"3#",0.423077,"Correct","Correct","Correct","Correct"
"4",31,"5_6_stimuli","5_5","Congruent","Congruent","Congruent","Incongruent",61.999432,62.199427,"5%",0.678927,"Correct","Correct","Correct","Correct"
"4",32,"7_8_stimuli","8_7","Incongruent","Congruent","Congruent","Congruent",63.999413,64.199407,"6^",0.438863,"Error","Correct","Correct","Correct"
"4",33,"1_2_stimuli","2_2","Congruent","Incongruent","Congruent","Congruent",65.99939,66.199388,"2@",0.519106,"Correct","Error","Correct","Correct"
"4",34,"3_4_stimuli","3_4","Incongruent","Congruent","Incongruent","Congruent",67.99937,68.199378,"4$",0.694759,"Correct","Correct","Error","Correct"
"4",35,"5_6_stimuli","6_5","Incongruent","Incongruent","Congruent","Incongruent",69.999352,70.199349,"5%",1.015126,"Correct","Correct","Correct","Error"
"4",36,"7_8_stimuli","7_8","Incongruent","Incongruent","Incongruent","Congruent",71.999333,72.199333,"8*",0.695059,"Correct","Correct","Correct","Correct"
"4",37,"1_2_stimuli","1_2","Incongruent","Incongruent","Incongruent","Incongruent",73.999311,74.199309,"2@",0.567238,"Correct","Correct","Correct","Correct"
"4",38,"3_4_stimuli","4_3","Incongruent","Incongruent","Incongruent","Incongruent",75.999293,76.199299,"3#",0.503217,"Correct","Correct","Correct","Correct"
"4",39,"5_6_stimuli","6_6","Congruent","Incongruent","Incongruent","Incongruent",77.999279,78.199285,"6^",1.223125,"Correct","Correct","Correct","Correct"
"4",40,"7_8_stimuli","8_8","Congruent","Congruent","Incongruent","Incongruent",79.999255,80.199264,"8*",0.759342,"Correct","Correct","Correct","Correct"
"4",41,"1_2_stimuli","1_1","Congruent","Congruent","Congruent","Incongruent",81.99925,82.199234,"1!",0.455179,"Correct","Correct","Correct","Correct"
"4",42,"3_4_stimuli","3_4","Incongruent","Congruent","Congruent","Congruent",83.999221,84.199227,"4$",0.615093,"Correct","Correct","Correct","Correct"
"4",43,"5_6_stimuli","6_5","Incongruent","Incongruent","Congruent","Congruent",85.999205,86.199211,"5%",0.710937,"Correct","Correct","Correct","Correct"
"4",44,"7_8_stimuli","7_7","Congruent","Incongruent","Incongruent","Congruent",87.99919,88.199187,"7&",1.319362,"Correct","Correct","Correct","Correct"
"4",45,"1_2_stimuli","1_1","Congruent","Congruent","Incongruent","Incongruent",89.999165,90.199174,"1!",0.439273,"Correct","Correct","Correct","Correct"
"4",46,"3_4_stimuli","4_4","Congruent","Congruent","Congruent","Incongruent",91.999145,92.199155,"4$",0.599296,"Correct","Correct","Correct","Correct"
"4",47,"5_6_stimuli","5_6","Incongruent","Congruent","Congruent","Congruent",93.999134,94.199131,"6^",1.126957,"Correct","Correct","Correct","Correct"
"4",48,"7_8_stimuli","7_7","Congruent","Incongruent","Congruent","Congruent",95.999113,96.199109,"7&",0.727366,"Correct","Correct","Correct","Correct"
"4",49,"1_2_stimuli","1_2","Incongruent","Congruent","Incongruent","Congruent",97.999095,98.199096,"2@",0.535104,"Correct","Correct","Correct","Correct"
"4",50,"3_4_stimuli","4_3","Incongruent","Incongruent","Congruent","Incongruent",99.999083,100.199082,"3#",0.583218,"Correct","Correct","Correct","Correct"
"4",51,"5_6_stimuli","5_5","Congruent","Incongruent","Incongruent","Congruent",101.999059,102.199057,"5%",0.663029,"Correct","Correct","Correct","Correct"
"4",52,"7_8_stimuli","7_8","Incongruent","Congruent","Incongruent","Incongruent",103.999045,104.19904,"8*",0.663208,"Correct","Correct","Correct","Correct"
"4",53,"1_2_stimuli","1_2","Incongruent","Incongruent","Congruent","Incongruent",105.999016,106.199032,"2@",0.455069,"Correct","Correct","Correct","Correct"
"4",54,"3_4_stimuli","4_4","Congruent","Incongruent","Incongruent","Congruent",107.999006,108.199,"4$",0.759078,"Correct","Correct","Correct","Correct"
"4",55,"5_6_stimuli","6_5","Incongruent","Congruent","Incongruent","Incongruent",109.998983,110.19898,"5%",0.823115,"Correct","Correct","Correct","Correct"
"4",56,"7_8_stimuli","8_7","Incongruent","Incongruent","Congruent","Incongruent",111.998965,112.198972,"6^",0.887468,"Error","Correct","Correct","Correct"
"4",57,"1_2_stimuli","2_1","Incongruent","Incongruent","Incongruent","Congruent",113.998948,114.198956,"1!",0.519118,"Correct","Error","Correct","Correct"
"4",58,"3_4_stimuli","4_4","Congruent","Incongruent","Incongruent","Incongruent",115.998934,116.198935,"4$",0.615272,"Correct","Correct","Error","Correct"
"4",59,"5_6_stimuli","5_5","Congruent","Congruent","Incongruent","Incongruent",117.99891,118.19891,"5%",0.807211,"Correct","Correct","Correct","Error"
"4",60,"7_8_stimuli","8_7","Incongruent","Congruent","Congruent","Incongruent",119.9989,120.198894,"7&",0.839163,"Correct","Correct","Correct","Correct"
"4",61,"1_2_stimuli","2_1","Incongruent","Incongruent","Congruent","Congruent",121.998874,122.198869,"1!",0.487409,"Correct","Correct","Correct","Correct"
"4",62,"3_4_stimuli","4_3","Incongruent","Incongruent","Incongruent","Congruent",123.998859,124.198862,"3#",0.679393,"Correct","Correct","Correct","Correct"
"4",63,"5_6_stimuli","5_6","Incongruent","Incongruent","Incongruent","Incongruent",125.99884,126.198832,"6^",0.83967,"Correct","Correct","Correct","Correct"
"4",64,"7_8_stimuli","8_8","Congruent","Incongruent","Incongruent","Incongruent",127.998821,128.198822,"8*",0.647533,"Correct","Correct","Correct","Correct"
"4",65,"1_2_stimuli","1_2","Incongruent","Congruent","Incongruent","Incongruent",129.99881,130.198811,"2@",0.503618,"Correct","Correct","Correct","Correct"
"4",66,"3_4_stimuli","3_3","Congruent","Incongruent","Congruent","Incongruent",131.998787,132.198787,"3#",0.455425,"Correct","Correct","Correct","Correct"
"4",67,"5_6_stimuli","6_6","Congruent","Congruent","Incongruent","Congruent",133.998781,134.198765,"5%",0.935554,"Error","Correct","Correct","Correct"
"4",68,"7_8_stimuli","8_8","Congruent","Congruent","Congruent","Incongruent",135.998758,136.198752,"8*",0.695823,"Correct","Error","Correct","Correct"
"5",1,"1_2_stimuli","2_1","Incongruent",NA,NA,NA,2.000256,2.200254,"1!",0.589129,"Correct",NA,NA,NA
"5",2,"3_4_stimuli","4_4","Congruent","Incongruent",NA,NA,4.000243,4.200231,"4$",0.877242,"Correct","Correct",NA,NA
"5",3,"5_6_stimuli","5_5","Congruent","Congruent","Incongruent",NA,6.000224,6.200222,"5%",0.445102,"Correct","Correct","Correct",NA
"5",4,"7_8_stimuli","8_8","Congruent","Congruent","Congruent","Incongruent",8.000206,8.200206,"8*",0.605238,"Correct","Correct","Correct","Correct"
"5",5,"1_2_stimuli","1_2","Incongruent","Congruent","Congruent","Congruent",10.000177,10.200188,"2@",0.588869,"Correct","Correct","Correct","Correct"
"5",6,"3_4_stimuli","3_3","Congruent","Incongruent","Congruent","Congruent",12.000184,12.200168,"3#",0.381381,"Correct","Correct","Correct","Correct"
"5",7,"5_6_stimuli","5_6","Incongruent","Congruent","Incongruent","Congruent",14.000145,14.200149,"6^",1.245348,"Correct","Correct","Correct","Correct"
"5",8,"7_8_stimuli","8_7","Incongruent","Incongruent","Congruent","Incongruent",16.000127,16.200136,"7&",0.876928,"Correct","Correct","Correct","Correct"
"5",9,"1_2_stimuli","1_2","Incongruent","Incongruent","Incongruent","Congruent",18.000106,18.20011,"2@",0.477106,"Correct","Correct","Correct","Correct"
"5",10,"3_4_stimuli","3_4","Incongruent","Incongruent","Incongruent","Incongruent",20.000093,20.200087,"4$",0.812943,"Correct","Correct","Correct","Correct"
"5",11,"5_6_stimuli","6_5","Incongruent","Incongruent","Incongruent","Incongruent",22.000077,22.200082,"5%",0.685152,"Correct","Correct","Correct","Correct"
"5",12,"7_8_stimuli","8_8","Congruent","Incongruent","Incongruent","Incongruent",24.000056,24.200064,"8*",0.573558,"Correct","Correct","Correct","Correct"
"5",13,"1_2_stimuli","2_2","Congruent","Congruent","Incongruent","Incongruent",26.000036,26.200042,"2@",0.381003,"Correct","Correct","Correct","Correct"
"5",14,"3_4_stimuli","4_3","Incongruent","Congruent","Congruent","Incongruent",28.000017,28.200016,"3#",0.573383,"Correct","Correct","Correct","Correct"
"5",15,"5_6_stimuli","6_5","Incongruent","Incongruent","Congruent","Congruent",30.000014,30.2,"5%",0.509532,"Correct","Correct","Correct","Correct"
"5",16,"7_8_stimuli","8_7","Incongruent","Incongruent","Incongruent","Congruent",31.999982,32.199985,"7&",0.717425,"Correct","Correct","Correct","Correct"
"5",17,"1_2_stimuli","1_1","Congruent","Incongruent","Incongruent","Incongruent",33.99997,34.199971,"1!",0.589257,"Correct","Correct","Correct","Correct"
"5",18,"3_4_stimuli","4_4","Congruent","Congruent","Incongruent","Incongruent",35.999949,36.199946,"4$",0.605358,"Correct","Correct","Correct","Correct"
"5",19,"5_6_stimuli","5_6","Incongruent","Congruent","Congruent","Incongruent",37.99994,38.199931,"6^",0.861433,"Correct","Correct","Correct","Correct"
"5",20,"7_8_stimuli","8_8","Congruent","Incongruent","Congruent","Congruent",39.999936,40.19991,"8*",0.55711,"Correct","Correct","Correct","Correct"
"5",21,"1_2_stimuli","1_1","Congruent","Congruent","Incongruent","Congruent",41.999939,42.199901,"1!",0.397064,"Correct","Correct","Correct","Correct"
"5",22,"3_4_stimuli","3_3","Congruent","Congruent","Congruent","Incongruent",43.999879,44.199871,"3#",0.36549,"Correct","Correct","Correct","Correct"
"5",23,"5_6_stimuli","6_5","Incongruent","Congruent","Congruent","Congruent",45.999861,46.199863,"5%",0.621472,"Correct","Correct","Correct","Correct"
"5",24,"7_8_stimuli","7_8","Incongruent","Incongruent","Congruent","Congruent",47.999836,48.199842,"8*",0.621183,"Correct","Correct","Correct","Correct"
"5",25,"1_2_stimuli","1_1","Congruent","Incongruent","Incongruent","Congruent",49.999818,50.199821,"1!",0.429575,"Correct","Correct","Correct","Correct"
"5",26,"3_4_stimuli","3_4","Incongruent","Congruent","Incongruent","Incongruent",51.999806,52.199797,"4$",0.573517,"Correct","Correct","Correct","Correct"
"5",27,"5_6_stimuli","6_6","Congruent","Incongruent","Congruent","Incongruent",53.99978,54.199791,"6^",0.78163,"Correct","Correct","Correct","Correct"
"5",28,"7_8_stimuli","7_7","Congruent","Congruent","Incongruent","Congruent",55.999777,56.199761,"7&",0.925249,"Correct","Correct","Correct","Correct"
"5",29,"1_2_stimuli","2_2","Congruent","Congruent","Congruent","Incongruent",57.999749,58.199755,"2@",0.461599,"Correct","Correct","Correct","Correct"
"5",30,"3_4_stimuli","3_4","Incongruent","Congruent","Congruent","Congruent",59.99973,60.199735,"4$",0.781462,"Correct","Correct","Correct","Correct"
"5",31,"5_6_stimuli","5_5","Congruent","Incongruent","Congruent","Congruent",61.999718,62.19971,"5%",0.685842,"Correct","Correct","Correct","Correct"
"5",32,"7_8_stimuli","7_8","Incongruent","Congruent","Incongruent","Congruent",63.999702,64.199696,"8*",0.717304,"Correct","Correct","Correct","Correct"
"5",33,"1_2_stimuli","2_1","Incongruent","Incongruent","Congruent","Incongruent",65.999668,66.199673,"1!",0.57352,"Correct","Correct","Correct","Correct"
"5",34,"3_4_stimuli","3_3","Congruent","Incongruent","Incongruent","Congruent",67.99966,68.199657,"3#",0.333525,"Correct","Correct","Correct","Correct"
"5",35,"5_6_stimuli","6_5","Incongruent","Congruent","Incongruent","Incongruent",69.999633,70.199644,"5%",0.557377,"Correct","Correct","Correct","Correct"
"5",36,"7_8_stimuli","8_8","Congruent","Incongruent","Congruent","Incongruent",71.999629,72.199627,"8*",0.509356,"Correct","Correct","Correct","Correct"
"5",37,"1_2_stimuli","1_2","Incongruent","Congruent","Incongruent","Congruent",73.999596,74.199601,"2@",0.573646,"Correct","Correct","Correct","Correct"
"5",38,"3_4_stimuli","4_3","Incongruent","Incongruent","Congruent","Incongruent",75.999578,76.199589,"3#",0.429418,"Correct","Correct","Correct","Correct"
"5",39,"5_6_stimuli","6_6","Congruent","Incongruent","Incongruent","Congruent",77.999575,78.199567,"6^",1.22973,"Correct","Correct","Correct","Correct"
"5",40,"7_8_stimuli","7_7","Congruent","Congruent","Incongruent","Incongruent",79.999546,80.199551,"7&",0.621435,"Correct","Correct","Correct","Correct"
"5",41,"1_2_stimuli","2_1","Incongruent","Congruent","Congruent","Incongruent",81.999535,82.199519,"1!",0.461841,"Correct","Correct","Correct","Correct"
"5",42,"3_4_stimuli","3_4","Incongruent","Incongruent","Congruent","Congruent",83.999514,84.199516,"4$",0.717572,"Correct","Correct","Correct","Correct"
"5",43,"5_6_stimuli","5_6","Incongruent","Incongruent","Incongruent","Congruent",85.99949,86.199491,"6^",0.926001,"Correct","Correct","Correct","Correct"
"5",44,"7_8_stimuli","7_8","Incongruent","Incongruent","Incongruent","Incongruent",87.999481,88.199471,"8*",0.573829,"Correct","Correct","Correct","Correct"
"5",45,"1_2_stimuli","1_2","Incongruent","Incongruent","Incongruent","Incongruent",89.999457,90.199458,"2@",0.54153,"Correct","Correct","Correct","Correct"
"5",46,"3_4_stimuli","4_4","Congruent","Incongruent","Incongruent","Incongruent",91.999435,92.19944,"4$",0.589531,"Correct","Correct","Correct","Correct"
"5",47,"5_6_stimuli","6_6","Congruent","Congruent","Incongruent","Incongruent",93.999425,94.199426,"6^",0.89395,"Correct","Correct","Correct","Correct"
"5",48,"7_8_stimuli","7_8","Incongruent","Congruent","Congruent","Incongruent",95.999405,96.199391,"8*",0.797726,"Correct","Correct","Correct","Correct"
"5",49,"1_2_stimuli","2_1","Incongruent","Incongruent","Congruent","Congruent",97.999391,98.199389,"1!",0.557621,"Correct","Correct","Correct","Correct"
"5",50,"3_4_stimuli","4_3","Incongruent","Incongruent","Incongruent","Congruent",99.999371,100.199364,"3#",0.429939,"Correct","Correct","Correct","Correct"
"5",51,"5_6_stimuli","5_5","Congruent","Incongruent","Incongruent","Incongruent",101.999374,102.19934,"5%",1.101803,"Correct","Correct","Correct","Correct"
"5",52,"7_8_stimuli","8_7","Incongruent","Congruent","Incongruent","Incongruent",103.999329,104.199328,"7&",1.246005,"Correct","Correct","Correct","Correct"
"5",53,"1_2_stimuli","2_2","Congruent","Incongruent","Congruent","Incongruent",105.999317,106.199302,"2@",0.47768,"Correct","Correct","Correct","Correct"
"5",54,"3_4_stimuli","3_3","Congruent","Congruent","Incongruent","Congruent",107.999287,108.199284,"3#",0.509878,"Correct","Correct","Correct","Correct"
"5",55,"5_6_stimuli","5_5","Congruent","Congruent","Congruent","Incongruent",109.999272,110.199272,"5%",0.909678,"Correct","Correct","Correct","Correct"
"5",56,"7_8_stimuli","8_7","Incongruent","Congruent","Congruent","Congruent",111.999257,112.199255,"7&",0.909671,"Correct","Correct","Correct","Correct"
"5",57,"1_2_stimuli","1_1","Congruent","Incongruent","Congruent","Congruent",113.999234,114.199246,"1!",0.493887,"Correct","Correct","Correct","Correct"
"5",58,"3_4_stimuli","4_3","Incongruent","Congruent","Incongruent","Congruent",115.999213,116.199215,"3#",0.526371,"Correct","Correct","Correct","Correct"
"5",59,"5_6_stimuli","5_6","Incongruent","Incongruent","Congruent","Incongruent",117.999195,118.199209,"6^",1.117806,"Correct","Correct","Correct","Correct"
"5",60,"7_8_stimuli","7_7","Congruent","Incongruent","Incongruent","Congruent",119.999179,120.199191,"7&",0.829797,"Correct","Correct","Correct","Correct"
"5",61,"1_2_stimuli","2_1","Incongruent","Congruent","Incongruent","Incongruent",121.99916,122.199161,"1!",0.574349,"Correct","Correct","Correct","Correct"
"5",62,"3_4_stimuli","4_4","Congruent","Incongruent","Congruent","Incongruent",123.999143,124.19914,"4$",1.342148,"Correct","Correct","Correct","Correct"
"5",63,"5_6_stimuli","6_6","Congruent","Congruent","Incongruent","Congruent",125.999126,126.199119,"6^",1.102161,"Correct","Correct","Correct","Correct"
"5",64,"7_8_stimuli","8_8","Congruent","Congruent","Congruent","Incongruent",127.999104,128.199111,"8*",0.605854,"Correct","Correct","Correct","Correct"
"5",65,"1_2_stimuli","2_2","Congruent","Congruent","Congruent","Congruent",129.999094,130.199088,"2@",0.382193,"Correct","Correct","Correct","Correct"
"5",66,"3_4_stimuli","4_4","Congruent","Congruent","Congruent","Congruent",131.999069,132.199072,"4$",0.526243,"Correct","Correct","Correct","Correct"
"5",67,"5_6_stimuli","5_5","Congruent","Congruent","Congruent","Congruent",133.999048,134.199048,"5%",1.245832,"Correct","Correct","Correct","Correct"
"5",68,"7_8_stimuli","7_7","Congruent","Congruent","Congruent","Congruent",135.999044,136.199031,"7&",0.606218,"Correct","Correct","Correct","Correct"
"6",1,"1_2_stimuli","1_1","Congruent",NA,NA,NA,1.999974,2.199975,"1!",0.510727,"Correct",NA,NA,NA
"6",2,"3_4_stimuli","3_4","Incongruent","Congruent",NA,NA,3.999958,4.199963,"4$",0.878692,"Correct","Correct",NA,NA
"6",3,"5_6_stimuli","6_5","Incongruent","Incongruent","Congruent",NA,5.999944,6.199948,"5%",0.463074,"Correct","Correct","Correct",NA
"6",4,"7_8_stimuli","8_8","Congruent","Incongruent","Incongruent","Congruent",7.999922,8.199919,"8*",0.606726,"Correct","Correct","Correct","Correct"
"6",5,"1_2_stimuli","1_2","Incongruent","Congruent","Incongruent","Incongruent",9.999901,10.199906,"2@",0.431147,"Correct","Correct","Correct","Correct"
"6",6,"3_4_stimuli","4_4","Congruent","Incongruent","Congruent","Incongruent",11.999883,12.199891,"4$",0.462767,"Correct","Correct","Correct","Correct"
"6",7,"5_6_stimuli","5_6","Incongruent","Congruent","Incongruent","Congruent",13.999869,14.199866,"6^",0.846775,"Correct","Correct","Correct","Correct"
"6",8,"7_8_stimuli","8_7","Incongruent","Incongruent","Congruent","Incongruent",15.999853,16.199853,"7&",0.814791,"Correct","Correct","Correct","Correct"
"6",9,"1_2_stimuli","1_2","Incongruent","Incongruent","Incongruent","Congruent",17.999844,18.19984,"2@",0.367157,"Correct","Correct","Correct","Correct"
"6",10,"3_4_stimuli","4_3","Incongruent","Incongruent","Incongruent","Incongruent",19.999819,20.199812,"3#",0.447229,"Correct","Correct","Correct","Correct"
"6",11,"5_6_stimuli","6_5","Incongruent","Incongruent","Incongruent","Incongruent",21.999797,22.199799,"5%",0.702849,"Correct","Correct","Correct","Correct"
"6",12,"7_8_stimuli","7_7","Congruent","Incongruent","Incongruent","Incongruent",23.999771,24.199784,"7&",0.527867,"Correct","Correct","Correct","Correct"
"6",13,"1_2_stimuli","1_1","Congruent","Congruent","Incongruent","Incongruent",25.999759,26.199759,"1!",0.399127,"Correct","Correct","Correct","Correct"
"6",14,"3_4_stimuli","3_3","Congruent","Congruent","Congruent","Incongruent",27.999743,28.199745,"3#",0.959258,"Correct","Correct","Correct","Correct"
"6",15,"5_6_stimuli","5_6","Incongruent","Congruent","Congruent","Congruent",29.999715,30.199723,"6^",1.167267,"Correct","Correct","Correct","Correct"
"6",16,"7_8_stimuli","7_7","Congruent","Incongruent","Congruent","Congruent",31.999697,32.199705,"7&",0.78296,"Correct","Correct","Correct","Correct"
"6",17,"1_2_stimuli","2_2","Congruent","Congruent","Incongruent","Congruent",33.999691,34.199682,"2@",0.543277,"Correct","Correct","Correct","Correct"
"6",18,"3_4_stimuli","4_3","Incongruent","Congruent","Congruent","Incongruent",35.999673,36.199669,"3#",0.447409,"Correct","Correct","Correct","Correct"
"6",19,"5_6_stimuli","6_5","Incongruent","Incongruent","Congruent","Congruent",37.999667,38.199649,"5%",0.991057,"Correct","Correct","Correct","Correct"
"6",20,"7_8_stimuli","7_8","Incongruent","Incongruent","Incongruent","Congruent",39.999636,40.199639,"8*",0.60735,"Correct","Correct","Correct","Correct"
"6",21,"1_2_stimuli","1_1","Congruent","Incongruent","Incongruent","Incongruent",41.999609,42.199612,"1!",0.495222,"Correct","Correct","Correct","Correct"
"6",22,"3_4_stimuli","3_3","Congruent","Congruent","Incongruent","Incongruent",43.999597,44.199589,"3#",0.367391,"Correct","Correct","Correct","Correct"
"6",23,"5_6_stimuli","5_6","Incongruent","Congruent","Congruent","Incongruent",45.999561,46.199579,"6^",0.959694,"Correct","Correct","Correct","Correct"
"6",24,"7_8_stimuli","7_8","Incongruent","Incongruent","Congruent","Congruent",47.999568,48.199565,"8*",0.639053,"Correct","Correct","Correct","Correct"
"6",25,"1_2_stimuli","1_1","Congruent","Incongruent","Incongruent","Congruent",49.999549,50.199538,"1!",0.479355,"Correct","Correct","Correct","Correct"
"6",26,"3_4_stimuli","3_4","Incongruent","Congruent","Incongruent","Incongruent",51.999526,52.199524,"4$",0.911495,"Correct","Correct","Correct","Correct"
"6",27,"5_6_stimuli","6_6","Congruent","Incongruent","Congruent","Incongruent",53.999512,54.199511,"6^",1.007356,"Correct","Correct","Correct","Correct"
"6",28,"7_8_stimuli","8_8","Congruent","Congruent","Incongruent","Congruent",55.999498,56.199486,"8*",0.655558,"Correct","Correct","Correct","Correct"
"6",29,"1_2_stimuli","2_1","Incongruent","Congruent","Congruent","Incongruent",57.99947,58.199474,"1!",0.479749,"Correct","Correct","Correct","Correct"
"6",30,"3_4_stimuli","4_3","Incongruent","Incongruent","Congruent","Congruent",59.99945,60.19944,"3#",0.447411,"Correct","Correct","Correct","Correct"
"6",31,"5_6_stimuli","6_5","Incongruent","Incongruent","Incongruent","Congruent",61.999441,62.19943,"5%",1.055568,"Correct","Correct","Correct","Correct"
"6",32,"7_8_stimuli","7_8","Incongruent","Incongruent","Incongruent","Incongruent",63.99942,64.199405,"8*",0.639574,"Correct","Correct","Correct","Correct"
"6",33,"1_2_stimuli","2_1","Incongruent","Incongruent","Incongruent","Incongruent",65.999402,66.199391,"1!",0.447533,"Correct","Correct","Correct","Correct"
"6",34,"3_4_stimuli","3_3","Congruent","Incongruent","Incongruent","Incongruent",67.999386,68.199376,"3#",0.38357,"Correct","Correct","Correct","Correct"
"6",35,"5_6_stimuli","6_5","Incongruent","Congruent","Incongruent","Incongruent",69.999355,70.199359,"5%",0.895248,"Correct","Correct","Correct","Correct"
"6",36,"7_8_stimuli","7_7","Congruent","Incongruent","Congruent","Incongruent",71.999335,72.199346,"7&",0.703499,"Correct","Correct","Correct","Correct"
"6",37,"1_2_stimuli","2_1","Incongruent","Congruent","Incongruent","Congruent",73.999328,74.199326,"1!",0.367666,"Correct","Correct","Correct","Correct"
"6",38,"3_4_stimuli","3_4","Incongruent","Incongruent","Congruent","Incongruent",75.999305,76.199296,"4$",0.831319,"Correct","Correct","Correct","Correct"
"6",39,"5_6_stimuli","6_6","Congruent","Incongruent","Incongruent","Congruent",77.999292,78.199285,"6^",1.023377,"Correct","Correct","Correct","Correct"
"6",40,"7_8_stimuli","7_8","Incongruent","Congruent","Incongruent","Incongruent",79.999275,80.199268,"8*",0.687498,"Correct","Correct","Correct","Correct"
"6",41,"1_2_stimuli","2_2","Congruent","Incongruent","Congruent","Incongruent",81.999258,82.199251,"2@",0.415569,"Correct","Correct","Correct","Correct"
"6",42,"3_4_stimuli","4_4","Congruent","Congruent","Incongruent","Congruent",83.999228,84.199236,"4$",0.496064,"Correct","Correct","Correct","Correct"
"6",43,"5_6_stimuli","6_6","Congruent","Congruent","Congruent","Incongruent",85.999209,86.199209,"6^",0.831364,"Correct","Correct","Correct","Correct"
"6",44,"7_8_stimuli","8_8","Congruent","Congruent","Congruent","Congruent",87.999191,88.199187,"8*",0.623654,"Correct","Correct","Correct","Correct"
"6",45,"1_2_stimuli","2_1","Incongruent","Congruent","Congruent","Congruent",89.99918,90.199168,"1!",0.495413,"Correct","Correct","Correct","Correct"
"6",46,"3_4_stimuli","4_4","Congruent","Incongruent","Congruent","Congruent",91.999154,92.199154,"4$",0.607598,"Correct","Correct","Correct","Correct"
"6",47,"5_6_stimuli","5_5","Congruent","Congruent","Incongruent","Congruent",93.999143,94.199143,"5%",0.81581,"Correct","Correct","Correct","Correct"
"6",48,"7_8_stimuli","8_8","Congruent","Congruent","Congruent","Incongruent",95.999116,96.199116,"8*",0.575834,"Correct","Correct","Correct","Correct"
"6",49,"1_2_stimuli","2_2","Congruent","Congruent","Congruent","Congruent",97.999113,98.199102,"2@",0.383702,"Correct","Correct","Correct","Correct"
"6",50,"3_4_stimuli","4_4","Congruent","Congruent","Congruent","Congruent",99.999085,100.199084,"4$",0.607835,"Correct","Correct","Correct","Correct"
"6",51,"5_6_stimuli","5_5","Congruent","Congruent","Congruent","Congruent",101.999069,102.199066,"5%",0.639767,"Correct","Correct","Correct","Correct"
"6",52,"7_8_stimuli","8_7","Incongruent","Congruent","Congruent","Congruent",103.999077,104.199051,"7&",0.863839,"Correct","Correct","Correct","Correct"
"6",53,"1_2_stimuli","1_2","Incongruent","Incongruent","Congruent","Congruent",105.999039,106.19903,"2@",0.511496,"Correct","Correct","Correct","Correct"
"6",54,"3_4_stimuli","3_4","Incongruent","Incongruent","Incongruent","Congruent",107.999019,108.199008,"4$",0.607833,"Correct","Correct","Correct","Correct"
"6",55,"5_6_stimuli","6_6","Congruent","Incongruent","Incongruent","Incongruent",109.999002,110.198994,"6^",1.279551,"Correct","Correct","Correct","Correct"
"6",56,"7_8_stimuli","8_8","Congruent","Congruent","Incongruent","Incongruent",111.998977,112.198979,"8*",0.544047,"Correct","Correct","Correct","Correct"
"6",57,"1_2_stimuli","2_2","Congruent","Congruent","Congruent","Incongruent",113.998965,114.198964,"2@",0.399596,"Correct","Correct","Correct","Correct"
"6",58,"3_4_stimuli","3_4","Incongruent","Congruent","Congruent","Congruent",115.998935,116.198937,"4$",0.83159,"Correct","Correct","Correct","Correct"
"6",59,"5_6_stimuli","5_5","Congruent","Incongruent","Congruent","Congruent",117.998919,118.198916,"5%",0.623981,"Correct","Correct","Correct","Correct"
"6",60,"7_8_stimuli","8_7","Incongruent","Congruent","Incongruent","Congruent",119.998907,120.198903,"7&",0.735883,"Correct","Correct","Correct","Correct"
"6",61,"1_2_stimuli","1_2","Incongruent","Incongruent","Congruent","Incongruent",121.998889,122.198884,"2@",0.479691,"Correct","Correct","Correct","Correct"
"6",62,"3_4_stimuli","3_3","Congruent","Incongruent","Incongruent","Congruent",123.998869,124.198873,"3#",0.447664,"Correct","Correct","Correct","Correct"
"6",63,"5_6_stimuli","5_5","Congruent","Congruent","Incongruent","Incongruent",125.998847,126.198854,"5%",0.864255,"Correct","Correct","Correct","Correct"
"6",64,"7_8_stimuli","8_7","Incongruent","Congruent","Congruent","Incongruent",127.998838,128.198831,"7&",1.119708,"Correct","Correct","Correct","Correct"
"6",65,"1_2_stimuli","1_1","Congruent","Incongruent","Congruent","Congruent",129.99882,130.198813,"1!",0.560043,"Correct","Correct","Correct","Correct"
"6",66,"3_4_stimuli","4_3","Incongruent","Congruent","Incongruent","Congruent",131.998796,132.198797,"3#",0.463775,"Correct","Correct","Correct","Correct"
"6",67,"5_6_stimuli","5_6","Incongruent","Incongruent","Congruent","Incongruent",133.998782,134.19878,"6^",0.960287,"Correct","Correct","Correct","Correct"
"6",68,"7_8_stimuli","7_7","Congruent","Incongruent","Incongruent","Congruent",135.99876,136.198752,"7&",0.592038,"Correct","Correct","Correct","Correct"
"7",1,"1_2_stimuli","2_1","Incongruent",NA,NA,NA,1.99997,2.199973,"1!",1.055736,"Correct",NA,NA,NA
"7",2,"3_4_stimuli","4_3","Incongruent","Incongruent",NA,NA,3.999957,4.19995,"3#",0.543487,"Correct","Correct",NA,NA
"7",3,"5_6_stimuli","5_5","Congruent","Incongruent","Incongruent",NA,5.999934,6.199932,"5%",0.735834,"Correct","Correct","Correct",NA
"7",4,"7_8_stimuli","7_8","Incongruent","Congruent","Incongruent","Incongruent",7.99994,8.199917,"8*",0.623512,"Correct","Correct","Correct","Correct"
"7",5,"1_2_stimuli","2_1","Incongruent","Incongruent","Congruent","Incongruent",9.999895,10.199899,"1!",0.527935,"Correct","Correct","Correct","Correct"
"7",6,"3_4_stimuli","4_3","Incongruent","Incongruent","Incongruent","Congruent",11.999885,12.199888,"3#",0.335557,"Correct","Correct","Correct","Correct"
"7",7,"5_6_stimuli","6_6","Congruent","Incongruent","Incongruent","Incongruent",13.999859,14.199872,"6^",0.847982,"Correct","Correct","Correct","Correct"
"7",8,"7_8_stimuli","7_8","Incongruent","Congruent","Incongruent","Incongruent",15.999855,16.199851,"8*",0.639568,"Correct","Correct","Correct","Correct"
"7",9,"1_2_stimuli","1_1","Congruent","Incongruent","Congruent","Incongruent",17.999834,18.199827,"1!",0.399624,"Correct","Correct","Correct","Correct"
"7",10,"3_4_stimuli","3_4","Incongruent","Congruent","Incongruent","Congruent",19.999807,20.199819,"4$",0.575696,"Correct","Correct","Correct","Correct"
"7",11,"5_6_stimuli","5_6","Incongruent","Incongruent","Congruent","Incongruent",21.999791,22.199795,"6^",0.863798,"Correct","Correct","Correct","Correct"
"7",12,"7_8_stimuli","8_8","Congruent","Incongruent","Incongruent","Congruent",23.999781,24.199784,"8*",0.527632,"Correct","Correct","Correct","Correct"
"7",13,"1_2_stimuli","2_2","Congruent","Congruent","Incongruent","Incongruent",25.999763,26.19976,"2@",0.448257,"Correct","Correct","Correct","Correct"
"7",14,"3_4_stimuli","4_3","Incongruent","Congruent","Congruent","Incongruent",27.999749,28.199736,"3#",0.495674,"Correct","Correct","Correct","Correct"
"7",15,"5_6_stimuli","5_5","Congruent","Incongruent","Congruent","Congruent",29.999728,30.199729,"5%",0.543969,"Correct","Correct","Correct","Correct"
"7",16,"7_8_stimuli","8_8","Congruent","Congruent","Incongruent","Congruent",31.999699,32.199711,"8*",0.544089,"Correct","Correct","Correct","Correct"
"7",17,"1_2_stimuli","1_2","Incongruent","Congruent","Congruent","Incongruent",33.999691,34.199689,"2@",0.416036,"Correct","Correct","Correct","Correct"
"7",18,"3_4_stimuli","3_3","Congruent","Incongruent","Congruent","Congruent",35.999669,36.199668,"3#",0.367747,"Correct","Correct","Correct","Correct"
"7",19,"5_6_stimuli","6_5","Incongruent","Congruent","Incongruent","Congruent",37.999657,38.199646,"5%",0.863949,"Correct","Correct","Correct","Correct"
"7",20,"7_8_stimuli","7_8","Incongruent","Incongruent","Congruent","Incongruent",39.99964,40.199629,"8*",0.639753,"Correct","Correct","Correct","Correct"
"7",21,"1_2_stimuli","2_1","Incongruent","Incongruent","Incongruent","Congruent",41.999618,42.199622,"1!",0.448211,"Correct","Correct","Correct","Correct"
"7",22,"3_4_stimuli","4_4","Congruent","Incongruent","Incongruent","Incongruent",43.999596,44.199587,"4$",0.543848,"Correct","Correct","Correct","Correct"
"7",23,"5_6_stimuli","5_6","Incongruent","Congruent","Incongruent","Incongruent",45.999578,46.199577,"6^",0.736059,"Correct","Correct","Correct","Correct"
"7",24,"7_8_stimuli","7_7","Congruent","Incongruent","Congruent","Incongruent",47.999558,48.199555,"7&",0.911877,"Correct","Correct","Correct","Correct"
"7",25,"1_2_stimuli","1_1","Congruent","Congruent","Incongruent","Congruent",49.99954,50.199537,"1!",0.432422,"Correct","Correct","Correct","Correct"
"7",26,"3_4_stimuli","4_4","Congruent","Congruent","Congruent","Incongruent",51.999523,52.199526,"4$",0.54429,"Correct","Correct","Correct","Correct"
"7",27,"5_6_stimuli","6_5","Incongruent","Congruent","Congruent","Congruent",53.999501,54.199506,"5%",1.008155,"Correct","Correct","Correct","Correct"
"7",28,"7_8_stimuli","8_8","Congruent","Incongruent","Congruent","Congruent",55.999496,56.199485,"8*",0.543918,"Correct","Correct","Correct","Correct"
"7",29,"1_2_stimuli","1_2","Incongruent","Congruent","Incongruent","Congruent",57.999479,58.199469,"2@",0.38391,"Correct","Correct","Correct","Correct"
"7",30,"3_4_stimuli","3_4","Incongruent","Incongruent","Congruent","Incongruent",59.999458,60.19944,"4$",0.543995,"Correct","Correct","Correct","Correct"
"7",31,"5_6_stimuli","6_6","Congruent","Incongruent","Incongruent","Congruent",61.999424,62.199433,"6^",0.880262,"Correct","Correct","Correct","Correct"
"7",32,"7_8_stimuli","7_7","Congruent","Congruent","Incongruent","Incongruent",63.999412,64.199415,"7&",0.560343,"Correct","Correct","Correct","Correct"
"7",33,"1_2_stimuli","2_2","Congruent","Congruent","Congruent","Incongruent",65.999395,66.199404,"2@",0.560299,"Correct","Correct","Correct","Correct"
"7",34,"3_4_stimuli","3_4","Incongruent","Congruent","Congruent","Congruent",67.99938,68.199369,"4$",0.575994,"Correct","Correct","Correct","Correct"
"7",35,"5_6_stimuli","6_5","Incongruent","Incongruent","Congruent","Congruent",69.999353,70.199366,"5%",0.62418,"Correct","Correct","Correct","Correct"
"7",36,"7_8_stimuli","8_7","Incongruent","Incongruent","Incongruent","Congruent",71.999337,72.199338,"7&",0.496081,"Correct","Correct","Correct","Correct"
"7",37,"1_2_stimuli","1_1","Congruent","Incongruent","Incongruent","Incongruent",73.999331,74.199316,"1!",0.480387,"Correct","Correct","Correct","Correct"
"7",38,"3_4_stimuli","3_3","Congruent","Congruent","Incongruent","Incongruent",75.999301,76.199297,"3#",0.480093,"Correct","Correct","Correct","Correct"
"7",39,"5_6_stimuli","5_5","Congruent","Congruent","Congruent","Incongruent",77.999288,78.19928,"5%",0.544617,"Correct","Correct","Correct","Correct"
"7",40,"7_8_stimuli","8_7","Incongruent","Congruent","Congruent","Congruent",79.999265,80.199288,"7&",0.656057,"Correct","Correct","Correct","Correct"
"7",41,"1_2_stimuli","1_2","Incongruent","Incongruent","Congruent","Congruent",81.999254,82.199249,"2@",0.464473,"Correct","Correct","Correct","Correct"
"7",42,"3_4_stimuli","4_4","Congruent","Incongruent","Incongruent","Congruent",83.99923,84.199229,"4$",0.432159,"Correct","Correct","Correct","Correct"
"7",43,"5_6_stimuli","6_6","Congruent","Congruent","Incongruent","Incongruent",85.999208,86.19922,"6^",0.736144,"Correct","Correct","Correct","Correct"
"7",44,"7_8_stimuli","7_7","Congruent","Congruent","Congruent","Incongruent",87.999202,88.199196,"7&",0.928173,"Correct","Correct","Correct","Correct"
"7",45,"1_2_stimuli","1_1","Congruent","Congruent","Congruent","Congruent",89.999176,90.199173,"1!",0.40053,"Correct","Correct","Correct","Correct"
"7",46,"3_4_stimuli","3_3","Congruent","Congruent","Congruent","Congruent",91.999154,92.199152,"3#",0.4165,"Correct","Correct","Correct","Correct"
"7",47,"5_6_stimuli","6_6","Congruent","Congruent","Congruent","Congruent",93.999137,94.199137,"6^",0.784545,"Correct","Correct","Correct","Correct"
"7",48,"7_8_stimuli","8_8","Congruent","Congruent","Congruent","Congruent",95.999123,96.199118,"8*",0.68859,"Correct","Correct","Correct","Correct"
"7",49,"1_2_stimuli","2_1","Incongruent","Congruent","Congruent","Congruent",97.9991,98.199098,"1!",0.496695,"Correct","Correct","Correct","Correct"
"7",50,"3_4_stimuli","4_3","Incongruent","Incongruent","Congruent","Congruent",99.999095,100.199082,"3#",0.400611,"Correct","Correct","Correct","Correct"
"7",51,"5_6_stimuli","5_6","Incongruent","Incongruent","Incongruent","Congruent",101.999064,102.199065,"6^",0.992785,"Correct","Correct","Correct","Correct"
"7",52,"7_8_stimuli","7_8","Incongruent","Incongruent","Incongruent","Incongruent",103.99905,104.199043,"8*",0.656289,"Correct","Correct","Correct","Correct"
"7",53,"1_2_stimuli","2_1","Incongruent","Incongruent","Incongruent","Incongruent",105.999027,106.199035,"1!",0.496285,"Correct","Correct","Correct","Correct"
"7",54,"3_4_stimuli","3_4","Incongruent","Incongruent","Incongruent","Incongruent",107.999016,108.199006,"4$",0.624325,"Correct","Correct","Correct","Correct"
"7",55,"5_6_stimuli","5_6","Incongruent","Incongruent","Incongruent","Incongruent",109.999001,110.198993,"6^",0.848372,"Correct","Correct","Correct","Correct"
"7",56,"7_8_stimuli","7_7","Congruent","Incongruent","Incongruent","Incongruent",111.998961,112.198968,"7&",0.720721,"Correct","Correct","Correct","Correct"
"7",57,"1_2_stimuli","1_2","Incongruent","Congruent","Incongruent","Incongruent",113.998959,114.198953,"2@",0.544834,"Correct","Correct","Correct","Correct"
"7",58,"3_4_stimuli","4_4","Congruent","Incongruent","Congruent","Incongruent",115.998943,116.198949,"4$",0.560905,"Correct","Correct","Correct","Correct"
"7",59,"5_6_stimuli","5_5","Congruent","Congruent","Incongruent","Congruent",117.998924,118.198917,"5%",1.184626,"Correct","Correct","Correct","Correct"
"7",60,"7_8_stimuli","8_7","Incongruent","Congruent","Congruent","Incongruent",119.998903,120.198909,"7&",0.672792,"Correct","Correct","Correct","Correct"
"7",61,"1_2_stimuli","2_2","Congruent","Incongruent","Congruent","Congruent",121.998882,122.19888,"2@",0.496821,"Correct","Correct","Correct","Correct"
"7",62,"3_4_stimuli","3_3","Congruent","Congruent","Incongruent","Congruent",123.998869,124.198887,"3#",0.480409,"Correct","Correct","Correct","Correct"
"7",63,"5_6_stimuli","6_5","Incongruent","Congruent","Congruent","Incongruent",125.998851,126.198848,"5%",0.816801,"Correct","Correct","Correct","Correct"
"7",64,"7_8_stimuli","7_8","Incongruent","Incongruent","Congruent","Congruent",127.998833,128.198837,"8*",0.576825,"Correct","Correct","Correct","Correct"
"7",65,"1_2_stimuli","2_2","Congruent","Incongruent","Incongruent","Congruent",129.998811,130.198817,"2@",0.480813,"Correct","Correct","Correct","Correct"
"7",66,"3_4_stimuli","4_3","Incongruent","Congruent","Incongruent","Incongruent",131.998795,132.198795,"3#",0.384518,"Correct","Correct","Correct","Correct"
"7",67,"5_6_stimuli","5_5","Congruent","Incongruent","Congruent","Incongruent",133.998776,134.198772,"5%",0.624892,"Correct","Correct","Correct","Correct"
"7",68,"7_8_stimuli","8_7","Incongruent","Congruent","Incongruent","Congruent",135.998758,136.198762,"7&",0.704554,"Correct","Correct","Correct","Correct"
"8",1,"1_2_stimuli","1_1","Congruent",NA,NA,NA,1.999968,2.199963,"1!",0.468575,"Correct",NA,NA,NA
"8",2,"3_4_stimuli","3_4","Incongruent","Congruent",NA,NA,3.999951,4.199952,"4$",0.548222,"Correct","Correct",NA,NA
"8",3,"5_6_stimuli","5_5","Congruent","Incongruent","Congruent",NA,5.999932,6.199934,"5%",0.691966,"Correct","Correct","Correct",NA
"8",4,"7_8_stimuli","8_8","Congruent","Congruent","Incongruent","Congruent",7.999913,8.199917,"8*",0.531958,"Correct","Correct","Correct","Correct"
"8",5,"1_2_stimuli","2_1","Incongruent","Congruent","Congruent","Incongruent",9.9999,10.199898,"1!",0.548018,"Correct","Correct","Correct","Correct"
"8",6,"3_4_stimuli","4_3","Incongruent","Incongruent","Congruent","Congruent",11.999872,12.199882,"3#",0.387729,"Correct","Correct","Correct","Correct"
"8",7,"5_6_stimuli","6_5","Incongruent","Incongruent","Incongruent","Congruent",13.999856,14.19986,"5%",0.403944,"Correct","Correct","Correct","Correct"
"8",8,"7_8_stimuli","8_8","Congruent","Incongruent","Incongruent","Incongruent",15.999839,16.199847,"8*",0.51567,"Correct","Correct","Correct","Correct"
"8",9,"1_2_stimuli","1_2","Incongruent","Congruent","Incongruent","Incongruent",17.999831,18.199819,"2@",0.371845,"Correct","Correct","Correct","Correct"
"8",10,"3_4_stimuli","3_4","Incongruent","Incongruent","Congruent","Incongruent",19.9998,20.199804,"4$",0.515687,"Correct","Correct","Correct","Correct"
"8",11,"5_6_stimuli","6_6","Congruent","Incongruent","Incongruent","Congruent",21.999788,22.199794,"6^",0.75593,"Correct","Correct","Correct","Correct"
"8",12,"7_8_stimuli","8_7","Incongruent","Congruent","Incongruent","Incongruent",23.999777,24.199776,"7&",0.739743,"Correct","Correct","Correct","Correct"
"8",13,"1_2_stimuli","1_1","Congruent","Incongruent","Congruent","Incongruent",25.999755,26.199749,"1!",0.42004,"Correct","Correct","Correct","Correct"
"8",14,"3_4_stimuli","3_4","Incongruent","Congruent","Incongruent","Congruent",27.999735,28.199734,"4$",0.51615,"Correct","Correct","Correct","Correct"
"8",15,"5_6_stimuli","5_5","Congruent","Incongruent","Congruent","Incongruent",29.999733,30.19972,"6^",0.65979,"Error","Correct","Correct","Correct"
"8",16,"7_8_stimuli","7_8","Incongruent","Congruent","Incongruent","Congruent",31.999701,32.199695,"8*",0.579718,"Correct","Error","Correct","Correct"
"8",17,"1_2_stimuli","2_1","Incongruent","Incongruent","Congruent","Incongruent",33.999681,34.199682,"1!",0.468131,"Correct","Correct","Error","Correct"
"8",18,"3_4_stimuli","3_3","Congruent","Incongruent","Incongruent","Congruent",35.99967,36.199659,"3#",0.451814,"Correct","Correct","Correct","Error"
"8",19,"5_6_stimuli","6_5","Incongruent","Congruent","Incongruent","Incongruent",37.999647,38.199646,"5%",0.788165,"Correct","Correct","Correct","Correct"
"8",20,"7_8_stimuli","8_8","Congruent","Incongruent","Congruent","Incongruent",39.999632,40.199626,"8*",0.580238,"Correct","Correct","Correct","Correct"
"8",21,"1_2_stimuli","2_1","Incongruent","Congruent","Incongruent","Congruent",41.999613,42.199603,"1!",0.420509,"Correct","Correct","Correct","Correct"
"8",22,"3_4_stimuli","4_4","Congruent","Incongruent","Congruent","Incongruent",43.999588,44.199591,"4$",0.484105,"Correct","Correct","Correct","Correct"
"8",23,"5_6_stimuli","6_6","Congruent","Congruent","Incongruent","Congruent",45.999576,46.199573,"6^",0.836106,"Correct","Correct","Correct","Correct"
"8",24,"7_8_stimuli","7_8","Incongruent","Congruent","Congruent","Incongruent",47.999553,48.199546,"8*",0.580466,"Correct","Correct","Correct","Correct"
"8",25,"1_2_stimuli","2_2","Congruent","Incongruent","Congruent","Congruent",49.999539,50.199538,"2@",0.452306,"Correct","Correct","Correct","Correct"
"8",26,"3_4_stimuli","3_3","Congruent","Congruent","Incongruent","Congruent",51.999514,52.19951,"3#",0.468516,"Correct","Correct","Correct","Correct"
"8",27,"5_6_stimuli","5_6","Incongruent","Congruent","Congruent","Incongruent",53.999493,54.199495,"6^",0.819994,"Correct","Correct","Correct","Correct"
"8",28,"7_8_stimuli","7_7","Congruent","Incongruent","Congruent","Congruent",55.999478,56.199474,"7&",0.628054,"Correct","Correct","Correct","Correct"
"8",29,"1_2_stimuli","1_1","Congruent","Congruent","Incongruent","Congruent",57.999462,58.199459,"1!",0.372316,"Correct","Correct","Correct","Correct"
"8",30,"3_4_stimuli","4_4","Congruent","Congruent","Congruent","Incongruent",59.999444,60.199434,"4$",0.500616,"Correct","Correct","Correct","Correct"
"8",31,"5_6_stimuli","5_6","Incongruent","Congruent","Congruent","Congruent",61.999433,62.199423,"6^",0.788427,"Correct","Correct","Correct","Correct"
"8",32,"7_8_stimuli","7_8","Incongruent","Incongruent","Congruent","Congruent",63.999412,64.199407,"8*",0.564404,"Correct","Correct","Correct","Correct"
"8",33,"1_2_stimuli","1_2","Incongruent","Incongruent","Incongruent","Congruent",65.999388,66.199379,"2@",0.388096,"Correct","Correct","Correct","Correct"
"8",34,"3_4_stimuli","4_4","Congruent","Incongruent","Incongruent","Incongruent",67.999371,68.199378,"4$",0.404141,"Correct","Correct","Correct","Correct"
"8",35,"5_6_stimuli","6_6","Congruent","Congruent","Incongruent","Incongruent",69.999355,70.199344,"6^",0.708403,"Correct","Correct","Correct","Correct"
"8",36,"7_8_stimuli","7_7","Congruent","Congruent","Congruent","Incongruent",71.99933,72.199347,"7&",0.692381,"Correct","Correct","Correct","Correct"
"8",37,"1_2_stimuli","2_2","Congruent","Congruent","Congruent","Congruent",73.999311,74.199312,"2@",0.32415,"Correct","Correct","Correct","Correct"
"8",38,"3_4_stimuli","4_3","Incongruent","Congruent","Congruent","Congruent",75.999293,76.199297,"3#",0.548141,"Correct","Correct","Correct","Correct"
"8",39,"5_6_stimuli","5_5","Congruent","Incongruent","Congruent","Congruent",77.999288,78.199273,"5%",0.692505,"Correct","Correct","Correct","Correct"
"8",40,"7_8_stimuli","8_8","Congruent","Congruent","Incongruent","Congruent",79.999265,80.199258,"8*",0.564207,"Correct","Correct","Correct","Correct"
"8",41,"1_2_stimuli","1_1","Congruent","Congruent","Congruent","Incongruent",81.99924,82.19924,"1!",0.452676,"Correct","Correct","Correct","Correct"
"8",42,"3_4_stimuli","4_4","Congruent","Congruent","Congruent","Congruent",83.999224,84.199231,"4$",0.548646,"Correct","Correct","Correct","Correct"
"8",43,"5_6_stimuli","5_5","Congruent","Congruent","Congruent","Congruent",85.999204,86.199207,"5%",0.500216,"Correct","Correct","Correct","Correct"
"8",44,"7_8_stimuli","7_7","Congruent","Congruent","Congruent","Congruent",87.999193,88.199182,"7&",0.532507,"Correct","Correct","Correct","Correct"
"8",45,"1_2_stimuli","2_1","Incongruent","Congruent","Congruent","Congruent",89.99917,90.199161,"1!",0.420806,"Correct","Correct","Correct","Correct"
"8",46,"3_4_stimuli","3_3","Congruent","Incongruent","Congruent","Congruent",91.999158,92.199155,"3#",0.404231,"Correct","Correct","Correct","Correct"
"8",47,"5_6_stimuli","5_6","Incongruent","Congruent","Incongruent","Congruent",93.999134,94.199128,"6^",0.916513,"Correct","Correct","Correct","Correct"
"8",48,"7_8_stimuli","8_7","Incongruent","Incongruent","Congruent","Incongruent",95.999114,96.199109,"7&",0.628623,"Correct","Correct","Correct","Correct"
"8",49,"1_2_stimuli","1_1","Congruent","Incongruent","Incongruent","Congruent",97.999092,98.199095,"1!",0.372308,"Correct","Correct","Correct","Correct"
"8",50,"3_4_stimuli","3_3","Congruent","Congruent","Incongruent","Incongruent",99.99908,100.199071,"3#",0.324498,"Correct","Correct","Correct","Correct"
"8",51,"5_6_stimuli","6_6","Congruent","Congruent","Congruent","Incongruent",101.999063,102.199056,"6^",0.676402,"Correct","Correct","Correct","Correct"
"8",52,"7_8_stimuli","7_8","Incongruent","Congruent","Congruent","Congruent",103.999038,104.199039,"8*",0.612536,"Correct","Correct","Correct","Correct"
"8",53,"1_2_stimuli","1_2","Incongruent","Incongruent","Congruent","Congruent",105.99902,106.199019,"2@",0.692766,"Correct","Correct","Correct","Correct"
"8",54,"3_4_stimuli","4_3","Incongruent","Incongruent","Incongruent","Congruent",107.999012,108.199012,"3#",0.405471,"Correct","Correct","Correct","Correct"
"8",55,"5_6_stimuli","6_5","Incongruent","Incongruent","Incongruent","Incongruent",109.998983,110.198992,"5%",0.724622,"Correct","Correct","Correct","Correct"
"8",56,"7_8_stimuli","8_7","Incongruent","Incongruent","Incongruent","Incongruent",111.998968,112.198966,"7&",0.532639,"Correct","Correct","Correct","Correct"
"8",57,"1_2_stimuli","2_2","Congruent","Incongruent","Incongruent","Incongruent",113.998947,114.198952,"2@",0.500459,"Correct","Correct","Correct","Correct"
"8",58,"3_4_stimuli","4_3","Incongruent","Congruent","Incongruent","Incongruent",115.998929,116.198936,"3#",0.340479,"Correct","Correct","Correct","Correct"
"8",59,"5_6_stimuli","5_6","Incongruent","Incongruent","Congruent","Incongruent",117.998921,118.19892,"6^",0.740776,"Correct","Correct","Correct","Correct"
"8",60,"7_8_stimuli","7_7","Congruent","Incongruent","Incongruent","Congruent",119.998894,120.1989,"7&",0.740772,"Correct","Correct","Correct","Correct"
"8",61,"1_2_stimuli","2_2","Congruent","Congruent","Incongruent","Incongruent",121.998886,122.198875,"2@",0.356498,"Correct","Correct","Correct","Correct"
"8",62,"3_4_stimuli","3_4","Incongruent","Congruent","Congruent","Incongruent",123.998865,124.198866,"4$",0.628892,"Correct","Correct","Correct","Correct"
"8",63,"5_6_stimuli","6_5","Incongruent","Incongruent","Congruent","Congruent",125.998846,126.198839,"6^",0.612982,"Error","Correct","Correct","Correct"
"8",64,"7_8_stimuli","8_7","Incongruent","Incongruent","Incongruent","Congruent",127.998824,128.198824,"7&",0.740572,"Correct","Error","Correct","Correct"
"8",65,"1_2_stimuli","1_2","Incongruent","Incongruent","Incongruent","Incongruent",129.998808,130.198811,"2@",0.436568,"Correct","Correct","Error","Correct"
"8",66,"3_4_stimuli","3_4","Incongruent","Incongruent","Incongruent","Incongruent",131.998787,132.198795,"4$",0.868948,"Correct","Correct","Correct","Error"
"8",67,"5_6_stimuli","5_5","Congruent","Incongruent","Incongruent","Incongruent",133.998773,134.198773,"5%",1.028852,"Correct","Correct","Correct","Correct"
"8",68,"7_8_stimuli","8_8","Congruent","Congruent","Incongruent","Incongruent",135.998753,136.198759,"8*",0.628627,"Correct","Correct","Correct","Correct"
"9",1,"1_2_stimuli","1_2","Incongruent",NA,NA,NA,1.999981,2.199987,"2@",0.564457,"Correct",NA,NA,NA
"9",2,"3_4_stimuli","4_3","Incongruent","Incongruent",NA,NA,3.999964,4.199965,"3#",0.548146,"Correct","Correct",NA,NA
"9",3,"5_6_stimuli","5_5","Congruent","Incongruent","Incongruent",NA,5.999947,6.199942,"5%",0.70859,"Correct","Correct","Correct",NA
"9",4,"7_8_stimuli","8_8","Congruent","Congruent","Incongruent","Incongruent",7.999933,8.199932,"8*",0.564525,"Correct","Correct","Correct","Correct"
"9",5,"1_2_stimuli","2_1","Incongruent","Congruent","Congruent","Incongruent",9.999916,10.199916,"1!",0.53238,"Correct","Correct","Correct","Correct"
"9",6,"3_4_stimuli","4_3","Incongruent","Incongruent","Congruent","Congruent",11.9999,12.19989,"3#",0.324159,"Correct","Correct","Correct","Correct"
"9",7,"5_6_stimuli","5_6","Incongruent","Incongruent","Incongruent","Congruent",13.999871,14.199888,"6^",1.012615,"Correct","Correct","Correct","Correct"
"9",8,"7_8_stimuli","7_8","Incongruent","Incongruent","Incongruent","Incongruent",15.999866,16.199854,"8*",1.076199,"Correct","Correct","Correct","Correct"
"9",9,"1_2_stimuli","1_2","Incongruent","Incongruent","Incongruent","Incongruent",17.999851,18.199844,"2@",0.420896,"Correct","Correct","Correct","Correct"
"9",10,"3_4_stimuli","4_4","Congruent","Incongruent","Incongruent","Incongruent",19.99983,20.199831,"4$",0.596175,"Correct","Correct","Correct","Correct"
"9",11,"5_6_stimuli","5_6","Incongruent","Congruent","Incongruent","Incongruent",21.999807,22.199804,"6^",0.78825,"Correct","Correct","Correct","Correct"
"9",12,"7_8_stimuli","7_7","Congruent","Incongruent","Congruent","Incongruent",23.999797,24.19978,"7&",0.724549,"Correct","Correct","Correct","Correct"
"9",13,"1_2_stimuli","2_2","Congruent","Congruent","Incongruent","Congruent",25.999771,26.199777,"2@",0.388301,"Correct","Correct","Correct","Correct"
"9",14,"3_4_stimuli","3_4","Incongruent","Congruent","Congruent","Incongruent",27.999754,28.199744,"4$",0.532352,"Correct","Correct","Correct","Correct"
"9",15,"5_6_stimuli","6_6","Congruent","Incongruent","Congruent","Congruent",29.99974,30.19973,"6^",0.980661,"Correct","Correct","Correct","Correct"
"9",16,"7_8_stimuli","8_7","Incongruent","Congruent","Incongruent","Congruent",31.999714,32.199718,"7&",0.948424,"Correct","Correct","Correct","Correct"
"9",17,"1_2_stimuli","1_1","Congruent","Incongruent","Congruent","Incongruent",33.999706,34.199703,"1!",0.484351,"Correct","Correct","Correct","Correct"
"9",18,"3_4_stimuli","4_4","Congruent","Congruent","Incongruent","Congruent",35.999677,36.19969,"4$",0.564378,"Correct","Correct","Correct","Correct"
"9",19,"5_6_stimuli","6_6","Congruent","Congruent","Congruent","Incongruent",37.99966,38.199652,"6^",0.868756,"Correct","Correct","Correct","Correct"
"9",20,"7_8_stimuli","8_8","Congruent","Congruent","Congruent","Congruent",39.999637,40.199646,"8*",0.724918,"Correct","Correct","Correct","Correct"
"9",21,"1_2_stimuli","1_2","Incongruent","Congruent","Congruent","Congruent",41.999628,42.19962,"2@",0.468731,"Correct","Correct","Correct","Correct"
"9",22,"3_4_stimuli","3_3","Congruent","Incongruent","Congruent","Congruent",43.999606,44.199613,"3#",0.420679,"Correct","Correct","Correct","Correct"
"9",23,"5_6_stimuli","6_6","Congruent","Congruent","Incongruent","Congruent",45.999598,46.199594,"6^",0.836454,"Correct","Correct","Correct","Correct"
"9",24,"7_8_stimuli","8_7","Incongruent","Congruent","Congruent","Incongruent",47.999564,48.199578,"7&",0.725037,"Correct","Correct","Correct","Correct"
"9",25,"1_2_stimuli","2_1","Incongruent","Incongruent","Congruent","Congruent",49.999562,50.199545,"1!",0.436448,"Correct","Correct","Correct","Correct"
"9",26,"3_4_stimuli","3_3","Congruent","Incongruent","Incongruent","Congruent",51.999535,52.199537,"3#",0.356835,"Correct","Correct","Correct","Correct"
"9",27,"5_6_stimuli","5_5","Congruent","Congruent","Incongruent","Incongruent",53.999516,54.199523,"5%",0.597112,"Correct","Correct","Correct","Correct"
"9",28,"7_8_stimuli","7_7","Congruent","Congruent","Congruent","Incongruent",55.9995,56.199503,"7&",1.028759,"Correct","Correct","Correct","Correct"
"9",29,"1_2_stimuli","1_1","Congruent","Congruent","Congruent","Congruent",57.99948,58.199478,"1!",0.484502,"Correct","Correct","Correct","Correct"
"9",30,"3_4_stimuli","4_3","Incongruent","Congruent","Congruent","Congruent",59.999467,60.199457,"3#",0.404929,"Correct","Correct","Correct","Correct"
"9",31,"5_6_stimuli","6_5","Incongruent","Incongruent","Congruent","Congruent",61.999447,62.199439,"5%",0.740581,"Correct","Correct","Correct","Correct"
"9",32,"7_8_stimuli","8_7","Incongruent","Incongruent","Incongruent","Congruent",63.999422,64.199419,"7&",0.61277,"Correct","Correct","Correct","Correct"
"9",33,"1_2_stimuli","1_1","Congruent","Incongruent","Incongruent","Incongruent",65.999411,66.1994,"1!",0.468612,"Correct","Correct","Correct","Correct"
"9",34,"3_4_stimuli","3_3","Congruent","Congruent","Incongruent","Incongruent",67.999391,68.199396,"3#",0.324652,"Correct","Correct","Correct","Correct"
"9",35,"5_6_stimuli","6_5","Incongruent","Congruent","Congruent","Incongruent",69.999374,70.199375,"5%",0.740701,"Correct","Correct","Correct","Correct"
"9",36,"7_8_stimuli","7_8","Incongruent","Incongruent","Congruent","Congruent",71.999358,72.199346,"8*",0.676665,"Correct","Correct","Correct","Correct"
"9",37,"1_2_stimuli","2_1","Incongruent","Incongruent","Incongruent","Congruent",73.999342,74.199332,"1!",0.485246,"Correct","Correct","Correct","Correct"
"9",38,"3_4_stimuli","3_4","Incongruent","Incongruent","Incongruent","Incongruent",75.999314,76.199314,"4$",0.597049,"Correct","Correct","Correct","Correct"
"9",39,"5_6_stimuli","5_5","Congruent","Incongruent","Incongruent","Incongruent",77.99929,78.199296,"5%",0.420703,"Correct","Correct","Correct","Correct"
"9",40,"7_8_stimuli","8_7","Incongruent","Congruent","Incongruent","Incongruent",79.999279,80.199278,"7&",0.932724,"Correct","Correct","Correct","Correct"
"9",41,"1_2_stimuli","2_1","Incongruent","Incongruent","Congruent","Incongruent",81.999268,82.199267,"1!",0.421223,"Correct","Correct","Correct","Correct"
"9",42,"3_4_stimuli","3_4","Incongruent","Incongruent","Incongruent","Congruent",83.99925,84.199249,"4$",0.436743,"Correct","Correct","Correct","Correct"
"9",43,"5_6_stimuli","5_6","Incongruent","Incongruent","Incongruent","Incongruent",85.99922,86.19922,"6^",0.837038,"Correct","Correct","Correct","Correct"
"9",44,"7_8_stimuli","7_7","Congruent","Incongruent","Incongruent","Incongruent",87.999204,88.199209,"7&",0.965321,"Correct","Correct","Correct","Correct"
"9",45,"1_2_stimuli","1_2","Incongruent","Congruent","Incongruent","Incongruent",89.999186,90.199183,"2@",0.613041,"Correct","Correct","Correct","Correct"
"9",46,"3_4_stimuli","4_4","Congruent","Incongruent","Congruent","Incongruent",91.999177,92.199177,"4$",0.772831,"Correct","Correct","Correct","Correct"
"9",47,"5_6_stimuli","6_5","Incongruent","Congruent","Incongruent","Congruent",93.999161,94.199157,"5%",0.485043,"Correct","Correct","Correct","Correct"
"9",48,"7_8_stimuli","7_8","Incongruent","Incongruent","Congruent","Incongruent",95.99913,96.19913,"8*",0.629209,"Correct","Correct","Correct","Correct"
"9",49,"1_2_stimuli","2_2","Congruent","Incongruent","Incongruent","Congruent",97.999115,98.199121,"2@",0.420876,"Correct","Correct","Correct","Correct"
"9",50,"3_4_stimuli","3_4","Incongruent","Congruent","Incongruent","Incongruent",99.999097,100.199104,"4$",0.436896,"Correct","Correct","Correct","Correct"
"9",51,"5_6_stimuli","6_5","Incongruent","Incongruent","Congruent","Incongruent",101.999081,102.199091,"5%",0.821274,"Correct","Correct","Correct","Correct"
"9",52,"7_8_stimuli","8_8","Congruent","Incongruent","Incongruent","Congruent",103.999064,104.199063,"8*",0.533304,"Correct","Correct","Correct","Correct"
"9",53,"1_2_stimuli","2_2","Congruent","Congruent","Incongruent","Incongruent",105.999041,106.199046,"2@",0.436923,"Correct","Correct","Correct","Correct"
"9",54,"3_4_stimuli","3_3","Congruent","Congruent","Congruent","Incongruent",107.999031,108.199019,"3#",0.420938,"Correct","Correct","Correct","Correct"
"9",55,"5_6_stimuli","5_6","Incongruent","Congruent","Congruent","Congruent",109.999006,110.199003,"6^",1.044981,"Correct","Correct","Correct","Correct"
"9",56,"7_8_stimuli","7_7","Congruent","Incongruent","Congruent","Congruent",111.998993,112.198994,"7&",0.597005,"Correct","Correct","Correct","Correct"
"9",57,"1_2_stimuli","1_2","Incongruent","Congruent","Incongruent","Congruent",113.998981,114.198961,"2@",0.453,"Correct","Correct","Correct","Correct"
"9",58,"3_4_stimuli","4_3","Incongruent","Incongruent","Congruent","Incongruent",115.998956,116.198948,"3#",0.533199,"Correct","Correct","Correct","Correct"
"9",59,"5_6_stimuli","6_6","Congruent","Incongruent","Incongruent","Congruent",117.998942,118.198937,"7&",1.18906,"Error","Correct","Correct","Correct"
"9",60,"7_8_stimuli","8_8","Congruent","Congruent","Incongruent","Incongruent",119.998918,120.198914,"8*",0.549352,"Correct","Error","Correct","Correct"
"9",61,"1_2_stimuli","1_1","Congruent","Congruent","Congruent","Incongruent",121.998899,122.198901,"1!",0.581245,"Correct","Correct","Error","Correct"
"9",62,"3_4_stimuli","4_4","Congruent","Congruent","Congruent","Congruent",123.998889,124.198885,"4$",0.773588,"Correct","Correct","Correct","Error"
"9",63,"5_6_stimuli","5_5","Congruent","Congruent","Congruent","Congruent",125.998862,126.198868,"5%",0.741414,"Correct","Correct","Correct","Correct"
"9",64,"7_8_stimuli","7_8","Incongruent","Congruent","Congruent","Congruent",127.998847,128.198845,"8*",0.597504,"Correct","Correct","Correct","Correct"
"9",65,"1_2_stimuli","2_2","Congruent","Incongruent","Congruent","Congruent",129.998836,130.198831,"2@",0.421289,"Correct","Correct","Correct","Correct"
"9",66,"3_4_stimuli","4_3","Incongruent","Congruent","Incongruent","Congruent",131.998807,132.198806,"3#",0.373086,"Correct","Correct","Correct","Correct"
"9",67,"5_6_stimuli","5_5","Congruent","Incongruent","Congruent","Incongruent",133.998795,134.198798,"5%",0.837382,"Correct","Correct","Correct","Correct"
"9",68,"7_8_stimuli","8_8","Congruent","Congruent","Incongruent","Congruent",135.998772,136.198776,"8*",0.581319,"Correct","Correct","Correct","Correct"
"10",1,"1_2_stimuli","2_1","Incongruent",NA,NA,NA,1.999992,2.199981,"1!",0.486079,"Correct",NA,NA,NA
"10",2,"3_4_stimuli","3_4","Incongruent","Incongruent",NA,NA,3.999962,4.199962,"4$",0.502041,"Correct","Correct",NA,NA
"10",3,"5_6_stimuli","5_5","Congruent","Incongruent","Incongruent",NA,5.999949,6.199946,"5%",0.406374,"Correct","Correct","Correct",NA
"10",4,"7_8_stimuli","8_8","Congruent","Congruent","Incongruent","Incongruent",7.999932,8.199937,"8*",0.533926,"Correct","Correct","Correct","Correct"
"10",5,"1_2_stimuli","1_1","Congruent","Congruent","Congruent","Incongruent",9.999907,10.199907,"1!",0.470013,"Correct","Correct","Correct","Correct"
"10",6,"3_4_stimuli","4_3","Incongruent","Congruent","Congruent","Congruent",11.999893,12.19989,"3#",0.358031,"Correct","Correct","Correct","Correct"
"10",7,"5_6_stimuli","5_5","Congruent","Incongruent","Congruent","Congruent",13.99988,14.19988,"5%",0.534031,"Correct","Correct","Correct","Correct"
"10",8,"7_8_stimuli","7_7","Congruent","Congruent","Incongruent","Congruent",15.999857,16.199854,"7&",0.790284,"Correct","Correct","Correct","Correct"
"10",9,"1_2_stimuli","1_2","Incongruent","Congruent","Congruent","Incongruent",17.999842,18.199844,"2@",0.662055,"Correct","Correct","Correct","Correct"
"10",10,"3_4_stimuli","3_3","Congruent","Incongruent","Congruent","Congruent",19.99983,20.199811,"3#",0.534322,"Correct","Correct","Correct","Correct"
"10",11,"5_6_stimuli","5_5","Congruent","Congruent","Incongruent","Congruent",21.999803,22.199804,"5%",0.950096,"Correct","Correct","Correct","Correct"
"10",12,"7_8_stimuli","7_7","Congruent","Congruent","Congruent","Incongruent",23.999787,24.199782,"7&",0.854606,"Correct","Correct","Correct","Correct"
"10",13,"1_2_stimuli","2_1","Incongruent","Congruent","Congruent","Congruent",25.999769,26.199772,"1!",0.519301,"Correct","Correct","Correct","Correct"
"10",14,"3_4_stimuli","3_4","Incongruent","Incongruent","Congruent","Congruent",27.999745,28.199742,"4$",0.550157,"Correct","Correct","Correct","Correct"
"10",15,"5_6_stimuli","6_6","Congruent","Incongruent","Incongruent","Congruent",29.999737,30.199736,"6^",1.078753,"Correct","Correct","Correct","Correct"
"10",16,"7_8_stimuli","7_8","Incongruent","Congruent","Incongruent","Incongruent",31.999709,32.199716,"8*",0.774779,"Correct","Correct","Correct","Correct"
"10",17,"1_2_stimuli","2_2","Congruent","Incongruent","Congruent","Incongruent",33.999703,34.199688,"2@",0.390622,"Correct","Correct","Correct","Correct"
"10",18,"3_4_stimuli","4_3","Incongruent","Congruent","Incongruent","Congruent",35.999675,36.199699,"3#",0.374528,"Correct","Correct","Correct","Correct"
"10",19,"5_6_stimuli","6_5","Incongruent","Incongruent","Congruent","Incongruent",37.999658,38.199656,"5%",0.582661,"Correct","Correct","Correct","Correct"
"10",20,"7_8_stimuli","8_8","Congruent","Incongruent","Incongruent","Congruent",39.99965,40.199637,"8*",0.518257,"Correct","Correct","Correct","Correct"
"10",21,"1_2_stimuli","2_2","Congruent","Congruent","Incongruent","Incongruent",41.999625,42.199615,"2@",0.326209,"Correct","Correct","Correct","Correct"
"10",22,"3_4_stimuli","4_3","Incongruent","Congruent","Congruent","Incongruent",43.999605,44.19961,"3#",0.294301,"Correct","Correct","Correct","Correct"
"10",23,"5_6_stimuli","5_6","Incongruent","Incongruent","Congruent","Congruent",45.999593,46.199579,"6^",1.046551,"Correct","Correct","Correct","Correct"
"10",24,"7_8_stimuli","7_8","Incongruent","Incongruent","Incongruent","Congruent",47.999571,48.199559,"8*",0.518327,"Correct","Correct","Correct","Correct"
"10",25,"1_2_stimuli","2_1","Incongruent","Incongruent","Incongruent","Incongruent",49.999549,50.199553,"1!",0.438679,"Correct","Correct","Correct","Correct"
"10",26,"3_4_stimuli","4_4","Congruent","Incongruent","Incongruent","Incongruent",51.999531,52.199524,"4$",0.502386,"Correct","Correct","Correct","Correct"
"10",27,"5_6_stimuli","5_5","Congruent","Congruent","Incongruent","Incongruent",53.999515,54.199515,"5%",0.438407,"Correct","Correct","Correct","Correct"
"10",28,"7_8_stimuli","8_7","Incongruent","Congruent","Congruent","Incongruent",55.9995,56.199502,"7&",0.710648,"Correct","Correct","Correct","Correct"
"10",29,"1_2_stimuli","2_2","Congruent","Incongruent","Congruent","Congruent",57.999477,58.199475,"2@",0.486743,"Correct","Correct","Correct","Correct"
"10",30,"3_4_stimuli","3_3","Congruent","Congruent","Incongruent","Congruent",59.99946,60.199465,"3#",0.406412,"Correct","Correct","Correct","Correct"
"10",31,"5_6_stimuli","6_6","Congruent","Congruent","Congruent","Incongruent",61.999448,62.199433,"6^",0.950651,"Correct","Correct","Correct","Correct"
"10",32,"7_8_stimuli","7_7","Congruent","Congruent","Congruent","Congruent",63.999416,64.199422,"7&",0.662845,"Correct","Correct","Correct","Correct"
"10",33,"1_2_stimuli","1_1","Congruent","Congruent","Congruent","Congruent",65.999411,66.199409,"1!",0.294514,"Correct","Correct","Correct","Correct"
"10",34,"3_4_stimuli","3_3","Congruent","Congruent","Congruent","Congruent",67.999381,68.199393,"3#",0.310502,"Correct","Correct","Correct","Correct"
"10",35,"5_6_stimuli","5_5","Congruent","Congruent","Congruent","Congruent",69.999378,70.199365,"5%",0.438726,"Correct","Correct","Correct","Correct"
"10",36,"7_8_stimuli","8_7","Incongruent","Congruent","Congruent","Congruent",71.999353,72.199356,"7&",0.470501,"Correct","Correct","Correct","Correct"
"10",37,"1_2_stimuli","2_1","Incongruent","Incongruent","Congruent","Congruent",73.999334,74.199331,"1!",0.470688,"Correct","Correct","Correct","Correct"
"10",38,"3_4_stimuli","4_4","Congruent","Incongruent","Incongruent","Congruent",75.999323,76.199306,"4$",0.502778,"Correct","Correct","Correct","Correct"
"10",39,"5_6_stimuli","6_5","Incongruent","Congruent","Incongruent","Incongruent",77.999294,78.199299,"5%",0.566748,"Correct","Correct","Correct","Correct"
"10",40,"7_8_stimuli","8_8","Congruent","Incongruent","Congruent","Incongruent",79.999276,80.199278,"8*",0.630865,"Correct","Correct","Correct","Correct"
"10",41,"1_2_stimuli","1_1","Congruent","Congruent","Incongruent","Congruent",81.999255,82.199253,"1!",0.406797,"Correct","Correct","Correct","Correct"
"10",42,"3_4_stimuli","4_4","Congruent","Congruent","Congruent","Incongruent",83.999243,84.199246,"4$",0.470962,"Correct","Correct","Correct","Correct"
"10",43,"5_6_stimuli","5_6","Incongruent","Congruent","Congruent","Congruent",85.999226,86.199227,"6^",1.030956,"Correct","Correct","Correct","Correct"
"10",44,"7_8_stimuli","7_8","Incongruent","Incongruent","Congruent","Congruent",87.999203,88.199203,"8*",0.646882,"Correct","Correct","Correct","Correct"
"10",45,"1_2_stimuli","2_1","Incongruent","Incongruent","Incongruent","Congruent",89.999185,90.199188,"1!",0.423009,"Correct","Correct","Correct","Correct"
"10",46,"3_4_stimuli","3_4","Incongruent","Incongruent","Incongruent","Incongruent",91.999174,92.199172,"4$",0.471075,"Correct","Correct","Correct","Correct"
"10",47,"5_6_stimuli","5_6","Incongruent","Incongruent","Incongruent","Incongruent",93.999159,94.199157,"6^",0.663035,"Correct","Correct","Correct","Correct"
"10",48,"7_8_stimuli","8_8","Congruent","Incongruent","Incongruent","Incongruent",95.999132,96.199131,"8*",0.614946,"Correct","Correct","Correct","Correct"
"10",49,"1_2_stimuli","1_2","Incongruent","Congruent","Incongruent","Incongruent",97.999111,98.19912,"2@",0.502845,"Correct","Correct","Correct","Correct"
"10",50,"3_4_stimuli","4_4","Congruent","Incongruent","Congruent","Incongruent",99.999094,100.199098,"4$",0.503166,"Correct","Correct","Correct","Correct"
"10",51,"5_6_stimuli","5_6","Incongruent","Congruent","Incongruent","Congruent",101.999083,102.199079,"6^",0.695116,"Correct","Correct","Correct","Correct"
"10",52,"7_8_stimuli","8_7","Incongruent","Incongruent","Congruent","Incongruent",103.999058,104.199064,"7&",0.742953,"Correct","Correct","Correct","Correct"
"10",53,"1_2_stimuli","1_1","Congruent","Incongruent","Incongruent","Congruent",105.99904,106.199044,"1!",0.342752,"Correct","Correct","Correct","Correct"
"10",54,"3_4_stimuli","3_3","Congruent","Congruent","Incongruent","Incongruent",107.999025,108.199021,"3#",0.582865,"Correct","Correct","Correct","Correct"
"10",55,"5_6_stimuli","6_5","Incongruent","Congruent","Congruent","Incongruent",109.999015,110.199003,"5%",0.790829,"Correct","Correct","Correct","Correct"
"10",56,"7_8_stimuli","7_7","Congruent","Incongruent","Congruent","Congruent",111.998987,112.198988,"7&",0.583089,"Correct","Correct","Correct","Correct"
"10",57,"1_2_stimuli","1_2","Incongruent","Congruent","Incongruent","Congruent",113.998977,114.198981,"2@",0.391073,"Correct","Correct","Correct","Correct"
"10",58,"3_4_stimuli","4_3","Incongruent","Incongruent","Congruent","Incongruent",115.998952,116.198953,"3#",0.55085,"Correct","Correct","Correct","Correct"
"10",59,"5_6_stimuli","6_5","Incongruent","Incongruent","Incongruent","Congruent",117.998945,118.198934,"5%",0.839247,"Correct","Correct","Correct","Correct"
"10",60,"7_8_stimuli","8_7","Incongruent","Incongruent","Incongruent","Incongruent",119.998925,120.19891,"7&",0.999316,"Correct","Correct","Correct","Correct"
"10",61,"1_2_stimuli","2_2","Congruent","Incongruent","Incongruent","Incongruent",121.998901,122.198892,"2@",0.439311,"Correct","Correct","Correct","Correct"
"10",62,"3_4_stimuli","3_4","Incongruent","Congruent","Incongruent","Incongruent",123.998879,124.198881,"4$",0.96689,"Correct","Correct","Correct","Correct"
"10",63,"5_6_stimuli","6_6","Congruent","Incongruent","Congruent","Incongruent",125.998868,126.198864,"6^",1.079387,"Correct","Correct","Correct","Correct"
"10",64,"7_8_stimuli","7_8","Incongruent","Congruent","Incongruent","Congruent",127.998859,128.198849,"8*",0.598968,"Correct","Correct","Correct","Correct"
"10",65,"1_2_stimuli","1_2","Incongruent","Incongruent","Congruent","Incongruent",129.998822,130.198829,"2@",0.423349,"Correct","Correct","Correct","Correct"
"10",66,"3_4_stimuli","3_4","Incongruent","Incongruent","Incongruent","Congruent",131.998812,132.198804,"4$",0.519056,"Correct","Correct","Correct","Correct"
"10",67,"5_6_stimuli","6_6","Congruent","Incongruent","Incongruent","Incongruent",133.998794,134.198787,"6^",1.255038,"Correct","Correct","Correct","Correct"
"10",68,"7_8_stimuli","8_8","Congruent","Congruent","Incongruent","Incongruent",135.998781,136.198773,"8*",0.487041,"Correct","Correct","Correct","Correct"
"11",1,"1_2_stimuli","2_1","Incongruent",NA,NA,NA,1.999986,2.199982,"1!",0.956593,"Correct",NA,NA,NA
"11",2,"3_4_stimuli","3_3","Congruent","Incongruent",NA,NA,3.999966,4.199958,"3#",0.444601,"Correct","Correct",NA,NA
"11",3,"5_6_stimuli","5_6","Incongruent","Congruent","Incongruent",NA,5.999944,6.199947,"6^",0.972055,"Correct","Correct","Correct",NA
"11",4,"7_8_stimuli","7_7","Congruent","Incongruent","Congruent","Incongruent",7.999934,8.199925,"7&",0.684103,"Correct","Correct","Correct","Correct"
"11",5,"1_2_stimuli","2_2","Congruent","Congruent","Incongruent","Congruent",9.999912,10.199919,"2@",0.380267,"Correct","Correct","Correct","Correct"
"11",6,"3_4_stimuli","4_3","Incongruent","Congruent","Congruent","Incongruent",11.999893,12.199894,"3#",0.52408,"Correct","Correct","Correct","Correct"
"11",7,"5_6_stimuli","5_6","Incongruent","Incongruent","Congruent","Congruent",13.999879,14.199865,"6^",0.732137,"Correct","Correct","Correct","Correct"
"11",8,"7_8_stimuli","8_8","Congruent","Incongruent","Incongruent","Congruent",15.999859,16.199866,"8*",0.620487,"Correct","Correct","Correct","Correct"
"11",9,"1_2_stimuli","2_2","Congruent","Congruent","Incongruent","Incongruent",17.999846,18.199838,"2@",0.332382,"Correct","Correct","Correct","Correct"
"11",10,"3_4_stimuli","4_4","Congruent","Congruent","Congruent","Incongruent",19.999825,20.199828,"4$",0.492389,"Correct","Correct","Correct","Correct"
"11",11,"5_6_stimuli","6_5","Incongruent","Congruent","Congruent","Congruent",21.999802,22.19981,"5%",0.508631,"Correct","Correct","Correct","Correct"
"11",12,"7_8_stimuli","8_8","Congruent","Incongruent","Congruent","Congruent",23.999787,24.199789,"8*",0.476195,"Correct","Correct","Correct","Correct"
"11",13,"1_2_stimuli","2_1","Incongruent","Congruent","Incongruent","Congruent",25.999767,26.199771,"1!",0.492421,"Correct","Correct","Correct","Correct"
"11",14,"3_4_stimuli","3_4","Incongruent","Incongruent","Congruent","Incongruent",27.999751,28.199746,"4$",0.524409,"Correct","Correct","Correct","Correct"
"11",15,"5_6_stimuli","6_6","Congruent","Incongruent","Incongruent","Congruent",29.99973,30.199729,"6^",0.684579,"Correct","Correct","Correct","Correct"
"11",16,"7_8_stimuli","8_7","Incongruent","Congruent","Incongruent","Incongruent",31.999715,32.199716,"7&",0.700862,"Correct","Correct","Correct","Correct"
"11",17,"1_2_stimuli","2_1","Incongruent","Incongruent","Congruent","Incongruent",33.999695,34.199688,"1!",0.332603,"Correct","Correct","Correct","Correct"
"11",18,"3_4_stimuli","4_4","Congruent","Incongruent","Incongruent","Congruent",35.999676,36.199676,"4$",0.460289,"Correct","Correct","Correct","Correct"
"11",19,"5_6_stimuli","6_6","Congruent","Congruent","Incongruent","Incongruent",37.999659,38.199656,"6^",0.732303,"Correct","Correct","Correct","Correct"
"11",20,"7_8_stimuli","7_8","Incongruent","Congruent","Congruent","Incongruent",39.999645,40.199642,"8*",0.556321,"Correct","Correct","Correct","Correct"
"11",21,"1_2_stimuli","1_1","Congruent","Incongruent","Congruent","Congruent",41.999628,42.199624,"1!",0.42869,"Correct","Correct","Correct","Correct"
"11",22,"3_4_stimuli","4_3","Incongruent","Congruent","Incongruent","Congruent",43.999602,44.199604,"3#",0.620721,"Correct","Correct","Correct","Correct"
"11",23,"5_6_stimuli","5_5","Congruent","Incongruent","Congruent","Incongruent",45.99959,46.199584,"5%",0.492734,"Correct","Correct","Correct","Correct"
"11",24,"7_8_stimuli","7_7","Congruent","Congruent","Incongruent","Congruent",47.999571,48.199567,"7&",0.588797,"Correct","Correct","Correct","Correct"
"11",25,"1_2_stimuli","1_1","Congruent","Congruent","Congruent","Incongruent",49.999547,50.199547,"1!",0.300595,"Correct","Correct","Correct","Correct"
"11",26,"3_4_stimuli","3_3","Congruent","Congruent","Congruent","Congruent",51.999541,52.199529,"3#",0.332477,"Correct","Correct","Correct","Correct"
"11",27,"5_6_stimuli","5_5","Congruent","Congruent","Congruent","Congruent",53.999523,54.199507,"5%",0.812824,"Correct","Correct","Correct","Correct"
"11",28,"7_8_stimuli","7_8","Incongruent","Congruent","Congruent","Congruent",55.999496,56.199497,"8*",0.604438,"Correct","Correct","Correct","Correct"
"11",29,"1_2_stimuli","1_2","Incongruent","Incongruent","Congruent","Congruent",57.999472,58.199485,"2@",0.572818,"Correct","Correct","Correct","Correct"
"11",30,"3_4_stimuli","3_4","Incongruent","Incongruent","Incongruent","Congruent",59.999471,60.199457,"4$",0.492834,"Correct","Correct","Correct","Correct"
"11",31,"5_6_stimuli","5_6","Incongruent","Incongruent","Incongruent","Incongruent",61.999454,62.199437,"6^",1.196572,"Correct","Correct","Correct","Correct"
"11",32,"7_8_stimuli","7_7","Congruent","Incongruent","Incongruent","Incongruent",63.999427,64.199427,"7&",0.476971,"Correct","Correct","Correct","Correct"
"11",33,"1_2_stimuli","2_1","Incongruent","Congruent","Incongruent","Incongruent",65.999404,66.1994,"1!",0.460595,"Correct","Correct","Correct","Correct"
"11",34,"3_4_stimuli","3_3","Congruent","Incongruent","Congruent","Incongruent",67.999387,68.199396,"3#",0.428837,"Correct","Correct","Correct","Correct"
"11",35,"5_6_stimuli","5_5","Congruent","Congruent","Incongruent","Congruent",69.999368,70.199372,"5%",0.876592,"Correct","Correct","Correct","Correct"
"11",36,"7_8_stimuli","8_8","Congruent","Congruent","Congruent","Incongruent",71.999354,72.199357,"8*",0.589272,"Correct","Correct","Correct","Correct"
"11",37,"1_2_stimuli","1_2","Incongruent","Congruent","Congruent","Congruent",73.999338,74.199332,"2@",0.50925,"Correct","Correct","Correct","Correct"
"11",38,"3_4_stimuli","3_4","Incongruent","Incongruent","Congruent","Congruent",75.999322,76.199313,"4$",1.03659,"Correct","Correct","Correct","Correct"
"11",39,"5_6_stimuli","6_5","Incongruent","Incongruent","Incongruent","Congruent",77.999307,78.199296,"5%",0.812617,"Correct","Correct","Correct","Correct"
"11",40,"7_8_stimuli","8_7","Incongruent","Incongruent","Incongruent","Incongruent",79.999279,80.199275,"7&",0.557065,"Correct","Correct","Correct","Correct"
"11",41,"1_2_stimuli","2_2","Congruent","Incongruent","Incongruent","Incongruent",81.999266,82.199264,"2@",0.412902,"Correct","Correct","Correct","Correct"
"11",42,"3_4_stimuli","4_4","Congruent","Congruent","Incongruent","Incongruent",83.999254,84.199241,"4$",0.588897,"Correct","Correct","Correct","Correct"
"11",43,"5_6_stimuli","6_6","Congruent","Congruent","Congruent","Incongruent",85.999228,86.199223,"6^",0.812681,"Correct","Correct","Correct","Correct"
"11",44,"7_8_stimuli","8_8","Congruent","Congruent","Congruent","Congruent",87.999213,88.19921,"8*",1.372714,"Correct","Correct","Correct","Correct"
"11",45,"1_2_stimuli","1_1","Congruent","Congruent","Congruent","Congruent",89.999193,90.199186,"1!",0.444932,"Correct","Correct","Correct","Correct"
"11",46,"3_4_stimuli","3_4","Incongruent","Congruent","Congruent","Congruent",91.999178,92.199178,"4$",0.557312,"Correct","Correct","Correct","Correct"
"11",47,"5_6_stimuli","5_5","Congruent","Incongruent","Congruent","Congruent",93.999159,94.199156,"5%",0.684963,"Correct","Correct","Correct","Correct"
"11",48,"7_8_stimuli","7_8","Incongruent","Congruent","Incongruent","Congruent",95.999141,96.199133,"8*",0.605178,"Correct","Correct","Correct","Correct"
"11",49,"1_2_stimuli","2_2","Congruent","Incongruent","Congruent","Incongruent",97.999121,98.199111,"2@",0.412997,"Correct","Correct","Correct","Correct"
"11",50,"3_4_stimuli","3_3","Congruent","Congruent","Incongruent","Congruent",99.999101,100.199102,"3#",0.365466,"Correct","Correct","Correct","Correct"
"11",51,"5_6_stimuli","5_6","Incongruent","Congruent","Congruent","Incongruent",101.999084,102.199078,"5%",0.797133,"Error","Correct","Correct","Correct"
"11",52,"7_8_stimuli","8_7","Incongruent","Incongruent","Congruent","Congruent",103.999062,104.199058,"7&",0.653338,"Correct","Error","Correct","Correct"
"11",53,"1_2_stimuli","1_1","Congruent","Incongruent","Incongruent","Congruent",105.999058,106.19905,"1!",0.492941,"Correct","Correct","Error","Correct"
"11",54,"3_4_stimuli","4_3","Incongruent","Congruent","Incongruent","Incongruent",107.999024,108.199028,"3#",0.349336,"Correct","Correct","Correct","Error"
"11",55,"5_6_stimuli","5_6","Incongruent","Incongruent","Congruent","Incongruent",109.999017,110.199005,"6^",0.796866,"Correct","Correct","Correct","Correct"
"11",56,"7_8_stimuli","8_7","Incongruent","Incongruent","Incongruent","Congruent",111.998998,112.199,"7&",0.829186,"Correct","Correct","Correct","Correct"
"11",57,"1_2_stimuli","1_2","Incongruent","Incongruent","Incongruent","Incongruent",113.998978,114.198974,"2@",0.477478,"Correct","Correct","Correct","Correct"
"11",58,"3_4_stimuli","4_3","Incongruent","Incongruent","Incongruent","Incongruent",115.998959,116.198952,"3#",0.524936,"Correct","Correct","Correct","Correct"
"11",59,"5_6_stimuli","6_6","Congruent","Incongruent","Incongruent","Incongruent",117.998941,118.198935,"6^",0.621114,"Correct","Correct","Correct","Correct"
"11",60,"7_8_stimuli","7_7","Congruent","Congruent","Incongruent","Incongruent",119.998923,120.198928,"7&",0.716998,"Correct","Correct","Correct","Correct"
"11",61,"1_2_stimuli","1_2","Incongruent","Congruent","Congruent","Incongruent",121.998903,122.198903,"2@",0.365319,"Correct","Correct","Correct","Correct"
"11",62,"3_4_stimuli","3_3","Congruent","Incongruent","Congruent","Congruent",123.99889,124.198888,"3#",0.461115,"Correct","Correct","Correct","Correct"
"11",63,"5_6_stimuli","6_5","Incongruent","Congruent","Incongruent","Congruent",125.998872,126.198866,"5%",1.068993,"Correct","Correct","Correct","Correct"
"11",64,"7_8_stimuli","7_8","Incongruent","Incongruent","Congruent","Incongruent",127.998849,128.198851,"8*",0.653421,"Correct","Correct","Correct","Correct"
"11",65,"1_2_stimuli","2_1","Incongruent","Incongruent","Incongruent","Congruent",129.998832,130.19883,"1!",0.429043,"Correct","Correct","Correct","Correct"
"11",66,"3_4_stimuli","4_4","Congruent","Incongruent","Incongruent","Incongruent",131.998812,132.198821,"4$",0.493054,"Correct","Correct","Correct","Correct"
"11",67,"5_6_stimuli","6_5","Incongruent","Congruent","Incongruent","Incongruent",133.998792,134.1988,"5%",0.717491,"Correct","Correct","Correct","Correct"
"11",68,"7_8_stimuli","7_7","Congruent","Incongruent","Congruent","Incongruent",135.998775,136.198774,"7&",0.36545,"Correct","Correct","Correct","Correct"
"12",1,"1_2_stimuli","2_2","Congruent",NA,NA,NA,1.999987,2.199982,"2@",0.498261,"Correct",NA,NA,NA
"12",2,"3_4_stimuli","4_4","Congruent","Congruent",NA,NA,3.999976,4.199981,"4$",0.722216,"Correct","Correct",NA,NA
"12",3,"5_6_stimuli","5_6","Incongruent","Congruent","Congruent",NA,5.999957,6.199947,"6^",0.850205,"Correct","Correct","Correct",NA
"12",4,"7_8_stimuli","7_7","Congruent","Incongruent","Congruent","Congruent",7.999943,8.199943,"7&",0.801982,"Correct","Correct","Correct","Correct"
"12",5,"1_2_stimuli","1_2","Incongruent","Congruent","Incongruent","Congruent",9.999919,10.199922,"2@",0.386125,"Correct","Correct","Correct","Correct"
"12",6,"3_4_stimuli","4_4","Congruent","Incongruent","Congruent","Incongruent",11.9999,12.199901,"4$",0.418196,"Correct","Correct","Correct","Correct"
"12",7,"5_6_stimuli","5_5","Congruent","Congruent","Incongruent","Congruent",13.999876,14.199873,"5%",0.833976,"Correct","Correct","Correct","Correct"
"12",8,"7_8_stimuli","8_7","Incongruent","Congruent","Congruent","Incongruent",15.999865,16.199857,"7&",0.818325,"Correct","Correct","Correct","Correct"
"12",9,"1_2_stimuli","2_2","Congruent","Incongruent","Congruent","Congruent",17.999841,18.199848,"2@",0.30656,"Correct","Correct","Correct","Correct"
"12",10,"3_4_stimuli","4_3","Incongruent","Congruent","Incongruent","Congruent",19.999838,20.199838,"3#",0.434386,"Correct","Correct","Correct","Correct"
"12",11,"5_6_stimuli","6_5","Incongruent","Incongruent","Congruent","Incongruent",21.999822,22.199808,"5%",0.738027,"Correct","Correct","Correct","Correct"
"12",12,"7_8_stimuli","7_8","Incongruent","Incongruent","Incongruent","Congruent",23.999798,24.199795,"8*",0.594625,"Correct","Correct","Correct","Correct"
"12",13,"1_2_stimuli","2_1","Incongruent","Incongruent","Incongruent","Incongruent",25.999779,26.199773,"1!",0.434173,"Correct","Correct","Correct","Correct"
"12",14,"3_4_stimuli","3_4","Incongruent","Incongruent","Incongruent","Incongruent",27.999768,28.199763,"4$",0.70666,"Correct","Correct","Correct","Correct"
"12",15,"5_6_stimuli","5_5","Congruent","Incongruent","Incongruent","Incongruent",29.999738,30.199746,"5%",0.738111,"Correct","Correct","Correct","Correct"
"12",16,"7_8_stimuli","7_7","Congruent","Congruent","Incongruent","Incongruent",31.999728,32.199721,"7&",0.498574,"Correct","Correct","Correct","Correct"
"12",17,"1_2_stimuli","1_1","Congruent","Congruent","Congruent","Incongruent",33.999706,34.19971,"1!",0.434482,"Correct","Correct","Correct","Correct"
"12",18,"3_4_stimuli","3_3","Congruent","Congruent","Congruent","Congruent",35.999696,36.199687,"3#",0.355213,"Correct","Correct","Correct","Correct"
"12",19,"5_6_stimuli","6_5","Incongruent","Congruent","Congruent","Congruent",37.999667,38.199674,"5%",0.450445,"Correct","Correct","Correct","Correct"
"12",20,"7_8_stimuli","7_8","Incongruent","Incongruent","Congruent","Congruent",39.999649,40.199659,"8*",0.578526,"Correct","Correct","Correct","Correct"
"12",21,"1_2_stimuli","2_1","Incongruent","Incongruent","Incongruent","Congruent",41.99964,42.199631,"1!",0.482516,"Correct","Correct","Correct","Correct"
"12",22,"3_4_stimuli","4_4","Congruent","Incongruent","Incongruent","Incongruent",43.999618,44.199616,"4$",0.57822,"Correct","Correct","Correct","Correct"
"12",23,"5_6_stimuli","5_5","Congruent","Congruent","Incongruent","Incongruent",45.999595,46.199587,"5%",0.49858,"Correct","Correct","Correct","Correct"
"12",24,"7_8_stimuli","7_7","Congruent","Congruent","Congruent","Incongruent",47.999571,48.199581,"7&",0.722619,"Correct","Correct","Correct","Correct"
"12",25,"1_2_stimuli","1_1","Congruent","Congruent","Congruent","Congruent",49.99956,50.199553,"1!",0.434254,"Correct","Correct","Correct","Correct"
"12",26,"3_4_stimuli","3_4","Incongruent","Congruent","Congruent","Congruent",51.999549,52.199532,"4$",0.402892,"Correct","Correct","Correct","Correct"
"12",27,"5_6_stimuli","6_6","Congruent","Incongruent","Congruent","Congruent",53.999534,54.199529,"6^",0.882615,"Correct","Correct","Correct","Correct"
"12",28,"7_8_stimuli","8_8","Congruent","Congruent","Incongruent","Congruent",55.999512,56.199513,"8*",0.49849,"Correct","Correct","Correct","Correct"
"12",29,"1_2_stimuli","1_2","Incongruent","Congruent","Congruent","Incongruent",57.999499,58.19948,"2@",0.322495,"Correct","Correct","Correct","Correct"
"12",30,"3_4_stimuli","4_3","Incongruent","Incongruent","Congruent","Congruent",59.999471,60.199462,"3#",0.386394,"Correct","Correct","Correct","Correct"
"12",31,"5_6_stimuli","5_6","Incongruent","Incongruent","Incongruent","Congruent",61.999453,62.199458,"6^",0.690341,"Correct","Correct","Correct","Correct"
"12",32,"7_8_stimuli","7_8","Incongruent","Incongruent","Incongruent","Incongruent",63.99944,64.199432,"8*",0.530731,"Correct","Correct","Correct","Correct"
"12",33,"1_2_stimuli","2_2","Congruent","Incongruent","Incongruent","Incongruent",65.999421,66.199415,"2@",0.402403,"Correct","Correct","Correct","Correct"
"12",34,"3_4_stimuli","3_3","Congruent","Congruent","Incongruent","Incongruent",67.999401,68.199397,"3#",0.322434,"Correct","Correct","Correct","Correct"
"12",35,"5_6_stimuli","6_6","Congruent","Congruent","Congruent","Incongruent",69.999378,70.19937,"6^",0.594707,"Correct","Correct","Correct","Correct"
"12",36,"7_8_stimuli","8_7","Incongruent","Congruent","Congruent","Congruent",71.999356,72.199357,"7&",0.482676,"Correct","Correct","Correct","Correct"
"12",37,"1_2_stimuli","1_2","Incongruent","Incongruent","Congruent","Congruent",73.999346,74.199341,"1!",0.338466,"Error","Correct","Correct","Correct"
"12",38,"3_4_stimuli","3_4","Incongruent","Incongruent","Incongruent","Congruent",75.999323,76.199322,"4$",0.882808,"Correct","Error","Correct","Correct"
"12",39,"5_6_stimuli","6_5","Incongruent","Incongruent","Incongruent","Incongruent",77.999301,78.199305,"5%",0.850504,"Correct","Correct","Error","Correct"
"12",40,"7_8_stimuli","8_8","Congruent","Incongruent","Incongruent","Incongruent",79.999295,80.199284,"8*",0.546842,"Correct","Correct","Correct","Error"
"12",41,"1_2_stimuli","2_2","Congruent","Congruent","Incongruent","Incongruent",81.999273,82.199275,"2@",0.482509,"Correct","Correct","Correct","Correct"
"12",42,"3_4_stimuli","3_4","Incongruent","Congruent","Congruent","Incongruent",83.999249,84.199248,"4$",0.818554,"Correct","Correct","Correct","Correct"
"12",43,"5_6_stimuli","5_6","Incongruent","Incongruent","Congruent","Congruent",85.999232,86.199233,"5%",0.835142,"Error","Correct","Correct","Correct"
"12",44,"7_8_stimuli","8_8","Congruent","Incongruent","Incongruent","Congruent",87.999231,88.199215,"8*",0.658747,"Correct","Error","Correct","Correct"
"12",45,"1_2_stimuli","1_2","Incongruent","Congruent","Incongruent","Incongruent",89.999196,90.199197,"2@",0.402897,"Correct","Correct","Error","Correct"
"12",46,"3_4_stimuli","4_3","Incongruent","Incongruent","Congruent","Incongruent",91.999182,92.199177,"3#",0.38662,"Correct","Correct","Correct","Error"
"12",47,"5_6_stimuli","6_6","Congruent","Incongruent","Incongruent","Congruent",93.999159,94.199172,"6^",1.026857,"Correct","Correct","Correct","Correct"
"12",48,"7_8_stimuli","7_8","Incongruent","Congruent","Incongruent","Incongruent",95.999152,96.199147,"8*",0.594821,"Correct","Correct","Correct","Correct"
"12",49,"1_2_stimuli","2_1","Incongruent","Incongruent","Congruent","Incongruent",97.999132,98.199127,"1!",0.483887,"Correct","Correct","Correct","Correct"
"12",50,"3_4_stimuli","4_4","Congruent","Incongruent","Incongruent","Congruent",99.999107,100.199115,"4$",0.562675,"Correct","Correct","Correct","Correct"
"12",51,"5_6_stimuli","5_6","Incongruent","Congruent","Incongruent","Incongruent",101.999088,102.199092,"6^",0.72312,"Correct","Correct","Correct","Correct"
"12",52,"7_8_stimuli","8_7","Incongruent","Incongruent","Congruent","Incongruent",103.999075,104.19907,"7&",0.770687,"Correct","Correct","Correct","Correct"
"12",53,"1_2_stimuli","1_1","Congruent","Incongruent","Incongruent","Congruent",105.999056,106.199054,"1!",0.515065,"Correct","Correct","Correct","Correct"
"12",54,"3_4_stimuli","4_3","Incongruent","Congruent","Incongruent","Incongruent",107.999045,108.199033,"3#",0.546806,"Correct","Correct","Correct","Correct"
"12",55,"5_6_stimuli","6_6","Congruent","Incongruent","Congruent","Incongruent",109.999024,110.199021,"6^",0.787068,"Correct","Correct","Correct","Correct"
"12",56,"7_8_stimuli","8_7","Incongruent","Congruent","Incongruent","Congruent",111.999,112.199006,"7&",0.770938,"Correct","Correct","Correct","Correct"
"12",57,"1_2_stimuli","1_1","Congruent","Incongruent","Congruent","Incongruent",113.998989,114.19899,"1!",0.466792,"Correct","Correct","Correct","Correct"
"12",58,"3_4_stimuli","3_3","Congruent","Congruent","Incongruent","Congruent",115.998965,116.198966,"3#",0.451159,"Correct","Correct","Correct","Correct"
"12",59,"5_6_stimuli","5_6","Incongruent","Congruent","Congruent","Incongruent",117.998943,118.198941,"6^",0.77144,"Correct","Correct","Correct","Correct"
"12",60,"7_8_stimuli","7_7","Congruent","Incongruent","Congruent","Congruent",119.998942,120.198928,"7&",0.531169,"Correct","Correct","Correct","Correct"
"12",61,"1_2_stimuli","2_2","Congruent","Congruent","Incongruent","Congruent",121.99892,122.198908,"2@",0.435192,"Correct","Correct","Correct","Correct"
"12",62,"3_4_stimuli","4_4","Congruent","Congruent","Congruent","Incongruent",123.998895,124.198898,"4$",0.483867,"Correct","Correct","Correct","Correct"
"12",63,"5_6_stimuli","5_5","Congruent","Congruent","Congruent","Congruent",125.998874,126.198878,"5%",0.482878,"Correct","Correct","Correct","Correct"
"12",64,"7_8_stimuli","8_8","Congruent","Congruent","Congruent","Congruent",127.998857,128.198855,"8*",0.563136,"Correct","Correct","Correct","Correct"
"12",65,"1_2_stimuli","2_1","Incongruent","Congruent","Congruent","Congruent",129.998839,130.198844,"1!",0.547126,"Correct","Correct","Correct","Correct"
"12",66,"3_4_stimuli","3_3","Congruent","Incongruent","Congruent","Congruent",131.998821,132.198824,"3#",0.643534,"Correct","Correct","Correct","Correct"
"12",67,"5_6_stimuli","6_5","Incongruent","Congruent","Incongruent","Congruent",133.998799,134.198802,"5%",0.627102,"Correct","Correct","Correct","Correct"
"12",68,"7_8_stimuli","7_7","Congruent","Incongruent","Congruent","Incongruent",135.998789,136.198792,"7&",0.562975,"Correct","Correct","Correct","Correct"
"13",1,"1_2_stimuli","2_2","Congruent",NA,NA,NA,1.999985,2.199978,"2@",0.539951,"Correct",NA,NA,NA
"13",2,"3_4_stimuli","4_4","Congruent","Congruent",NA,NA,3.999958,4.199964,"4$",0.843775,"Correct","Correct",NA,NA
"13",3,"5_6_stimuli","5_6","Incongruent","Congruent","Congruent",NA,5.999943,6.199941,"6^",1.227791,"Correct","Correct","Correct",NA
"13",4,"7_8_stimuli","8_7","Incongruent","Incongruent","Congruent","Congruent",7.999923,8.199922,"7&",0.540339,"Correct","Correct","Correct","Correct"
"13",5,"1_2_stimuli","1_1","Congruent","Incongruent","Incongruent","Congruent",9.999904,10.199915,"1!",0.47599,"Correct","Correct","Correct","Correct"
"13",6,"3_4_stimuli","3_3","Congruent","Congruent","Incongruent","Incongruent",11.999896,12.199892,"3#",0.379805,"Correct","Correct","Correct","Correct"
"13",7,"5_6_stimuli","6_6","Congruent","Congruent","Congruent","Incongruent",13.999866,14.199871,"6^",1.100135,"Correct","Correct","Correct","Correct"
"13",8,"7_8_stimuli","8_7","Incongruent","Congruent","Congruent","Congruent",15.999853,16.199861,"7&",0.6364,"Correct","Correct","Correct","Correct"
"13",9,"1_2_stimuli","1_2","Incongruent","Incongruent","Congruent","Congruent",17.999846,18.199835,"2@",0.395861,"Correct","Correct","Correct","Correct"
"13",10,"3_4_stimuli","4_3","Incongruent","Incongruent","Incongruent","Congruent",19.999823,20.19981,"3#",0.60413,"Correct","Correct","Correct","Correct"
"13",11,"5_6_stimuli","6_6","Congruent","Incongruent","Incongruent","Incongruent",21.999799,22.199803,"6^",1.00428,"Correct","Correct","Correct","Correct"
"13",12,"7_8_stimuli","7_8","Incongruent","Congruent","Incongruent","Incongruent",23.999789,24.199795,"8*",0.555952,"Correct","Correct","Correct","Correct"
"13",13,"1_2_stimuli","1_1","Congruent","Incongruent","Congruent","Incongruent",25.99977,26.199769,"1!",0.476282,"Correct","Correct","Correct","Correct"
"13",14,"3_4_stimuli","4_3","Incongruent","Congruent","Incongruent","Congruent",27.999759,28.199754,"3#",0.332284,"Correct","Correct","Correct","Correct"
"13",15,"5_6_stimuli","6_5","Incongruent","Incongruent","Congruent","Incongruent",29.999733,30.199732,"5%",0.588188,"Correct","Correct","Correct","Correct"
"13",16,"7_8_stimuli","8_7","Incongruent","Incongruent","Incongruent","Congruent",31.999713,32.199705,"7&",0.52398,"Correct","Correct","Correct","Correct"
"13",17,"1_2_stimuli","2_1","Incongruent","Incongruent","Incongruent","Incongruent",33.999698,34.199702,"1!",0.539925,"Correct","Correct","Correct","Correct"
"13",18,"3_4_stimuli","4_4","Congruent","Incongruent","Incongruent","Incongruent",35.999682,36.199678,"4$",0.668018,"Correct","Correct","Correct","Correct"
"13",19,"5_6_stimuli","5_5","Congruent","Congruent","Incongruent","Incongruent",37.99966,38.199661,"5%",0.620184,"Correct","Correct","Correct","Correct"
"13",20,"7_8_stimuli","7_7","Congruent","Congruent","Congruent","Incongruent",39.99964,40.199644,"7&",0.892339,"Correct","Correct","Correct","Correct"
"13",21,"1_2_stimuli","1_1","Congruent","Congruent","Congruent","Congruent",41.999631,42.199617,"1!",0.412055,"Correct","Correct","Correct","Correct"
"13",22,"3_4_stimuli","3_3","Congruent","Congruent","Congruent","Congruent",43.999608,44.199606,"3#",0.540496,"Correct","Correct","Correct","Correct"
"13",23,"5_6_stimuli","5_6","Incongruent","Congruent","Congruent","Congruent",45.999591,46.199588,"6^",0.764088,"Correct","Correct","Correct","Correct"
"13",24,"7_8_stimuli","8_8","Congruent","Incongruent","Congruent","Congruent",47.999565,48.199568,"8*",0.716195,"Correct","Correct","Correct","Correct"
"13",25,"1_2_stimuli","1_2","Incongruent","Congruent","Incongruent","Congruent",49.999555,50.199552,"2@",0.364151,"Correct","Correct","Correct","Correct"
"13",26,"3_4_stimuli","3_4","Incongruent","Incongruent","Congruent","Incongruent",51.999526,52.199533,"4$",0.460511,"Correct","Correct","Correct","Correct"
"13",27,"5_6_stimuli","5_6","Incongruent","Incongruent","Incongruent","Congruent",53.999516,54.199517,"6^",0.812376,"Correct","Correct","Correct","Correct"
"13",28,"7_8_stimuli","7_8","Incongruent","Incongruent","Incongruent","Incongruent",55.999512,56.199493,"8*",0.60435,"Correct","Correct","Correct","Correct"
"13",29,"1_2_stimuli","2_2","Congruent","Incongruent","Incongruent","Incongruent",57.999477,58.199486,"2@",0.364216,"Correct","Correct","Correct","Correct"
"13",30,"3_4_stimuli","3_4","Incongruent","Congruent","Incongruent","Incongruent",59.999455,60.199464,"4$",0.508541,"Correct","Correct","Correct","Correct"
"13",31,"5_6_stimuli","5_5","Congruent","Incongruent","Congruent","Incongruent",61.999448,62.199438,"5%",0.428578,"Correct","Correct","Correct","Correct"
"13",32,"7_8_stimuli","7_8","Incongruent","Congruent","Incongruent","Congruent",63.999423,64.199433,"8*",0.476567,"Correct","Correct","Correct","Correct"
"13",33,"1_2_stimuli","2_1","Incongruent","Incongruent","Congruent","Incongruent",65.999417,66.199401,"1!",0.460235,"Correct","Correct","Correct","Correct"
"13",34,"3_4_stimuli","3_3","Congruent","Incongruent","Incongruent","Congruent",67.999394,68.199384,"3#",0.492261,"Correct","Correct","Correct","Correct"
"13",35,"5_6_stimuli","6_5","Incongruent","Congruent","Incongruent","Incongruent",69.999371,70.199362,"5%",0.604645,"Correct","Correct","Correct","Correct"
"13",36,"7_8_stimuli","8_8","Congruent","Incongruent","Congruent","Incongruent",71.999345,72.199351,"8*",0.508471,"Correct","Correct","Correct","Correct"
"13",37,"1_2_stimuli","1_1","Congruent","Congruent","Incongruent","Congruent",73.99934,74.199329,"1!",0.444475,"Correct","Correct","Correct","Correct"
"13",38,"3_4_stimuli","4_3","Incongruent","Congruent","Congruent","Incongruent",75.999309,76.199309,"3#",0.412313,"Correct","Correct","Correct","Correct"
"13",39,"5_6_stimuli","6_6","Congruent","Incongruent","Congruent","Congruent",77.999296,78.199291,"6^",0.764314,"Correct","Correct","Correct","Correct"
"13",40,"7_8_stimuli","7_7","Congruent","Congruent","Incongruent","Congruent",79.999285,80.199274,"7&",0.668496,"Correct","Correct","Correct","Correct"
"13",41,"1_2_stimuli","1_2","Incongruent","Congruent","Congruent","Incongruent",81.999273,82.199266,"2@",0.55637,"Correct","Correct","Correct","Correct"
"13",42,"3_4_stimuli","3_4","Incongruent","Incongruent","Congruent","Congruent",83.999243,84.199247,"4$",0.652399,"Correct","Correct","Correct","Correct"
"13",43,"5_6_stimuli","5_5","Congruent","Incongruent","Incongruent","Congruent",85.999234,86.199223,"6^",0.668758,"Error","Correct","Correct","Correct"
"13",44,"7_8_stimuli","8_8","Congruent","Congruent","Incongruent","Incongruent",87.999217,88.19921,"8*",0.525193,"Correct","Error","Correct","Correct"
"13",45,"1_2_stimuli","2_2","Congruent","Congruent","Congruent","Incongruent",89.999184,90.199194,"2@",0.412471,"Correct","Correct","Error","Correct"
"13",46,"3_4_stimuli","3_4","Incongruent","Congruent","Congruent","Congruent",91.999192,92.199165,"4$",0.508471,"Correct","Correct","Correct","Error"
"13",47,"5_6_stimuli","5_6","Incongruent","Incongruent","Congruent","Congruent",93.999162,94.199149,"6^",0.620652,"Correct","Correct","Correct","Correct"
"13",48,"7_8_stimuli","7_7","Congruent","Incongruent","Incongruent","Congruent",95.999132,96.199134,"7&",0.604945,"Correct","Correct","Correct","Correct"
"13",49,"1_2_stimuli","2_2","Congruent","Congruent","Incongruent","Incongruent",97.99912,98.19912,"2@",0.52453,"Correct","Correct","Correct","Correct"
"13",50,"3_4_stimuli","4_4","Congruent","Congruent","Congruent","Incongruent",99.999108,100.199099,"3#",1.276885,"Error","Correct","Correct","Correct"
"13",51,"5_6_stimuli","5_5","Congruent","Congruent","Congruent","Congruent",101.999089,102.199078,"Omission",5000,"Omission","Error","Correct","Correct"
"13",52,"7_8_stimuli","8_8","Congruent","Congruent","Congruent","Congruent",103.999065,104.199069,"8*",0.604959,"Correct","Omission","Error","Correct"
"13",53,"1_2_stimuli","2_1","Incongruent","Congruent","Congruent","Congruent",105.999045,106.19904,"1!",0.492698,"Correct","Correct","Omission","Error"
"13",54,"3_4_stimuli","4_4","Congruent","Incongruent","Congruent","Congruent",107.999025,108.199023,"4$",0.572772,"Correct","Correct","Correct","Omission"
"13",55,"5_6_stimuli","6_6","Congruent","Congruent","Incongruent","Congruent",109.999013,110.199016,"6^",0.620596,"Correct","Correct","Correct","Correct"
"13",56,"7_8_stimuli","8_7","Incongruent","Congruent","Congruent","Incongruent",111.998988,112.198985,"7&",0.493132,"Correct","Correct","Correct","Correct"
"13",57,"1_2_stimuli","2_2","Congruent","Incongruent","Congruent","Congruent",113.998987,114.198981,"2@",0.444606,"Correct","Correct","Correct","Correct"
"13",58,"3_4_stimuli","4_4","Congruent","Congruent","Incongruent","Congruent",115.998962,116.198966,"4$",0.63701,"Correct","Correct","Correct","Correct"
"13",59,"5_6_stimuli","6_5","Incongruent","Congruent","Congruent","Incongruent",117.998941,118.198934,"5%",0.668655,"Correct","Correct","Correct","Correct"
"13",60,"7_8_stimuli","8_7","Incongruent","Incongruent","Congruent","Congruent",119.998916,120.198923,"7&",0.428664,"Correct","Correct","Correct","Correct"
"13",61,"1_2_stimuli","1_2","Incongruent","Incongruent","Incongruent","Congruent",121.998903,122.198898,"2@",0.317114,"Correct","Correct","Correct","Correct"
"13",62,"3_4_stimuli","4_3","Incongruent","Incongruent","Incongruent","Incongruent",123.998889,124.198881,"6^",0.429066,"Error","Correct","Correct","Correct"
"13",63,"5_6_stimuli","5_6","Incongruent","Incongruent","Incongruent","Incongruent",125.998875,126.198865,"6^",0.940952,"Correct","Error","Correct","Correct"
"13",64,"7_8_stimuli","7_7","Congruent","Incongruent","Incongruent","Incongruent",127.998848,128.198849,"7&",0.716949,"Correct","Correct","Error","Correct"
"13",65,"1_2_stimuli","2_1","Incongruent","Congruent","Incongruent","Incongruent",129.998837,130.198838,"1!",0.556748,"Correct","Correct","Correct","Error"
"13",66,"3_4_stimuli","3_3","Congruent","Incongruent","Congruent","Incongruent",131.998811,132.198812,"3#",0.301113,"Correct","Correct","Correct","Correct"
"13",67,"5_6_stimuli","6_5","Incongruent","Congruent","Incongruent","Congruent",133.998799,134.198792,"5%",0.877129,"Correct","Correct","Correct","Correct"
"13",68,"7_8_stimuli","7_8","Incongruent","Incongruent","Congruent","Incongruent",135.998782,136.198774,"8*",0.589189,"Correct","Correct","Correct","Correct"
