"Run.Number","Trial.Number","Task","Stimulus","Current.Trial.Type","Previous.Trial.Type","Previous.Trial.Type.N2","Previous.Trial.Type.N3","StimulusOnsetTime","StimulusOffsetTime","Response","RT","Accuracy","PreviousAccuracy","PreviousAccuracy.N2","Previous.Accuracy.N3"
"practice",1,"1_2_stimuli","2_2","Congruent",NA,NA,NA,1.999983,2.199995,"Omission",5000,"Omission",NA,NA,NA
"practice",2,"3_4_stimuli","4_3","Incongruent","Congruent",NA,NA,3.999982,4.199972,"3#",1.107709,"Correct","Omission",NA,NA
"practice",3,"5_6_stimuli","5_5","Congruent","Incongruent","Congruent",NA,5.999962,6.199954,"5%",0.94778,"Correct","Correct","Omission",NA
"practice",4,"7_8_stimuli","8_8","Congruent","Congruent","Incongruent","Congruent",7.999942,8.199941,"7&",1.187598,"Error","Correct","Correct","Omission"
"practice",5,"1_2_stimuli","1_1","Congruent","Congruent","Congruent","Incongruent",9.999918,10.199926,"1!",0.787753,"Correct","Error","Correct","Correct"
"practice",6,"3_4_stimuli","4_3","Incongruent","Congruent","Congruent","Congruent",11.999911,12.199908,"3#",1.123734,"Correct","Correct","Error","Correct"
"practice",7,"5_6_stimuli","5_5","Congruent","Incongruent","Congruent","Congruent",13.999901,14.199895,"5%",0.91592,"Correct","Correct","Correct","Error"
"practice",8,"7_8_stimuli","8_7","Incongruent","Congruent","Incongruent","Congruent",15.999871,16.199883,"7&",0.947724,"Correct","Correct","Correct","Correct"
"practice",9,"1_2_stimuli","1_1","Congruent","Incongruent","Congruent","Incongruent",17.999866,18.19986,"1!",0.643404,"Correct","Correct","Correct","Correct"
"practice",10,"3_4_stimuli","4_4","Congruent","Congruent","Incongruent","Congruent",19.999857,20.19985,"4$",0.819657,"Correct","Correct","Correct","Correct"
"practice",11,"5_6_stimuli","6_6","Congruent","Congruent","Congruent","Incongruent",21.99983,22.199834,"6^",1.091756,"Correct","Correct","Correct","Correct"
"practice",12,"7_8_stimuli","8_8","Congruent","Congruent","Congruent","Congruent",23.999817,24.199826,"8*",1.251465,"Correct","Correct","Correct","Correct"
"practice",13,"1_2_stimuli","2_2","Congruent","Congruent","Congruent","Congruent",25.999811,26.199803,"2@",0.803852,"Correct","Correct","Correct","Correct"
"practice",14,"3_4_stimuli","4_4","Congruent","Congruent","Congruent","Congruent",27.999778,28.199789,"4$",0.931969,"Correct","Correct","Correct","Correct"
"practice",15,"5_6_stimuli","5_5","Congruent","Congruent","Congruent","Congruent",29.999775,30.199764,"5%",0.7719,"Correct","Correct","Correct","Correct"
"practice",16,"7_8_stimuli","8_7","Incongruent","Congruent","Congruent","Congruent",31.999759,32.199757,"7&",1.235986,"Correct","Correct","Correct","Correct"
"practice",17,"1_2_stimuli","2_2","Congruent","Incongruent","Congruent","Congruent",33.999745,34.199737,"2@",0.579523,"Correct","Correct","Correct","Correct"
"practice",18,"3_4_stimuli","3_4","Incongruent","Congruent","Incongruent","Congruent",35.999722,36.19973,"4$",0.86757,"Correct","Correct","Correct","Correct"
"practice",19,"5_6_stimuli","5_6","Incongruent","Incongruent","Congruent","Incongruent",37.999707,38.199715,"6^",0.81985,"Correct","Correct","Correct","Correct"
"practice",20,"7_8_stimuli","7_7","Congruent","Incongruent","Incongruent","Congruent",39.999701,40.199696,"7&",0.867562,"Correct","Correct","Correct","Correct"
"practice",21,"1_2_stimuli","1_1","Congruent","Congruent","Incongruent","Incongruent",41.999673,42.199681,"1!",0.755864,"Correct","Correct","Correct","Correct"
"practice",22,"3_4_stimuli","4_3","Incongruent","Congruent","Congruent","Incongruent",43.999668,44.199658,"3#",1.012065,"Correct","Correct","Correct","Correct"
"practice",23,"5_6_stimuli","6_5","Incongruent","Incongruent","Congruent","Congruent",45.999648,46.199635,"5%",0.82008,"Correct","Correct","Correct","Correct"
"practice",24,"7_8_stimuli","8_7","Incongruent","Incongruent","Incongruent","Congruent",47.999627,48.19964,"7&",0.772218,"Correct","Correct","Correct","Correct"
"practice",25,"1_2_stimuli","2_2","Congruent","Incongruent","Incongruent","Incongruent",49.999621,50.19962,"2@",0.66015,"Correct","Correct","Correct","Correct"
"practice",26,"3_4_stimuli","4_4","Congruent","Congruent","Incongruent","Incongruent",51.999597,52.19959,"3#",0.675679,"Error","Correct","Correct","Correct"
"practice",27,"5_6_stimuli","5_6","Incongruent","Congruent","Congruent","Incongruent",53.999578,54.199593,"6^",1.092104,"Correct","Error","Correct","Correct"
"practice",28,"7_8_stimuli","7_7","Congruent","Incongruent","Congruent","Congruent",55.999568,56.19956,"7&",0.836244,"Correct","Correct","Error","Correct"
"practice",29,"1_2_stimuli","2_2","Congruent","Congruent","Incongruent","Congruent",57.999546,58.199554,"2@",0.612195,"Correct","Correct","Correct","Error"
"practice",30,"3_4_stimuli","3_3","Congruent","Congruent","Congruent","Incongruent",59.99954,60.199534,"3#",0.788128,"Correct","Correct","Correct","Correct"
"practice",31,"5_6_stimuli","6_5","Incongruent","Congruent","Congruent","Congruent",61.999517,62.199519,"5%",0.819726,"Correct","Correct","Correct","Correct"
"practice",32,"7_8_stimuli","7_8","Incongruent","Incongruent","Congruent","Congruent",63.999509,64.199497,"8*",1.091986,"Correct","Correct","Correct","Correct"
"practice",33,"1_2_stimuli","2_1","Incongruent","Incongruent","Incongruent","Congruent",65.999486,66.199482,"1!",0.915791,"Correct","Correct","Correct","Correct"
"practice",34,"3_4_stimuli","3_3","Congruent","Incongruent","Incongruent","Incongruent",67.999476,68.199465,"3#",0.868205,"Correct","Correct","Correct","Correct"
"practice",35,"5_6_stimuli","6_5","Incongruent","Congruent","Incongruent","Incongruent",69.999451,70.199463,"5%",0.739823,"Correct","Correct","Correct","Correct"
"practice",36,"7_8_stimuli","8_8","Congruent","Incongruent","Congruent","Incongruent",71.999446,72.199442,"8*",1.267832,"Correct","Correct","Correct","Correct"
"practice",37,"1_2_stimuli","2_1","Incongruent","Congruent","Incongruent","Congruent",73.999423,74.199421,"1!",0.707831,"Correct","Correct","Correct","Correct"
"practice",38,"3_4_stimuli","3_4","Incongruent","Incongruent","Congruent","Incongruent",75.999412,76.19941,"4$",1.108237,"Correct","Correct","Correct","Correct"
"practice",39,"5_6_stimuli","6_5","Incongruent","Incongruent","Incongruent","Congruent",77.999405,78.199385,"5%",0.819747,"Correct","Correct","Correct","Correct"
"practice",40,"7_8_stimuli","7_8","Incongruent","Incongruent","Incongruent","Incongruent",79.999373,80.199382,"8*",0.963881,"Correct","Correct","Correct","Correct"
"practice",41,"1_2_stimuli","1_2","Incongruent","Incongruent","Incongruent","Incongruent",81.999356,82.199362,"2@",0.612469,"Correct","Correct","Correct","Correct"
"practice",42,"3_4_stimuli","3_4","Incongruent","Incongruent","Incongruent","Incongruent",83.999345,84.199353,"4$",0.724504,"Correct","Correct","Correct","Correct"
"practice",43,"5_6_stimuli","5_6","Incongruent","Incongruent","Incongruent","Incongruent",85.999326,86.199323,"7&",0.755982,"Error","Correct","Correct","Correct"
"practice",44,"7_8_stimuli","7_7","Congruent","Incongruent","Incongruent","Incongruent",87.999319,88.19932,"7&",0.516326,"Correct","Error","Correct","Correct"
"practice",45,"1_2_stimuli","1_2","Incongruent","Congruent","Incongruent","Incongruent",89.999305,90.199304,"2@",0.515967,"Correct","Correct","Error","Correct"
"practice",46,"3_4_stimuli","3_3","Congruent","Incongruent","Congruent","Incongruent",91.999278,92.199281,"3#",0.755959,"Correct","Correct","Correct","Error"
"practice",47,"5_6_stimuli","5_5","Congruent","Congruent","Incongruent","Congruent",93.999264,94.199268,"5%",1.076281,"Correct","Correct","Correct","Correct"
"practice",48,"7_8_stimuli","8_7","Incongruent","Congruent","Congruent","Incongruent",95.999256,96.199247,"7&",0.836337,"Correct","Correct","Correct","Correct"
"practice",49,"1_2_stimuli","2_1","Incongruent","Incongruent","Congruent","Congruent",97.999233,98.19924,"1!",0.676588,"Correct","Correct","Correct","Correct"
"practice",50,"3_4_stimuli","4_3","Incongruent","Incongruent","Incongruent","Congruent",99.999223,100.199225,"3#",0.80448,"Correct","Correct","Correct","Correct"
"practice",51,"5_6_stimuli","6_6","Congruent","Incongruent","Incongruent","Incongruent",101.999206,102.199199,"6^",0.900392,"Correct","Correct","Correct","Correct"
"practice",52,"7_8_stimuli","7_8","Incongruent","Congruent","Incongruent","Incongruent",103.999184,104.199192,"8*",0.90054,"Correct","Correct","Correct","Correct"
"practice",53,"1_2_stimuli","1_2","Incongruent","Incongruent","Congruent","Incongruent",105.999172,106.199175,"2@",0.660123,"Correct","Correct","Correct","Correct"
"practice",54,"3_4_stimuli","4_4","Congruent","Incongruent","Incongruent","Congruent",107.999164,108.199164,"4$",0.804556,"Correct","Correct","Correct","Correct"
"practice",55,"5_6_stimuli","6_6","Congruent","Congruent","Incongruent","Incongruent",109.999135,110.199139,"6^",1.220523,"Correct","Correct","Correct","Correct"
"practice",56,"7_8_stimuli","7_7","Congruent","Congruent","Congruent","Incongruent",111.999121,112.199133,"7&",1.140596,"Correct","Correct","Correct","Correct"
"practice",57,"1_2_stimuli","1_2","Incongruent","Congruent","Congruent","Congruent",113.999117,114.199103,"2@",0.756224,"Correct","Correct","Correct","Correct"
"practice",58,"3_4_stimuli","3_3","Congruent","Incongruent","Congruent","Congruent",115.999087,116.19909,"3#",0.580676,"Correct","Correct","Correct","Correct"
"practice",59,"5_6_stimuli","5_6","Incongruent","Congruent","Incongruent","Congruent",117.999072,118.199078,"6^",0.772718,"Correct","Correct","Correct","Correct"
"practice",60,"7_8_stimuli","7_8","Incongruent","Incongruent","Congruent","Incongruent",119.999071,120.199058,"8*",1.06062,"Correct","Correct","Correct","Correct"
"practice",61,"1_2_stimuli","1_1","Congruent","Incongruent","Incongruent","Congruent",121.999043,122.199048,"1!",0.580233,"Correct","Correct","Correct","Correct"
"practice",62,"3_4_stimuli","4_3","Incongruent","Congruent","Incongruent","Incongruent",123.999034,124.199027,"3#",1.012276,"Correct","Correct","Correct","Correct"
"practice",63,"5_6_stimuli","5_5","Congruent","Incongruent","Congruent","Incongruent",125.999017,126.199011,"6^",0.836643,"Error","Correct","Correct","Correct"
"practice",64,"7_8_stimuli","8_8","Congruent","Congruent","Incongruent","Congruent",127.999,128.199011,"8*",0.884714,"Correct","Error","Correct","Correct"
"practice",65,"1_2_stimuli","2_1","Incongruent","Congruent","Congruent","Incongruent",129.998991,130.198986,"1!",0.820581,"Correct","Correct","Error","Correct"
"practice",66,"3_4_stimuli","3_4","Incongruent","Incongruent","Congruent","Congruent",131.998973,132.198966,"4$",0.964263,"Correct","Correct","Correct","Error"
"practice",67,"5_6_stimuli","6_6","Congruent","Incongruent","Incongruent","Congruent",133.99895,134.198946,"6^",0.980364,"Correct","Correct","Correct","Correct"
"practice",68,"7_8_stimuli","8_8","Congruent","Congruent","Incongruent","Incongruent",135.998936,136.198946,"8*",1.316845,"Correct","Correct","Correct","Correct"
"1",1,"1_2_stimuli","2_2","Congruent",NA,NA,NA,1.999992,2.199986,"2@",0.641737,"Correct",NA,NA,NA
"1",2,"3_4_stimuli","3_4","Incongruent","Congruent",NA,NA,3.99997,4.199965,"4$",0.753626,"Correct","Correct",NA,NA
"1",3,"5_6_stimuli","6_6","Congruent","Incongruent","Congruent",NA,5.999948,6.199964,"6^",0.785935,"Correct","Correct","Correct",NA
"1",4,"7_8_stimuli","7_7","Congruent","Congruent","Incongruent","Congruent",7.999938,8.199935,"7&",0.833583,"Correct","Correct","Correct","Correct"
"1",5,"1_2_stimuli","1_1","Congruent","Congruent","Congruent","Incongruent",9.999944,10.199926,"1!",0.673698,"Correct","Correct","Correct","Correct"
"1",6,"3_4_stimuli","3_4","Incongruent","Congruent","Congruent","Congruent",11.999919,12.199906,"4$",0.785421,"Correct","Correct","Correct","Correct"
"1",7,"5_6_stimuli","5_5","Congruent","Incongruent","Congruent","Congruent",13.999903,14.199887,"5%",0.737278,"Correct","Correct","Correct","Correct"
"1",8,"7_8_stimuli","7_8","Incongruent","Congruent","Incongruent","Congruent",15.999878,16.199879,"8*",0.945274,"Correct","Correct","Correct","Correct"
"1",9,"1_2_stimuli","2_2","Congruent","Incongruent","Congruent","Incongruent",17.999857,18.199868,"2@",0.689807,"Correct","Correct","Correct","Correct"
"1",10,"3_4_stimuli","4_4","Congruent","Congruent","Incongruent","Congruent",19.999842,20.199849,"4$",0.833874,"Correct","Correct","Correct","Correct"
"1",11,"5_6_stimuli","6_5","Incongruent","Congruent","Congruent","Incongruent",21.999836,22.199836,"5%",0.673307,"Correct","Correct","Correct","Correct"
"1",12,"7_8_stimuli","7_7","Congruent","Incongruent","Congruent","Congruent",23.99981,24.199833,"7&",0.770488,"Correct","Correct","Correct","Correct"
"1",13,"1_2_stimuli","1_2","Incongruent","Congruent","Incongruent","Congruent",25.9998,26.199808,"2@",0.673876,"Correct","Correct","Correct","Correct"
"1",14,"3_4_stimuli","3_3","Congruent","Incongruent","Congruent","Incongruent",27.999777,28.199786,"3#",0.674152,"Correct","Correct","Correct","Correct"
"1",15,"5_6_stimuli","5_5","Congruent","Congruent","Incongruent","Congruent",29.999778,30.19977,"5%",0.722051,"Correct","Correct","Correct","Correct"
"1",16,"7_8_stimuli","7_8","Incongruent","Congruent","Congruent","Incongruent",31.999746,32.199755,"7&",0.769871,"Error","Correct","Correct","Correct"
"1",17,"1_2_stimuli","2_2","Congruent","Incongruent","Congruent","Congruent",33.999738,34.199741,"2@",0.705922,"Correct","Error","Correct","Correct"
"1",18,"3_4_stimuli","3_4","Incongruent","Congruent","Incongruent","Congruent",35.999731,36.199727,"4$",0.737918,"Correct","Correct","Error","Correct"
"1",19,"5_6_stimuli","6_5","Incongruent","Incongruent","Congruent","Incongruent",37.99971,38.1997,"5%",0.737486,"Correct","Correct","Correct","Error"
"1",20,"7_8_stimuli","8_8","Congruent","Incongruent","Incongruent","Congruent",39.999702,40.199684,"8*",0.977779,"Correct","Correct","Correct","Correct"
"1",21,"1_2_stimuli","2_1","Incongruent","Congruent","Incongruent","Incongruent",41.999672,42.199683,"1!",0.594443,"Correct","Correct","Correct","Correct"
"1",22,"3_4_stimuli","4_3","Incongruent","Incongruent","Congruent","Incongruent",43.999659,44.199659,"3#",0.770494,"Correct","Correct","Correct","Correct"
"1",23,"5_6_stimuli","6_6","Congruent","Incongruent","Incongruent","Congruent",45.999648,46.199642,"6^",0.753517,"Correct","Correct","Correct","Correct"
"1",24,"7_8_stimuli","7_7","Congruent","Congruent","Incongruent","Incongruent",47.999637,48.199627,"7&",0.786392,"Correct","Correct","Correct","Correct"
"1",25,"1_2_stimuli","2_1","Incongruent","Congruent","Congruent","Incongruent",49.99961,50.199616,"1!",0.562049,"Correct","Correct","Correct","Correct"
"1",26,"3_4_stimuli","4_3","Incongruent","Incongruent","Congruent","Congruent",51.999595,52.199598,"3#",0.721969,"Correct","Correct","Correct","Correct"
"1",27,"5_6_stimuli","5_6","Incongruent","Incongruent","Incongruent","Congruent",53.999583,54.199587,"6^",0.833591,"Correct","Correct","Correct","Correct"
"1",28,"7_8_stimuli","7_7","Congruent","Incongruent","Incongruent","Incongruent",55.999568,56.199571,"7&",1.185749,"Correct","Correct","Correct","Correct"
"1",29,"1_2_stimuli","1_1","Congruent","Congruent","Incongruent","Incongruent",57.999552,58.199543,"1!",0.497633,"Correct","Correct","Correct","Correct"
"1",30,"3_4_stimuli","3_3","Congruent","Congruent","Congruent","Incongruent",59.999541,60.199539,"3#",0.674214,"Correct","Correct","Correct","Correct"
"1",31,"5_6_stimuli","6_6","Congruent","Congruent","Congruent","Congruent",61.999521,62.199518,"6^",0.78568,"Correct","Correct","Correct","Correct"
"1",32,"7_8_stimuli","8_8","Congruent","Congruent","Congruent","Congruent",63.999504,64.199506,"8*",0.801663,"Correct","Correct","Correct","Correct"
"1",33,"1_2_stimuli","1_2","Incongruent","Congruent","Congruent","Congruent",65.999491,66.199493,"2@",0.577635,"Correct","Correct","Correct","Correct"
"1",34,"3_4_stimuli","4_4","Congruent","Incongruent","Congruent","Congruent",67.999478,68.19947,"4$",0.850284,"Correct","Correct","Correct","Correct"
"1",35,"5_6_stimuli","5_6","Incongruent","Congruent","Incongruent","Congruent",69.999461,70.199456,"6^",0.770913,"Correct","Correct","Correct","Correct"
"1",36,"7_8_stimuli","8_8","Congruent","Incongruent","Congruent","Incongruent",71.999434,72.199432,"8*",0.977795,"Correct","Correct","Correct","Correct"
"1",37,"1_2_stimuli","1_1","Congruent","Congruent","Incongruent","Congruent",73.999423,74.199426,"1!",0.465788,"Correct","Correct","Correct","Correct"
"1",38,"3_4_stimuli","3_4","Incongruent","Congruent","Congruent","Incongruent",75.99941,76.199402,"4$",0.866397,"Correct","Correct","Correct","Correct"
"1",39,"5_6_stimuli","6_5","Incongruent","Incongruent","Congruent","Congruent",77.999397,78.199382,"6^",0.962425,"Error","Correct","Correct","Correct"
"1",40,"7_8_stimuli","8_7","Incongruent","Incongruent","Incongruent","Congruent",79.999381,80.199373,"7&",1.217835,"Correct","Error","Correct","Correct"
"1",41,"1_2_stimuli","1_2","Incongruent","Incongruent","Incongruent","Incongruent",81.999363,82.199352,"2@",0.770151,"Correct","Correct","Error","Correct"
"1",42,"3_4_stimuli","4_3","Incongruent","Incongruent","Incongruent","Incongruent",83.999345,84.199349,"3#",0.833831,"Correct","Correct","Correct","Error"
"1",43,"5_6_stimuli","6_6","Congruent","Incongruent","Incongruent","Incongruent",85.999337,86.199329,"6^",1.105886,"Correct","Correct","Correct","Correct"
"1",44,"7_8_stimuli","7_8","Incongruent","Congruent","Incongruent","Incongruent",87.999316,88.199299,"8*",0.898547,"Correct","Correct","Correct","Correct"
"1",45,"1_2_stimuli","2_1","Incongruent","Incongruent","Congruent","Incongruent",89.999308,90.199288,"1!",0.530575,"Correct","Correct","Correct","Correct"
"1",46,"3_4_stimuli","3_3","Congruent","Incongruent","Incongruent","Congruent",91.999277,92.199288,"3#",0.690384,"Correct","Correct","Correct","Correct"
"1",47,"5_6_stimuli","5_5","Congruent","Congruent","Incongruent","Incongruent",93.999264,94.199269,"5%",0.770493,"Correct","Correct","Correct","Correct"
"1",48,"7_8_stimuli","7_7","Congruent","Congruent","Congruent","Incongruent",95.999244,96.199254,"7&",0.946597,"Correct","Correct","Correct","Correct"
"1",49,"1_2_stimuli","1_1","Congruent","Congruent","Congruent","Congruent",97.999239,98.199231,"1!",0.577927,"Correct","Correct","Correct","Correct"
"1",50,"3_4_stimuli","3_3","Congruent","Congruent","Congruent","Congruent",99.999216,100.199216,"3#",0.786003,"Correct","Correct","Correct","Correct"
"1",51,"5_6_stimuli","6_5","Incongruent","Congruent","Congruent","Congruent",101.999199,102.1992,"5%",0.738265,"Correct","Correct","Correct","Correct"
"1",52,"7_8_stimuli","7_8","Incongruent","Incongruent","Congruent","Congruent",103.999191,104.199187,"8*",0.818036,"Correct","Correct","Correct","Correct"
"1",53,"1_2_stimuli","2_1","Incongruent","Incongruent","Incongruent","Congruent",105.999169,106.199172,"1!",0.546074,"Correct","Correct","Correct","Correct"
"1",54,"3_4_stimuli","4_4","Congruent","Incongruent","Incongruent","Incongruent",107.99915,108.19915,"4$",0.802072,"Correct","Correct","Correct","Correct"
"1",55,"5_6_stimuli","5_6","Incongruent","Congruent","Incongruent","Incongruent",109.999134,110.199147,"6^",0.834815,"Correct","Correct","Correct","Correct"
"1",56,"7_8_stimuli","8_7","Incongruent","Incongruent","Congruent","Incongruent",111.999127,112.199115,"7&",0.866553,"Correct","Correct","Correct","Correct"
"1",57,"1_2_stimuli","2_2","Congruent","Incongruent","Incongruent","Congruent",113.99911,114.199107,"2@",0.770711,"Correct","Correct","Correct","Correct"
"1",58,"3_4_stimuli","4_4","Congruent","Congruent","Incongruent","Incongruent",115.999088,116.199093,"4$",0.914488,"Correct","Correct","Correct","Correct"
"1",59,"5_6_stimuli","5_5","Congruent","Congruent","Congruent","Incongruent",117.999083,118.199074,"5%",0.498114,"Correct","Correct","Correct","Correct"
"1",60,"7_8_stimuli","8_7","Incongruent","Congruent","Congruent","Congruent",119.999058,120.199062,"7&",0.882391,"Correct","Correct","Correct","Correct"
"1",61,"1_2_stimuli","1_2","Incongruent","Incongruent","Congruent","Congruent",121.999052,122.199042,"2@",0.690777,"Correct","Correct","Correct","Correct"
"1",62,"3_4_stimuli","3_4","Incongruent","Incongruent","Incongruent","Congruent",123.999029,124.199036,"4$",0.722165,"Correct","Correct","Correct","Correct"
"1",63,"5_6_stimuli","5_6","Incongruent","Incongruent","Incongruent","Incongruent",125.99902,126.199007,"6^",0.690677,"Correct","Correct","Correct","Correct"
"1",64,"7_8_stimuli","8_7","Incongruent","Incongruent","Incongruent","Incongruent",127.998995,128.198991,"7&",0.706619,"Correct","Correct","Correct","Correct"
"1",65,"1_2_stimuli","2_2","Congruent","Incongruent","Incongruent","Incongruent",129.998982,130.199003,"2@",0.498391,"Correct","Correct","Correct","Correct"
"1",66,"3_4_stimuli","4_3","Incongruent","Congruent","Incongruent","Incongruent",131.998973,132.198969,"3#",0.498569,"Correct","Correct","Correct","Correct"
"1",67,"5_6_stimuli","6_6","Congruent","Incongruent","Congruent","Incongruent",133.998954,134.198952,"6^",0.62627,"Correct","Correct","Correct","Correct"
"1",68,"7_8_stimuli","8_8","Congruent","Congruent","Incongruent","Congruent",135.998938,136.198939,"7&",0.643163,"Error","Correct","Correct","Correct"
"2",1,"1_2_stimuli","1_1","Congruent",NA,NA,NA,1.999984,2.199986,"1!",0.686525,"Correct",NA,NA,NA
"2",2,"3_4_stimuli","4_4","Congruent","Congruent",NA,NA,3.999962,4.199967,"4$",0.686954,"Correct","Correct",NA,NA
"2",3,"5_6_stimuli","6_6","Congruent","Congruent","Congruent",NA,5.999947,6.199955,"6^",0.719047,"Correct","Correct","Correct",NA
"2",4,"7_8_stimuli","7_7","Congruent","Congruent","Congruent","Congruent",7.999942,8.199941,"7&",1.071059,"Correct","Correct","Correct","Correct"
"2",5,"1_2_stimuli","2_2","Congruent","Congruent","Congruent","Congruent",9.999918,10.199919,"2@",0.575161,"Correct","Correct","Correct","Correct"
"2",6,"3_4_stimuli","4_4","Congruent","Congruent","Congruent","Congruent",11.999904,12.199905,"4$",0.910987,"Correct","Correct","Correct","Correct"
"2",7,"5_6_stimuli","5_5","Congruent","Congruent","Congruent","Congruent",13.99989,14.199887,"5%",0.654627,"Correct","Correct","Correct","Correct"
"2",8,"7_8_stimuli","7_8","Incongruent","Congruent","Congruent","Congruent",15.999882,16.199875,"Omission",5000,"Omission","Correct","Correct","Correct"
"2",9,"1_2_stimuli","1_1","Congruent","Incongruent","Congruent","Congruent",17.999854,18.199867,"1!",0.63862,"Correct","Omission","Correct","Correct"
"2",10,"3_4_stimuli","4_3","Incongruent","Congruent","Incongruent","Congruent",19.999844,20.199842,"3#",0.87892,"Correct","Correct","Omission","Correct"
"2",11,"5_6_stimuli","5_5","Congruent","Incongruent","Congruent","Incongruent",21.999824,22.199828,"5%",0.8633,"Correct","Correct","Correct","Omission"
"2",12,"7_8_stimuli","8_8","Congruent","Congruent","Incongruent","Congruent",23.999815,24.199812,"8*",1.038964,"Correct","Correct","Correct","Correct"
"2",13,"1_2_stimuli","2_2","Congruent","Congruent","Congruent","Incongruent",25.999794,26.199793,"2@",0.559236,"Correct","Correct","Correct","Correct"
"2",14,"3_4_stimuli","3_4","Incongruent","Congruent","Congruent","Congruent",27.999778,28.199775,"4$",0.719119,"Correct","Correct","Correct","Correct"
"2",15,"5_6_stimuli","5_5","Congruent","Incongruent","Congruent","Congruent",29.999774,30.199766,"5%",0.559328,"Correct","Correct","Correct","Correct"
"2",16,"7_8_stimuli","8_7","Incongruent","Congruent","Incongruent","Congruent",31.999741,32.199748,"7&",0.927097,"Correct","Correct","Correct","Correct"
"2",17,"1_2_stimuli","1_2","Incongruent","Incongruent","Congruent","Incongruent",33.999734,34.199738,"2@",0.575416,"Correct","Correct","Correct","Correct"
"2",18,"3_4_stimuli","4_4","Congruent","Incongruent","Incongruent","Congruent",35.999719,36.199727,"4$",0.927207,"Correct","Correct","Correct","Correct"
"2",19,"5_6_stimuli","6_6","Congruent","Congruent","Incongruent","Incongruent",37.999698,38.199703,"6^",0.782858,"Correct","Correct","Correct","Correct"
"2",20,"7_8_stimuli","7_8","Incongruent","Congruent","Congruent","Incongruent",39.999687,40.199682,"8*",0.942832,"Correct","Correct","Correct","Correct"
"2",21,"1_2_stimuli","1_2","Incongruent","Incongruent","Congruent","Congruent",41.999679,42.199664,"2@",0.463284,"Correct","Correct","Correct","Correct"
"2",22,"3_4_stimuli","3_4","Incongruent","Incongruent","Incongruent","Congruent",43.999659,44.199652,"4$",0.78311,"Correct","Correct","Correct","Correct"
"2",23,"5_6_stimuli","6_6","Congruent","Incongruent","Incongruent","Incongruent",45.999641,46.199647,"6^",0.798847,"Correct","Correct","Correct","Correct"
"2",24,"7_8_stimuli","8_8","Congruent","Congruent","Incongruent","Incongruent",47.999632,48.199625,"8*",0.862997,"Correct","Correct","Correct","Correct"
"2",25,"1_2_stimuli","2_1","Incongruent","Congruent","Congruent","Incongruent",49.999611,50.199607,"1!",0.591389,"Correct","Correct","Correct","Correct"
"2",26,"3_4_stimuli","3_3","Congruent","Incongruent","Congruent","Congruent",51.999602,52.199591,"3#",0.783687,"Correct","Correct","Correct","Correct"
"2",27,"5_6_stimuli","6_5","Incongruent","Congruent","Incongruent","Congruent",53.999581,54.199579,"5%",0.782961,"Correct","Correct","Correct","Correct"
"2",28,"7_8_stimuli","7_7","Congruent","Incongruent","Congruent","Incongruent",55.999568,56.199569,"7&",0.71951,"Correct","Correct","Correct","Correct"
"2",29,"1_2_stimuli","2_2","Congruent","Congruent","Incongruent","Congruent",57.999556,58.199546,"2@",0.46298,"Correct","Correct","Correct","Correct"
"2",30,"3_4_stimuli","4_3","Incongruent","Congruent","Congruent","Incongruent",59.999535,60.199534,"3#",0.606976,"Correct","Correct","Correct","Correct"
"2",31,"5_6_stimuli","6_5","Incongruent","Incongruent","Congruent","Congruent",61.999516,62.199514,"5%",0.687003,"Correct","Correct","Correct","Correct"
"2",32,"7_8_stimuli","8_7","Incongruent","Incongruent","Incongruent","Congruent",63.999497,64.199502,"7&",0.799026,"Correct","Correct","Correct","Correct"
"2",33,"1_2_stimuli","2_1","Incongruent","Incongruent","Incongruent","Incongruent",65.999489,66.199479,"1!",0.671034,"Correct","Correct","Correct","Correct"
"2",34,"3_4_stimuli","3_3","Congruent","Incongruent","Incongruent","Incongruent",67.999467,68.199469,"3#",0.591151,"Correct","Correct","Correct","Correct"
"2",35,"5_6_stimuli","6_5","Incongruent","Congruent","Incongruent","Incongruent",69.999443,70.199452,"5%",0.719103,"Correct","Correct","Correct","Correct"
"2",36,"7_8_stimuli","8_7","Incongruent","Incongruent","Congruent","Incongruent",71.99944,72.199436,"7&",0.783149,"Correct","Correct","Correct","Correct"
"2",37,"1_2_stimuli","1_1","Congruent","Incongruent","Incongruent","Congruent",73.999417,74.199421,"1!",0.447757,"Correct","Correct","Correct","Correct"
"2",38,"3_4_stimuli","3_4","Incongruent","Congruent","Incongruent","Incongruent",75.999399,76.199396,"4$",0.911152,"Correct","Correct","Correct","Correct"
"2",39,"5_6_stimuli","5_6","Incongruent","Incongruent","Congruent","Incongruent",77.999398,78.199391,"6^",0.735786,"Correct","Correct","Correct","Correct"
"2",40,"7_8_stimuli","7_7","Congruent","Incongruent","Incongruent","Congruent",79.999372,80.199367,"7&",0.655547,"Correct","Correct","Correct","Correct"
"2",41,"1_2_stimuli","2_2","Congruent","Congruent","Incongruent","Incongruent",81.99936,82.199351,"2@",0.495201,"Correct","Correct","Correct","Correct"
"2",42,"3_4_stimuli","4_4","Congruent","Congruent","Congruent","Incongruent",83.999341,84.199335,"4$",0.863702,"Correct","Correct","Correct","Correct"
"2",43,"5_6_stimuli","5_6","Incongruent","Congruent","Congruent","Congruent",85.999326,86.199323,"6^",0.719692,"Correct","Correct","Correct","Correct"
"2",44,"7_8_stimuli","7_7","Congruent","Incongruent","Congruent","Congruent",87.999317,88.199303,"7&",0.60821,"Correct","Correct","Correct","Correct"
"2",45,"1_2_stimuli","2_1","Incongruent","Congruent","Incongruent","Congruent",89.999291,90.199298,"1!",0.607414,"Correct","Correct","Correct","Correct"
"2",46,"3_4_stimuli","3_3","Congruent","Incongruent","Congruent","Incongruent",91.999282,92.199282,"3#",0.767655,"Correct","Correct","Correct","Correct"
"2",47,"5_6_stimuli","6_6","Congruent","Congruent","Incongruent","Congruent",93.99926,94.199269,"6^",0.703273,"Correct","Correct","Correct","Correct"
"2",48,"7_8_stimuli","7_7","Congruent","Congruent","Congruent","Incongruent",95.999247,96.19924,"7&",0.751329,"Correct","Correct","Correct","Correct"
"2",49,"1_2_stimuli","2_1","Incongruent","Congruent","Congruent","Congruent",97.999241,98.199225,"1!",0.655322,"Correct","Correct","Correct","Correct"
"2",50,"3_4_stimuli","4_3","Incongruent","Incongruent","Congruent","Congruent",99.999227,100.19921,"4$",0.8159,"Error","Correct","Correct","Correct"
"2",51,"5_6_stimuli","6_6","Congruent","Incongruent","Incongruent","Congruent",101.999202,102.199198,"Omission",5000,"Omission","Error","Correct","Correct"
"2",52,"7_8_stimuli","7_8","Incongruent","Congruent","Incongruent","Incongruent",103.99918,104.199182,"8*",1.311931,"Correct","Omission","Error","Correct"
"2",53,"1_2_stimuli","1_1","Congruent","Incongruent","Congruent","Incongruent",105.999163,106.199166,"1!",0.671388,"Correct","Correct","Omission","Error"
"2",54,"3_4_stimuli","4_4","Congruent","Congruent","Incongruent","Congruent",107.999148,108.199155,"4$",0.783491,"Correct","Correct","Correct","Omission"
"2",55,"5_6_stimuli","6_5","Incongruent","Congruent","Congruent","Incongruent",109.999141,110.199141,"5%",0.992041,"Correct","Correct","Correct","Correct"
"2",56,"7_8_stimuli","7_8","Incongruent","Incongruent","Congruent","Congruent",111.999132,112.199123,"7&",0.767448,"Error","Correct","Correct","Correct"
"2",57,"1_2_stimuli","1_2","Incongruent","Incongruent","Incongruent","Congruent",113.999101,114.199114,"2@",0.767973,"Correct","Error","Correct","Correct"
"2",58,"3_4_stimuli","3_4","Incongruent","Incongruent","Incongruent","Incongruent",115.999096,116.199083,"4$",0.863395,"Correct","Correct","Error","Correct"
"2",59,"5_6_stimuli","5_6","Incongruent","Incongruent","Incongruent","Incongruent",117.999068,118.199073,"6^",0.719922,"Correct","Correct","Correct","Error"
"2",60,"7_8_stimuli","8_8","Congruent","Incongruent","Incongruent","Incongruent",119.999065,120.199064,"8*",0.815515,"Correct","Correct","Correct","Correct"
"2",61,"1_2_stimuli","1_2","Incongruent","Congruent","Incongruent","Incongruent",121.999043,122.199044,"2@",0.511551,"Correct","Correct","Correct","Correct"
"2",62,"3_4_stimuli","4_3","Incongruent","Incongruent","Congruent","Incongruent",123.999024,124.19902,"4$",0.703708,"Error","Correct","Correct","Correct"
"2",63,"5_6_stimuli","5_6","Incongruent","Incongruent","Incongruent","Congruent",125.999011,126.199016,"6^",0.831536,"Correct","Error","Correct","Correct"
"2",64,"7_8_stimuli","8_7","Incongruent","Incongruent","Incongruent","Incongruent",127.998998,128.199003,"7&",0.751888,"Correct","Correct","Error","Correct"
"2",65,"1_2_stimuli","1_1","Congruent","Incongruent","Incongruent","Incongruent",129.99898,130.198984,"1!",0.544129,"Correct","Correct","Correct","Error"
"2",66,"3_4_stimuli","3_3","Congruent","Congruent","Incongruent","Incongruent",131.998972,132.198961,"3#",0.735519,"Correct","Correct","Correct","Correct"
"2",67,"5_6_stimuli","5_5","Congruent","Congruent","Congruent","Incongruent",133.998938,134.198949,"5%",0.943628,"Correct","Correct","Correct","Correct"
"2",68,"7_8_stimuli","8_8","Congruent","Congruent","Congruent","Congruent",135.998939,136.198926,"8*",0.97606,"Correct","Correct","Correct","Correct"
"3",1,"1_2_stimuli","1_1","Congruent",NA,NA,NA,1.99999,2.199998,"1!",0.656461,"Correct",NA,NA,NA
"3",2,"3_4_stimuli","4_3","Incongruent","Congruent",NA,NA,3.999977,4.199982,"3#",0.720417,"Correct","Correct",NA,NA
"3",3,"5_6_stimuli","5_5","Congruent","Incongruent","Congruent",NA,5.999958,6.199958,"5%",0.864522,"Correct","Correct","Correct",NA
"3",4,"7_8_stimuli","7_7","Congruent","Congruent","Incongruent","Congruent",7.999955,8.199948,"7&",0.752056,"Correct","Correct","Correct","Correct"
"3",5,"1_2_stimuli","1_1","Congruent","Congruent","Congruent","Incongruent",9.999937,10.199932,"1!",0.576493,"Correct","Correct","Correct","Correct"
"3",6,"3_4_stimuli","4_3","Incongruent","Congruent","Congruent","Congruent",11.999911,12.199914,"3#",0.68865,"Correct","Correct","Correct","Correct"
"3",7,"5_6_stimuli","5_5","Congruent","Incongruent","Congruent","Congruent",13.999894,14.199903,"5%",0.72025,"Correct","Correct","Correct","Correct"
"3",8,"7_8_stimuli","8_7","Incongruent","Congruent","Incongruent","Congruent",15.999904,16.199883,"7&",0.720021,"Correct","Correct","Correct","Correct"
"3",9,"1_2_stimuli","2_1","Incongruent","Incongruent","Congruent","Incongruent",17.999873,18.199864,"1!",0.592542,"Correct","Correct","Correct","Correct"
"3",10,"3_4_stimuli","4_4","Congruent","Incongruent","Incongruent","Congruent",19.999854,20.199844,"4$",0.704499,"Correct","Correct","Correct","Correct"
"3",11,"5_6_stimuli","5_6","Incongruent","Congruent","Incongruent","Incongruent",21.999839,22.199837,"6^",0.768556,"Correct","Correct","Correct","Correct"
"3",12,"7_8_stimuli","7_7","Congruent","Incongruent","Congruent","Incongruent",23.999833,24.199829,"7&",0.752103,"Correct","Correct","Correct","Correct"
"3",13,"1_2_stimuli","2_2","Congruent","Congruent","Incongruent","Congruent",25.999816,26.199812,"2@",0.592158,"Correct","Correct","Correct","Correct"
"3",14,"3_4_stimuli","4_4","Congruent","Congruent","Congruent","Incongruent",27.999788,28.199788,"4$",0.672165,"Correct","Correct","Correct","Correct"
"3",15,"5_6_stimuli","6_5","Incongruent","Congruent","Congruent","Congruent",29.999773,30.19977,"5%",0.560196,"Correct","Correct","Correct","Correct"
"3",16,"7_8_stimuli","7_7","Congruent","Incongruent","Congruent","Congruent",31.999751,32.199755,"7&",0.704136,"Correct","Correct","Correct","Correct"
"3",17,"1_2_stimuli","1_2","Incongruent","Congruent","Incongruent","Congruent",33.999741,34.199748,"2@",0.464211,"Correct","Correct","Correct","Correct"
"3",18,"3_4_stimuli","3_3","Congruent","Incongruent","Congruent","Incongruent",35.999725,36.199736,"3#",0.83271,"Correct","Correct","Correct","Correct"
"3",19,"5_6_stimuli","5_6","Incongruent","Congruent","Incongruent","Congruent",37.999714,38.199708,"6^",0.752747,"Correct","Correct","Correct","Correct"
"3",20,"7_8_stimuli","7_8","Incongruent","Incongruent","Congruent","Incongruent",39.999689,40.199694,"8*",1.05629,"Correct","Correct","Correct","Correct"
"3",21,"1_2_stimuli","1_2","Incongruent","Incongruent","Incongruent","Congruent",41.999686,42.199685,"2@",0.576506,"Correct","Correct","Correct","Correct"
"3",22,"3_4_stimuli","3_4","Incongruent","Incongruent","Incongruent","Incongruent",43.999665,44.199669,"4$",0.912836,"Correct","Correct","Correct","Correct"
"3",23,"5_6_stimuli","6_5","Incongruent","Incongruent","Incongruent","Incongruent",45.99965,46.199655,"5%",0.70472,"Correct","Correct","Correct","Correct"
"3",24,"7_8_stimuli","7_8","Incongruent","Incongruent","Incongruent","Incongruent",47.999625,48.19964,"8*",0.800624,"Correct","Correct","Correct","Correct"
"3",25,"1_2_stimuli","1_2","Incongruent","Incongruent","Incongruent","Incongruent",49.999617,50.199609,"2@",0.59236,"Correct","Correct","Correct","Correct"
"3",26,"3_4_stimuli","4_4","Congruent","Incongruent","Incongruent","Incongruent",51.999592,52.199602,"4$",0.848364,"Correct","Correct","Correct","Correct"
"3",27,"5_6_stimuli","6_6","Congruent","Congruent","Incongruent","Incongruent",53.999586,54.199593,"6^",0.816725,"Correct","Correct","Correct","Correct"
"3",28,"7_8_stimuli","8_7","Incongruent","Congruent","Congruent","Incongruent",55.999564,56.199572,"7&",0.960948,"Correct","Correct","Correct","Correct"
"3",29,"1_2_stimuli","1_1","Congruent","Incongruent","Congruent","Congruent",57.999561,58.19955,"1!",0.624842,"Correct","Correct","Correct","Correct"
"3",30,"3_4_stimuli","3_4","Incongruent","Congruent","Incongruent","Congruent",59.999546,60.199529,"4$",0.929078,"Correct","Correct","Correct","Correct"
"3",31,"5_6_stimuli","6_5","Incongruent","Incongruent","Congruent","Incongruent",61.999523,62.199525,"5%",0.736479,"Correct","Correct","Correct","Correct"
"3",32,"7_8_stimuli","7_7","Congruent","Incongruent","Incongruent","Congruent",63.999504,64.199506,"7&",0.737301,"Correct","Correct","Correct","Correct"
"3",33,"1_2_stimuli","2_1","Incongruent","Congruent","Incongruent","Incongruent",65.999499,66.199483,"1!",0.608492,"Correct","Correct","Correct","Correct"
"3",34,"3_4_stimuli","4_3","Incongruent","Incongruent","Congruent","Incongruent",67.999478,68.199475,"3#",0.688491,"Correct","Correct","Correct","Correct"
"3",35,"5_6_stimuli","6_5","Incongruent","Incongruent","Incongruent","Congruent",69.999466,70.199458,"5%",0.865182,"Correct","Correct","Correct","Correct"
"3",36,"7_8_stimuli","8_8","Congruent","Incongruent","Incongruent","Incongruent",71.999447,72.199446,"8*",0.704606,"Correct","Correct","Correct","Correct"
"3",37,"1_2_stimuli","2_2","Congruent","Congruent","Incongruent","Incongruent",73.999435,74.199419,"2@",0.54518,"Correct","Correct","Correct","Correct"
"3",38,"3_4_stimuli","4_3","Incongruent","Congruent","Congruent","Incongruent",75.999418,76.199405,"3#",0.737478,"Correct","Correct","Correct","Correct"
"3",39,"5_6_stimuli","5_6","Incongruent","Incongruent","Congruent","Congruent",77.999392,78.199392,"6^",0.608654,"Correct","Correct","Correct","Correct"
"3",40,"7_8_stimuli","8_7","Incongruent","Incongruent","Incongruent","Congruent",79.999363,80.19938,"7&",0.705103,"Correct","Correct","Correct","Correct"
"3",41,"1_2_stimuli","1_1","Congruent","Incongruent","Incongruent","Incongruent",81.999357,82.199355,"1!",0.561281,"Correct","Correct","Correct","Correct"
"3",42,"3_4_stimuli","4_3","Incongruent","Congruent","Incongruent","Incongruent",83.999342,84.199345,"3#",0.673198,"Correct","Correct","Correct","Correct"
"3",43,"5_6_stimuli","5_5","Congruent","Incongruent","Congruent","Incongruent",85.999333,86.199335,"5%",0.560621,"Correct","Correct","Correct","Correct"
"3",44,"7_8_stimuli","8_8","Congruent","Congruent","Incongruent","Congruent",87.99931,88.199314,"7&",0.624682,"Error","Correct","Correct","Correct"
"3",45,"1_2_stimuli","2_1","Incongruent","Congruent","Congruent","Incongruent",89.999299,90.199299,"1!",0.576762,"Correct","Error","Correct","Correct"
"3",46,"3_4_stimuli","3_4","Incongruent","Incongruent","Congruent","Congruent",91.999284,92.199288,"4$",0.70528,"Correct","Correct","Error","Correct"
"3",47,"5_6_stimuli","6_6","Congruent","Incongruent","Incongruent","Congruent",93.999278,94.199263,"6^",0.817196,"Correct","Correct","Correct","Error"
"3",48,"7_8_stimuli","8_7","Incongruent","Congruent","Incongruent","Incongruent",95.999252,96.199257,"7&",0.800875,"Correct","Correct","Correct","Correct"
"3",49,"1_2_stimuli","1_1","Congruent","Incongruent","Congruent","Incongruent",97.999239,98.199211,"1!",0.513363,"Correct","Correct","Correct","Correct"
"3",50,"3_4_stimuli","4_4","Congruent","Congruent","Incongruent","Congruent",99.999218,100.199212,"4$",0.945234,"Correct","Correct","Correct","Correct"
"3",51,"5_6_stimuli","5_6","Incongruent","Congruent","Congruent","Incongruent",101.999206,102.1992,"6^",0.689515,"Correct","Correct","Correct","Correct"
"3",52,"7_8_stimuli","7_8","Incongruent","Incongruent","Congruent","Congruent",103.999185,104.199189,"8*",1.28129,"Correct","Correct","Correct","Correct"
"3",53,"1_2_stimuli","2_2","Congruent","Incongruent","Incongruent","Congruent",105.999174,106.199176,"2@",0.561165,"Correct","Correct","Correct","Correct"
"3",54,"3_4_stimuli","3_3","Congruent","Congruent","Incongruent","Incongruent",107.999156,108.19915,"3#",0.736854,"Correct","Correct","Correct","Correct"
"3",55,"5_6_stimuli","5_5","Congruent","Congruent","Congruent","Incongruent",109.999137,110.199141,"5%",0.705047,"Correct","Correct","Correct","Correct"
"3",56,"7_8_stimuli","7_7","Congruent","Congruent","Congruent","Congruent",111.999127,112.199118,"7&",0.737138,"Correct","Correct","Correct","Correct"
"3",57,"1_2_stimuli","1_2","Incongruent","Congruent","Congruent","Congruent",113.999109,114.19911,"2@",0.577527,"Correct","Correct","Correct","Correct"
"3",58,"3_4_stimuli","3_3","Congruent","Incongruent","Congruent","Congruent",115.999091,116.199086,"3#",0.465422,"Correct","Correct","Correct","Correct"
"3",59,"5_6_stimuli","6_6","Congruent","Congruent","Incongruent","Congruent",117.999073,118.199075,"6^",0.816939,"Correct","Correct","Correct","Correct"
"3",60,"7_8_stimuli","8_8","Congruent","Congruent","Congruent","Incongruent",119.999064,120.199054,"8*",0.721287,"Correct","Correct","Correct","Correct"
"3",61,"1_2_stimuli","2_2","Congruent","Congruent","Congruent","Congruent",121.99904,122.199038,"2@",0.385439,"Correct","Correct","Correct","Correct"
"3",62,"3_4_stimuli","3_3","Congruent","Congruent","Congruent","Congruent",123.999022,124.199027,"3#",0.481486,"Correct","Correct","Correct","Correct"
"3",63,"5_6_stimuli","5_5","Congruent","Congruent","Congruent","Congruent",125.999016,126.199012,"5%",0.67349,"Correct","Correct","Correct","Correct"
"3",64,"7_8_stimuli","7_8","Incongruent","Congruent","Congruent","Congruent",127.999003,128.198998,"8*",1.073654,"Correct","Correct","Correct","Correct"
"3",65,"1_2_stimuli","2_1","Incongruent","Incongruent","Congruent","Congruent",129.998976,130.198985,"1!",0.465051,"Correct","Correct","Correct","Correct"
"3",66,"3_4_stimuli","3_4","Incongruent","Incongruent","Incongruent","Congruent",131.998967,132.198961,"4$",0.945388,"Correct","Correct","Correct","Correct"
"3",67,"5_6_stimuli","6_6","Congruent","Incongruent","Incongruent","Incongruent",133.998946,134.198958,"6^",0.721053,"Correct","Correct","Correct","Correct"
"3",68,"7_8_stimuli","8_8","Congruent","Congruent","Incongruent","Incongruent",135.998912,136.198936,"8*",0.945827,"Correct","Correct","Correct","Correct"
"4",1,"1_2_stimuli","1_1","Congruent",NA,NA,NA,1.999965,2.199969,"1!",0.644421,"Correct",NA,NA,NA
"4",2,"3_4_stimuli","4_3","Incongruent","Congruent",NA,NA,3.999947,4.199953,"3#",0.659935,"Correct","Correct",NA,NA
"4",3,"5_6_stimuli","5_5","Congruent","Incongruent","Congruent",NA,5.999933,6.199937,"5%",0.820364,"Correct","Correct","Correct",NA
"4",4,"7_8_stimuli","7_7","Congruent","Congruent","Incongruent","Congruent",7.99992,8.199917,"7&",0.740247,"Correct","Correct","Correct","Correct"
"4",5,"1_2_stimuli","2_2","Congruent","Congruent","Congruent","Incongruent",9.999901,10.199906,"2@",0.468008,"Correct","Correct","Correct","Correct"
"4",6,"3_4_stimuli","4_4","Congruent","Congruent","Congruent","Congruent",11.999885,12.199891,"4$",0.596481,"Correct","Correct","Correct","Correct"
"4",7,"5_6_stimuli","6_6","Congruent","Congruent","Congruent","Congruent",13.999865,14.199872,"6^",0.676473,"Correct","Correct","Correct","Correct"
"4",8,"7_8_stimuli","8_7","Incongruent","Congruent","Congruent","Congruent",15.999852,16.199864,"7&",0.884768,"Correct","Correct","Correct","Correct"
"4",9,"1_2_stimuli","2_1","Incongruent","Incongruent","Congruent","Congruent",17.999832,18.199848,"1!",0.772096,"Correct","Correct","Correct","Correct"
"4",10,"3_4_stimuli","3_4","Incongruent","Incongruent","Incongruent","Congruent",19.999833,20.199822,"4$",0.868107,"Correct","Correct","Correct","Correct"
"4",11,"5_6_stimuli","6_6","Congruent","Incongruent","Incongruent","Incongruent",21.999811,22.199813,"6^",0.868428,"Correct","Correct","Correct","Correct"
"4",12,"7_8_stimuli","7_7","Congruent","Congruent","Incongruent","Incongruent",23.999798,24.199789,"7&",0.452449,"Correct","Correct","Correct","Correct"
"4",13,"1_2_stimuli","1_2","Incongruent","Congruent","Congruent","Incongruent",25.99978,26.199776,"2@",0.388868,"Correct","Correct","Correct","Correct"
"4",14,"3_4_stimuli","4_4","Congruent","Incongruent","Congruent","Congruent",27.999762,28.199759,"4$",0.804165,"Correct","Correct","Correct","Correct"
"4",15,"5_6_stimuli","5_5","Congruent","Congruent","Incongruent","Congruent",29.999756,30.199753,"5%",0.596442,"Correct","Correct","Correct","Correct"
"4",16,"7_8_stimuli","7_8","Incongruent","Congruent","Congruent","Incongruent",31.999733,32.199728,"8*",1.028156,"Correct","Correct","Correct","Correct"
"4",17,"1_2_stimuli","2_2","Congruent","Incongruent","Congruent","Congruent",33.999715,34.199713,"2@",0.548203,"Correct","Correct","Correct","Correct"
"4",18,"3_4_stimuli","4_4","Congruent","Congruent","Incongruent","Congruent",35.999697,36.199705,"5%",0.820747,"Error","Correct","Correct","Correct"
"4",19,"5_6_stimuli","5_5","Congruent","Congruent","Congruent","Incongruent",37.999695,38.199697,"5%",0.676215,"Correct","Error","Correct","Correct"
"4",20,"7_8_stimuli","7_7","Congruent","Congruent","Congruent","Congruent",39.999679,40.199677,"7&",0.868266,"Correct","Correct","Error","Correct"
"4",21,"1_2_stimuli","1_1","Congruent","Congruent","Congruent","Congruent",41.999664,42.199654,"1!",0.580255,"Correct","Correct","Correct","Error"
"4",22,"3_4_stimuli","4_3","Incongruent","Congruent","Congruent","Congruent",43.999645,44.199635,"3#",0.740934,"Correct","Correct","Correct","Correct"
"4",23,"5_6_stimuli","5_6","Incongruent","Incongruent","Congruent","Congruent",45.999622,46.199625,"6^",0.788301,"Correct","Correct","Correct","Correct"
"4",24,"7_8_stimuli","8_7","Incongruent","Incongruent","Incongruent","Congruent",47.999608,48.199609,"7&",0.692538,"Correct","Correct","Correct","Correct"
"4",25,"1_2_stimuli","2_2","Congruent","Incongruent","Incongruent","Incongruent",49.999596,50.199595,"2@",0.484376,"Correct","Correct","Correct","Correct"
"4",26,"3_4_stimuli","3_3","Congruent","Congruent","Incongruent","Incongruent",51.999574,52.199576,"3#",0.932399,"Correct","Correct","Correct","Correct"
"4",27,"5_6_stimuli","6_5","Incongruent","Congruent","Congruent","Incongruent",53.999565,54.19955,"5%",0.628356,"Correct","Correct","Correct","Correct"
"4",28,"7_8_stimuli","7_8","Incongruent","Incongruent","Congruent","Congruent",55.999542,56.199543,"7&",0.772427,"Error","Correct","Correct","Correct"
"4",29,"1_2_stimuli","1_1","Congruent","Incongruent","Incongruent","Congruent",57.999524,58.199518,"1!",0.708391,"Correct","Error","Correct","Correct"
"4",30,"3_4_stimuli","3_4","Incongruent","Congruent","Incongruent","Incongruent",59.999513,60.199518,"4$",0.692404,"Correct","Correct","Error","Correct"
"4",31,"5_6_stimuli","5_6","Incongruent","Incongruent","Congruent","Incongruent",61.9995,62.199486,"6^",0.772432,"Correct","Correct","Correct","Error"
"4",32,"7_8_stimuli","7_7","Congruent","Incongruent","Incongruent","Congruent",63.99948,64.199478,"7&",0.54848,"Correct","Correct","Correct","Correct"
"4",33,"1_2_stimuli","1_1","Congruent","Congruent","Incongruent","Incongruent",65.999476,66.199467,"1!",0.580473,"Correct","Correct","Correct","Correct"
"4",34,"3_4_stimuli","4_4","Congruent","Congruent","Congruent","Incongruent",67.999453,68.199459,"4$",0.94898,"Correct","Correct","Correct","Correct"
"4",35,"5_6_stimuli","5_6","Incongruent","Congruent","Congruent","Congruent",69.999438,70.199431,"6^",0.804513,"Correct","Correct","Correct","Correct"
"4",36,"7_8_stimuli","7_7","Congruent","Incongruent","Congruent","Congruent",71.999418,72.199411,"7&",0.61254,"Correct","Correct","Correct","Correct"
"4",37,"1_2_stimuli","1_2","Incongruent","Congruent","Incongruent","Congruent",73.999395,74.199404,"2@",0.516892,"Correct","Correct","Correct","Correct"
"4",38,"3_4_stimuli","4_3","Incongruent","Incongruent","Congruent","Incongruent",75.999381,76.199393,"3#",0.645268,"Correct","Correct","Correct","Correct"
"4",39,"5_6_stimuli","6_5","Incongruent","Incongruent","Incongruent","Congruent",77.999371,78.199363,"5%",0.741231,"Correct","Correct","Correct","Correct"
"4",40,"7_8_stimuli","8_8","Congruent","Incongruent","Incongruent","Incongruent",79.99936,80.199357,"8*",0.916567,"Correct","Correct","Correct","Correct"
"4",41,"1_2_stimuli","2_1","Incongruent","Congruent","Incongruent","Incongruent",81.999339,82.199342,"1!",0.500638,"Correct","Correct","Correct","Correct"
"4",42,"3_4_stimuli","3_3","Congruent","Incongruent","Congruent","Incongruent",83.999342,84.199331,"3#",0.836963,"Correct","Correct","Correct","Correct"
"4",43,"5_6_stimuli","6_5","Incongruent","Congruent","Incongruent","Congruent",85.999302,86.199305,"5%",0.853295,"Correct","Correct","Correct","Correct"
"4",44,"7_8_stimuli","8_8","Congruent","Incongruent","Congruent","Incongruent",87.999278,88.19929,"8*",0.900675,"Correct","Correct","Correct","Correct"
"4",45,"1_2_stimuli","1_1","Congruent","Congruent","Incongruent","Congruent",89.999282,90.199269,"1!",0.533049,"Correct","Correct","Correct","Correct"
"4",46,"3_4_stimuli","4_3","Incongruent","Congruent","Congruent","Incongruent",91.999263,92.199265,"3#",0.980814,"Correct","Correct","Correct","Correct"
"4",47,"5_6_stimuli","5_5","Congruent","Incongruent","Congruent","Congruent",93.999242,94.199241,"5%",0.932751,"Correct","Correct","Correct","Correct"
"4",48,"7_8_stimuli","8_7","Incongruent","Congruent","Incongruent","Congruent",95.999235,96.19923,"7&",1.349183,"Correct","Correct","Correct","Correct"
"4",49,"1_2_stimuli","2_1","Incongruent","Incongruent","Congruent","Incongruent",97.999214,98.199213,"1!",0.80474,"Correct","Correct","Correct","Correct"
"4",50,"3_4_stimuli","3_3","Congruent","Incongruent","Incongruent","Congruent",99.999198,100.199204,"3#",0.821221,"Correct","Correct","Correct","Correct"
"4",51,"5_6_stimuli","5_6","Incongruent","Congruent","Incongruent","Incongruent",101.999191,102.199183,"6^",0.932801,"Correct","Correct","Correct","Correct"
"4",52,"7_8_stimuli","7_8","Incongruent","Incongruent","Congruent","Incongruent",103.999169,104.199166,"8*",0.821232,"Correct","Correct","Correct","Correct"
"4",53,"1_2_stimuli","1_2","Incongruent","Incongruent","Incongruent","Congruent",105.999151,106.199155,"2@",0.581499,"Correct","Correct","Correct","Correct"
"4",54,"3_4_stimuli","4_3","Incongruent","Incongruent","Incongruent","Incongruent",107.999136,108.199136,"3#",0.501067,"Correct","Correct","Correct","Correct"
"4",55,"5_6_stimuli","6_5","Incongruent","Incongruent","Incongruent","Incongruent",109.999117,110.199117,"5%",1.029449,"Correct","Correct","Correct","Correct"
"4",56,"7_8_stimuli","8_7","Incongruent","Incongruent","Incongruent","Incongruent",111.999109,112.199101,"8*",0.948898,"Error","Correct","Correct","Correct"
"4",57,"1_2_stimuli","2_1","Incongruent","Incongruent","Incongruent","Incongruent",113.999089,114.199083,"1!",0.485361,"Correct","Error","Correct","Correct"
"4",58,"3_4_stimuli","3_3","Congruent","Incongruent","Incongruent","Incongruent",115.999078,116.199076,"3#",0.612927,"Correct","Correct","Error","Correct"
"4",59,"5_6_stimuli","5_5","Congruent","Congruent","Incongruent","Incongruent",117.999059,118.199063,"5%",0.933701,"Correct","Correct","Correct","Error"
"4",60,"7_8_stimuli","8_8","Congruent","Congruent","Congruent","Incongruent",119.999044,120.199043,"8*",0.805144,"Correct","Correct","Correct","Correct"
"4",61,"1_2_stimuli","1_2","Incongruent","Congruent","Congruent","Congruent",121.99903,122.199027,"2@",0.532951,"Correct","Correct","Correct","Correct"
"4",62,"3_4_stimuli","3_4","Incongruent","Incongruent","Congruent","Congruent",123.999012,124.199003,"3#",0.917261,"Error","Correct","Correct","Correct"
"4",63,"5_6_stimuli","6_6","Congruent","Incongruent","Incongruent","Congruent",125.999001,126.198995,"6^",0.82151,"Correct","Error","Correct","Correct"
"4",64,"7_8_stimuli","7_8","Incongruent","Congruent","Incongruent","Incongruent",127.998982,128.19898,"8*",1.444921,"Correct","Correct","Error","Correct"
"4",65,"1_2_stimuli","2_2","Congruent","Incongruent","Congruent","Incongruent",129.998967,130.198959,"2@",0.485493,"Correct","Correct","Correct","Error"
"4",66,"3_4_stimuli","3_4","Incongruent","Congruent","Incongruent","Congruent",131.998943,132.198955,"4$",0.837519,"Correct","Correct","Correct","Correct"
"4",67,"5_6_stimuli","6_6","Congruent","Incongruent","Congruent","Incongruent",133.998957,134.19893,"6^",0.725015,"Correct","Correct","Correct","Correct"
"4",68,"7_8_stimuli","8_8","Congruent","Congruent","Incongruent","Congruent",135.998919,136.198916,"8*",1.157765,"Correct","Correct","Correct","Correct"
"5",1,"1_2_stimuli","2_1","Incongruent",NA,NA,NA,1.999983,2.19998,"2@",0.669046,"Error",NA,NA,NA
"5",2,"3_4_stimuli","4_4","Congruent","Incongruent",NA,NA,3.999977,4.199976,"4$",0.956638,"Correct","Error",NA,NA
"5",3,"5_6_stimuli","5_6","Incongruent","Congruent","Incongruent",NA,5.999951,6.199945,"6^",0.797072,"Correct","Correct","Error",NA
"5",4,"7_8_stimuli","7_7","Congruent","Incongruent","Congruent","Incongruent",7.999946,8.199937,"7&",0.844672,"Correct","Correct","Correct","Error"
"5",5,"1_2_stimuli","2_2","Congruent","Congruent","Incongruent","Congruent",9.999917,10.199917,"2@",0.492737,"Correct","Correct","Correct","Correct"
"5",6,"3_4_stimuli","4_4","Congruent","Congruent","Congruent","Incongruent",11.999903,12.199913,"4$",1.020751,"Correct","Correct","Correct","Correct"
"5",7,"5_6_stimuli","5_5","Congruent","Congruent","Congruent","Congruent",13.999895,14.199889,"5%",0.812705,"Correct","Correct","Correct","Correct"
"5",8,"7_8_stimuli","8_7","Incongruent","Congruent","Congruent","Congruent",15.999872,16.199867,"7&",1.005156,"Correct","Correct","Correct","Correct"
"5",9,"1_2_stimuli","2_1","Incongruent","Incongruent","Congruent","Congruent",17.999859,18.199852,"1!",0.781109,"Correct","Correct","Correct","Correct"
"5",10,"3_4_stimuli","4_4","Congruent","Incongruent","Incongruent","Congruent",19.999839,20.199852,"4$",0.764806,"Correct","Correct","Correct","Correct"
"5",11,"5_6_stimuli","5_6","Incongruent","Congruent","Incongruent","Incongruent",21.999824,22.199819,"6^",0.797113,"Correct","Correct","Correct","Correct"
"5",12,"7_8_stimuli","8_8","Congruent","Incongruent","Congruent","Incongruent",23.999809,24.199811,"8*",1.005336,"Correct","Correct","Correct","Correct"
"5",13,"1_2_stimuli","1_2","Incongruent","Congruent","Incongruent","Congruent",25.999796,26.199798,"2@",0.556853,"Correct","Correct","Correct","Correct"
"5",14,"3_4_stimuli","4_3","Incongruent","Incongruent","Congruent","Incongruent",27.999784,28.199777,"3#",0.74932,"Correct","Correct","Correct","Correct"
"5",15,"5_6_stimuli","6_6","Congruent","Incongruent","Incongruent","Congruent",29.999762,30.19977,"6^",0.765093,"Correct","Correct","Correct","Correct"
"5",16,"7_8_stimuli","8_7","Incongruent","Congruent","Incongruent","Incongruent",31.999748,32.199756,"7&",0.749286,"Correct","Correct","Correct","Correct"
"5",17,"1_2_stimuli","2_2","Congruent","Incongruent","Congruent","Incongruent",33.999738,34.199727,"2@",0.605173,"Correct","Correct","Correct","Correct"
"5",18,"3_4_stimuli","3_3","Congruent","Congruent","Incongruent","Congruent",35.999724,36.199716,"3#",0.493343,"Correct","Correct","Correct","Correct"
"5",19,"5_6_stimuli","6_6","Congruent","Congruent","Congruent","Incongruent",37.999701,38.199702,"6^",0.637578,"Correct","Correct","Correct","Correct"
"5",20,"7_8_stimuli","8_8","Congruent","Congruent","Congruent","Congruent",39.999686,40.199686,"7&",0.732964,"Error","Correct","Correct","Correct"
"5",21,"1_2_stimuli","2_1","Incongruent","Congruent","Congruent","Congruent",41.999681,42.199675,"1!",0.701415,"Correct","Error","Correct","Correct"
"5",22,"3_4_stimuli","4_4","Congruent","Incongruent","Congruent","Congruent",43.999655,44.199658,"4$",0.860954,"Correct","Correct","Error","Correct"
"5",23,"5_6_stimuli","5_6","Incongruent","Congruent","Incongruent","Congruent",45.999643,46.199646,"6^",0.861563,"Correct","Correct","Correct","Error"
"5",24,"7_8_stimuli","8_7","Incongruent","Incongruent","Congruent","Incongruent",47.999626,48.199632,"7&",1.069336,"Correct","Correct","Correct","Correct"
"5",25,"1_2_stimuli","1_1","Congruent","Incongruent","Incongruent","Congruent",49.999621,50.19962,"1!",0.701387,"Correct","Correct","Correct","Correct"
"5",26,"3_4_stimuli","3_4","Incongruent","Congruent","Incongruent","Incongruent",51.999595,52.199585,"4$",1.181482,"Correct","Correct","Correct","Correct"
"5",27,"5_6_stimuli","6_5","Incongruent","Incongruent","Congruent","Incongruent",53.999583,54.199575,"5%",0.621635,"Correct","Correct","Correct","Correct"
"5",28,"7_8_stimuli","7_7","Congruent","Incongruent","Incongruent","Congruent",55.999557,56.199561,"7&",0.845481,"Correct","Correct","Correct","Correct"
"5",29,"1_2_stimuli","1_1","Congruent","Congruent","Incongruent","Incongruent",57.99955,58.199545,"1!",0.589549,"Correct","Correct","Correct","Correct"
"5",30,"3_4_stimuli","3_4","Incongruent","Congruent","Congruent","Incongruent",59.999528,60.199526,"4$",1.101133,"Correct","Correct","Correct","Correct"
"5",31,"5_6_stimuli","5_5","Congruent","Incongruent","Congruent","Congruent",61.999519,62.199516,"6^",0.829578,"Error","Correct","Correct","Correct"
"5",32,"7_8_stimuli","8_8","Congruent","Congruent","Incongruent","Congruent",63.9995,64.199499,"8*",1.46959,"Correct","Error","Correct","Correct"
"5",33,"1_2_stimuli","2_2","Congruent","Congruent","Congruent","Incongruent",65.999484,66.199496,"2@",0.957328,"Correct","Correct","Error","Correct"
"5",34,"3_4_stimuli","3_4","Incongruent","Congruent","Congruent","Congruent",67.999468,68.199475,"4$",1.15039,"Correct","Correct","Correct","Error"
"5",35,"5_6_stimuli","6_5","Incongruent","Incongruent","Congruent","Congruent",69.999457,70.199464,"5%",0.589675,"Correct","Correct","Correct","Correct"
"5",36,"7_8_stimuli","7_8","Incongruent","Incongruent","Incongruent","Congruent",71.999443,72.199445,"8*",0.989747,"Correct","Correct","Correct","Correct"
"5",37,"1_2_stimuli","1_2","Incongruent","Incongruent","Incongruent","Incongruent",73.99943,74.199425,"2@",0.541236,"Correct","Correct","Correct","Correct"
"5",38,"3_4_stimuli","3_3","Congruent","Incongruent","Incongruent","Incongruent",75.999407,76.199405,"3#",0.605217,"Correct","Correct","Correct","Correct"
"5",39,"5_6_stimuli","6_6","Congruent","Congruent","Incongruent","Incongruent",77.999392,78.199397,"6^",0.797542,"Correct","Correct","Correct","Correct"
"5",40,"7_8_stimuli","7_8","Incongruent","Congruent","Congruent","Incongruent",79.999375,80.199369,"8*",0.813597,"Correct","Correct","Correct","Correct"
"5",41,"1_2_stimuli","2_2","Congruent","Incongruent","Congruent","Congruent",81.999358,82.199364,"2@",0.461788,"Correct","Correct","Correct","Correct"
"5",42,"3_4_stimuli","4_3","Incongruent","Congruent","Incongruent","Congruent",83.999344,84.199353,"3#",0.605597,"Correct","Correct","Correct","Correct"
"5",43,"5_6_stimuli","5_5","Congruent","Incongruent","Congruent","Incongruent",85.999334,86.19933,"5%",1.197665,"Correct","Correct","Correct","Correct"
"5",44,"7_8_stimuli","8_7","Incongruent","Congruent","Incongruent","Congruent",87.999319,88.199318,"7&",0.877595,"Correct","Correct","Correct","Correct"
"5",45,"1_2_stimuli","2_1","Incongruent","Incongruent","Congruent","Incongruent",89.999304,90.199292,"1!",0.573947,"Correct","Correct","Correct","Correct"
"5",46,"3_4_stimuli","4_3","Incongruent","Incongruent","Incongruent","Congruent",91.999287,92.199283,"3#",0.54182,"Correct","Correct","Correct","Correct"
"5",47,"5_6_stimuli","6_6","Congruent","Incongruent","Incongruent","Incongruent",93.999274,94.199273,"6^",0.749395,"Correct","Correct","Correct","Correct"
"5",48,"7_8_stimuli","7_7","Congruent","Congruent","Incongruent","Incongruent",95.999252,96.199243,"7&",0.829871,"Correct","Correct","Correct","Correct"
"5",49,"1_2_stimuli","1_2","Incongruent","Congruent","Congruent","Incongruent",97.99923,98.199239,"2@",0.55781,"Correct","Correct","Correct","Correct"
"5",50,"3_4_stimuli","4_3","Incongruent","Incongruent","Congruent","Congruent",99.999223,100.199217,"3#",0.462381,"Correct","Correct","Correct","Correct"
"5",51,"5_6_stimuli","6_5","Incongruent","Incongruent","Incongruent","Congruent",101.999202,102.199209,"5%",0.877463,"Correct","Correct","Correct","Correct"
"5",52,"7_8_stimuli","7_8","Incongruent","Incongruent","Incongruent","Incongruent",103.999186,104.199189,"8*",1.021751,"Correct","Correct","Correct","Correct"
"5",53,"1_2_stimuli","1_1","Congruent","Incongruent","Incongruent","Incongruent",105.99917,106.199176,"1!",0.557444,"Correct","Correct","Correct","Correct"
"5",54,"3_4_stimuli","4_4","Congruent","Congruent","Incongruent","Incongruent",107.999163,108.199165,"4$",0.926146,"Correct","Correct","Correct","Correct"
"5",55,"5_6_stimuli","5_6","Incongruent","Congruent","Congruent","Incongruent",109.99914,110.199156,"6^",0.76596,"Correct","Correct","Correct","Correct"
"5",56,"7_8_stimuli","7_8","Incongruent","Incongruent","Congruent","Congruent",111.999133,112.199128,"8*",0.73351,"Correct","Correct","Correct","Correct"
"5",57,"1_2_stimuli","1_2","Incongruent","Incongruent","Incongruent","Congruent",113.999117,114.199119,"2@",0.429865,"Correct","Correct","Correct","Correct"
"5",58,"3_4_stimuli","3_4","Incongruent","Incongruent","Incongruent","Incongruent",115.999099,116.199098,"4$",0.589585,"Correct","Correct","Correct","Correct"
"5",59,"5_6_stimuli","6_5","Incongruent","Incongruent","Incongruent","Incongruent",117.999082,118.199075,"5%",0.733613,"Correct","Correct","Correct","Correct"
"5",60,"7_8_stimuli","8_8","Congruent","Incongruent","Incongruent","Incongruent",119.999063,120.19907,"8*",0.974209,"Correct","Correct","Correct","Correct"
"5",61,"1_2_stimuli","2_1","Incongruent","Congruent","Incongruent","Incongruent",121.999045,122.19905,"1!",0.509629,"Correct","Correct","Correct","Correct"
"5",62,"3_4_stimuli","3_3","Congruent","Incongruent","Congruent","Incongruent",123.999037,124.199028,"4$",0.734112,"Error","Correct","Correct","Correct"
"5",63,"5_6_stimuli","5_5","Congruent","Congruent","Incongruent","Congruent",125.99902,126.199028,"5%",1.05368,"Correct","Error","Correct","Correct"
"5",64,"7_8_stimuli","7_7","Congruent","Congruent","Congruent","Incongruent",127.998999,128.198999,"7&",0.942174,"Correct","Correct","Error","Correct"
"5",65,"1_2_stimuli","1_1","Congruent","Congruent","Congruent","Congruent",129.998985,130.19898,"1!",0.73369,"Correct","Correct","Correct","Error"
"5",66,"3_4_stimuli","3_3","Congruent","Congruent","Congruent","Congruent",131.99897,132.198977,"3#",0.926258,"Correct","Correct","Correct","Correct"
"5",67,"5_6_stimuli","5_6","Incongruent","Congruent","Congruent","Congruent",133.998956,134.198958,"6^",0.861762,"Correct","Correct","Correct","Correct"
"5",68,"7_8_stimuli","7_7","Congruent","Incongruent","Congruent","Congruent",135.998946,136.198941,"7&",0.749815,"Correct","Correct","Correct","Correct"
"6",1,"1_2_stimuli","1_1","Congruent",NA,NA,NA,1.999994,2.199994,"1!",0.587617,"Correct",NA,NA,NA
"6",2,"3_4_stimuli","4_3","Incongruent","Congruent",NA,NA,3.999975,4.199976,"3#",0.683778,"Correct","Correct",NA,NA
"6",3,"5_6_stimuli","6_6","Congruent","Incongruent","Congruent",NA,5.999953,6.199959,"6^",0.700135,"Correct","Correct","Correct",NA
"6",4,"7_8_stimuli","7_8","Incongruent","Congruent","Incongruent","Congruent",7.99995,8.199937,"7&",0.79531,"Error","Correct","Correct","Correct"
"6",5,"1_2_stimuli","2_2","Congruent","Incongruent","Congruent","Incongruent",9.999924,10.199935,"2@",0.443878,"Correct","Error","Correct","Correct"
"6",6,"3_4_stimuli","4_3","Incongruent","Congruent","Incongruent","Congruent",11.999909,12.199912,"3#",0.491838,"Correct","Correct","Error","Correct"
"6",7,"5_6_stimuli","6_5","Incongruent","Incongruent","Congruent","Incongruent",13.999891,14.199898,"5%",0.731939,"Correct","Correct","Correct","Error"
"6",8,"7_8_stimuli","8_7","Incongruent","Incongruent","Incongruent","Congruent",15.999884,16.199887,"7&",0.763382,"Correct","Correct","Correct","Correct"
"6",9,"1_2_stimuli","2_2","Congruent","Incongruent","Incongruent","Incongruent",17.999868,18.199868,"2@",0.363937,"Correct","Correct","Correct","Correct"
"6",10,"3_4_stimuli","4_4","Congruent","Congruent","Incongruent","Incongruent",19.999851,20.199851,"4$",0.619404,"Correct","Correct","Correct","Correct"
"6",11,"5_6_stimuli","5_6","Incongruent","Congruent","Congruent","Incongruent",21.999837,22.199841,"6^",0.699837,"Correct","Correct","Correct","Correct"
"6",12,"7_8_stimuli","7_7","Congruent","Incongruent","Congruent","Congruent",23.99982,24.199815,"7&",0.699473,"Correct","Correct","Correct","Correct"
"6",13,"1_2_stimuli","1_1","Congruent","Congruent","Incongruent","Congruent",25.999804,26.1998,"1!",0.603992,"Correct","Correct","Correct","Correct"
"6",14,"3_4_stimuli","4_4","Congruent","Congruent","Congruent","Incongruent",27.999784,28.199777,"4$",0.987752,"Correct","Correct","Correct","Correct"
"6",15,"5_6_stimuli","5_6","Incongruent","Congruent","Congruent","Congruent",29.999781,30.199772,"6^",0.715468,"Correct","Correct","Correct","Correct"
"6",16,"7_8_stimuli","8_7","Incongruent","Incongruent","Congruent","Congruent",31.999751,32.199759,"7&",0.651974,"Correct","Correct","Correct","Correct"
"6",17,"1_2_stimuli","1_1","Congruent","Incongruent","Incongruent","Congruent",33.999744,34.199749,"1!",0.619573,"Correct","Correct","Correct","Correct"
"6",18,"3_4_stimuli","4_3","Incongruent","Congruent","Incongruent","Incongruent",35.999731,36.199724,"3#",0.828132,"Correct","Correct","Correct","Correct"
"6",19,"5_6_stimuli","6_6","Congruent","Incongruent","Congruent","Incongruent",37.999713,38.199715,"6^",0.716004,"Correct","Correct","Correct","Correct"
"6",20,"7_8_stimuli","7_7","Congruent","Congruent","Incongruent","Congruent",39.999688,40.199703,"7&",0.795627,"Correct","Correct","Correct","Correct"
"6",21,"1_2_stimuli","2_2","Congruent","Congruent","Congruent","Incongruent",41.999682,42.199687,"2@",0.604097,"Correct","Correct","Correct","Correct"
"6",22,"3_4_stimuli","3_4","Incongruent","Congruent","Congruent","Congruent",43.999667,44.199673,"4$",0.716021,"Correct","Correct","Correct","Correct"
"6",23,"5_6_stimuli","6_5","Incongruent","Incongruent","Congruent","Congruent",45.99965,46.199645,"5%",0.715605,"Correct","Correct","Correct","Correct"
"6",24,"7_8_stimuli","7_7","Congruent","Incongruent","Incongruent","Congruent",47.999624,48.199638,"7&",0.683644,"Correct","Correct","Correct","Correct"
"6",25,"1_2_stimuli","2_1","Incongruent","Congruent","Incongruent","Incongruent",49.999622,50.199627,"1!",0.763556,"Correct","Correct","Correct","Correct"
"6",26,"3_4_stimuli","4_4","Congruent","Incongruent","Congruent","Incongruent",51.999603,52.199611,"4$",0.763697,"Correct","Correct","Correct","Correct"
"6",27,"5_6_stimuli","6_5","Incongruent","Congruent","Incongruent","Congruent",53.999585,54.199577,"5%",0.796304,"Correct","Correct","Correct","Correct"
"6",28,"7_8_stimuli","8_8","Congruent","Incongruent","Congruent","Incongruent",55.999574,56.199576,"7&",0.780022,"Error","Correct","Correct","Correct"
"6",29,"1_2_stimuli","1_2","Incongruent","Congruent","Incongruent","Congruent",57.999556,58.199563,"2@",0.604177,"Correct","Error","Correct","Correct"
"6",30,"3_4_stimuli","3_4","Incongruent","Incongruent","Congruent","Incongruent",59.999552,60.199542,"4$",0.652285,"Correct","Correct","Error","Correct"
"6",31,"5_6_stimuli","5_5","Congruent","Incongruent","Incongruent","Congruent",61.999523,62.199522,"5%",0.844455,"Correct","Correct","Correct","Error"
"6",32,"7_8_stimuli","8_7","Incongruent","Congruent","Incongruent","Incongruent",63.999515,64.199508,"7&",0.876416,"Correct","Correct","Correct","Correct"
"6",33,"1_2_stimuli","2_1","Incongruent","Incongruent","Congruent","Incongruent",65.999517,66.199496,"1!",0.620064,"Correct","Correct","Correct","Correct"
"6",34,"3_4_stimuli","3_3","Congruent","Incongruent","Incongruent","Congruent",67.99948,68.199479,"3#",0.859784,"Correct","Correct","Correct","Correct"
"6",35,"5_6_stimuli","5_6","Incongruent","Congruent","Incongruent","Incongruent",69.999462,70.199456,"6^",0.892196,"Correct","Correct","Correct","Correct"
"6",36,"7_8_stimuli","7_8","Incongruent","Incongruent","Congruent","Incongruent",71.999446,72.199437,"8*",0.732314,"Correct","Correct","Correct","Correct"
"6",37,"1_2_stimuli","1_2","Incongruent","Incongruent","Incongruent","Congruent",73.999432,74.199427,"2@",0.49212,"Correct","Correct","Correct","Correct"
"6",38,"3_4_stimuli","4_4","Congruent","Incongruent","Incongruent","Incongruent",75.999419,76.199416,"4$",0.860287,"Correct","Correct","Correct","Correct"
"6",39,"5_6_stimuli","5_5","Congruent","Congruent","Incongruent","Incongruent",77.999404,78.199398,"5%",0.732221,"Correct","Correct","Correct","Correct"
"6",40,"7_8_stimuli","8_8","Congruent","Congruent","Congruent","Incongruent",79.999381,80.199379,"8*",0.891877,"Correct","Correct","Correct","Correct"
"6",41,"1_2_stimuli","2_2","Congruent","Congruent","Congruent","Congruent",81.999369,82.199371,"2@",0.364486,"Correct","Correct","Correct","Correct"
"6",42,"3_4_stimuli","3_3","Congruent","Congruent","Congruent","Congruent",83.99935,84.199349,"3#",0.636747,"Correct","Correct","Correct","Correct"
"6",43,"5_6_stimuli","6_6","Congruent","Congruent","Congruent","Congruent",85.999339,86.199337,"6^",0.939961,"Correct","Correct","Correct","Correct"
"6",44,"7_8_stimuli","8_8","Congruent","Congruent","Congruent","Congruent",87.999331,88.199325,"8*",0.747966,"Correct","Correct","Correct","Correct"
"6",45,"1_2_stimuli","2_1","Incongruent","Congruent","Congruent","Congruent",89.999307,90.199309,"1!",0.54055,"Correct","Correct","Correct","Correct"
"6",46,"3_4_stimuli","3_4","Incongruent","Incongruent","Congruent","Congruent",91.999298,92.199293,"4$",1.020185,"Correct","Correct","Correct","Correct"
"6",47,"5_6_stimuli","6_5","Incongruent","Incongruent","Incongruent","Congruent",93.999289,94.199287,"5%",1.084022,"Correct","Correct","Correct","Correct"
"6",48,"7_8_stimuli","7_8","Incongruent","Incongruent","Incongruent","Incongruent",95.999257,96.199255,"8*",1.164011,"Correct","Correct","Correct","Correct"
"6",49,"1_2_stimuli","2_1","Incongruent","Incongruent","Incongruent","Incongruent",97.99924,98.199237,"1!",0.572045,"Correct","Correct","Correct","Correct"
"6",50,"3_4_stimuli","4_3","Incongruent","Incongruent","Incongruent","Incongruent",99.999227,100.199226,"3#",0.796153,"Correct","Correct","Correct","Correct"
"6",51,"5_6_stimuli","5_5","Congruent","Incongruent","Incongruent","Incongruent",101.999215,102.199212,"5%",0.988488,"Correct","Correct","Correct","Correct"
"6",52,"7_8_stimuli","7_7","Congruent","Congruent","Incongruent","Incongruent",103.999197,104.199206,"7&",1.068429,"Correct","Correct","Correct","Correct"
"6",53,"1_2_stimuli","1_2","Incongruent","Congruent","Congruent","Incongruent",105.999194,106.199184,"2@",0.62075,"Correct","Correct","Correct","Correct"
"6",54,"3_4_stimuli","3_3","Congruent","Incongruent","Congruent","Congruent",107.999172,108.199174,"3#",0.668401,"Correct","Correct","Correct","Correct"
"6",55,"5_6_stimuli","6_6","Congruent","Congruent","Incongruent","Congruent",109.999153,110.199147,"6^",0.780171,"Correct","Correct","Correct","Correct"
"6",56,"7_8_stimuli","7_8","Incongruent","Congruent","Congruent","Incongruent",111.999138,112.199132,"8*",0.796591,"Correct","Correct","Correct","Correct"
"6",57,"1_2_stimuli","1_1","Congruent","Incongruent","Congruent","Congruent",113.999132,114.199128,"1!",1.052325,"Correct","Correct","Correct","Correct"
"6",58,"3_4_stimuli","3_3","Congruent","Congruent","Incongruent","Congruent",115.999102,116.199102,"3#",0.924803,"Correct","Correct","Correct","Correct"
"6",59,"5_6_stimuli","5_5","Congruent","Congruent","Congruent","Incongruent",117.999093,118.199087,"5%",1.020232,"Correct","Correct","Correct","Correct"
"6",60,"7_8_stimuli","7_8","Incongruent","Congruent","Congruent","Congruent",119.999073,120.199077,"8*",0.892198,"Correct","Correct","Correct","Correct"
"6",61,"1_2_stimuli","1_2","Incongruent","Incongruent","Congruent","Congruent",121.999064,122.199062,"2@",0.42867,"Correct","Correct","Correct","Correct"
"6",62,"3_4_stimuli","4_3","Incongruent","Incongruent","Incongruent","Congruent",123.999045,124.199041,"3#",0.828654,"Correct","Correct","Correct","Correct"
"6",63,"5_6_stimuli","5_6","Incongruent","Incongruent","Incongruent","Incongruent",125.99903,126.199021,"6^",1.228264,"Correct","Correct","Correct","Correct"
"6",64,"7_8_stimuli","8_8","Congruent","Incongruent","Incongruent","Incongruent",127.999012,128.199008,"8*",0.844882,"Correct","Correct","Correct","Correct"
"6",65,"1_2_stimuli","1_1","Congruent","Congruent","Incongruent","Incongruent",129.998999,130.198993,"1!",0.700295,"Correct","Correct","Correct","Correct"
"6",66,"3_4_stimuli","3_4","Incongruent","Congruent","Congruent","Incongruent",131.998981,132.198977,"3#",0.860822,"Error","Correct","Correct","Correct"
"6",67,"5_6_stimuli","6_6","Congruent","Incongruent","Congruent","Congruent",133.998974,134.198962,"6^",1.32481,"Correct","Error","Correct","Correct"
"6",68,"7_8_stimuli","8_7","Incongruent","Congruent","Incongruent","Congruent",135.998952,136.198956,"7&",0.748733,"Correct","Correct","Error","Correct"
"7",1,"1_2_stimuli","1_1","Congruent",NA,NA,NA,1.999972,2.19998,"1!",0.81313,"Correct",NA,NA,NA
"7",2,"3_4_stimuli","3_4","Incongruent","Congruent",NA,NA,3.99996,4.199961,"4$",0.813677,"Correct","Correct",NA,NA
"7",3,"5_6_stimuli","6_5","Incongruent","Incongruent","Congruent",NA,5.999948,6.199955,"5%",0.653542,"Correct","Correct","Correct",NA
"7",4,"7_8_stimuli","7_8","Incongruent","Incongruent","Incongruent","Congruent",7.999929,8.199926,"7&",0.829246,"Error","Correct","Correct","Correct"
"7",5,"1_2_stimuli","2_2","Congruent","Incongruent","Incongruent","Incongruent",9.999909,10.199905,"2@",0.5417,"Correct","Error","Correct","Correct"
"7",6,"3_4_stimuli","4_3","Incongruent","Congruent","Incongruent","Incongruent",11.999904,12.199894,"3#",0.573206,"Correct","Correct","Error","Correct"
"7",7,"5_6_stimuli","5_6","Incongruent","Incongruent","Congruent","Incongruent",13.999889,14.199878,"6^",0.765194,"Correct","Correct","Correct","Error"
"7",8,"7_8_stimuli","8_8","Congruent","Incongruent","Incongruent","Congruent",15.999877,16.199865,"8*",0.621724,"Correct","Correct","Correct","Correct"
"7",9,"1_2_stimuli","1_1","Congruent","Congruent","Incongruent","Incongruent",17.999848,18.199846,"1!",0.605578,"Correct","Correct","Correct","Correct"
"7",10,"3_4_stimuli","3_4","Incongruent","Congruent","Congruent","Incongruent",19.999838,20.199838,"4$",1.117786,"Correct","Correct","Correct","Correct"
"7",11,"5_6_stimuli","6_6","Congruent","Incongruent","Congruent","Congruent",21.999821,22.199828,"6^",0.733858,"Correct","Correct","Correct","Correct"
"7",12,"7_8_stimuli","8_7","Incongruent","Congruent","Incongruent","Congruent",23.999814,24.199816,"7&",0.493308,"Correct","Correct","Correct","Correct"
"7",13,"1_2_stimuli","1_2","Incongruent","Incongruent","Congruent","Incongruent",25.999796,26.199789,"2@",0.429808,"Correct","Correct","Correct","Correct"
"7",14,"3_4_stimuli","4_4","Congruent","Incongruent","Incongruent","Congruent",27.999787,28.199766,"4$",0.829391,"Correct","Correct","Correct","Correct"
"7",15,"5_6_stimuli","5_5","Congruent","Congruent","Incongruent","Incongruent",29.999759,30.199757,"5%",0.71786,"Correct","Correct","Correct","Correct"
"7",16,"7_8_stimuli","7_8","Incongruent","Congruent","Congruent","Incongruent",31.99974,32.199745,"7&",0.829963,"Error","Correct","Correct","Correct"
"7",17,"1_2_stimuli","1_1","Congruent","Incongruent","Congruent","Congruent",33.999728,34.199736,"1!",0.477414,"Correct","Error","Correct","Correct"
"7",18,"3_4_stimuli","3_4","Incongruent","Congruent","Incongruent","Congruent",35.999715,36.199717,"4$",0.733379,"Correct","Correct","Error","Correct"
"7",19,"5_6_stimuli","5_5","Congruent","Incongruent","Congruent","Incongruent",37.999701,38.199703,"5%",0.541885,"Correct","Correct","Correct","Error"
"7",20,"7_8_stimuli","8_8","Congruent","Congruent","Incongruent","Congruent",39.999694,40.199688,"8*",0.653464,"Correct","Correct","Correct","Correct"
"7",21,"1_2_stimuli","2_1","Incongruent","Congruent","Congruent","Incongruent",41.99967,42.199676,"1!",0.557777,"Correct","Correct","Correct","Correct"
"7",22,"3_4_stimuli","4_4","Congruent","Incongruent","Congruent","Congruent",43.999654,44.199649,"4$",0.845839,"Correct","Correct","Correct","Correct"
"7",23,"5_6_stimuli","6_6","Congruent","Congruent","Incongruent","Congruent",45.999636,46.199644,"6^",0.541906,"Correct","Correct","Correct","Correct"
"7",24,"7_8_stimuli","7_7","Congruent","Congruent","Congruent","Incongruent",47.999626,48.199619,"7&",0.54146,"Correct","Correct","Correct","Correct"
"7",25,"1_2_stimuli","1_2","Incongruent","Congruent","Congruent","Congruent",49.999609,50.199603,"2@",0.365881,"Correct","Correct","Correct","Correct"
"7",26,"3_4_stimuli","4_3","Incongruent","Incongruent","Congruent","Congruent",51.99959,52.199597,"3#",0.445972,"Correct","Correct","Correct","Correct"
"7",27,"5_6_stimuli","6_6","Congruent","Incongruent","Incongruent","Congruent",53.999574,54.199575,"6^",0.750272,"Correct","Correct","Correct","Correct"
"7",28,"7_8_stimuli","8_7","Incongruent","Congruent","Incongruent","Incongruent",55.99956,56.199553,"7&",0.510088,"Correct","Correct","Correct","Correct"
"7",29,"1_2_stimuli","2_2","Congruent","Incongruent","Congruent","Incongruent",57.999555,58.199549,"2@",0.510146,"Correct","Correct","Correct","Correct"
"7",30,"3_4_stimuli","4_4","Congruent","Congruent","Incongruent","Congruent",59.999532,60.199525,"3#",0.637629,"Error","Correct","Correct","Correct"
"7",31,"5_6_stimuli","6_5","Incongruent","Congruent","Congruent","Incongruent",61.999516,62.199516,"5%",0.702307,"Correct","Error","Correct","Correct"
"7",32,"7_8_stimuli","8_8","Congruent","Incongruent","Congruent","Congruent",63.999503,64.199489,"8*",0.814073,"Correct","Correct","Error","Correct"
"7",33,"1_2_stimuli","2_1","Incongruent","Congruent","Incongruent","Congruent",65.999491,66.19948,"1!",0.701728,"Correct","Correct","Correct","Error"
"7",34,"3_4_stimuli","3_4","Incongruent","Incongruent","Congruent","Incongruent",67.999469,68.199465,"4$",0.957666,"Correct","Correct","Correct","Correct"
"7",35,"5_6_stimuli","6_5","Incongruent","Incongruent","Incongruent","Congruent",69.999446,70.199459,"5%",0.510161,"Correct","Correct","Correct","Correct"
"7",36,"7_8_stimuli","7_7","Congruent","Incongruent","Incongruent","Incongruent",71.999445,72.199436,"7&",0.494052,"Correct","Correct","Correct","Correct"
"7",37,"1_2_stimuli","1_2","Incongruent","Congruent","Incongruent","Incongruent",73.999413,74.199427,"2@",0.414003,"Correct","Correct","Correct","Correct"
"7",38,"3_4_stimuli","3_3","Congruent","Incongruent","Congruent","Incongruent",75.999414,76.199409,"3#",0.477719,"Correct","Correct","Correct","Correct"
"7",39,"5_6_stimuli","5_6","Incongruent","Congruent","Incongruent","Congruent",77.99939,78.199388,"6^",1.069805,"Correct","Correct","Correct","Correct"
"7",40,"7_8_stimuli","8_8","Congruent","Incongruent","Congruent","Incongruent",79.999379,80.199371,"8*",0.638058,"Correct","Correct","Correct","Correct"
"7",41,"1_2_stimuli","2_2","Congruent","Congruent","Incongruent","Congruent",81.999374,82.199362,"2@",0.397823,"Correct","Correct","Correct","Correct"
"7",42,"3_4_stimuli","3_3","Congruent","Congruent","Congruent","Incongruent",83.999342,84.199344,"2@",0.542149,"Error","Correct","Correct","Correct"
"7",43,"5_6_stimuli","6_6","Congruent","Congruent","Congruent","Congruent",85.999326,86.199325,"6^",0.846618,"Correct","Error","Correct","Correct"
"7",44,"7_8_stimuli","7_7","Congruent","Congruent","Congruent","Congruent",87.999304,88.199308,"7&",0.317896,"Correct","Correct","Error","Correct"
"7",45,"1_2_stimuli","2_2","Congruent","Congruent","Congruent","Congruent",89.999301,90.199292,"2@",1.261789,"Correct","Correct","Correct","Error"
"7",46,"3_4_stimuli","4_4","Congruent","Congruent","Congruent","Congruent",91.999285,92.199276,"4$",0.718397,"Correct","Correct","Correct","Correct"
"7",47,"5_6_stimuli","6_5","Incongruent","Congruent","Congruent","Congruent",93.999277,94.19927,"5%",0.78246,"Correct","Correct","Correct","Correct"
"7",48,"7_8_stimuli","7_8","Incongruent","Incongruent","Congruent","Congruent",95.999246,96.199253,"7&",0.926312,"Error","Correct","Correct","Correct"
"7",49,"1_2_stimuli","2_1","Incongruent","Incongruent","Incongruent","Congruent",97.999229,98.19923,"Omission",5000,"Omission","Error","Correct","Correct"
"7",50,"3_4_stimuli","4_3","Incongruent","Incongruent","Incongruent","Incongruent",99.999223,100.199224,"3#",1.134409,"Correct","Omission","Error","Correct"
"7",51,"5_6_stimuli","6_5","Incongruent","Incongruent","Incongruent","Incongruent",101.999199,102.199203,"5%",1.038458,"Correct","Correct","Omission","Error"
"7",52,"7_8_stimuli","7_8","Incongruent","Incongruent","Incongruent","Incongruent",103.999187,104.199181,"8*",0.926606,"Correct","Correct","Correct","Omission"
"7",53,"1_2_stimuli","2_1","Incongruent","Incongruent","Incongruent","Incongruent",105.99917,106.199177,"1!",0.686315,"Correct","Correct","Correct","Correct"
"7",54,"3_4_stimuli","3_3","Congruent","Incongruent","Incongruent","Incongruent",107.999155,108.199154,"3#",0.942142,"Correct","Correct","Correct","Correct"
"7",55,"5_6_stimuli","5_6","Incongruent","Congruent","Incongruent","Incongruent",109.999138,110.199141,"6^",0.974023,"Correct","Correct","Correct","Correct"
"7",56,"7_8_stimuli","7_8","Incongruent","Incongruent","Congruent","Incongruent",111.999123,112.199131,"8*",0.718353,"Correct","Correct","Correct","Correct"
"7",57,"1_2_stimuli","1_1","Congruent","Incongruent","Incongruent","Congruent",113.999107,114.199108,"1!",0.430022,"Correct","Correct","Correct","Correct"
"7",58,"3_4_stimuli","3_3","Congruent","Congruent","Incongruent","Incongruent",115.9991,116.199098,"3#",0.590502,"Correct","Correct","Correct","Correct"
"7",59,"5_6_stimuli","5_5","Congruent","Congruent","Congruent","Incongruent",117.999074,118.199083,"5%",0.782137,"Correct","Correct","Correct","Correct"
"7",60,"7_8_stimuli","8_7","Incongruent","Congruent","Congruent","Congruent",119.999065,120.199059,"7&",1.022619,"Correct","Correct","Correct","Correct"
"7",61,"1_2_stimuli","1_2","Incongruent","Incongruent","Congruent","Congruent",121.999052,122.199043,"2@",0.574503,"Correct","Correct","Correct","Correct"
"7",62,"3_4_stimuli","4_3","Incongruent","Incongruent","Incongruent","Congruent",123.99904,124.199025,"3#",0.462158,"Correct","Correct","Correct","Correct"
"7",63,"5_6_stimuli","5_5","Congruent","Incongruent","Incongruent","Incongruent",125.999032,126.199026,"5%",1.022437,"Correct","Correct","Correct","Correct"
"7",64,"7_8_stimuli","7_7","Congruent","Congruent","Incongruent","Incongruent",127.999005,128.198995,"7&",0.734646,"Correct","Correct","Correct","Correct"
"7",65,"1_2_stimuli","1_1","Congruent","Congruent","Congruent","Incongruent",129.998994,130.198963,"1!",0.510301,"Correct","Correct","Correct","Correct"
"7",66,"3_4_stimuli","3_4","Incongruent","Congruent","Congruent","Congruent",131.998966,132.198968,"4$",0.846713,"Correct","Correct","Correct","Correct"
"7",67,"5_6_stimuli","5_6","Incongruent","Incongruent","Congruent","Congruent",133.998962,134.198957,"6^",1.182679,"Correct","Correct","Correct","Correct"
"7",68,"7_8_stimuli","8_7","Incongruent","Incongruent","Incongruent","Congruent",135.998936,136.198937,"7&",0.542532,"Correct","Correct","Correct","Correct"
"8",1,"1_2_stimuli","2_1","Incongruent",NA,NA,NA,1.999995,2.199993,"1!",0.6949,"Correct",NA,NA,NA
"8",2,"3_4_stimuli","4_3","Incongruent","Incongruent",NA,NA,3.999977,4.199978,"3#",0.694871,"Correct","Correct",NA,NA
"8",3,"5_6_stimuli","6_5","Incongruent","Incongruent","Incongruent",NA,5.999955,6.199963,"5%",0.710483,"Correct","Correct","Correct",NA
"8",4,"7_8_stimuli","8_8","Congruent","Incongruent","Incongruent","Incongruent",7.999941,8.199946,"8*",0.775035,"Correct","Correct","Correct","Correct"
"8",5,"1_2_stimuli","2_2","Congruent","Congruent","Incongruent","Incongruent",9.999934,10.199935,"2@",0.454468,"Correct","Correct","Correct","Correct"
"8",6,"3_4_stimuli","3_3","Congruent","Congruent","Congruent","Incongruent",11.999915,12.199907,"3#",0.470538,"Correct","Correct","Correct","Correct"
"8",7,"5_6_stimuli","5_6","Incongruent","Congruent","Congruent","Congruent",13.999904,14.199897,"6^",0.96654,"Correct","Correct","Correct","Correct"
"8",8,"7_8_stimuli","8_8","Congruent","Incongruent","Congruent","Congruent",15.999887,16.199887,"8*",0.534503,"Correct","Correct","Correct","Correct"
"8",9,"1_2_stimuli","2_1","Incongruent","Congruent","Incongruent","Congruent",17.999863,18.199864,"1!",0.75905,"Correct","Correct","Correct","Correct"
"8",10,"3_4_stimuli","4_3","Incongruent","Incongruent","Congruent","Incongruent",19.999857,20.199861,"3#",0.615668,"Correct","Correct","Correct","Correct"
"8",11,"5_6_stimuli","5_6","Incongruent","Incongruent","Incongruent","Congruent",21.999835,22.199845,"6^",0.854595,"Correct","Correct","Correct","Correct"
"8",12,"7_8_stimuli","7_7","Congruent","Incongruent","Incongruent","Incongruent",23.999822,24.199831,"7&",0.662626,"Correct","Correct","Correct","Correct"
"8",13,"1_2_stimuli","1_2","Incongruent","Congruent","Incongruent","Incongruent",25.999813,26.199809,"2@",0.45493,"Correct","Correct","Correct","Correct"
"8",14,"3_4_stimuli","3_3","Congruent","Incongruent","Congruent","Incongruent",27.999794,28.199803,"3#",0.359096,"Correct","Correct","Correct","Correct"
"8",15,"5_6_stimuli","6_5","Incongruent","Congruent","Incongruent","Congruent",29.999776,30.199783,"5%",0.935221,"Correct","Correct","Correct","Correct"
"8",16,"7_8_stimuli","8_7","Incongruent","Incongruent","Congruent","Incongruent",31.99977,32.199768,"7&",0.519084,"Correct","Correct","Correct","Correct"
"8",17,"1_2_stimuli","2_1","Incongruent","Incongruent","Incongruent","Congruent",33.999744,34.19975,"1!",0.695281,"Correct","Correct","Correct","Correct"
"8",18,"3_4_stimuli","3_4","Incongruent","Incongruent","Incongruent","Incongruent",35.99973,36.199734,"4$",0.742708,"Correct","Correct","Correct","Correct"
"8",19,"5_6_stimuli","5_5","Congruent","Incongruent","Incongruent","Incongruent",37.99972,38.19971,"5%",0.662738,"Correct","Correct","Correct","Correct"
"8",20,"7_8_stimuli","8_8","Congruent","Congruent","Incongruent","Incongruent",39.999704,40.19969,"8*",0.679099,"Correct","Correct","Correct","Correct"
"8",21,"1_2_stimuli","1_1","Congruent","Congruent","Congruent","Incongruent",41.999685,42.199695,"1!",0.790989,"Correct","Correct","Correct","Correct"
"8",22,"3_4_stimuli","3_3","Congruent","Congruent","Congruent","Congruent",43.999675,44.199686,"3#",0.631556,"Correct","Correct","Correct","Correct"
"8",23,"5_6_stimuli","6_6","Congruent","Congruent","Congruent","Congruent",45.99965,46.19966,"5%",1.078827,"Error","Correct","Correct","Correct"
"8",24,"7_8_stimuli","7_8","Incongruent","Congruent","Congruent","Congruent",47.999646,48.199633,"7&",0.870798,"Error","Error","Correct","Correct"
"8",25,"1_2_stimuli","2_1","Incongruent","Incongruent","Congruent","Congruent",49.999631,50.199622,"1!",0.582891,"Correct","Error","Error","Correct"
"8",26,"3_4_stimuli","4_4","Congruent","Incongruent","Incongruent","Congruent",51.999611,52.199605,"4$",0.839498,"Correct","Correct","Error","Error"
"8",27,"5_6_stimuli","6_6","Congruent","Congruent","Incongruent","Incongruent",53.999598,54.199589,"6^",0.662864,"Correct","Correct","Correct","Error"
"8",28,"7_8_stimuli","8_8","Congruent","Congruent","Congruent","Incongruent",55.999584,56.199577,"8*",0.535453,"Correct","Correct","Correct","Correct"
"8",29,"1_2_stimuli","2_2","Congruent","Congruent","Congruent","Congruent",57.999559,58.199569,"2@",0.567253,"Correct","Correct","Correct","Correct"
"8",30,"3_4_stimuli","3_4","Incongruent","Congruent","Congruent","Congruent",59.999549,60.199553,"4$",0.679619,"Correct","Correct","Correct","Correct"
"8",31,"5_6_stimuli","6_5","Incongruent","Incongruent","Congruent","Congruent",61.999526,62.199529,"5%",0.999616,"Correct","Correct","Correct","Correct"
"8",32,"7_8_stimuli","8_7","Incongruent","Incongruent","Incongruent","Congruent",63.999509,64.199521,"6^",0.535325,"Error","Correct","Correct","Correct"
"8",33,"1_2_stimuli","2_2","Congruent","Incongruent","Incongruent","Incongruent",65.999498,66.199506,"2@",0.950956,"Correct","Error","Correct","Correct"
"8",34,"3_4_stimuli","4_4","Congruent","Congruent","Incongruent","Incongruent",67.999491,68.199483,"4$",0.742894,"Correct","Correct","Error","Correct"
"8",35,"5_6_stimuli","5_5","Congruent","Congruent","Congruent","Incongruent",69.999462,70.19947,"5%",0.727402,"Correct","Correct","Correct","Error"
"8",36,"7_8_stimuli","7_7","Congruent","Congruent","Congruent","Congruent",71.999451,72.199448,"7&",0.375033,"Correct","Correct","Correct","Correct"
"8",37,"1_2_stimuli","1_2","Incongruent","Congruent","Congruent","Congruent",73.999441,74.199431,"2@",0.647037,"Correct","Correct","Correct","Correct"
"8",38,"3_4_stimuli","3_4","Incongruent","Incongruent","Congruent","Congruent",75.999424,76.199424,"4$",0.807424,"Correct","Correct","Correct","Correct"
"8",39,"5_6_stimuli","6_6","Congruent","Incongruent","Incongruent","Congruent",77.999397,78.199414,"6^",1.239578,"Correct","Correct","Correct","Correct"
"8",40,"7_8_stimuli","7_8","Incongruent","Congruent","Incongruent","Incongruent",79.999382,80.199385,"8*",0.599513,"Correct","Correct","Correct","Correct"
"8",41,"1_2_stimuli","1_2","Incongruent","Incongruent","Congruent","Incongruent",81.999378,82.199379,"2@",0.391083,"Correct","Correct","Correct","Correct"
"8",42,"3_4_stimuli","4_3","Incongruent","Incongruent","Incongruent","Congruent",83.999369,84.199349,"3#",0.791543,"Correct","Correct","Correct","Correct"
"8",43,"5_6_stimuli","5_6","Incongruent","Incongruent","Incongruent","Incongruent",85.999341,86.199341,"6^",0.823523,"Correct","Correct","Correct","Correct"
"8",44,"7_8_stimuli","8_7","Incongruent","Incongruent","Incongruent","Incongruent",87.999331,88.199326,"6^",0.519155,"Error","Correct","Correct","Correct"
"8",45,"1_2_stimuli","1_2","Incongruent","Incongruent","Incongruent","Incongruent",89.999308,90.19931,"2@",0.471129,"Correct","Error","Correct","Correct"
"8",46,"3_4_stimuli","4_4","Congruent","Incongruent","Incongruent","Incongruent",91.999301,92.199297,"4$",0.551247,"Correct","Correct","Error","Correct"
"8",47,"5_6_stimuli","6_5","Incongruent","Congruent","Incongruent","Incongruent",93.999279,94.199279,"5%",0.743186,"Correct","Correct","Correct","Error"
"8",48,"7_8_stimuli","7_7","Congruent","Incongruent","Congruent","Incongruent",95.999275,96.199257,"7&",0.647698,"Correct","Correct","Correct","Correct"
"8",49,"1_2_stimuli","1_1","Congruent","Congruent","Incongruent","Congruent",97.999252,98.199241,"1!",0.695726,"Correct","Correct","Correct","Correct"
"8",50,"3_4_stimuli","3_4","Incongruent","Congruent","Congruent","Incongruent",99.999234,100.199229,"4$",0.919243,"Correct","Correct","Correct","Correct"
"8",51,"5_6_stimuli","5_5","Congruent","Incongruent","Congruent","Congruent",101.999221,102.199214,"5%",0.487755,"Correct","Correct","Correct","Correct"
"8",52,"7_8_stimuli","7_7","Congruent","Congruent","Incongruent","Congruent",103.999201,104.199198,"7&",0.631315,"Correct","Correct","Correct","Correct"
"8",53,"1_2_stimuli","2_1","Incongruent","Congruent","Congruent","Incongruent",105.999189,106.199187,"1!",0.615324,"Correct","Correct","Correct","Correct"
"8",54,"3_4_stimuli","4_4","Congruent","Incongruent","Congruent","Congruent",107.999176,108.199177,"4$",0.695394,"Correct","Correct","Correct","Correct"
"8",55,"5_6_stimuli","6_6","Congruent","Congruent","Incongruent","Congruent",109.99916,110.199155,"6^",0.791416,"Correct","Correct","Correct","Correct"
"8",56,"7_8_stimuli","7_8","Incongruent","Congruent","Congruent","Incongruent",111.999141,112.199133,"8*",0.824168,"Correct","Correct","Correct","Correct"
"8",57,"1_2_stimuli","1_1","Congruent","Incongruent","Congruent","Congruent",113.99912,114.19912,"1!",0.615717,"Correct","Correct","Correct","Correct"
"8",58,"3_4_stimuli","3_3","Congruent","Congruent","Incongruent","Congruent",115.999108,116.199106,"3#",0.583839,"Correct","Correct","Correct","Correct"
"8",59,"5_6_stimuli","5_6","Incongruent","Congruent","Congruent","Incongruent",117.999091,118.199091,"6^",0.74359,"Correct","Correct","Correct","Correct"
"8",60,"7_8_stimuli","7_8","Incongruent","Incongruent","Congruent","Congruent",119.999076,120.199075,"8*",0.679778,"Correct","Correct","Correct","Correct"
"8",61,"1_2_stimuli","2_2","Congruent","Incongruent","Incongruent","Congruent",121.999065,122.199067,"2@",0.519439,"Correct","Correct","Correct","Correct"
"8",62,"3_4_stimuli","4_3","Incongruent","Congruent","Incongruent","Incongruent",123.99905,124.19905,"3#",0.472033,"Correct","Correct","Correct","Correct"
"8",63,"5_6_stimuli","5_5","Congruent","Incongruent","Congruent","Incongruent",125.99903,126.199026,"5%",0.663925,"Correct","Correct","Correct","Correct"
"8",64,"7_8_stimuli","8_7","Incongruent","Congruent","Incongruent","Congruent",127.999014,128.199026,"7&",0.535776,"Correct","Correct","Correct","Correct"
"8",65,"1_2_stimuli","1_1","Congruent","Incongruent","Congruent","Incongruent",129.99901,130.199006,"1!",0.599475,"Correct","Correct","Correct","Correct"
"8",66,"3_4_stimuli","4_3","Incongruent","Congruent","Incongruent","Congruent",131.998984,132.198979,"3#",0.504105,"Correct","Correct","Correct","Correct"
"8",67,"5_6_stimuli","6_5","Incongruent","Incongruent","Congruent","Incongruent",133.998978,134.198967,"5%",1.176546,"Correct","Correct","Correct","Correct"
"8",68,"7_8_stimuli","8_8","Congruent","Incongruent","Incongruent","Congruent",135.99896,136.19896,"8*",0.567821,"Correct","Correct","Correct","Correct"
"9",1,"1_2_stimuli","1_2","Incongruent",NA,NA,NA,1.999961,2.19997,"2@",0.702684,"Correct",NA,NA,NA
"9",2,"3_4_stimuli","3_3","Congruent","Incongruent",NA,NA,3.999947,4.199956,"3#",0.494728,"Correct","Correct",NA,NA
"9",3,"5_6_stimuli","6_6","Congruent","Congruent","Incongruent",NA,5.999929,6.199929,"5%",0.926342,"Error","Correct","Correct",NA
"9",4,"7_8_stimuli","7_7","Congruent","Congruent","Congruent","Incongruent",7.999919,8.199914,"7&",0.574532,"Correct","Error","Correct","Correct"
"9",5,"1_2_stimuli","1_2","Incongruent","Congruent","Congruent","Congruent",9.999904,10.199895,"2@",0.446757,"Correct","Correct","Error","Correct"
"9",6,"3_4_stimuli","3_4","Incongruent","Incongruent","Congruent","Congruent",11.999885,12.199887,"4$",0.798468,"Correct","Correct","Correct","Error"
"9",7,"5_6_stimuli","5_6","Incongruent","Incongruent","Incongruent","Congruent",13.999872,14.199869,"6^",0.638925,"Correct","Correct","Correct","Correct"
"9",8,"7_8_stimuli","7_7","Congruent","Incongruent","Incongruent","Incongruent",15.999856,16.199856,"7&",0.526928,"Correct","Correct","Correct","Correct"
"9",9,"1_2_stimuli","2_2","Congruent","Congruent","Incongruent","Incongruent",17.999848,18.199842,"2@",0.510447,"Correct","Correct","Correct","Correct"
"9",10,"3_4_stimuli","3_3","Congruent","Congruent","Congruent","Incongruent",19.999829,20.199823,"3#",0.318936,"Correct","Correct","Correct","Correct"
"9",11,"5_6_stimuli","5_5","Congruent","Congruent","Congruent","Congruent",21.999814,22.199799,"5%",1.054872,"Correct","Correct","Correct","Correct"
"9",12,"7_8_stimuli","7_8","Incongruent","Congruent","Congruent","Congruent",23.999792,24.199784,"8*",0.59052,"Correct","Correct","Correct","Correct"
"9",13,"1_2_stimuli","1_1","Congruent","Incongruent","Congruent","Congruent",25.99978,26.19977,"1!",0.542477,"Correct","Correct","Correct","Correct"
"9",14,"3_4_stimuli","4_4","Congruent","Congruent","Incongruent","Congruent",27.999757,28.199766,"4$",0.607019,"Correct","Correct","Correct","Correct"
"9",15,"5_6_stimuli","6_6","Congruent","Congruent","Congruent","Incongruent",29.999753,30.199746,"6^",0.814981,"Correct","Correct","Correct","Correct"
"9",16,"7_8_stimuli","8_8","Congruent","Congruent","Congruent","Congruent",31.999733,32.199736,"8*",0.5109,"Correct","Correct","Correct","Correct"
"9",17,"1_2_stimuli","2_2","Congruent","Congruent","Congruent","Congruent",33.999723,34.199712,"2@",0.382564,"Correct","Correct","Correct","Correct"
"9",18,"3_4_stimuli","3_3","Congruent","Congruent","Congruent","Congruent",35.999699,36.199697,"3#",0.318645,"Correct","Correct","Correct","Correct"
"9",19,"5_6_stimuli","6_5","Incongruent","Congruent","Congruent","Congruent",37.999682,38.199688,"5%",0.798648,"Correct","Correct","Correct","Correct"
"9",20,"7_8_stimuli","8_8","Congruent","Incongruent","Congruent","Congruent",39.999668,40.199676,"8*",0.655072,"Correct","Correct","Correct","Correct"
"9",21,"1_2_stimuli","2_2","Congruent","Congruent","Incongruent","Congruent",41.999658,42.199652,"2@",0.351013,"Correct","Correct","Correct","Correct"
"9",22,"3_4_stimuli","3_4","Incongruent","Congruent","Congruent","Incongruent",43.99964,44.199641,"4$",0.478629,"Correct","Correct","Correct","Correct"
"9",23,"5_6_stimuli","5_5","Congruent","Incongruent","Congruent","Congruent",45.999627,46.199618,"5%",0.607298,"Correct","Correct","Correct","Correct"
"9",24,"7_8_stimuli","8_7","Incongruent","Congruent","Incongruent","Congruent",47.999612,48.199607,"7&",0.527324,"Correct","Correct","Correct","Correct"
"9",25,"1_2_stimuli","1_2","Incongruent","Incongruent","Congruent","Incongruent",49.999596,50.199598,"2@",0.351199,"Correct","Correct","Correct","Correct"
"9",26,"3_4_stimuli","4_4","Congruent","Incongruent","Incongruent","Congruent",51.999583,52.19958,"3#",0.350674,"Error","Correct","Correct","Correct"
"9",27,"5_6_stimuli","6_5","Incongruent","Congruent","Incongruent","Incongruent",53.999571,54.199567,"5%",0.766687,"Correct","Error","Correct","Correct"
"9",28,"7_8_stimuli","7_7","Congruent","Incongruent","Congruent","Incongruent",55.999545,56.19955,"6^",0.494777,"Error","Correct","Error","Correct"
"9",29,"1_2_stimuli","2_1","Incongruent","Congruent","Incongruent","Congruent",57.999538,58.199537,"1!",0.671041,"Correct","Error","Correct","Error"
"9",30,"3_4_stimuli","4_4","Congruent","Incongruent","Congruent","Incongruent",59.999508,60.199508,"4$",0.494922,"Correct","Correct","Error","Correct"
"9",31,"5_6_stimuli","6_5","Incongruent","Congruent","Incongruent","Congruent",61.999495,62.199502,"5%",0.51083,"Correct","Correct","Correct","Error"
"9",32,"7_8_stimuli","8_7","Incongruent","Incongruent","Congruent","Incongruent",63.999478,64.199484,"7&",0.527371,"Correct","Correct","Correct","Correct"
"9",33,"1_2_stimuli","2_2","Congruent","Incongruent","Incongruent","Congruent",65.999473,66.199465,"2@",0.351034,"Correct","Correct","Correct","Correct"
"9",34,"3_4_stimuli","3_4","Incongruent","Congruent","Incongruent","Incongruent",67.999452,68.199445,"4$",0.559156,"Correct","Correct","Correct","Correct"
"9",35,"5_6_stimuli","6_6","Congruent","Incongruent","Congruent","Incongruent",69.999439,70.19943,"6^",1.215285,"Correct","Correct","Correct","Correct"
"9",36,"7_8_stimuli","8_8","Congruent","Congruent","Incongruent","Congruent",71.999432,72.199417,"8*",0.575242,"Correct","Correct","Correct","Correct"
"9",37,"1_2_stimuli","1_1","Congruent","Congruent","Congruent","Incongruent",73.999404,74.199399,"1!",0.367227,"Correct","Correct","Correct","Correct"
"9",38,"3_4_stimuli","4_3","Incongruent","Congruent","Congruent","Congruent",75.999387,76.199388,"3#",0.495245,"Correct","Correct","Correct","Correct"
"9",39,"5_6_stimuli","5_6","Incongruent","Incongruent","Congruent","Congruent",77.999377,78.199374,"6^",0.750899,"Correct","Correct","Correct","Correct"
"9",40,"7_8_stimuli","7_8","Incongruent","Incongruent","Incongruent","Congruent",79.99936,80.199366,"8*",0.575283,"Correct","Correct","Correct","Correct"
"9",41,"1_2_stimuli","1_2","Incongruent","Incongruent","Incongruent","Incongruent",81.999342,82.19934,"2@",0.319031,"Correct","Correct","Correct","Correct"
"9",42,"3_4_stimuli","4_3","Incongruent","Incongruent","Incongruent","Incongruent",83.999326,84.199332,"4$",0.543006,"Error","Correct","Correct","Correct"
"9",43,"5_6_stimuli","5_6","Incongruent","Incongruent","Incongruent","Incongruent",85.999311,86.199307,"6^",0.751033,"Correct","Error","Correct","Correct"
"9",44,"7_8_stimuli","7_8","Incongruent","Incongruent","Incongruent","Incongruent",87.999311,88.199292,"8*",0.879402,"Correct","Correct","Error","Correct"
"9",45,"1_2_stimuli","1_1","Congruent","Incongruent","Incongruent","Incongruent",89.999283,90.199279,"1!",0.591279,"Correct","Correct","Correct","Error"
"9",46,"3_4_stimuli","3_3","Congruent","Congruent","Incongruent","Incongruent",91.999267,92.199262,"3#",0.543487,"Correct","Correct","Correct","Correct"
"9",47,"5_6_stimuli","6_5","Incongruent","Congruent","Congruent","Incongruent",93.99925,94.199258,"5%",0.735081,"Correct","Correct","Correct","Correct"
"9",48,"7_8_stimuli","7_8","Incongruent","Incongruent","Congruent","Congruent",95.999232,96.199242,"8*",0.495738,"Correct","Correct","Correct","Correct"
"9",49,"1_2_stimuli","2_1","Incongruent","Incongruent","Incongruent","Congruent",97.999226,98.199226,"1!",0.767514,"Correct","Correct","Correct","Correct"
"9",50,"3_4_stimuli","4_4","Congruent","Incongruent","Incongruent","Incongruent",99.999207,100.199215,"4$",1.023744,"Correct","Correct","Correct","Correct"
"9",51,"5_6_stimuli","6_6","Congruent","Congruent","Incongruent","Incongruent",101.999192,102.199189,"6^",0.879437,"Correct","Correct","Correct","Correct"
"9",52,"7_8_stimuli","8_7","Incongruent","Congruent","Congruent","Incongruent",103.999182,104.199182,"7&",0.767827,"Correct","Correct","Correct","Correct"
"9",53,"1_2_stimuli","2_1","Incongruent","Incongruent","Congruent","Congruent",105.999164,106.199162,"1!",0.623923,"Correct","Correct","Correct","Correct"
"9",54,"3_4_stimuli","3_4","Incongruent","Incongruent","Incongruent","Congruent",107.999151,108.199143,"4$",1.18383,"Correct","Correct","Correct","Correct"
"9",55,"5_6_stimuli","5_5","Congruent","Incongruent","Incongruent","Incongruent",109.999128,110.199126,"5%",0.68776,"Correct","Correct","Correct","Correct"
"9",56,"7_8_stimuli","8_7","Incongruent","Congruent","Incongruent","Incongruent",111.999117,112.199106,"7&",0.832038,"Correct","Correct","Correct","Correct"
"9",57,"1_2_stimuli","1_1","Congruent","Incongruent","Congruent","Incongruent",113.999096,114.199096,"1!",0.623233,"Correct","Correct","Correct","Correct"
"9",58,"3_4_stimuli","4_3","Incongruent","Congruent","Incongruent","Congruent",115.999085,116.199085,"4$",0.607241,"Error","Correct","Correct","Correct"
"9",59,"5_6_stimuli","5_6","Incongruent","Incongruent","Congruent","Incongruent",117.999062,118.199067,"6^",0.624061,"Correct","Error","Correct","Correct"
"9",60,"7_8_stimuli","8_8","Congruent","Incongruent","Incongruent","Congruent",119.999047,120.199051,"8*",0.592001,"Correct","Correct","Error","Correct"
"9",61,"1_2_stimuli","2_1","Incongruent","Congruent","Incongruent","Incongruent",121.999034,122.199037,"1!",0.447438,"Correct","Correct","Correct","Error"
"9",62,"3_4_stimuli","4_3","Incongruent","Incongruent","Congruent","Incongruent",123.999021,124.199013,"3#",0.815367,"Correct","Correct","Correct","Correct"
"9",63,"5_6_stimuli","6_6","Congruent","Incongruent","Incongruent","Congruent",125.999002,126.199006,"6^",0.976111,"Correct","Correct","Correct","Correct"
"9",64,"7_8_stimuli","7_7","Congruent","Congruent","Incongruent","Incongruent",127.99899,128.198984,"7&",0.54411,"Correct","Correct","Correct","Correct"
"9",65,"1_2_stimuli","1_2","Incongruent","Congruent","Congruent","Incongruent",129.998973,130.19897,"2@",0.624059,"Correct","Correct","Correct","Correct"
"9",66,"3_4_stimuli","3_3","Congruent","Incongruent","Congruent","Congruent",131.998963,132.198953,"3#",0.911686,"Correct","Correct","Correct","Correct"
"9",67,"5_6_stimuli","5_5","Congruent","Congruent","Incongruent","Congruent",133.998946,134.198945,"5%",0.927402,"Correct","Correct","Correct","Correct"
"9",68,"7_8_stimuli","7_7","Congruent","Congruent","Congruent","Incongruent",135.998927,136.198932,"7&",0.655411,"Correct","Correct","Correct","Correct"
"10",1,"1_2_stimuli","2_2","Congruent",NA,NA,NA,2.000226,2.200232,"2@",0.413651,"Correct",NA,NA,NA
"10",2,"3_4_stimuli","3_3","Congruent","Congruent",NA,NA,4.000217,4.200208,"3#",0.412878,"Correct","Correct",NA,NA
"10",3,"5_6_stimuli","5_6","Incongruent","Congruent","Congruent",NA,6.000199,6.200198,"6^",0.813421,"Correct","Correct","Correct",NA
"10",4,"7_8_stimuli","7_7","Congruent","Incongruent","Congruent","Congruent",8.00019,8.200184,"7&",0.493306,"Correct","Correct","Correct","Correct"
"10",5,"1_2_stimuli","1_2","Incongruent","Congruent","Incongruent","Congruent",10.000173,10.200162,"2@",0.460878,"Correct","Correct","Correct","Correct"
"10",6,"3_4_stimuli","3_4","Incongruent","Incongruent","Congruent","Incongruent",12.000148,12.200148,"4$",0.765548,"Correct","Correct","Correct","Correct"
"10",7,"5_6_stimuli","5_5","Congruent","Incongruent","Incongruent","Congruent",14.000133,14.200134,"5%",0.733036,"Correct","Correct","Correct","Correct"
"10",8,"7_8_stimuli","8_7","Incongruent","Congruent","Incongruent","Incongruent",16.000119,16.200126,"7&",0.861535,"Correct","Correct","Correct","Correct"
"10",9,"1_2_stimuli","1_1","Congruent","Incongruent","Congruent","Incongruent",18.000109,18.200105,"1!",0.620945,"Correct","Correct","Correct","Correct"
"10",10,"3_4_stimuli","3_3","Congruent","Congruent","Incongruent","Congruent",20.000093,20.200094,"3#",0.605468,"Correct","Correct","Correct","Correct"
"10",11,"5_6_stimuli","5_5","Congruent","Congruent","Congruent","Incongruent",22.000085,22.200078,"5%",0.95759,"Correct","Correct","Correct","Correct"
"10",12,"7_8_stimuli","7_8","Incongruent","Congruent","Congruent","Congruent",24.000058,24.200056,"8*",0.66945,"Correct","Correct","Correct","Correct"
"10",13,"1_2_stimuli","2_1","Incongruent","Incongruent","Congruent","Congruent",26.000048,26.200036,"1!",0.717009,"Correct","Correct","Correct","Correct"
"10",14,"3_4_stimuli","4_4","Congruent","Incongruent","Incongruent","Congruent",28.00004,28.200028,"4$",0.829381,"Correct","Correct","Correct","Correct"
"10",15,"5_6_stimuli","5_6","Incongruent","Congruent","Incongruent","Incongruent",30.000018,30.200015,"6^",0.845072,"Correct","Correct","Correct","Correct"
"10",16,"7_8_stimuli","8_8","Congruent","Incongruent","Congruent","Incongruent",31.999994,32.199996,"8*",0.573106,"Correct","Correct","Correct","Correct"
"10",17,"1_2_stimuli","2_2","Congruent","Congruent","Incongruent","Congruent",33.999988,34.199982,"2@",0.493692,"Correct","Correct","Correct","Correct"
"10",18,"3_4_stimuli","3_4","Incongruent","Congruent","Congruent","Incongruent",35.999977,36.199964,"4$",0.797404,"Correct","Correct","Correct","Correct"
"10",19,"5_6_stimuli","5_5","Congruent","Incongruent","Congruent","Congruent",37.99996,38.199959,"5%",0.89368,"Correct","Correct","Correct","Correct"
"10",20,"7_8_stimuli","7_7","Congruent","Congruent","Incongruent","Congruent",39.999936,40.199941,"7&",0.94115,"Correct","Correct","Correct","Correct"
"10",21,"1_2_stimuli","1_2","Incongruent","Congruent","Congruent","Incongruent",41.999915,42.199916,"2@",0.365204,"Correct","Correct","Correct","Correct"
"10",22,"3_4_stimuli","3_4","Incongruent","Incongruent","Congruent","Congruent",43.999907,44.199906,"4$",0.477617,"Correct","Correct","Correct","Correct"
"10",23,"5_6_stimuli","5_6","Incongruent","Incongruent","Incongruent","Congruent",45.999892,46.199892,"7&",0.74997,"Error","Correct","Correct","Correct"
"10",24,"7_8_stimuli","7_7","Congruent","Incongruent","Incongruent","Incongruent",47.999879,48.19987,"7&",0.349231,"Correct","Error","Correct","Correct"
"10",25,"1_2_stimuli","1_2","Incongruent","Congruent","Incongruent","Incongruent",49.999861,50.199867,"2@",0.461183,"Correct","Correct","Error","Correct"
"10",26,"3_4_stimuli","4_4","Congruent","Incongruent","Congruent","Incongruent",51.99984,52.199845,"4$",0.66929,"Correct","Correct","Correct","Error"
"10",27,"5_6_stimuli","6_6","Congruent","Congruent","Incongruent","Congruent",53.999833,54.199828,"6^",0.989451,"Correct","Correct","Correct","Correct"
"10",28,"7_8_stimuli","8_8","Congruent","Congruent","Congruent","Incongruent",55.999814,56.199823,"8*",0.429843,"Correct","Correct","Correct","Correct"
"10",29,"1_2_stimuli","1_2","Incongruent","Congruent","Congruent","Congruent",57.99981,58.199808,"2@",0.33328,"Correct","Correct","Correct","Correct"
"10",30,"3_4_stimuli","3_3","Congruent","Incongruent","Congruent","Congruent",59.999787,60.199788,"3#",0.829303,"Correct","Correct","Correct","Correct"
"10",31,"5_6_stimuli","6_5","Incongruent","Congruent","Incongruent","Congruent",61.999768,62.199776,"5%",0.7821,"Correct","Correct","Correct","Correct"
"10",32,"7_8_stimuli","8_7","Incongruent","Incongruent","Congruent","Incongruent",63.999761,64.199754,"7&",0.669769,"Correct","Correct","Correct","Correct"
"10",33,"1_2_stimuli","2_1","Incongruent","Incongruent","Incongruent","Congruent",65.999739,66.199747,"1!",0.702057,"Correct","Correct","Correct","Correct"
"10",34,"3_4_stimuli","3_3","Congruent","Incongruent","Incongruent","Incongruent",67.999732,68.199729,"Omission",5000,"Omission","Correct","Correct","Correct"
"10",35,"5_6_stimuli","6_6","Congruent","Congruent","Incongruent","Incongruent",69.999719,70.199707,"6^",1.021408,"Correct","Omission","Correct","Correct"
"10",36,"7_8_stimuli","7_8","Incongruent","Congruent","Congruent","Incongruent",71.999692,72.199686,"8*",0.653462,"Correct","Correct","Omission","Correct"
"10",37,"1_2_stimuli","2_2","Congruent","Incongruent","Congruent","Congruent",73.999684,74.199687,"2@",0.429874,"Correct","Correct","Correct","Omission"
"10",38,"3_4_stimuli","4_3","Incongruent","Congruent","Incongruent","Congruent",75.999669,76.199664,"3#",0.317921,"Correct","Correct","Correct","Correct"
"10",39,"5_6_stimuli","6_5","Incongruent","Incongruent","Congruent","Incongruent",77.999648,78.199653,"5%",0.685479,"Correct","Correct","Correct","Correct"
"10",40,"7_8_stimuli","8_8","Congruent","Incongruent","Incongruent","Congruent",79.999642,80.199634,"8*",0.606066,"Correct","Correct","Correct","Correct"
"10",41,"1_2_stimuli","2_2","Congruent","Congruent","Incongruent","Incongruent",81.999617,82.199622,"2@",0.413981,"Correct","Correct","Correct","Correct"
"10",42,"3_4_stimuli","4_4","Congruent","Congruent","Congruent","Incongruent",83.999602,84.199601,"4$",0.669479,"Correct","Correct","Correct","Correct"
"10",43,"5_6_stimuli","6_6","Congruent","Congruent","Congruent","Congruent",85.999587,86.199582,"6^",0.590289,"Correct","Correct","Correct","Correct"
"10",44,"7_8_stimuli","8_8","Congruent","Congruent","Congruent","Congruent",87.999577,88.19957,"8*",0.49349,"Correct","Correct","Correct","Correct"
"10",45,"1_2_stimuli","1_1","Congruent","Congruent","Congruent","Congruent",89.999561,90.199562,"1!",0.413982,"Correct","Correct","Correct","Correct"
"10",46,"3_4_stimuli","4_3","Incongruent","Congruent","Congruent","Congruent",91.999547,92.199543,"3#",0.57425,"Correct","Correct","Correct","Correct"
"10",47,"5_6_stimuli","5_6","Incongruent","Incongruent","Congruent","Congruent",93.999517,94.199513,"6^",0.685611,"Correct","Correct","Correct","Correct"
"10",48,"7_8_stimuli","8_7","Incongruent","Incongruent","Incongruent","Congruent",95.999512,96.199508,"7&",0.542049,"Correct","Correct","Correct","Correct"
"10",49,"1_2_stimuli","2_1","Incongruent","Incongruent","Incongruent","Incongruent",97.999502,98.199498,"1!",0.942386,"Correct","Correct","Correct","Correct"
"10",50,"3_4_stimuli","3_4","Incongruent","Incongruent","Incongruent","Incongruent",99.999486,100.199479,"4$",0.974018,"Correct","Correct","Correct","Correct"
"10",51,"5_6_stimuli","6_6","Congruent","Incongruent","Incongruent","Incongruent",101.999473,102.199455,"6^",0.846087,"Correct","Correct","Correct","Correct"
"10",52,"7_8_stimuli","7_7","Congruent","Congruent","Incongruent","Incongruent",103.999474,104.199448,"7&",0.589219,"Correct","Correct","Correct","Correct"
"10",53,"1_2_stimuli","1_1","Congruent","Congruent","Congruent","Incongruent",105.999433,106.199429,"1!",0.461697,"Correct","Correct","Correct","Correct"
"10",54,"3_4_stimuli","3_3","Congruent","Congruent","Congruent","Congruent",107.999417,108.199425,"3#",0.477695,"Correct","Correct","Correct","Correct"
"10",55,"5_6_stimuli","5_6","Incongruent","Congruent","Congruent","Congruent",109.999407,110.199407,"6^",0.718444,"Correct","Correct","Correct","Correct"
"10",56,"7_8_stimuli","7_8","Incongruent","Incongruent","Congruent","Congruent",111.999388,112.199383,"7&",0.334254,"Error","Correct","Correct","Correct"
"10",57,"1_2_stimuli","1_1","Congruent","Incongruent","Incongruent","Congruent",113.999372,114.199371,"1!",0.733759,"Correct","Error","Correct","Correct"
"10",58,"3_4_stimuli","4_3","Incongruent","Congruent","Incongruent","Incongruent",115.999358,116.199351,"3#",0.702566,"Correct","Correct","Error","Correct"
"10",59,"5_6_stimuli","5_5","Congruent","Incongruent","Congruent","Incongruent",117.999342,118.199339,"5%",1.038245,"Correct","Correct","Correct","Error"
"10",60,"7_8_stimuli","7_8","Incongruent","Congruent","Incongruent","Congruent",119.99932,120.19932,"7&",0.750512,"Error","Correct","Correct","Correct"
"10",61,"1_2_stimuli","2_1","Incongruent","Incongruent","Congruent","Incongruent",121.9993,122.199315,"1!",0.574196,"Correct","Error","Correct","Correct"
"10",62,"3_4_stimuli","4_3","Incongruent","Incongruent","Incongruent","Congruent",123.999296,124.199296,"3#",0.526322,"Correct","Correct","Error","Correct"
"10",63,"5_6_stimuli","6_5","Incongruent","Incongruent","Incongruent","Incongruent",125.999276,126.199286,"5%",1.037868,"Correct","Correct","Correct","Error"
"10",64,"7_8_stimuli","8_7","Incongruent","Incongruent","Incongruent","Incongruent",127.999267,128.199254,"7&",1.198492,"Correct","Correct","Correct","Correct"
"10",65,"1_2_stimuli","2_2","Congruent","Incongruent","Incongruent","Incongruent",129.999245,130.19925,"2@",0.333874,"Correct","Correct","Correct","Correct"
"10",66,"3_4_stimuli","4_4","Congruent","Congruent","Incongruent","Incongruent",131.999226,132.199223,"4$",0.574029,"Correct","Correct","Correct","Correct"
"10",67,"5_6_stimuli","6_5","Incongruent","Congruent","Congruent","Incongruent",133.999216,134.19922,"5%",0.717928,"Correct","Correct","Correct","Correct"
"10",68,"7_8_stimuli","7_7","Congruent","Incongruent","Congruent","Congruent",135.999193,136.199195,"7&",0.638629,"Correct","Correct","Correct","Correct"
"11",1,"1_2_stimuli","1_1","Congruent",NA,NA,NA,1.999988,2.199985,"1!",0.641276,"Correct",NA,NA,NA
"11",2,"3_4_stimuli","4_3","Incongruent","Congruent",NA,NA,3.999976,4.199978,"3#",0.801196,"Correct","Correct",NA,NA
"11",3,"5_6_stimuli","6_5","Incongruent","Incongruent","Congruent",NA,5.999952,6.19995,"5%",0.704663,"Correct","Correct","Correct",NA
"11",4,"7_8_stimuli","8_7","Incongruent","Incongruent","Incongruent","Congruent",7.999943,8.199943,"7&",0.720741,"Correct","Correct","Correct","Correct"
"11",5,"1_2_stimuli","2_2","Congruent","Incongruent","Incongruent","Incongruent",9.999928,10.199925,"2@",0.353222,"Correct","Correct","Correct","Correct"
"11",6,"3_4_stimuli","3_3","Congruent","Congruent","Incongruent","Incongruent",11.99992,12.199906,"3#",0.417247,"Correct","Correct","Correct","Correct"
"11",7,"5_6_stimuli","6_6","Congruent","Congruent","Congruent","Incongruent",13.999898,14.199894,"6^",0.865139,"Correct","Correct","Correct","Correct"
"11",8,"7_8_stimuli","8_8","Congruent","Congruent","Congruent","Congruent",15.999886,16.19988,"8*",0.576855,"Correct","Correct","Correct","Correct"
"11",9,"1_2_stimuli","1_1","Congruent","Congruent","Congruent","Congruent",17.999869,18.199871,"1!",0.593429,"Correct","Correct","Correct","Correct"
"11",10,"3_4_stimuli","3_4","Incongruent","Congruent","Congruent","Congruent",19.999848,20.199848,"4$",0.704867,"Correct","Correct","Correct","Correct"
"11",11,"5_6_stimuli","6_5","Incongruent","Incongruent","Congruent","Congruent",21.999829,22.19984,"5%",0.336888,"Correct","Correct","Correct","Correct"
"11",12,"7_8_stimuli","8_7","Incongruent","Incongruent","Incongruent","Congruent",23.999818,24.199815,"7&",0.561091,"Correct","Correct","Correct","Correct"
"11",13,"1_2_stimuli","2_1","Incongruent","Incongruent","Incongruent","Incongruent",25.999807,26.199808,"1!",0.450017,"Correct","Correct","Correct","Correct"
"11",14,"3_4_stimuli","3_4","Incongruent","Incongruent","Incongruent","Incongruent",27.999796,28.199797,"4$",0.76937,"Correct","Correct","Correct","Correct"
"11",15,"5_6_stimuli","5_6","Incongruent","Incongruent","Incongruent","Incongruent",29.999775,30.199768,"6^",0.657613,"Correct","Correct","Correct","Correct"
"11",16,"7_8_stimuli","7_7","Congruent","Incongruent","Incongruent","Incongruent",31.999753,32.19976,"7&",0.48154,"Correct","Correct","Correct","Correct"
"11",17,"1_2_stimuli","1_1","Congruent","Congruent","Incongruent","Incongruent",33.999732,34.19974,"1!",0.464983,"Correct","Correct","Correct","Correct"
"11",18,"3_4_stimuli","3_3","Congruent","Congruent","Congruent","Incongruent",35.99975,36.199724,"3#",0.528965,"Correct","Correct","Correct","Correct"
"11",19,"5_6_stimuli","6_6","Congruent","Congruent","Congruent","Congruent",37.999709,38.19972,"6^",1.009316,"Correct","Correct","Correct","Correct"
"11",20,"7_8_stimuli","7_8","Incongruent","Congruent","Congruent","Congruent",39.999699,40.199702,"8*",0.577776,"Correct","Correct","Correct","Correct"
"11",21,"1_2_stimuli","2_1","Incongruent","Incongruent","Congruent","Congruent",41.999681,42.199677,"1!",0.705537,"Correct","Correct","Correct","Correct"
"11",22,"3_4_stimuli","4_4","Congruent","Incongruent","Incongruent","Congruent",43.999663,44.199672,"4$",0.881396,"Correct","Correct","Correct","Correct"
"11",23,"5_6_stimuli","5_6","Incongruent","Congruent","Incongruent","Incongruent",45.99965,46.199655,"6^",0.609555,"Correct","Correct","Correct","Correct"
"11",24,"7_8_stimuli","8_8","Congruent","Incongruent","Congruent","Incongruent",47.999627,48.199643,"8*",0.481751,"Correct","Correct","Correct","Correct"
"11",25,"1_2_stimuli","1_2","Incongruent","Congruent","Incongruent","Congruent",49.999625,50.199614,"2@",0.401108,"Correct","Correct","Correct","Correct"
"11",26,"3_4_stimuli","3_3","Congruent","Incongruent","Congruent","Incongruent",51.999603,52.19961,"3#",0.481416,"Correct","Correct","Correct","Correct"
"11",27,"5_6_stimuli","5_5","Congruent","Congruent","Incongruent","Congruent",53.999592,54.199594,"5%",0.801199,"Correct","Correct","Correct","Correct"
"11",28,"7_8_stimuli","7_8","Incongruent","Congruent","Congruent","Incongruent",55.999567,56.199575,"8*",0.513614,"Correct","Correct","Correct","Correct"
"11",29,"1_2_stimuli","1_1","Congruent","Incongruent","Congruent","Congruent",57.999564,58.19956,"1!",0.417674,"Correct","Correct","Correct","Correct"
"11",30,"3_4_stimuli","3_3","Congruent","Congruent","Incongruent","Congruent",59.999544,60.199551,"3#",0.577145,"Correct","Correct","Correct","Correct"
"11",31,"5_6_stimuli","6_5","Incongruent","Congruent","Congruent","Incongruent",61.999536,62.199519,"5%",0.641745,"Correct","Correct","Correct","Correct"
"11",32,"7_8_stimuli","7_7","Congruent","Incongruent","Congruent","Congruent",63.999517,64.199534,"7&",0.513648,"Correct","Correct","Correct","Correct"
"11",33,"1_2_stimuli","2_2","Congruent","Congruent","Incongruent","Congruent",65.999507,66.199492,"2@",0.369591,"Correct","Correct","Correct","Correct"
"11",34,"3_4_stimuli","3_4","Incongruent","Congruent","Congruent","Incongruent",67.999474,68.199489,"4$",0.737175,"Correct","Correct","Correct","Correct"
"11",35,"5_6_stimuli","5_5","Congruent","Incongruent","Congruent","Congruent",69.999467,70.199466,"5%",0.545642,"Correct","Correct","Correct","Correct"
"11",36,"7_8_stimuli","8_8","Congruent","Congruent","Incongruent","Congruent",71.999458,72.19945,"8*",0.593312,"Correct","Correct","Correct","Correct"
"11",37,"1_2_stimuli","1_2","Incongruent","Congruent","Congruent","Incongruent",73.999437,74.199431,"2@",0.337595,"Correct","Correct","Correct","Correct"
"11",38,"3_4_stimuli","4_4","Congruent","Incongruent","Congruent","Congruent",75.999413,76.199426,"4$",0.497238,"Correct","Correct","Correct","Correct"
"11",39,"5_6_stimuli","6_5","Incongruent","Congruent","Incongruent","Congruent",77.999398,78.199412,"5%",0.545322,"Correct","Correct","Correct","Correct"
"11",40,"7_8_stimuli","8_7","Incongruent","Incongruent","Congruent","Incongruent",79.999382,80.199387,"7&",0.530039,"Correct","Correct","Correct","Correct"
"11",41,"1_2_stimuli","1_2","Incongruent","Incongruent","Incongruent","Congruent",81.99937,82.199364,"2@",0.530093,"Correct","Correct","Correct","Correct"
"11",42,"3_4_stimuli","4_4","Congruent","Incongruent","Incongruent","Incongruent",83.999356,84.19936,"4$",0.561374,"Correct","Correct","Correct","Correct"
"11",43,"5_6_stimuli","6_6","Congruent","Congruent","Incongruent","Incongruent",85.999336,86.199335,"6^",1.025476,"Correct","Correct","Correct","Correct"
"11",44,"7_8_stimuli","8_8","Congruent","Congruent","Congruent","Incongruent",87.99932,88.199331,"8*",0.577953,"Correct","Correct","Correct","Correct"
"11",45,"1_2_stimuli","2_1","Incongruent","Congruent","Congruent","Congruent",89.999315,90.199306,"1!",0.785927,"Correct","Correct","Correct","Correct"
"11",46,"3_4_stimuli","3_4","Incongruent","Incongruent","Congruent","Congruent",91.999292,92.199289,"4$",0.721435,"Correct","Correct","Correct","Correct"
"11",47,"5_6_stimuli","5_5","Congruent","Incongruent","Incongruent","Congruent",93.99928,94.199289,"5%",0.722097,"Correct","Correct","Correct","Correct"
"11",48,"7_8_stimuli","7_7","Congruent","Congruent","Incongruent","Incongruent",95.999269,96.199267,"7&",0.802079,"Correct","Correct","Correct","Correct"
"11",49,"1_2_stimuli","1_1","Congruent","Congruent","Congruent","Incongruent",97.999246,98.19925,"1!",0.449481,"Correct","Correct","Correct","Correct"
"11",50,"3_4_stimuli","4_4","Congruent","Congruent","Congruent","Congruent",99.999232,100.199232,"4$",0.705553,"Correct","Correct","Correct","Correct"
"11",51,"5_6_stimuli","6_5","Incongruent","Congruent","Congruent","Congruent",101.999224,102.199222,"5%",0.513961,"Correct","Correct","Correct","Correct"
"11",52,"7_8_stimuli","7_8","Incongruent","Incongruent","Congruent","Congruent",103.999197,104.199202,"8*",0.561542,"Correct","Correct","Correct","Correct"
"11",53,"1_2_stimuli","2_2","Congruent","Incongruent","Incongruent","Congruent",105.999187,106.199191,"2@",0.306017,"Correct","Correct","Correct","Correct"
"11",54,"3_4_stimuli","4_3","Incongruent","Congruent","Incongruent","Incongruent",107.999178,108.199176,"3#",0.306318,"Correct","Correct","Correct","Correct"
"11",55,"5_6_stimuli","6_6","Congruent","Incongruent","Congruent","Incongruent",109.99915,110.199155,"6^",0.929627,"Correct","Correct","Correct","Correct"
"11",56,"7_8_stimuli","7_8","Incongruent","Congruent","Incongruent","Congruent",111.999143,112.199134,"8*",0.497683,"Correct","Correct","Correct","Correct"
"11",57,"1_2_stimuli","1_2","Incongruent","Incongruent","Congruent","Incongruent",113.999129,114.199124,"2@",0.386111,"Correct","Correct","Correct","Correct"
"11",58,"3_4_stimuli","4_3","Incongruent","Incongruent","Incongruent","Congruent",115.999108,116.199109,"3#",0.546188,"Correct","Correct","Correct","Correct"
"11",59,"5_6_stimuli","5_5","Congruent","Incongruent","Incongruent","Incongruent",117.9991,118.199088,"5%",0.642203,"Correct","Correct","Correct","Correct"
"11",60,"7_8_stimuli","8_7","Incongruent","Congruent","Incongruent","Incongruent",119.999082,120.199072,"7&",0.482219,"Correct","Correct","Correct","Correct"
"11",61,"1_2_stimuli","2_2","Congruent","Incongruent","Congruent","Incongruent",121.999065,122.199062,"2@",0.401984,"Correct","Correct","Correct","Correct"
"11",62,"3_4_stimuli","4_3","Incongruent","Congruent","Incongruent","Congruent",123.999058,124.199044,"3#",0.386165,"Correct","Correct","Correct","Correct"
"11",63,"5_6_stimuli","5_6","Incongruent","Incongruent","Congruent","Incongruent",125.999031,126.199036,"6^",0.881756,"Correct","Correct","Correct","Correct"
"11",64,"7_8_stimuli","7_7","Congruent","Incongruent","Incongruent","Congruent",127.999015,128.199018,"7&",0.545766,"Correct","Correct","Correct","Correct"
"11",65,"1_2_stimuli","2_1","Incongruent","Congruent","Incongruent","Incongruent",129.999005,130.198996,"1!",1.298209,"Correct","Correct","Correct","Correct"
"11",66,"3_4_stimuli","4_3","Incongruent","Incongruent","Congruent","Incongruent",131.998982,132.19898,"3#",0.706301,"Correct","Correct","Correct","Correct"
"11",67,"5_6_stimuli","5_6","Incongruent","Incongruent","Incongruent","Congruent",133.99897,134.198972,"6^",1.361847,"Correct","Correct","Correct","Correct"
"11",68,"7_8_stimuli","8_7","Incongruent","Incongruent","Incongruent","Incongruent",135.998956,136.198954,"7&",0.513805,"Correct","Correct","Correct","Correct"
"12",1,"1_2_stimuli","2_2","Congruent",NA,NA,NA,1.999986,2.19999,"2@",0.476863,"Correct",NA,NA,NA
"12",2,"3_4_stimuli","4_3","Incongruent","Congruent",NA,NA,3.999967,4.199979,"3#",0.476534,"Correct","Correct",NA,NA
"12",3,"5_6_stimuli","6_6","Congruent","Incongruent","Congruent",NA,5.999957,6.199956,"6^",0.988902,"Correct","Correct","Correct",NA
"12",4,"7_8_stimuli","7_8","Incongruent","Congruent","Incongruent","Congruent",7.99994,8.199947,"8*",0.589085,"Correct","Correct","Correct","Correct"
"12",5,"1_2_stimuli","2_2","Congruent","Incongruent","Congruent","Incongruent",9.999925,10.199922,"2@",0.31662,"Correct","Correct","Correct","Correct"
"12",6,"3_4_stimuli","4_4","Congruent","Congruent","Incongruent","Congruent",11.999915,12.199905,"4$",0.732602,"Correct","Correct","Correct","Correct"
"12",7,"5_6_stimuli","6_5","Incongruent","Congruent","Congruent","Incongruent",13.999907,14.199894,"5%",0.7168,"Correct","Correct","Correct","Correct"
"12",8,"7_8_stimuli","8_8","Congruent","Incongruent","Congruent","Congruent",15.999876,16.19988,"8*",0.509255,"Correct","Correct","Correct","Correct"
"12",9,"1_2_stimuli","1_1","Congruent","Congruent","Incongruent","Congruent",17.999864,18.199868,"1!",0.50899,"Correct","Correct","Correct","Correct"
"12",10,"3_4_stimuli","3_3","Congruent","Congruent","Congruent","Incongruent",19.999849,20.199855,"4$",0.573062,"Error","Correct","Correct","Correct"
"12",11,"5_6_stimuli","5_5","Congruent","Congruent","Congruent","Congruent",21.999834,22.199844,"6^",0.637197,"Error","Error","Correct","Correct"
"12",12,"7_8_stimuli","7_7","Congruent","Congruent","Congruent","Congruent",23.999815,24.199816,"7&",0.749447,"Correct","Error","Error","Correct"
"12",13,"1_2_stimuli","1_1","Congruent","Congruent","Congruent","Congruent",25.999802,26.1998,"1!",0.57331,"Correct","Correct","Error","Error"
"12",14,"3_4_stimuli","4_3","Incongruent","Congruent","Congruent","Congruent",27.999787,28.199793,"3#",0.444754,"Correct","Correct","Correct","Error"
"12",15,"5_6_stimuli","5_6","Incongruent","Incongruent","Congruent","Congruent",29.999769,30.199766,"6^",0.877492,"Correct","Correct","Correct","Correct"
"12",16,"7_8_stimuli","7_7","Congruent","Incongruent","Incongruent","Congruent",31.999758,32.199768,"7&",0.429277,"Correct","Correct","Correct","Correct"
"12",17,"1_2_stimuli","1_1","Congruent","Congruent","Incongruent","Incongruent",33.999743,34.199743,"1!",0.605447,"Correct","Correct","Correct","Correct"
"12",18,"3_4_stimuli","3_4","Incongruent","Congruent","Congruent","Incongruent",35.999736,36.199721,"4$",0.701382,"Correct","Correct","Correct","Correct"
"12",19,"5_6_stimuli","6_6","Congruent","Incongruent","Congruent","Congruent",37.999722,38.19972,"6^",0.653125,"Correct","Correct","Correct","Correct"
"12",20,"7_8_stimuli","8_8","Congruent","Congruent","Incongruent","Congruent",39.999693,40.199695,"8*",0.493175,"Correct","Correct","Correct","Correct"
"12",21,"1_2_stimuli","2_1","Incongruent","Congruent","Congruent","Incongruent",41.999684,42.199677,"1!",0.476887,"Correct","Correct","Correct","Correct"
"12",22,"3_4_stimuli","4_4","Congruent","Incongruent","Congruent","Congruent",43.999671,44.199663,"4$",0.47757,"Correct","Correct","Correct","Correct"
"12",23,"5_6_stimuli","5_5","Congruent","Congruent","Incongruent","Congruent",45.999653,46.199641,"5%",0.525515,"Correct","Correct","Correct","Correct"
"12",24,"7_8_stimuli","7_8","Incongruent","Congruent","Congruent","Incongruent",47.999634,48.199631,"8*",0.541258,"Correct","Correct","Correct","Correct"
"12",25,"1_2_stimuli","1_2","Incongruent","Incongruent","Congruent","Congruent",49.999617,50.199624,"2@",0.74898,"Correct","Correct","Correct","Correct"
"12",26,"3_4_stimuli","4_3","Incongruent","Incongruent","Incongruent","Congruent",51.999598,52.199614,"3#",0.55702,"Correct","Correct","Correct","Correct"
"12",27,"5_6_stimuli","5_5","Congruent","Incongruent","Incongruent","Incongruent",53.999588,54.19958,"5%",0.781447,"Correct","Correct","Correct","Correct"
"12",28,"7_8_stimuli","7_7","Congruent","Congruent","Incongruent","Incongruent",55.999573,56.19958,"7&",0.84507,"Correct","Correct","Correct","Correct"
"12",29,"1_2_stimuli","2_2","Congruent","Congruent","Congruent","Incongruent",57.999568,58.199556,"2@",0.477483,"Correct","Correct","Correct","Correct"
"12",30,"3_4_stimuli","4_4","Congruent","Congruent","Congruent","Congruent",59.999548,60.199532,"4$",0.653465,"Correct","Correct","Correct","Correct"
"12",31,"5_6_stimuli","6_5","Incongruent","Congruent","Congruent","Congruent",61.999526,62.199524,"5%",0.653489,"Correct","Correct","Correct","Correct"
"12",32,"7_8_stimuli","7_8","Incongruent","Incongruent","Congruent","Congruent",63.999519,64.199507,"7&",1.133814,"Error","Correct","Correct","Correct"
"12",33,"1_2_stimuli","2_2","Congruent","Incongruent","Incongruent","Congruent",65.999505,66.199494,"2@",0.365632,"Correct","Error","Correct","Correct"
"12",34,"3_4_stimuli","3_4","Incongruent","Congruent","Incongruent","Incongruent",67.999477,68.199481,"4$",0.557607,"Correct","Correct","Error","Correct"
"12",35,"5_6_stimuli","5_6","Incongruent","Incongruent","Congruent","Incongruent",69.999467,70.19947,"6^",0.749104,"Correct","Correct","Correct","Error"
"12",36,"7_8_stimuli","7_8","Incongruent","Incongruent","Incongruent","Congruent",71.999447,72.199452,"8*",0.541134,"Correct","Correct","Correct","Correct"
"12",37,"1_2_stimuli","2_1","Incongruent","Incongruent","Incongruent","Incongruent",73.999429,74.199433,"1!",0.701852,"Correct","Correct","Correct","Correct"
"12",38,"3_4_stimuli","3_3","Congruent","Incongruent","Incongruent","Incongruent",75.999423,76.199411,"3#",0.589193,"Correct","Correct","Correct","Correct"
"12",39,"5_6_stimuli","6_6","Congruent","Congruent","Incongruent","Incongruent",77.99941,78.1994,"6^",0.86172,"Correct","Correct","Correct","Correct"
"12",40,"7_8_stimuli","7_7","Congruent","Congruent","Congruent","Incongruent",79.999385,80.199384,"7&",0.445506,"Correct","Correct","Correct","Correct"
"12",41,"1_2_stimuli","2_1","Incongruent","Congruent","Congruent","Congruent",81.999375,82.199371,"1!",0.621946,"Correct","Correct","Correct","Correct"
"12",42,"3_4_stimuli","4_3","Incongruent","Incongruent","Congruent","Congruent",83.999358,84.199353,"3#",0.525653,"Correct","Correct","Correct","Correct"
"12",43,"5_6_stimuli","6_6","Congruent","Incongruent","Incongruent","Congruent",85.99934,86.199341,"6^",0.877848,"Correct","Correct","Correct","Correct"
"12",44,"7_8_stimuli","8_7","Incongruent","Congruent","Incongruent","Incongruent",87.999333,88.199326,"7&",0.526023,"Correct","Correct","Correct","Correct"
"12",45,"1_2_stimuli","1_2","Incongruent","Incongruent","Congruent","Incongruent",89.999306,90.199322,"2@",0.477289,"Correct","Correct","Correct","Correct"
"12",46,"3_4_stimuli","3_3","Congruent","Incongruent","Incongruent","Congruent",91.999308,92.199298,"3#",0.445313,"Correct","Correct","Correct","Correct"
"12",47,"5_6_stimuli","6_5","Incongruent","Congruent","Incongruent","Incongruent",93.999281,94.199276,"6^",0.845755,"Error","Correct","Correct","Correct"
"12",48,"7_8_stimuli","8_7","Incongruent","Incongruent","Congruent","Incongruent",95.999267,96.19926,"7&",1.293516,"Correct","Error","Correct","Correct"
"12",49,"1_2_stimuli","2_1","Incongruent","Incongruent","Incongruent","Congruent",97.999257,98.199254,"1!",0.637654,"Correct","Correct","Error","Correct"
"12",50,"3_4_stimuli","3_4","Incongruent","Incongruent","Incongruent","Incongruent",99.999243,100.199248,"4$",0.605525,"Correct","Correct","Correct","Error"
"12",51,"5_6_stimuli","5_6","Incongruent","Incongruent","Incongruent","Incongruent",101.999219,102.199214,"6^",0.989406,"Correct","Correct","Correct","Correct"
"12",52,"7_8_stimuli","8_8","Congruent","Incongruent","Incongruent","Incongruent",103.999202,104.199204,"8*",0.541386,"Correct","Correct","Correct","Correct"
"12",53,"1_2_stimuli","1_2","Incongruent","Congruent","Incongruent","Incongruent",105.999199,106.199178,"2@",0.366067,"Correct","Correct","Correct","Correct"
"12",54,"3_4_stimuli","4_4","Congruent","Incongruent","Congruent","Incongruent",107.999174,108.199172,"4$",0.573402,"Correct","Correct","Correct","Correct"
"12",55,"5_6_stimuli","5_6","Incongruent","Congruent","Incongruent","Congruent",109.999153,110.199161,"6^",1.165457,"Correct","Correct","Correct","Correct"
"12",56,"7_8_stimuli","8_8","Congruent","Incongruent","Congruent","Incongruent",111.999152,112.199142,"8*",0.462038,"Correct","Correct","Correct","Correct"
"12",57,"1_2_stimuli","1_2","Incongruent","Congruent","Incongruent","Congruent",113.999125,114.199122,"2@",0.477915,"Correct","Correct","Correct","Correct"
"12",58,"3_4_stimuli","3_4","Incongruent","Incongruent","Congruent","Incongruent",115.999111,116.199113,"4$",0.541516,"Correct","Correct","Correct","Correct"
"12",59,"5_6_stimuli","6_5","Incongruent","Incongruent","Incongruent","Congruent",117.999096,118.199093,"5%",0.670271,"Correct","Correct","Correct","Correct"
"12",60,"7_8_stimuli","7_8","Incongruent","Incongruent","Incongruent","Incongruent",119.999082,120.199078,"8*",0.526913,"Correct","Correct","Correct","Correct"
"12",61,"1_2_stimuli","1_1","Congruent","Incongruent","Incongruent","Incongruent",121.999062,122.199068,"1!",0.509957,"Correct","Correct","Correct","Correct"
"12",62,"3_4_stimuli","3_3","Congruent","Congruent","Incongruent","Incongruent",123.999055,124.199046,"3#",0.509941,"Correct","Correct","Correct","Correct"
"12",63,"5_6_stimuli","6_6","Congruent","Congruent","Congruent","Incongruent",125.999033,126.199029,"6^",0.605685,"Correct","Correct","Correct","Correct"
"12",64,"7_8_stimuli","8_7","Incongruent","Congruent","Congruent","Congruent",127.999022,128.199013,"7&",0.510129,"Correct","Correct","Correct","Correct"
"12",65,"1_2_stimuli","2_2","Congruent","Incongruent","Congruent","Congruent",129.999003,130.199001,"2@",0.366154,"Correct","Correct","Correct","Correct"
"12",66,"3_4_stimuli","4_3","Incongruent","Congruent","Incongruent","Congruent",131.998994,132.198983,"3#",0.494063,"Correct","Correct","Correct","Correct"
"12",67,"5_6_stimuli","5_5","Congruent","Incongruent","Congruent","Incongruent",133.998971,134.198967,"5%",1.054118,"Correct","Correct","Correct","Correct"
"12",68,"7_8_stimuli","8_7","Incongruent","Congruent","Incongruent","Congruent",135.998953,136.198954,"6^",0.957648,"Error","Correct","Correct","Correct"
"13",1,"1_2_stimuli","1_1","Congruent",NA,NA,NA,1.99999,2.199979,"1!",0.605536,"Correct",NA,NA,NA
"13",2,"3_4_stimuli","3_3","Congruent","Congruent",NA,NA,3.999974,4.199971,"3#",0.605546,"Correct","Correct",NA,NA
"13",3,"5_6_stimuli","5_6","Incongruent","Congruent","Congruent",NA,5.999966,6.199963,"6^",0.861142,"Correct","Correct","Correct",NA
"13",4,"7_8_stimuli","7_8","Incongruent","Incongruent","Congruent","Congruent",7.999942,8.199938,"8*",0.557598,"Correct","Correct","Correct","Correct"
"13",5,"1_2_stimuli","2_1","Incongruent","Incongruent","Incongruent","Congruent",9.999926,10.199933,"1!",0.717159,"Correct","Correct","Correct","Correct"
"13",6,"3_4_stimuli","4_4","Congruent","Incongruent","Incongruent","Incongruent",11.999916,12.199914,"4$",0.62174,"Correct","Correct","Correct","Correct"
"13",7,"5_6_stimuli","5_6","Incongruent","Congruent","Incongruent","Incongruent",13.999893,14.199893,"6^",0.669511,"Correct","Correct","Correct","Correct"
"13",8,"7_8_stimuli","8_7","Incongruent","Incongruent","Congruent","Incongruent",15.999877,16.199874,"7&",0.461215,"Correct","Correct","Correct","Correct"
"13",9,"1_2_stimuli","1_1","Congruent","Incongruent","Incongruent","Congruent",17.999862,18.199863,"1!",0.605673,"Correct","Correct","Correct","Correct"
"13",10,"3_4_stimuli","4_4","Congruent","Congruent","Incongruent","Incongruent",19.999846,20.199853,"4$",0.941864,"Correct","Correct","Correct","Correct"
"13",11,"5_6_stimuli","6_5","Incongruent","Congruent","Congruent","Incongruent",21.999837,22.199828,"5%",0.541259,"Correct","Correct","Correct","Correct"
"13",12,"7_8_stimuli","8_8","Congruent","Incongruent","Congruent","Congruent",23.999821,24.199815,"8*",0.461583,"Correct","Correct","Correct","Correct"
"13",13,"1_2_stimuli","1_1","Congruent","Congruent","Incongruent","Congruent",25.999805,26.199798,"1!",0.429305,"Correct","Correct","Correct","Correct"
"13",14,"3_4_stimuli","3_3","Congruent","Congruent","Congruent","Incongruent",27.999793,28.199782,"3#",0.893297,"Correct","Correct","Correct","Correct"
"13",15,"5_6_stimuli","6_6","Congruent","Congruent","Congruent","Congruent",29.99978,30.199771,"6^",1.262022,"Correct","Correct","Correct","Correct"
"13",16,"7_8_stimuli","8_7","Incongruent","Congruent","Congruent","Congruent",31.999767,32.199754,"7&",0.381823,"Correct","Correct","Correct","Correct"
"13",17,"1_2_stimuli","2_2","Congruent","Incongruent","Congruent","Congruent",33.999733,34.199745,"2@",0.557391,"Correct","Correct","Correct","Correct"
"13",18,"3_4_stimuli","3_4","Incongruent","Congruent","Incongruent","Congruent",35.999729,36.199722,"4$",0.829864,"Correct","Correct","Correct","Correct"
"13",19,"5_6_stimuli","6_5","Incongruent","Incongruent","Congruent","Incongruent",37.999709,38.199718,"5%",0.493932,"Correct","Correct","Correct","Correct"
"13",20,"7_8_stimuli","7_7","Congruent","Incongruent","Incongruent","Congruent",39.999702,40.199687,"7&",0.461804,"Correct","Correct","Correct","Correct"
"13",21,"1_2_stimuli","1_2","Incongruent","Congruent","Incongruent","Incongruent",41.999684,42.199679,"2@",0.541883,"Correct","Correct","Correct","Correct"
"13",22,"3_4_stimuli","4_3","Incongruent","Incongruent","Congruent","Incongruent",43.999667,44.199665,"3#",0.493929,"Correct","Correct","Correct","Correct"
"13",23,"5_6_stimuli","5_5","Congruent","Incongruent","Incongruent","Congruent",45.999659,46.199649,"5%",0.605878,"Correct","Correct","Correct","Correct"
"13",24,"7_8_stimuli","7_8","Incongruent","Congruent","Incongruent","Incongruent",47.999633,48.199638,"8*",0.509769,"Correct","Correct","Correct","Correct"
"13",25,"1_2_stimuli","1_2","Incongruent","Incongruent","Congruent","Incongruent",49.999614,50.19962,"2@",0.573478,"Correct","Correct","Correct","Correct"
"13",26,"3_4_stimuli","4_4","Congruent","Incongruent","Incongruent","Congruent",51.999612,52.199608,"4$",0.55784,"Correct","Correct","Correct","Correct"
"13",27,"5_6_stimuli","6_6","Congruent","Congruent","Incongruent","Incongruent",53.999596,54.199587,"Omission",5000,"Omission","Correct","Correct","Correct"
"13",28,"7_8_stimuli","7_8","Incongruent","Congruent","Congruent","Incongruent",55.999576,56.199563,"8*",0.605571,"Correct","Omission","Correct","Correct"
"13",29,"1_2_stimuli","2_1","Incongruent","Incongruent","Congruent","Congruent",57.999564,58.199553,"1!",0.669566,"Correct","Correct","Omission","Correct"
"13",30,"3_4_stimuli","3_4","Incongruent","Incongruent","Incongruent","Congruent",59.999543,60.199539,"4$",0.861624,"Correct","Correct","Correct","Omission"
"13",31,"5_6_stimuli","5_6","Incongruent","Incongruent","Incongruent","Incongruent",61.999527,62.199523,"6^",0.701953,"Correct","Correct","Correct","Correct"
"13",32,"7_8_stimuli","8_7","Incongruent","Incongruent","Incongruent","Incongruent",63.999514,64.199512,"7&",0.654177,"Correct","Correct","Correct","Correct"
"13",33,"1_2_stimuli","2_2","Congruent","Incongruent","Incongruent","Incongruent",65.999494,66.199491,"2@",0.366067,"Correct","Correct","Correct","Correct"
"13",34,"3_4_stimuli","4_3","Incongruent","Congruent","Incongruent","Incongruent",67.999487,68.199478,"3#",0.333879,"Correct","Correct","Correct","Correct"
"13",35,"5_6_stimuli","6_6","Congruent","Incongruent","Congruent","Incongruent",69.999468,70.199468,"6^",0.749661,"Correct","Correct","Correct","Correct"
"13",36,"7_8_stimuli","8_7","Incongruent","Congruent","Incongruent","Congruent",71.999452,72.199455,"7&",0.541675,"Correct","Correct","Correct","Correct"
"13",37,"1_2_stimuli","1_1","Congruent","Incongruent","Congruent","Incongruent",73.999437,74.199433,"1!",0.477658,"Correct","Correct","Correct","Correct"
"13",38,"3_4_stimuli","4_4","Congruent","Congruent","Incongruent","Congruent",75.999418,76.199414,"4$",0.510185,"Correct","Correct","Correct","Correct"
"13",39,"5_6_stimuli","5_5","Congruent","Congruent","Congruent","Incongruent",77.99941,78.199396,"5%",0.605768,"Correct","Correct","Correct","Correct"
"13",40,"7_8_stimuli","7_7","Congruent","Congruent","Congruent","Congruent",79.999398,80.199387,"7&",0.830227,"Correct","Correct","Correct","Correct"
"13",41,"1_2_stimuli","1_2","Incongruent","Congruent","Congruent","Congruent",81.999375,82.199377,"2@",0.398321,"Correct","Correct","Correct","Correct"
"13",42,"3_4_stimuli","4_3","Incongruent","Incongruent","Congruent","Congruent",83.99935,84.19935,"3#",0.445775,"Correct","Correct","Correct","Correct"
"13",43,"5_6_stimuli","6_5","Incongruent","Incongruent","Incongruent","Congruent",85.999339,86.199346,"5%",1.198335,"Correct","Correct","Correct","Correct"
"13",44,"7_8_stimuli","7_7","Congruent","Incongruent","Incongruent","Incongruent",87.999331,88.19933,"7&",0.574198,"Correct","Correct","Correct","Correct"
"13",45,"1_2_stimuli","2_2","Congruent","Congruent","Incongruent","Incongruent",89.999317,90.199308,"2@",0.317823,"Correct","Correct","Correct","Correct"
"13",46,"3_4_stimuli","3_4","Incongruent","Congruent","Congruent","Incongruent",91.999291,92.199299,"4$",0.589863,"Correct","Correct","Correct","Correct"
"13",47,"5_6_stimuli","6_6","Congruent","Incongruent","Congruent","Congruent",93.99929,94.199278,"6^",0.525885,"Correct","Correct","Correct","Correct"
"13",48,"7_8_stimuli","7_7","Congruent","Congruent","Incongruent","Congruent",95.999263,96.19926,"7&",0.397935,"Correct","Correct","Correct","Correct"
"13",49,"1_2_stimuli","1_2","Incongruent","Congruent","Congruent","Incongruent",97.999245,98.199241,"2@",0.4466,"Correct","Correct","Correct","Correct"
"13",50,"3_4_stimuli","3_3","Congruent","Incongruent","Congruent","Congruent",99.999237,100.199238,"3#",0.526224,"Correct","Correct","Correct","Correct"
"13",51,"5_6_stimuli","5_6","Incongruent","Congruent","Incongruent","Congruent",101.999212,102.199224,"6^",1.102268,"Correct","Correct","Correct","Correct"
"13",52,"7_8_stimuli","8_8","Congruent","Incongruent","Congruent","Incongruent",103.999198,104.199229,"8*",0.622373,"Correct","Correct","Correct","Correct"
"13",53,"1_2_stimuli","2_1","Incongruent","Congruent","Incongruent","Congruent",105.999194,106.199185,"1!",0.686545,"Correct","Correct","Correct","Correct"
"13",54,"3_4_stimuli","3_3","Congruent","Incongruent","Congruent","Incongruent",107.999169,108.199165,"3#",0.734018,"Correct","Correct","Correct","Correct"
"13",55,"5_6_stimuli","5_5","Congruent","Congruent","Incongruent","Congruent",109.999159,110.199155,"5%",0.734496,"Correct","Correct","Correct","Correct"
"13",56,"7_8_stimuli","8_8","Congruent","Congruent","Congruent","Incongruent",111.999136,112.199152,"8*",0.462717,"Correct","Correct","Correct","Correct"
"13",57,"1_2_stimuli","1_1","Congruent","Congruent","Congruent","Congruent",113.99913,114.199126,"1!",0.798659,"Correct","Correct","Correct","Correct"
"13",58,"3_4_stimuli","3_4","Incongruent","Congruent","Congruent","Congruent",115.999104,116.199106,"4$",0.654347,"Correct","Correct","Correct","Correct"
"13",59,"5_6_stimuli","5_6","Incongruent","Incongruent","Congruent","Congruent",117.999097,118.199099,"6^",0.846481,"Correct","Correct","Correct","Correct"
"13",60,"7_8_stimuli","7_8","Incongruent","Incongruent","Incongruent","Congruent",119.999087,120.199073,"8*",0.638593,"Correct","Correct","Correct","Correct"
"13",61,"1_2_stimuli","2_1","Incongruent","Incongruent","Incongruent","Incongruent",121.999065,122.199058,"1!",0.718094,"Correct","Correct","Correct","Correct"
"13",62,"3_4_stimuli","4_3","Incongruent","Incongruent","Incongruent","Incongruent",123.999055,124.19905,"3#",0.510559,"Correct","Correct","Correct","Correct"
"13",63,"5_6_stimuli","5_5","Congruent","Incongruent","Incongruent","Incongruent",125.999031,126.199031,"5%",0.862574,"Correct","Correct","Correct","Correct"
"13",64,"7_8_stimuli","8_8","Congruent","Congruent","Incongruent","Incongruent",127.999017,128.19901,"8*",0.478727,"Correct","Correct","Correct","Correct"
"13",65,"1_2_stimuli","2_2","Congruent","Congruent","Congruent","Incongruent",129.999,130.198997,"2@",0.462716,"Correct","Correct","Correct","Correct"
"13",66,"3_4_stimuli","3_3","Congruent","Congruent","Congruent","Congruent",131.998985,132.198986,"3#",0.574628,"Correct","Correct","Correct","Correct"
"13",67,"5_6_stimuli","6_5","Incongruent","Congruent","Congruent","Congruent",133.99897,134.198969,"5%",0.622233,"Correct","Correct","Correct","Correct"
"13",68,"7_8_stimuli","7_8","Incongruent","Incongruent","Congruent","Congruent",135.998962,136.198959,"7&",0.81446,"Error","Correct","Correct","Correct"
