"Run.Number","Trial.Number","Task","Stimulus","Current.Trial.Type","Previous.Trial.Type","Previous.Trial.Type.N2","Previous.Trial.Type.N3","StimulusOnsetTime","StimulusOffsetTime","Response","RT","Accuracy","PreviousAccuracy","PreviousAccuracy.N2","Previous.Accuracy.N3"
"practice",1,"1_2_stimuli","2_1","Incongruent",NA,NA,NA,1.999966,2.19996,"1!",0.608053,"Correct",NA,NA,NA
"practice",2,"3_4_stimuli","3_4","Incongruent","Incongruent",NA,NA,3.999948,4.199954,"3#",1.167945,"Error","Correct",NA,NA
"practice",3,"5_6_stimuli","5_6","Incongruent","Incongruent","Incongruent",NA,5.999932,6.19993,"6^",1.279605,"Correct","Error","Correct",NA
"practice",4,"7_8_stimuli","8_8","Congruent","Incongruent","Incongruent","Incongruent",7.999926,8.199917,"Omission",5000,"Omission","Correct","Error","Correct"
"practice",5,"1_2_stimuli","1_2","Incongruent","Congruent","Incongruent","Incongruent",9.999905,10.199895,"2@",0.911585,"Correct","Omission","Correct","Error"
"practice",6,"3_4_stimuli","3_3","Congruent","Incongruent","Congruent","Incongruent",11.999895,12.199896,"3#",0.943933,"Correct","Correct","Omission","Correct"
"practice",7,"5_6_stimuli","6_5","Incongruent","Congruent","Incongruent","Congruent",13.999878,14.199874,"5%",0.815672,"Correct","Correct","Correct","Omission"
"practice",8,"7_8_stimuli","8_8","Congruent","Incongruent","Congruent","Incongruent",15.999857,16.199855,"8*",0.799635,"Correct","Correct","Correct","Correct"
"practice",9,"1_2_stimuli","1_2","Incongruent","Congruent","Incongruent","Congruent",17.999837,18.199864,"2@",0.751669,"Correct","Correct","Correct","Correct"
"practice",10,"3_4_stimuli","4_3","Incongruent","Incongruent","Congruent","Incongruent",19.999826,20.199837,"3#",0.671729,"Correct","Correct","Correct","Correct"
"practice",11,"5_6_stimuli","5_6","Incongruent","Incongruent","Incongruent","Congruent",21.999807,22.199802,"6^",1.13616,"Correct","Correct","Correct","Correct"
"practice",12,"7_8_stimuli","8_7","Incongruent","Incongruent","Incongruent","Incongruent",23.99978,24.199824,"7&",0.640154,"Correct","Correct","Correct","Correct"
"practice",13,"1_2_stimuli","2_2","Congruent","Incongruent","Incongruent","Incongruent",25.999781,26.199749,"2@",0.687778,"Correct","Correct","Correct","Correct"
"practice",14,"3_4_stimuli","3_4","Incongruent","Congruent","Incongruent","Incongruent",27.999764,28.199757,"3#",0.751997,"Error","Correct","Correct","Correct"
"practice",15,"5_6_stimuli","6_5","Incongruent","Incongruent","Congruent","Incongruent",29.999748,30.199723,"5%",0.976037,"Correct","Error","Correct","Correct"
"practice",16,"7_8_stimuli","8_8","Congruent","Incongruent","Incongruent","Congruent",31.99972,32.199717,"8*",0.992084,"Correct","Correct","Error","Correct"
"practice",17,"1_2_stimuli","1_1","Congruent","Congruent","Incongruent","Incongruent",33.999704,34.199708,"1!",0.59184,"Correct","Correct","Correct","Error"
"practice",18,"3_4_stimuli","4_4","Congruent","Congruent","Congruent","Incongruent",35.99969,36.199671,"4$",0.671869,"Correct","Correct","Correct","Correct"
"practice",19,"5_6_stimuli","5_6","Incongruent","Congruent","Congruent","Congruent",37.999682,38.199668,"7&",0.944101,"Error","Correct","Correct","Correct"
"practice",20,"7_8_stimuli","7_8","Incongruent","Incongruent","Congruent","Congruent",39.999653,40.199661,"8*",0.87982,"Correct","Error","Correct","Correct"
"practice",21,"1_2_stimuli","1_1","Congruent","Incongruent","Incongruent","Congruent",41.999648,42.199657,"1!",0.544785,"Correct","Correct","Error","Correct"
"practice",22,"3_4_stimuli","4_4","Congruent","Congruent","Incongruent","Incongruent",43.99963,44.199608,"4$",1.088392,"Correct","Correct","Correct","Error"
"practice",23,"5_6_stimuli","6_6","Congruent","Congruent","Congruent","Incongruent",45.999607,46.199615,"6^",1.072301,"Correct","Correct","Correct","Correct"
"practice",24,"7_8_stimuli","7_7","Congruent","Congruent","Congruent","Congruent",47.999587,48.199591,"7&",0.544158,"Correct","Correct","Correct","Correct"
"practice",25,"1_2_stimuli","1_1","Congruent","Congruent","Congruent","Congruent",49.999575,50.199578,"1!",0.592155,"Correct","Correct","Correct","Correct"
"practice",26,"3_4_stimuli","3_4","Incongruent","Congruent","Congruent","Congruent",51.999563,52.19956,"4$",1.072333,"Correct","Correct","Correct","Correct"
"practice",27,"5_6_stimuli","6_6","Congruent","Incongruent","Congruent","Congruent",53.999551,54.199553,"6^",1.343919,"Correct","Correct","Correct","Correct"
"practice",28,"7_8_stimuli","7_7","Congruent","Congruent","Incongruent","Congruent",55.999521,56.199512,"7&",0.544312,"Correct","Correct","Correct","Correct"
"practice",29,"1_2_stimuli","1_2","Incongruent","Congruent","Congruent","Incongruent",57.999502,58.19951,"2@",0.672052,"Correct","Correct","Correct","Correct"
"practice",30,"3_4_stimuli","3_4","Incongruent","Incongruent","Congruent","Congruent",59.999487,60.1995,"4$",1.08826,"Correct","Correct","Correct","Correct"
"practice",31,"5_6_stimuli","6_6","Congruent","Incongruent","Incongruent","Congruent",61.999475,62.199476,"6^",0.912218,"Correct","Correct","Correct","Correct"
"practice",32,"7_8_stimuli","7_7","Congruent","Congruent","Incongruent","Incongruent",63.999459,64.199473,"7&",0.52848,"Correct","Correct","Correct","Correct"
"practice",33,"1_2_stimuli","2_2","Congruent","Congruent","Congruent","Incongruent",65.999445,66.199448,"2@",0.720099,"Correct","Correct","Correct","Correct"
"practice",34,"3_4_stimuli","4_4","Congruent","Congruent","Congruent","Congruent",67.999427,68.199431,"4$",1.264337,"Correct","Correct","Correct","Correct"
"practice",35,"5_6_stimuli","5_5","Congruent","Congruent","Congruent","Congruent",69.999414,70.199396,"5%",0.864121,"Correct","Correct","Correct","Correct"
"practice",36,"7_8_stimuli","7_8","Incongruent","Congruent","Congruent","Congruent",71.999395,72.199387,"8*",1.264479,"Correct","Correct","Correct","Correct"
"practice",37,"1_2_stimuli","2_1","Incongruent","Incongruent","Congruent","Congruent",73.999384,74.199376,"1!",0.688414,"Correct","Correct","Correct","Correct"
"practice",38,"3_4_stimuli","4_3","Incongruent","Incongruent","Incongruent","Congruent",75.999363,76.199373,"3#",0.944551,"Correct","Correct","Correct","Correct"
"practice",39,"5_6_stimuli","6_6","Congruent","Incongruent","Incongruent","Incongruent",77.999347,78.199356,"6^",1.408526,"Correct","Correct","Correct","Correct"
"practice",40,"7_8_stimuli","7_8","Incongruent","Congruent","Incongruent","Incongruent",79.999332,80.19932,"8*",0.688221,"Correct","Correct","Correct","Correct"
"practice",41,"1_2_stimuli","1_1","Congruent","Incongruent","Congruent","Incongruent",81.999316,82.199303,"1!",0.480411,"Correct","Correct","Correct","Correct"
"practice",42,"3_4_stimuli","3_4","Incongruent","Congruent","Incongruent","Congruent",83.999293,84.199278,"4$",0.800592,"Correct","Correct","Correct","Correct"
"practice",43,"5_6_stimuli","5_5","Congruent","Incongruent","Congruent","Incongruent",85.999274,86.199288,"5%",0.752289,"Correct","Correct","Correct","Correct"
"practice",44,"7_8_stimuli","8_7","Incongruent","Congruent","Incongruent","Congruent",87.999265,88.199271,"7&",0.89628,"Correct","Correct","Correct","Correct"
"practice",45,"1_2_stimuli","2_1","Incongruent","Incongruent","Congruent","Incongruent",89.999251,90.199225,"1!",0.592619,"Correct","Correct","Correct","Correct"
"practice",46,"3_4_stimuli","3_3","Congruent","Incongruent","Incongruent","Congruent",91.999237,92.199237,"3#",0.736763,"Correct","Correct","Correct","Correct"
"practice",47,"5_6_stimuli","6_5","Incongruent","Congruent","Incongruent","Incongruent",93.999211,94.199214,"5%",0.848588,"Correct","Correct","Correct","Correct"
"practice",48,"7_8_stimuli","8_7","Incongruent","Incongruent","Congruent","Incongruent",95.999197,96.199216,"7&",0.816712,"Correct","Correct","Correct","Correct"
"practice",49,"1_2_stimuli","2_1","Incongruent","Incongruent","Incongruent","Congruent",97.999187,98.199177,"1!",0.560546,"Correct","Correct","Correct","Correct"
"practice",50,"3_4_stimuli","3_3","Congruent","Incongruent","Incongruent","Incongruent",99.999168,100.199167,"3#",0.704359,"Correct","Correct","Correct","Correct"
"practice",51,"5_6_stimuli","5_5","Congruent","Congruent","Incongruent","Incongruent",101.999148,102.199158,"5%",0.864686,"Correct","Correct","Correct","Correct"
"practice",52,"7_8_stimuli","8_8","Congruent","Congruent","Congruent","Incongruent",103.999132,104.199142,"8*",0.688458,"Correct","Correct","Correct","Correct"
"practice",53,"1_2_stimuli","1_2","Incongruent","Congruent","Congruent","Congruent",105.999119,106.1991,"2@",0.688428,"Correct","Correct","Correct","Correct"
"practice",54,"3_4_stimuli","4_4","Congruent","Incongruent","Congruent","Congruent",107.999096,108.199089,"4$",0.912694,"Correct","Correct","Correct","Correct"
"practice",55,"5_6_stimuli","5_5","Congruent","Congruent","Incongruent","Congruent",109.99908,110.199077,"5%",0.672854,"Correct","Correct","Correct","Correct"
"practice",56,"7_8_stimuli","7_8","Incongruent","Congruent","Congruent","Incongruent",111.999061,112.199061,"8*",0.67287,"Correct","Correct","Correct","Correct"
"practice",57,"1_2_stimuli","2_2","Congruent","Incongruent","Congruent","Congruent",113.999046,114.19904,"2@",0.624991,"Correct","Correct","Correct","Correct"
"practice",58,"3_4_stimuli","3_3","Congruent","Congruent","Incongruent","Congruent",115.999034,116.199061,"3#",0.720929,"Correct","Correct","Correct","Correct"
"practice",59,"5_6_stimuli","5_6","Incongruent","Congruent","Congruent","Incongruent",117.999018,118.199002,"6^",1.008512,"Correct","Correct","Correct","Correct"
"practice",60,"7_8_stimuli","8_8","Congruent","Incongruent","Congruent","Congruent",119.99901,120.198986,"8*",0.624515,"Correct","Correct","Correct","Correct"
"practice",61,"1_2_stimuli","2_2","Congruent","Congruent","Incongruent","Congruent",121.998984,122.198995,"2@",0.704578,"Correct","Correct","Correct","Correct"
"practice",62,"3_4_stimuli","4_3","Incongruent","Congruent","Congruent","Incongruent",123.998972,124.198956,"3#",0.673282,"Correct","Correct","Correct","Correct"
"practice",63,"5_6_stimuli","6_5","Incongruent","Incongruent","Congruent","Congruent",125.998951,126.198954,"5%",0.672516,"Correct","Correct","Correct","Correct"
"practice",64,"7_8_stimuli","8_7","Incongruent","Incongruent","Incongruent","Congruent",127.998935,128.198927,"7&",0.992577,"Correct","Correct","Correct","Correct"
"practice",65,"1_2_stimuli","2_1","Incongruent","Incongruent","Incongruent","Incongruent",129.998923,130.198906,"1!",0.544832,"Correct","Correct","Correct","Correct"
"practice",66,"3_4_stimuli","4_3","Incongruent","Incongruent","Incongruent","Incongruent",131.998907,132.198905,"3#",0.672637,"Correct","Correct","Correct","Correct"
"practice",67,"5_6_stimuli","5_6","Incongruent","Incongruent","Incongruent","Incongruent",133.998885,134.19888,"6^",1.025074,"Correct","Correct","Correct","Correct"
"practice",68,"7_8_stimuli","7_7","Congruent","Incongruent","Incongruent","Incongruent",135.998865,136.19888,"7&",0.56067,"Correct","Correct","Correct","Correct"
"1",1,"1_2_stimuli","2_1","Incongruent",NA,NA,NA,1.999991,2.199982,"1!",0.484663,"Correct",NA,NA,NA
"1",2,"3_4_stimuli","3_4","Incongruent","Incongruent",NA,NA,3.999979,4.199977,"4$",0.96432,"Correct","Correct",NA,NA
"1",3,"5_6_stimuli","5_5","Congruent","Incongruent","Incongruent",NA,5.999956,6.199954,"5%",0.468427,"Correct","Correct","Correct",NA
"1",4,"7_8_stimuli","7_8","Incongruent","Congruent","Incongruent","Incongruent",7.999927,8.199944,"8*",0.596664,"Correct","Correct","Correct","Correct"
"1",5,"1_2_stimuli","1_1","Congruent","Incongruent","Congruent","Incongruent",9.99993,10.199924,"1!",0.436387,"Correct","Correct","Correct","Correct"
"1",6,"3_4_stimuli","4_3","Incongruent","Congruent","Incongruent","Congruent",11.999916,12.199901,"3#",0.692399,"Correct","Correct","Correct","Correct"
"1",7,"5_6_stimuli","6_6","Congruent","Incongruent","Congruent","Incongruent",13.999893,14.199882,"6^",0.788851,"Correct","Correct","Correct","Correct"
"1",8,"7_8_stimuli","7_7","Congruent","Congruent","Incongruent","Congruent",15.999872,16.199872,"7&",0.772698,"Correct","Correct","Correct","Correct"
"1",9,"1_2_stimuli","2_1","Incongruent","Congruent","Congruent","Incongruent",17.999856,18.199858,"1!",0.484466,"Correct","Correct","Correct","Correct"
"1",10,"3_4_stimuli","4_4","Congruent","Incongruent","Congruent","Congruent",19.999835,20.199848,"4$",0.676704,"Correct","Correct","Correct","Correct"
"1",11,"5_6_stimuli","5_5","Congruent","Congruent","Incongruent","Congruent",21.99983,22.199826,"5%",0.548977,"Correct","Correct","Correct","Correct"
"1",12,"7_8_stimuli","8_8","Congruent","Congruent","Congruent","Incongruent",23.999811,24.19981,"8*",0.516886,"Correct","Correct","Correct","Correct"
"1",13,"1_2_stimuli","2_2","Congruent","Congruent","Congruent","Congruent",25.999789,26.199784,"2@",0.564741,"Correct","Correct","Correct","Correct"
"1",14,"3_4_stimuli","3_3","Congruent","Congruent","Congruent","Congruent",27.999784,28.199771,"3#",0.580591,"Correct","Correct","Correct","Correct"
"1",15,"5_6_stimuli","5_6","Incongruent","Congruent","Congruent","Congruent",29.999766,30.199771,"5%",1.12481,"Error","Correct","Correct","Correct"
"1",16,"7_8_stimuli","8_7","Incongruent","Incongruent","Congruent","Congruent",31.999743,32.199745,"7&",0.725025,"Correct","Error","Correct","Correct"
"1",17,"1_2_stimuli","2_1","Incongruent","Incongruent","Incongruent","Congruent",33.999732,34.199733,"1!",0.500496,"Correct","Correct","Error","Correct"
"1",18,"3_4_stimuli","4_3","Incongruent","Incongruent","Incongruent","Incongruent",35.999708,36.199709,"3#",0.596824,"Correct","Correct","Correct","Error"
"1",19,"5_6_stimuli","5_5","Congruent","Incongruent","Incongruent","Incongruent",37.999701,38.199694,"5%",0.596626,"Correct","Correct","Correct","Correct"
"1",20,"7_8_stimuli","8_7","Incongruent","Congruent","Incongruent","Incongruent",39.999679,40.199679,"7&",0.900993,"Correct","Correct","Correct","Correct"
"1",21,"1_2_stimuli","1_2","Incongruent","Incongruent","Congruent","Incongruent",41.999662,42.19966,"2@",0.61304,"Correct","Correct","Correct","Correct"
"1",22,"3_4_stimuli","3_3","Congruent","Incongruent","Incongruent","Congruent",43.999653,44.199653,"3#",0.48464,"Correct","Correct","Correct","Correct"
"1",23,"5_6_stimuli","6_6","Congruent","Congruent","Incongruent","Incongruent",45.999632,46.199635,"6^",1.204602,"Correct","Correct","Correct","Correct"
"1",24,"7_8_stimuli","7_8","Incongruent","Congruent","Congruent","Incongruent",47.999616,48.199607,"8*",0.628963,"Correct","Correct","Correct","Correct"
"1",25,"1_2_stimuli","1_2","Incongruent","Incongruent","Congruent","Congruent",49.9996,50.199593,"2@",0.869143,"Correct","Correct","Correct","Correct"
"1",26,"3_4_stimuli","3_4","Incongruent","Incongruent","Incongruent","Congruent",51.99959,52.199579,"4$",0.932716,"Correct","Correct","Correct","Correct"
"1",27,"5_6_stimuli","5_6","Incongruent","Incongruent","Incongruent","Incongruent",53.999569,54.199572,"Omission",5000,"Omission","Correct","Correct","Correct"
"1",28,"7_8_stimuli","8_7","Incongruent","Incongruent","Incongruent","Incongruent",55.999556,56.199548,"7&",0.724658,"Correct","Omission","Correct","Correct"
"1",29,"1_2_stimuli","1_2","Incongruent","Incongruent","Incongruent","Incongruent",57.999539,58.199538,"2@",0.580979,"Correct","Correct","Omission","Correct"
"1",30,"3_4_stimuli","3_3","Congruent","Incongruent","Incongruent","Incongruent",59.99952,60.199522,"3#",0.53322,"Correct","Correct","Correct","Omission"
"1",31,"5_6_stimuli","6_5","Incongruent","Congruent","Incongruent","Incongruent",61.999502,62.199503,"5%",0.708727,"Correct","Correct","Correct","Correct"
"1",32,"7_8_stimuli","7_7","Congruent","Incongruent","Congruent","Incongruent",63.999486,64.19948,"7&",1.205087,"Correct","Correct","Correct","Correct"
"1",33,"1_2_stimuli","2_2","Congruent","Congruent","Incongruent","Congruent",65.999469,66.199473,"2@",0.661026,"Correct","Correct","Correct","Correct"
"1",34,"3_4_stimuli","4_4","Congruent","Congruent","Congruent","Incongruent",67.999456,68.199459,"3#",0.725132,"Error","Correct","Correct","Correct"
"1",35,"5_6_stimuli","5_5","Congruent","Congruent","Congruent","Congruent",69.999446,70.199443,"5%",0.917159,"Correct","Error","Correct","Correct"
"1",36,"7_8_stimuli","7_8","Incongruent","Congruent","Congruent","Congruent",71.99942,72.199435,"8*",0.581269,"Correct","Correct","Error","Correct"
"1",37,"1_2_stimuli","1_1","Congruent","Incongruent","Congruent","Congruent",73.999409,74.199407,"1!",0.469134,"Correct","Correct","Correct","Error"
"1",38,"3_4_stimuli","4_4","Congruent","Congruent","Incongruent","Congruent",75.999395,76.199381,"4$",0.740887,"Correct","Correct","Correct","Correct"
"1",39,"5_6_stimuli","6_5","Incongruent","Congruent","Congruent","Incongruent",77.999384,78.199375,"5%",0.645092,"Correct","Correct","Correct","Correct"
"1",40,"7_8_stimuli","7_7","Congruent","Incongruent","Congruent","Congruent",79.999364,80.199353,"7&",0.660933,"Correct","Correct","Correct","Correct"
"1",41,"1_2_stimuli","1_2","Incongruent","Congruent","Incongruent","Congruent",81.999341,82.199337,"2@",0.548865,"Correct","Correct","Correct","Correct"
"1",42,"3_4_stimuli","4_3","Incongruent","Incongruent","Congruent","Incongruent",83.999323,84.199328,"3#",0.757195,"Correct","Correct","Correct","Correct"
"1",43,"5_6_stimuli","5_6","Incongruent","Incongruent","Incongruent","Congruent",85.999295,86.199303,"6^",1.412897,"Correct","Correct","Correct","Correct"
"1",44,"7_8_stimuli","8_8","Congruent","Incongruent","Incongruent","Incongruent",87.999292,88.199293,"8*",0.629097,"Correct","Correct","Correct","Correct"
"1",45,"1_2_stimuli","2_2","Congruent","Congruent","Incongruent","Incongruent",89.999284,90.199268,"2@",0.709026,"Correct","Correct","Correct","Correct"
"1",46,"3_4_stimuli","4_3","Incongruent","Congruent","Congruent","Incongruent",91.999265,92.19925,"3#",0.645411,"Correct","Correct","Correct","Correct"
"1",47,"5_6_stimuli","5_6","Incongruent","Incongruent","Congruent","Congruent",93.999235,94.199244,"5%",0.725312,"Error","Correct","Correct","Correct"
"1",48,"7_8_stimuli","7_8","Incongruent","Incongruent","Incongruent","Congruent",95.999221,96.199228,"8*",0.597042,"Correct","Error","Correct","Correct"
"1",49,"1_2_stimuli","1_1","Congruent","Incongruent","Incongruent","Incongruent",97.999191,98.199214,"1!",0.453489,"Correct","Correct","Error","Correct"
"1",50,"3_4_stimuli","3_4","Incongruent","Congruent","Incongruent","Incongruent",99.999189,100.199172,"4$",0.86944,"Correct","Correct","Correct","Error"
"1",51,"5_6_stimuli","6_5","Incongruent","Incongruent","Congruent","Incongruent",101.99918,102.199157,"5%",0.69306,"Correct","Correct","Correct","Correct"
"1",52,"7_8_stimuli","7_7","Congruent","Incongruent","Incongruent","Congruent",103.999147,104.199153,"7&",0.725387,"Correct","Correct","Correct","Correct"
"1",53,"1_2_stimuli","2_1","Incongruent","Congruent","Incongruent","Incongruent",105.999134,106.199126,"1!",0.661505,"Correct","Correct","Correct","Correct"
"1",54,"3_4_stimuli","4_4","Congruent","Incongruent","Congruent","Incongruent",107.999131,108.199126,"4$",1.109164,"Correct","Correct","Correct","Correct"
"1",55,"5_6_stimuli","6_5","Incongruent","Congruent","Incongruent","Congruent",109.999094,110.199114,"5%",0.709199,"Correct","Correct","Correct","Correct"
"1",56,"7_8_stimuli","8_7","Incongruent","Incongruent","Congruent","Incongruent",111.9991,112.199075,"7&",1.333197,"Correct","Correct","Correct","Correct"
"1",57,"1_2_stimuli","1_1","Congruent","Incongruent","Incongruent","Congruent",113.999081,114.199078,"1!",0.469166,"Correct","Correct","Correct","Correct"
"1",58,"3_4_stimuli","3_3","Congruent","Congruent","Incongruent","Incongruent",115.999063,116.199063,"3#",0.741526,"Correct","Correct","Correct","Correct"
"1",59,"5_6_stimuli","5_5","Congruent","Congruent","Congruent","Incongruent",117.999049,118.199049,"5%",0.725246,"Correct","Correct","Correct","Correct"
"1",60,"7_8_stimuli","8_8","Congruent","Congruent","Congruent","Congruent",119.999032,120.199033,"8*",0.56519,"Correct","Correct","Correct","Correct"
"1",61,"1_2_stimuli","2_1","Incongruent","Congruent","Congruent","Congruent",121.999038,122.199016,"1!",0.453665,"Correct","Correct","Correct","Correct"
"1",62,"3_4_stimuli","3_4","Incongruent","Incongruent","Congruent","Congruent",123.999001,124.199006,"4$",0.741691,"Correct","Correct","Correct","Correct"
"1",63,"5_6_stimuli","6_6","Congruent","Incongruent","Incongruent","Congruent",125.998985,126.198977,"6^",1.253534,"Correct","Correct","Correct","Correct"
"1",64,"7_8_stimuli","8_8","Congruent","Congruent","Incongruent","Incongruent",127.998959,128.198963,"8*",0.53367,"Correct","Correct","Correct","Correct"
"1",65,"1_2_stimuli","2_2","Congruent","Congruent","Congruent","Incongruent",129.998946,130.198944,"2@",0.661596,"Correct","Correct","Correct","Correct"
"1",66,"3_4_stimuli","3_4","Incongruent","Congruent","Congruent","Congruent",131.998937,132.198924,"4$",0.725361,"Correct","Correct","Correct","Correct"
"1",67,"5_6_stimuli","6_6","Congruent","Incongruent","Congruent","Congruent",133.998911,134.198917,"6^",1.285723,"Correct","Correct","Correct","Correct"
"1",68,"7_8_stimuli","7_8","Incongruent","Congruent","Incongruent","Congruent",135.998904,136.19889,"8*",0.565343,"Correct","Correct","Correct","Correct"
"2",1,"1_2_stimuli","1_2","Incongruent",NA,NA,NA,1.999981,2.199969,"2@",0.70379,"Correct",NA,NA,NA
"2",2,"3_4_stimuli","3_4","Incongruent","Incongruent",NA,NA,3.999963,4.199956,"4$",0.895796,"Correct","Correct",NA,NA
"2",3,"5_6_stimuli","6_6","Congruent","Incongruent","Incongruent",NA,5.999939,6.199941,"6^",1.391889,"Correct","Correct","Correct",NA
"2",4,"7_8_stimuli","8_7","Incongruent","Congruent","Incongruent","Incongruent",7.999925,8.199926,"7&",0.591539,"Correct","Correct","Correct","Correct"
"2",5,"1_2_stimuli","2_1","Incongruent","Incongruent","Congruent","Incongruent",9.999913,10.19991,"1!",0.431935,"Correct","Correct","Correct","Correct"
"2",6,"3_4_stimuli","4_3","Incongruent","Incongruent","Incongruent","Congruent",11.999897,12.199896,"3#",0.639706,"Correct","Correct","Correct","Correct"
"2",7,"5_6_stimuli","6_6","Congruent","Incongruent","Incongruent","Incongruent",13.99987,14.199874,"6^",1.135524,"Correct","Correct","Correct","Correct"
"2",8,"7_8_stimuli","8_8","Congruent","Congruent","Incongruent","Incongruent",15.999867,16.199861,"8*",0.543848,"Correct","Correct","Correct","Correct"
"2",9,"1_2_stimuli","2_1","Incongruent","Congruent","Congruent","Incongruent",17.99986,18.199842,"1!",0.463727,"Correct","Correct","Correct","Correct"
"2",10,"3_4_stimuli","4_4","Congruent","Incongruent","Congruent","Congruent",19.999831,20.199833,"4$",0.927605,"Correct","Correct","Correct","Correct"
"2",11,"5_6_stimuli","5_6","Incongruent","Congruent","Incongruent","Congruent",21.999819,22.19981,"7&",1.11983,"Error","Correct","Correct","Correct"
"2",12,"7_8_stimuli","7_8","Incongruent","Incongruent","Congruent","Incongruent",23.999797,24.199801,"8*",0.63996,"Correct","Error","Correct","Correct"
"2",13,"1_2_stimuli","1_2","Incongruent","Incongruent","Incongruent","Congruent",25.999779,26.199785,"2@",0.607798,"Correct","Correct","Error","Correct"
"2",14,"3_4_stimuli","3_3","Congruent","Incongruent","Incongruent","Incongruent",27.999772,28.199759,"3#",0.543935,"Correct","Correct","Correct","Error"
"2",15,"5_6_stimuli","5_6","Incongruent","Congruent","Incongruent","Incongruent",29.999746,30.199746,"6^",1.216018,"Correct","Correct","Correct","Correct"
"2",16,"7_8_stimuli","7_7","Congruent","Incongruent","Congruent","Incongruent",31.99973,32.199734,"7&",0.640099,"Correct","Correct","Correct","Correct"
"2",17,"1_2_stimuli","2_2","Congruent","Congruent","Incongruent","Congruent",33.999712,34.199718,"2@",0.655869,"Correct","Correct","Correct","Correct"
"2",18,"3_4_stimuli","4_3","Incongruent","Congruent","Congruent","Incongruent",35.9997,36.199696,"3#",0.639763,"Correct","Correct","Correct","Correct"
"2",19,"5_6_stimuli","5_6","Incongruent","Incongruent","Congruent","Congruent",37.999697,38.199689,"6^",0.735716,"Correct","Correct","Correct","Correct"
"2",20,"7_8_stimuli","7_7","Congruent","Incongruent","Incongruent","Congruent",39.999672,40.199666,"7&",0.416133,"Correct","Correct","Correct","Correct"
"2",21,"1_2_stimuli","1_2","Incongruent","Congruent","Incongruent","Incongruent",41.999652,42.199647,"2@",0.544171,"Correct","Correct","Correct","Correct"
"2",22,"3_4_stimuli","3_4","Incongruent","Incongruent","Congruent","Incongruent",43.99964,44.199642,"3#",0.655827,"Error","Correct","Correct","Correct"
"2",23,"5_6_stimuli","6_5","Incongruent","Incongruent","Incongruent","Congruent",45.999623,46.199614,"5%",0.768224,"Correct","Error","Correct","Correct"
"2",24,"7_8_stimuli","8_7","Incongruent","Incongruent","Incongruent","Incongruent",47.999606,48.199597,"7&",0.832172,"Correct","Correct","Error","Correct"
"2",25,"1_2_stimuli","2_1","Incongruent","Incongruent","Incongruent","Incongruent",49.99958,50.199582,"1!",0.463926,"Correct","Correct","Correct","Error"
"2",26,"3_4_stimuli","3_4","Incongruent","Incongruent","Incongruent","Incongruent",51.999573,52.199568,"4$",0.784271,"Correct","Correct","Correct","Correct"
"2",27,"5_6_stimuli","6_5","Incongruent","Incongruent","Incongruent","Incongruent",53.999556,54.199561,"5%",0.639797,"Correct","Correct","Correct","Correct"
"2",28,"7_8_stimuli","8_8","Congruent","Incongruent","Incongruent","Incongruent",55.999538,56.199528,"8*",0.512282,"Correct","Correct","Correct","Correct"
"2",29,"1_2_stimuli","2_2","Congruent","Congruent","Incongruent","Incongruent",57.999522,58.199527,"2@",0.592161,"Correct","Correct","Correct","Correct"
"2",30,"3_4_stimuli","4_4","Congruent","Congruent","Congruent","Incongruent",59.999505,60.1995,"4$",0.879914,"Correct","Correct","Correct","Correct"
"2",31,"5_6_stimuli","6_5","Incongruent","Congruent","Congruent","Congruent",61.99949,62.199481,"5%",0.688354,"Correct","Correct","Correct","Correct"
"2",32,"7_8_stimuli","7_7","Congruent","Incongruent","Congruent","Congruent",63.999479,64.199472,"7&",0.496175,"Correct","Correct","Correct","Correct"
"2",33,"1_2_stimuli","1_2","Incongruent","Congruent","Incongruent","Congruent",65.999447,66.199455,"2@",0.560204,"Correct","Correct","Correct","Correct"
"2",34,"3_4_stimuli","3_3","Congruent","Incongruent","Congruent","Incongruent",67.999439,68.199438,"3#",0.639979,"Correct","Correct","Correct","Correct"
"2",35,"5_6_stimuli","5_5","Congruent","Congruent","Incongruent","Congruent",69.999432,70.199428,"5%",0.736024,"Correct","Correct","Correct","Correct"
"2",36,"7_8_stimuli","8_7","Incongruent","Congruent","Congruent","Incongruent",71.999409,72.199405,"7&",0.575986,"Correct","Correct","Correct","Correct"
"2",37,"1_2_stimuli","1_1","Congruent","Incongruent","Congruent","Congruent",73.99939,74.199393,"1!",0.448185,"Correct","Correct","Correct","Correct"
"2",38,"3_4_stimuli","4_3","Incongruent","Congruent","Incongruent","Congruent",75.999374,76.199371,"3#",0.592402,"Correct","Correct","Correct","Correct"
"2",39,"5_6_stimuli","6_5","Incongruent","Incongruent","Congruent","Incongruent",77.999356,78.199356,"5%",0.639984,"Correct","Correct","Correct","Correct"
"2",40,"7_8_stimuli","7_8","Incongruent","Incongruent","Incongruent","Congruent",79.999339,80.199333,"8*",0.560238,"Correct","Correct","Correct","Correct"
"2",41,"1_2_stimuli","2_2","Congruent","Incongruent","Incongruent","Incongruent",81.999325,82.199327,"2@",0.544447,"Correct","Correct","Correct","Correct"
"2",42,"3_4_stimuli","3_3","Congruent","Congruent","Incongruent","Incongruent",83.999315,84.199317,"3#",0.512377,"Correct","Correct","Correct","Correct"
"2",43,"5_6_stimuli","6_6","Congruent","Congruent","Congruent","Incongruent",85.999295,86.199293,"6^",1.024436,"Correct","Correct","Correct","Correct"
"2",44,"7_8_stimuli","8_8","Congruent","Congruent","Congruent","Congruent",87.999276,88.199272,"8*",0.480682,"Correct","Correct","Correct","Correct"
"2",45,"1_2_stimuli","1_1","Congruent","Congruent","Congruent","Congruent",89.999261,90.199256,"1!",0.416385,"Correct","Correct","Correct","Correct"
"2",46,"3_4_stimuli","4_3","Incongruent","Congruent","Congruent","Congruent",91.999251,92.199248,"3#",0.512332,"Correct","Correct","Correct","Correct"
"2",47,"5_6_stimuli","6_6","Congruent","Incongruent","Congruent","Congruent",93.999233,94.199229,"6^",0.976269,"Correct","Correct","Correct","Correct"
"2",48,"7_8_stimuli","8_8","Congruent","Congruent","Incongruent","Congruent",95.999212,96.199209,"8*",0.528193,"Correct","Correct","Correct","Correct"
"2",49,"1_2_stimuli","1_1","Congruent","Congruent","Congruent","Incongruent",97.999193,98.199192,"1!",0.464447,"Correct","Correct","Correct","Correct"
"2",50,"3_4_stimuli","4_4","Congruent","Congruent","Congruent","Congruent",99.999177,100.199165,"4$",0.960286,"Correct","Correct","Correct","Correct"
"2",51,"5_6_stimuli","5_5","Congruent","Congruent","Congruent","Congruent",101.999168,102.199165,"5%",0.592439,"Correct","Correct","Correct","Correct"
"2",52,"7_8_stimuli","8_7","Incongruent","Congruent","Congruent","Congruent",103.999156,104.199148,"Omission",5000,"Omission","Correct","Correct","Correct"
"2",53,"1_2_stimuli","2_1","Incongruent","Incongruent","Congruent","Congruent",105.999125,106.199123,"1!",0.512481,"Correct","Omission","Correct","Correct"
"2",54,"3_4_stimuli","3_3","Congruent","Incongruent","Incongruent","Congruent",107.999107,108.19911,"3#",0.768719,"Correct","Correct","Omission","Correct"
"2",55,"5_6_stimuli","5_5","Congruent","Congruent","Incongruent","Incongruent",109.999095,110.199095,"5%",1.136565,"Correct","Correct","Correct","Omission"
"2",56,"7_8_stimuli","7_7","Congruent","Congruent","Congruent","Incongruent",111.99908,112.199084,"7&",0.67266,"Correct","Correct","Correct","Correct"
"2",57,"1_2_stimuli","1_2","Incongruent","Congruent","Congruent","Congruent",113.999061,114.199065,"2@",0.736353,"Correct","Correct","Correct","Correct"
"2",58,"3_4_stimuli","3_4","Incongruent","Incongruent","Congruent","Congruent",115.999043,116.199042,"4$",0.704605,"Correct","Correct","Correct","Correct"
"2",59,"5_6_stimuli","6_6","Congruent","Incongruent","Incongruent","Congruent",117.999038,118.199036,"6^",0.880885,"Correct","Correct","Correct","Correct"
"2",60,"7_8_stimuli","7_8","Incongruent","Congruent","Incongruent","Incongruent",119.999016,120.19902,"8*",0.528715,"Correct","Correct","Correct","Correct"
"2",61,"1_2_stimuli","1_1","Congruent","Incongruent","Congruent","Incongruent",121.998998,122.198998,"1!",0.448864,"Correct","Correct","Correct","Correct"
"2",62,"3_4_stimuli","4_4","Congruent","Congruent","Incongruent","Congruent",123.998987,124.198988,"4$",0.720856,"Correct","Correct","Correct","Correct"
"2",63,"5_6_stimuli","5_6","Incongruent","Congruent","Congruent","Incongruent",125.998974,126.198969,"6^",0.976352,"Correct","Correct","Correct","Correct"
"2",64,"7_8_stimuli","7_8","Incongruent","Incongruent","Congruent","Congruent",127.99895,128.198959,"8*",0.512909,"Correct","Correct","Correct","Correct"
"2",65,"1_2_stimuli","2_2","Congruent","Incongruent","Incongruent","Congruent",129.998941,130.198933,"2@",0.544649,"Correct","Correct","Correct","Correct"
"2",66,"3_4_stimuli","3_4","Incongruent","Congruent","Incongruent","Incongruent",131.99892,132.198896,"4$",0.752839,"Correct","Correct","Correct","Correct"
"2",67,"5_6_stimuli","5_5","Congruent","Incongruent","Congruent","Incongruent",133.998896,134.198908,"5%",0.656438,"Correct","Correct","Correct","Correct"
"2",68,"7_8_stimuli","8_7","Incongruent","Congruent","Incongruent","Congruent",135.998886,136.198893,"7&",0.688911,"Correct","Correct","Correct","Correct"
"3",1,"1_2_stimuli","2_2","Congruent",NA,NA,NA,1.999982,2.199973,"2@",0.57357,"Correct",NA,NA,NA
"3",2,"3_4_stimuli","4_4","Congruent","Congruent",NA,NA,3.999969,4.199968,"4$",0.877257,"Correct","Correct",NA,NA
"3",3,"5_6_stimuli","6_6","Congruent","Congruent","Congruent",NA,5.999949,6.199949,"6^",0.765316,"Correct","Correct","Correct",NA
"3",4,"7_8_stimuli","8_8","Congruent","Congruent","Congruent","Congruent",7.999929,8.199933,"8*",0.47738,"Correct","Correct","Correct","Correct"
"3",5,"1_2_stimuli","2_1","Incongruent","Congruent","Congruent","Congruent",9.999914,10.199907,"1!",0.477641,"Correct","Correct","Correct","Correct"
"3",6,"3_4_stimuli","4_4","Congruent","Incongruent","Congruent","Congruent",11.999903,12.199899,"4$",0.749749,"Correct","Correct","Correct","Correct"
"3",7,"5_6_stimuli","5_6","Incongruent","Congruent","Incongruent","Congruent",13.999888,14.199877,"6^",0.845399,"Correct","Correct","Correct","Correct"
"3",8,"7_8_stimuli","7_7","Congruent","Incongruent","Congruent","Incongruent",15.999868,16.199872,"7&",0.5415,"Correct","Correct","Correct","Correct"
"3",9,"1_2_stimuli","1_1","Congruent","Congruent","Incongruent","Congruent",17.999846,18.199844,"1!",0.365459,"Correct","Correct","Correct","Correct"
"3",10,"3_4_stimuli","4_3","Incongruent","Congruent","Congruent","Incongruent",19.999832,20.199828,"3#",0.573697,"Correct","Correct","Correct","Correct"
"3",11,"5_6_stimuli","6_5","Incongruent","Incongruent","Congruent","Congruent",21.999824,22.199825,"5%",0.781456,"Correct","Correct","Correct","Correct"
"3",12,"7_8_stimuli","7_8","Incongruent","Incongruent","Incongruent","Congruent",23.999805,24.199799,"8*",0.573728,"Correct","Correct","Correct","Correct"
"3",13,"1_2_stimuli","1_1","Congruent","Incongruent","Incongruent","Incongruent",25.999785,26.199784,"1!",0.413797,"Correct","Correct","Correct","Correct"
"3",14,"3_4_stimuli","3_4","Incongruent","Congruent","Incongruent","Incongruent",27.999765,28.199771,"4$",0.717552,"Correct","Correct","Correct","Correct"
"3",15,"5_6_stimuli","6_5","Incongruent","Incongruent","Congruent","Incongruent",29.999758,30.199763,"5%",0.589802,"Correct","Correct","Correct","Correct"
"3",16,"7_8_stimuli","8_8","Congruent","Incongruent","Incongruent","Congruent",31.999733,32.199733,"8*",0.49384,"Correct","Correct","Correct","Correct"
"3",17,"1_2_stimuli","2_1","Incongruent","Congruent","Incongruent","Incongruent",33.999729,34.199725,"1!",0.413554,"Correct","Correct","Correct","Correct"
"3",18,"3_4_stimuli","4_4","Congruent","Incongruent","Congruent","Incongruent",35.999716,36.199709,"4$",0.701783,"Correct","Correct","Correct","Correct"
"3",19,"5_6_stimuli","5_5","Congruent","Congruent","Incongruent","Congruent",37.999693,38.199688,"5%",0.493888,"Correct","Correct","Correct","Correct"
"3",20,"7_8_stimuli","8_7","Incongruent","Congruent","Congruent","Incongruent",39.999679,40.199669,"7&",0.589876,"Correct","Correct","Correct","Correct"
"3",21,"1_2_stimuli","1_2","Incongruent","Incongruent","Congruent","Congruent",41.999654,42.199652,"2@",0.557887,"Correct","Correct","Correct","Correct"
"3",22,"3_4_stimuli","3_4","Incongruent","Incongruent","Incongruent","Congruent",43.999639,44.199645,"4$",0.573944,"Correct","Correct","Correct","Correct"
"3",23,"5_6_stimuli","5_6","Incongruent","Incongruent","Incongruent","Incongruent",45.999624,46.199634,"5%",0.669923,"Error","Correct","Correct","Correct"
"3",24,"7_8_stimuli","7_8","Incongruent","Incongruent","Incongruent","Incongruent",47.999613,48.199617,"8*",0.462035,"Correct","Error","Correct","Correct"
"3",25,"1_2_stimuli","1_2","Incongruent","Incongruent","Incongruent","Incongruent",49.999603,50.199602,"2@",0.701938,"Correct","Correct","Error","Correct"
"3",26,"3_4_stimuli","3_4","Incongruent","Incongruent","Incongruent","Incongruent",51.999588,52.199579,"4$",0.70168,"Correct","Correct","Correct","Error"
"3",27,"5_6_stimuli","6_6","Congruent","Incongruent","Incongruent","Incongruent",53.999557,54.199557,"Omission",5000,"Omission","Correct","Correct","Correct"
"3",28,"7_8_stimuli","7_7","Congruent","Congruent","Incongruent","Incongruent",55.999536,56.199536,"7&",0.542358,"Correct","Omission","Correct","Correct"
"3",29,"1_2_stimuli","2_1","Incongruent","Congruent","Congruent","Incongruent",57.999528,58.199529,"1!",0.493775,"Correct","Correct","Omission","Correct"
"3",30,"3_4_stimuli","4_3","Incongruent","Incongruent","Congruent","Congruent",59.999519,60.199512,"3#",0.573736,"Correct","Correct","Correct","Omission"
"3",31,"5_6_stimuli","5_5","Congruent","Incongruent","Incongruent","Congruent",61.999496,62.199502,"5%",0.685781,"Correct","Correct","Correct","Correct"
"3",32,"7_8_stimuli","8_7","Incongruent","Congruent","Incongruent","Incongruent",63.99948,64.19948,"7&",0.558047,"Correct","Correct","Correct","Correct"
"3",33,"1_2_stimuli","1_2","Incongruent","Incongruent","Congruent","Incongruent",65.999473,66.199458,"2@",0.558062,"Correct","Correct","Correct","Correct"
"3",34,"3_4_stimuli","4_4","Congruent","Incongruent","Incongruent","Congruent",67.999441,68.199445,"4$",0.590321,"Correct","Correct","Correct","Correct"
"3",35,"5_6_stimuli","5_6","Incongruent","Congruent","Incongruent","Incongruent",69.999432,70.199439,"6^",0.862089,"Correct","Correct","Correct","Correct"
"3",36,"7_8_stimuli","7_8","Incongruent","Incongruent","Congruent","Incongruent",71.999407,72.199412,"7&",0.590255,"Error","Correct","Correct","Correct"
"3",37,"1_2_stimuli","1_2","Incongruent","Incongruent","Incongruent","Congruent",73.999399,74.199397,"2@",0.557882,"Correct","Error","Correct","Correct"
"3",38,"3_4_stimuli","3_3","Congruent","Incongruent","Incongruent","Incongruent",75.999377,76.199392,"3#",0.734205,"Correct","Correct","Error","Correct"
"3",39,"5_6_stimuli","6_6","Congruent","Congruent","Incongruent","Incongruent",77.999361,78.199366,"7&",0.622399,"Error","Correct","Correct","Error"
"3",40,"7_8_stimuli","7_7","Congruent","Congruent","Congruent","Incongruent",79.999351,80.199349,"7&",0.46188,"Correct","Error","Correct","Correct"
"3",41,"1_2_stimuli","2_2","Congruent","Congruent","Congruent","Congruent",81.999338,82.19933,"2@",0.542224,"Correct","Correct","Error","Correct"
"3",42,"3_4_stimuli","4_3","Incongruent","Congruent","Congruent","Congruent",83.999313,84.199316,"3#",0.621897,"Correct","Correct","Correct","Error"
"3",43,"5_6_stimuli","5_5","Congruent","Incongruent","Congruent","Congruent",85.999307,86.199299,"4$",1.293977,"Error","Correct","Correct","Correct"
"3",44,"7_8_stimuli","7_8","Incongruent","Congruent","Incongruent","Congruent",87.999277,88.199278,"8*",0.494551,"Correct","Error","Correct","Correct"
"3",45,"1_2_stimuli","2_2","Congruent","Incongruent","Congruent","Incongruent",89.999266,90.19927,"2@",0.590085,"Correct","Correct","Error","Correct"
"3",46,"3_4_stimuli","4_3","Incongruent","Congruent","Incongruent","Congruent",91.999248,92.199247,"3#",0.557966,"Correct","Correct","Correct","Error"
"3",47,"5_6_stimuli","6_6","Congruent","Incongruent","Congruent","Incongruent",93.999228,94.199217,"6^",0.910024,"Correct","Correct","Correct","Correct"
"3",48,"7_8_stimuli","8_8","Congruent","Congruent","Incongruent","Congruent",95.999225,96.199222,"8*",0.478087,"Correct","Correct","Correct","Correct"
"3",49,"1_2_stimuli","1_1","Congruent","Congruent","Congruent","Incongruent",97.999206,98.199207,"1!",0.462247,"Correct","Correct","Correct","Correct"
"3",50,"3_4_stimuli","4_4","Congruent","Congruent","Congruent","Congruent",99.999189,100.199196,"4$",0.686369,"Correct","Correct","Correct","Correct"
"3",51,"5_6_stimuli","6_5","Incongruent","Congruent","Congruent","Congruent",101.999153,102.199165,"5%",0.670632,"Correct","Correct","Correct","Correct"
"3",52,"7_8_stimuli","8_7","Incongruent","Incongruent","Congruent","Congruent",103.999156,104.199161,"7&",0.750366,"Correct","Correct","Correct","Correct"
"3",53,"1_2_stimuli","2_2","Congruent","Incongruent","Incongruent","Congruent",105.999146,106.199147,"2@",0.590136,"Correct","Correct","Correct","Correct"
"3",54,"3_4_stimuli","3_3","Congruent","Congruent","Incongruent","Incongruent",107.999118,108.199114,"3#",0.478171,"Correct","Correct","Correct","Correct"
"3",55,"5_6_stimuli","5_6","Incongruent","Congruent","Congruent","Incongruent",109.99911,110.199127,"6^",0.814534,"Correct","Correct","Correct","Correct"
"3",56,"7_8_stimuli","7_7","Congruent","Incongruent","Congruent","Congruent",111.999093,112.199083,"7&",0.510486,"Correct","Correct","Correct","Correct"
"3",57,"1_2_stimuli","2_1","Incongruent","Congruent","Incongruent","Congruent",113.999081,114.199074,"1!",0.430565,"Correct","Correct","Correct","Correct"
"3",58,"3_4_stimuli","3_4","Incongruent","Incongruent","Congruent","Incongruent",115.999064,116.199051,"4$",0.798476,"Correct","Correct","Correct","Correct"
"3",59,"5_6_stimuli","6_5","Incongruent","Incongruent","Incongruent","Congruent",117.999045,118.199046,"5%",0.55849,"Correct","Correct","Correct","Correct"
"3",60,"7_8_stimuli","8_8","Congruent","Incongruent","Incongruent","Incongruent",119.999023,120.199017,"8*",0.494641,"Correct","Correct","Correct","Correct"
"3",61,"1_2_stimuli","2_2","Congruent","Congruent","Incongruent","Incongruent",121.999007,122.199011,"2@",0.462258,"Correct","Correct","Correct","Correct"
"3",62,"3_4_stimuli","3_3","Congruent","Congruent","Congruent","Incongruent",123.998999,124.199001,"3#",0.44627,"Correct","Correct","Correct","Correct"
"3",63,"5_6_stimuli","5_5","Congruent","Congruent","Congruent","Congruent",125.998976,126.198981,"5%",0.494617,"Correct","Correct","Correct","Correct"
"3",64,"7_8_stimuli","8_7","Incongruent","Congruent","Congruent","Congruent",127.998974,128.198963,"6^",0.542618,"Error","Correct","Correct","Correct"
"3",65,"1_2_stimuli","1_1","Congruent","Incongruent","Congruent","Congruent",129.998945,130.198945,"1!",0.414339,"Correct","Error","Correct","Correct"
"3",66,"3_4_stimuli","3_3","Congruent","Congruent","Incongruent","Congruent",131.998932,132.198928,"3#",0.638336,"Correct","Correct","Error","Correct"
"3",67,"5_6_stimuli","6_6","Congruent","Congruent","Congruent","Incongruent",133.998907,134.198911,"6^",0.91072,"Correct","Correct","Correct","Error"
"3",68,"7_8_stimuli","8_8","Congruent","Congruent","Congruent","Congruent",135.998896,136.198891,"8*",0.510659,"Correct","Correct","Correct","Correct"
"4",1,"1_2_stimuli","1_2","Incongruent",NA,NA,NA,1.99999,2.199989,"2@",0.535088,"Correct",NA,NA,NA
"4",2,"3_4_stimuli","4_3","Incongruent","Incongruent",NA,NA,3.999973,4.199966,"3#",0.487392,"Correct","Correct",NA,NA
"4",3,"5_6_stimuli","5_6","Incongruent","Incongruent","Incongruent",NA,5.999961,6.199945,"6^",0.871264,"Correct","Correct","Correct",NA
"4",4,"7_8_stimuli","7_7","Congruent","Incongruent","Incongruent","Incongruent",7.999946,8.199933,"7&",0.791483,"Correct","Correct","Correct","Correct"
"4",5,"1_2_stimuli","1_2","Incongruent","Congruent","Incongruent","Incongruent",9.999923,10.199924,"2@",0.519344,"Correct","Correct","Correct","Correct"
"4",6,"3_4_stimuli","4_4","Congruent","Incongruent","Congruent","Incongruent",11.999905,12.199906,"3#",0.583562,"Error","Correct","Correct","Correct"
"4",7,"5_6_stimuli","5_6","Incongruent","Congruent","Incongruent","Congruent",13.999886,14.199888,"6^",0.87121,"Correct","Error","Correct","Correct"
"4",8,"7_8_stimuli","7_8","Incongruent","Incongruent","Congruent","Incongruent",15.999878,16.199879,"8*",0.53556,"Correct","Correct","Error","Correct"
"4",9,"1_2_stimuli","2_1","Incongruent","Incongruent","Incongruent","Congruent",17.999854,18.19986,"1!",0.359608,"Correct","Correct","Correct","Error"
"4",10,"3_4_stimuli","3_4","Incongruent","Incongruent","Incongruent","Incongruent",19.999851,20.19983,"4$",0.727616,"Correct","Correct","Correct","Correct"
"4",11,"5_6_stimuli","5_5","Congruent","Incongruent","Incongruent","Incongruent",21.999825,22.199819,"5%",0.519482,"Correct","Correct","Correct","Correct"
"4",12,"7_8_stimuli","7_8","Incongruent","Congruent","Incongruent","Incongruent",23.999813,24.199809,"8*",0.535474,"Correct","Correct","Correct","Correct"
"4",13,"1_2_stimuli","2_2","Congruent","Incongruent","Congruent","Incongruent",25.999795,26.19979,"2@",0.56749,"Correct","Correct","Correct","Correct"
"4",14,"3_4_stimuli","3_3","Congruent","Congruent","Incongruent","Congruent",27.99978,28.199776,"3#",0.551579,"Correct","Correct","Correct","Correct"
"4",15,"5_6_stimuli","6_5","Incongruent","Congruent","Congruent","Incongruent",29.999764,30.199769,"5%",0.679327,"Correct","Correct","Correct","Correct"
"4",16,"7_8_stimuli","8_7","Incongruent","Incongruent","Congruent","Congruent",31.999756,32.199735,"7&",0.695463,"Correct","Correct","Correct","Correct"
"4",17,"1_2_stimuli","1_1","Congruent","Incongruent","Incongruent","Congruent",33.999733,34.199733,"1!",0.423701,"Correct","Correct","Correct","Correct"
"4",18,"3_4_stimuli","3_3","Congruent","Congruent","Incongruent","Incongruent",35.999711,36.199704,"3#",0.631301,"Correct","Correct","Correct","Correct"
"4",19,"5_6_stimuli","5_5","Congruent","Congruent","Congruent","Incongruent",37.999702,38.199698,"5%",0.647379,"Correct","Correct","Correct","Correct"
"4",20,"7_8_stimuli","7_7","Congruent","Congruent","Congruent","Congruent",39.999679,40.199679,"7&",0.5834,"Correct","Correct","Correct","Correct"
"4",21,"1_2_stimuli","1_1","Congruent","Congruent","Congruent","Congruent",41.99967,42.19967,"1!",0.423579,"Correct","Correct","Correct","Correct"
"4",22,"3_4_stimuli","3_3","Congruent","Congruent","Congruent","Congruent",43.999655,44.199647,"3#",0.487427,"Correct","Correct","Correct","Correct"
"4",23,"5_6_stimuli","6_5","Incongruent","Congruent","Congruent","Congruent",45.99963,46.199633,"5%",0.759916,"Correct","Correct","Correct","Correct"
"4",24,"7_8_stimuli","8_8","Congruent","Incongruent","Congruent","Congruent",47.999625,48.199618,"8*",0.535431,"Correct","Correct","Correct","Correct"
"4",25,"1_2_stimuli","2_1","Incongruent","Congruent","Incongruent","Congruent",49.999604,50.199599,"1!",0.519728,"Correct","Correct","Correct","Correct"
"4",26,"3_4_stimuli","4_3","Incongruent","Incongruent","Congruent","Incongruent",51.999582,52.199584,"3#",0.535863,"Correct","Correct","Correct","Correct"
"4",27,"5_6_stimuli","6_6","Congruent","Incongruent","Incongruent","Congruent",53.999565,54.199568,"6^",0.951795,"Correct","Correct","Correct","Correct"
"4",28,"7_8_stimuli","7_7","Congruent","Congruent","Incongruent","Incongruent",55.999555,56.199551,"7&",0.695539,"Correct","Correct","Correct","Correct"
"4",29,"1_2_stimuli","1_2","Incongruent","Congruent","Congruent","Incongruent",57.999532,58.199535,"2@",0.63155,"Correct","Correct","Correct","Correct"
"4",30,"3_4_stimuli","4_4","Congruent","Incongruent","Congruent","Congruent",59.999519,60.199526,"3#",0.759712,"Error","Correct","Correct","Correct"
"4",31,"5_6_stimuli","5_5","Congruent","Congruent","Incongruent","Congruent",61.999512,62.199503,"5%",0.61549,"Correct","Error","Correct","Correct"
"4",32,"7_8_stimuli","7_7","Congruent","Congruent","Congruent","Incongruent",63.999469,64.199486,"7&",0.743942,"Correct","Correct","Error","Correct"
"4",33,"1_2_stimuli","2_1","Incongruent","Congruent","Congruent","Congruent",65.999469,66.199467,"1!",0.455609,"Correct","Correct","Correct","Error"
"4",34,"3_4_stimuli","3_4","Incongruent","Incongruent","Congruent","Congruent",67.999452,68.199453,"4$",0.887955,"Correct","Correct","Correct","Correct"
"4",35,"5_6_stimuli","5_6","Incongruent","Incongruent","Incongruent","Congruent",69.999437,70.199427,"6^",0.984103,"Correct","Correct","Correct","Correct"
"4",36,"7_8_stimuli","7_8","Incongruent","Incongruent","Incongruent","Incongruent",71.99943,72.199429,"8*",0.679601,"Correct","Correct","Correct","Correct"
"4",37,"1_2_stimuli","1_2","Incongruent","Incongruent","Incongruent","Incongruent",73.99941,74.199406,"2@",0.615646,"Correct","Correct","Correct","Correct"
"4",38,"3_4_stimuli","4_4","Congruent","Incongruent","Incongruent","Incongruent",75.999391,76.19939,"4$",0.791673,"Correct","Correct","Correct","Correct"
"4",39,"5_6_stimuli","5_6","Incongruent","Congruent","Incongruent","Incongruent",77.999381,78.199369,"6^",1.351669,"Correct","Correct","Correct","Correct"
"4",40,"7_8_stimuli","8_8","Congruent","Incongruent","Congruent","Incongruent",79.999362,80.199358,"8*",0.487673,"Correct","Correct","Correct","Correct"
"4",41,"1_2_stimuli","2_2","Congruent","Congruent","Incongruent","Congruent",81.999351,82.199337,"2@",0.503994,"Correct","Correct","Correct","Correct"
"4",42,"3_4_stimuli","3_3","Congruent","Congruent","Congruent","Incongruent",83.999318,84.199323,"3#",0.535757,"Correct","Correct","Correct","Correct"
"4",43,"5_6_stimuli","6_6","Congruent","Congruent","Congruent","Congruent",85.99931,86.199309,"6^",0.936187,"Correct","Correct","Correct","Correct"
"4",44,"7_8_stimuli","8_7","Incongruent","Congruent","Congruent","Congruent",87.999286,88.199301,"7&",0.583709,"Correct","Correct","Correct","Correct"
"4",45,"1_2_stimuli","2_2","Congruent","Incongruent","Congruent","Congruent",89.999259,90.199274,"2@",0.695986,"Correct","Correct","Correct","Correct"
"4",46,"3_4_stimuli","4_3","Incongruent","Congruent","Incongruent","Congruent",91.999253,92.199262,"3#",0.568217,"Correct","Correct","Correct","Correct"
"4",47,"5_6_stimuli","5_6","Incongruent","Incongruent","Congruent","Incongruent",93.999242,94.199243,"6^",0.775864,"Correct","Correct","Correct","Correct"
"4",48,"7_8_stimuli","7_8","Incongruent","Incongruent","Incongruent","Congruent",95.99923,96.199224,"8*",0.679863,"Correct","Correct","Correct","Correct"
"4",49,"1_2_stimuli","1_1","Congruent","Incongruent","Incongruent","Incongruent",97.99921,98.199215,"1!",0.39218,"Correct","Correct","Correct","Correct"
"4",50,"3_4_stimuli","4_3","Incongruent","Congruent","Incongruent","Incongruent",99.999198,100.199194,"3#",0.552291,"Correct","Correct","Correct","Correct"
"4",51,"5_6_stimuli","6_6","Congruent","Incongruent","Congruent","Incongruent",101.999181,102.199173,"6^",0.872233,"Correct","Correct","Correct","Correct"
"4",52,"7_8_stimuli","7_7","Congruent","Congruent","Incongruent","Congruent",103.99916,104.199165,"7&",0.520273,"Correct","Correct","Correct","Correct"
"4",53,"1_2_stimuli","1_1","Congruent","Congruent","Congruent","Incongruent",105.999146,106.19915,"1!",0.407838,"Correct","Correct","Correct","Correct"
"4",54,"3_4_stimuli","3_4","Incongruent","Congruent","Congruent","Congruent",107.999132,108.199129,"4$",0.551854,"Correct","Correct","Correct","Correct"
"4",55,"5_6_stimuli","6_6","Congruent","Incongruent","Congruent","Congruent",109.999118,110.199116,"6^",0.664204,"Correct","Correct","Correct","Correct"
"4",56,"7_8_stimuli","8_7","Incongruent","Congruent","Incongruent","Congruent",111.999092,112.199096,"7&",0.72815,"Correct","Correct","Correct","Correct"
"4",57,"1_2_stimuli","2_1","Incongruent","Incongruent","Congruent","Incongruent",113.99908,114.199084,"1!",0.375899,"Correct","Correct","Correct","Correct"
"4",58,"3_4_stimuli","4_4","Congruent","Incongruent","Incongruent","Congruent",115.999067,116.19906,"4$",0.631978,"Correct","Correct","Correct","Correct"
"4",59,"5_6_stimuli","5_5","Congruent","Congruent","Incongruent","Incongruent",117.999045,118.199045,"5%",0.76028,"Correct","Correct","Correct","Correct"
"4",60,"7_8_stimuli","8_7","Incongruent","Congruent","Congruent","Incongruent",119.999035,120.199027,"7&",0.760425,"Correct","Correct","Correct","Correct"
"4",61,"1_2_stimuli","1_2","Incongruent","Incongruent","Congruent","Congruent",121.999021,122.199022,"2@",0.616972,"Correct","Correct","Correct","Correct"
"4",62,"3_4_stimuli","4_3","Incongruent","Incongruent","Incongruent","Congruent",123.999005,124.199002,"3#",0.568458,"Correct","Correct","Correct","Correct"
"4",63,"5_6_stimuli","6_5","Incongruent","Incongruent","Incongruent","Incongruent",125.998985,126.198983,"5%",0.888065,"Correct","Correct","Correct","Correct"
"4",64,"7_8_stimuli","8_8","Congruent","Incongruent","Incongruent","Incongruent",127.998978,128.198967,"8*",0.536066,"Correct","Correct","Correct","Correct"
"4",65,"1_2_stimuli","2_2","Congruent","Congruent","Incongruent","Incongruent",129.998958,130.19895,"2@",0.58443,"Correct","Correct","Correct","Correct"
"4",66,"3_4_stimuli","3_4","Incongruent","Congruent","Congruent","Incongruent",131.99894,132.198936,"4$",0.584365,"Correct","Correct","Correct","Correct"
"4",67,"5_6_stimuli","6_5","Incongruent","Incongruent","Congruent","Congruent",133.998925,134.198926,"5%",0.552578,"Correct","Correct","Correct","Correct"
"4",68,"7_8_stimuli","8_8","Congruent","Incongruent","Incongruent","Congruent",135.998905,136.198906,"8*",0.488599,"Correct","Correct","Correct","Correct"
"5",1,"1_2_stimuli","1_1","Congruent",NA,NA,NA,1.999988,2.199986,"1!",0.439539,"Correct",NA,NA,NA
"5",2,"3_4_stimuli","4_4","Congruent","Congruent",NA,NA,3.999968,4.199979,"4$",0.66393,"Correct","Correct",NA,NA
"5",3,"5_6_stimuli","5_5","Congruent","Congruent","Congruent",NA,5.999975,6.19997,"5%",0.503908,"Correct","Correct","Correct",NA
"5",4,"7_8_stimuli","8_8","Congruent","Congruent","Congruent","Congruent",7.999952,8.199932,"8*",0.487561,"Correct","Correct","Correct","Correct"
"5",5,"1_2_stimuli","1_2","Incongruent","Congruent","Congruent","Congruent",9.999922,10.199923,"2@",0.456009,"Correct","Correct","Correct","Correct"
"5",6,"3_4_stimuli","4_3","Incongruent","Incongruent","Congruent","Congruent",11.99991,12.199914,"3#",0.519893,"Correct","Correct","Correct","Correct"
"5",7,"5_6_stimuli","5_6","Incongruent","Incongruent","Incongruent","Congruent",13.999903,14.199894,"6^",0.823844,"Correct","Correct","Correct","Correct"
"5",8,"7_8_stimuli","8_8","Congruent","Incongruent","Incongruent","Incongruent",15.999882,16.199879,"8*",0.503979,"Correct","Correct","Correct","Correct"
"5",9,"1_2_stimuli","2_2","Congruent","Congruent","Incongruent","Incongruent",17.999863,18.199859,"2@",0.535568,"Correct","Correct","Correct","Correct"
"5",10,"3_4_stimuli","4_4","Congruent","Congruent","Congruent","Incongruent",19.999851,20.199847,"4$",0.695658,"Correct","Correct","Correct","Correct"
"5",11,"5_6_stimuli","6_5","Incongruent","Congruent","Congruent","Congruent",21.999827,22.199821,"5%",0.648088,"Correct","Correct","Correct","Correct"
"5",12,"7_8_stimuli","7_8","Incongruent","Incongruent","Congruent","Congruent",23.999817,24.199808,"8*",0.519706,"Correct","Correct","Correct","Correct"
"5",13,"1_2_stimuli","2_1","Incongruent","Incongruent","Incongruent","Congruent",25.999807,26.199797,"1!",0.408001,"Correct","Correct","Correct","Correct"
"5",14,"3_4_stimuli","3_3","Congruent","Incongruent","Incongruent","Incongruent",27.999777,28.199777,"3#",0.488021,"Correct","Correct","Correct","Correct"
"5",15,"5_6_stimuli","6_5","Incongruent","Congruent","Incongruent","Incongruent",29.999764,30.199756,"5%",0.551594,"Correct","Correct","Correct","Correct"
"5",16,"7_8_stimuli","8_7","Incongruent","Incongruent","Congruent","Incongruent",31.999745,32.199751,"7&",0.680054,"Correct","Correct","Correct","Correct"
"5",17,"1_2_stimuli","2_2","Congruent","Incongruent","Incongruent","Congruent",33.999736,34.199712,"2@",0.504238,"Correct","Correct","Correct","Correct"
"5",18,"3_4_stimuli","3_3","Congruent","Congruent","Incongruent","Incongruent",35.999723,36.199724,"3#",0.51986,"Correct","Correct","Correct","Correct"
"5",19,"5_6_stimuli","6_5","Incongruent","Congruent","Congruent","Incongruent",37.999705,38.199689,"5%",0.615799,"Correct","Correct","Correct","Correct"
"5",20,"7_8_stimuli","8_8","Congruent","Incongruent","Congruent","Congruent",39.999688,40.199678,"8*",0.455751,"Correct","Correct","Correct","Correct"
"5",21,"1_2_stimuli","2_1","Incongruent","Congruent","Incongruent","Congruent",41.999671,42.199662,"1!",0.439866,"Correct","Correct","Correct","Correct"
"5",22,"3_4_stimuli","4_3","Incongruent","Incongruent","Congruent","Incongruent",43.99965,44.199656,"3#",0.583846,"Correct","Correct","Correct","Correct"
"5",23,"5_6_stimuli","6_6","Congruent","Incongruent","Incongruent","Congruent",45.999642,46.199636,"6^",1.095867,"Correct","Correct","Correct","Correct"
"5",24,"7_8_stimuli","7_7","Congruent","Congruent","Incongruent","Incongruent",47.999618,48.199618,"7&",0.776173,"Correct","Correct","Correct","Correct"
"5",25,"1_2_stimuli","2_1","Incongruent","Congruent","Congruent","Incongruent",49.999613,50.199601,"1!",0.520014,"Correct","Correct","Correct","Correct"
"5",26,"3_4_stimuli","4_4","Congruent","Incongruent","Congruent","Congruent",51.999587,52.199589,"3#",0.647934,"Error","Correct","Correct","Correct"
"5",27,"5_6_stimuli","5_6","Incongruent","Congruent","Incongruent","Congruent",53.999573,54.199567,"6^",1.207909,"Correct","Error","Correct","Correct"
"5",28,"7_8_stimuli","8_8","Congruent","Incongruent","Congruent","Incongruent",55.999561,56.199556,"8*",0.503973,"Correct","Correct","Error","Correct"
"5",29,"1_2_stimuli","2_2","Congruent","Congruent","Incongruent","Congruent",57.999546,58.19954,"2@",0.519969,"Correct","Correct","Correct","Error"
"5",30,"3_4_stimuli","3_4","Incongruent","Congruent","Congruent","Incongruent",59.99952,60.19953,"4$",0.696,"Correct","Correct","Correct","Correct"
"5",31,"5_6_stimuli","5_6","Incongruent","Incongruent","Congruent","Congruent",61.999505,62.199511,"6^",1.160176,"Correct","Correct","Correct","Correct"
"5",32,"7_8_stimuli","7_7","Congruent","Incongruent","Incongruent","Congruent",63.999493,64.199492,"7&",0.600171,"Correct","Correct","Correct","Correct"
"5",33,"1_2_stimuli","1_2","Incongruent","Congruent","Incongruent","Incongruent",65.999474,66.199474,"2@",0.53612,"Correct","Correct","Correct","Correct"
"5",34,"3_4_stimuli","4_4","Congruent","Incongruent","Congruent","Incongruent",67.999457,68.19946,"4$",0.776223,"Correct","Correct","Correct","Correct"
"5",35,"5_6_stimuli","5_5","Congruent","Congruent","Incongruent","Congruent",69.999443,70.19944,"5%",0.808445,"Correct","Correct","Correct","Correct"
"5",36,"7_8_stimuli","7_8","Incongruent","Congruent","Congruent","Incongruent",71.999425,72.199425,"8*",0.600053,"Correct","Correct","Correct","Correct"
"5",37,"1_2_stimuli","2_1","Incongruent","Incongruent","Congruent","Congruent",73.99942,74.199402,"1!",0.424084,"Correct","Correct","Correct","Correct"
"5",38,"3_4_stimuli","4_3","Incongruent","Incongruent","Incongruent","Congruent",75.999402,76.199392,"3#",0.504097,"Correct","Correct","Correct","Correct"
"5",39,"5_6_stimuli","6_5","Incongruent","Incongruent","Incongruent","Incongruent",77.999375,78.199373,"5%",0.80846,"Correct","Correct","Correct","Correct"
"5",40,"7_8_stimuli","8_7","Incongruent","Incongruent","Incongruent","Incongruent",79.99936,80.199362,"7&",0.696499,"Correct","Correct","Correct","Correct"
"5",41,"1_2_stimuli","1_2","Incongruent","Incongruent","Incongruent","Incongruent",81.999353,82.199338,"2@",0.584409,"Correct","Correct","Correct","Correct"
"5",42,"3_4_stimuli","3_4","Incongruent","Incongruent","Incongruent","Incongruent",83.999328,84.199329,"4$",1.000432,"Correct","Correct","Correct","Correct"
"5",43,"5_6_stimuli","5_5","Congruent","Incongruent","Incongruent","Incongruent",85.999311,86.199316,"5%",0.712474,"Correct","Correct","Correct","Correct"
"5",44,"7_8_stimuli","8_7","Incongruent","Congruent","Incongruent","Incongruent",87.999292,88.199293,"7&",0.520436,"Correct","Correct","Correct","Correct"
"5",45,"1_2_stimuli","1_1","Congruent","Incongruent","Congruent","Incongruent",89.999278,90.199279,"1!",0.408276,"Correct","Correct","Correct","Correct"
"5",46,"3_4_stimuli","3_4","Incongruent","Congruent","Incongruent","Congruent",91.999265,92.199267,"4$",0.552489,"Correct","Correct","Correct","Correct"
"5",47,"5_6_stimuli","5_6","Incongruent","Incongruent","Congruent","Incongruent",93.999253,94.199255,"5%",0.568671,"Error","Correct","Correct","Correct"
"5",48,"7_8_stimuli","8_7","Incongruent","Incongruent","Incongruent","Congruent",95.99923,96.199228,"7&",0.568449,"Correct","Error","Correct","Correct"
"5",49,"1_2_stimuli","2_2","Congruent","Incongruent","Incongruent","Incongruent",97.999222,98.199215,"2@",0.552511,"Correct","Correct","Error","Correct"
"5",50,"3_4_stimuli","3_4","Incongruent","Congruent","Incongruent","Incongruent",99.999202,100.199195,"4$",0.728855,"Correct","Correct","Correct","Error"
"5",51,"5_6_stimuli","6_6","Congruent","Incongruent","Congruent","Incongruent",101.999195,102.199175,"6^",1.304673,"Correct","Correct","Correct","Correct"
"5",52,"7_8_stimuli","8_8","Congruent","Congruent","Incongruent","Congruent",103.99917,104.199171,"8*",0.504696,"Correct","Correct","Correct","Correct"
"5",53,"1_2_stimuli","1_1","Congruent","Congruent","Congruent","Incongruent",105.999151,106.199157,"1!",0.376785,"Correct","Correct","Correct","Correct"
"5",54,"3_4_stimuli","3_3","Congruent","Congruent","Congruent","Congruent",107.999139,108.199127,"3#",0.616351,"Correct","Correct","Correct","Correct"
"5",55,"5_6_stimuli","6_6","Congruent","Congruent","Congruent","Congruent",109.99912,110.199112,"6^",0.680613,"Correct","Correct","Correct","Correct"
"5",56,"7_8_stimuli","7_8","Incongruent","Congruent","Congruent","Congruent",111.999102,112.199096,"8*",0.568629,"Correct","Correct","Correct","Correct"
"5",57,"1_2_stimuli","1_1","Congruent","Incongruent","Congruent","Congruent",113.999091,114.199092,"1!",0.392434,"Correct","Correct","Correct","Correct"
"5",58,"3_4_stimuli","3_3","Congruent","Congruent","Incongruent","Congruent",115.999072,116.199073,"3#",0.472428,"Correct","Correct","Correct","Correct"
"5",59,"5_6_stimuli","5_5","Congruent","Congruent","Congruent","Incongruent",117.99906,118.199058,"5%",0.600458,"Correct","Correct","Correct","Correct"
"5",60,"7_8_stimuli","7_7","Congruent","Congruent","Congruent","Congruent",119.999036,120.199038,"7&",0.63284,"Correct","Correct","Correct","Correct"
"5",61,"1_2_stimuli","1_1","Congruent","Congruent","Congruent","Congruent",121.999022,122.199022,"1!",0.440531,"Correct","Correct","Correct","Correct"
"5",62,"3_4_stimuli","4_3","Incongruent","Congruent","Congruent","Congruent",123.999009,124.199011,"3#",0.520499,"Correct","Correct","Correct","Correct"
"5",63,"5_6_stimuli","5_5","Congruent","Incongruent","Congruent","Congruent",125.998986,126.198987,"5%",0.536421,"Correct","Correct","Correct","Correct"
"5",64,"7_8_stimuli","7_8","Incongruent","Congruent","Incongruent","Congruent",127.998972,128.198978,"7&",0.504527,"Error","Correct","Correct","Correct"
"5",65,"1_2_stimuli","1_2","Incongruent","Incongruent","Congruent","Incongruent",129.998972,130.19893,"2@",0.440684,"Correct","Error","Correct","Correct"
"5",66,"3_4_stimuli","4_4","Congruent","Incongruent","Incongruent","Congruent",131.998941,132.198949,"4$",0.904683,"Correct","Correct","Error","Correct"
"5",67,"5_6_stimuli","6_6","Congruent","Congruent","Incongruent","Incongruent",133.99892,134.198934,"7&",0.888734,"Error","Correct","Correct","Error"
"5",68,"7_8_stimuli","7_7","Congruent","Congruent","Congruent","Incongruent",135.998912,136.198911,"7&",0.505276,"Correct","Error","Correct","Correct"
"6",1,"1_2_stimuli","1_1","Congruent",NA,NA,NA,2.000001,2.199987,"1!",0.444998,"Correct",NA,NA,NA
"6",2,"3_4_stimuli","3_3","Congruent","Congruent",NA,NA,3.99997,4.199974,"3#",0.70109,"Correct","Correct",NA,NA
"6",3,"5_6_stimuli","6_6","Congruent","Congruent","Congruent",NA,5.999966,6.199959,"6^",0.892844,"Correct","Correct","Correct",NA
"6",4,"7_8_stimuli","8_8","Congruent","Congruent","Congruent","Congruent",7.999939,8.199945,"8*",0.492641,"Correct","Correct","Correct","Correct"
"6",5,"1_2_stimuli","1_1","Congruent","Congruent","Congruent","Congruent",9.999913,10.199919,"1!",0.364723,"Correct","Correct","Correct","Correct"
"6",6,"3_4_stimuli","4_3","Incongruent","Congruent","Congruent","Congruent",11.999907,12.199895,"3#",0.557199,"Correct","Correct","Correct","Correct"
"6",7,"5_6_stimuli","6_6","Congruent","Incongruent","Congruent","Congruent",13.999888,14.199884,"6^",0.764642,"Correct","Correct","Correct","Correct"
"6",8,"7_8_stimuli","8_8","Congruent","Congruent","Incongruent","Congruent",15.999874,16.199872,"8*",0.509,"Correct","Correct","Correct","Correct"
"6",9,"1_2_stimuli","1_2","Incongruent","Congruent","Congruent","Incongruent",17.999852,18.199852,"2@",0.604828,"Correct","Correct","Correct","Correct"
"6",10,"3_4_stimuli","4_3","Incongruent","Incongruent","Congruent","Congruent",19.999835,20.199832,"3#",0.557241,"Correct","Correct","Correct","Correct"
"6",11,"5_6_stimuli","6_6","Congruent","Incongruent","Incongruent","Congruent",21.999819,22.199818,"6^",1.196807,"Correct","Correct","Correct","Correct"
"6",12,"7_8_stimuli","7_7","Congruent","Congruent","Incongruent","Incongruent",23.999805,24.19981,"7&",0.525222,"Correct","Correct","Correct","Correct"
"6",13,"1_2_stimuli","2_2","Congruent","Congruent","Congruent","Incongruent",25.999789,26.199792,"2@",0.493129,"Correct","Correct","Correct","Correct"
"6",14,"3_4_stimuli","3_3","Congruent","Congruent","Congruent","Congruent",27.999772,28.199768,"3#",0.493032,"Correct","Correct","Correct","Correct"
"6",15,"5_6_stimuli","6_5","Incongruent","Congruent","Congruent","Congruent",29.999756,30.199759,"5%",0.621046,"Correct","Correct","Correct","Correct"
"6",16,"7_8_stimuli","7_8","Incongruent","Incongruent","Congruent","Congruent",31.999747,32.199747,"8*",0.52539,"Correct","Correct","Correct","Correct"
"6",17,"1_2_stimuli","2_1","Incongruent","Incongruent","Incongruent","Congruent",33.999723,34.199734,"1!",0.493328,"Correct","Correct","Correct","Correct"
"6",18,"3_4_stimuli","3_4","Incongruent","Incongruent","Incongruent","Incongruent",35.999718,36.199713,"4$",0.620825,"Correct","Correct","Correct","Correct"
"6",19,"5_6_stimuli","6_6","Congruent","Incongruent","Incongruent","Incongruent",37.999695,38.199695,"6^",1.00518,"Correct","Correct","Correct","Correct"
"6",20,"7_8_stimuli","7_8","Incongruent","Congruent","Incongruent","Incongruent",39.99968,40.199685,"8*",0.636921,"Correct","Correct","Correct","Correct"
"6",21,"1_2_stimuli","1_1","Congruent","Incongruent","Congruent","Incongruent",41.999669,42.199663,"1!",0.429259,"Correct","Correct","Correct","Correct"
"6",22,"3_4_stimuli","3_4","Incongruent","Congruent","Incongruent","Congruent",43.999641,44.199645,"4$",0.860946,"Correct","Correct","Correct","Correct"
"6",23,"5_6_stimuli","5_5","Congruent","Incongruent","Congruent","Incongruent",45.999627,46.199626,"5%",0.557302,"Correct","Correct","Correct","Correct"
"6",24,"7_8_stimuli","8_7","Incongruent","Congruent","Incongruent","Congruent",47.999622,48.199607,"6^",0.637265,"Error","Correct","Correct","Correct"
"6",25,"1_2_stimuli","2_1","Incongruent","Incongruent","Congruent","Incongruent",49.999591,50.199589,"1!",0.429354,"Correct","Error","Correct","Correct"
"6",26,"3_4_stimuli","3_4","Incongruent","Incongruent","Incongruent","Congruent",51.999582,52.199585,"4$",0.829016,"Correct","Correct","Error","Correct"
"6",27,"5_6_stimuli","6_5","Incongruent","Incongruent","Incongruent","Incongruent",53.999572,54.199569,"5%",0.621203,"Correct","Correct","Correct","Error"
"6",28,"7_8_stimuli","7_7","Congruent","Incongruent","Incongruent","Incongruent",55.999546,56.199543,"7&",0.7976,"Correct","Correct","Correct","Correct"
"6",29,"1_2_stimuli","2_2","Congruent","Congruent","Incongruent","Incongruent",57.99953,58.19954,"2@",0.605346,"Correct","Correct","Correct","Correct"
"6",30,"3_4_stimuli","4_3","Incongruent","Congruent","Congruent","Incongruent",59.999522,60.199515,"3#",0.573262,"Correct","Correct","Correct","Correct"
"6",31,"5_6_stimuli","6_5","Incongruent","Incongruent","Congruent","Congruent",61.999499,62.199508,"5%",0.605418,"Correct","Correct","Correct","Correct"
"6",32,"7_8_stimuli","8_7","Incongruent","Incongruent","Incongruent","Congruent",63.999492,64.199474,"7&",0.509282,"Correct","Correct","Correct","Correct"
"6",33,"1_2_stimuli","1_1","Congruent","Incongruent","Incongruent","Incongruent",65.999478,66.199466,"1!",0.397141,"Correct","Correct","Correct","Correct"
"6",34,"3_4_stimuli","4_3","Incongruent","Congruent","Incongruent","Incongruent",67.999459,68.199453,"3#",0.653098,"Correct","Correct","Correct","Correct"
"6",35,"5_6_stimuli","5_6","Incongruent","Incongruent","Congruent","Incongruent",69.999433,70.199431,"6^",1.261396,"Correct","Correct","Correct","Correct"
"6",36,"7_8_stimuli","7_7","Congruent","Incongruent","Incongruent","Congruent",71.999425,72.199421,"7&",0.509511,"Correct","Correct","Correct","Correct"
"6",37,"1_2_stimuli","2_1","Incongruent","Congruent","Incongruent","Incongruent",73.999407,74.1994,"1!",0.381536,"Correct","Correct","Correct","Correct"
"6",38,"3_4_stimuli","3_4","Incongruent","Incongruent","Congruent","Incongruent",75.999389,76.199384,"4$",0.701181,"Correct","Correct","Correct","Correct"
"6",39,"5_6_stimuli","5_6","Incongruent","Incongruent","Incongruent","Congruent",77.999368,78.199367,"6^",0.909528,"Correct","Correct","Correct","Correct"
"6",40,"7_8_stimuli","7_8","Incongruent","Incongruent","Incongruent","Incongruent",79.999362,80.199363,"8*",0.621303,"Correct","Correct","Correct","Correct"
"6",41,"1_2_stimuli","1_2","Incongruent","Incongruent","Incongruent","Incongruent",81.999337,82.199343,"2@",0.573259,"Correct","Correct","Correct","Correct"
"6",42,"3_4_stimuli","3_3","Congruent","Incongruent","Incongruent","Incongruent",83.999315,84.199326,"3#",0.557624,"Correct","Correct","Correct","Correct"
"6",43,"5_6_stimuli","5_5","Congruent","Congruent","Incongruent","Incongruent",85.999312,86.199302,"5%",1.021283,"Correct","Correct","Correct","Correct"
"6",44,"7_8_stimuli","8_7","Incongruent","Congruent","Congruent","Incongruent",87.999293,88.199297,"7&",0.765519,"Correct","Correct","Correct","Correct"
"6",45,"1_2_stimuli","2_2","Congruent","Incongruent","Congruent","Congruent",89.999284,90.199268,"2@",0.525549,"Correct","Correct","Correct","Correct"
"6",46,"3_4_stimuli","4_4","Congruent","Congruent","Incongruent","Congruent",91.99926,92.199261,"4$",0.653602,"Correct","Correct","Correct","Correct"
"6",47,"5_6_stimuli","5_5","Congruent","Congruent","Congruent","Incongruent",93.999241,94.199237,"5%",0.541345,"Correct","Correct","Correct","Correct"
"6",48,"7_8_stimuli","8_8","Congruent","Congruent","Congruent","Congruent",95.999222,96.199225,"8*",0.621375,"Correct","Correct","Correct","Correct"
"6",49,"1_2_stimuli","1_2","Incongruent","Congruent","Congruent","Congruent",97.999195,98.199208,"2@",0.669611,"Correct","Correct","Correct","Correct"
"6",50,"3_4_stimuli","4_4","Congruent","Incongruent","Congruent","Congruent",99.999192,100.199201,"4$",0.733651,"Correct","Correct","Correct","Correct"
"6",51,"5_6_stimuli","6_5","Incongruent","Congruent","Incongruent","Congruent",101.999168,102.199177,"5%",0.573414,"Correct","Correct","Correct","Correct"
"6",52,"7_8_stimuli","8_8","Congruent","Incongruent","Congruent","Incongruent",103.999154,104.199155,"8*",0.509468,"Correct","Correct","Correct","Correct"
"6",53,"1_2_stimuli","2_2","Congruent","Congruent","Incongruent","Congruent",105.999144,106.199141,"2@",0.54166,"Correct","Correct","Correct","Correct"
"6",54,"3_4_stimuli","3_3","Congruent","Congruent","Congruent","Incongruent",107.999133,108.199131,"3#",0.541657,"Correct","Correct","Correct","Correct"
"6",55,"5_6_stimuli","6_6","Congruent","Congruent","Congruent","Congruent",109.999101,110.199123,"6^",0.813924,"Correct","Correct","Correct","Correct"
"6",56,"7_8_stimuli","8_7","Incongruent","Congruent","Congruent","Congruent",111.9991,112.19909,"7&",0.493845,"Correct","Correct","Correct","Correct"
"6",57,"1_2_stimuli","2_1","Incongruent","Incongruent","Congruent","Congruent",113.999072,114.199084,"1!",0.461801,"Correct","Correct","Correct","Correct"
"6",58,"3_4_stimuli","3_3","Congruent","Incongruent","Incongruent","Congruent",115.999058,116.199062,"3#",0.509543,"Correct","Correct","Correct","Correct"
"6",59,"5_6_stimuli","5_6","Incongruent","Congruent","Incongruent","Incongruent",117.99904,118.199045,"6^",0.877555,"Correct","Correct","Correct","Correct"
"6",60,"7_8_stimuli","7_8","Incongruent","Incongruent","Congruent","Incongruent",119.999036,120.199022,"8*",0.493881,"Correct","Correct","Correct","Correct"
"6",61,"1_2_stimuli","1_1","Congruent","Incongruent","Incongruent","Congruent",121.999017,122.199015,"1!",0.413628,"Correct","Correct","Correct","Correct"
"6",62,"3_4_stimuli","4_4","Congruent","Congruent","Incongruent","Incongruent",123.999,124.198995,"4$",0.621647,"Correct","Correct","Correct","Correct"
"6",63,"5_6_stimuli","5_6","Incongruent","Congruent","Congruent","Incongruent",125.998981,126.198979,"6^",0.926059,"Correct","Correct","Correct","Correct"
"6",64,"7_8_stimuli","8_8","Congruent","Incongruent","Congruent","Congruent",127.998969,128.198967,"8*",0.573611,"Correct","Correct","Correct","Correct"
"6",65,"1_2_stimuli","1_2","Incongruent","Congruent","Incongruent","Congruent",129.998953,130.198946,"2@",0.461784,"Correct","Correct","Correct","Correct"
"6",66,"3_4_stimuli","4_4","Congruent","Incongruent","Congruent","Incongruent",131.998939,132.198931,"4$",0.718067,"Correct","Correct","Correct","Correct"
"6",67,"5_6_stimuli","5_5","Congruent","Congruent","Incongruent","Congruent",133.998919,134.198918,"5%",0.62166,"Correct","Correct","Correct","Correct"
"6",68,"7_8_stimuli","7_7","Congruent","Congruent","Congruent","Incongruent",135.998905,136.198903,"7&",0.573911,"Correct","Correct","Correct","Correct"
"7",1,"1_2_stimuli","1_2","Incongruent",NA,NA,NA,1.999975,2.199978,"2@",0.551571,"Correct",NA,NA,NA
"7",2,"3_4_stimuli","4_3","Incongruent","Incongruent",NA,NA,3.999958,4.199964,"3#",0.471488,"Correct","Correct",NA,NA
"7",3,"5_6_stimuli","6_6","Congruent","Incongruent","Incongruent",NA,5.999947,6.199945,"6^",0.759608,"Correct","Correct","Correct",NA
"7",4,"7_8_stimuli","8_8","Congruent","Congruent","Incongruent","Incongruent",7.999929,8.199925,"8*",0.519518,"Correct","Correct","Correct","Correct"
"7",5,"1_2_stimuli","1_1","Congruent","Congruent","Congruent","Incongruent",9.999914,10.199918,"1!",0.359415,"Correct","Correct","Correct","Correct"
"7",6,"3_4_stimuli","3_3","Congruent","Congruent","Congruent","Congruent",11.999902,12.199899,"3#",0.487591,"Correct","Correct","Correct","Correct"
"7",7,"5_6_stimuli","5_6","Incongruent","Congruent","Congruent","Congruent",13.999883,14.199879,"6^",0.775258,"Correct","Correct","Correct","Correct"
"7",8,"7_8_stimuli","8_7","Incongruent","Incongruent","Congruent","Congruent",15.99986,16.199868,"7&",0.487601,"Correct","Correct","Correct","Correct"
"7",9,"1_2_stimuli","2_1","Incongruent","Incongruent","Incongruent","Congruent",17.999858,18.199848,"1!",0.423284,"Correct","Correct","Correct","Correct"
"7",10,"3_4_stimuli","4_4","Congruent","Incongruent","Incongruent","Incongruent",19.999833,20.199835,"4$",0.727519,"Correct","Correct","Correct","Correct"
"7",11,"5_6_stimuli","5_5","Congruent","Congruent","Incongruent","Incongruent",21.999818,22.199818,"5%",0.53622,"Correct","Correct","Correct","Correct"
"7",12,"7_8_stimuli","7_8","Incongruent","Congruent","Congruent","Incongruent",23.999797,24.199811,"8*",0.536093,"Correct","Correct","Correct","Correct"
"7",13,"1_2_stimuli","1_1","Congruent","Incongruent","Congruent","Congruent",25.999788,26.19979,"1!",0.407596,"Correct","Correct","Correct","Correct"
"7",14,"3_4_stimuli","4_3","Incongruent","Congruent","Incongruent","Congruent",27.999769,28.199782,"3#",0.551419,"Correct","Correct","Correct","Correct"
"7",15,"5_6_stimuli","5_5","Congruent","Incongruent","Congruent","Incongruent",29.999753,30.199753,"5%",0.503788,"Correct","Correct","Correct","Correct"
"7",16,"7_8_stimuli","7_8","Incongruent","Congruent","Incongruent","Congruent",31.999738,32.199739,"8*",0.5039,"Correct","Correct","Correct","Correct"
"7",17,"1_2_stimuli","1_2","Incongruent","Incongruent","Congruent","Incongruent",33.999723,34.199722,"2@",0.50367,"Correct","Correct","Correct","Correct"
"7",18,"3_4_stimuli","4_3","Incongruent","Incongruent","Incongruent","Congruent",35.999706,36.199701,"3#",0.536517,"Correct","Correct","Correct","Correct"
"7",19,"5_6_stimuli","6_5","Incongruent","Incongruent","Incongruent","Incongruent",37.99969,38.199699,"5%",0.583436,"Correct","Correct","Correct","Correct"
"7",20,"7_8_stimuli","8_7","Incongruent","Incongruent","Incongruent","Incongruent",39.999684,40.199674,"7&",0.711672,"Correct","Correct","Correct","Correct"
"7",21,"1_2_stimuli","1_1","Congruent","Incongruent","Incongruent","Incongruent",41.999658,42.199655,"1!",0.391486,"Correct","Correct","Correct","Correct"
"7",22,"3_4_stimuli","4_4","Congruent","Congruent","Incongruent","Incongruent",43.999644,44.199642,"4$",0.519399,"Correct","Correct","Correct","Correct"
"7",23,"5_6_stimuli","6_6","Congruent","Congruent","Congruent","Incongruent",45.999626,46.19962,"7&",0.487553,"Error","Correct","Correct","Correct"
"7",24,"7_8_stimuli","7_8","Incongruent","Congruent","Congruent","Congruent",47.999616,48.199608,"8*",0.471446,"Correct","Error","Correct","Correct"
"7",25,"1_2_stimuli","2_1","Incongruent","Incongruent","Congruent","Congruent",49.999591,50.199586,"1!",0.42389,"Correct","Correct","Error","Correct"
"7",26,"3_4_stimuli","4_4","Congruent","Incongruent","Incongruent","Congruent",51.99958,52.199573,"4$",0.487831,"Correct","Correct","Correct","Error"
"7",27,"5_6_stimuli","6_5","Incongruent","Congruent","Incongruent","Incongruent",53.999562,54.19956,"5%",0.823496,"Correct","Correct","Correct","Correct"
"7",28,"7_8_stimuli","7_8","Incongruent","Incongruent","Congruent","Incongruent",55.999544,56.199544,"8*",0.455854,"Correct","Correct","Correct","Correct"
"7",29,"1_2_stimuli","2_2","Congruent","Incongruent","Incongruent","Congruent",57.999535,58.19955,"2@",0.488027,"Correct","Correct","Correct","Correct"
"7",30,"3_4_stimuli","4_3","Incongruent","Congruent","Incongruent","Incongruent",59.999514,60.199511,"3#",0.519597,"Correct","Correct","Correct","Correct"
"7",31,"5_6_stimuli","6_5","Incongruent","Incongruent","Congruent","Incongruent",61.999496,62.199499,"5%",0.615878,"Correct","Correct","Correct","Correct"
"7",32,"7_8_stimuli","8_7","Incongruent","Incongruent","Incongruent","Congruent",63.999485,64.199479,"7&",0.759658,"Correct","Correct","Correct","Correct"
"7",33,"1_2_stimuli","1_2","Incongruent","Incongruent","Incongruent","Incongruent",65.999468,66.199462,"2@",0.520045,"Correct","Correct","Correct","Correct"
"7",34,"3_4_stimuli","3_4","Incongruent","Incongruent","Incongruent","Incongruent",67.999448,68.199446,"4$",0.759667,"Correct","Correct","Correct","Correct"
"7",35,"5_6_stimuli","5_5","Congruent","Incongruent","Incongruent","Incongruent",69.999435,70.199431,"5%",0.56768,"Correct","Correct","Correct","Correct"
"7",36,"7_8_stimuli","7_7","Congruent","Congruent","Incongruent","Incongruent",71.999414,72.199412,"7&",0.599641,"Correct","Correct","Correct","Correct"
"7",37,"1_2_stimuli","1_2","Incongruent","Congruent","Congruent","Incongruent",73.999407,74.1994,"2@",0.503946,"Correct","Correct","Correct","Correct"
"7",38,"3_4_stimuli","3_4","Incongruent","Incongruent","Congruent","Congruent",75.999382,76.199374,"3#",0.520196,"Error","Correct","Correct","Correct"
"7",39,"5_6_stimuli","6_6","Congruent","Incongruent","Incongruent","Congruent",77.999375,78.199393,"5%",0.679712,"Error","Error","Correct","Correct"
"7",40,"7_8_stimuli","8_7","Incongruent","Congruent","Incongruent","Incongruent",79.999357,80.199342,"7&",0.599827,"Correct","Error","Error","Correct"
"7",41,"1_2_stimuli","2_2","Congruent","Incongruent","Congruent","Incongruent",81.999334,82.199343,"2@",0.503797,"Correct","Correct","Error","Error"
"7",42,"3_4_stimuli","4_4","Congruent","Congruent","Incongruent","Congruent",83.999324,84.199345,"4$",0.919816,"Correct","Correct","Correct","Error"
"7",43,"5_6_stimuli","5_6","Incongruent","Congruent","Congruent","Incongruent",85.999309,86.199301,"6^",0.887809,"Correct","Correct","Correct","Correct"
"7",44,"7_8_stimuli","8_8","Congruent","Incongruent","Congruent","Congruent",87.999296,88.199289,"8*",0.536165,"Correct","Correct","Correct","Correct"
"7",45,"1_2_stimuli","2_1","Incongruent","Congruent","Incongruent","Congruent",89.999281,90.199272,"1!",0.424182,"Correct","Correct","Correct","Correct"
"7",46,"3_4_stimuli","3_4","Incongruent","Incongruent","Congruent","Incongruent",91.999249,92.19926,"4$",0.727881,"Correct","Correct","Correct","Correct"
"7",47,"5_6_stimuli","6_5","Incongruent","Incongruent","Incongruent","Congruent",93.99924,94.199241,"5%",0.791889,"Correct","Correct","Correct","Correct"
"7",48,"7_8_stimuli","8_8","Congruent","Incongruent","Incongruent","Incongruent",95.999225,96.199221,"8*",0.519852,"Correct","Correct","Correct","Correct"
"7",49,"1_2_stimuli","2_2","Congruent","Congruent","Incongruent","Incongruent",97.999211,98.199213,"2@",0.535911,"Correct","Correct","Correct","Correct"
"7",50,"3_4_stimuli","4_3","Incongruent","Congruent","Congruent","Incongruent",99.999195,100.19919,"3#",0.647932,"Correct","Correct","Correct","Correct"
"7",51,"5_6_stimuli","5_6","Incongruent","Incongruent","Congruent","Congruent",101.99917,102.199168,"6^",0.840314,"Correct","Correct","Correct","Correct"
"7",52,"7_8_stimuli","7_7","Congruent","Incongruent","Incongruent","Congruent",103.99916,104.199161,"7&",0.648294,"Correct","Correct","Correct","Correct"
"7",53,"1_2_stimuli","2_1","Incongruent","Congruent","Incongruent","Incongruent",105.999149,106.199142,"1!",0.424334,"Correct","Correct","Correct","Correct"
"7",54,"3_4_stimuli","3_3","Congruent","Incongruent","Congruent","Incongruent",107.999127,108.199129,"3#",0.472201,"Correct","Correct","Correct","Correct"
"7",55,"5_6_stimuli","5_5","Congruent","Congruent","Incongruent","Congruent",109.999108,110.199109,"5%",0.584394,"Correct","Correct","Correct","Correct"
"7",56,"7_8_stimuli","7_7","Congruent","Congruent","Congruent","Incongruent",111.99909,112.19909,"7&",0.552114,"Correct","Correct","Correct","Correct"
"7",57,"1_2_stimuli","1_2","Incongruent","Congruent","Congruent","Congruent",113.999079,114.199077,"2@",0.600679,"Correct","Correct","Correct","Correct"
"7",58,"3_4_stimuli","3_3","Congruent","Incongruent","Congruent","Congruent",115.999066,116.199057,"3#",0.551978,"Correct","Correct","Correct","Correct"
"7",59,"5_6_stimuli","5_6","Incongruent","Congruent","Incongruent","Congruent",117.99904,118.199044,"6^",0.872101,"Correct","Correct","Correct","Correct"
"7",60,"7_8_stimuli","7_7","Congruent","Incongruent","Congruent","Incongruent",119.999036,120.19903,"7&",0.632087,"Correct","Correct","Correct","Correct"
"7",61,"1_2_stimuli","2_2","Congruent","Congruent","Incongruent","Congruent",121.999017,122.199008,"2@",0.520336,"Correct","Correct","Correct","Correct"
"7",62,"3_4_stimuli","3_3","Congruent","Congruent","Congruent","Incongruent",123.998998,124.198996,"3#",0.520356,"Correct","Correct","Correct","Correct"
"7",63,"5_6_stimuli","6_6","Congruent","Congruent","Congruent","Congruent",125.998979,126.19898,"6^",0.712022,"Correct","Correct","Correct","Correct"
"7",64,"7_8_stimuli","8_8","Congruent","Congruent","Congruent","Congruent",127.998972,128.198957,"8*",0.536105,"Correct","Correct","Correct","Correct"
"7",65,"1_2_stimuli","1_1","Congruent","Congruent","Congruent","Congruent",129.998947,130.198953,"1!",0.424161,"Correct","Correct","Correct","Correct"
"7",66,"3_4_stimuli","3_4","Incongruent","Congruent","Congruent","Congruent",131.998929,132.198935,"4$",0.616388,"Correct","Correct","Correct","Correct"
"7",67,"5_6_stimuli","6_6","Congruent","Incongruent","Congruent","Congruent",133.998919,134.19892,"6^",1.240207,"Correct","Correct","Correct","Correct"
"7",68,"7_8_stimuli","8_8","Congruent","Congruent","Incongruent","Congruent",135.998901,136.198896,"8*",0.472201,"Correct","Correct","Correct","Correct"
"8",1,"1_2_stimuli","2_1","Incongruent",NA,NA,NA,1.999981,2.199986,"1!",0.488011,"Correct",NA,NA,NA
"8",2,"3_4_stimuli","4_4","Congruent","Incongruent",NA,NA,3.999977,4.199971,"4$",0.584088,"Correct","Correct",NA,NA
"8",3,"5_6_stimuli","5_5","Congruent","Congruent","Incongruent",NA,5.999959,6.199953,"5%",0.583662,"Correct","Correct","Correct",NA
"8",4,"7_8_stimuli","7_8","Incongruent","Congruent","Congruent","Incongruent",7.999937,8.199937,"8*",0.535722,"Correct","Correct","Correct","Correct"
"8",5,"1_2_stimuli","1_1","Congruent","Incongruent","Congruent","Congruent",9.999917,10.199927,"1!",0.423981,"Correct","Correct","Correct","Correct"
"8",6,"3_4_stimuli","3_3","Congruent","Congruent","Incongruent","Congruent",11.999915,12.199905,"3#",0.64764,"Correct","Correct","Correct","Correct"
"8",7,"5_6_stimuli","5_6","Incongruent","Congruent","Congruent","Incongruent",13.999896,14.199891,"6^",0.888153,"Correct","Correct","Correct","Correct"
"8",8,"7_8_stimuli","8_8","Congruent","Incongruent","Congruent","Congruent",15.99988,16.199884,"8*",0.487728,"Correct","Correct","Correct","Correct"
"8",9,"1_2_stimuli","2_1","Incongruent","Congruent","Incongruent","Congruent",17.999866,18.199866,"1!",0.375747,"Correct","Correct","Correct","Correct"
"8",10,"3_4_stimuli","4_3","Incongruent","Incongruent","Congruent","Incongruent",19.999844,20.199837,"3#",0.471794,"Correct","Correct","Correct","Correct"
"8",11,"5_6_stimuli","6_5","Incongruent","Incongruent","Incongruent","Congruent",21.999828,22.199825,"5%",0.472008,"Correct","Correct","Correct","Correct"
"8",12,"7_8_stimuli","7_7","Congruent","Incongruent","Incongruent","Incongruent",23.99982,24.199808,"7&",0.487817,"Correct","Correct","Correct","Correct"
"8",13,"1_2_stimuli","1_2","Incongruent","Congruent","Incongruent","Incongruent",25.999803,26.199788,"2@",0.48799,"Correct","Correct","Correct","Correct"
"8",14,"3_4_stimuli","4_4","Congruent","Incongruent","Congruent","Incongruent",27.999776,28.19978,"3#",0.67983,"Error","Correct","Correct","Correct"
"8",15,"5_6_stimuli","5_6","Incongruent","Congruent","Incongruent","Congruent",29.999764,30.199762,"6^",0.72784,"Correct","Error","Correct","Correct"
"8",16,"7_8_stimuli","7_8","Incongruent","Incongruent","Congruent","Incongruent",31.999747,32.199742,"8*",0.519895,"Correct","Correct","Error","Correct"
"8",17,"1_2_stimuli","2_2","Congruent","Incongruent","Incongruent","Congruent",33.999733,34.199721,"2@",0.48822,"Correct","Correct","Correct","Error"
"8",18,"3_4_stimuli","3_3","Congruent","Congruent","Incongruent","Incongruent",35.999711,36.199714,"3#",0.55191,"Correct","Correct","Correct","Correct"
"8",19,"5_6_stimuli","6_6","Congruent","Congruent","Congruent","Incongruent",37.999707,38.1997,"6^",0.680129,"Correct","Correct","Correct","Correct"
"8",20,"7_8_stimuli","8_8","Congruent","Congruent","Congruent","Congruent",39.999677,40.199684,"8*",0.472152,"Correct","Correct","Correct","Correct"
"8",21,"1_2_stimuli","1_2","Incongruent","Congruent","Congruent","Congruent",41.999668,42.199667,"2@",0.503964,"Correct","Correct","Correct","Correct"
"8",22,"3_4_stimuli","3_4","Incongruent","Incongruent","Congruent","Congruent",43.99966,44.199658,"3#",0.488193,"Error","Correct","Correct","Correct"
"8",23,"5_6_stimuli","6_6","Congruent","Incongruent","Incongruent","Congruent",45.999636,46.199636,"6^",0.664188,"Correct","Error","Correct","Correct"
"8",24,"7_8_stimuli","7_7","Congruent","Congruent","Incongruent","Incongruent",47.999623,48.199617,"7&",0.552425,"Correct","Correct","Error","Correct"
"8",25,"1_2_stimuli","2_1","Incongruent","Congruent","Congruent","Incongruent",49.999612,50.1996,"1!",0.392008,"Correct","Correct","Correct","Error"
"8",26,"3_4_stimuli","3_3","Congruent","Incongruent","Congruent","Congruent",51.999592,52.199585,"3#",0.552436,"Correct","Correct","Correct","Correct"
"8",27,"5_6_stimuli","5_5","Congruent","Congruent","Incongruent","Congruent",53.99958,54.199572,"5%",0.60004,"Correct","Correct","Correct","Correct"
"8",28,"7_8_stimuli","8_7","Incongruent","Congruent","Congruent","Incongruent",55.999558,56.199554,"7&",0.504448,"Correct","Correct","Correct","Correct"
"8",29,"1_2_stimuli","1_2","Incongruent","Incongruent","Congruent","Congruent",57.999544,58.199547,"2@",0.392453,"Correct","Correct","Correct","Correct"
"8",30,"3_4_stimuli","4_3","Incongruent","Incongruent","Incongruent","Congruent",59.999521,60.199521,"3#",0.440014,"Correct","Correct","Correct","Correct"
"8",31,"5_6_stimuli","6_5","Incongruent","Incongruent","Incongruent","Incongruent",61.999508,62.199497,"5%",0.504103,"Correct","Correct","Correct","Correct"
"8",32,"7_8_stimuli","8_7","Incongruent","Incongruent","Incongruent","Incongruent",63.999491,64.199497,"7&",0.440497,"Correct","Correct","Correct","Correct"
"8",33,"1_2_stimuli","2_1","Incongruent","Incongruent","Incongruent","Incongruent",65.999467,66.199479,"1!",0.392498,"Correct","Correct","Correct","Correct"
"8",34,"3_4_stimuli","3_4","Incongruent","Incongruent","Incongruent","Incongruent",67.999462,68.199458,"4$",0.904299,"Correct","Correct","Correct","Correct"
"8",35,"5_6_stimuli","6_6","Congruent","Incongruent","Incongruent","Incongruent",69.999445,70.199444,"6^",0.600564,"Correct","Correct","Correct","Correct"
"8",36,"7_8_stimuli","8_7","Incongruent","Congruent","Incongruent","Incongruent",71.999429,72.199434,"7&",0.456535,"Correct","Correct","Correct","Correct"
"8",37,"1_2_stimuli","1_2","Incongruent","Incongruent","Congruent","Incongruent",73.999411,74.199408,"2@",0.440184,"Correct","Correct","Correct","Correct"
"8",38,"3_4_stimuli","4_4","Congruent","Incongruent","Incongruent","Congruent",75.999395,76.199393,"4$",1.000246,"Correct","Correct","Correct","Correct"
"8",39,"5_6_stimuli","5_5","Congruent","Congruent","Incongruent","Incongruent",77.999379,78.199382,"5%",0.536423,"Correct","Correct","Correct","Correct"
"8",40,"7_8_stimuli","8_8","Congruent","Congruent","Congruent","Incongruent",79.999369,80.199362,"8*",0.520396,"Correct","Correct","Correct","Correct"
"8",41,"1_2_stimuli","1_1","Congruent","Congruent","Congruent","Congruent",81.999348,82.199335,"1!",0.408258,"Correct","Correct","Correct","Correct"
"8",42,"3_4_stimuli","3_4","Incongruent","Congruent","Congruent","Congruent",83.999323,84.199323,"4$",1.368218,"Correct","Correct","Correct","Correct"
"8",43,"5_6_stimuli","5_6","Incongruent","Incongruent","Congruent","Congruent",85.99931,86.199323,"6^",0.744506,"Correct","Correct","Correct","Correct"
"8",44,"7_8_stimuli","7_8","Incongruent","Incongruent","Incongruent","Congruent",87.999281,88.199304,"7&",0.472565,"Error","Correct","Correct","Correct"
"8",45,"1_2_stimuli","2_2","Congruent","Incongruent","Incongruent","Incongruent",89.999281,90.199281,"2@",0.47296,"Correct","Error","Correct","Correct"
"8",46,"3_4_stimuli","4_3","Incongruent","Congruent","Incongruent","Incongruent",91.999274,92.199268,"3#",0.552356,"Correct","Correct","Error","Correct"
"8",47,"5_6_stimuli","6_6","Congruent","Incongruent","Congruent","Incongruent",93.999242,94.199248,"6^",0.680767,"Correct","Correct","Correct","Error"
"8",48,"7_8_stimuli","7_8","Incongruent","Congruent","Incongruent","Congruent",95.999229,96.199237,"7&",0.456729,"Error","Correct","Correct","Correct"
"8",49,"1_2_stimuli","1_1","Congruent","Incongruent","Congruent","Incongruent",97.999217,98.199213,"1!",0.344307,"Correct","Error","Correct","Correct"
"8",50,"3_4_stimuli","3_4","Incongruent","Congruent","Incongruent","Congruent",99.999196,100.199196,"4$",0.872744,"Correct","Correct","Error","Correct"
"8",51,"5_6_stimuli","6_5","Incongruent","Incongruent","Congruent","Incongruent",101.999178,102.199181,"5%",1.336608,"Correct","Correct","Correct","Error"
"8",52,"7_8_stimuli","7_7","Congruent","Incongruent","Incongruent","Congruent",103.999171,104.199164,"7&",0.760443,"Correct","Correct","Correct","Correct"
"8",53,"1_2_stimuli","1_1","Congruent","Congruent","Incongruent","Incongruent",105.999152,106.199156,"1!",0.392852,"Correct","Correct","Correct","Correct"
"8",54,"3_4_stimuli","4_4","Congruent","Congruent","Congruent","Incongruent",107.999147,108.199135,"4$",1.192856,"Correct","Correct","Correct","Correct"
"8",55,"5_6_stimuli","5_6","Incongruent","Congruent","Congruent","Congruent",109.999133,110.199123,"6^",0.920625,"Correct","Correct","Correct","Correct"
"8",56,"7_8_stimuli","8_7","Incongruent","Incongruent","Congruent","Congruent",111.999097,112.199103,"7&",0.504653,"Correct","Correct","Correct","Correct"
"8",57,"1_2_stimuli","2_1","Incongruent","Incongruent","Incongruent","Congruent",113.999085,114.199088,"1!",0.408743,"Correct","Correct","Correct","Correct"
"8",58,"3_4_stimuli","4_4","Congruent","Incongruent","Incongruent","Incongruent",115.999071,116.199074,"4$",0.648715,"Correct","Correct","Correct","Correct"
"8",59,"5_6_stimuli","6_5","Incongruent","Congruent","Incongruent","Incongruent",117.99905,118.199053,"5%",0.617006,"Correct","Correct","Correct","Correct"
"8",60,"7_8_stimuli","7_7","Congruent","Incongruent","Congruent","Incongruent",119.999043,120.199043,"7&",0.440543,"Correct","Correct","Correct","Correct"
"8",61,"1_2_stimuli","2_2","Congruent","Congruent","Incongruent","Congruent",121.999024,122.199015,"2@",0.536509,"Correct","Correct","Correct","Correct"
"8",62,"3_4_stimuli","4_3","Incongruent","Congruent","Congruent","Incongruent",123.999011,124.199007,"3#",0.744611,"Correct","Correct","Correct","Correct"
"8",63,"5_6_stimuli","5_5","Congruent","Incongruent","Congruent","Congruent",125.998993,126.198988,"5%",0.60065,"Correct","Correct","Correct","Correct"
"8",64,"7_8_stimuli","8_8","Congruent","Congruent","Incongruent","Congruent",127.998985,128.198978,"8*",0.648935,"Correct","Correct","Correct","Correct"
"8",65,"1_2_stimuli","2_2","Congruent","Congruent","Congruent","Incongruent",129.998965,130.198958,"2@",0.553017,"Correct","Correct","Correct","Correct"
"8",66,"3_4_stimuli","3_3","Congruent","Congruent","Congruent","Congruent",131.998944,132.198942,"3#",0.53691,"Correct","Correct","Correct","Correct"
"8",67,"5_6_stimuli","5_5","Congruent","Congruent","Congruent","Congruent",133.998926,134.198927,"4$",0.584622,"Error","Correct","Correct","Correct"
"8",68,"7_8_stimuli","7_8","Incongruent","Congruent","Congruent","Congruent",135.998916,136.19891,"8*",0.569103,"Correct","Error","Correct","Correct"
"9",1,"1_2_stimuli","2_2","Congruent",NA,NA,NA,1.99998,2.199979,"2@",0.651822,"Correct",NA,NA,NA
"9",2,"3_4_stimuli","4_4","Congruent","Congruent",NA,NA,3.999954,4.199959,"4$",0.827827,"Correct","Correct",NA,NA
"9",3,"5_6_stimuli","6_5","Incongruent","Congruent","Congruent",NA,5.999973,6.199948,"5%",0.731429,"Correct","Correct","Correct",NA
"9",4,"7_8_stimuli","7_7","Congruent","Incongruent","Congruent","Congruent",7.999936,8.19993,"7&",0.747684,"Correct","Correct","Correct","Correct"
"9",5,"1_2_stimuli","1_2","Incongruent","Congruent","Incongruent","Congruent",9.999913,10.199913,"2@",0.53948,"Correct","Correct","Correct","Correct"
"9",6,"3_4_stimuli","4_4","Congruent","Incongruent","Congruent","Incongruent",11.999893,12.199901,"4$",0.603717,"Correct","Correct","Correct","Correct"
"9",7,"5_6_stimuli","5_5","Congruent","Congruent","Incongruent","Congruent",13.999881,14.199877,"5%",0.507578,"Correct","Correct","Correct","Correct"
"9",8,"7_8_stimuli","7_8","Incongruent","Congruent","Congruent","Incongruent",15.999856,16.199861,"8*",0.491775,"Correct","Correct","Correct","Correct"
"9",9,"1_2_stimuli","1_1","Congruent","Incongruent","Congruent","Congruent",17.99985,18.19985,"1!",0.379568,"Correct","Correct","Correct","Correct"
"9",10,"3_4_stimuli","3_4","Incongruent","Congruent","Incongruent","Congruent",19.999838,20.199827,"4$",0.683499,"Correct","Correct","Correct","Correct"
"9",11,"5_6_stimuli","5_6","Incongruent","Incongruent","Congruent","Incongruent",21.999817,22.199812,"6^",1.291899,"Correct","Correct","Correct","Correct"
"9",12,"7_8_stimuli","8_7","Incongruent","Incongruent","Incongruent","Congruent",23.999806,24.199802,"7&",0.77975,"Correct","Correct","Correct","Correct"
"9",13,"1_2_stimuli","2_1","Incongruent","Incongruent","Incongruent","Incongruent",25.999792,26.199784,"1!",0.379623,"Correct","Correct","Correct","Correct"
"9",14,"3_4_stimuli","3_3","Congruent","Incongruent","Incongruent","Incongruent",27.999773,28.199764,"3#",0.55588,"Correct","Correct","Correct","Correct"
"9",15,"5_6_stimuli","5_6","Incongruent","Congruent","Incongruent","Incongruent",29.999752,30.199753,"Omission",5000,"Omission","Correct","Correct","Correct"
"9",16,"7_8_stimuli","8_7","Incongruent","Incongruent","Congruent","Incongruent",31.999735,32.199734,"7&",0.492032,"Correct","Omission","Correct","Correct"
"9",17,"1_2_stimuli","2_2","Congruent","Incongruent","Incongruent","Congruent",33.999729,34.199724,"2@",0.683888,"Correct","Correct","Omission","Correct"
"9",18,"3_4_stimuli","4_3","Incongruent","Congruent","Incongruent","Incongruent",35.999703,36.199701,"3#",0.700084,"Correct","Correct","Correct","Omission"
"9",19,"5_6_stimuli","5_5","Congruent","Incongruent","Congruent","Incongruent",37.999698,38.199692,"5%",0.907979,"Correct","Correct","Correct","Correct"
"9",20,"7_8_stimuli","7_7","Congruent","Congruent","Incongruent","Congruent",39.999679,40.19967,"7&",0.940139,"Correct","Correct","Correct","Correct"
"9",21,"1_2_stimuli","2_1","Incongruent","Congruent","Congruent","Incongruent",41.999655,42.19966,"1!",0.459714,"Correct","Correct","Correct","Correct"
"9",22,"3_4_stimuli","4_4","Congruent","Incongruent","Congruent","Congruent",43.99964,44.199638,"4$",0.796259,"Correct","Correct","Correct","Correct"
"9",23,"5_6_stimuli","6_5","Incongruent","Congruent","Incongruent","Congruent",45.999621,46.19962,"5%",0.700135,"Correct","Correct","Correct","Correct"
"9",24,"7_8_stimuli","7_7","Congruent","Incongruent","Congruent","Incongruent",47.999616,48.199612,"7&",0.763796,"Correct","Correct","Correct","Correct"
"9",25,"1_2_stimuli","2_2","Congruent","Congruent","Incongruent","Congruent",49.999598,50.199591,"2@",0.491786,"Correct","Correct","Correct","Correct"
"9",26,"3_4_stimuli","3_4","Incongruent","Congruent","Congruent","Incongruent",51.999585,52.19958,"4$",0.652024,"Correct","Correct","Correct","Correct"
"9",27,"5_6_stimuli","5_6","Incongruent","Incongruent","Congruent","Congruent",53.99957,54.199556,"6^",1.084247,"Correct","Correct","Correct","Correct"
"9",28,"7_8_stimuli","7_7","Congruent","Incongruent","Incongruent","Congruent",55.999547,56.199541,"7&",0.812072,"Correct","Correct","Correct","Correct"
"9",29,"1_2_stimuli","2_2","Congruent","Congruent","Incongruent","Incongruent",57.999537,58.199524,"2@",0.507859,"Correct","Correct","Correct","Correct"
"9",30,"3_4_stimuli","4_4","Congruent","Congruent","Congruent","Incongruent",59.999513,60.199516,"4$",0.908225,"Correct","Correct","Correct","Correct"
"9",31,"5_6_stimuli","6_6","Congruent","Congruent","Congruent","Congruent",61.999497,62.199492,"6^",1.083835,"Correct","Correct","Correct","Correct"
"9",32,"7_8_stimuli","7_7","Congruent","Congruent","Congruent","Congruent",63.999474,64.199479,"7&",0.827872,"Correct","Correct","Correct","Correct"
"9",33,"1_2_stimuli","2_1","Incongruent","Congruent","Congruent","Congruent",65.999463,66.199464,"1!",0.523932,"Correct","Correct","Correct","Correct"
"9",34,"3_4_stimuli","3_4","Incongruent","Incongruent","Congruent","Congruent",67.999454,68.199447,"4$",0.619933,"Correct","Correct","Correct","Correct"
"9",35,"5_6_stimuli","5_6","Incongruent","Incongruent","Incongruent","Congruent",69.999436,70.199441,"6^",0.780351,"Correct","Correct","Correct","Correct"
"9",36,"7_8_stimuli","8_8","Congruent","Incongruent","Incongruent","Incongruent",71.999413,72.199415,"8*",0.491972,"Correct","Correct","Correct","Correct"
"9",37,"1_2_stimuli","1_2","Incongruent","Congruent","Incongruent","Incongruent",73.999404,74.1994,"2@",0.428307,"Correct","Correct","Correct","Correct"
"9",38,"3_4_stimuli","4_3","Incongruent","Incongruent","Congruent","Incongruent",75.999379,76.199381,"3#",0.524022,"Correct","Correct","Correct","Correct"
"9",39,"5_6_stimuli","6_6","Congruent","Incongruent","Incongruent","Congruent",77.999364,78.199372,"6^",0.700374,"Correct","Correct","Correct","Correct"
"9",40,"7_8_stimuli","8_8","Congruent","Congruent","Incongruent","Incongruent",79.999355,80.199353,"8*",0.46035,"Correct","Correct","Correct","Correct"
"9",41,"1_2_stimuli","1_1","Congruent","Congruent","Congruent","Incongruent",81.999336,82.199337,"1!",0.428654,"Correct","Correct","Correct","Correct"
"9",42,"3_4_stimuli","3_3","Congruent","Congruent","Congruent","Congruent",83.999324,84.199317,"3#",0.524565,"Correct","Correct","Correct","Correct"
"9",43,"5_6_stimuli","6_5","Incongruent","Congruent","Congruent","Congruent",85.999307,86.199305,"5%",0.58826,"Correct","Correct","Correct","Correct"
"9",44,"7_8_stimuli","7_8","Incongruent","Incongruent","Congruent","Congruent",87.999287,88.199289,"7&",0.428389,"Error","Correct","Correct","Correct"
"9",45,"1_2_stimuli","2_1","Incongruent","Incongruent","Incongruent","Congruent",89.999271,90.199268,"1!",0.364271,"Correct","Error","Correct","Correct"
"9",46,"3_4_stimuli","4_3","Incongruent","Incongruent","Incongruent","Incongruent",91.999254,92.199251,"3#",0.556148,"Correct","Correct","Error","Correct"
"9",47,"5_6_stimuli","6_5","Incongruent","Incongruent","Incongruent","Incongruent",93.999239,94.199239,"5%",0.476394,"Correct","Correct","Correct","Error"
"9",48,"7_8_stimuli","7_8","Incongruent","Incongruent","Incongruent","Incongruent",95.999226,96.199229,"8*",0.476628,"Correct","Correct","Correct","Correct"
"9",49,"1_2_stimuli","1_1","Congruent","Incongruent","Incongruent","Incongruent",97.999215,98.199208,"1!",0.364369,"Correct","Correct","Correct","Correct"
"9",50,"3_4_stimuli","4_4","Congruent","Congruent","Incongruent","Incongruent",99.999193,100.1992,"3#",0.812651,"Error","Correct","Correct","Correct"
"9",51,"5_6_stimuli","5_5","Congruent","Congruent","Congruent","Incongruent",101.999174,102.19918,"5%",0.620409,"Correct","Error","Correct","Correct"
"9",52,"7_8_stimuli","8_7","Incongruent","Congruent","Congruent","Congruent",103.999153,104.19915,"7&",0.604236,"Correct","Correct","Error","Correct"
"9",53,"1_2_stimuli","1_2","Incongruent","Incongruent","Congruent","Congruent",105.999147,106.199141,"2@",0.524478,"Correct","Correct","Correct","Error"
"9",54,"3_4_stimuli","3_3","Congruent","Incongruent","Incongruent","Congruent",107.999129,108.19912,"3#",0.476487,"Correct","Correct","Correct","Correct"
"9",55,"5_6_stimuli","6_6","Congruent","Congruent","Incongruent","Incongruent",109.999104,110.199095,"6^",0.732671,"Correct","Correct","Correct","Correct"
"9",56,"7_8_stimuli","8_8","Congruent","Congruent","Congruent","Incongruent",111.999094,112.199097,"8*",0.524443,"Correct","Correct","Correct","Correct"
"9",57,"1_2_stimuli","2_2","Congruent","Congruent","Congruent","Congruent",113.99908,114.199079,"2@",0.508667,"Correct","Correct","Correct","Correct"
"9",58,"3_4_stimuli","3_4","Incongruent","Congruent","Congruent","Congruent",115.999057,116.199061,"3#",0.716555,"Error","Correct","Correct","Correct"
"9",59,"5_6_stimuli","6_6","Congruent","Incongruent","Congruent","Congruent",117.999047,118.199044,"6^",1.180618,"Correct","Error","Correct","Correct"
"9",60,"7_8_stimuli","7_8","Incongruent","Congruent","Incongruent","Congruent",119.999031,120.199024,"8*",0.508682,"Correct","Correct","Error","Correct"
"9",61,"1_2_stimuli","1_2","Incongruent","Incongruent","Congruent","Incongruent",121.999017,122.199005,"2@",0.476757,"Correct","Correct","Correct","Error"
"9",62,"3_4_stimuli","4_3","Incongruent","Incongruent","Incongruent","Congruent",123.998998,124.198994,"3#",0.524786,"Correct","Correct","Correct","Correct"
"9",63,"5_6_stimuli","5_5","Congruent","Incongruent","Incongruent","Incongruent",125.998986,126.198975,"5%",0.524828,"Correct","Correct","Correct","Correct"
"9",64,"7_8_stimuli","8_7","Incongruent","Congruent","Incongruent","Incongruent",127.998968,128.198952,"7&",0.716853,"Correct","Correct","Correct","Correct"
"9",65,"1_2_stimuli","1_1","Congruent","Incongruent","Congruent","Incongruent",129.998952,130.19895,"1!",0.396442,"Correct","Correct","Correct","Correct"
"9",66,"3_4_stimuli","3_3","Congruent","Congruent","Incongruent","Congruent",131.998934,132.198931,"3#",0.460447,"Correct","Correct","Correct","Correct"
"9",67,"5_6_stimuli","6_5","Incongruent","Congruent","Congruent","Incongruent",133.998915,134.19891,"5%",0.508782,"Correct","Correct","Correct","Correct"
"9",68,"7_8_stimuli","8_8","Congruent","Incongruent","Congruent","Congruent",135.998903,136.198906,"8*",0.492487,"Correct","Correct","Correct","Correct"
"10",1,"1_2_stimuli","2_2","Congruent",NA,NA,NA,1.999989,2.199985,"2@",0.519181,"Correct",NA,NA,NA
"10",2,"3_4_stimuli","3_3","Congruent","Congruent",NA,NA,3.999973,4.199968,"3#",0.519465,"Correct","Correct",NA,NA
"10",3,"5_6_stimuli","6_6","Congruent","Congruent","Congruent",NA,5.999952,6.199947,"6^",0.823424,"Correct","Correct","Correct",NA
"10",4,"7_8_stimuli","8_8","Congruent","Congruent","Congruent","Congruent",7.999944,8.199951,"8*",0.455477,"Correct","Correct","Correct","Correct"
"10",5,"1_2_stimuli","1_1","Congruent","Congruent","Congruent","Congruent",9.999922,10.199922,"1!",0.375285,"Correct","Correct","Correct","Correct"
"10",6,"3_4_stimuli","4_3","Incongruent","Congruent","Congruent","Congruent",11.999902,12.199907,"3#",0.487673,"Correct","Correct","Correct","Correct"
"10",7,"5_6_stimuli","5_5","Congruent","Incongruent","Congruent","Congruent",13.99989,14.199887,"5%",0.471152,"Correct","Correct","Correct","Correct"
"10",8,"7_8_stimuli","7_7","Congruent","Congruent","Incongruent","Congruent",15.999873,16.199883,"7&",0.50327,"Correct","Correct","Correct","Correct"
"10",9,"1_2_stimuli","2_1","Incongruent","Congruent","Congruent","Incongruent",17.999849,18.199864,"1!",0.391345,"Correct","Correct","Correct","Correct"
"10",10,"3_4_stimuli","3_3","Congruent","Incongruent","Congruent","Congruent",19.999845,20.199836,"3#",0.535545,"Correct","Correct","Correct","Correct"
"10",11,"5_6_stimuli","5_6","Incongruent","Congruent","Incongruent","Congruent",21.999822,22.199822,"6^",0.679357,"Correct","Correct","Correct","Correct"
"10",12,"7_8_stimuli","7_8","Incongruent","Incongruent","Congruent","Incongruent",23.999808,24.19981,"8*",0.45589,"Correct","Correct","Correct","Correct"
"10",13,"1_2_stimuli","1_2","Incongruent","Incongruent","Incongruent","Congruent",25.999798,26.199795,"2@",0.42337,"Correct","Correct","Correct","Correct"
"10",14,"3_4_stimuli","3_4","Incongruent","Incongruent","Incongruent","Incongruent",27.999786,28.199786,"3#",0.615634,"Error","Correct","Correct","Correct"
"10",15,"5_6_stimuli","6_6","Congruent","Incongruent","Incongruent","Incongruent",29.999762,30.199768,"6^",0.727395,"Correct","Error","Correct","Correct"
"10",16,"7_8_stimuli","8_8","Congruent","Congruent","Incongruent","Incongruent",31.99975,32.19975,"8*",0.51991,"Correct","Correct","Error","Correct"
"10",17,"1_2_stimuli","2_2","Congruent","Congruent","Congruent","Incongruent",33.999735,34.199728,"2@",0.455629,"Correct","Correct","Correct","Error"
"10",18,"3_4_stimuli","3_3","Congruent","Congruent","Congruent","Congruent",35.999714,36.199719,"3#",0.439714,"Correct","Correct","Correct","Correct"
"10",19,"5_6_stimuli","6_5","Incongruent","Congruent","Congruent","Congruent",37.99969,38.199706,"5%",0.551739,"Correct","Correct","Correct","Correct"
"10",20,"7_8_stimuli","8_7","Incongruent","Incongruent","Congruent","Congruent",39.99969,40.199672,"7&",0.599823,"Correct","Correct","Correct","Correct"
"10",21,"1_2_stimuli","1_1","Congruent","Incongruent","Incongruent","Congruent",41.999667,42.199666,"1!",0.407538,"Correct","Correct","Correct","Correct"
"10",22,"3_4_stimuli","4_3","Incongruent","Congruent","Incongruent","Incongruent",43.999654,44.199649,"3#",0.519935,"Correct","Correct","Correct","Correct"
"10",23,"5_6_stimuli","5_6","Incongruent","Incongruent","Congruent","Incongruent",45.999631,46.199643,"6^",0.696211,"Correct","Correct","Correct","Correct"
"10",24,"7_8_stimuli","7_7","Congruent","Incongruent","Incongruent","Congruent",47.999621,48.199623,"7&",0.535749,"Correct","Correct","Correct","Correct"
"10",25,"1_2_stimuli","2_2","Congruent","Congruent","Incongruent","Incongruent",49.99961,50.199598,"2@",0.455547,"Correct","Correct","Correct","Correct"
"10",26,"3_4_stimuli","4_4","Congruent","Congruent","Congruent","Incongruent",51.999587,52.199583,"4$",0.711805,"Correct","Correct","Correct","Correct"
"10",27,"5_6_stimuli","5_5","Congruent","Congruent","Congruent","Congruent",53.99957,54.199576,"5%",0.583884,"Correct","Correct","Correct","Correct"
"10",28,"7_8_stimuli","8_8","Congruent","Congruent","Congruent","Congruent",55.999558,56.199563,"8*",0.50387,"Correct","Correct","Correct","Correct"
"10",29,"1_2_stimuli","2_1","Incongruent","Congruent","Congruent","Congruent",57.999562,58.199535,"1!",0.455643,"Correct","Correct","Correct","Correct"
"10",30,"3_4_stimuli","4_3","Incongruent","Incongruent","Congruent","Congruent",59.999526,60.199517,"3#",0.599926,"Correct","Correct","Correct","Correct"
"10",31,"5_6_stimuli","5_5","Congruent","Incongruent","Incongruent","Congruent",61.999509,62.199502,"5%",0.472163,"Correct","Correct","Correct","Correct"
"10",32,"7_8_stimuli","8_7","Incongruent","Congruent","Incongruent","Incongruent",63.999486,64.199487,"7&",0.583981,"Correct","Correct","Correct","Correct"
"10",33,"1_2_stimuli","2_1","Incongruent","Incongruent","Congruent","Incongruent",65.999474,66.199477,"1!",0.407681,"Correct","Correct","Correct","Correct"
"10",34,"3_4_stimuli","4_4","Congruent","Incongruent","Incongruent","Congruent",67.999457,68.199466,"4$",0.887947,"Correct","Correct","Correct","Correct"
"10",35,"5_6_stimuli","6_5","Incongruent","Congruent","Incongruent","Incongruent",69.999442,70.199442,"5%",0.56806,"Correct","Correct","Correct","Correct"
"10",36,"7_8_stimuli","8_8","Congruent","Incongruent","Congruent","Incongruent",71.99942,72.199423,"8*",0.472014,"Correct","Correct","Correct","Correct"
"10",37,"1_2_stimuli","1_2","Incongruent","Congruent","Incongruent","Congruent",73.999418,74.199407,"2@",0.519941,"Correct","Correct","Correct","Correct"
"10",38,"3_4_stimuli","4_3","Incongruent","Incongruent","Congruent","Incongruent",75.999397,76.199392,"3#",0.647763,"Correct","Correct","Correct","Correct"
"10",39,"5_6_stimuli","5_6","Incongruent","Incongruent","Incongruent","Congruent",77.999371,78.199374,"5%",0.727988,"Error","Correct","Correct","Correct"
"10",40,"7_8_stimuli","7_8","Incongruent","Incongruent","Incongruent","Incongruent",79.999365,80.199364,"8*",0.632055,"Correct","Error","Correct","Correct"
"10",41,"1_2_stimuli","2_1","Incongruent","Incongruent","Incongruent","Incongruent",81.999343,82.199354,"1!",0.440102,"Correct","Correct","Error","Correct"
"10",42,"3_4_stimuli","4_4","Congruent","Incongruent","Incongruent","Incongruent",83.99933,84.199331,"4$",0.968077,"Correct","Correct","Correct","Error"
"10",43,"5_6_stimuli","5_5","Congruent","Congruent","Incongruent","Incongruent",85.999321,86.199312,"5%",0.615808,"Correct","Correct","Correct","Correct"
"10",44,"7_8_stimuli","8_7","Incongruent","Congruent","Congruent","Incongruent",87.999297,88.199306,"7&",0.664179,"Correct","Correct","Correct","Correct"
"10",45,"1_2_stimuli","2_2","Congruent","Incongruent","Congruent","Congruent",89.999284,90.199276,"2@",0.5039,"Correct","Correct","Correct","Correct"
"10",46,"3_4_stimuli","3_4","Incongruent","Congruent","Incongruent","Congruent",91.999264,92.19926,"4$",0.664235,"Correct","Correct","Correct","Correct"
"10",47,"5_6_stimuli","6_6","Congruent","Incongruent","Congruent","Incongruent",93.999243,94.199247,"6^",1.127953,"Correct","Correct","Correct","Correct"
"10",48,"7_8_stimuli","8_7","Incongruent","Congruent","Incongruent","Congruent",95.999237,96.199236,"7&",0.712303,"Correct","Correct","Correct","Correct"
"10",49,"1_2_stimuli","1_1","Congruent","Incongruent","Congruent","Incongruent",97.999209,98.199224,"1!",0.456355,"Correct","Correct","Correct","Correct"
"10",50,"3_4_stimuli","3_3","Congruent","Congruent","Incongruent","Congruent",99.999201,100.199206,"3#",0.680337,"Correct","Correct","Correct","Correct"
"10",51,"5_6_stimuli","6_5","Incongruent","Congruent","Congruent","Incongruent",101.999189,102.199185,"5%",0.63236,"Correct","Correct","Correct","Correct"
"10",52,"7_8_stimuli","7_7","Congruent","Incongruent","Congruent","Congruent",103.999169,104.199171,"7&",0.552338,"Correct","Correct","Correct","Correct"
"10",53,"1_2_stimuli","1_1","Congruent","Congruent","Incongruent","Congruent",105.999162,106.19915,"1!",0.392366,"Correct","Correct","Correct","Correct"
"10",54,"3_4_stimuli","3_4","Incongruent","Congruent","Congruent","Incongruent",107.999136,108.199135,"4$",0.648389,"Correct","Correct","Correct","Correct"
"10",55,"5_6_stimuli","6_5","Incongruent","Incongruent","Congruent","Congruent",109.999115,110.199112,"5%",0.616255,"Correct","Correct","Correct","Correct"
"10",56,"7_8_stimuli","7_8","Incongruent","Incongruent","Incongruent","Congruent",111.99911,112.199098,"8*",0.600357,"Correct","Correct","Correct","Correct"
"10",57,"1_2_stimuli","2_2","Congruent","Incongruent","Incongruent","Incongruent",113.999094,114.199093,"2@",0.504015,"Correct","Correct","Correct","Correct"
"10",58,"3_4_stimuli","3_3","Congruent","Congruent","Incongruent","Incongruent",115.999071,116.199065,"3#",0.520422,"Correct","Correct","Correct","Correct"
"10",59,"5_6_stimuli","6_6","Congruent","Congruent","Congruent","Incongruent",117.999056,118.199057,"6^",0.712069,"Correct","Correct","Correct","Correct"
"10",60,"7_8_stimuli","7_8","Incongruent","Congruent","Congruent","Congruent",119.999044,120.199045,"8*",0.488439,"Correct","Correct","Correct","Correct"
"10",61,"1_2_stimuli","1_2","Incongruent","Incongruent","Congruent","Congruent",121.999022,122.199028,"2@",0.552346,"Correct","Correct","Correct","Correct"
"10",62,"3_4_stimuli","3_4","Incongruent","Incongruent","Incongruent","Congruent",123.999012,124.199011,"4$",0.552332,"Correct","Correct","Correct","Correct"
"10",63,"5_6_stimuli","5_6","Incongruent","Incongruent","Incongruent","Incongruent",125.998989,126.198989,"6^",0.776588,"Correct","Correct","Correct","Correct"
"10",64,"7_8_stimuli","7_7","Congruent","Incongruent","Incongruent","Incongruent",127.998974,128.198981,"7&",0.504575,"Correct","Correct","Correct","Correct"
"10",65,"1_2_stimuli","1_2","Incongruent","Congruent","Incongruent","Incongruent",129.998957,130.19896,"2@",0.440207,"Correct","Correct","Correct","Correct"
"10",66,"3_4_stimuli","4_4","Congruent","Incongruent","Congruent","Incongruent",131.998941,132.19894,"3#",0.552254,"Error","Correct","Correct","Correct"
"10",67,"5_6_stimuli","6_6","Congruent","Congruent","Incongruent","Congruent",133.998923,134.198931,"6^",0.808252,"Correct","Error","Correct","Correct"
"10",68,"7_8_stimuli","8_8","Congruent","Congruent","Congruent","Incongruent",135.998915,136.198909,"8*",0.488614,"Correct","Correct","Error","Correct"
"11",1,"1_2_stimuli","1_2","Incongruent",NA,NA,NA,1.999989,2.199989,"2@",0.54405,"Correct",NA,NA,NA
"11",2,"3_4_stimuli","4_4","Congruent","Incongruent",NA,NA,3.999975,4.19997,"4$",1.10393,"Correct","Correct",NA,NA
"11",3,"5_6_stimuli","6_5","Incongruent","Congruent","Incongruent",NA,5.999962,6.199953,"5%",0.67212,"Correct","Correct","Correct",NA
"11",4,"7_8_stimuli","8_7","Incongruent","Incongruent","Congruent","Incongruent",7.999944,8.199935,"7&",0.559824,"Correct","Correct","Correct","Correct"
"11",5,"1_2_stimuli","2_1","Incongruent","Incongruent","Incongruent","Congruent",9.999924,10.199927,"1!",0.495846,"Correct","Correct","Correct","Correct"
"11",6,"3_4_stimuli","3_3","Congruent","Incongruent","Incongruent","Incongruent",11.999911,12.199907,"3#",0.575791,"Correct","Correct","Correct","Correct"
"11",7,"5_6_stimuli","5_5","Congruent","Congruent","Incongruent","Incongruent",13.999896,14.199881,"5%",0.560279,"Correct","Correct","Correct","Correct"
"11",8,"7_8_stimuli","7_7","Congruent","Congruent","Congruent","Incongruent",15.999876,16.199874,"7&",0.55981,"Correct","Correct","Correct","Correct"
"11",9,"1_2_stimuli","2_1","Incongruent","Congruent","Congruent","Congruent",17.999861,18.199861,"1!",0.432163,"Correct","Correct","Correct","Correct"
"11",10,"3_4_stimuli","3_4","Incongruent","Incongruent","Congruent","Congruent",19.999863,20.199837,"4$",0.543819,"Correct","Correct","Correct","Correct"
"11",11,"5_6_stimuli","5_6","Incongruent","Incongruent","Incongruent","Congruent",21.999837,22.19983,"6^",0.768074,"Correct","Correct","Correct","Correct"
"11",12,"7_8_stimuli","7_8","Incongruent","Incongruent","Incongruent","Incongruent",23.999811,24.199821,"8*",0.512176,"Correct","Correct","Correct","Correct"
"11",13,"1_2_stimuli","1_2","Incongruent","Incongruent","Incongruent","Incongruent",25.999801,26.199794,"2@",0.464005,"Correct","Correct","Correct","Correct"
"11",14,"3_4_stimuli","4_3","Incongruent","Incongruent","Incongruent","Incongruent",27.999781,28.199783,"3#",0.511982,"Correct","Correct","Correct","Correct"
"11",15,"5_6_stimuli","5_6","Incongruent","Incongruent","Incongruent","Incongruent",29.999772,30.199765,"6^",0.976375,"Correct","Correct","Correct","Correct"
"11",16,"7_8_stimuli","8_8","Congruent","Incongruent","Incongruent","Incongruent",31.999758,32.199745,"8*",0.528214,"Correct","Correct","Correct","Correct"
"11",17,"1_2_stimuli","2_1","Incongruent","Congruent","Incongruent","Incongruent",33.999743,34.19973,"1!",0.448264,"Correct","Correct","Correct","Correct"
"11",18,"3_4_stimuli","4_3","Incongruent","Incongruent","Congruent","Incongruent",35.999716,36.199719,"3#",0.528532,"Correct","Correct","Correct","Correct"
"11",19,"5_6_stimuli","6_6","Congruent","Incongruent","Incongruent","Congruent",37.9997,38.199702,"5%",0.592051,"Error","Correct","Correct","Correct"
"11",20,"7_8_stimuli","7_8","Incongruent","Congruent","Incongruent","Incongruent",39.999682,40.199688,"8*",0.512082,"Correct","Error","Correct","Correct"
"11",21,"1_2_stimuli","1_1","Congruent","Incongruent","Congruent","Incongruent",41.999667,42.19967,"1!",0.432559,"Correct","Correct","Error","Correct"
"11",22,"3_4_stimuli","4_4","Congruent","Congruent","Incongruent","Congruent",43.999649,44.199641,"4$",0.640493,"Correct","Correct","Correct","Error"
"11",23,"5_6_stimuli","6_5","Incongruent","Congruent","Congruent","Incongruent",45.999646,46.199634,"5%",0.528478,"Correct","Correct","Correct","Correct"
"11",24,"7_8_stimuli","7_8","Incongruent","Incongruent","Congruent","Congruent",47.999626,48.199621,"8*",0.528366,"Correct","Correct","Correct","Correct"
"11",25,"1_2_stimuli","2_2","Congruent","Incongruent","Incongruent","Congruent",49.999599,50.199599,"2@",0.496405,"Correct","Correct","Correct","Correct"
"11",26,"3_4_stimuli","3_3","Congruent","Congruent","Incongruent","Incongruent",51.999581,52.199586,"3#",0.656356,"Correct","Correct","Correct","Correct"
"11",27,"5_6_stimuli","6_6","Congruent","Congruent","Congruent","Incongruent",53.999568,54.199568,"6^",1.216629,"Correct","Correct","Correct","Correct"
"11",28,"7_8_stimuli","7_8","Incongruent","Congruent","Congruent","Congruent",55.99956,56.199556,"8*",0.464453,"Correct","Correct","Correct","Correct"
"11",29,"1_2_stimuli","2_2","Congruent","Incongruent","Congruent","Congruent",57.999537,58.199543,"2@",0.384429,"Correct","Correct","Correct","Correct"
"11",30,"3_4_stimuli","3_4","Incongruent","Congruent","Incongruent","Congruent",59.99952,60.199528,"4$",0.51251,"Correct","Correct","Correct","Correct"
"11",31,"5_6_stimuli","5_5","Congruent","Incongruent","Congruent","Incongruent",61.999512,62.19951,"5%",0.512499,"Correct","Correct","Correct","Correct"
"11",32,"7_8_stimuli","8_8","Congruent","Congruent","Incongruent","Congruent",63.999488,64.199495,"8*",0.464285,"Correct","Correct","Correct","Correct"
"11",33,"1_2_stimuli","1_1","Congruent","Congruent","Congruent","Incongruent",65.999484,66.199475,"1!",0.384763,"Correct","Correct","Correct","Correct"
"11",34,"3_4_stimuli","4_4","Congruent","Congruent","Congruent","Congruent",67.999457,68.199457,"4$",0.560543,"Correct","Correct","Correct","Correct"
"11",35,"5_6_stimuli","6_6","Congruent","Congruent","Congruent","Congruent",69.999441,70.199442,"6^",0.78457,"Correct","Correct","Correct","Correct"
"11",36,"7_8_stimuli","8_8","Congruent","Congruent","Congruent","Congruent",71.999426,72.199418,"8*",0.44831,"Correct","Correct","Correct","Correct"
"11",37,"1_2_stimuli","1_1","Congruent","Congruent","Congruent","Congruent",73.999406,74.19941,"1!",0.400859,"Correct","Correct","Correct","Correct"
"11",38,"3_4_stimuli","4_3","Incongruent","Congruent","Congruent","Congruent",75.999402,76.199395,"3#",0.496607,"Correct","Correct","Correct","Correct"
"11",39,"5_6_stimuli","6_5","Incongruent","Incongruent","Congruent","Congruent",77.999383,78.19937,"5%",0.736369,"Correct","Correct","Correct","Correct"
"11",40,"7_8_stimuli","8_7","Incongruent","Incongruent","Incongruent","Congruent",79.999361,80.199362,"7&",0.560563,"Correct","Correct","Correct","Correct"
"11",41,"1_2_stimuli","1_1","Congruent","Incongruent","Incongruent","Incongruent",81.99935,82.199352,"1!",0.368845,"Correct","Correct","Correct","Correct"
"11",42,"3_4_stimuli","4_3","Incongruent","Congruent","Incongruent","Incongruent",83.999336,84.199325,"3#",0.448603,"Correct","Correct","Correct","Correct"
"11",43,"5_6_stimuli","6_5","Incongruent","Incongruent","Congruent","Incongruent",85.999317,86.199314,"5%",0.496801,"Correct","Correct","Correct","Correct"
"11",44,"7_8_stimuli","7_7","Congruent","Incongruent","Incongruent","Congruent",87.999298,88.1993,"7&",0.624872,"Correct","Correct","Correct","Correct"
"11",45,"1_2_stimuli","2_2","Congruent","Congruent","Incongruent","Incongruent",89.999289,90.199276,"2@",0.528438,"Correct","Correct","Correct","Correct"
"11",46,"3_4_stimuli","3_4","Incongruent","Congruent","Congruent","Incongruent",91.999262,92.199262,"4$",0.784972,"Correct","Correct","Correct","Correct"
"11",47,"5_6_stimuli","6_6","Congruent","Incongruent","Congruent","Congruent",93.999251,94.199256,"6^",0.848466,"Correct","Correct","Correct","Correct"
"11",48,"7_8_stimuli","8_7","Incongruent","Congruent","Incongruent","Congruent",95.999233,96.199262,"7&",0.592636,"Correct","Correct","Correct","Correct"
"11",49,"1_2_stimuli","1_2","Incongruent","Incongruent","Congruent","Incongruent",97.999221,98.199221,"2@",0.480527,"Correct","Correct","Correct","Correct"
"11",50,"3_4_stimuli","4_4","Congruent","Incongruent","Incongruent","Congruent",99.999196,100.199193,"4$",0.592557,"Correct","Correct","Correct","Correct"
"11",51,"5_6_stimuli","5_6","Incongruent","Congruent","Incongruent","Incongruent",101.999176,102.199186,"6^",0.656594,"Correct","Correct","Correct","Correct"
"11",52,"7_8_stimuli","8_8","Congruent","Incongruent","Congruent","Incongruent",103.999173,104.199166,"8*",0.52897,"Correct","Correct","Correct","Correct"
"11",53,"1_2_stimuli","2_2","Congruent","Congruent","Incongruent","Congruent",105.999154,106.19916,"2@",0.480931,"Correct","Correct","Correct","Correct"
"11",54,"3_4_stimuli","4_4","Congruent","Congruent","Congruent","Incongruent",107.999129,108.199135,"4$",0.512635,"Correct","Correct","Correct","Correct"
"11",55,"5_6_stimuli","5_6","Incongruent","Congruent","Congruent","Congruent",109.999121,110.19912,"6^",0.944622,"Correct","Correct","Correct","Correct"
"11",56,"7_8_stimuli","7_7","Congruent","Incongruent","Congruent","Congruent",111.999103,112.1991,"7&",0.625071,"Correct","Correct","Correct","Correct"
"11",57,"1_2_stimuli","1_2","Incongruent","Congruent","Incongruent","Congruent",113.999087,114.199084,"2@",0.512662,"Correct","Correct","Correct","Correct"
"11",58,"3_4_stimuli","3_3","Congruent","Incongruent","Congruent","Incongruent",115.999076,116.199067,"3#",0.528657,"Correct","Correct","Correct","Correct"
"11",59,"5_6_stimuli","5_5","Congruent","Congruent","Incongruent","Congruent",117.999052,118.199033,"5%",0.673018,"Correct","Correct","Correct","Correct"
"11",60,"7_8_stimuli","8_7","Incongruent","Congruent","Congruent","Incongruent",119.999033,120.199036,"7&",0.576979,"Correct","Correct","Correct","Correct"
"11",61,"1_2_stimuli","1_2","Incongruent","Incongruent","Congruent","Congruent",121.999027,122.199014,"2@",0.480992,"Correct","Correct","Correct","Correct"
"11",62,"3_4_stimuli","3_4","Incongruent","Incongruent","Incongruent","Congruent",123.999008,124.199004,"4$",0.625151,"Correct","Correct","Correct","Correct"
"11",63,"5_6_stimuli","5_5","Congruent","Incongruent","Incongruent","Incongruent",125.998996,126.198971,"5%",0.560744,"Correct","Correct","Correct","Correct"
"11",64,"7_8_stimuli","7_7","Congruent","Congruent","Incongruent","Incongruent",127.998975,128.198976,"7&",0.56079,"Correct","Correct","Correct","Correct"
"11",65,"1_2_stimuli","2_1","Incongruent","Congruent","Congruent","Incongruent",129.998951,130.198959,"1!",0.449079,"Correct","Correct","Correct","Correct"
"11",66,"3_4_stimuli","3_3","Congruent","Incongruent","Congruent","Congruent",131.998944,132.198941,"3#",0.545105,"Correct","Correct","Correct","Correct"
"11",67,"5_6_stimuli","6_5","Incongruent","Congruent","Incongruent","Congruent",133.99893,134.198924,"5%",0.56092,"Correct","Correct","Correct","Correct"
"11",68,"7_8_stimuli","8_7","Incongruent","Incongruent","Congruent","Incongruent",135.998905,136.198911,"7&",0.784888,"Correct","Correct","Correct","Correct"
"12",1,"1_2_stimuli","1_1","Congruent",NA,NA,NA,1.999984,2.199975,"1!",0.477222,"Correct",NA,NA,NA
"12",2,"3_4_stimuli","3_4","Incongruent","Congruent",NA,NA,3.999976,4.199962,"4$",0.540797,"Correct","Correct",NA,NA
"12",3,"5_6_stimuli","5_5","Congruent","Incongruent","Congruent",NA,5.999976,6.199952,"5%",0.78133,"Correct","Correct","Correct",NA
"12",4,"7_8_stimuli","8_8","Congruent","Congruent","Incongruent","Congruent",7.999941,8.199928,"8*",0.590365,"Correct","Correct","Correct","Correct"
"12",5,"1_2_stimuli","1_2","Incongruent","Congruent","Congruent","Incongruent",9.999917,10.199916,"2@",0.493298,"Correct","Correct","Correct","Correct"
"12",6,"3_4_stimuli","4_3","Incongruent","Incongruent","Congruent","Congruent",11.999897,12.199891,"3#",0.557382,"Correct","Correct","Correct","Correct"
"12",7,"5_6_stimuli","5_6","Incongruent","Incongruent","Incongruent","Congruent",13.999883,14.199879,"6^",0.749214,"Correct","Correct","Correct","Correct"
"12",8,"7_8_stimuli","7_7","Congruent","Incongruent","Incongruent","Incongruent",15.999866,16.199876,"7&",0.557197,"Correct","Correct","Correct","Correct"
"12",9,"1_2_stimuli","2_1","Incongruent","Congruent","Incongruent","Incongruent",17.999847,18.199851,"1!",0.349368,"Correct","Correct","Correct","Correct"
"12",10,"3_4_stimuli","3_3","Congruent","Incongruent","Congruent","Incongruent",19.999834,20.199833,"3#",0.477489,"Correct","Correct","Correct","Correct"
"12",11,"5_6_stimuli","6_6","Congruent","Congruent","Incongruent","Congruent",21.999847,22.199826,"6^",0.861289,"Correct","Correct","Correct","Correct"
"12",12,"7_8_stimuli","8_7","Incongruent","Congruent","Congruent","Incongruent",23.99981,24.199803,"7&",0.620972,"Correct","Correct","Correct","Correct"
"12",13,"1_2_stimuli","1_1","Congruent","Incongruent","Congruent","Congruent",25.999783,26.199785,"1!",0.365385,"Correct","Correct","Correct","Correct"
"12",14,"3_4_stimuli","4_4","Congruent","Congruent","Incongruent","Congruent",27.999775,28.199775,"4$",0.81335,"Correct","Correct","Correct","Correct"
"12",15,"5_6_stimuli","6_5","Incongruent","Congruent","Congruent","Incongruent",29.999762,30.19976,"5%",0.685008,"Correct","Correct","Correct","Correct"
"12",16,"7_8_stimuli","7_8","Incongruent","Incongruent","Congruent","Congruent",31.999738,32.199734,"8*",0.557272,"Correct","Correct","Correct","Correct"
"12",17,"1_2_stimuli","1_1","Congruent","Incongruent","Incongruent","Congruent",33.999728,34.199719,"1!",0.381571,"Correct","Correct","Correct","Correct"
"12",18,"3_4_stimuli","4_3","Incongruent","Congruent","Incongruent","Incongruent",35.999713,36.19971,"3#",0.557132,"Correct","Correct","Correct","Correct"
"12",19,"5_6_stimuli","5_6","Incongruent","Incongruent","Congruent","Incongruent",37.999692,38.199689,"5%",0.717578,"Error","Correct","Correct","Correct"
"12",20,"7_8_stimuli","7_7","Congruent","Incongruent","Incongruent","Congruent",39.999695,40.199677,"7&",0.605473,"Correct","Error","Correct","Correct"
"12",21,"1_2_stimuli","2_2","Congruent","Congruent","Incongruent","Incongruent",41.999666,42.19966,"2@",0.557483,"Correct","Correct","Error","Correct"
"12",22,"3_4_stimuli","4_3","Incongruent","Congruent","Congruent","Incongruent",43.999644,44.19964,"3#",0.589628,"Correct","Correct","Correct","Error"
"12",23,"5_6_stimuli","5_6","Incongruent","Incongruent","Congruent","Congruent",45.999625,46.199625,"6^",1.277627,"Correct","Correct","Correct","Correct"
"12",24,"7_8_stimuli","8_7","Incongruent","Incongruent","Incongruent","Congruent",47.999615,48.199604,"7&",0.525148,"Correct","Correct","Correct","Correct"
"12",25,"1_2_stimuli","2_1","Incongruent","Incongruent","Incongruent","Incongruent",49.99959,50.199589,"1!",0.365409,"Correct","Correct","Correct","Correct"
"12",26,"3_4_stimuli","3_3","Congruent","Incongruent","Incongruent","Incongruent",51.999577,52.199572,"3#",0.429537,"Correct","Correct","Correct","Correct"
"12",27,"5_6_stimuli","5_5","Congruent","Congruent","Incongruent","Incongruent",53.999561,54.199566,"5%",0.49356,"Correct","Correct","Correct","Correct"
"12",28,"7_8_stimuli","7_7","Congruent","Congruent","Congruent","Incongruent",55.999546,56.199542,"7&",0.54161,"Correct","Correct","Correct","Correct"
"12",29,"1_2_stimuli","1_1","Congruent","Congruent","Congruent","Congruent",57.999532,58.199525,"1!",0.381788,"Correct","Correct","Correct","Correct"
"12",30,"3_4_stimuli","3_4","Incongruent","Congruent","Congruent","Congruent",59.999508,60.199508,"4$",0.589252,"Correct","Correct","Correct","Correct"
"12",31,"5_6_stimuli","6_6","Congruent","Incongruent","Congruent","Congruent",61.999502,62.199493,"6^",0.733599,"Correct","Correct","Correct","Correct"
"12",32,"7_8_stimuli","8_8","Congruent","Congruent","Incongruent","Congruent",63.999476,64.199477,"7&",0.509357,"Error","Correct","Correct","Correct"
"12",33,"1_2_stimuli","2_2","Congruent","Congruent","Congruent","Incongruent",65.999466,66.199443,"2@",0.493576,"Correct","Error","Correct","Correct"
"12",34,"3_4_stimuli","4_4","Congruent","Congruent","Congruent","Congruent",67.999444,68.199443,"4$",0.893634,"Correct","Correct","Error","Correct"
"12",35,"5_6_stimuli","6_5","Incongruent","Congruent","Congruent","Congruent",69.999433,70.199427,"5%",0.701406,"Correct","Correct","Correct","Error"
"12",36,"7_8_stimuli","8_8","Congruent","Incongruent","Congruent","Congruent",71.999412,72.199417,"8*",0.541425,"Correct","Correct","Correct","Correct"
"12",37,"1_2_stimuli","2_2","Congruent","Congruent","Incongruent","Congruent",73.999406,74.199395,"2@",0.557445,"Correct","Correct","Correct","Correct"
"12",38,"3_4_stimuli","4_4","Congruent","Congruent","Congruent","Incongruent",75.999379,76.19939,"4$",0.605703,"Correct","Correct","Correct","Correct"
"12",39,"5_6_stimuli","5_5","Congruent","Congruent","Congruent","Congruent",77.999367,78.19938,"5%",0.621371,"Correct","Correct","Correct","Correct"
"12",40,"7_8_stimuli","7_8","Incongruent","Congruent","Congruent","Congruent",79.999346,80.199352,"8*",0.55791,"Correct","Correct","Correct","Correct"
"12",41,"1_2_stimuli","2_1","Incongruent","Incongruent","Congruent","Congruent",81.999324,82.199319,"1!",0.44578,"Correct","Correct","Correct","Correct"
"12",42,"3_4_stimuli","4_4","Congruent","Incongruent","Incongruent","Congruent",83.999343,84.199316,"4$",0.669907,"Correct","Correct","Correct","Correct"
"12",43,"5_6_stimuli","6_5","Incongruent","Congruent","Incongruent","Incongruent",85.999302,86.199291,"5%",0.92586,"Correct","Correct","Correct","Correct"
"12",44,"7_8_stimuli","8_7","Incongruent","Incongruent","Congruent","Incongruent",87.999282,88.199287,"7&",0.765818,"Correct","Correct","Correct","Correct"
"12",45,"1_2_stimuli","2_1","Incongruent","Incongruent","Incongruent","Congruent",89.999264,90.199267,"1!",0.413578,"Correct","Correct","Correct","Correct"
"12",46,"3_4_stimuli","3_4","Incongruent","Incongruent","Incongruent","Incongruent",91.999253,92.199254,"4$",0.637722,"Correct","Correct","Correct","Correct"
"12",47,"5_6_stimuli","5_5","Congruent","Incongruent","Incongruent","Incongruent",93.999228,94.199256,"5%",0.701661,"Correct","Correct","Correct","Correct"
"12",48,"7_8_stimuli","7_8","Incongruent","Congruent","Incongruent","Incongruent",95.999218,96.199222,"8*",0.525618,"Correct","Correct","Correct","Correct"
"12",49,"1_2_stimuli","1_1","Congruent","Incongruent","Congruent","Incongruent",97.999204,98.199199,"1!",0.413638,"Correct","Correct","Correct","Correct"
"12",50,"3_4_stimuli","4_3","Incongruent","Congruent","Incongruent","Congruent",99.999187,100.199183,"4$",0.589702,"Error","Correct","Correct","Correct"
"12",51,"5_6_stimuli","6_6","Congruent","Incongruent","Congruent","Incongruent",101.999173,102.199173,"6^",1.485894,"Correct","Error","Correct","Correct"
"12",52,"7_8_stimuli","8_7","Incongruent","Congruent","Incongruent","Congruent",103.999148,104.199152,"7&",0.59008,"Correct","Correct","Error","Correct"
"12",53,"1_2_stimuli","1_2","Incongruent","Incongruent","Congruent","Incongruent",105.99914,106.19913,"2@",0.573683,"Correct","Correct","Correct","Error"
"12",54,"3_4_stimuli","3_4","Incongruent","Incongruent","Incongruent","Congruent",107.99912,108.199116,"4$",1.101728,"Correct","Correct","Correct","Correct"
"12",55,"5_6_stimuli","6_5","Incongruent","Incongruent","Incongruent","Incongruent",109.9991,110.199103,"5%",0.734153,"Correct","Correct","Correct","Correct"
"12",56,"7_8_stimuli","7_8","Incongruent","Incongruent","Incongruent","Incongruent",111.999088,112.199091,"8*",0.637943,"Correct","Correct","Correct","Correct"
"12",57,"1_2_stimuli","2_2","Congruent","Incongruent","Incongruent","Incongruent",113.999072,114.19906,"2@",0.702152,"Correct","Correct","Correct","Correct"
"12",58,"3_4_stimuli","3_3","Congruent","Congruent","Incongruent","Incongruent",115.999063,116.199055,"3#",0.590106,"Correct","Correct","Correct","Correct"
"12",59,"5_6_stimuli","5_5","Congruent","Congruent","Congruent","Incongruent",117.999041,118.199043,"5%",0.829776,"Correct","Correct","Correct","Correct"
"12",60,"7_8_stimuli","7_7","Congruent","Congruent","Congruent","Congruent",119.999028,120.199024,"7&",0.670173,"Correct","Correct","Correct","Correct"
"12",61,"1_2_stimuli","1_2","Incongruent","Congruent","Congruent","Congruent",121.999011,122.199005,"2@",0.558133,"Correct","Correct","Correct","Correct"
"12",62,"3_4_stimuli","3_3","Congruent","Incongruent","Congruent","Congruent",123.998998,124.198983,"3#",0.621821,"Correct","Correct","Correct","Correct"
"12",63,"5_6_stimuli","5_6","Incongruent","Congruent","Incongruent","Congruent",125.998979,126.198973,"6^",0.846098,"Correct","Correct","Correct","Correct"
"12",64,"7_8_stimuli","8_8","Congruent","Incongruent","Congruent","Incongruent",127.998953,128.198955,"8*",0.526258,"Correct","Correct","Correct","Correct"
"12",65,"1_2_stimuli","1_2","Incongruent","Congruent","Incongruent","Congruent",129.998944,130.198937,"2@",0.558158,"Correct","Correct","Correct","Correct"
"12",66,"3_4_stimuli","3_4","Incongruent","Incongruent","Congruent","Incongruent",131.99893,132.19893,"4$",0.750173,"Correct","Correct","Correct","Correct"
"12",67,"5_6_stimuli","6_6","Congruent","Incongruent","Incongruent","Congruent",133.99891,134.198907,"6^",1.037902,"Correct","Correct","Correct","Correct"
"12",68,"7_8_stimuli","8_8","Congruent","Congruent","Incongruent","Incongruent",135.998892,136.198895,"8*",0.749954,"Correct","Correct","Correct","Correct"
"13",1,"1_2_stimuli","1_2","Incongruent",NA,NA,NA,1.999979,2.199981,"2@",0.507919,"Correct",NA,NA,NA
"13",2,"3_4_stimuli","3_3","Congruent","Incongruent",NA,NA,3.999981,4.199951,"3#",0.540339,"Correct","Correct",NA,NA
"13",3,"5_6_stimuli","6_5","Incongruent","Congruent","Incongruent",NA,5.999946,6.199948,"5%",0.875974,"Correct","Correct","Correct",NA
"13",4,"7_8_stimuli","8_7","Incongruent","Incongruent","Congruent","Incongruent",7.999932,8.199932,"7&",0.732088,"Correct","Correct","Correct","Correct"
"13",5,"1_2_stimuli","2_1","Incongruent","Incongruent","Incongruent","Congruent",9.999908,10.199911,"1!",0.380296,"Correct","Correct","Correct","Correct"
"13",6,"3_4_stimuli","4_3","Incongruent","Incongruent","Incongruent","Incongruent",11.999888,12.199893,"3#",0.571983,"Correct","Correct","Correct","Correct"
"13",7,"5_6_stimuli","6_6","Congruent","Incongruent","Incongruent","Incongruent",13.999878,14.199879,"6^",1.132076,"Correct","Correct","Correct","Correct"
"13",8,"7_8_stimuli","7_8","Incongruent","Congruent","Incongruent","Incongruent",15.999869,16.199864,"8*",0.65205,"Correct","Correct","Correct","Correct"
"13",9,"1_2_stimuli","2_2","Congruent","Incongruent","Congruent","Incongruent",17.999859,18.199852,"2@",0.476026,"Correct","Correct","Correct","Correct"
"13",10,"3_4_stimuli","4_3","Incongruent","Congruent","Incongruent","Congruent",19.999833,20.199827,"3#",0.44453,"Correct","Correct","Correct","Correct"
"13",11,"5_6_stimuli","5_6","Incongruent","Incongruent","Congruent","Incongruent",21.999819,22.199824,"6^",0.860586,"Correct","Correct","Correct","Correct"
"13",12,"7_8_stimuli","7_7","Congruent","Incongruent","Incongruent","Congruent",23.999798,24.199795,"6^",0.636582,"Error","Correct","Correct","Correct"
"13",13,"1_2_stimuli","1_1","Congruent","Congruent","Incongruent","Incongruent",25.999784,26.199781,"1!",0.396584,"Correct","Error","Correct","Correct"
"13",14,"3_4_stimuli","3_4","Incongruent","Congruent","Congruent","Incongruent",27.999772,28.199763,"4$",0.636555,"Correct","Correct","Error","Correct"
"13",15,"5_6_stimuli","5_6","Incongruent","Incongruent","Congruent","Congruent",29.999751,30.19976,"6^",0.988216,"Correct","Correct","Correct","Error"
"13",16,"7_8_stimuli","8_7","Incongruent","Incongruent","Incongruent","Congruent",31.999746,32.199735,"7&",0.796201,"Correct","Correct","Correct","Correct"
"13",17,"1_2_stimuli","2_2","Congruent","Incongruent","Incongruent","Incongruent",33.999728,34.199717,"2@",0.508652,"Correct","Correct","Correct","Correct"
"13",18,"3_4_stimuli","4_3","Incongruent","Congruent","Incongruent","Incongruent",35.999698,36.199693,"3#",0.588258,"Correct","Correct","Correct","Correct"
"13",19,"5_6_stimuli","6_6","Congruent","Incongruent","Congruent","Incongruent",37.999684,38.199689,"6^",1.052486,"Correct","Correct","Correct","Correct"
"13",20,"7_8_stimuli","8_7","Incongruent","Congruent","Incongruent","Congruent",39.99967,40.199663,"7&",0.652251,"Correct","Correct","Correct","Correct"
"13",21,"1_2_stimuli","1_2","Incongruent","Incongruent","Congruent","Incongruent",41.999654,42.199651,"1!",0.364284,"Error","Correct","Correct","Correct"
"13",22,"3_4_stimuli","3_4","Incongruent","Incongruent","Incongruent","Congruent",43.999637,44.199637,"4$",0.6363,"Correct","Error","Correct","Correct"
"13",23,"5_6_stimuli","6_5","Incongruent","Incongruent","Incongruent","Incongruent",45.999629,46.19962,"5%",0.652626,"Correct","Correct","Error","Correct"
"13",24,"7_8_stimuli","7_7","Congruent","Incongruent","Incongruent","Incongruent",47.999608,48.199603,"7&",0.6045,"Correct","Correct","Correct","Error"
"13",25,"1_2_stimuli","1_2","Incongruent","Congruent","Incongruent","Incongruent",49.999582,50.199592,"1!",0.396514,"Error","Correct","Correct","Correct"
"13",26,"3_4_stimuli","4_3","Incongruent","Incongruent","Congruent","Incongruent",51.999583,52.199575,"3#",0.52474,"Correct","Error","Correct","Correct"
"13",27,"5_6_stimuli","5_5","Congruent","Incongruent","Incongruent","Congruent",53.999564,54.199557,"4$",0.636782,"Error","Correct","Error","Correct"
"13",28,"7_8_stimuli","8_8","Congruent","Congruent","Incongruent","Incongruent",55.999543,56.199544,"8*",0.492654,"Correct","Error","Correct","Error"
"13",29,"1_2_stimuli","1_1","Congruent","Congruent","Congruent","Incongruent",57.999522,58.199523,"1!",0.412614,"Correct","Correct","Error","Correct"
"13",30,"3_4_stimuli","3_4","Incongruent","Congruent","Congruent","Congruent",59.999511,60.199508,"4$",0.748882,"Correct","Correct","Correct","Error"
"13",31,"5_6_stimuli","5_5","Congruent","Incongruent","Congruent","Congruent",61.999496,62.199495,"5%",0.524651,"Correct","Correct","Correct","Correct"
"13",32,"7_8_stimuli","8_8","Congruent","Congruent","Incongruent","Congruent",63.999483,64.199474,"8*",0.524719,"Correct","Correct","Correct","Correct"
"13",33,"1_2_stimuli","2_1","Incongruent","Congruent","Congruent","Incongruent",65.999468,66.199456,"1!",0.396955,"Correct","Correct","Correct","Correct"
"13",34,"3_4_stimuli","3_4","Incongruent","Incongruent","Congruent","Congruent",67.99943,68.199438,"4$",0.620883,"Correct","Correct","Correct","Correct"
"13",35,"5_6_stimuli","5_6","Incongruent","Incongruent","Incongruent","Congruent",69.999433,70.199429,"6^",0.828522,"Correct","Correct","Correct","Correct"
"13",36,"7_8_stimuli","7_8","Incongruent","Incongruent","Incongruent","Incongruent",71.999418,72.199405,"8*",0.668453,"Correct","Correct","Correct","Correct"
"13",37,"1_2_stimuli","1_2","Incongruent","Incongruent","Incongruent","Incongruent",73.99939,74.199398,"2@",0.476547,"Correct","Correct","Correct","Correct"
"13",38,"3_4_stimuli","4_4","Congruent","Incongruent","Incongruent","Incongruent",75.999384,76.199387,"4$",0.636829,"Correct","Correct","Correct","Correct"
"13",39,"5_6_stimuli","6_5","Incongruent","Congruent","Incongruent","Incongruent",77.999366,78.199363,"5%",0.636582,"Correct","Correct","Correct","Correct"
"13",40,"7_8_stimuli","8_8","Congruent","Incongruent","Congruent","Incongruent",79.999348,80.199348,"8*",0.492845,"Correct","Correct","Correct","Correct"
"13",41,"1_2_stimuli","1_1","Congruent","Congruent","Incongruent","Congruent",81.999337,82.19933,"1!",0.413046,"Correct","Correct","Correct","Correct"
"13",42,"3_4_stimuli","3_3","Congruent","Congruent","Congruent","Incongruent",83.999319,84.199323,"3#",0.556873,"Correct","Correct","Correct","Correct"
"13",43,"5_6_stimuli","6_5","Incongruent","Congruent","Congruent","Congruent",85.999299,86.199294,"5%",0.620902,"Correct","Correct","Correct","Correct"
"13",44,"7_8_stimuli","7_7","Congruent","Incongruent","Congruent","Congruent",87.999285,88.199287,"7&",0.653009,"Correct","Correct","Correct","Correct"
"13",45,"1_2_stimuli","2_1","Incongruent","Congruent","Incongruent","Congruent",89.99927,90.199269,"1!",0.412626,"Correct","Correct","Correct","Correct"
"13",46,"3_4_stimuli","4_4","Congruent","Incongruent","Congruent","Incongruent",91.999253,92.199254,"4$",0.524706,"Correct","Correct","Correct","Correct"
"13",47,"5_6_stimuli","5_5","Congruent","Congruent","Incongruent","Congruent",93.999231,94.199233,"5%",0.524678,"Correct","Correct","Correct","Correct"
"13",48,"7_8_stimuli","7_7","Congruent","Congruent","Congruent","Incongruent",95.999212,96.199218,"7&",0.525023,"Correct","Correct","Correct","Correct"
"13",49,"1_2_stimuli","2_2","Congruent","Congruent","Congruent","Congruent",97.999206,98.199209,"2@",0.444728,"Correct","Correct","Correct","Correct"
"13",50,"3_4_stimuli","3_3","Congruent","Congruent","Congruent","Congruent",99.999192,100.199185,"3#",0.508662,"Correct","Correct","Correct","Correct"
"13",51,"5_6_stimuli","5_5","Congruent","Congruent","Congruent","Congruent",101.999163,102.199175,"5%",0.621194,"Correct","Correct","Correct","Correct"
"13",52,"7_8_stimuli","8_8","Congruent","Congruent","Congruent","Congruent",103.999156,104.199151,"8*",0.461252,"Correct","Correct","Correct","Correct"
"13",53,"1_2_stimuli","2_1","Incongruent","Congruent","Congruent","Congruent",105.999133,106.199141,"1!",0.381331,"Correct","Correct","Correct","Correct"
"13",54,"3_4_stimuli","4_4","Congruent","Incongruent","Congruent","Congruent",107.999125,108.199118,"4$",0.669117,"Correct","Correct","Correct","Correct"
"13",55,"5_6_stimuli","5_6","Incongruent","Congruent","Incongruent","Congruent",109.99911,110.199099,"6^",0.892834,"Correct","Correct","Correct","Correct"
"13",56,"7_8_stimuli","8_7","Incongruent","Incongruent","Congruent","Incongruent",111.999089,112.199096,"7&",0.541201,"Correct","Correct","Correct","Correct"
"13",57,"1_2_stimuli","2_2","Congruent","Incongruent","Incongruent","Congruent",113.999073,114.199071,"2@",0.461191,"Correct","Correct","Correct","Correct"
"13",58,"3_4_stimuli","3_3","Congruent","Congruent","Incongruent","Incongruent",115.99906,116.199052,"3#",0.556872,"Correct","Correct","Correct","Correct"
"13",59,"5_6_stimuli","6_6","Congruent","Congruent","Congruent","Incongruent",117.999049,118.199036,"6^",0.684887,"Correct","Correct","Correct","Correct"
"13",60,"7_8_stimuli","7_8","Incongruent","Congruent","Congruent","Congruent",119.999029,120.199027,"7&",0.540887,"Error","Correct","Correct","Correct"
"13",61,"1_2_stimuli","1_2","Incongruent","Incongruent","Congruent","Congruent",121.999011,122.199006,"2@",0.508915,"Correct","Error","Correct","Correct"
"13",62,"3_4_stimuli","3_3","Congruent","Incongruent","Incongruent","Congruent",123.998992,124.198995,"3#",0.749046,"Correct","Correct","Error","Correct"
"13",63,"5_6_stimuli","6_6","Congruent","Congruent","Incongruent","Incongruent",125.998975,126.198978,"6^",0.972945,"Correct","Correct","Correct","Error"
"13",64,"7_8_stimuli","8_7","Incongruent","Congruent","Congruent","Incongruent",127.998972,128.198966,"7&",0.604888,"Correct","Correct","Correct","Correct"
"13",65,"1_2_stimuli","1_1","Congruent","Incongruent","Congruent","Congruent",129.99894,130.198937,"1!",0.397339,"Correct","Correct","Correct","Correct"
"13",66,"3_4_stimuli","4_4","Congruent","Congruent","Incongruent","Congruent",131.998936,132.198933,"4$",0.653369,"Correct","Correct","Correct","Correct"
"13",67,"5_6_stimuli","6_5","Incongruent","Congruent","Congruent","Incongruent",133.998921,134.198912,"5%",0.605361,"Correct","Correct","Correct","Correct"
"13",68,"7_8_stimuli","7_8","Incongruent","Incongruent","Congruent","Congruent",135.998902,136.198892,"8*",0.509052,"Correct","Correct","Correct","Correct"
