"Run.Number","Trial.Number","Task","Stimulus","Current.Trial.Type","Previous.Trial.Type","Previous.Trial.Type.N2","Previous.Trial.Type.N3","StimulusOnsetTime","StimulusOffsetTime","Response","RT","Accuracy","PreviousAccuracy","PreviousAccuracy.N2","Previous.Accuracy.N3"
"practice",1,"1_2_stimuli","1_1","Congruent",NA,NA,NA,1.999985,2.199981,"1!",0.831235,"Correct",NA,NA,NA
"practice",2,"3_4_stimuli","4_4","Congruent","Congruent",NA,NA,3.999973,4.199965,"4$",1.342716,"Correct","Correct",NA,NA
"practice",3,"5_6_stimuli","6_5","Incongruent","Congruent","Congruent",NA,5.999955,6.199952,"5%",1.198926,"Correct","Correct","Correct",NA
"practice",4,"7_8_stimuli","7_8","Incongruent","Incongruent","Congruent","Congruent",7.999926,8.199935,"8*",1.343498,"Correct","Correct","Correct","Correct"
"practice",5,"1_2_stimuli","1_1","Congruent","Incongruent","Incongruent","Congruent",9.999909,10.199906,"1!",0.622769,"Correct","Correct","Correct","Correct"
"practice",6,"3_4_stimuli","4_3","Incongruent","Congruent","Incongruent","Incongruent",11.999891,12.1999,"Omission",5000,"Omission","Correct","Correct","Correct"
"practice",7,"5_6_stimuli","6_5","Incongruent","Incongruent","Congruent","Incongruent",13.999891,14.199875,"5%",1.215518,"Correct","Omission","Correct","Correct"
"practice",8,"7_8_stimuli","8_7","Incongruent","Incongruent","Incongruent","Congruent",15.999863,16.199857,"Omission",5000,"Omission","Correct","Omission","Correct"
"practice",9,"1_2_stimuli","2_2","Congruent","Incongruent","Incongruent","Incongruent",17.99984,18.199833,"2@",0.911176,"Correct","Omission","Correct","Omission"
"practice",10,"3_4_stimuli","3_3","Congruent","Congruent","Incongruent","Incongruent",19.999827,20.199828,"Omission",5000,"Omission","Correct","Omission","Correct"
"practice",11,"5_6_stimuli","5_6","Incongruent","Congruent","Congruent","Incongruent",21.999805,22.199803,"Omission",5000,"Omission","Omission","Correct","Omission"
"practice",12,"7_8_stimuli","7_8","Incongruent","Incongruent","Congruent","Congruent",23.999784,24.19978,"Omission",5000,"Omission","Omission","Omission","Correct"
"practice",13,"1_2_stimuli","1_2","Incongruent","Incongruent","Incongruent","Congruent",25.999781,26.19977,"2@",0.815312,"Correct","Omission","Omission","Omission"
"practice",14,"3_4_stimuli","4_4","Congruent","Incongruent","Incongruent","Incongruent",27.999756,28.199751,"4$",0.863492,"Correct","Correct","Omission","Omission"
"practice",15,"5_6_stimuli","6_5","Incongruent","Congruent","Incongruent","Incongruent",29.999734,30.199734,"5%",0.575249,"Correct","Correct","Correct","Omission"
"practice",16,"7_8_stimuli","8_8","Congruent","Incongruent","Congruent","Incongruent",31.999721,32.199709,"8*",0.702945,"Correct","Correct","Correct","Correct"
"practice",17,"1_2_stimuli","1_1","Congruent","Congruent","Incongruent","Congruent",33.999701,34.199697,"1!",0.574981,"Correct","Correct","Correct","Correct"
"practice",18,"3_4_stimuli","3_3","Congruent","Congruent","Congruent","Incongruent",35.99969,36.19968,"Omission",5000,"Omission","Correct","Correct","Correct"
"practice",19,"5_6_stimuli","6_6","Congruent","Congruent","Congruent","Congruent",37.999665,38.199671,"6^",1.439501,"Correct","Omission","Correct","Correct"
"practice",20,"7_8_stimuli","8_8","Congruent","Congruent","Congruent","Congruent",39.999653,40.199653,"8*",0.815322,"Correct","Correct","Omission","Correct"
"practice",21,"1_2_stimuli","1_2","Incongruent","Congruent","Congruent","Congruent",41.999625,42.199616,"2@",0.655037,"Correct","Correct","Correct","Omission"
"practice",22,"3_4_stimuli","3_4","Incongruent","Incongruent","Congruent","Congruent",43.999619,44.19961,"4$",0.991712,"Correct","Correct","Correct","Correct"
"practice",23,"5_6_stimuli","5_6","Incongruent","Incongruent","Incongruent","Congruent",45.999591,46.199588,"6^",0.735068,"Correct","Correct","Correct","Correct"
"practice",24,"7_8_stimuli","8_7","Incongruent","Incongruent","Incongruent","Incongruent",47.99957,48.199577,"7&",0.99167,"Correct","Correct","Correct","Correct"
"practice",25,"1_2_stimuli","2_1","Incongruent","Incongruent","Incongruent","Incongruent",49.999546,50.199549,"1!",0.863275,"Correct","Correct","Correct","Correct"
"practice",26,"3_4_stimuli","4_3","Incongruent","Incongruent","Incongruent","Incongruent",51.999537,52.199537,"3#",0.735733,"Correct","Correct","Correct","Correct"
"practice",27,"5_6_stimuli","5_5","Congruent","Incongruent","Incongruent","Incongruent",53.999516,54.199515,"5%",1.00778,"Correct","Correct","Correct","Correct"
"practice",28,"7_8_stimuli","7_7","Congruent","Congruent","Incongruent","Incongruent",55.999497,56.199499,"7&",1.471125,"Correct","Correct","Correct","Correct"
"practice",29,"1_2_stimuli","2_1","Incongruent","Congruent","Congruent","Incongruent",57.999485,58.199476,"1!",0.751618,"Correct","Correct","Correct","Correct"
"practice",30,"3_4_stimuli","3_3","Congruent","Incongruent","Congruent","Congruent",59.999458,60.199455,"3#",0.719937,"Correct","Correct","Correct","Correct"
"practice",31,"5_6_stimuli","6_6","Congruent","Congruent","Incongruent","Congruent",61.999448,62.199441,"6^",1.151888,"Correct","Correct","Correct","Correct"
"practice",32,"7_8_stimuli","8_7","Incongruent","Congruent","Congruent","Incongruent",63.99943,64.199434,"7&",0.559641,"Correct","Correct","Correct","Correct"
"practice",33,"1_2_stimuli","2_1","Incongruent","Incongruent","Congruent","Congruent",65.999406,66.199404,"1!",0.559187,"Correct","Correct","Correct","Correct"
"practice",34,"3_4_stimuli","4_3","Incongruent","Incongruent","Incongruent","Congruent",67.999398,68.199394,"3#",0.575209,"Correct","Correct","Correct","Correct"
"practice",35,"5_6_stimuli","6_5","Incongruent","Incongruent","Incongruent","Incongruent",69.99938,70.199367,"5%",0.751717,"Correct","Correct","Correct","Correct"
"practice",36,"7_8_stimuli","8_8","Congruent","Incongruent","Incongruent","Incongruent",71.999349,72.199345,"8*",1.167714,"Correct","Correct","Correct","Correct"
"practice",37,"1_2_stimuli","1_1","Congruent","Congruent","Incongruent","Incongruent",73.999346,74.199332,"1!",0.575551,"Correct","Correct","Correct","Correct"
"practice",38,"3_4_stimuli","3_4","Incongruent","Congruent","Congruent","Incongruent",75.999315,76.199319,"4$",1.31199,"Correct","Correct","Correct","Correct"
"practice",39,"5_6_stimuli","5_6","Incongruent","Incongruent","Congruent","Congruent",77.999299,78.199297,"6^",0.975675,"Correct","Correct","Correct","Correct"
"practice",40,"7_8_stimuli","7_7","Congruent","Incongruent","Incongruent","Congruent",79.999287,80.199282,"7&",0.39976,"Correct","Correct","Correct","Correct"
"practice",41,"1_2_stimuli","2_1","Incongruent","Congruent","Incongruent","Incongruent",81.999259,82.199256,"1!",0.559302,"Correct","Correct","Correct","Correct"
"practice",42,"3_4_stimuli","4_3","Incongruent","Incongruent","Congruent","Incongruent",83.999239,84.19924,"3#",0.863314,"Correct","Correct","Correct","Correct"
"practice",43,"5_6_stimuli","5_5","Congruent","Incongruent","Incongruent","Congruent",85.999219,86.199225,"5%",0.767401,"Correct","Correct","Correct","Correct"
"practice",44,"7_8_stimuli","8_7","Incongruent","Congruent","Incongruent","Incongruent",87.99921,88.199203,"7&",0.89577,"Correct","Correct","Correct","Correct"
"practice",45,"1_2_stimuli","1_1","Congruent","Incongruent","Congruent","Incongruent",89.999188,90.199187,"1!",0.511844,"Correct","Correct","Correct","Correct"
"practice",46,"3_4_stimuli","4_4","Congruent","Congruent","Incongruent","Congruent",91.999165,92.199174,"4$",1.216053,"Correct","Correct","Correct","Correct"
"practice",47,"5_6_stimuli","6_6","Congruent","Congruent","Congruent","Incongruent",93.999152,94.199146,"6^",0.640138,"Correct","Correct","Correct","Correct"
"practice",48,"7_8_stimuli","7_8","Incongruent","Congruent","Congruent","Congruent",95.999131,96.199136,"8*",0.928187,"Correct","Correct","Correct","Correct"
"practice",49,"1_2_stimuli","2_2","Congruent","Incongruent","Congruent","Congruent",97.999114,98.19912,"2@",0.575523,"Correct","Correct","Correct","Correct"
"practice",50,"3_4_stimuli","3_4","Incongruent","Congruent","Incongruent","Congruent",99.999102,100.199092,"4$",1.120016,"Correct","Correct","Correct","Correct"
"practice",51,"5_6_stimuli","5_5","Congruent","Incongruent","Congruent","Incongruent",101.999081,102.199076,"5%",0.767509,"Correct","Correct","Correct","Correct"
"practice",52,"7_8_stimuli","7_8","Incongruent","Congruent","Incongruent","Congruent",103.999055,104.199054,"8*",0.879599,"Correct","Correct","Correct","Correct"
"practice",53,"1_2_stimuli","1_2","Incongruent","Incongruent","Congruent","Incongruent",105.999037,106.19904,"2@",0.576023,"Correct","Correct","Correct","Correct"
"practice",54,"3_4_stimuli","3_3","Congruent","Incongruent","Incongruent","Congruent",107.999018,108.199023,"3#",0.544138,"Correct","Correct","Correct","Correct"
"practice",55,"5_6_stimuli","6_6","Congruent","Congruent","Incongruent","Incongruent",109.99901,110.199011,"6^",0.928227,"Correct","Correct","Correct","Correct"
"practice",56,"7_8_stimuli","7_7","Congruent","Congruent","Congruent","Incongruent",111.998991,112.198993,"7&",0.38419,"Correct","Correct","Correct","Correct"
"practice",57,"1_2_stimuli","2_2","Congruent","Congruent","Congruent","Congruent",113.998982,114.198963,"2@",0.54398,"Correct","Correct","Correct","Correct"
"practice",58,"3_4_stimuli","3_4","Incongruent","Congruent","Congruent","Congruent",115.998962,116.198946,"4$",0.848754,"Correct","Correct","Correct","Correct"
"practice",59,"5_6_stimuli","5_5","Congruent","Incongruent","Congruent","Congruent",117.99893,118.198932,"5%",1.072287,"Correct","Correct","Correct","Correct"
"practice",60,"7_8_stimuli","8_8","Congruent","Congruent","Incongruent","Congruent",119.998923,120.198924,"8*",0.928077,"Correct","Correct","Correct","Correct"
"practice",61,"1_2_stimuli","2_2","Congruent","Congruent","Congruent","Incongruent",121.998902,122.198899,"2@",0.687691,"Correct","Correct","Correct","Correct"
"practice",62,"3_4_stimuli","4_4","Congruent","Congruent","Congruent","Congruent",123.998885,124.198882,"4$",1.104533,"Correct","Correct","Correct","Correct"
"practice",63,"5_6_stimuli","5_6","Incongruent","Congruent","Congruent","Congruent",125.998861,126.198865,"6^",0.848109,"Correct","Correct","Correct","Correct"
"practice",64,"7_8_stimuli","7_7","Congruent","Incongruent","Congruent","Congruent",127.998845,128.198839,"7&",0.399925,"Correct","Correct","Correct","Correct"
"practice",65,"1_2_stimuli","1_2","Incongruent","Congruent","Incongruent","Congruent",129.998825,130.19882,"Omission",5000,"Omission","Correct","Correct","Correct"
"practice",66,"3_4_stimuli","4_4","Congruent","Incongruent","Congruent","Incongruent",131.998807,132.198811,"4$",0.879742,"Correct","Omission","Correct","Correct"
"practice",67,"5_6_stimuli","6_5","Incongruent","Congruent","Incongruent","Congruent",133.998793,134.198787,"5%",0.928563,"Correct","Correct","Omission","Correct"
"practice",68,"7_8_stimuli","7_8","Incongruent","Incongruent","Congruent","Incongruent",135.998773,136.198773,"8*",0.91239,"Correct","Correct","Correct","Omission"
"1",1,"1_2_stimuli","2_1","Incongruent",NA,NA,NA,1.999989,2.199985,"1!",0.949933,"Correct",NA,NA,NA
"1",2,"3_4_stimuli","4_4","Congruent","Incongruent",NA,NA,3.999975,4.19997,"4$",0.90146,"Correct","Correct",NA,NA
"1",3,"5_6_stimuli","6_5","Incongruent","Congruent","Incongruent",NA,5.999953,6.199949,"5%",0.598422,"Correct","Correct","Correct",NA
"1",4,"7_8_stimuli","7_7","Congruent","Incongruent","Congruent","Incongruent",7.999933,8.199928,"7&",0.709493,"Correct","Correct","Correct","Correct"
"1",5,"1_2_stimuli","1_1","Congruent","Congruent","Incongruent","Congruent",9.999915,10.199916,"1!",0.550185,"Correct","Correct","Correct","Correct"
"1",6,"3_4_stimuli","3_3","Congruent","Congruent","Congruent","Incongruent",11.999896,12.199896,"3#",0.661522,"Correct","Correct","Correct","Correct"
"1",7,"5_6_stimuli","5_5","Congruent","Congruent","Congruent","Congruent",13.999886,14.199877,"5%",0.949472,"Correct","Correct","Correct","Correct"
"1",8,"7_8_stimuli","8_7","Incongruent","Congruent","Congruent","Congruent",15.99986,16.19986,"7&",0.997518,"Correct","Correct","Correct","Correct"
"1",9,"1_2_stimuli","1_2","Incongruent","Incongruent","Congruent","Congruent",17.99985,18.199843,"2@",0.630188,"Correct","Correct","Correct","Correct"
"1",10,"3_4_stimuli","3_4","Incongruent","Incongruent","Incongruent","Congruent",19.99983,20.199822,"4$",0.853611,"Correct","Correct","Correct","Correct"
"1",11,"5_6_stimuli","5_6","Incongruent","Incongruent","Incongruent","Incongruent",21.999804,22.199804,"6^",1.029922,"Correct","Correct","Correct","Correct"
"1",12,"7_8_stimuli","7_8","Incongruent","Incongruent","Incongruent","Incongruent",23.999788,24.199786,"7&",0.646033,"Error","Correct","Correct","Correct"
"1",13,"1_2_stimuli","2_2","Congruent","Incongruent","Incongruent","Incongruent",25.999778,26.199769,"2@",0.789621,"Correct","Error","Correct","Correct"
"1",14,"3_4_stimuli","4_4","Congruent","Congruent","Incongruent","Incongruent",27.999747,28.199742,"4$",0.85398,"Correct","Correct","Error","Correct"
"1",15,"5_6_stimuli","6_6","Congruent","Congruent","Congruent","Incongruent",29.999725,30.199729,"6^",1.189627,"Correct","Correct","Correct","Error"
"1",16,"7_8_stimuli","8_8","Congruent","Congruent","Congruent","Congruent",31.999724,32.19971,"8*",0.757825,"Correct","Correct","Correct","Correct"
"1",17,"1_2_stimuli","2_1","Incongruent","Congruent","Congruent","Congruent",33.999695,34.199694,"1!",0.613668,"Correct","Correct","Correct","Correct"
"1",18,"3_4_stimuli","4_4","Congruent","Incongruent","Congruent","Congruent",35.999683,36.199679,"4$",0.870405,"Correct","Correct","Correct","Correct"
"1",19,"5_6_stimuli","5_6","Incongruent","Congruent","Incongruent","Congruent",37.999664,38.199654,"6^",0.965706,"Correct","Correct","Correct","Correct"
"1",20,"7_8_stimuli","7_8","Incongruent","Incongruent","Congruent","Incongruent",39.999643,40.199638,"8*",0.710076,"Correct","Correct","Correct","Correct"
"1",21,"1_2_stimuli","2_2","Congruent","Incongruent","Incongruent","Congruent",41.999627,42.199619,"2@",0.630158,"Correct","Correct","Correct","Correct"
"1",22,"3_4_stimuli","3_4","Incongruent","Congruent","Incongruent","Incongruent",43.999606,44.199603,"4$",1.030415,"Correct","Correct","Correct","Correct"
"1",23,"5_6_stimuli","5_6","Incongruent","Incongruent","Congruent","Incongruent",45.999592,46.199587,"6^",0.758381,"Correct","Correct","Correct","Correct"
"1",24,"7_8_stimuli","7_7","Congruent","Incongruent","Incongruent","Congruent",47.999565,48.199575,"7&",0.485783,"Correct","Correct","Correct","Correct"
"1",25,"1_2_stimuli","2_1","Incongruent","Congruent","Incongruent","Incongruent",49.999548,50.199559,"1!",0.566236,"Correct","Correct","Correct","Correct"
"1",26,"3_4_stimuli","3_3","Congruent","Incongruent","Congruent","Incongruent",51.999539,52.199535,"3#",0.646202,"Correct","Correct","Correct","Correct"
"1",27,"5_6_stimuli","6_6","Congruent","Congruent","Incongruent","Congruent",53.999525,54.199519,"6^",1.285844,"Correct","Correct","Correct","Correct"
"1",28,"7_8_stimuli","8_7","Incongruent","Congruent","Congruent","Incongruent",55.999494,56.199498,"7&",0.694365,"Correct","Correct","Correct","Correct"
"1",29,"1_2_stimuli","2_2","Congruent","Incongruent","Congruent","Congruent",57.999474,58.199476,"2@",0.51941,"Correct","Correct","Correct","Correct"
"1",30,"3_4_stimuli","3_3","Congruent","Congruent","Incongruent","Congruent",59.999465,60.199453,"3#",0.582449,"Correct","Correct","Correct","Correct"
"1",31,"5_6_stimuli","6_5","Incongruent","Congruent","Congruent","Incongruent",61.999443,62.199439,"5%",0.837876,"Correct","Correct","Correct","Correct"
"1",32,"7_8_stimuli","8_7","Incongruent","Incongruent","Congruent","Congruent",63.999425,64.199423,"7&",0.854363,"Correct","Correct","Correct","Correct"
"1",33,"1_2_stimuli","1_2","Incongruent","Incongruent","Incongruent","Congruent",65.9994,66.199409,"2@",0.789919,"Correct","Correct","Correct","Correct"
"1",34,"3_4_stimuli","4_3","Incongruent","Incongruent","Incongruent","Incongruent",67.999383,68.199387,"3#",0.741896,"Correct","Correct","Correct","Correct"
"1",35,"5_6_stimuli","5_5","Congruent","Incongruent","Incongruent","Incongruent",69.999373,70.199365,"5%",0.934407,"Correct","Correct","Correct","Correct"
"1",36,"7_8_stimuli","7_8","Incongruent","Congruent","Incongruent","Incongruent",71.999356,72.199344,"8*",0.645957,"Correct","Correct","Correct","Correct"
"1",37,"1_2_stimuli","1_1","Congruent","Incongruent","Congruent","Incongruent",73.999342,74.199334,"1!",0.550297,"Correct","Correct","Correct","Correct"
"1",38,"3_4_stimuli","4_3","Incongruent","Congruent","Incongruent","Congruent",75.999312,76.199315,"3#",0.614031,"Correct","Correct","Correct","Correct"
"1",39,"5_6_stimuli","6_6","Congruent","Incongruent","Congruent","Incongruent",77.999293,78.199298,"7&",0.662092,"Error","Correct","Correct","Correct"
"1",40,"7_8_stimuli","8_7","Incongruent","Congruent","Incongruent","Congruent",79.999283,80.199276,"7&",0.582183,"Correct","Error","Correct","Correct"
"1",41,"1_2_stimuli","1_2","Incongruent","Incongruent","Congruent","Incongruent",81.99926,82.199254,"2@",0.630679,"Correct","Correct","Error","Correct"
"1",42,"3_4_stimuli","3_3","Congruent","Incongruent","Incongruent","Congruent",83.999246,84.19924,"3#",0.566492,"Correct","Correct","Correct","Error"
"1",43,"5_6_stimuli","5_5","Congruent","Congruent","Incongruent","Incongruent",85.999222,86.199216,"5%",0.838525,"Correct","Correct","Correct","Correct"
"1",44,"7_8_stimuli","7_7","Congruent","Congruent","Congruent","Incongruent",87.999204,88.199207,"7&",1.22207,"Correct","Correct","Correct","Correct"
"1",45,"1_2_stimuli","2_2","Congruent","Congruent","Congruent","Congruent",89.999186,90.199177,"2@",0.583412,"Correct","Correct","Correct","Correct"
"1",46,"3_4_stimuli","4_3","Incongruent","Congruent","Congruent","Congruent",91.999169,92.199166,"3#",0.550122,"Correct","Correct","Correct","Correct"
"1",47,"5_6_stimuli","6_6","Congruent","Incongruent","Congruent","Congruent",93.999159,94.199158,"5%",0.918246,"Error","Correct","Correct","Correct"
"1",48,"7_8_stimuli","8_8","Congruent","Congruent","Incongruent","Congruent",95.99913,96.199127,"8*",0.774539,"Correct","Error","Correct","Correct"
"1",49,"1_2_stimuli","1_2","Incongruent","Congruent","Congruent","Incongruent",97.99911,98.199116,"2@",0.854737,"Correct","Correct","Error","Correct"
"1",50,"3_4_stimuli","4_3","Incongruent","Incongruent","Congruent","Congruent",99.999099,100.199093,"3#",0.662638,"Correct","Correct","Correct","Error"
"1",51,"5_6_stimuli","5_5","Congruent","Incongruent","Incongruent","Congruent",101.999074,102.199074,"5%",0.854227,"Correct","Correct","Correct","Correct"
"1",52,"7_8_stimuli","8_8","Congruent","Congruent","Incongruent","Incongruent",103.999062,104.199058,"8*",0.694213,"Correct","Correct","Correct","Correct"
"1",53,"1_2_stimuli","1_1","Congruent","Congruent","Congruent","Incongruent",105.999042,106.199044,"1!",0.615006,"Correct","Correct","Correct","Correct"
"1",54,"3_4_stimuli","4_4","Congruent","Congruent","Congruent","Congruent",107.999027,108.199021,"4$",0.902845,"Correct","Correct","Correct","Correct"
"1",55,"5_6_stimuli","6_5","Incongruent","Congruent","Congruent","Congruent",109.998998,110.198999,"5%",0.64624,"Correct","Correct","Correct","Correct"
"1",56,"7_8_stimuli","8_8","Congruent","Incongruent","Congruent","Congruent",111.99899,112.198987,"8*",0.694286,"Correct","Correct","Correct","Correct"
"1",57,"1_2_stimuli","2_1","Incongruent","Congruent","Incongruent","Congruent",113.998963,114.198958,"1!",0.630602,"Correct","Correct","Correct","Correct"
"1",58,"3_4_stimuli","3_4","Incongruent","Incongruent","Congruent","Incongruent",115.998954,116.198958,"4$",0.902524,"Correct","Correct","Correct","Correct"
"1",59,"5_6_stimuli","6_5","Incongruent","Incongruent","Incongruent","Congruent",117.99893,118.198923,"5%",0.726862,"Correct","Correct","Correct","Correct"
"1",60,"7_8_stimuli","7_7","Congruent","Incongruent","Incongruent","Incongruent",119.998907,120.198915,"7&",0.710356,"Correct","Correct","Correct","Correct"
"1",61,"1_2_stimuli","1_1","Congruent","Congruent","Incongruent","Incongruent",121.9989,122.198901,"1!",0.56707,"Correct","Correct","Correct","Correct"
"1",62,"3_4_stimuli","3_4","Incongruent","Congruent","Congruent","Incongruent",123.998877,124.198871,"4$",0.902893,"Correct","Correct","Correct","Correct"
"1",63,"5_6_stimuli","6_5","Incongruent","Incongruent","Congruent","Congruent",125.998867,126.198862,"5%",0.870437,"Correct","Correct","Correct","Correct"
"1",64,"7_8_stimuli","7_8","Incongruent","Incongruent","Incongruent","Congruent",127.998842,128.19884,"8*",0.759148,"Correct","Correct","Correct","Correct"
"1",65,"1_2_stimuli","2_1","Incongruent","Incongruent","Incongruent","Incongruent",129.998825,130.198833,"1!",0.583227,"Correct","Correct","Correct","Correct"
"1",66,"3_4_stimuli","4_4","Congruent","Incongruent","Incongruent","Incongruent",131.998803,132.198805,"Omission",5000,"Omission","Correct","Correct","Correct"
"1",67,"5_6_stimuli","5_6","Incongruent","Congruent","Incongruent","Incongruent",133.998791,134.198783,"6^",1.462796,"Correct","Omission","Correct","Correct"
"1",68,"7_8_stimuli","7_7","Congruent","Incongruent","Congruent","Incongruent",135.998765,136.198777,"7&",0.551186,"Correct","Correct","Omission","Correct"
"2",1,"1_2_stimuli","1_2","Incongruent",NA,NA,NA,1.999984,2.199984,"2@",0.78252,"Correct",NA,NA,NA
"2",2,"3_4_stimuli","4_4","Congruent","Incongruent",NA,NA,3.999961,4.199961,"4$",1.071044,"Correct","Correct",NA,NA
"2",3,"5_6_stimuli","6_5","Incongruent","Congruent","Incongruent",NA,5.999947,6.199948,"5%",0.510884,"Correct","Correct","Correct",NA
"2",4,"7_8_stimuli","8_7","Incongruent","Incongruent","Congruent","Incongruent",7.999933,8.199923,"7&",0.782515,"Correct","Correct","Correct","Correct"
"2",5,"1_2_stimuli","1_1","Congruent","Incongruent","Incongruent","Congruent",9.999905,10.199915,"1!",0.479285,"Correct","Correct","Correct","Correct"
"2",6,"3_4_stimuli","4_3","Incongruent","Congruent","Incongruent","Incongruent",11.999896,12.199895,"3#",0.670902,"Correct","Correct","Correct","Correct"
"2",7,"5_6_stimuli","5_6","Incongruent","Incongruent","Congruent","Incongruent",13.999882,14.199874,"6^",0.814884,"Correct","Correct","Correct","Correct"
"2",8,"7_8_stimuli","7_8","Incongruent","Incongruent","Incongruent","Congruent",15.999867,16.199854,"8*",0.959302,"Correct","Correct","Correct","Correct"
"2",9,"1_2_stimuli","2_1","Incongruent","Incongruent","Incongruent","Incongruent",17.999841,18.199838,"1!",0.558646,"Correct","Correct","Correct","Correct"
"2",10,"3_4_stimuli","4_3","Incongruent","Incongruent","Incongruent","Incongruent",19.999825,20.199822,"3#",0.735308,"Correct","Correct","Correct","Correct"
"2",11,"5_6_stimuli","5_6","Incongruent","Incongruent","Incongruent","Incongruent",21.999801,22.199808,"5%",0.975306,"Error","Correct","Correct","Correct"
"2",12,"7_8_stimuli","8_8","Congruent","Incongruent","Incongruent","Incongruent",23.999791,24.199783,"7&",0.831127,"Error","Error","Correct","Correct"
"2",13,"1_2_stimuli","2_1","Incongruent","Congruent","Incongruent","Incongruent",25.99977,26.199757,"1!",0.559068,"Correct","Error","Error","Correct"
"2",14,"3_4_stimuli","4_4","Congruent","Incongruent","Congruent","Incongruent",27.999747,28.199744,"4$",0.894785,"Correct","Correct","Error","Error"
"2",15,"5_6_stimuli","6_6","Congruent","Congruent","Incongruent","Congruent",29.999736,30.199729,"6^",1.135259,"Correct","Correct","Correct","Error"
"2",16,"7_8_stimuli","8_7","Incongruent","Congruent","Congruent","Incongruent",31.999716,32.199709,"7&",0.846751,"Correct","Correct","Correct","Correct"
"2",17,"1_2_stimuli","2_2","Congruent","Incongruent","Congruent","Congruent",33.9997,34.199693,"2@",0.575311,"Correct","Correct","Correct","Correct"
"2",18,"3_4_stimuli","3_4","Incongruent","Congruent","Incongruent","Congruent",35.999684,36.19967,"4$",0.990771,"Correct","Correct","Correct","Correct"
"2",19,"5_6_stimuli","6_6","Congruent","Incongruent","Congruent","Incongruent",37.999662,38.199663,"6^",1.16749,"Correct","Correct","Correct","Correct"
"2",20,"7_8_stimuli","8_8","Congruent","Congruent","Incongruent","Congruent",39.999649,40.199657,"8*",0.68713,"Correct","Correct","Correct","Correct"
"2",21,"1_2_stimuli","1_2","Incongruent","Congruent","Congruent","Incongruent",41.999622,42.199623,"Omission",5000,"Omission","Correct","Correct","Correct"
"2",22,"3_4_stimuli","3_3","Congruent","Incongruent","Congruent","Congruent",43.999597,44.199608,"3#",0.52716,"Correct","Omission","Correct","Correct"
"2",23,"5_6_stimuli","5_6","Incongruent","Congruent","Incongruent","Congruent",45.999587,46.199582,"6^",0.959451,"Correct","Correct","Omission","Correct"
"2",24,"7_8_stimuli","7_7","Congruent","Incongruent","Congruent","Incongruent",47.99957,48.199564,"7&",0.862976,"Correct","Correct","Correct","Omission"
"2",25,"1_2_stimuli","2_1","Incongruent","Congruent","Incongruent","Congruent",49.999544,50.199543,"1!",0.639597,"Correct","Correct","Correct","Correct"
"2",26,"3_4_stimuli","3_4","Incongruent","Incongruent","Congruent","Incongruent",51.999536,52.199529,"4$",1.087321,"Correct","Correct","Correct","Correct"
"2",27,"5_6_stimuli","5_5","Congruent","Incongruent","Incongruent","Congruent",53.999512,54.199514,"5%",0.73489,"Correct","Correct","Correct","Correct"
"2",28,"7_8_stimuli","8_8","Congruent","Congruent","Incongruent","Incongruent",55.999494,56.199495,"8*",0.719668,"Correct","Correct","Correct","Correct"
"2",29,"1_2_stimuli","1_1","Congruent","Congruent","Congruent","Incongruent",57.999471,58.199477,"1!",0.575211,"Correct","Correct","Correct","Correct"
"2",30,"3_4_stimuli","4_3","Incongruent","Congruent","Congruent","Congruent",59.999458,60.199456,"3#",0.623474,"Correct","Correct","Correct","Correct"
"2",31,"5_6_stimuli","5_6","Incongruent","Incongruent","Congruent","Congruent",61.999442,62.199434,"6^",0.94354,"Correct","Correct","Correct","Correct"
"2",32,"7_8_stimuli","7_7","Congruent","Incongruent","Incongruent","Congruent",63.999414,64.199414,"7&",0.415661,"Correct","Correct","Correct","Correct"
"2",33,"1_2_stimuli","2_2","Congruent","Congruent","Incongruent","Incongruent",65.999399,66.199394,"2@",0.575659,"Correct","Correct","Correct","Correct"
"2",34,"3_4_stimuli","3_3","Congruent","Congruent","Congruent","Incongruent",67.999381,68.199375,"3#",0.559048,"Correct","Correct","Correct","Correct"
"2",35,"5_6_stimuli","5_5","Congruent","Congruent","Congruent","Congruent",69.999368,70.199362,"5%",0.943041,"Correct","Correct","Correct","Correct"
"2",36,"7_8_stimuli","7_8","Incongruent","Congruent","Congruent","Congruent",71.999349,72.199341,"8*",0.719301,"Correct","Correct","Correct","Correct"
"2",37,"1_2_stimuli","1_2","Incongruent","Incongruent","Congruent","Congruent",73.999327,74.199328,"2@",0.511116,"Correct","Correct","Correct","Correct"
"2",38,"3_4_stimuli","4_4","Congruent","Incongruent","Incongruent","Congruent",75.999316,76.199308,"4$",0.831152,"Correct","Correct","Correct","Correct"
"2",39,"5_6_stimuli","6_5","Incongruent","Congruent","Incongruent","Incongruent",77.9993,78.199294,"5%",0.81542,"Correct","Correct","Correct","Correct"
"2",40,"7_8_stimuli","7_8","Incongruent","Incongruent","Congruent","Incongruent",79.99927,80.19928,"8*",0.655175,"Correct","Correct","Correct","Correct"
"2",41,"1_2_stimuli","2_1","Incongruent","Incongruent","Incongruent","Congruent",81.999259,82.199255,"1!",0.575574,"Correct","Correct","Correct","Correct"
"2",42,"3_4_stimuli","4_4","Congruent","Incongruent","Incongruent","Incongruent",83.99924,84.199233,"4$",0.767622,"Correct","Correct","Correct","Correct"
"2",43,"5_6_stimuli","5_5","Congruent","Congruent","Incongruent","Incongruent",85.999217,86.199212,"5%",0.655539,"Correct","Correct","Correct","Correct"
"2",44,"7_8_stimuli","7_7","Congruent","Congruent","Congruent","Incongruent",87.999208,88.199195,"7&",0.863851,"Correct","Correct","Correct","Correct"
"2",45,"1_2_stimuli","1_1","Congruent","Congruent","Congruent","Congruent",89.999181,90.199178,"1!",0.655701,"Correct","Correct","Correct","Correct"
"2",46,"3_4_stimuli","3_3","Congruent","Congruent","Congruent","Congruent",91.999172,92.199166,"3#",0.719524,"Correct","Correct","Correct","Correct"
"2",47,"5_6_stimuli","6_5","Incongruent","Congruent","Congruent","Congruent",93.999152,94.199151,"5%",0.703737,"Correct","Correct","Correct","Correct"
"2",48,"7_8_stimuli","8_8","Congruent","Incongruent","Congruent","Congruent",95.999126,96.199121,"8*",0.671825,"Correct","Correct","Correct","Correct"
"2",49,"1_2_stimuli","2_2","Congruent","Congruent","Incongruent","Congruent",97.999111,98.199108,"2@",0.640006,"Correct","Correct","Correct","Correct"
"2",50,"3_4_stimuli","3_4","Incongruent","Congruent","Congruent","Incongruent",99.999087,100.199089,"3#",1.471632,"Error","Correct","Correct","Correct"
"2",51,"5_6_stimuli","6_6","Congruent","Incongruent","Congruent","Congruent",101.999075,102.199077,"6^",1.087309,"Correct","Error","Correct","Correct"
"2",52,"7_8_stimuli","8_7","Incongruent","Congruent","Incongruent","Congruent",103.999061,104.199056,"7&",0.847344,"Correct","Correct","Error","Correct"
"2",53,"1_2_stimuli","1_2","Incongruent","Incongruent","Congruent","Incongruent",105.999035,106.199033,"2@",0.639771,"Correct","Correct","Correct","Error"
"2",54,"3_4_stimuli","4_3","Incongruent","Incongruent","Incongruent","Congruent",107.999023,108.199017,"3#",0.671788,"Correct","Correct","Correct","Correct"
"2",55,"5_6_stimuli","5_5","Congruent","Incongruent","Incongruent","Incongruent",109.999002,110.199003,"5%",0.991323,"Correct","Correct","Correct","Correct"
"2",56,"7_8_stimuli","8_7","Incongruent","Congruent","Incongruent","Incongruent",111.998965,112.198977,"7&",0.847429,"Correct","Correct","Correct","Correct"
"2",57,"1_2_stimuli","1_1","Congruent","Incongruent","Congruent","Incongruent",113.998964,114.198961,"1!",0.495407,"Correct","Correct","Correct","Correct"
"2",58,"3_4_stimuli","3_3","Congruent","Congruent","Incongruent","Congruent",115.998946,116.198948,"3#",1.039881,"Correct","Correct","Correct","Correct"
"2",59,"5_6_stimuli","6_6","Congruent","Congruent","Congruent","Incongruent",117.998931,118.198922,"6^",0.784068,"Correct","Correct","Correct","Correct"
"2",60,"7_8_stimuli","7_7","Congruent","Congruent","Congruent","Congruent",119.998911,120.198909,"7&",0.543692,"Correct","Correct","Correct","Correct"
"2",61,"1_2_stimuli","1_2","Incongruent","Congruent","Congruent","Congruent",121.998884,122.198891,"2@",0.703417,"Correct","Correct","Correct","Correct"
"2",62,"3_4_stimuli","3_4","Incongruent","Incongruent","Congruent","Congruent",123.998875,124.19887,"4$",1.119523,"Correct","Correct","Correct","Correct"
"2",63,"5_6_stimuli","6_5","Incongruent","Incongruent","Incongruent","Congruent",125.998852,126.19885,"5%",0.591508,"Correct","Correct","Correct","Correct"
"2",64,"7_8_stimuli","7_8","Incongruent","Incongruent","Incongruent","Incongruent",127.998839,128.198831,"8*",0.863978,"Correct","Correct","Correct","Correct"
"2",65,"1_2_stimuli","2_2","Congruent","Incongruent","Incongruent","Incongruent",129.998816,130.198818,"2@",0.688212,"Correct","Correct","Correct","Correct"
"2",66,"3_4_stimuli","4_4","Congruent","Congruent","Incongruent","Incongruent",131.998806,132.198793,"4$",1.039889,"Correct","Correct","Correct","Correct"
"2",67,"5_6_stimuli","6_5","Incongruent","Congruent","Congruent","Incongruent",133.998784,134.19878,"5%",0.831612,"Correct","Correct","Correct","Correct"
"2",68,"7_8_stimuli","8_7","Incongruent","Incongruent","Congruent","Congruent",135.998769,136.198754,"7&",0.911992,"Correct","Correct","Correct","Correct"
"3",1,"1_2_stimuli","1_2","Incongruent",NA,NA,NA,1.99999,2.199993,"2@",0.926401,"Correct",NA,NA,NA
"3",2,"3_4_stimuli","3_4","Incongruent","Incongruent",NA,NA,3.999968,4.199969,"4$",0.990598,"Correct","Correct",NA,NA
"3",3,"5_6_stimuli","5_6","Incongruent","Incongruent","Incongruent",NA,5.999944,6.199944,"6^",0.894801,"Correct","Correct","Correct",NA
"3",4,"7_8_stimuli","8_8","Congruent","Incongruent","Incongruent","Incongruent",7.999929,8.199934,"8*",0.75111,"Correct","Correct","Correct","Correct"
"3",5,"1_2_stimuli","2_2","Congruent","Congruent","Incongruent","Incongruent",9.999917,10.199913,"2@",0.606361,"Correct","Correct","Correct","Correct"
"3",6,"3_4_stimuli","4_3","Incongruent","Congruent","Congruent","Incongruent",11.99989,12.199891,"3#",0.830531,"Correct","Correct","Correct","Correct"
"3",7,"5_6_stimuli","6_5","Incongruent","Incongruent","Congruent","Congruent",13.999878,14.199883,"5%",1.070887,"Correct","Correct","Correct","Correct"
"3",8,"7_8_stimuli","8_8","Congruent","Incongruent","Incongruent","Congruent",15.999857,16.199857,"8*",0.766423,"Correct","Correct","Correct","Correct"
"3",9,"1_2_stimuli","2_1","Incongruent","Congruent","Incongruent","Incongruent",17.999842,18.199841,"1!",0.5109,"Correct","Correct","Correct","Correct"
"3",10,"3_4_stimuli","4_4","Congruent","Incongruent","Congruent","Incongruent",19.999816,20.199828,"4$",1.070777,"Correct","Correct","Correct","Correct"
"3",11,"5_6_stimuli","6_6","Congruent","Congruent","Incongruent","Congruent",21.999797,22.199797,"6^",0.831072,"Correct","Correct","Correct","Correct"
"3",12,"7_8_stimuli","7_8","Incongruent","Congruent","Congruent","Incongruent",23.999793,24.199789,"8*",0.68728,"Correct","Correct","Correct","Correct"
"3",13,"1_2_stimuli","1_1","Congruent","Incongruent","Congruent","Congruent",25.99976,26.199762,"1!",0.526676,"Correct","Correct","Correct","Correct"
"3",14,"3_4_stimuli","4_4","Congruent","Congruent","Incongruent","Congruent",27.999744,28.199741,"4$",0.702622,"Correct","Correct","Correct","Correct"
"3",15,"5_6_stimuli","5_6","Incongruent","Congruent","Congruent","Incongruent",29.999729,30.199732,"5%",0.92661,"Error","Correct","Correct","Correct"
"3",16,"7_8_stimuli","8_8","Congruent","Incongruent","Congruent","Congruent",31.999711,32.199721,"8*",0.575099,"Correct","Error","Correct","Correct"
"3",17,"1_2_stimuli","1_2","Incongruent","Congruent","Incongruent","Congruent",33.999699,34.199695,"2@",0.574564,"Correct","Correct","Error","Correct"
"3",18,"3_4_stimuli","3_4","Incongruent","Incongruent","Congruent","Incongruent",35.999686,36.19968,"4$",0.814597,"Correct","Correct","Correct","Error"
"3",19,"5_6_stimuli","6_5","Incongruent","Incongruent","Incongruent","Congruent",37.999662,38.199663,"5%",0.607236,"Correct","Correct","Correct","Correct"
"3",20,"7_8_stimuli","8_7","Incongruent","Incongruent","Incongruent","Incongruent",39.999642,40.199641,"7&",0.495135,"Correct","Correct","Correct","Correct"
"3",21,"1_2_stimuli","2_2","Congruent","Incongruent","Incongruent","Incongruent",41.999631,42.199629,"2@",0.527436,"Correct","Correct","Correct","Correct"
"3",22,"3_4_stimuli","3_4","Incongruent","Congruent","Incongruent","Incongruent",43.999611,44.199606,"4$",0.751427,"Correct","Correct","Correct","Correct"
"3",23,"5_6_stimuli","6_6","Congruent","Incongruent","Congruent","Incongruent",45.999588,46.199588,"6^",0.750624,"Correct","Correct","Correct","Correct"
"3",24,"7_8_stimuli","8_7","Incongruent","Congruent","Incongruent","Congruent",47.999572,48.199567,"7&",0.479136,"Correct","Correct","Correct","Correct"
"3",25,"1_2_stimuli","1_1","Congruent","Incongruent","Congruent","Incongruent",49.999547,50.199553,"1!",0.495359,"Correct","Correct","Correct","Correct"
"3",26,"3_4_stimuli","4_3","Incongruent","Congruent","Incongruent","Congruent",51.999532,52.199522,"3#",0.654715,"Correct","Correct","Correct","Correct"
"3",27,"5_6_stimuli","6_5","Incongruent","Incongruent","Congruent","Incongruent",53.999512,54.199511,"5%",0.863116,"Correct","Correct","Correct","Correct"
"3",28,"7_8_stimuli","7_8","Incongruent","Incongruent","Incongruent","Congruent",55.999489,56.199498,"8*",0.575528,"Correct","Correct","Correct","Correct"
"3",29,"1_2_stimuli","2_1","Incongruent","Incongruent","Incongruent","Incongruent",57.99947,58.199466,"1!",0.57584,"Correct","Correct","Correct","Correct"
"3",30,"3_4_stimuli","3_3","Congruent","Incongruent","Incongruent","Incongruent",59.999452,60.199463,"3#",0.783866,"Correct","Correct","Correct","Correct"
"3",31,"5_6_stimuli","6_6","Congruent","Congruent","Incongruent","Incongruent",61.999436,62.199449,"6^",0.846968,"Correct","Correct","Correct","Correct"
"3",32,"7_8_stimuli","8_8","Congruent","Congruent","Congruent","Incongruent",63.999418,64.199422,"8*",0.591193,"Correct","Correct","Correct","Correct"
"3",33,"1_2_stimuli","1_2","Incongruent","Congruent","Congruent","Congruent",65.999408,66.199392,"2@",0.527238,"Correct","Correct","Correct","Correct"
"3",34,"3_4_stimuli","3_4","Incongruent","Incongruent","Congruent","Congruent",67.999388,68.199377,"4$",0.686858,"Correct","Correct","Correct","Correct"
"3",35,"5_6_stimuli","5_5","Congruent","Incongruent","Incongruent","Congruent",69.999371,70.199363,"5%",0.670887,"Correct","Correct","Correct","Correct"
"3",36,"7_8_stimuli","7_7","Congruent","Congruent","Incongruent","Incongruent",71.999356,72.199343,"7&",0.558846,"Correct","Correct","Correct","Correct"
"3",37,"1_2_stimuli","2_1","Incongruent","Congruent","Congruent","Incongruent",73.999331,74.199339,"1!",0.47954,"Correct","Correct","Correct","Correct"
"3",38,"3_4_stimuli","3_3","Congruent","Incongruent","Congruent","Congruent",75.99931,76.199309,"3#",0.511263,"Correct","Correct","Correct","Correct"
"3",39,"5_6_stimuli","5_6","Incongruent","Congruent","Incongruent","Congruent",77.9993,78.199285,"6^",0.847005,"Correct","Correct","Correct","Correct"
"3",40,"7_8_stimuli","8_7","Incongruent","Incongruent","Congruent","Incongruent",79.999273,80.19927,"7&",0.495089,"Correct","Correct","Correct","Correct"
"3",41,"1_2_stimuli","2_2","Congruent","Incongruent","Incongruent","Congruent",81.999252,82.199246,"2@",0.495674,"Correct","Correct","Correct","Correct"
"3",42,"3_4_stimuli","4_4","Congruent","Congruent","Incongruent","Incongruent",83.999235,84.199245,"4$",0.527496,"Correct","Correct","Correct","Correct"
"3",43,"5_6_stimuli","5_5","Congruent","Congruent","Congruent","Incongruent",85.999225,86.199223,"5%",0.351476,"Correct","Correct","Correct","Correct"
"3",44,"7_8_stimuli","8_8","Congruent","Congruent","Congruent","Congruent",87.999205,88.199203,"8*",0.57497,"Correct","Correct","Correct","Correct"
"3",45,"1_2_stimuli","1_1","Congruent","Congruent","Congruent","Congruent",89.999189,90.199181,"1!",0.511432,"Correct","Correct","Correct","Correct"
"3",46,"3_4_stimuli","4_3","Incongruent","Congruent","Congruent","Congruent",91.999176,92.199157,"3#",0.879491,"Correct","Correct","Correct","Correct"
"3",47,"5_6_stimuli","5_5","Congruent","Incongruent","Congruent","Congruent",93.999147,94.199148,"5%",0.767589,"Correct","Correct","Correct","Correct"
"3",48,"7_8_stimuli","7_7","Congruent","Congruent","Incongruent","Congruent",95.999134,96.199122,"7&",0.815653,"Correct","Correct","Correct","Correct"
"3",49,"1_2_stimuli","1_1","Congruent","Congruent","Congruent","Incongruent",97.999109,98.199107,"1!",0.479878,"Correct","Correct","Correct","Correct"
"3",50,"3_4_stimuli","3_3","Congruent","Congruent","Congruent","Congruent",99.999094,100.199091,"3#",0.607119,"Correct","Correct","Correct","Correct"
"3",51,"5_6_stimuli","5_5","Congruent","Congruent","Congruent","Congruent",101.999078,102.199074,"5%",0.735752,"Correct","Correct","Correct","Correct"
"3",52,"7_8_stimuli","7_8","Incongruent","Congruent","Congruent","Congruent",103.999058,104.199049,"8*",0.655732,"Correct","Correct","Correct","Correct"
"3",53,"1_2_stimuli","2_1","Incongruent","Incongruent","Congruent","Congruent",105.999034,106.199038,"1!",0.431154,"Correct","Correct","Correct","Correct"
"3",54,"3_4_stimuli","4_3","Incongruent","Incongruent","Incongruent","Congruent",107.999022,108.199016,"3#",0.591132,"Correct","Correct","Correct","Correct"
"3",55,"5_6_stimuli","6_6","Congruent","Incongruent","Incongruent","Incongruent",109.999004,110.198993,"5%",0.991809,"Error","Correct","Correct","Correct"
"3",56,"7_8_stimuli","8_7","Incongruent","Congruent","Incongruent","Incongruent",111.99898,112.198985,"7&",0.703969,"Correct","Error","Correct","Correct"
"3",57,"1_2_stimuli","1_2","Incongruent","Incongruent","Congruent","Incongruent",113.998961,114.19896,"2@",0.735575,"Correct","Correct","Error","Correct"
"3",58,"3_4_stimuli","4_4","Congruent","Incongruent","Incongruent","Congruent",115.998941,116.198944,"4$",0.89574,"Correct","Correct","Correct","Error"
"3",59,"5_6_stimuli","5_6","Incongruent","Congruent","Incongruent","Incongruent",117.998928,118.198929,"6^",1.264,"Correct","Correct","Correct","Correct"
"3",60,"7_8_stimuli","7_7","Congruent","Incongruent","Congruent","Incongruent",119.998913,120.198909,"7&",0.575287,"Correct","Correct","Correct","Correct"
"3",61,"1_2_stimuli","2_2","Congruent","Congruent","Incongruent","Congruent",121.998899,122.198891,"2@",0.783325,"Correct","Correct","Correct","Correct"
"3",62,"3_4_stimuli","3_3","Congruent","Congruent","Congruent","Incongruent",123.998872,124.198869,"3#",0.703765,"Correct","Correct","Correct","Correct"
"3",63,"5_6_stimuli","6_5","Incongruent","Congruent","Congruent","Congruent",125.998859,126.198847,"5%",1.055578,"Correct","Correct","Correct","Correct"
"3",64,"7_8_stimuli","7_8","Incongruent","Incongruent","Congruent","Congruent",127.998838,128.198834,"8*",0.784058,"Correct","Correct","Correct","Correct"
"3",65,"1_2_stimuli","1_2","Incongruent","Incongruent","Incongruent","Congruent",129.998819,130.198813,"2@",0.560001,"Correct","Correct","Correct","Correct"
"3",66,"3_4_stimuli","3_4","Incongruent","Incongruent","Incongruent","Incongruent",131.998794,132.1988,"4$",1.279856,"Correct","Correct","Correct","Correct"
"3",67,"5_6_stimuli","5_6","Incongruent","Incongruent","Incongruent","Incongruent",133.998789,134.198779,"6^",0.75151,"Correct","Correct","Correct","Correct"
"3",68,"7_8_stimuli","7_7","Congruent","Incongruent","Incongruent","Incongruent",135.998765,136.198768,"7&",0.543891,"Correct","Correct","Correct","Correct"
"4",1,"1_2_stimuli","2_1","Incongruent",NA,NA,NA,1.999988,2.199993,"1!",0.882039,"Correct",NA,NA,NA
"4",2,"3_4_stimuli","4_4","Congruent","Incongruent",NA,NA,3.999968,4.19996,"5%",0.89798,"Error","Correct",NA,NA
"4",3,"5_6_stimuli","5_5","Congruent","Congruent","Incongruent",NA,5.999957,6.199951,"5%",0.46606,"Correct","Error","Correct",NA
"4",4,"7_8_stimuli","7_7","Congruent","Congruent","Congruent","Incongruent",7.999934,8.199927,"7&",1.074023,"Correct","Correct","Error","Correct"
"4",5,"1_2_stimuli","1_1","Congruent","Congruent","Congruent","Congruent",9.999912,10.19992,"1!",0.641879,"Correct","Correct","Correct","Error"
"4",6,"3_4_stimuli","4_3","Incongruent","Congruent","Congruent","Congruent",11.999896,12.199898,"3#",0.706219,"Correct","Correct","Correct","Correct"
"4",7,"5_6_stimuli","5_6","Incongruent","Incongruent","Congruent","Congruent",13.999873,14.199876,"7&",0.722207,"Error","Correct","Correct","Correct"
"4",8,"7_8_stimuli","7_7","Congruent","Incongruent","Incongruent","Congruent",15.999865,16.199865,"7&",0.35415,"Correct","Error","Correct","Correct"
"4",9,"1_2_stimuli","2_2","Congruent","Congruent","Incongruent","Incongruent",17.999838,18.199821,"2@",0.594169,"Correct","Correct","Error","Correct"
"4",10,"3_4_stimuli","3_3","Congruent","Congruent","Congruent","Incongruent",19.999811,20.199826,"3#",0.737693,"Correct","Correct","Correct","Error"
"4",11,"5_6_stimuli","5_5","Congruent","Congruent","Congruent","Congruent",21.999799,22.199804,"5%",0.70638,"Correct","Correct","Correct","Correct"
"4",12,"7_8_stimuli","8_7","Incongruent","Congruent","Congruent","Congruent",23.999782,24.199779,"7&",0.770209,"Correct","Correct","Correct","Correct"
"4",13,"1_2_stimuli","2_2","Congruent","Incongruent","Congruent","Congruent",25.999775,26.199764,"2@",0.562142,"Correct","Correct","Correct","Correct"
"4",14,"3_4_stimuli","3_4","Incongruent","Congruent","Incongruent","Congruent",27.99975,28.199752,"4$",0.946119,"Correct","Correct","Correct","Correct"
"4",15,"5_6_stimuli","6_6","Congruent","Incongruent","Congruent","Incongruent",29.999728,30.199728,"6^",0.866095,"Correct","Correct","Correct","Correct"
"4",16,"7_8_stimuli","7_7","Congruent","Congruent","Incongruent","Congruent",31.999708,32.199703,"7&",0.562442,"Correct","Correct","Correct","Correct"
"4",17,"1_2_stimuli","1_2","Incongruent","Congruent","Congruent","Incongruent",33.999696,34.199689,"2@",0.5462,"Correct","Correct","Correct","Correct"
"4",18,"3_4_stimuli","3_4","Incongruent","Incongruent","Congruent","Congruent",35.999676,36.199681,"4$",1.29773,"Correct","Correct","Correct","Correct"
"4",19,"5_6_stimuli","6_6","Congruent","Incongruent","Incongruent","Congruent",37.999663,38.199656,"6^",0.866121,"Correct","Correct","Correct","Correct"
"4",20,"7_8_stimuli","8_8","Congruent","Congruent","Incongruent","Incongruent",39.999638,40.199642,"8*",0.738188,"Correct","Correct","Correct","Correct"
"4",21,"1_2_stimuli","2_2","Congruent","Congruent","Congruent","Incongruent",41.999618,42.199622,"2@",0.514087,"Correct","Correct","Correct","Correct"
"4",22,"3_4_stimuli","4_4","Congruent","Congruent","Congruent","Congruent",43.999599,44.19961,"4$",0.738084,"Correct","Correct","Correct","Correct"
"4",23,"5_6_stimuli","5_6","Incongruent","Congruent","Congruent","Congruent",45.999585,46.19959,"6^",0.914085,"Correct","Correct","Correct","Correct"
"4",24,"7_8_stimuli","8_8","Congruent","Incongruent","Congruent","Congruent",47.999565,48.199567,"8*",0.578628,"Correct","Correct","Correct","Correct"
"4",25,"1_2_stimuli","2_1","Incongruent","Congruent","Incongruent","Congruent",49.999555,50.199543,"1!",0.54582,"Correct","Correct","Correct","Correct"
"4",26,"3_4_stimuli","3_4","Incongruent","Incongruent","Congruent","Incongruent",51.99953,52.199525,"4$",0.721911,"Correct","Correct","Correct","Correct"
"4",27,"5_6_stimuli","6_5","Incongruent","Incongruent","Incongruent","Congruent",53.999516,54.199505,"5%",0.689874,"Correct","Correct","Correct","Correct"
"4",28,"7_8_stimuli","7_8","Incongruent","Incongruent","Incongruent","Incongruent",55.9995,56.199497,"8*",0.689902,"Correct","Correct","Correct","Correct"
"4",29,"1_2_stimuli","1_1","Congruent","Incongruent","Incongruent","Incongruent",57.999474,58.199477,"1!",0.530558,"Correct","Correct","Correct","Correct"
"4",30,"3_4_stimuli","4_3","Incongruent","Congruent","Incongruent","Incongruent",59.999486,60.199456,"3#",0.834218,"Correct","Correct","Correct","Correct"
"4",31,"5_6_stimuli","5_6","Incongruent","Incongruent","Congruent","Incongruent",61.999443,62.199434,"6^",0.802998,"Correct","Correct","Correct","Correct"
"4",32,"7_8_stimuli","8_7","Incongruent","Incongruent","Incongruent","Congruent",63.999417,64.199412,"7&",0.561978,"Correct","Correct","Correct","Correct"
"4",33,"1_2_stimuli","1_2","Incongruent","Incongruent","Incongruent","Incongruent",65.99941,66.199406,"2@",0.514724,"Correct","Correct","Correct","Correct"
"4",34,"3_4_stimuli","3_4","Incongruent","Incongruent","Incongruent","Incongruent",67.99938,68.199378,"4$",0.641995,"Correct","Correct","Correct","Correct"
"4",35,"5_6_stimuli","6_5","Incongruent","Incongruent","Incongruent","Incongruent",69.999365,70.199355,"5%",0.930399,"Correct","Correct","Correct","Correct"
"4",36,"7_8_stimuli","7_7","Congruent","Incongruent","Incongruent","Incongruent",71.999346,72.199343,"7&",0.706077,"Correct","Correct","Correct","Correct"
"4",37,"1_2_stimuli","2_1","Incongruent","Congruent","Incongruent","Incongruent",73.999324,74.199328,"1!",0.530668,"Correct","Correct","Correct","Correct"
"4",38,"3_4_stimuli","3_3","Congruent","Incongruent","Congruent","Incongruent",75.999306,76.199307,"3#",0.642598,"Correct","Correct","Correct","Correct"
"4",39,"5_6_stimuli","6_5","Incongruent","Congruent","Incongruent","Congruent",77.999296,78.199281,"5%",0.882677,"Correct","Correct","Correct","Correct"
"4",40,"7_8_stimuli","7_8","Incongruent","Incongruent","Congruent","Incongruent",79.999277,80.19927,"8*",0.642642,"Correct","Correct","Correct","Correct"
"4",41,"1_2_stimuli","1_2","Incongruent","Incongruent","Incongruent","Congruent",81.999263,82.199254,"2@",0.514569,"Correct","Correct","Correct","Correct"
"4",42,"3_4_stimuli","3_3","Congruent","Incongruent","Incongruent","Incongruent",83.999235,84.199227,"3#",0.866832,"Correct","Correct","Correct","Correct"
"4",43,"5_6_stimuli","5_5","Congruent","Congruent","Incongruent","Incongruent",85.999213,86.19921,"5%",0.642377,"Correct","Correct","Correct","Correct"
"4",44,"7_8_stimuli","8_7","Incongruent","Congruent","Congruent","Incongruent",87.999201,88.199197,"7&",0.594136,"Correct","Correct","Correct","Correct"
"4",45,"1_2_stimuli","2_1","Incongruent","Incongruent","Congruent","Congruent",89.999177,90.199174,"1!",0.626691,"Correct","Correct","Correct","Correct"
"4",46,"3_4_stimuli","4_4","Congruent","Incongruent","Incongruent","Congruent",91.999173,92.199167,"4$",0.882469,"Correct","Correct","Correct","Correct"
"4",47,"5_6_stimuli","5_6","Incongruent","Congruent","Incongruent","Incongruent",93.99914,94.19915,"6^",0.706944,"Correct","Correct","Correct","Correct"
"4",48,"7_8_stimuli","7_7","Congruent","Incongruent","Congruent","Incongruent",95.999134,96.199122,"7&",0.754485,"Correct","Correct","Correct","Correct"
"4",49,"1_2_stimuli","1_1","Congruent","Congruent","Incongruent","Congruent",97.999106,98.1991,"1!",0.45066,"Correct","Correct","Correct","Correct"
"4",50,"3_4_stimuli","4_3","Incongruent","Congruent","Congruent","Incongruent",99.999094,100.199082,"3#",0.802813,"Correct","Correct","Correct","Correct"
"4",51,"5_6_stimuli","6_6","Congruent","Incongruent","Congruent","Congruent",101.99907,102.199076,"6^",1.042323,"Correct","Correct","Correct","Correct"
"4",52,"7_8_stimuli","7_8","Incongruent","Congruent","Incongruent","Congruent",103.999053,104.199047,"8*",1.090969,"Correct","Correct","Correct","Correct"
"4",53,"1_2_stimuli","1_2","Incongruent","Incongruent","Congruent","Incongruent",105.999039,106.199031,"2@",0.530668,"Correct","Correct","Correct","Correct"
"4",54,"3_4_stimuli","4_3","Incongruent","Incongruent","Incongruent","Congruent",107.999017,108.199017,"3#",0.562759,"Correct","Correct","Correct","Correct"
"4",55,"5_6_stimuli","6_6","Congruent","Incongruent","Incongruent","Incongruent",109.999004,110.198991,"6^",0.770739,"Correct","Correct","Correct","Correct"
"4",56,"7_8_stimuli","8_7","Incongruent","Congruent","Incongruent","Incongruent",111.998984,112.198974,"7&",0.546386,"Correct","Correct","Correct","Correct"
"4",57,"1_2_stimuli","2_2","Congruent","Incongruent","Congruent","Incongruent",113.998964,114.198961,"2@",0.498394,"Correct","Correct","Correct","Correct"
"4",58,"3_4_stimuli","3_3","Congruent","Congruent","Incongruent","Congruent",115.998939,116.198949,"3#",0.530443,"Correct","Correct","Correct","Correct"
"4",59,"5_6_stimuli","6_5","Incongruent","Congruent","Congruent","Incongruent",117.998923,118.198922,"5%",0.738752,"Correct","Correct","Correct","Correct"
"4",60,"7_8_stimuli","7_8","Incongruent","Incongruent","Congruent","Congruent",119.998906,120.19891,"8*",0.690495,"Correct","Correct","Correct","Correct"
"4",61,"1_2_stimuli","1_1","Congruent","Incongruent","Incongruent","Congruent",121.998889,122.198887,"1!",0.578461,"Correct","Correct","Correct","Correct"
"4",62,"3_4_stimuli","4_4","Congruent","Congruent","Incongruent","Incongruent",123.998869,124.198876,"4$",0.899125,"Correct","Correct","Correct","Correct"
"4",63,"5_6_stimuli","5_5","Congruent","Congruent","Congruent","Incongruent",125.998849,126.198855,"5%",0.546462,"Correct","Correct","Correct","Correct"
"4",64,"7_8_stimuli","8_8","Congruent","Congruent","Congruent","Congruent",127.998836,128.198847,"8*",0.75491,"Correct","Correct","Correct","Correct"
"4",65,"1_2_stimuli","2_1","Incongruent","Congruent","Congruent","Congruent",129.998814,130.198818,"1!",0.690528,"Correct","Correct","Correct","Correct"
"4",66,"3_4_stimuli","4_4","Congruent","Incongruent","Congruent","Congruent",131.998797,132.198802,"4$",0.962484,"Correct","Correct","Correct","Correct"
"4",67,"5_6_stimuli","5_5","Congruent","Congruent","Incongruent","Congruent",133.998776,134.198775,"5%",0.610518,"Correct","Correct","Correct","Correct"
"4",68,"7_8_stimuli","8_8","Congruent","Congruent","Congruent","Incongruent",135.998766,136.198766,"8*",0.707221,"Correct","Correct","Correct","Correct"
"5",1,"1_2_stimuli","2_1","Incongruent",NA,NA,NA,1.999987,2.199984,"1!",0.703751,"Correct",NA,NA,NA
"5",2,"3_4_stimuli","3_3","Congruent","Incongruent",NA,NA,3.999974,4.199959,"3#",0.800026,"Correct","Correct",NA,NA
"5",3,"5_6_stimuli","5_6","Incongruent","Congruent","Incongruent",NA,5.999956,6.199953,"6^",0.672184,"Correct","Correct","Correct",NA
"5",4,"7_8_stimuli","7_8","Incongruent","Incongruent","Congruent","Incongruent",7.999932,8.199933,"8*",0.655284,"Correct","Correct","Correct","Correct"
"5",5,"1_2_stimuli","2_1","Incongruent","Incongruent","Incongruent","Congruent",9.999914,10.19991,"1!",0.560006,"Correct","Correct","Correct","Correct"
"5",6,"3_4_stimuli","3_3","Congruent","Incongruent","Incongruent","Incongruent",11.999893,12.199895,"3#",0.767631,"Correct","Correct","Correct","Correct"
"5",7,"5_6_stimuli","5_6","Incongruent","Congruent","Incongruent","Incongruent",13.999883,14.199875,"6^",0.623885,"Correct","Correct","Correct","Correct"
"5",8,"7_8_stimuli","7_7","Congruent","Incongruent","Congruent","Incongruent",15.999859,16.199863,"7&",0.351272,"Correct","Correct","Correct","Correct"
"5",9,"1_2_stimuli","2_1","Incongruent","Congruent","Incongruent","Congruent",17.999848,18.199842,"1!",0.575879,"Correct","Correct","Correct","Correct"
"5",10,"3_4_stimuli","3_3","Congruent","Incongruent","Congruent","Incongruent",19.999826,20.199818,"3#",0.608587,"Correct","Correct","Correct","Correct"
"5",11,"5_6_stimuli","6_6","Congruent","Congruent","Incongruent","Congruent",21.999809,22.19981,"6^",0.863845,"Correct","Correct","Correct","Correct"
"5",12,"7_8_stimuli","8_7","Incongruent","Congruent","Congruent","Incongruent",23.999791,24.199783,"7&",0.431823,"Correct","Correct","Correct","Correct"
"5",13,"1_2_stimuli","1_2","Incongruent","Incongruent","Congruent","Congruent",25.999773,26.199768,"3#",0.447996,"Error","Correct","Correct","Correct"
"5",14,"3_4_stimuli","4_3","Incongruent","Incongruent","Incongruent","Congruent",27.999749,28.199751,"3#",0.463482,"Correct","Error","Correct","Correct"
"5",15,"5_6_stimuli","6_6","Congruent","Incongruent","Incongruent","Incongruent",29.999728,30.199731,"6^",0.879427,"Correct","Correct","Error","Correct"
"5",16,"7_8_stimuli","7_7","Congruent","Congruent","Incongruent","Incongruent",31.99971,32.199712,"7&",0.800183,"Correct","Correct","Correct","Error"
"5",17,"1_2_stimuli","1_1","Congruent","Congruent","Congruent","Incongruent",33.999703,34.19969,"1!",0.527504,"Correct","Correct","Correct","Correct"
"5",18,"3_4_stimuli","3_4","Incongruent","Congruent","Congruent","Congruent",35.999676,36.199666,"4$",0.84746,"Correct","Correct","Correct","Correct"
"5",19,"5_6_stimuli","5_6","Incongruent","Incongruent","Congruent","Congruent",37.999654,38.199646,"6^",0.87946,"Correct","Correct","Correct","Correct"
"5",20,"7_8_stimuli","8_8","Congruent","Incongruent","Incongruent","Congruent",39.999643,40.199641,"8*",1.168008,"Correct","Correct","Correct","Correct"
"5",21,"1_2_stimuli","2_2","Congruent","Congruent","Incongruent","Incongruent",41.999621,42.199616,"2@",0.671854,"Correct","Correct","Correct","Correct"
"5",22,"3_4_stimuli","3_4","Incongruent","Congruent","Congruent","Incongruent",43.9996,44.199602,"4$",1.087957,"Correct","Correct","Correct","Correct"
"5",23,"5_6_stimuli","6_6","Congruent","Incongruent","Congruent","Congruent",45.999588,46.199576,"6^",0.848139,"Correct","Correct","Correct","Correct"
"5",24,"7_8_stimuli","8_7","Incongruent","Congruent","Incongruent","Congruent",47.999569,48.199562,"7&",0.527817,"Correct","Correct","Correct","Correct"
"5",25,"1_2_stimuli","1_1","Congruent","Incongruent","Congruent","Incongruent",49.999547,50.199549,"1!",0.495627,"Correct","Correct","Correct","Correct"
"5",26,"3_4_stimuli","4_4","Congruent","Congruent","Incongruent","Congruent",51.999522,52.19952,"4$",0.78428,"Correct","Correct","Correct","Correct"
"5",27,"5_6_stimuli","5_6","Incongruent","Congruent","Congruent","Incongruent",53.999516,54.199516,"6^",0.816222,"Correct","Correct","Correct","Correct"
"5",28,"7_8_stimuli","8_8","Congruent","Incongruent","Congruent","Congruent",55.999492,56.199493,"8*",0.656267,"Correct","Correct","Correct","Correct"
"5",29,"1_2_stimuli","1_1","Congruent","Congruent","Incongruent","Congruent",57.99948,58.199464,"1!",0.544211,"Correct","Correct","Correct","Correct"
"5",30,"3_4_stimuli","4_4","Congruent","Congruent","Congruent","Incongruent",59.999462,60.199456,"4$",0.656379,"Correct","Correct","Correct","Correct"
"5",31,"5_6_stimuli","5_5","Congruent","Congruent","Congruent","Congruent",61.999449,62.199444,"5%",1.039673,"Correct","Correct","Correct","Correct"
"5",32,"7_8_stimuli","8_7","Incongruent","Congruent","Congruent","Congruent",63.999424,64.199421,"7&",0.703719,"Correct","Correct","Correct","Correct"
"5",33,"1_2_stimuli","2_2","Congruent","Incongruent","Congruent","Congruent",65.999398,66.199404,"2@",0.78398,"Correct","Correct","Correct","Correct"
"5",34,"3_4_stimuli","3_4","Incongruent","Congruent","Incongruent","Congruent",67.999383,68.199386,"4$",0.640428,"Correct","Correct","Correct","Correct"
"5",35,"5_6_stimuli","6_5","Incongruent","Incongruent","Congruent","Incongruent",69.999371,70.199373,"5%",0.768507,"Correct","Correct","Correct","Correct"
"5",36,"7_8_stimuli","7_8","Incongruent","Incongruent","Incongruent","Congruent",71.99935,72.199341,"8*",0.799782,"Correct","Correct","Correct","Correct"
"5",37,"1_2_stimuli","2_2","Congruent","Incongruent","Incongruent","Incongruent",73.999325,74.199327,"2@",0.576288,"Correct","Correct","Correct","Correct"
"5",38,"3_4_stimuli","4_4","Congruent","Congruent","Incongruent","Incongruent",75.999307,76.199311,"4$",0.816246,"Correct","Correct","Correct","Correct"
"5",39,"5_6_stimuli","6_6","Congruent","Congruent","Congruent","Incongruent",77.999291,78.199286,"6^",0.991799,"Correct","Correct","Correct","Correct"
"5",40,"7_8_stimuli","8_8","Congruent","Congruent","Congruent","Congruent",79.999278,80.199269,"8*",0.687901,"Correct","Correct","Correct","Correct"
"5",41,"1_2_stimuli","1_2","Incongruent","Congruent","Congruent","Congruent",81.999255,82.199258,"2@",0.559846,"Correct","Correct","Correct","Correct"
"5",42,"3_4_stimuli","3_3","Congruent","Incongruent","Congruent","Congruent",83.999239,84.199227,"3#",0.640559,"Correct","Correct","Correct","Correct"
"5",43,"5_6_stimuli","6_5","Incongruent","Congruent","Incongruent","Congruent",85.999218,86.19921,"5%",1.119851,"Correct","Correct","Correct","Correct"
"5",44,"7_8_stimuli","7_8","Incongruent","Incongruent","Congruent","Incongruent",87.9992,88.199191,"8*",0.800226,"Correct","Correct","Correct","Correct"
"5",45,"1_2_stimuli","2_2","Congruent","Incongruent","Incongruent","Congruent",89.999178,90.199173,"2@",0.480106,"Correct","Correct","Correct","Correct"
"5",46,"3_4_stimuli","4_3","Incongruent","Congruent","Incongruent","Incongruent",91.999168,92.199164,"3#",0.624518,"Correct","Correct","Correct","Correct"
"5",47,"5_6_stimuli","5_5","Congruent","Incongruent","Congruent","Incongruent",93.99915,94.199138,"5%",1.087973,"Correct","Correct","Correct","Correct"
"5",48,"7_8_stimuli","8_8","Congruent","Congruent","Incongruent","Congruent",95.99913,96.199123,"8*",0.609171,"Correct","Correct","Correct","Correct"
"5",49,"1_2_stimuli","1_2","Incongruent","Congruent","Congruent","Incongruent",97.999109,98.199117,"2@",0.560026,"Correct","Correct","Correct","Correct"
"5",50,"3_4_stimuli","3_4","Incongruent","Incongruent","Congruent","Congruent",99.999085,100.199093,"4$",0.832031,"Correct","Correct","Correct","Correct"
"5",51,"5_6_stimuli","5_6","Incongruent","Incongruent","Incongruent","Congruent",101.999067,102.199064,"6^",0.992031,"Correct","Correct","Correct","Correct"
"5",52,"7_8_stimuli","7_8","Incongruent","Incongruent","Incongruent","Incongruent",103.99905,104.199047,"8*",0.864772,"Correct","Correct","Correct","Correct"
"5",53,"1_2_stimuli","1_2","Incongruent","Incongruent","Incongruent","Incongruent",105.999042,106.199036,"2@",0.592438,"Correct","Correct","Correct","Correct"
"5",54,"3_4_stimuli","4_3","Incongruent","Incongruent","Incongruent","Incongruent",107.999014,108.19901,"3#",0.560453,"Correct","Correct","Correct","Correct"
"5",55,"5_6_stimuli","6_5","Incongruent","Incongruent","Incongruent","Incongruent",109.998997,110.199002,"5%",0.944733,"Correct","Correct","Correct","Correct"
"5",56,"7_8_stimuli","7_7","Congruent","Incongruent","Incongruent","Incongruent",111.99897,112.198976,"6^",0.544136,"Error","Correct","Correct","Correct"
"5",57,"1_2_stimuli","2_1","Incongruent","Congruent","Incongruent","Incongruent",113.99896,114.198967,"1!",0.60836,"Correct","Error","Correct","Correct"
"5",58,"3_4_stimuli","4_3","Incongruent","Incongruent","Congruent","Incongruent",115.998942,116.198947,"3#",0.688119,"Correct","Correct","Error","Correct"
"5",59,"5_6_stimuli","5_5","Congruent","Incongruent","Incongruent","Congruent",117.998919,118.198919,"5%",0.92871,"Correct","Correct","Correct","Error"
"5",60,"7_8_stimuli","7_8","Incongruent","Congruent","Incongruent","Incongruent",119.998914,120.198901,"8*",0.976588,"Correct","Correct","Correct","Correct"
"5",61,"1_2_stimuli","2_1","Incongruent","Incongruent","Congruent","Incongruent",121.998891,122.198883,"1!",0.560178,"Correct","Correct","Correct","Correct"
"5",62,"3_4_stimuli","3_3","Congruent","Incongruent","Incongruent","Congruent",123.998874,124.198869,"3#",0.576266,"Correct","Correct","Correct","Correct"
"5",63,"5_6_stimuli","5_5","Congruent","Congruent","Incongruent","Incongruent",125.998855,126.198845,"5%",0.848721,"Correct","Correct","Correct","Correct"
"5",64,"7_8_stimuli","7_7","Congruent","Congruent","Congruent","Incongruent",127.99883,128.198836,"7&",1.15302,"Correct","Correct","Correct","Correct"
"5",65,"1_2_stimuli","1_1","Congruent","Congruent","Congruent","Congruent",129.998812,130.19882,"1!",0.464361,"Correct","Correct","Correct","Correct"
"5",66,"3_4_stimuli","4_4","Congruent","Congruent","Congruent","Congruent",131.998795,132.198798,"4$",0.784208,"Correct","Correct","Correct","Correct"
"5",67,"5_6_stimuli","6_5","Incongruent","Congruent","Congruent","Congruent",133.998783,134.198787,"5%",0.896918,"Correct","Correct","Correct","Correct"
"5",68,"7_8_stimuli","8_7","Incongruent","Incongruent","Congruent","Congruent",135.998759,136.198756,"7&",1.280623,"Correct","Correct","Correct","Correct"
"6",1,"1_2_stimuli","2_1","Incongruent",NA,NA,NA,1.999964,2.199971,"1!",0.518925,"Correct",NA,NA,NA
"6",2,"3_4_stimuli","4_3","Incongruent","Incongruent",NA,NA,3.999947,4.199958,"3#",0.678418,"Correct","Correct",NA,NA
"6",3,"5_6_stimuli","5_6","Incongruent","Incongruent","Incongruent",NA,5.999945,6.199933,"6^",0.726325,"Correct","Correct","Correct",NA
"6",4,"7_8_stimuli","8_8","Congruent","Incongruent","Incongruent","Incongruent",7.999924,8.199919,"8*",0.567082,"Correct","Correct","Correct","Correct"
"6",5,"1_2_stimuli","2_2","Congruent","Congruent","Incongruent","Incongruent",9.999899,10.199895,"2@",0.566984,"Correct","Correct","Correct","Correct"
"6",6,"3_4_stimuli","4_4","Congruent","Congruent","Congruent","Incongruent",11.999867,12.199886,"4$",0.710908,"Correct","Correct","Correct","Correct"
"6",7,"5_6_stimuli","5_5","Congruent","Congruent","Congruent","Congruent",13.999858,14.199859,"5%",0.551199,"Correct","Correct","Correct","Correct"
"6",8,"7_8_stimuli","7_8","Incongruent","Congruent","Congruent","Congruent",15.999846,16.199843,"8*",0.838394,"Correct","Correct","Correct","Correct"
"6",9,"1_2_stimuli","2_2","Congruent","Incongruent","Congruent","Congruent",17.999818,18.199828,"2@",0.518936,"Correct","Correct","Correct","Correct"
"6",10,"3_4_stimuli","3_3","Congruent","Congruent","Incongruent","Congruent",19.999803,20.199797,"3#",0.455115,"Correct","Correct","Correct","Correct"
"6",11,"5_6_stimuli","5_6","Incongruent","Congruent","Congruent","Incongruent",21.999792,22.199793,"6^",0.807231,"Correct","Correct","Correct","Correct"
"6",12,"7_8_stimuli","7_8","Incongruent","Incongruent","Congruent","Congruent",23.99977,24.199775,"8*",0.823203,"Correct","Correct","Correct","Correct"
"6",13,"1_2_stimuli","1_2","Incongruent","Incongruent","Incongruent","Congruent",25.999748,26.199749,"2@",0.551304,"Correct","Correct","Correct","Correct"
"6",14,"3_4_stimuli","3_3","Congruent","Incongruent","Incongruent","Incongruent",27.999736,28.199731,"3#",0.61498,"Correct","Correct","Correct","Correct"
"6",15,"5_6_stimuli","6_5","Incongruent","Congruent","Incongruent","Incongruent",29.99971,30.199715,"5%",0.774634,"Correct","Correct","Correct","Correct"
"6",16,"7_8_stimuli","8_7","Incongruent","Incongruent","Congruent","Incongruent",31.999702,32.199697,"6^",0.662872,"Error","Correct","Correct","Correct"
"6",17,"1_2_stimuli","1_1","Congruent","Incongruent","Incongruent","Congruent",33.999682,34.19968,"1!",0.710633,"Correct","Error","Correct","Correct"
"6",18,"3_4_stimuli","4_4","Congruent","Congruent","Incongruent","Incongruent",35.99968,36.199659,"4$",1.015104,"Correct","Correct","Error","Correct"
"6",19,"5_6_stimuli","6_6","Congruent","Congruent","Congruent","Incongruent",37.99964,38.199633,"5%",0.727218,"Error","Correct","Correct","Error"
"6",20,"7_8_stimuli","8_8","Congruent","Congruent","Congruent","Congruent",39.999624,40.199622,"8*",0.615141,"Correct","Error","Correct","Correct"
"6",21,"1_2_stimuli","2_1","Incongruent","Congruent","Congruent","Congruent",41.999631,42.199612,"1!",0.519177,"Correct","Correct","Error","Correct"
"6",22,"3_4_stimuli","4_3","Incongruent","Incongruent","Congruent","Congruent",43.999586,44.199586,"3#",0.74311,"Correct","Correct","Correct","Error"
"6",23,"5_6_stimuli","6_5","Incongruent","Incongruent","Incongruent","Congruent",45.999569,46.199572,"5%",1.014667,"Correct","Correct","Correct","Correct"
"6",24,"7_8_stimuli","8_7","Incongruent","Incongruent","Incongruent","Incongruent",47.999549,48.199547,"7&",1.063077,"Correct","Correct","Correct","Correct"
"6",25,"1_2_stimuli","2_1","Incongruent","Incongruent","Incongruent","Incongruent",49.99953,50.199528,"1!",0.550693,"Correct","Correct","Correct","Correct"
"6",26,"3_4_stimuli","4_3","Incongruent","Incongruent","Incongruent","Incongruent",51.999516,52.199505,"3#",0.662969,"Correct","Correct","Correct","Correct"
"6",27,"5_6_stimuli","5_5","Congruent","Incongruent","Incongruent","Incongruent",53.999489,54.199496,"5%",1.207539,"Correct","Correct","Correct","Correct"
"6",28,"7_8_stimuli","8_7","Incongruent","Congruent","Incongruent","Incongruent",55.999475,56.199477,"Omission",5000,"Omission","Correct","Correct","Correct"
"6",29,"1_2_stimuli","2_2","Congruent","Incongruent","Congruent","Incongruent",57.999468,58.199454,"2@",0.503506,"Correct","Omission","Correct","Correct"
"6",30,"3_4_stimuli","4_3","Incongruent","Congruent","Incongruent","Congruent",59.999445,60.199433,"3#",0.631504,"Correct","Correct","Omission","Correct"
"6",31,"5_6_stimuli","5_6","Incongruent","Incongruent","Congruent","Incongruent",61.99942,62.199411,"6^",0.871029,"Correct","Correct","Correct","Omission"
"6",32,"7_8_stimuli","7_7","Congruent","Incongruent","Incongruent","Congruent",63.999408,64.199403,"7&",0.423527,"Correct","Correct","Correct","Correct"
"6",33,"1_2_stimuli","2_1","Incongruent","Congruent","Incongruent","Incongruent",65.999385,66.199389,"1!",0.631251,"Correct","Correct","Correct","Correct"
"6",34,"3_4_stimuli","3_3","Congruent","Incongruent","Congruent","Incongruent",67.99936,68.199363,"3#",0.919278,"Correct","Correct","Correct","Correct"
"6",35,"5_6_stimuli","6_5","Incongruent","Congruent","Incongruent","Congruent",69.999357,70.199347,"5%",0.727471,"Correct","Correct","Correct","Correct"
"6",36,"7_8_stimuli","7_7","Congruent","Incongruent","Congruent","Incongruent",71.999337,72.199332,"7&",0.679678,"Correct","Correct","Correct","Correct"
"6",37,"1_2_stimuli","1_1","Congruent","Congruent","Incongruent","Congruent",73.999307,74.199309,"1!",0.487429,"Correct","Correct","Correct","Correct"
"6",38,"3_4_stimuli","3_4","Incongruent","Congruent","Congruent","Incongruent",75.999299,76.199295,"4$",0.711636,"Correct","Correct","Correct","Correct"
"6",39,"5_6_stimuli","5_6","Incongruent","Incongruent","Congruent","Congruent",77.999272,78.199267,"6^",1.111698,"Correct","Correct","Correct","Correct"
"6",40,"7_8_stimuli","8_7","Incongruent","Incongruent","Incongruent","Congruent",79.999252,80.199258,"7&",0.519546,"Correct","Correct","Correct","Correct"
"6",41,"1_2_stimuli","1_1","Congruent","Incongruent","Incongruent","Incongruent",81.999236,82.199234,"1!",0.614962,"Correct","Correct","Correct","Correct"
"6",42,"3_4_stimuli","3_4","Incongruent","Congruent","Incongruent","Incongruent",83.999223,84.199211,"4$",1.223434,"Correct","Correct","Correct","Correct"
"6",43,"5_6_stimuli","6_6","Congruent","Incongruent","Congruent","Incongruent",85.999202,86.199205,"6^",0.775315,"Correct","Correct","Correct","Correct"
"6",44,"7_8_stimuli","8_8","Congruent","Congruent","Incongruent","Congruent",87.999188,88.19918,"8*",0.663789,"Correct","Correct","Correct","Correct"
"6",45,"1_2_stimuli","2_1","Incongruent","Congruent","Congruent","Incongruent",89.999168,90.19917,"1!",0.53498,"Correct","Correct","Correct","Correct"
"6",46,"3_4_stimuli","4_4","Congruent","Incongruent","Congruent","Congruent",91.999145,92.199149,"4$",0.711595,"Correct","Correct","Correct","Correct"
"6",47,"5_6_stimuli","6_6","Congruent","Congruent","Incongruent","Congruent",93.999133,94.199121,"6^",0.983047,"Correct","Correct","Correct","Correct"
"6",48,"7_8_stimuli","8_8","Congruent","Congruent","Congruent","Incongruent",95.999138,96.199113,"8*",0.631476,"Correct","Correct","Correct","Correct"
"6",49,"1_2_stimuli","2_2","Congruent","Congruent","Congruent","Congruent",97.999093,98.199084,"2@",0.567096,"Correct","Correct","Correct","Correct"
"6",50,"3_4_stimuli","4_4","Congruent","Congruent","Congruent","Congruent",99.99908,100.199067,"Omission",5000,"Omission","Correct","Correct","Correct"
"6",51,"5_6_stimuli","6_5","Incongruent","Congruent","Congruent","Congruent",101.99905,102.199049,"5%",0.551196,"Correct","Omission","Correct","Correct"
"6",52,"7_8_stimuli","7_7","Congruent","Incongruent","Congruent","Congruent",103.999035,104.199039,"7&",1.047593,"Correct","Correct","Omission","Correct"
"6",53,"1_2_stimuli","1_2","Incongruent","Congruent","Incongruent","Congruent",105.999028,106.199023,"2@",0.64798,"Correct","Correct","Correct","Omission"
"6",54,"3_4_stimuli","3_4","Incongruent","Incongruent","Congruent","Incongruent",107.999,108.199001,"4$",0.775118,"Correct","Correct","Correct","Correct"
"6",55,"5_6_stimuli","5_5","Congruent","Incongruent","Incongruent","Congruent",109.998982,110.19898,"5%",0.615858,"Correct","Correct","Correct","Correct"
"6",56,"7_8_stimuli","7_7","Congruent","Congruent","Incongruent","Incongruent",111.998961,112.198961,"7&",0.695245,"Correct","Correct","Correct","Correct"
"6",57,"1_2_stimuli","1_1","Congruent","Congruent","Congruent","Incongruent",113.998942,114.198952,"1!",0.519259,"Correct","Correct","Correct","Correct"
"6",58,"3_4_stimuli","3_4","Incongruent","Congruent","Congruent","Congruent",115.998926,116.198929,"4$",0.744005,"Correct","Correct","Correct","Correct"
"6",59,"5_6_stimuli","6_6","Congruent","Incongruent","Congruent","Congruent",117.998915,118.198914,"6^",0.919982,"Correct","Correct","Correct","Correct"
"6",60,"7_8_stimuli","7_8","Incongruent","Congruent","Incongruent","Congruent",119.998896,120.198902,"8*",0.647252,"Correct","Correct","Correct","Correct"
"6",61,"1_2_stimuli","1_2","Incongruent","Incongruent","Congruent","Incongruent",121.998874,122.198869,"2@",0.599255,"Correct","Correct","Correct","Correct"
"6",62,"3_4_stimuli","3_3","Congruent","Incongruent","Incongruent","Congruent",123.998858,124.198858,"3#",0.455584,"Correct","Correct","Correct","Correct"
"6",63,"5_6_stimuli","5_5","Congruent","Congruent","Incongruent","Incongruent",125.998838,126.198834,"5%",0.759979,"Correct","Correct","Correct","Correct"
"6",64,"7_8_stimuli","7_8","Incongruent","Congruent","Congruent","Incongruent",127.998822,128.198819,"8*",1.031294,"Correct","Correct","Correct","Correct"
"6",65,"1_2_stimuli","1_2","Incongruent","Incongruent","Congruent","Congruent",129.998814,130.198803,"2@",0.631325,"Correct","Correct","Correct","Correct"
"6",66,"3_4_stimuli","4_3","Incongruent","Incongruent","Incongruent","Congruent",131.998769,132.198787,"3#",0.728073,"Correct","Correct","Correct","Correct"
"6",67,"5_6_stimuli","5_6","Incongruent","Incongruent","Incongruent","Incongruent",133.998761,134.198762,"6^",0.967786,"Correct","Correct","Correct","Correct"
"6",68,"7_8_stimuli","8_8","Congruent","Incongruent","Incongruent","Incongruent",135.998746,136.198742,"8*",0.600189,"Correct","Correct","Correct","Correct"
"7",1,"1_2_stimuli","1_2","Incongruent",NA,NA,NA,1.999983,2.199974,"2@",0.804842,"Correct",NA,NA,NA
"7",2,"3_4_stimuli","3_4","Incongruent","Incongruent",NA,NA,3.999958,4.199952,"4$",0.708792,"Correct","Correct",NA,NA
"7",3,"5_6_stimuli","5_6","Incongruent","Incongruent","Incongruent",NA,5.999963,6.199937,"6^",0.772444,"Correct","Correct","Correct",NA
"7",4,"7_8_stimuli","7_8","Incongruent","Incongruent","Incongruent","Incongruent",7.999916,8.199921,"8*",0.660169,"Correct","Correct","Correct","Correct"
"7",5,"1_2_stimuli","2_1","Incongruent","Incongruent","Incongruent","Incongruent",9.999905,10.199897,"1!",0.58009,"Correct","Correct","Correct","Correct"
"7",6,"3_4_stimuli","4_4","Congruent","Incongruent","Incongruent","Incongruent",11.999891,12.199886,"4$",0.772494,"Correct","Correct","Correct","Correct"
"7",7,"5_6_stimuli","6_6","Congruent","Congruent","Incongruent","Incongruent",13.999873,14.19987,"6^",0.804156,"Correct","Correct","Correct","Correct"
"7",8,"7_8_stimuli","7_7","Congruent","Congruent","Congruent","Incongruent",15.999845,16.199847,"7&",0.40419,"Correct","Correct","Correct","Correct"
"7",9,"1_2_stimuli","1_1","Congruent","Congruent","Congruent","Congruent",17.999836,18.199836,"1!",0.5329,"Correct","Correct","Correct","Correct"
"7",10,"3_4_stimuli","3_3","Congruent","Congruent","Congruent","Congruent",19.999811,20.199814,"3#",0.596314,"Correct","Correct","Correct","Correct"
"7",11,"5_6_stimuli","5_5","Congruent","Congruent","Congruent","Congruent",21.999795,22.199796,"5%",0.789028,"Correct","Correct","Correct","Correct"
"7",12,"7_8_stimuli","7_8","Incongruent","Congruent","Congruent","Congruent",23.999777,24.199772,"8*",0.884879,"Correct","Correct","Correct","Correct"
"7",13,"1_2_stimuli","2_2","Congruent","Incongruent","Congruent","Congruent",25.999756,26.199758,"2@",0.56485,"Correct","Correct","Correct","Correct"
"7",14,"3_4_stimuli","4_4","Congruent","Congruent","Incongruent","Congruent",27.999742,28.199741,"4$",0.660606,"Correct","Correct","Correct","Correct"
"7",15,"5_6_stimuli","6_6","Congruent","Congruent","Congruent","Incongruent",29.999724,30.199715,"6^",0.965049,"Correct","Correct","Correct","Correct"
"7",16,"7_8_stimuli","8_8","Congruent","Congruent","Congruent","Congruent",31.999707,32.199704,"8*",0.596306,"Correct","Correct","Correct","Correct"
"7",17,"1_2_stimuli","2_1","Incongruent","Congruent","Congruent","Congruent",33.999691,34.199689,"1!",0.484313,"Correct","Correct","Correct","Correct"
"7",18,"3_4_stimuli","3_3","Congruent","Incongruent","Congruent","Congruent",35.999665,36.199665,"3#",0.564357,"Correct","Correct","Correct","Correct"
"7",19,"5_6_stimuli","6_6","Congruent","Congruent","Incongruent","Congruent",37.999647,38.199648,"6^",0.788362,"Correct","Correct","Correct","Correct"
"7",20,"7_8_stimuli","7_8","Incongruent","Congruent","Congruent","Incongruent",39.999642,40.199634,"8*",0.660337,"Correct","Correct","Correct","Correct"
"7",21,"1_2_stimuli","1_2","Incongruent","Incongruent","Congruent","Congruent",41.999621,42.19962,"2@",0.660391,"Correct","Correct","Correct","Correct"
"7",22,"3_4_stimuli","3_4","Incongruent","Incongruent","Incongruent","Congruent",43.999602,44.199601,"4$",0.532413,"Correct","Correct","Correct","Correct"
"7",23,"5_6_stimuli","5_6","Incongruent","Incongruent","Incongruent","Incongruent",45.999584,46.199573,"6^",0.677518,"Correct","Correct","Correct","Correct"
"7",24,"7_8_stimuli","8_8","Congruent","Incongruent","Incongruent","Incongruent",47.999556,48.199568,"8*",0.62846,"Correct","Correct","Correct","Correct"
"7",25,"1_2_stimuli","1_2","Incongruent","Congruent","Incongruent","Incongruent",49.999545,50.199542,"2@",0.54848,"Correct","Correct","Correct","Correct"
"7",26,"3_4_stimuli","4_3","Incongruent","Incongruent","Congruent","Incongruent",51.999531,52.199516,"3#",0.628463,"Correct","Correct","Correct","Correct"
"7",27,"5_6_stimuli","6_5","Incongruent","Incongruent","Incongruent","Congruent",53.999509,54.199501,"5%",0.900568,"Correct","Correct","Correct","Correct"
"7",28,"7_8_stimuli","8_7","Incongruent","Incongruent","Incongruent","Incongruent",55.999486,56.199477,"7&",0.469087,"Correct","Correct","Correct","Correct"
"7",29,"1_2_stimuli","2_2","Congruent","Incongruent","Incongruent","Incongruent",57.999472,58.19946,"2@",0.484489,"Correct","Correct","Correct","Correct"
"7",30,"3_4_stimuli","4_4","Congruent","Congruent","Incongruent","Incongruent",59.999445,60.199449,"4$",0.948979,"Correct","Correct","Correct","Correct"
"7",31,"5_6_stimuli","5_6","Incongruent","Congruent","Congruent","Incongruent",61.999435,62.199427,"6^",0.69311,"Correct","Correct","Correct","Correct"
"7",32,"7_8_stimuli","8_8","Congruent","Incongruent","Congruent","Congruent",63.999423,64.199408,"8*",0.612513,"Correct","Correct","Correct","Correct"
"7",33,"1_2_stimuli","2_2","Congruent","Congruent","Incongruent","Congruent",65.999398,66.199392,"2@",0.533289,"Correct","Correct","Correct","Correct"
"7",34,"3_4_stimuli","3_3","Congruent","Congruent","Congruent","Incongruent",67.999381,68.199369,"3#",0.580621,"Correct","Correct","Correct","Correct"
"7",35,"5_6_stimuli","6_5","Incongruent","Congruent","Congruent","Congruent",69.999359,70.199354,"5%",0.869071,"Correct","Correct","Correct","Correct"
"7",36,"7_8_stimuli","8_7","Incongruent","Incongruent","Congruent","Congruent",71.999345,72.199346,"7&",0.93303,"Correct","Correct","Correct","Correct"
"7",37,"1_2_stimuli","1_2","Incongruent","Incongruent","Incongruent","Congruent",73.999325,74.199319,"2@",0.549264,"Correct","Correct","Correct","Correct"
"7",38,"3_4_stimuli","3_4","Incongruent","Incongruent","Incongruent","Incongruent",75.999311,76.199302,"4$",0.549105,"Correct","Correct","Correct","Correct"
"7",39,"5_6_stimuli","5_5","Congruent","Incongruent","Incongruent","Incongruent",77.999288,78.199285,"5%",0.884698,"Correct","Correct","Correct","Correct"
"7",40,"7_8_stimuli","8_7","Incongruent","Congruent","Incongruent","Incongruent",79.999268,80.199263,"7&",0.533349,"Correct","Correct","Correct","Correct"
"7",41,"1_2_stimuli","1_1","Congruent","Incongruent","Congruent","Incongruent",81.99925,82.199248,"1!",0.548735,"Correct","Correct","Correct","Correct"
"7",42,"3_4_stimuli","3_4","Incongruent","Congruent","Incongruent","Congruent",83.999231,84.19922,"4$",0.661279,"Correct","Correct","Correct","Correct"
"7",43,"5_6_stimuli","5_5","Congruent","Incongruent","Congruent","Incongruent",85.999216,86.199211,"5%",0.6125,"Correct","Correct","Correct","Correct"
"7",44,"7_8_stimuli","7_7","Congruent","Congruent","Incongruent","Congruent",87.999199,88.199193,"7&",0.54942,"Correct","Correct","Correct","Correct"
"7",45,"1_2_stimuli","2_1","Incongruent","Congruent","Congruent","Incongruent",89.999178,90.199177,"1!",0.549393,"Correct","Correct","Correct","Correct"
"7",46,"3_4_stimuli","4_3","Incongruent","Incongruent","Congruent","Congruent",91.999161,92.199167,"3#",0.757234,"Correct","Correct","Correct","Correct"
"7",47,"5_6_stimuli","5_5","Congruent","Incongruent","Incongruent","Congruent",93.999142,94.199135,"5%",0.788798,"Correct","Correct","Correct","Correct"
"7",48,"7_8_stimuli","8_8","Congruent","Congruent","Incongruent","Incongruent",95.999123,96.199117,"8*",0.69353,"Correct","Correct","Correct","Correct"
"7",49,"1_2_stimuli","1_1","Congruent","Congruent","Congruent","Incongruent",97.999097,98.199095,"1!",0.517264,"Correct","Correct","Correct","Correct"
"7",50,"3_4_stimuli","4_3","Incongruent","Congruent","Congruent","Congruent",99.999081,100.199084,"3#",0.837636,"Correct","Correct","Correct","Correct"
"7",51,"5_6_stimuli","6_5","Incongruent","Incongruent","Congruent","Congruent",101.999065,102.199063,"5%",0.740835,"Correct","Correct","Correct","Correct"
"7",52,"7_8_stimuli","7_7","Congruent","Incongruent","Incongruent","Congruent",103.999052,104.199041,"7&",1.140893,"Correct","Correct","Correct","Correct"
"7",53,"1_2_stimuli","1_1","Congruent","Congruent","Incongruent","Incongruent",105.999035,106.19903,"1!",0.549625,"Correct","Correct","Correct","Correct"
"7",54,"3_4_stimuli","4_3","Incongruent","Congruent","Congruent","Incongruent",107.999008,108.199021,"3#",0.82159,"Correct","Correct","Correct","Correct"
"7",55,"5_6_stimuli","6_6","Congruent","Incongruent","Congruent","Congruent",109.998998,110.198993,"6^",0.821124,"Correct","Correct","Correct","Correct"
"7",56,"7_8_stimuli","7_8","Incongruent","Congruent","Incongruent","Congruent",111.998974,112.198974,"8*",0.693675,"Correct","Correct","Correct","Correct"
"7",57,"1_2_stimuli","1_2","Incongruent","Incongruent","Congruent","Incongruent",113.998957,114.198958,"2@",0.56501,"Correct","Correct","Correct","Correct"
"7",58,"3_4_stimuli","3_3","Congruent","Incongruent","Incongruent","Congruent",115.998942,116.198937,"3#",0.517019,"Correct","Correct","Correct","Correct"
"7",59,"5_6_stimuli","6_5","Incongruent","Congruent","Incongruent","Incongruent",117.998922,118.19892,"5%",1.077401,"Correct","Correct","Correct","Correct"
"7",60,"7_8_stimuli","7_7","Congruent","Incongruent","Congruent","Incongruent",119.998903,120.198904,"7&",1.156999,"Correct","Correct","Correct","Correct"
"7",61,"1_2_stimuli","2_1","Incongruent","Congruent","Incongruent","Congruent",121.998882,122.198884,"1!",0.517059,"Correct","Correct","Correct","Correct"
"7",62,"3_4_stimuli","4_4","Congruent","Incongruent","Congruent","Incongruent",123.998865,124.19887,"4$",0.742362,"Correct","Correct","Correct","Correct"
"7",63,"5_6_stimuli","5_6","Incongruent","Congruent","Incongruent","Congruent",125.998851,126.198843,"6^",0.74129,"Correct","Correct","Correct","Correct"
"7",64,"7_8_stimuli","8_7","Incongruent","Incongruent","Congruent","Incongruent",127.998825,128.198822,"7&",0.741072,"Correct","Correct","Correct","Correct"
"7",65,"1_2_stimuli","2_2","Congruent","Incongruent","Incongruent","Congruent",129.998815,130.198815,"2@",0.565665,"Correct","Correct","Correct","Correct"
"7",66,"3_4_stimuli","3_4","Incongruent","Congruent","Incongruent","Incongruent",131.998799,132.198797,"4$",0.837739,"Correct","Correct","Correct","Correct"
"7",67,"5_6_stimuli","5_6","Incongruent","Incongruent","Congruent","Incongruent",133.998778,134.198774,"6^",0.789846,"Correct","Correct","Correct","Correct"
"7",68,"7_8_stimuli","7_8","Incongruent","Incongruent","Incongruent","Congruent",135.998752,136.198759,"8*",0.709841,"Correct","Correct","Correct","Correct"
"8",1,"1_2_stimuli","2_1","Incongruent",NA,NA,NA,1.999989,2.19999,"1!",0.706816,"Correct",NA,NA,NA
"8",2,"3_4_stimuli","3_3","Congruent","Incongruent",NA,NA,3.999973,4.199969,"3#",0.547261,"Correct","Correct",NA,NA
"8",3,"5_6_stimuli","5_5","Congruent","Congruent","Incongruent",NA,5.999948,6.199946,"5%",0.771212,"Correct","Correct","Correct",NA
"8",4,"7_8_stimuli","7_7","Congruent","Congruent","Congruent","Incongruent",7.999942,8.19994,"7&",0.514543,"Correct","Correct","Correct","Correct"
"8",5,"1_2_stimuli","2_1","Incongruent","Congruent","Congruent","Congruent",9.999914,10.199908,"1!",0.515246,"Correct","Correct","Correct","Correct"
"8",6,"3_4_stimuli","4_4","Congruent","Incongruent","Congruent","Congruent",11.999896,12.199894,"4$",1.027288,"Correct","Correct","Correct","Correct"
"8",7,"5_6_stimuli","5_6","Incongruent","Congruent","Incongruent","Congruent",13.99988,14.199883,"6^",0.947095,"Correct","Correct","Correct","Correct"
"8",8,"7_8_stimuli","8_7","Incongruent","Incongruent","Congruent","Incongruent",15.999864,16.199855,"7&",0.403028,"Correct","Correct","Correct","Correct"
"8",9,"1_2_stimuli","2_2","Congruent","Incongruent","Incongruent","Congruent",17.99984,18.199837,"2@",0.531028,"Correct","Correct","Correct","Correct"
"8",10,"3_4_stimuli","4_3","Incongruent","Congruent","Incongruent","Incongruent",19.999816,20.199815,"3#",0.626715,"Correct","Correct","Correct","Correct"
"8",11,"5_6_stimuli","5_5","Congruent","Incongruent","Congruent","Incongruent",21.999809,22.19981,"5%",0.803172,"Correct","Correct","Correct","Correct"
"8",12,"7_8_stimuli","7_7","Congruent","Congruent","Incongruent","Congruent",23.999786,24.199785,"7&",1.059377,"Correct","Correct","Correct","Correct"
"8",13,"1_2_stimuli","1_2","Incongruent","Congruent","Congruent","Incongruent",25.999768,26.199769,"2@",0.595129,"Correct","Correct","Correct","Correct"
"8",14,"3_4_stimuli","4_3","Incongruent","Incongruent","Congruent","Congruent",27.999758,28.199755,"3#",0.707183,"Correct","Correct","Correct","Correct"
"8",15,"5_6_stimuli","6_5","Incongruent","Incongruent","Incongruent","Congruent",29.999725,30.199737,"5%",0.818756,"Correct","Correct","Correct","Correct"
"8",16,"7_8_stimuli","7_8","Incongruent","Incongruent","Incongruent","Incongruent",31.999711,32.199719,"8*",1.042775,"Correct","Correct","Correct","Correct"
"8",17,"1_2_stimuli","2_1","Incongruent","Incongruent","Incongruent","Incongruent",33.9997,34.199688,"1!",0.6588,"Correct","Correct","Correct","Correct"
"8",18,"3_4_stimuli","3_4","Incongruent","Incongruent","Incongruent","Incongruent",35.999686,36.199683,"4$",0.914771,"Correct","Correct","Correct","Correct"
"8",19,"5_6_stimuli","6_5","Incongruent","Incongruent","Incongruent","Incongruent",37.999668,38.199649,"5%",0.930833,"Correct","Correct","Correct","Correct"
"8",20,"7_8_stimuli","8_8","Congruent","Incongruent","Incongruent","Incongruent",39.999645,40.199642,"8*",0.659361,"Correct","Correct","Correct","Correct"
"8",21,"1_2_stimuli","1_2","Incongruent","Congruent","Incongruent","Incongruent",41.999623,42.199619,"2@",0.498876,"Correct","Correct","Correct","Correct"
"8",22,"3_4_stimuli","4_4","Congruent","Incongruent","Congruent","Incongruent",43.999605,44.199609,"4$",0.994949,"Correct","Correct","Correct","Correct"
"8",23,"5_6_stimuli","6_6","Congruent","Congruent","Incongruent","Congruent",45.999588,46.199588,"6^",0.755204,"Correct","Correct","Correct","Correct"
"8",24,"7_8_stimuli","7_8","Incongruent","Congruent","Congruent","Incongruent",47.999575,48.199568,"8*",0.643247,"Correct","Correct","Correct","Correct"
"8",25,"1_2_stimuli","2_2","Congruent","Incongruent","Congruent","Congruent",49.999552,50.199553,"2@",0.451327,"Correct","Correct","Correct","Correct"
"8",26,"3_4_stimuli","4_3","Incongruent","Congruent","Incongruent","Congruent",51.999539,52.199532,"3#",0.578907,"Correct","Correct","Correct","Correct"
"8",27,"5_6_stimuli","5_6","Incongruent","Incongruent","Congruent","Incongruent",53.999512,54.199513,"6^",0.771754,"Correct","Correct","Correct","Correct"
"8",28,"7_8_stimuli","8_7","Incongruent","Incongruent","Incongruent","Congruent",55.999497,56.199502,"7&",0.675569,"Correct","Correct","Correct","Correct"
"8",29,"1_2_stimuli","1_1","Congruent","Incongruent","Incongruent","Incongruent",57.999481,58.199473,"1!",0.483326,"Correct","Correct","Correct","Correct"
"8",30,"3_4_stimuli","3_3","Congruent","Congruent","Incongruent","Incongruent",59.99947,60.199461,"3#",0.674933,"Correct","Correct","Correct","Correct"
"8",31,"5_6_stimuli","5_5","Congruent","Congruent","Congruent","Incongruent",61.999453,62.199446,"5%",0.61152,"Correct","Correct","Correct","Correct"
"8",32,"7_8_stimuli","7_8","Incongruent","Congruent","Congruent","Congruent",63.999423,64.199419,"8*",0.563426,"Correct","Correct","Correct","Correct"
"8",33,"1_2_stimuli","1_2","Incongruent","Incongruent","Congruent","Congruent",65.999406,66.199399,"2@",0.515032,"Correct","Correct","Correct","Correct"
"8",34,"3_4_stimuli","3_4","Incongruent","Incongruent","Incongruent","Congruent",67.999385,68.199385,"4$",0.451762,"Correct","Correct","Correct","Correct"
"8",35,"5_6_stimuli","6_6","Congruent","Incongruent","Incongruent","Incongruent",69.999371,70.199358,"6^",0.7071,"Correct","Correct","Correct","Correct"
"8",36,"7_8_stimuli","8_7","Incongruent","Congruent","Incongruent","Incongruent",71.99935,72.199352,"7&",0.435538,"Correct","Correct","Correct","Correct"
"8",37,"1_2_stimuli","1_1","Congruent","Incongruent","Congruent","Incongruent",73.999327,74.199329,"1!",0.419133,"Correct","Correct","Correct","Correct"
"8",38,"3_4_stimuli","3_3","Congruent","Congruent","Incongruent","Congruent",75.999313,76.199307,"3#",0.627558,"Correct","Correct","Correct","Correct"
"8",39,"5_6_stimuli","6_5","Incongruent","Congruent","Congruent","Incongruent",77.999307,78.199296,"5%",0.947671,"Correct","Correct","Correct","Correct"
"8",40,"7_8_stimuli","7_7","Congruent","Incongruent","Congruent","Congruent",79.999279,80.199279,"7&",0.691504,"Correct","Correct","Correct","Correct"
"8",41,"1_2_stimuli","1_2","Incongruent","Congruent","Incongruent","Congruent",81.999259,82.199261,"2@",0.531195,"Correct","Correct","Correct","Correct"
"8",42,"3_4_stimuli","3_4","Incongruent","Incongruent","Congruent","Incongruent",83.999242,84.199247,"4$",0.883563,"Correct","Correct","Correct","Correct"
"8",43,"5_6_stimuli","5_5","Congruent","Incongruent","Incongruent","Congruent",85.999223,86.19922,"5%",0.787209,"Correct","Correct","Correct","Correct"
"8",44,"7_8_stimuli","8_8","Congruent","Congruent","Incongruent","Incongruent",87.999202,88.199195,"8*",0.899249,"Correct","Correct","Correct","Correct"
"8",45,"1_2_stimuli","2_2","Congruent","Congruent","Congruent","Incongruent",89.99919,90.199189,"2@",0.531342,"Correct","Correct","Correct","Correct"
"8",46,"3_4_stimuli","3_4","Incongruent","Congruent","Congruent","Congruent",91.999171,92.199168,"4$",1.074929,"Correct","Correct","Correct","Correct"
"8",47,"5_6_stimuli","6_6","Congruent","Incongruent","Congruent","Congruent",93.999156,94.199154,"6^",1.235602,"Correct","Correct","Correct","Correct"
"8",48,"7_8_stimuli","7_8","Incongruent","Congruent","Incongruent","Congruent",95.999123,96.199124,"8*",0.627557,"Correct","Correct","Correct","Correct"
"8",49,"1_2_stimuli","2_1","Incongruent","Incongruent","Congruent","Incongruent",97.999114,98.199108,"1!",0.547668,"Correct","Correct","Correct","Correct"
"8",50,"3_4_stimuli","3_3","Congruent","Incongruent","Incongruent","Congruent",99.999098,100.199097,"3#",0.835271,"Correct","Correct","Correct","Correct"
"8",51,"5_6_stimuli","6_5","Incongruent","Congruent","Incongruent","Incongruent",101.999082,102.199069,"5%",0.739283,"Correct","Correct","Correct","Correct"
"8",52,"7_8_stimuli","7_7","Congruent","Incongruent","Congruent","Incongruent",103.999056,104.199056,"7&",0.835997,"Correct","Correct","Correct","Correct"
"8",53,"1_2_stimuli","2_2","Congruent","Congruent","Incongruent","Congruent",105.999041,106.199036,"2@",0.531351,"Correct","Correct","Correct","Correct"
"8",54,"3_4_stimuli","4_3","Incongruent","Congruent","Congruent","Incongruent",107.999023,108.199018,"3#",0.644056,"Correct","Correct","Correct","Correct"
"8",55,"5_6_stimuli","5_6","Incongruent","Incongruent","Congruent","Congruent",109.998998,110.199007,"6^",0.852081,"Correct","Correct","Correct","Correct"
"8",56,"7_8_stimuli","7_7","Congruent","Incongruent","Incongruent","Congruent",111.998987,112.198977,"7&",0.515406,"Correct","Correct","Correct","Correct"
"8",57,"1_2_stimuli","1_1","Congruent","Congruent","Incongruent","Incongruent",113.998969,114.198971,"1!",0.500017,"Correct","Correct","Correct","Correct"
"8",58,"3_4_stimuli","4_4","Congruent","Congruent","Congruent","Incongruent",115.998955,116.19895,"4$",0.707425,"Correct","Correct","Correct","Correct"
"8",59,"5_6_stimuli","5_5","Congruent","Congruent","Congruent","Congruent",117.99893,118.198939,"5%",0.64376,"Correct","Correct","Correct","Correct"
"8",60,"7_8_stimuli","8_8","Congruent","Congruent","Congruent","Congruent",119.99891,120.198908,"8*",0.6918,"Correct","Correct","Correct","Correct"
"8",61,"1_2_stimuli","1_1","Congruent","Congruent","Congruent","Congruent",121.998904,122.198902,"1!",0.547515,"Correct","Correct","Correct","Correct"
"8",62,"3_4_stimuli","3_3","Congruent","Congruent","Congruent","Congruent",123.998885,124.198873,"3#",0.867444,"Correct","Correct","Correct","Correct"
"8",63,"5_6_stimuli","5_6","Incongruent","Congruent","Congruent","Congruent",125.998856,126.198855,"6^",0.8519,"Correct","Correct","Correct","Correct"
"8",64,"7_8_stimuli","8_7","Incongruent","Incongruent","Congruent","Congruent",127.998837,128.198844,"7&",0.579531,"Correct","Correct","Correct","Correct"
"8",65,"1_2_stimuli","2_1","Incongruent","Incongruent","Incongruent","Congruent",129.998809,130.198814,"1!",0.499531,"Correct","Correct","Correct","Correct"
"8",66,"3_4_stimuli","4_4","Congruent","Incongruent","Incongruent","Incongruent",131.998799,132.1988,"4$",0.899873,"Correct","Correct","Correct","Correct"
"8",67,"5_6_stimuli","6_6","Congruent","Congruent","Incongruent","Incongruent",133.998777,134.198789,"6^",0.996127,"Correct","Correct","Correct","Correct"
"8",68,"7_8_stimuli","8_8","Congruent","Congruent","Congruent","Incongruent",135.998771,136.198766,"8*",0.563583,"Correct","Correct","Correct","Correct"
"9",1,"1_2_stimuli","2_2","Congruent",NA,NA,NA,1.999975,2.199979,"2@",0.581444,"Correct",NA,NA,NA
"9",2,"3_4_stimuli","4_3","Incongruent","Congruent",NA,NA,3.999955,4.199966,"3#",0.772977,"Correct","Correct",NA,NA
"9",3,"5_6_stimuli","6_6","Congruent","Incongruent","Congruent",NA,5.999938,6.199947,"6^",0.549361,"Correct","Correct","Correct",NA
"9",4,"7_8_stimuli","8_7","Incongruent","Congruent","Incongruent","Congruent",7.999916,8.199918,"7&",0.405713,"Correct","Correct","Correct","Correct"
"9",5,"1_2_stimuli","2_2","Congruent","Incongruent","Congruent","Incongruent",9.999912,10.199901,"2@",0.581592,"Correct","Correct","Correct","Correct"
"9",6,"3_4_stimuli","4_4","Congruent","Congruent","Incongruent","Congruent",11.999894,12.199894,"4$",0.869077,"Correct","Correct","Correct","Correct"
"9",7,"5_6_stimuli","5_6","Incongruent","Congruent","Congruent","Incongruent",13.999863,14.19987,"6^",0.837455,"Correct","Correct","Correct","Correct"
"9",8,"7_8_stimuli","7_8","Incongruent","Incongruent","Congruent","Congruent",15.999847,16.199852,"8*",0.869487,"Correct","Correct","Correct","Correct"
"9",9,"1_2_stimuli","2_2","Congruent","Incongruent","Incongruent","Congruent",17.99983,18.199828,"2@",0.533611,"Correct","Correct","Correct","Correct"
"9",10,"3_4_stimuli","3_4","Incongruent","Congruent","Incongruent","Incongruent",19.999813,20.199812,"4$",0.885585,"Correct","Correct","Correct","Correct"
"9",11,"5_6_stimuli","6_6","Congruent","Incongruent","Congruent","Incongruent",21.999804,22.199792,"6^",1.157584,"Correct","Correct","Correct","Correct"
"9",12,"7_8_stimuli","8_7","Incongruent","Congruent","Incongruent","Congruent",23.999776,24.199781,"7&",0.421751,"Correct","Correct","Correct","Correct"
"9",13,"1_2_stimuli","2_1","Incongruent","Incongruent","Congruent","Incongruent",25.999769,26.199762,"1!",0.501531,"Correct","Correct","Correct","Correct"
"9",14,"3_4_stimuli","3_3","Congruent","Incongruent","Incongruent","Congruent",27.999738,28.199744,"3#",0.741794,"Correct","Correct","Correct","Correct"
"9",15,"5_6_stimuli","5_6","Incongruent","Congruent","Incongruent","Incongruent",29.999723,30.199731,"6^",0.805204,"Correct","Correct","Correct","Correct"
"9",16,"7_8_stimuli","8_7","Incongruent","Incongruent","Congruent","Incongruent",31.999703,32.199705,"7&",0.549166,"Correct","Correct","Correct","Correct"
"9",17,"1_2_stimuli","2_1","Incongruent","Incongruent","Incongruent","Congruent",33.999694,34.199682,"1!",0.485772,"Correct","Correct","Correct","Correct"
"9",18,"3_4_stimuli","4_3","Incongruent","Incongruent","Incongruent","Incongruent",35.999669,36.199676,"3#",0.613222,"Correct","Correct","Correct","Correct"
"9",19,"5_6_stimuli","6_6","Congruent","Incongruent","Incongruent","Incongruent",37.999649,38.19964,"6^",0.661893,"Correct","Correct","Correct","Correct"
"9",20,"7_8_stimuli","7_7","Congruent","Congruent","Incongruent","Incongruent",39.999642,40.199628,"7&",0.549723,"Correct","Correct","Correct","Correct"
"9",21,"1_2_stimuli","2_2","Congruent","Congruent","Congruent","Incongruent",41.999613,42.199609,"2@",0.51741,"Correct","Correct","Correct","Correct"
"9",22,"3_4_stimuli","4_3","Incongruent","Congruent","Congruent","Congruent",43.999583,44.19959,"3#",1.142014,"Correct","Correct","Correct","Correct"
"9",23,"5_6_stimuli","6_5","Incongruent","Incongruent","Congruent","Congruent",45.999577,46.19957,"5%",0.886052,"Correct","Correct","Correct","Correct"
"9",24,"7_8_stimuli","7_8","Incongruent","Incongruent","Incongruent","Congruent",47.999566,48.199567,"8*",0.661953,"Correct","Correct","Correct","Correct"
"9",25,"1_2_stimuli","2_1","Incongruent","Incongruent","Incongruent","Incongruent",49.999535,50.199542,"1!",0.629749,"Correct","Correct","Correct","Correct"
"9",26,"3_4_stimuli","4_4","Congruent","Incongruent","Incongruent","Incongruent",51.999532,52.199531,"4$",0.709355,"Correct","Correct","Correct","Correct"
"9",27,"5_6_stimuli","6_6","Congruent","Congruent","Incongruent","Incongruent",53.999505,54.1995,"6^",0.917747,"Correct","Correct","Correct","Correct"
"9",28,"7_8_stimuli","7_8","Incongruent","Congruent","Congruent","Incongruent",55.999483,56.199476,"8*",0.709394,"Correct","Correct","Correct","Correct"
"9",29,"1_2_stimuli","1_2","Incongruent","Incongruent","Congruent","Congruent",57.999466,58.199469,"2@",0.677898,"Correct","Correct","Correct","Correct"
"9",30,"3_4_stimuli","4_3","Incongruent","Incongruent","Incongruent","Congruent",59.99945,60.199449,"3#",0.59795,"Correct","Correct","Correct","Correct"
"9",31,"5_6_stimuli","6_5","Incongruent","Incongruent","Incongruent","Incongruent",61.999429,62.199423,"5%",0.853477,"Correct","Correct","Correct","Correct"
"9",32,"7_8_stimuli","8_7","Incongruent","Incongruent","Incongruent","Incongruent",63.999411,64.199414,"7&",0.853469,"Correct","Correct","Correct","Correct"
"9",33,"1_2_stimuli","1_1","Congruent","Incongruent","Incongruent","Incongruent",65.999405,66.199388,"1!",0.502069,"Correct","Correct","Correct","Correct"
"9",34,"3_4_stimuli","3_3","Congruent","Congruent","Incongruent","Incongruent",67.999375,68.199374,"3#",0.597476,"Correct","Correct","Correct","Correct"
"9",35,"5_6_stimuli","5_5","Congruent","Congruent","Congruent","Incongruent",69.999357,70.199358,"5%",0.981972,"Correct","Correct","Correct","Correct"
"9",36,"7_8_stimuli","8_8","Congruent","Congruent","Congruent","Congruent",71.999344,72.199348,"8*",1.253544,"Correct","Correct","Correct","Correct"
"9",37,"1_2_stimuli","1_2","Incongruent","Congruent","Congruent","Congruent",73.999325,74.199311,"2@",0.5663,"Correct","Correct","Correct","Correct"
"9",38,"3_4_stimuli","4_4","Congruent","Incongruent","Congruent","Congruent",75.999309,76.199304,"4$",0.806228,"Correct","Correct","Correct","Correct"
"9",39,"5_6_stimuli","6_5","Incongruent","Congruent","Incongruent","Congruent",77.999288,78.199279,"5%",0.726286,"Correct","Correct","Correct","Correct"
"9",40,"7_8_stimuli","8_8","Congruent","Incongruent","Congruent","Incongruent",79.999271,80.199265,"8*",0.534133,"Correct","Correct","Correct","Correct"
"9",41,"1_2_stimuli","2_1","Incongruent","Congruent","Incongruent","Congruent",81.999252,82.199245,"1!",0.533653,"Correct","Correct","Correct","Correct"
"9",42,"3_4_stimuli","3_3","Congruent","Incongruent","Congruent","Incongruent",83.999231,84.199227,"3#",0.86963,"Correct","Correct","Correct","Correct"
"9",43,"5_6_stimuli","5_5","Congruent","Congruent","Incongruent","Congruent",85.999207,86.199213,"5%",1.109614,"Correct","Correct","Correct","Correct"
"9",44,"7_8_stimuli","7_7","Congruent","Congruent","Congruent","Incongruent",87.999192,88.199186,"7&",0.965686,"Correct","Correct","Correct","Correct"
"9",45,"1_2_stimuli","2_2","Congruent","Congruent","Congruent","Congruent",89.999179,90.199171,"2@",0.5816,"Correct","Correct","Correct","Correct"
"9",46,"3_4_stimuli","3_3","Congruent","Congruent","Congruent","Congruent",91.999155,92.199162,"3#",0.822403,"Correct","Correct","Correct","Correct"
"9",47,"5_6_stimuli","5_6","Incongruent","Congruent","Congruent","Congruent",93.999137,94.199134,"6^",1.270439,"Correct","Correct","Correct","Correct"
"9",48,"7_8_stimuli","7_7","Congruent","Incongruent","Congruent","Congruent",95.999125,96.199116,"7&",0.502152,"Correct","Correct","Correct","Correct"
"9",49,"1_2_stimuli","1_1","Congruent","Congruent","Incongruent","Congruent",97.999103,98.199105,"1!",0.469719,"Correct","Correct","Correct","Correct"
"9",50,"3_4_stimuli","3_4","Incongruent","Congruent","Congruent","Incongruent",99.999083,100.19908,"4$",0.982154,"Correct","Correct","Correct","Correct"
"9",51,"5_6_stimuli","6_6","Congruent","Incongruent","Congruent","Congruent",101.999064,102.199065,"Omission",5000,"Omission","Correct","Correct","Correct"
"9",52,"7_8_stimuli","8_8","Congruent","Congruent","Incongruent","Congruent",103.99905,104.199051,"8*",0.710105,"Correct","Omission","Correct","Correct"
"9",53,"1_2_stimuli","1_2","Incongruent","Congruent","Congruent","Incongruent",105.999024,106.199024,"2@",0.550221,"Correct","Correct","Omission","Correct"
"9",54,"3_4_stimuli","3_4","Incongruent","Incongruent","Congruent","Congruent",107.999016,108.199008,"4$",0.821796,"Correct","Correct","Correct","Omission"
"9",55,"5_6_stimuli","5_6","Incongruent","Incongruent","Incongruent","Congruent",109.998991,110.198997,"6^",0.741887,"Correct","Correct","Correct","Correct"
"9",56,"7_8_stimuli","7_7","Congruent","Incongruent","Incongruent","Incongruent",111.998971,112.198979,"7&",0.486516,"Correct","Correct","Correct","Correct"
"9",57,"1_2_stimuli","1_1","Congruent","Congruent","Incongruent","Incongruent",113.998955,114.198954,"1!",0.45408,"Correct","Correct","Correct","Correct"
"9",58,"3_4_stimuli","4_4","Congruent","Congruent","Congruent","Incongruent",115.998935,116.198947,"4$",0.966501,"Correct","Correct","Correct","Correct"
"9",59,"5_6_stimuli","5_5","Congruent","Congruent","Congruent","Congruent",117.998932,118.19892,"5%",0.742316,"Correct","Correct","Correct","Correct"
"9",60,"7_8_stimuli","8_7","Incongruent","Congruent","Congruent","Congruent",119.998903,120.198899,"7&",0.758661,"Correct","Correct","Correct","Correct"
"9",61,"1_2_stimuli","1_1","Congruent","Incongruent","Congruent","Congruent",121.998885,122.198876,"1!",0.405932,"Correct","Correct","Correct","Correct"
"9",62,"3_4_stimuli","3_4","Incongruent","Congruent","Incongruent","Congruent",123.998868,124.198858,"4$",0.789956,"Correct","Correct","Correct","Correct"
"9",63,"5_6_stimuli","6_5","Incongruent","Incongruent","Congruent","Incongruent",125.998849,126.198845,"5%",0.646461,"Correct","Correct","Correct","Correct"
"9",64,"7_8_stimuli","8_8","Congruent","Incongruent","Incongruent","Congruent",127.998828,128.198833,"8*",1.269881,"Correct","Correct","Correct","Correct"
"9",65,"1_2_stimuli","1_2","Incongruent","Congruent","Incongruent","Incongruent",129.998806,130.198815,"2@",0.502332,"Correct","Correct","Correct","Correct"
"9",66,"3_4_stimuli","4_3","Incongruent","Incongruent","Congruent","Incongruent",131.998792,132.19879,"3#",0.902011,"Correct","Correct","Correct","Correct"
"9",67,"5_6_stimuli","5_5","Congruent","Incongruent","Incongruent","Congruent",133.998779,134.19878,"5%",0.678016,"Correct","Correct","Correct","Correct"
"9",68,"7_8_stimuli","7_8","Incongruent","Congruent","Incongruent","Incongruent",135.998755,136.198756,"8*",0.982043,"Correct","Correct","Correct","Correct"
"10",1,"1_2_stimuli","1_1","Congruent",NA,NA,NA,1.999988,2.19999,"1!",0.495467,"Correct",NA,NA,NA
"10",2,"3_4_stimuli","3_3","Congruent","Congruent",NA,NA,3.999967,4.199971,"2@",0.751627,"Error","Correct",NA,NA
"10",3,"5_6_stimuli","5_6","Incongruent","Congruent","Congruent",NA,5.999953,6.199947,"6^",0.944139,"Correct","Error","Correct",NA
"10",4,"7_8_stimuli","7_7","Congruent","Incongruent","Congruent","Congruent",7.999933,8.19994,"7&",0.607991,"Correct","Correct","Error","Correct"
"10",5,"1_2_stimuli","2_2","Congruent","Congruent","Incongruent","Congruent",9.999921,10.199908,"2@",0.591481,"Correct","Correct","Correct","Error"
"10",6,"3_4_stimuli","4_3","Incongruent","Congruent","Congruent","Incongruent",11.999898,12.199892,"3#",0.895422,"Correct","Correct","Correct","Correct"
"10",7,"5_6_stimuli","5_6","Incongruent","Incongruent","Congruent","Congruent",13.999881,14.199877,"6^",0.831919,"Correct","Correct","Correct","Correct"
"10",8,"7_8_stimuli","7_8","Incongruent","Incongruent","Incongruent","Congruent",15.999866,16.199855,"8*",0.671859,"Correct","Correct","Correct","Correct"
"10",9,"1_2_stimuli","1_1","Congruent","Incongruent","Incongruent","Incongruent",17.999848,18.199836,"1!",0.543512,"Correct","Correct","Correct","Correct"
"10",10,"3_4_stimuli","4_3","Incongruent","Congruent","Incongruent","Incongruent",19.999824,20.199832,"3#",0.623538,"Correct","Correct","Correct","Correct"
"10",11,"5_6_stimuli","5_5","Congruent","Incongruent","Congruent","Incongruent",21.999808,22.199796,"5%",0.719842,"Correct","Correct","Correct","Correct"
"10",12,"7_8_stimuli","8_7","Incongruent","Congruent","Incongruent","Congruent",23.999788,24.199789,"7&",1.040057,"Correct","Correct","Correct","Correct"
"10",13,"1_2_stimuli","2_2","Congruent","Incongruent","Congruent","Incongruent",25.99977,26.199768,"2@",0.544193,"Correct","Correct","Correct","Correct"
"10",14,"3_4_stimuli","3_4","Incongruent","Congruent","Incongruent","Congruent",27.999761,28.199753,"4$",0.783615,"Correct","Correct","Correct","Correct"
"10",15,"5_6_stimuli","6_5","Incongruent","Incongruent","Congruent","Incongruent",29.999731,30.199731,"5%",1.104232,"Correct","Correct","Correct","Correct"
"10",16,"7_8_stimuli","8_8","Congruent","Incongruent","Incongruent","Congruent",31.999725,32.199717,"8*",0.911895,"Correct","Correct","Correct","Correct"
"10",17,"1_2_stimuli","2_2","Congruent","Congruent","Incongruent","Incongruent",33.999698,34.199704,"2@",0.672103,"Correct","Correct","Correct","Correct"
"10",18,"3_4_stimuli","4_4","Congruent","Congruent","Congruent","Incongruent",35.999675,36.199674,"4$",0.719665,"Correct","Correct","Correct","Correct"
"10",19,"5_6_stimuli","5_6","Incongruent","Congruent","Congruent","Congruent",37.999662,38.199662,"6^",0.768367,"Correct","Correct","Correct","Correct"
"10",20,"7_8_stimuli","7_8","Incongruent","Incongruent","Congruent","Congruent",39.999641,40.199637,"8*",0.608305,"Correct","Correct","Correct","Correct"
"10",21,"1_2_stimuli","1_2","Incongruent","Incongruent","Incongruent","Congruent",41.999633,42.199616,"2@",0.52847,"Correct","Correct","Correct","Correct"
"10",22,"3_4_stimuli","4_3","Incongruent","Incongruent","Incongruent","Incongruent",43.999609,44.199601,"3#",0.55986,"Correct","Correct","Correct","Correct"
"10",23,"5_6_stimuli","5_6","Incongruent","Incongruent","Incongruent","Incongruent",45.999591,46.19958,"6^",1.088274,"Correct","Correct","Correct","Correct"
"10",24,"7_8_stimuli","7_8","Incongruent","Incongruent","Incongruent","Incongruent",47.999567,48.19957,"8*",0.576293,"Correct","Correct","Correct","Correct"
"10",25,"1_2_stimuli","1_2","Incongruent","Incongruent","Incongruent","Incongruent",49.999545,50.199542,"2@",0.447786,"Correct","Correct","Correct","Correct"
"10",26,"3_4_stimuli","4_4","Congruent","Incongruent","Incongruent","Incongruent",51.999532,52.19953,"4$",0.720348,"Correct","Correct","Correct","Correct"
"10",27,"5_6_stimuli","6_5","Incongruent","Congruent","Incongruent","Incongruent",53.999512,54.199505,"5%",0.656202,"Correct","Correct","Correct","Correct"
"10",28,"7_8_stimuli","8_7","Incongruent","Incongruent","Congruent","Incongruent",55.999507,56.199497,"7&",0.752284,"Correct","Correct","Correct","Correct"
"10",29,"1_2_stimuli","1_1","Congruent","Incongruent","Incongruent","Congruent",57.999476,58.199471,"1!",0.432276,"Correct","Correct","Correct","Correct"
"10",30,"3_4_stimuli","3_3","Congruent","Congruent","Incongruent","Incongruent",59.999488,60.199459,"3#",0.8638,"Correct","Correct","Correct","Correct"
"10",31,"5_6_stimuli","6_6","Congruent","Congruent","Congruent","Incongruent",61.999444,62.199437,"6^",0.832365,"Correct","Correct","Correct","Correct"
"10",32,"7_8_stimuli","7_8","Incongruent","Congruent","Congruent","Congruent",63.999424,64.19942,"8*",0.81617,"Correct","Correct","Correct","Correct"
"10",33,"1_2_stimuli","2_1","Incongruent","Incongruent","Congruent","Congruent",65.999404,66.199412,"1!",0.464312,"Correct","Correct","Correct","Correct"
"10",34,"3_4_stimuli","4_4","Congruent","Incongruent","Incongruent","Congruent",67.999381,68.199386,"4$",0.928666,"Correct","Correct","Correct","Correct"
"10",35,"5_6_stimuli","6_6","Congruent","Congruent","Incongruent","Incongruent",69.999371,70.199361,"6^",0.912408,"Correct","Correct","Correct","Correct"
"10",36,"7_8_stimuli","7_7","Congruent","Congruent","Congruent","Incongruent",71.999346,72.199355,"7&",0.479955,"Correct","Correct","Correct","Correct"
"10",37,"1_2_stimuli","2_1","Incongruent","Congruent","Congruent","Congruent",73.99934,74.19934,"1!",0.432358,"Correct","Correct","Correct","Correct"
"10",38,"3_4_stimuli","3_4","Incongruent","Incongruent","Congruent","Congruent",75.999318,76.199322,"4$",0.912385,"Correct","Correct","Correct","Correct"
"10",39,"5_6_stimuli","6_6","Congruent","Incongruent","Incongruent","Congruent",77.9993,78.199293,"6^",1.040002,"Correct","Correct","Correct","Correct"
"10",40,"7_8_stimuli","8_7","Incongruent","Congruent","Incongruent","Incongruent",79.999283,80.199273,"7&",0.816022,"Correct","Correct","Correct","Correct"
"10",41,"1_2_stimuli","1_2","Incongruent","Incongruent","Congruent","Incongruent",81.999261,82.199256,"2@",0.528115,"Correct","Correct","Correct","Correct"
"10",42,"3_4_stimuli","3_4","Incongruent","Incongruent","Incongruent","Congruent",83.999252,84.19924,"4$",1.088048,"Correct","Correct","Correct","Correct"
"10",43,"5_6_stimuli","5_5","Congruent","Incongruent","Incongruent","Incongruent",85.999218,86.199217,"5%",0.76801,"Correct","Correct","Correct","Correct"
"10",44,"7_8_stimuli","7_7","Congruent","Congruent","Incongruent","Incongruent",87.999205,88.199207,"7&",0.960594,"Correct","Correct","Correct","Correct"
"10",45,"1_2_stimuli","2_2","Congruent","Congruent","Congruent","Incongruent",89.99919,90.199194,"2@",0.528636,"Correct","Correct","Correct","Correct"
"10",46,"3_4_stimuli","4_4","Congruent","Congruent","Congruent","Congruent",91.999178,92.199167,"4$",0.784411,"Correct","Correct","Correct","Correct"
"10",47,"5_6_stimuli","6_6","Congruent","Congruent","Congruent","Congruent",93.999154,94.199146,"6^",0.816346,"Correct","Correct","Correct","Correct"
"10",48,"7_8_stimuli","7_7","Congruent","Congruent","Congruent","Congruent",95.999129,96.199122,"7&",0.496117,"Correct","Correct","Correct","Correct"
"10",49,"1_2_stimuli","1_1","Congruent","Congruent","Congruent","Congruent",97.999111,98.199108,"1!",0.464754,"Correct","Correct","Correct","Correct"
"10",50,"3_4_stimuli","4_3","Incongruent","Congruent","Congruent","Congruent",99.999094,100.199093,"3#",0.640171,"Correct","Correct","Correct","Correct"
"10",51,"5_6_stimuli","5_5","Congruent","Incongruent","Congruent","Congruent",101.99908,102.199075,"5%",0.928479,"Correct","Correct","Correct","Correct"
"10",52,"7_8_stimuli","8_8","Congruent","Congruent","Incongruent","Congruent",103.999063,104.199056,"7&",0.752136,"Error","Correct","Correct","Correct"
"10",53,"1_2_stimuli","2_1","Incongruent","Congruent","Congruent","Incongruent",105.999032,106.199042,"1!",0.496173,"Correct","Error","Correct","Correct"
"10",54,"3_4_stimuli","3_3","Congruent","Incongruent","Congruent","Congruent",107.999024,108.199045,"3#",0.896865,"Correct","Correct","Error","Correct"
"10",55,"5_6_stimuli","5_5","Congruent","Congruent","Incongruent","Congruent",109.999009,110.198997,"5%",0.752918,"Correct","Correct","Correct","Error"
"10",56,"7_8_stimuli","8_7","Incongruent","Congruent","Congruent","Incongruent",111.998987,112.198986,"7&",0.720245,"Correct","Correct","Correct","Correct"
"10",57,"1_2_stimuli","1_1","Congruent","Incongruent","Congruent","Congruent",113.998969,114.198977,"1!",0.464965,"Correct","Correct","Correct","Correct"
"10",58,"3_4_stimuli","3_3","Congruent","Congruent","Incongruent","Congruent",115.998952,116.198949,"3#",1.184344,"Correct","Correct","Correct","Correct"
"10",59,"5_6_stimuli","6_5","Incongruent","Congruent","Congruent","Incongruent",117.998935,118.19893,"5%",0.801047,"Correct","Correct","Correct","Correct"
"10",60,"7_8_stimuli","7_7","Congruent","Incongruent","Congruent","Congruent",119.998905,120.198914,"7&",0.528358,"Correct","Correct","Correct","Correct"
"10",61,"1_2_stimuli","1_2","Incongruent","Congruent","Incongruent","Congruent",121.998894,122.198893,"2@",0.960343,"Correct","Correct","Correct","Correct"
"10",62,"3_4_stimuli","3_4","Incongruent","Incongruent","Congruent","Incongruent",123.998878,124.198875,"4$",1.424372,"Correct","Correct","Correct","Correct"
"10",63,"5_6_stimuli","6_5","Incongruent","Incongruent","Incongruent","Congruent",125.998859,126.198863,"5%",0.496746,"Correct","Correct","Correct","Correct"
"10",64,"7_8_stimuli","8_8","Congruent","Incongruent","Incongruent","Incongruent",127.998836,128.198837,"8*",0.576412,"Correct","Correct","Correct","Correct"
"10",65,"1_2_stimuli","2_1","Incongruent","Congruent","Incongruent","Incongruent",129.998821,130.198817,"1!",0.432427,"Correct","Correct","Correct","Correct"
"10",66,"3_4_stimuli","3_3","Congruent","Incongruent","Congruent","Incongruent",131.99881,132.198806,"3#",0.864445,"Correct","Correct","Correct","Correct"
"10",67,"5_6_stimuli","5_6","Incongruent","Congruent","Incongruent","Congruent",133.998785,134.198785,"6^",0.961035,"Correct","Correct","Correct","Correct"
"10",68,"7_8_stimuli","8_8","Congruent","Incongruent","Congruent","Incongruent",135.998762,136.198762,"8*",0.656699,"Correct","Correct","Correct","Correct"
"11",1,"1_2_stimuli","2_2","Congruent",NA,NA,NA,1.999973,2.19998,"2@",0.581327,"Correct",NA,NA,NA
"11",2,"3_4_stimuli","4_4","Congruent","Congruent",NA,NA,3.999952,4.199963,"4$",0.804637,"Correct","Correct",NA,NA
"11",3,"5_6_stimuli","5_6","Incongruent","Congruent","Congruent",NA,5.999937,6.199944,"6^",1.028684,"Correct","Correct","Correct",NA
"11",4,"7_8_stimuli","7_8","Incongruent","Incongruent","Congruent","Congruent",7.999933,8.199925,"8*",0.821243,"Correct","Correct","Correct","Correct"
"11",5,"1_2_stimuli","2_2","Congruent","Incongruent","Incongruent","Congruent",9.999909,10.199908,"2@",0.516938,"Correct","Correct","Correct","Correct"
"11",6,"3_4_stimuli","3_4","Incongruent","Congruent","Incongruent","Incongruent",11.999888,12.199886,"4$",0.61266,"Correct","Correct","Correct","Correct"
"11",7,"5_6_stimuli","5_5","Congruent","Incongruent","Congruent","Incongruent",13.999873,14.19987,"5%",0.532741,"Correct","Correct","Correct","Correct"
"11",8,"7_8_stimuli","8_7","Incongruent","Congruent","Incongruent","Congruent",15.999874,16.199855,"7&",0.565297,"Correct","Correct","Correct","Correct"
"11",9,"1_2_stimuli","2_2","Congruent","Incongruent","Congruent","Incongruent",17.999834,18.199834,"2@",0.484755,"Correct","Correct","Correct","Correct"
"11",10,"3_4_stimuli","3_3","Congruent","Congruent","Incongruent","Congruent",19.999818,20.199823,"3#",0.997323,"Correct","Correct","Correct","Correct"
"11",11,"5_6_stimuli","6_5","Incongruent","Congruent","Congruent","Incongruent",21.999805,22.199794,"5%",0.660781,"Correct","Correct","Correct","Correct"
"11",12,"7_8_stimuli","7_7","Congruent","Incongruent","Congruent","Congruent",23.999782,24.19978,"7&",0.629117,"Correct","Correct","Correct","Correct"
"11",13,"1_2_stimuli","1_1","Congruent","Congruent","Incongruent","Congruent",25.999759,26.199766,"1!",0.517426,"Correct","Correct","Correct","Correct"
"11",14,"3_4_stimuli","4_3","Incongruent","Congruent","Congruent","Incongruent",27.999749,28.199739,"3#",0.661468,"Correct","Correct","Correct","Correct"
"11",15,"5_6_stimuli","5_6","Incongruent","Incongruent","Congruent","Congruent",29.999726,30.199733,"6^",0.80551,"Correct","Correct","Correct","Correct"
"11",16,"7_8_stimuli","8_8","Congruent","Incongruent","Incongruent","Congruent",31.999714,32.199707,"8*",0.677528,"Correct","Correct","Correct","Correct"
"11",17,"1_2_stimuli","2_1","Incongruent","Congruent","Incongruent","Incongruent",33.999691,34.199686,"1!",0.500928,"Correct","Correct","Correct","Correct"
"11",18,"3_4_stimuli","4_4","Congruent","Incongruent","Congruent","Incongruent",35.999676,36.199671,"4$",0.660906,"Correct","Correct","Correct","Correct"
"11",19,"5_6_stimuli","6_5","Incongruent","Congruent","Incongruent","Congruent",37.99965,38.19966,"5%",0.901405,"Correct","Correct","Correct","Correct"
"11",20,"7_8_stimuli","7_7","Congruent","Incongruent","Congruent","Incongruent",39.99964,40.199637,"7&",0.66109,"Correct","Correct","Correct","Correct"
"11",21,"1_2_stimuli","1_2","Incongruent","Congruent","Incongruent","Congruent",41.999623,42.199624,"2@",0.565584,"Correct","Correct","Correct","Correct"
"11",22,"3_4_stimuli","4_3","Incongruent","Incongruent","Congruent","Incongruent",43.999601,44.19959,"3#",0.549625,"Correct","Correct","Correct","Correct"
"11",23,"5_6_stimuli","6_6","Congruent","Incongruent","Incongruent","Congruent",45.999586,46.199587,"6^",1.10897,"Correct","Correct","Correct","Correct"
"11",24,"7_8_stimuli","8_8","Congruent","Congruent","Incongruent","Incongruent",47.999564,48.199558,"8*",0.629008,"Correct","Correct","Correct","Correct"
"11",25,"1_2_stimuli","2_1","Incongruent","Congruent","Congruent","Incongruent",49.999547,50.199539,"1!",0.452996,"Correct","Correct","Correct","Correct"
"11",26,"3_4_stimuli","4_3","Incongruent","Incongruent","Congruent","Congruent",51.999525,52.199532,"3#",0.501752,"Correct","Correct","Correct","Correct"
"11",27,"5_6_stimuli","5_6","Incongruent","Incongruent","Incongruent","Congruent",53.999513,54.199515,"6^",0.949695,"Correct","Correct","Correct","Correct"
"11",28,"7_8_stimuli","8_8","Congruent","Incongruent","Incongruent","Incongruent",55.999482,56.199492,"8*",0.533011,"Correct","Correct","Correct","Correct"
"11",29,"1_2_stimuli","1_1","Congruent","Congruent","Incongruent","Incongruent",57.999468,58.199464,"1!",0.453333,"Correct","Correct","Correct","Correct"
"11",30,"3_4_stimuli","3_3","Congruent","Congruent","Congruent","Incongruent",59.999455,60.199453,"3#",0.565562,"Correct","Correct","Correct","Correct"
"11",31,"5_6_stimuli","6_5","Incongruent","Congruent","Congruent","Congruent",61.999437,62.199428,"5%",0.693121,"Correct","Correct","Correct","Correct"
"11",32,"7_8_stimuli","7_8","Incongruent","Incongruent","Congruent","Congruent",63.999419,64.199416,"8*",0.725096,"Correct","Correct","Correct","Correct"
"11",33,"1_2_stimuli","1_2","Incongruent","Incongruent","Incongruent","Congruent",65.999401,66.199394,"2@",0.565286,"Correct","Correct","Correct","Correct"
"11",34,"3_4_stimuli","4_3","Incongruent","Incongruent","Incongruent","Incongruent",67.99938,68.199379,"3#",0.661788,"Correct","Correct","Correct","Correct"
"11",35,"5_6_stimuli","5_6","Incongruent","Incongruent","Incongruent","Incongruent",69.99937,70.199365,"6^",0.997461,"Correct","Correct","Correct","Correct"
"11",36,"7_8_stimuli","8_7","Incongruent","Incongruent","Incongruent","Incongruent",71.999346,72.199342,"7&",0.789302,"Correct","Correct","Correct","Correct"
"11",37,"1_2_stimuli","1_1","Congruent","Incongruent","Incongruent","Incongruent",73.999334,74.19932,"1!",0.469153,"Correct","Correct","Correct","Correct"
"11",38,"3_4_stimuli","3_3","Congruent","Congruent","Incongruent","Incongruent",75.999309,76.199302,"3#",0.645907,"Correct","Correct","Correct","Correct"
"11",39,"5_6_stimuli","6_6","Congruent","Congruent","Congruent","Incongruent",77.999289,78.19929,"6^",1.429953,"Correct","Correct","Correct","Correct"
"11",40,"7_8_stimuli","8_8","Congruent","Congruent","Congruent","Congruent",79.999266,80.199266,"8*",0.58182,"Correct","Correct","Correct","Correct"
"11",41,"1_2_stimuli","1_2","Incongruent","Congruent","Congruent","Congruent",81.99926,82.199246,"Omission",5000,"Omission","Correct","Correct","Correct"
"11",42,"3_4_stimuli","4_4","Congruent","Incongruent","Congruent","Congruent",83.999227,84.199233,"Omission",5000,"Omission","Omission","Correct","Correct"
"11",43,"5_6_stimuli","5_5","Congruent","Congruent","Incongruent","Congruent",85.999214,86.199218,"5%",0.597888,"Correct","Omission","Omission","Correct"
"11",44,"7_8_stimuli","7_8","Incongruent","Congruent","Congruent","Incongruent",87.999195,88.199194,"8*",1.125273,"Correct","Correct","Omission","Omission"
"11",45,"1_2_stimuli","1_2","Incongruent","Incongruent","Congruent","Congruent",89.999184,90.199172,"Omission",5000,"Omission","Correct","Correct","Omission"
"11",46,"3_4_stimuli","3_4","Incongruent","Incongruent","Incongruent","Congruent",91.999164,92.199157,"4$",1.093327,"Correct","Omission","Correct","Correct"
"11",47,"5_6_stimuli","6_6","Congruent","Incongruent","Incongruent","Incongruent",93.99914,94.199137,"6^",0.965877,"Correct","Correct","Omission","Correct"
"11",48,"7_8_stimuli","8_7","Incongruent","Congruent","Incongruent","Incongruent",95.999123,96.199124,"Omission",5000,"Omission","Correct","Correct","Omission"
"11",49,"1_2_stimuli","2_1","Incongruent","Incongruent","Congruent","Incongruent",97.999116,98.199102,"1!",0.838014,"Correct","Omission","Correct","Correct"
"11",50,"3_4_stimuli","4_4","Congruent","Incongruent","Incongruent","Congruent",99.999083,100.199084,"4$",0.853356,"Correct","Correct","Omission","Correct"
"11",51,"5_6_stimuli","6_6","Congruent","Congruent","Incongruent","Incongruent",101.999074,102.199073,"6^",1.045424,"Correct","Correct","Correct","Omission"
"11",52,"7_8_stimuli","7_7","Congruent","Congruent","Congruent","Incongruent",103.999055,104.199046,"7&",0.693808,"Correct","Correct","Correct","Correct"
"11",53,"1_2_stimuli","2_2","Congruent","Congruent","Congruent","Congruent",105.999038,106.19903,"2@",0.677936,"Correct","Correct","Correct","Correct"
"11",54,"3_4_stimuli","3_4","Incongruent","Congruent","Congruent","Congruent",107.999012,108.199014,"4$",0.83762,"Correct","Correct","Correct","Correct"
"11",55,"5_6_stimuli","5_5","Congruent","Incongruent","Congruent","Congruent",109.998989,110.198989,"5%",0.742113,"Correct","Correct","Correct","Correct"
"11",56,"7_8_stimuli","7_7","Congruent","Congruent","Incongruent","Congruent",111.998984,112.198977,"7&",0.741415,"Correct","Correct","Correct","Correct"
"11",57,"1_2_stimuli","2_2","Congruent","Congruent","Congruent","Incongruent",113.998965,114.198954,"2@",0.50218,"Correct","Correct","Correct","Correct"
"11",58,"3_4_stimuli","3_3","Congruent","Congruent","Congruent","Congruent",115.998953,116.198946,"3#",0.533522,"Correct","Correct","Correct","Correct"
"11",59,"5_6_stimuli","5_5","Congruent","Congruent","Congruent","Congruent",117.998924,118.198926,"5%",0.741547,"Correct","Correct","Correct","Correct"
"11",60,"7_8_stimuli","7_8","Incongruent","Congruent","Congruent","Congruent",119.998907,120.198908,"8*",0.757507,"Correct","Correct","Correct","Correct"
"11",61,"1_2_stimuli","1_1","Congruent","Incongruent","Congruent","Congruent",121.99889,122.19888,"1!",0.453582,"Correct","Correct","Correct","Correct"
"11",62,"3_4_stimuli","3_4","Incongruent","Congruent","Incongruent","Congruent",123.998872,124.198868,"4$",0.598072,"Correct","Correct","Correct","Correct"
"11",63,"5_6_stimuli","6_5","Incongruent","Incongruent","Congruent","Incongruent",125.998852,126.198845,"5%",0.550003,"Correct","Correct","Correct","Correct"
"11",64,"7_8_stimuli","7_8","Incongruent","Incongruent","Incongruent","Congruent",127.998839,128.198835,"8*",0.598034,"Correct","Correct","Correct","Correct"
"11",65,"1_2_stimuli","2_1","Incongruent","Incongruent","Incongruent","Incongruent",129.998821,130.198813,"1!",0.613613,"Correct","Correct","Correct","Correct"
"11",66,"3_4_stimuli","4_4","Congruent","Incongruent","Incongruent","Incongruent",131.998799,132.198796,"4$",0.645507,"Correct","Correct","Correct","Correct"
"11",67,"5_6_stimuli","5_6","Incongruent","Congruent","Incongruent","Incongruent",133.998778,134.19877,"6^",0.742099,"Correct","Correct","Correct","Correct"
"11",68,"7_8_stimuli","8_7","Incongruent","Incongruent","Congruent","Incongruent",135.998762,136.198761,"7&",0.614134,"Correct","Correct","Correct","Correct"
"12",1,"1_2_stimuli","1_2","Incongruent",NA,NA,NA,1.999978,2.199976,"2@",0.625062,"Correct",NA,NA,NA
"12",2,"3_4_stimuli","4_3","Incongruent","Incongruent",NA,NA,3.999962,4.199964,"3#",0.657188,"Correct","Correct",NA,NA
"12",3,"5_6_stimuli","5_6","Incongruent","Incongruent","Incongruent",NA,5.999953,6.199951,"6^",0.705013,"Correct","Correct","Correct",NA
"12",4,"7_8_stimuli","7_8","Incongruent","Incongruent","Incongruent","Incongruent",7.999933,8.199932,"8*",0.545008,"Correct","Correct","Correct","Correct"
"12",5,"1_2_stimuli","1_1","Congruent","Incongruent","Incongruent","Incongruent",9.99991,10.199921,"1!",0.416997,"Correct","Correct","Correct","Correct"
"12",6,"3_4_stimuli","4_3","Incongruent","Congruent","Incongruent","Incongruent",11.999892,12.199891,"3#",0.464443,"Correct","Correct","Correct","Correct"
"12",7,"5_6_stimuli","6_5","Incongruent","Incongruent","Congruent","Incongruent",13.999869,14.199872,"5%",0.976686,"Correct","Correct","Correct","Correct"
"12",8,"7_8_stimuli","8_8","Congruent","Incongruent","Incongruent","Congruent",15.999864,16.199864,"8*",0.800505,"Correct","Correct","Correct","Correct"
"12",9,"1_2_stimuli","1_1","Congruent","Congruent","Incongruent","Incongruent",17.999835,18.199836,"1!",0.528921,"Correct","Correct","Correct","Correct"
"12",10,"3_4_stimuli","4_3","Incongruent","Congruent","Congruent","Incongruent",19.99982,20.199812,"3#",0.784544,"Correct","Correct","Correct","Correct"
"12",11,"5_6_stimuli","5_6","Incongruent","Incongruent","Congruent","Congruent",21.999814,22.199808,"6^",1.008794,"Correct","Correct","Correct","Correct"
"12",12,"7_8_stimuli","8_7","Incongruent","Incongruent","Incongruent","Congruent",23.999794,24.199784,"7&",0.496536,"Correct","Correct","Correct","Correct"
"12",13,"1_2_stimuli","1_2","Incongruent","Incongruent","Incongruent","Incongruent",25.999771,26.199761,"2@",0.62458,"Correct","Correct","Correct","Correct"
"12",14,"3_4_stimuli","3_3","Congruent","Incongruent","Incongruent","Incongruent",27.999747,28.199751,"3#",0.528539,"Correct","Correct","Correct","Correct"
"12",15,"5_6_stimuli","5_5","Congruent","Congruent","Incongruent","Incongruent",29.999728,30.19973,"5%",0.768585,"Correct","Correct","Correct","Correct"
"12",16,"7_8_stimuli","8_7","Incongruent","Congruent","Congruent","Incongruent",31.999712,32.19971,"7&",0.496588,"Correct","Correct","Correct","Correct"
"12",17,"1_2_stimuli","1_2","Incongruent","Incongruent","Congruent","Congruent",33.999689,34.199695,"2@",0.657276,"Correct","Correct","Correct","Correct"
"12",18,"3_4_stimuli","4_3","Incongruent","Incongruent","Incongruent","Congruent",35.999682,36.19968,"3#",0.512703,"Correct","Correct","Correct","Correct"
"12",19,"5_6_stimuli","5_5","Congruent","Incongruent","Incongruent","Incongruent",37.99966,38.199661,"5%",0.625269,"Correct","Correct","Correct","Correct"
"12",20,"7_8_stimuli","8_8","Congruent","Congruent","Incongruent","Incongruent",39.999636,40.199635,"8*",0.624683,"Correct","Correct","Correct","Correct"
"12",21,"1_2_stimuli","1_1","Congruent","Congruent","Congruent","Incongruent",41.999633,42.199628,"1!",0.465307,"Correct","Correct","Correct","Correct"
"12",22,"3_4_stimuli","3_4","Incongruent","Congruent","Congruent","Congruent",43.999606,44.199613,"4$",0.705284,"Correct","Correct","Correct","Correct"
"12",23,"5_6_stimuli","6_6","Congruent","Incongruent","Congruent","Congruent",45.999585,46.19959,"6^",0.785268,"Correct","Correct","Correct","Correct"
"12",24,"7_8_stimuli","7_8","Incongruent","Congruent","Incongruent","Congruent",47.999571,48.199551,"8*",0.640974,"Correct","Correct","Correct","Correct"
"12",25,"1_2_stimuli","2_2","Congruent","Incongruent","Congruent","Incongruent",49.999558,50.199546,"2@",0.544749,"Correct","Correct","Correct","Correct"
"12",26,"3_4_stimuli","4_4","Congruent","Congruent","Incongruent","Congruent",51.999548,52.199531,"4$",0.592799,"Correct","Correct","Correct","Correct"
"12",27,"5_6_stimuli","6_5","Incongruent","Congruent","Congruent","Incongruent",53.999512,54.199513,"5%",0.785466,"Correct","Correct","Correct","Correct"
"12",28,"7_8_stimuli","7_7","Congruent","Incongruent","Congruent","Congruent",55.999499,56.199498,"7&",0.945361,"Correct","Correct","Correct","Correct"
"12",29,"1_2_stimuli","2_1","Incongruent","Congruent","Incongruent","Congruent",57.99948,58.199482,"1!",0.465601,"Correct","Correct","Correct","Correct"
"12",30,"3_4_stimuli","3_3","Congruent","Incongruent","Congruent","Incongruent",59.999456,60.199453,"3#",0.592917,"Correct","Correct","Correct","Correct"
"12",31,"5_6_stimuli","5_5","Congruent","Congruent","Incongruent","Congruent",61.999437,62.199439,"5%",0.657467,"Correct","Correct","Correct","Correct"
"12",32,"7_8_stimuli","8_8","Congruent","Congruent","Congruent","Incongruent",63.99942,64.199427,"8*",0.560824,"Correct","Correct","Correct","Correct"
"12",33,"1_2_stimuli","2_2","Congruent","Congruent","Congruent","Congruent",65.999402,66.199397,"2@",0.480882,"Correct","Correct","Correct","Correct"
"12",34,"3_4_stimuli","4_4","Congruent","Congruent","Congruent","Congruent",67.99939,68.19938,"4$",0.657257,"Correct","Correct","Correct","Correct"
"12",35,"5_6_stimuli","6_6","Congruent","Congruent","Congruent","Congruent",69.999364,70.19936,"6^",0.673486,"Correct","Correct","Correct","Correct"
"12",36,"7_8_stimuli","7_7","Congruent","Congruent","Congruent","Congruent",71.99935,72.199342,"7&",0.450237,"Correct","Correct","Correct","Correct"
"12",37,"1_2_stimuli","2_1","Incongruent","Congruent","Congruent","Congruent",73.999337,74.199328,"1!",0.448857,"Correct","Correct","Correct","Correct"
"12",38,"3_4_stimuli","3_3","Congruent","Incongruent","Congruent","Congruent",75.999314,76.19931,"3#",0.560944,"Correct","Correct","Correct","Correct"
"12",39,"5_6_stimuli","5_6","Incongruent","Congruent","Incongruent","Congruent",77.999299,78.199289,"6^",0.993599,"Correct","Correct","Correct","Correct"
"12",40,"7_8_stimuli","7_8","Incongruent","Incongruent","Congruent","Incongruent",79.999281,80.199272,"8*",0.657196,"Correct","Correct","Correct","Correct"
"12",41,"1_2_stimuli","1_1","Congruent","Incongruent","Incongruent","Congruent",81.999269,82.199256,"1!",0.481455,"Correct","Correct","Correct","Correct"
"12",42,"3_4_stimuli","4_4","Congruent","Congruent","Incongruent","Incongruent",83.999237,84.199233,"4$",0.593371,"Correct","Correct","Correct","Correct"
"12",43,"5_6_stimuli","6_6","Congruent","Congruent","Congruent","Incongruent",85.999224,86.199217,"6^",0.817374,"Correct","Correct","Correct","Correct"
"12",44,"7_8_stimuli","8_7","Incongruent","Congruent","Congruent","Congruent",87.999207,88.199193,"7&",0.497725,"Correct","Correct","Correct","Correct"
"12",45,"1_2_stimuli","2_2","Congruent","Incongruent","Congruent","Congruent",89.999182,90.199186,"2@",0.609078,"Correct","Correct","Correct","Correct"
"12",46,"3_4_stimuli","3_4","Incongruent","Congruent","Incongruent","Congruent",91.99916,92.199163,"4$",0.801904,"Correct","Correct","Correct","Correct"
"12",47,"5_6_stimuli","5_5","Congruent","Incongruent","Congruent","Incongruent",93.999145,94.19915,"5%",0.961774,"Correct","Correct","Correct","Correct"
"12",48,"7_8_stimuli","7_7","Congruent","Congruent","Incongruent","Congruent",95.999124,96.199139,"7&",0.737593,"Correct","Correct","Correct","Correct"
"12",49,"1_2_stimuli","2_1","Incongruent","Congruent","Congruent","Incongruent",97.999127,98.199109,"1!",0.450619,"Correct","Correct","Correct","Correct"
"12",50,"3_4_stimuli","4_3","Incongruent","Incongruent","Congruent","Congruent",99.999088,100.199094,"3#",0.561167,"Correct","Correct","Correct","Correct"
"12",51,"5_6_stimuli","6_5","Incongruent","Incongruent","Incongruent","Congruent",101.999068,102.199082,"5%",0.785831,"Correct","Correct","Correct","Correct"
"12",52,"7_8_stimuli","7_7","Congruent","Incongruent","Incongruent","Incongruent",103.999058,104.199052,"7&",0.513791,"Correct","Correct","Correct","Correct"
"12",53,"1_2_stimuli","1_2","Incongruent","Congruent","Incongruent","Incongruent",105.999035,106.199042,"2@",0.577622,"Correct","Correct","Correct","Correct"
"12",54,"3_4_stimuli","3_4","Incongruent","Incongruent","Congruent","Incongruent",107.999027,108.199032,"4$",0.961183,"Correct","Correct","Correct","Correct"
"12",55,"5_6_stimuli","6_6","Congruent","Incongruent","Incongruent","Congruent",109.99902,110.199,"6^",0.785638,"Correct","Correct","Correct","Correct"
"12",56,"7_8_stimuli","7_8","Incongruent","Congruent","Incongruent","Incongruent",111.998992,112.198978,"8*",0.609613,"Correct","Correct","Correct","Correct"
"12",57,"1_2_stimuli","2_1","Incongruent","Incongruent","Congruent","Incongruent",113.998964,114.198963,"1!",0.561308,"Correct","Correct","Correct","Correct"
"12",58,"3_4_stimuli","3_3","Congruent","Incongruent","Incongruent","Congruent",115.998944,116.198943,"3#",0.641738,"Correct","Correct","Correct","Correct"
"12",59,"5_6_stimuli","5_6","Incongruent","Congruent","Incongruent","Incongruent",117.998926,118.198933,"6^",0.81733,"Correct","Correct","Correct","Correct"
"12",60,"7_8_stimuli","8_8","Congruent","Incongruent","Congruent","Incongruent",119.998905,120.198903,"8*",0.513311,"Correct","Correct","Correct","Correct"
"12",61,"1_2_stimuli","2_2","Congruent","Congruent","Incongruent","Congruent",121.998888,122.198894,"2@",0.641769,"Correct","Correct","Correct","Correct"
"12",62,"3_4_stimuli","4_4","Congruent","Congruent","Congruent","Incongruent",123.998874,124.198879,"4$",0.513369,"Correct","Correct","Correct","Correct"
"12",63,"5_6_stimuli","5_6","Incongruent","Congruent","Congruent","Congruent",125.998857,126.198855,"6^",0.865368,"Correct","Correct","Correct","Correct"
"12",64,"7_8_stimuli","8_7","Incongruent","Incongruent","Congruent","Congruent",127.998845,128.198833,"7&",0.369861,"Correct","Correct","Correct","Correct"
"12",65,"1_2_stimuli","1_2","Incongruent","Incongruent","Incongruent","Congruent",129.998822,130.198821,"2@",0.785819,"Correct","Correct","Correct","Correct"
"12",66,"3_4_stimuli","3_4","Incongruent","Incongruent","Incongruent","Incongruent",131.998808,132.198801,"4$",0.690036,"Correct","Correct","Correct","Correct"
"12",67,"5_6_stimuli","6_5","Incongruent","Incongruent","Incongruent","Incongruent",133.998787,134.198781,"5%",0.817448,"Correct","Correct","Correct","Correct"
"12",68,"7_8_stimuli","7_8","Incongruent","Incongruent","Incongruent","Incongruent",135.998767,136.198775,"8*",0.721755,"Correct","Correct","Correct","Correct"
"13",1,"1_2_stimuli","2_2","Congruent",NA,NA,NA,1.999981,2.199985,"2@",0.534826,"Correct",NA,NA,NA
"13",2,"3_4_stimuli","4_4","Congruent","Congruent",NA,NA,3.999959,4.199968,"4$",0.630844,"Correct","Correct",NA,NA
"13",3,"5_6_stimuli","6_5","Incongruent","Congruent","Congruent",NA,5.999951,6.199956,"5%",0.582841,"Correct","Correct","Correct",NA
"13",4,"7_8_stimuli","7_8","Incongruent","Incongruent","Congruent","Congruent",7.999938,8.199932,"8*",0.630853,"Correct","Correct","Correct","Correct"
"13",5,"1_2_stimuli","1_2","Incongruent","Incongruent","Incongruent","Congruent",9.999923,10.199906,"2@",0.518896,"Correct","Correct","Correct","Correct"
"13",6,"3_4_stimuli","3_3","Congruent","Incongruent","Incongruent","Incongruent",11.999891,12.199896,"3#",0.519699,"Correct","Correct","Correct","Correct"
"13",7,"5_6_stimuli","5_6","Incongruent","Congruent","Incongruent","Incongruent",13.999873,14.199878,"6^",0.743431,"Correct","Correct","Correct","Correct"
"13",8,"7_8_stimuli","7_7","Congruent","Incongruent","Congruent","Incongruent",15.999863,16.199866,"7&",0.583213,"Correct","Correct","Correct","Correct"
"13",9,"1_2_stimuli","2_2","Congruent","Congruent","Incongruent","Congruent",17.999839,18.199839,"2@",0.503499,"Correct","Correct","Correct","Correct"
"13",10,"3_4_stimuli","4_4","Congruent","Congruent","Congruent","Incongruent",19.999827,20.199825,"4$",0.535008,"Correct","Correct","Correct","Correct"
"13",11,"5_6_stimuli","5_6","Incongruent","Congruent","Congruent","Congruent",21.999806,22.199795,"6^",0.582958,"Correct","Correct","Correct","Correct"
"13",12,"7_8_stimuli","8_8","Congruent","Incongruent","Congruent","Congruent",23.999784,24.19978,"8*",0.63161,"Correct","Correct","Correct","Correct"
"13",13,"1_2_stimuli","1_2","Incongruent","Congruent","Incongruent","Congruent",25.999768,26.199764,"2@",0.519661,"Correct","Correct","Correct","Correct"
"13",14,"3_4_stimuli","3_3","Congruent","Incongruent","Congruent","Incongruent",27.999759,28.199752,"3#",0.519516,"Correct","Correct","Correct","Correct"
"13",15,"5_6_stimuli","5_5","Congruent","Congruent","Incongruent","Congruent",29.999736,30.199736,"5%",0.951562,"Correct","Correct","Correct","Correct"
"13",16,"7_8_stimuli","8_8","Congruent","Congruent","Congruent","Incongruent",31.999716,32.199711,"8*",1.191787,"Correct","Correct","Correct","Correct"
"13",17,"1_2_stimuli","1_1","Congruent","Congruent","Congruent","Congruent",33.999694,34.199692,"1!",0.487615,"Correct","Correct","Correct","Correct"
"13",18,"3_4_stimuli","4_3","Incongruent","Congruent","Congruent","Congruent",35.999676,36.199673,"3#",0.567117,"Correct","Correct","Correct","Correct"
"13",19,"5_6_stimuli","6_5","Incongruent","Incongruent","Congruent","Congruent",37.999656,38.199658,"5%",0.727682,"Correct","Correct","Correct","Correct"
"13",20,"7_8_stimuli","8_8","Congruent","Incongruent","Incongruent","Congruent",39.999641,40.199647,"8*",0.679665,"Correct","Correct","Correct","Correct"
"13",21,"1_2_stimuli","2_1","Incongruent","Congruent","Incongruent","Incongruent",41.999624,42.199627,"1!",0.487673,"Correct","Correct","Correct","Correct"
"13",22,"3_4_stimuli","3_4","Incongruent","Incongruent","Congruent","Incongruent",43.999607,44.199608,"4$",0.743149,"Correct","Correct","Correct","Correct"
"13",23,"5_6_stimuli","5_5","Congruent","Incongruent","Incongruent","Congruent",45.999585,46.199576,"5%",0.5032,"Correct","Correct","Correct","Correct"
"13",24,"7_8_stimuli","8_7","Incongruent","Congruent","Incongruent","Incongruent",47.999576,48.199575,"7&",0.567387,"Correct","Correct","Correct","Correct"
"13",25,"1_2_stimuli","2_1","Incongruent","Incongruent","Congruent","Incongruent",49.999558,50.199555,"1!",0.471779,"Correct","Correct","Correct","Correct"
"13",26,"3_4_stimuli","4_4","Congruent","Incongruent","Incongruent","Congruent",51.999525,52.199533,"4$",0.807203,"Correct","Correct","Correct","Correct"
"13",27,"5_6_stimuli","6_6","Congruent","Congruent","Incongruent","Incongruent",53.999513,54.19951,"6^",0.871587,"Correct","Correct","Correct","Correct"
"13",28,"7_8_stimuli","8_7","Incongruent","Congruent","Congruent","Incongruent",55.999504,56.199495,"7&",0.40778,"Correct","Correct","Correct","Correct"
"13",29,"1_2_stimuli","1_2","Incongruent","Incongruent","Congruent","Congruent",57.999479,58.19948,"2@",0.664005,"Correct","Correct","Correct","Correct"
"13",30,"3_4_stimuli","3_4","Incongruent","Incongruent","Incongruent","Congruent",59.999469,60.199461,"4$",0.631238,"Correct","Correct","Correct","Correct"
"13",31,"5_6_stimuli","5_6","Incongruent","Incongruent","Incongruent","Incongruent",61.999434,62.199433,"6^",0.791303,"Correct","Correct","Correct","Correct"
"13",32,"7_8_stimuli","7_7","Congruent","Incongruent","Incongruent","Incongruent",63.999418,64.199424,"7&",0.391321,"Correct","Correct","Correct","Correct"
"13",33,"1_2_stimuli","2_2","Congruent","Congruent","Incongruent","Incongruent",65.999405,66.199402,"2@",0.583912,"Correct","Correct","Correct","Correct"
"13",34,"3_4_stimuli","4_3","Incongruent","Congruent","Congruent","Incongruent",67.999387,68.199389,"3#",0.535899,"Correct","Correct","Correct","Correct"
"13",35,"5_6_stimuli","6_6","Congruent","Incongruent","Congruent","Congruent",69.999375,70.19936,"6^",0.983288,"Correct","Correct","Correct","Correct"
"13",36,"7_8_stimuli","7_8","Incongruent","Congruent","Incongruent","Congruent",71.999353,72.199357,"8*",0.535719,"Correct","Correct","Correct","Correct"
"13",37,"1_2_stimuli","1_1","Congruent","Incongruent","Congruent","Incongruent",73.999325,74.199336,"1!",0.424815,"Correct","Correct","Correct","Correct"
"13",38,"3_4_stimuli","3_4","Incongruent","Congruent","Incongruent","Congruent",75.999313,76.199313,"4$",0.807947,"Correct","Correct","Correct","Correct"
"13",39,"5_6_stimuli","6_5","Incongruent","Incongruent","Congruent","Incongruent",77.999295,78.199287,"5%",0.519424,"Correct","Correct","Correct","Correct"
"13",40,"7_8_stimuli","8_7","Incongruent","Incongruent","Incongruent","Congruent",79.999273,80.199273,"7&",0.984545,"Correct","Correct","Correct","Correct"
"13",41,"1_2_stimuli","2_1","Incongruent","Incongruent","Incongruent","Incongruent",81.999255,82.199256,"1!",0.439845,"Correct","Correct","Correct","Correct"
"13",42,"3_4_stimuli","4_3","Incongruent","Incongruent","Incongruent","Incongruent",83.999245,84.199244,"3#",0.632058,"Correct","Correct","Correct","Correct"
"13",43,"5_6_stimuli","6_6","Congruent","Incongruent","Incongruent","Incongruent",85.999249,86.199218,"6^",0.711878,"Correct","Correct","Correct","Correct"
"13",44,"7_8_stimuli","7_7","Congruent","Congruent","Incongruent","Incongruent",87.999203,88.199203,"7&",0.440093,"Correct","Correct","Correct","Correct"
"13",45,"1_2_stimuli","2_1","Incongruent","Congruent","Congruent","Incongruent",89.999189,90.199177,"1!",0.455508,"Correct","Correct","Correct","Correct"
"13",46,"3_4_stimuli","3_3","Congruent","Incongruent","Congruent","Congruent",91.999172,92.199164,"3#",0.903932,"Correct","Correct","Correct","Correct"
"13",47,"5_6_stimuli","6_5","Incongruent","Congruent","Incongruent","Congruent",93.999157,94.199152,"5%",0.807538,"Correct","Correct","Correct","Correct"
"13",48,"7_8_stimuli","7_8","Incongruent","Incongruent","Congruent","Incongruent",95.999136,96.199131,"8*",0.69557,"Correct","Correct","Correct","Correct"
"13",49,"1_2_stimuli","1_1","Congruent","Incongruent","Incongruent","Congruent",97.999119,98.199112,"1!",0.423676,"Correct","Correct","Correct","Correct"
"13",50,"3_4_stimuli","4_3","Incongruent","Congruent","Incongruent","Incongruent",99.999096,100.199095,"3#",0.551654,"Correct","Correct","Correct","Correct"
"13",51,"5_6_stimuli","5_5","Congruent","Incongruent","Congruent","Incongruent",101.999071,102.199071,"5%",1.255599,"Correct","Correct","Correct","Correct"
"13",52,"7_8_stimuli","7_7","Congruent","Congruent","Incongruent","Congruent",103.999059,104.199056,"7&",0.488187,"Correct","Correct","Correct","Correct"
"13",53,"1_2_stimuli","2_2","Congruent","Congruent","Congruent","Incongruent",105.999038,106.199038,"2@",0.631652,"Correct","Correct","Correct","Correct"
"13",54,"3_4_stimuli","4_4","Congruent","Congruent","Congruent","Congruent",107.999023,108.19902,"4$",0.520125,"Correct","Correct","Correct","Correct"
"13",55,"5_6_stimuli","5_5","Congruent","Congruent","Congruent","Congruent",109.999007,110.199002,"5%",0.53634,"Correct","Correct","Correct","Correct"
"13",56,"7_8_stimuli","7_8","Incongruent","Congruent","Congruent","Congruent",111.998987,112.198989,"8*",0.631692,"Correct","Correct","Correct","Correct"
"13",57,"1_2_stimuli","1_1","Congruent","Incongruent","Congruent","Congruent",113.998962,114.198966,"1!",0.471893,"Correct","Correct","Correct","Correct"
"13",58,"3_4_stimuli","4_4","Congruent","Congruent","Incongruent","Congruent",115.998943,116.198941,"4$",0.520168,"Correct","Correct","Correct","Correct"
"13",59,"5_6_stimuli","6_6","Congruent","Congruent","Congruent","Incongruent",117.998933,118.198931,"6^",0.823745,"Correct","Correct","Correct","Correct"
"13",60,"7_8_stimuli","8_8","Congruent","Congruent","Congruent","Congruent",119.998917,120.198908,"8*",0.551876,"Correct","Correct","Correct","Correct"
"13",61,"1_2_stimuli","1_2","Incongruent","Congruent","Congruent","Congruent",121.998889,122.198892,"2@",0.680272,"Correct","Correct","Correct","Correct"
"13",62,"3_4_stimuli","3_4","Incongruent","Incongruent","Congruent","Congruent",123.998878,124.198875,"4$",0.680703,"Correct","Correct","Correct","Correct"
"13",63,"5_6_stimuli","6_5","Incongruent","Incongruent","Incongruent","Congruent",125.99886,126.198858,"5%",0.728261,"Correct","Correct","Correct","Correct"
"13",64,"7_8_stimuli","8_7","Incongruent","Incongruent","Incongruent","Incongruent",127.998842,128.198849,"7&",0.536253,"Correct","Correct","Correct","Correct"
"13",65,"1_2_stimuli","2_2","Congruent","Incongruent","Incongruent","Incongruent",129.99883,130.198819,"2@",0.536167,"Correct","Correct","Correct","Correct"
"13",66,"3_4_stimuli","3_3","Congruent","Congruent","Incongruent","Incongruent",131.998799,132.198804,"3#",0.823891,"Correct","Correct","Correct","Correct"
"13",67,"5_6_stimuli","5_6","Incongruent","Congruent","Congruent","Incongruent",133.998791,134.198784,"6^",0.840293,"Correct","Correct","Correct","Correct"
"13",68,"7_8_stimuli","7_8","Incongruent","Incongruent","Congruent","Congruent",135.998768,136.198765,"8*",0.584554,"Correct","Correct","Correct","Correct"
