"Run.Number","Trial.Number","Task","Stimulus","Current.Trial.Type","Previous.Trial.Type","Previous.Trial.Type.N2","Previous.Trial.Type.N3","StimulusOnsetTime","StimulusOffsetTime","Response","RT","Accuracy","PreviousAccuracy","PreviousAccuracy.N2","Previous.Accuracy.N3"
"practice",1,"1_2_stimuli","1_2","Incongruent",NA,NA,NA,1.999984,2.199985,"Omission",5000,"Omission",NA,NA,NA
"practice",2,"3_4_stimuli","3_4","Incongruent","Incongruent",NA,NA,3.999968,4.199971,"Omission",5000,"Omission","Omission",NA,NA
"practice",3,"5_6_stimuli","5_5","Congruent","Incongruent","Incongruent",NA,5.999944,6.199947,"Omission",5000,"Omission","Omission","Omission",NA
"practice",4,"7_8_stimuli","7_7","Congruent","Congruent","Incongruent","Incongruent",7.999923,8.199925,"Omission",5000,"Omission","Omission","Omission","Omission"
"practice",5,"1_2_stimuli","2_2","Congruent","Congruent","Congruent","Incongruent",9.99991,10.199902,"3#",0.897749,"Error","Omission","Omission","Omission"
"practice",6,"3_4_stimuli","4_3","Incongruent","Congruent","Congruent","Congruent",11.999889,12.199893,"3#",0.849349,"Correct","Error","Omission","Omission"
"practice",7,"5_6_stimuli","6_6","Congruent","Incongruent","Congruent","Congruent",13.999879,14.199873,"7&",1.121424,"Error","Correct","Error","Omission"
"practice",8,"7_8_stimuli","8_7","Incongruent","Congruent","Incongruent","Congruent",15.999853,16.19986,"Omission",5000,"Omission","Error","Correct","Error"
"practice",9,"1_2_stimuli","2_1","Incongruent","Incongruent","Congruent","Incongruent",17.999827,18.199836,"3#",0.945416,"Error","Omission","Error","Correct"
"practice",10,"3_4_stimuli","4_4","Congruent","Incongruent","Incongruent","Congruent",19.999815,20.199812,"4$",1.394233,"Correct","Error","Omission","Error"
"practice",11,"5_6_stimuli","6_6","Congruent","Congruent","Incongruent","Incongruent",21.999778,22.199794,"6^",1.18566,"Correct","Correct","Error","Omission"
"practice",12,"7_8_stimuli","7_7","Congruent","Congruent","Congruent","Incongruent",23.999785,24.199787,"7&",1.185464,"Correct","Correct","Correct","Error"
"practice",13,"1_2_stimuli","1_2","Incongruent","Congruent","Congruent","Congruent",25.999765,26.199756,"2@",0.977673,"Correct","Correct","Correct","Correct"
"practice",14,"3_4_stimuli","3_4","Incongruent","Incongruent","Congruent","Congruent",27.999749,28.199737,"4$",1.121485,"Correct","Correct","Correct","Correct"
"practice",15,"5_6_stimuli","6_5","Incongruent","Incongruent","Incongruent","Congruent",29.99972,30.19973,"6^",0.96159,"Error","Correct","Correct","Correct"
"practice",16,"7_8_stimuli","8_8","Congruent","Incongruent","Incongruent","Incongruent",31.999709,32.199699,"8*",1.041949,"Correct","Error","Correct","Correct"
"practice",17,"1_2_stimuli","1_1","Congruent","Congruent","Incongruent","Incongruent",33.999689,34.199712,"1!",0.738153,"Correct","Correct","Error","Correct"
"practice",18,"3_4_stimuli","3_4","Incongruent","Congruent","Congruent","Incongruent",35.999675,36.199673,"4$",0.961567,"Correct","Correct","Correct","Error"
"practice",19,"5_6_stimuli","6_5","Incongruent","Incongruent","Congruent","Congruent",37.999651,38.199642,"5%",0.978045,"Correct","Correct","Correct","Correct"
"practice",20,"7_8_stimuli","8_8","Congruent","Incongruent","Incongruent","Congruent",39.99962,40.199632,"8*",1.041973,"Correct","Correct","Correct","Correct"
"practice",21,"1_2_stimuli","2_1","Incongruent","Congruent","Incongruent","Incongruent",41.999606,42.199606,"1!",0.929646,"Correct","Correct","Correct","Correct"
"practice",22,"3_4_stimuli","3_4","Incongruent","Incongruent","Congruent","Incongruent",43.999593,44.199599,"4$",0.99366,"Correct","Correct","Correct","Correct"
"practice",23,"5_6_stimuli","5_5","Congruent","Incongruent","Incongruent","Congruent",45.999574,46.199574,"5%",0.802276,"Correct","Correct","Correct","Correct"
"practice",24,"7_8_stimuli","7_7","Congruent","Congruent","Incongruent","Incongruent",47.999557,48.199554,"7&",0.802185,"Correct","Correct","Correct","Correct"
"practice",25,"1_2_stimuli","1_2","Incongruent","Congruent","Congruent","Incongruent",49.999542,50.199528,"2@",0.913683,"Correct","Correct","Correct","Correct"
"practice",26,"3_4_stimuli","3_3","Congruent","Incongruent","Congruent","Congruent",51.999513,52.199514,"3#",0.737932,"Correct","Correct","Correct","Correct"
"practice",27,"5_6_stimuli","6_6","Congruent","Congruent","Incongruent","Congruent",53.999505,54.199496,"6^",1.249749,"Correct","Correct","Correct","Correct"
"practice",28,"7_8_stimuli","7_8","Incongruent","Congruent","Congruent","Incongruent",55.999476,56.199486,"8*",0.706233,"Correct","Correct","Correct","Correct"
"practice",29,"1_2_stimuli","1_2","Incongruent","Incongruent","Congruent","Congruent",57.999459,58.199462,"2@",0.833837,"Correct","Correct","Correct","Correct"
"practice",30,"3_4_stimuli","4_3","Incongruent","Incongruent","Incongruent","Congruent",59.999447,60.19944,"3#",0.689784,"Correct","Correct","Correct","Correct"
"practice",31,"5_6_stimuli","6_5","Incongruent","Incongruent","Incongruent","Incongruent",61.999412,62.199416,"5%",0.930259,"Correct","Correct","Correct","Correct"
"practice",32,"7_8_stimuli","8_7","Incongruent","Incongruent","Incongruent","Incongruent",63.999396,64.199403,"7&",1.090381,"Correct","Correct","Correct","Correct"
"practice",33,"1_2_stimuli","2_2","Congruent","Incongruent","Incongruent","Incongruent",65.999394,66.199386,"2@",0.737829,"Correct","Correct","Correct","Correct"
"practice",34,"3_4_stimuli","3_3","Congruent","Congruent","Incongruent","Incongruent",67.999363,68.199359,"3#",0.73803,"Correct","Correct","Correct","Correct"
"practice",35,"5_6_stimuli","5_5","Congruent","Congruent","Congruent","Incongruent",69.999342,70.199342,"5%",1.074299,"Correct","Correct","Correct","Correct"
"practice",36,"7_8_stimuli","8_8","Congruent","Congruent","Congruent","Congruent",71.999331,72.199315,"8*",0.722311,"Correct","Correct","Correct","Correct"
"practice",37,"1_2_stimuli","1_1","Congruent","Congruent","Congruent","Congruent",73.999314,74.1993,"1!",0.770084,"Correct","Correct","Correct","Correct"
"practice",38,"3_4_stimuli","3_3","Congruent","Congruent","Congruent","Congruent",75.999283,76.199286,"3#",0.898104,"Correct","Correct","Correct","Correct"
"practice",39,"5_6_stimuli","6_6","Congruent","Congruent","Congruent","Congruent",77.999272,78.199273,"7&",0.993932,"Error","Correct","Correct","Correct"
"practice",40,"7_8_stimuli","8_7","Incongruent","Congruent","Congruent","Congruent",79.999253,80.199244,"7&",1.074487,"Correct","Error","Correct","Correct"
"practice",41,"1_2_stimuli","2_2","Congruent","Incongruent","Congruent","Congruent",81.99923,82.199232,"2@",0.97795,"Correct","Correct","Error","Correct"
"practice",42,"3_4_stimuli","4_3","Incongruent","Congruent","Incongruent","Congruent",83.999214,84.199215,"3#",0.754585,"Correct","Correct","Correct","Error"
"practice",43,"5_6_stimuli","6_5","Incongruent","Incongruent","Congruent","Incongruent",85.999188,86.199188,"5%",1.282798,"Correct","Correct","Correct","Correct"
"practice",44,"7_8_stimuli","8_7","Incongruent","Incongruent","Incongruent","Congruent",87.999174,88.199175,"Omission",5000,"Omission","Correct","Correct","Correct"
"practice",45,"1_2_stimuli","1_2","Incongruent","Incongruent","Incongruent","Incongruent",89.999161,90.199159,"2@",1.010045,"Correct","Omission","Correct","Correct"
"practice",46,"3_4_stimuli","4_4","Congruent","Incongruent","Incongruent","Incongruent",91.999133,92.199134,"4$",1.042294,"Correct","Correct","Omission","Correct"
"practice",47,"5_6_stimuli","5_6","Incongruent","Congruent","Incongruent","Incongruent",93.999111,94.19911,"6^",1.186352,"Correct","Correct","Correct","Omission"
"practice",48,"7_8_stimuli","8_8","Congruent","Incongruent","Congruent","Incongruent",95.999096,96.199104,"8*",0.738598,"Correct","Correct","Correct","Correct"
"practice",49,"1_2_stimuli","2_1","Incongruent","Congruent","Incongruent","Congruent",97.999091,98.199078,"1!",0.770576,"Correct","Correct","Correct","Correct"
"practice",50,"3_4_stimuli","3_3","Congruent","Incongruent","Congruent","Incongruent",99.999058,100.199065,"3#",0.994684,"Correct","Correct","Correct","Correct"
"practice",51,"5_6_stimuli","5_6","Incongruent","Congruent","Incongruent","Congruent",101.999042,102.199046,"6^",1.042116,"Correct","Correct","Correct","Correct"
"practice",52,"7_8_stimuli","7_8","Incongruent","Incongruent","Congruent","Incongruent",103.999024,104.199023,"8*",0.658755,"Correct","Correct","Correct","Correct"
"practice",53,"1_2_stimuli","2_1","Incongruent","Incongruent","Incongruent","Congruent",105.99901,106.199005,"1!",0.738573,"Correct","Correct","Correct","Correct"
"practice",54,"3_4_stimuli","4_3","Incongruent","Incongruent","Incongruent","Incongruent",107.998993,108.198977,"3#",0.738193,"Correct","Correct","Correct","Correct"
"practice",55,"5_6_stimuli","5_5","Congruent","Incongruent","Incongruent","Incongruent",109.998974,110.19898,"5%",1.282648,"Correct","Correct","Correct","Correct"
"practice",56,"7_8_stimuli","7_8","Incongruent","Congruent","Incongruent","Incongruent",111.998954,112.198944,"8*",0.674791,"Correct","Correct","Correct","Correct"
"practice",57,"1_2_stimuli","1_1","Congruent","Incongruent","Congruent","Incongruent",113.998938,114.198934,"1!",0.706263,"Correct","Correct","Correct","Correct"
"practice",58,"3_4_stimuli","4_4","Congruent","Congruent","Incongruent","Congruent",115.998913,116.198916,"4$",0.94634,"Correct","Correct","Correct","Correct"
"practice",59,"5_6_stimuli","5_6","Incongruent","Congruent","Congruent","Incongruent",117.998896,118.198898,"6^",1.042345,"Correct","Correct","Correct","Correct"
"practice",60,"7_8_stimuli","7_7","Congruent","Incongruent","Congruent","Congruent",119.998876,120.19887,"7&",0.754731,"Correct","Correct","Correct","Correct"
"practice",61,"1_2_stimuli","2_2","Congruent","Congruent","Incongruent","Congruent",121.998858,122.198861,"2@",0.850313,"Correct","Correct","Correct","Correct"
"practice",62,"3_4_stimuli","4_4","Congruent","Congruent","Congruent","Incongruent",123.998843,124.198834,"4$",1.202786,"Correct","Correct","Correct","Correct"
"practice",63,"5_6_stimuli","5_6","Incongruent","Congruent","Congruent","Congruent",125.998825,126.198822,"6^",1.170314,"Correct","Correct","Correct","Correct"
"practice",64,"7_8_stimuli","7_8","Incongruent","Incongruent","Congruent","Congruent",127.9988,128.198804,"8*",0.642552,"Correct","Correct","Correct","Correct"
"practice",65,"1_2_stimuli","1_1","Congruent","Incongruent","Incongruent","Congruent",129.998776,130.198782,"1!",0.65892,"Correct","Correct","Correct","Correct"
"practice",66,"3_4_stimuli","3_4","Incongruent","Congruent","Incongruent","Incongruent",131.998762,132.198761,"4$",0.91483,"Correct","Correct","Correct","Correct"
"practice",67,"5_6_stimuli","5_5","Congruent","Incongruent","Congruent","Incongruent",133.998749,134.19874,"5%",0.898436,"Correct","Correct","Correct","Correct"
"practice",68,"7_8_stimuli","7_7","Congruent","Congruent","Incongruent","Congruent",135.998735,136.198727,"7&",0.962854,"Correct","Correct","Correct","Correct"
"1",1,"1_2_stimuli","1_1","Congruent",NA,NA,NA,1.999989,2.199983,"1!",0.950394,"Correct",NA,NA,NA
"1",2,"3_4_stimuli","3_4","Incongruent","Congruent",NA,NA,3.999972,4.199973,"4$",0.838637,"Correct","Correct",NA,NA
"1",3,"5_6_stimuli","6_5","Incongruent","Incongruent","Congruent",NA,5.999952,6.199959,"5%",0.790557,"Correct","Correct","Correct",NA
"1",4,"7_8_stimuli","7_7","Congruent","Incongruent","Incongruent","Congruent",7.999942,8.199927,"7&",0.886819,"Correct","Correct","Correct","Correct"
"1",5,"1_2_stimuli","1_2","Incongruent","Congruent","Incongruent","Incongruent",9.999912,10.199922,"2@",0.758826,"Correct","Correct","Correct","Correct"
"1",6,"3_4_stimuli","4_3","Incongruent","Incongruent","Congruent","Incongruent",11.999902,12.199894,"3#",0.75896,"Correct","Correct","Correct","Correct"
"1",7,"5_6_stimuli","5_6","Incongruent","Incongruent","Incongruent","Congruent",13.99987,14.199877,"6^",1.223058,"Correct","Correct","Correct","Correct"
"1",8,"7_8_stimuli","7_7","Congruent","Incongruent","Incongruent","Incongruent",15.999861,16.199859,"7&",0.727244,"Correct","Correct","Correct","Correct"
"1",9,"1_2_stimuli","2_2","Congruent","Congruent","Incongruent","Incongruent",17.999848,18.199843,"2@",0.806942,"Correct","Correct","Correct","Correct"
"1",10,"3_4_stimuli","4_4","Congruent","Congruent","Congruent","Incongruent",19.999815,20.199824,"4$",0.774704,"Correct","Correct","Correct","Correct"
"1",11,"5_6_stimuli","5_6","Incongruent","Congruent","Congruent","Congruent",21.999797,22.199798,"6^",1.046926,"Correct","Correct","Correct","Correct"
"1",12,"7_8_stimuli","8_8","Congruent","Incongruent","Congruent","Congruent",23.999782,24.199786,"8*",0.85471,"Correct","Correct","Correct","Correct"
"1",13,"1_2_stimuli","2_1","Incongruent","Congruent","Incongruent","Congruent",25.99976,26.199767,"1!",0.726559,"Correct","Correct","Correct","Correct"
"1",14,"3_4_stimuli","4_4","Congruent","Incongruent","Congruent","Incongruent",27.999745,28.199747,"4$",0.966545,"Correct","Correct","Correct","Correct"
"1",15,"5_6_stimuli","5_5","Congruent","Congruent","Incongruent","Congruent",29.99972,30.199735,"5%",0.806597,"Correct","Correct","Correct","Correct"
"1",16,"7_8_stimuli","7_8","Incongruent","Congruent","Congruent","Incongruent",31.999706,32.199707,"8*",0.726621,"Correct","Correct","Correct","Correct"
"1",17,"1_2_stimuli","2_1","Incongruent","Incongruent","Congruent","Congruent",33.999686,34.199693,"1!",0.742797,"Correct","Correct","Correct","Correct"
"1",18,"3_4_stimuli","3_3","Congruent","Incongruent","Incongruent","Congruent",35.999669,36.19968,"3#",0.934804,"Correct","Correct","Correct","Correct"
"1",19,"5_6_stimuli","6_6","Congruent","Congruent","Incongruent","Incongruent",37.999653,38.199649,"6^",1.111075,"Correct","Correct","Correct","Correct"
"1",20,"7_8_stimuli","8_8","Congruent","Congruent","Congruent","Incongruent",39.99964,40.19964,"8*",0.678715,"Correct","Correct","Correct","Correct"
"1",21,"1_2_stimuli","1_1","Congruent","Congruent","Congruent","Congruent",41.999614,42.199611,"1!",0.615155,"Correct","Correct","Correct","Correct"
"1",22,"3_4_stimuli","4_3","Incongruent","Congruent","Congruent","Congruent",43.9996,44.199601,"3#",0.775131,"Correct","Correct","Correct","Correct"
"1",23,"5_6_stimuli","5_6","Incongruent","Incongruent","Congruent","Congruent",45.999576,46.199574,"6^",1.431156,"Correct","Correct","Correct","Correct"
"1",24,"7_8_stimuli","8_7","Incongruent","Incongruent","Incongruent","Congruent",47.999556,48.19955,"7&",0.743243,"Correct","Correct","Correct","Correct"
"1",25,"1_2_stimuli","1_1","Congruent","Incongruent","Incongruent","Incongruent",49.999542,50.19954,"1!",0.663106,"Correct","Correct","Correct","Correct"
"1",26,"3_4_stimuli","4_4","Congruent","Congruent","Incongruent","Incongruent",51.999528,52.199532,"4$",0.822782,"Correct","Correct","Correct","Correct"
"1",27,"5_6_stimuli","6_6","Congruent","Congruent","Congruent","Incongruent",53.999503,54.199504,"6^",0.982752,"Correct","Correct","Correct","Correct"
"1",28,"7_8_stimuli","8_7","Incongruent","Congruent","Congruent","Congruent",55.999492,56.199484,"7&",1.031356,"Correct","Correct","Correct","Correct"
"1",29,"1_2_stimuli","2_2","Congruent","Incongruent","Congruent","Congruent",57.999476,58.199472,"2@",0.695239,"Correct","Correct","Correct","Correct"
"1",30,"3_4_stimuli","3_3","Congruent","Congruent","Incongruent","Congruent",59.999457,60.199455,"3#",0.647429,"Correct","Correct","Correct","Correct"
"1",31,"5_6_stimuli","6_5","Incongruent","Congruent","Congruent","Incongruent",61.999434,62.19943,"5%",1.287373,"Correct","Correct","Correct","Correct"
"1",32,"7_8_stimuli","7_8","Incongruent","Incongruent","Congruent","Congruent",63.999411,64.199417,"8*",0.678855,"Correct","Correct","Correct","Correct"
"1",33,"1_2_stimuli","2_1","Incongruent","Incongruent","Incongruent","Congruent",65.999386,66.199394,"1!",0.58292,"Correct","Correct","Correct","Correct"
"1",34,"3_4_stimuli","4_4","Congruent","Incongruent","Incongruent","Incongruent",67.999377,68.199369,"4$",0.726903,"Correct","Correct","Correct","Correct"
"1",35,"5_6_stimuli","5_6","Incongruent","Congruent","Incongruent","Incongruent",69.999357,70.199358,"6^",0.918934,"Correct","Correct","Correct","Correct"
"1",36,"7_8_stimuli","8_8","Congruent","Incongruent","Congruent","Incongruent",71.999334,72.199338,"8*",0.823203,"Correct","Correct","Correct","Correct"
"1",37,"1_2_stimuli","2_2","Congruent","Congruent","Incongruent","Congruent",73.999318,74.199319,"2@",0.823074,"Correct","Correct","Correct","Correct"
"1",38,"3_4_stimuli","4_3","Incongruent","Congruent","Congruent","Incongruent",75.999304,76.199298,"3#",0.727017,"Correct","Correct","Correct","Correct"
"1",39,"5_6_stimuli","5_5","Congruent","Incongruent","Congruent","Congruent",77.999277,78.199281,"5%",0.999433,"Correct","Correct","Correct","Correct"
"1",40,"7_8_stimuli","7_8","Incongruent","Congruent","Incongruent","Congruent",79.999272,80.199262,"8*",0.791464,"Correct","Correct","Correct","Correct"
"1",41,"1_2_stimuli","2_2","Congruent","Incongruent","Congruent","Incongruent",81.999244,82.199245,"2@",0.695441,"Correct","Correct","Correct","Correct"
"1",42,"3_4_stimuli","3_4","Incongruent","Congruent","Incongruent","Congruent",83.999229,84.199221,"4$",0.807288,"Correct","Correct","Correct","Correct"
"1",43,"5_6_stimuli","5_5","Congruent","Incongruent","Congruent","Incongruent",85.999203,86.199206,"5%",0.999037,"Correct","Correct","Correct","Correct"
"1",44,"7_8_stimuli","7_7","Congruent","Congruent","Incongruent","Congruent",87.999191,88.199199,"7&",0.99908,"Correct","Correct","Correct","Correct"
"1",45,"1_2_stimuli","1_1","Congruent","Congruent","Congruent","Incongruent",89.999174,90.199166,"1!",0.695301,"Correct","Correct","Correct","Correct"
"1",46,"3_4_stimuli","3_3","Congruent","Congruent","Congruent","Congruent",91.999144,92.19915,"3#",0.583405,"Correct","Correct","Correct","Correct"
"1",47,"5_6_stimuli","5_5","Congruent","Congruent","Congruent","Congruent",93.999131,94.199135,"Omission",5000,"Omission","Correct","Correct","Correct"
"1",48,"7_8_stimuli","8_8","Congruent","Congruent","Congruent","Congruent",95.999109,96.199117,"7&",1.383554,"Error","Omission","Correct","Correct"
"1",49,"1_2_stimuli","1_2","Incongruent","Congruent","Congruent","Congruent",97.999095,98.19909,"2@",1.079484,"Correct","Error","Omission","Correct"
"1",50,"3_4_stimuli","4_3","Incongruent","Incongruent","Congruent","Congruent",99.999077,100.199076,"3#",1.015861,"Correct","Correct","Error","Omission"
"1",51,"5_6_stimuli","6_6","Congruent","Incongruent","Incongruent","Congruent",101.999055,102.19905,"6^",1.063381,"Correct","Correct","Correct","Error"
"1",52,"7_8_stimuli","8_7","Incongruent","Congruent","Incongruent","Incongruent",103.999035,104.199034,"7&",0.823917,"Correct","Correct","Correct","Correct"
"1",53,"1_2_stimuli","2_1","Incongruent","Incongruent","Congruent","Incongruent",105.999023,106.199017,"1!",0.791222,"Correct","Correct","Correct","Correct"
"1",54,"3_4_stimuli","3_4","Incongruent","Incongruent","Incongruent","Congruent",107.999007,108.199004,"4$",0.887828,"Correct","Correct","Correct","Correct"
"1",55,"5_6_stimuli","6_5","Incongruent","Incongruent","Incongruent","Incongruent",109.998983,110.198985,"5%",0.935441,"Correct","Correct","Correct","Correct"
"1",56,"7_8_stimuli","7_8","Incongruent","Incongruent","Incongruent","Incongruent",111.99896,112.198968,"8*",0.663736,"Correct","Correct","Correct","Correct"
"1",57,"1_2_stimuli","1_2","Incongruent","Incongruent","Incongruent","Incongruent",113.998949,114.198943,"2@",0.807764,"Correct","Correct","Correct","Correct"
"1",58,"3_4_stimuli","3_4","Incongruent","Incongruent","Incongruent","Incongruent",115.998929,116.198926,"4$",0.951891,"Correct","Correct","Correct","Correct"
"1",59,"5_6_stimuli","6_6","Congruent","Incongruent","Incongruent","Incongruent",117.998909,118.198907,"7&",1.223846,"Error","Correct","Correct","Correct"
"1",60,"7_8_stimuli","7_7","Congruent","Congruent","Incongruent","Incongruent",119.998885,120.198883,"7&",0.951475,"Correct","Error","Correct","Correct"
"1",61,"1_2_stimuli","1_2","Incongruent","Congruent","Congruent","Incongruent",121.998865,122.198873,"2@",0.903571,"Correct","Correct","Error","Correct"
"1",62,"3_4_stimuli","3_3","Congruent","Incongruent","Congruent","Congruent",123.998854,124.198846,"3#",0.711375,"Correct","Correct","Correct","Error"
"1",63,"5_6_stimuli","6_5","Incongruent","Congruent","Incongruent","Congruent",125.998836,126.198834,"5%",0.935745,"Correct","Correct","Correct","Correct"
"1",64,"7_8_stimuli","8_7","Incongruent","Incongruent","Congruent","Incongruent",127.998809,128.198814,"7&",0.887393,"Correct","Correct","Correct","Correct"
"1",65,"1_2_stimuli","1_1","Congruent","Incongruent","Incongruent","Congruent",129.998798,130.198802,"1!",0.695353,"Correct","Correct","Correct","Correct"
"1",66,"3_4_stimuli","3_4","Incongruent","Congruent","Incongruent","Incongruent",131.998777,132.198774,"4$",0.967848,"Correct","Correct","Correct","Correct"
"1",67,"5_6_stimuli","6_5","Incongruent","Incongruent","Congruent","Incongruent",133.998757,134.198755,"5%",0.823559,"Correct","Correct","Correct","Correct"
"1",68,"7_8_stimuli","7_7","Congruent","Incongruent","Incongruent","Congruent",135.998745,136.198746,"7&",0.967633,"Correct","Correct","Correct","Correct"
"2",1,"1_2_stimuli","2_2","Congruent",NA,NA,NA,1.999983,2.19998,"2@",0.804196,"Correct",NA,NA,NA
"2",2,"3_4_stimuli","4_4","Congruent","Congruent",NA,NA,3.999962,4.199962,"4$",0.708238,"Correct","Correct",NA,NA
"2",3,"5_6_stimuli","5_5","Congruent","Congruent","Congruent",NA,5.999935,6.199944,"5%",0.644729,"Correct","Correct","Correct",NA
"2",4,"7_8_stimuli","7_8","Incongruent","Congruent","Congruent","Congruent",7.99992,8.199922,"8*",0.660948,"Correct","Correct","Correct","Correct"
"2",5,"1_2_stimuli","1_1","Congruent","Incongruent","Congruent","Congruent",9.999905,10.199901,"1!",0.740278,"Correct","Correct","Correct","Correct"
"2",6,"3_4_stimuli","4_4","Congruent","Congruent","Incongruent","Congruent",11.999878,12.199883,"4$",0.788288,"Correct","Correct","Correct","Correct"
"2",7,"5_6_stimuli","5_6","Incongruent","Congruent","Congruent","Incongruent",13.999867,14.199872,"6^",1.061099,"Correct","Correct","Correct","Correct"
"2",8,"7_8_stimuli","7_7","Congruent","Incongruent","Congruent","Congruent",15.999849,16.199844,"7&",0.644541,"Correct","Correct","Correct","Correct"
"2",9,"1_2_stimuli","1_2","Incongruent","Congruent","Incongruent","Congruent",17.999833,18.199825,"2@",0.708639,"Correct","Correct","Correct","Correct"
"2",10,"3_4_stimuli","4_4","Congruent","Incongruent","Congruent","Incongruent",19.999815,20.199813,"4$",0.708551,"Correct","Correct","Correct","Correct"
"2",11,"5_6_stimuli","6_6","Congruent","Congruent","Incongruent","Congruent",21.9998,22.199793,"6^",0.90034,"Correct","Correct","Correct","Correct"
"2",12,"7_8_stimuli","8_8","Congruent","Congruent","Congruent","Incongruent",23.999777,24.199769,"8*",0.628872,"Correct","Correct","Correct","Correct"
"2",13,"1_2_stimuli","1_2","Incongruent","Congruent","Congruent","Congruent",25.999756,26.199752,"2@",0.709075,"Correct","Correct","Correct","Correct"
"2",14,"3_4_stimuli","3_3","Congruent","Incongruent","Congruent","Congruent",27.999745,28.199739,"3#",0.628425,"Correct","Correct","Correct","Correct"
"2",15,"5_6_stimuli","6_5","Incongruent","Congruent","Incongruent","Congruent",29.999719,30.199716,"5%",0.964443,"Correct","Correct","Correct","Correct"
"2",16,"7_8_stimuli","7_8","Incongruent","Incongruent","Congruent","Incongruent",31.9997,32.199692,"8*",0.741063,"Correct","Correct","Correct","Correct"
"2",17,"1_2_stimuli","1_2","Incongruent","Incongruent","Incongruent","Congruent",33.999683,34.199687,"2@",0.661097,"Correct","Correct","Correct","Correct"
"2",18,"3_4_stimuli","3_3","Congruent","Incongruent","Incongruent","Incongruent",35.99967,36.199662,"3#",0.628945,"Correct","Correct","Correct","Correct"
"2",19,"5_6_stimuli","6_5","Incongruent","Congruent","Incongruent","Incongruent",37.999647,38.199651,"5%",0.965011,"Correct","Correct","Correct","Correct"
"2",20,"7_8_stimuli","8_8","Congruent","Incongruent","Congruent","Incongruent",39.999634,40.199634,"8*",0.676957,"Correct","Correct","Correct","Correct"
"2",21,"1_2_stimuli","2_2","Congruent","Congruent","Incongruent","Congruent",41.999607,42.199605,"2@",0.692641,"Correct","Correct","Correct","Correct"
"2",22,"3_4_stimuli","3_4","Incongruent","Congruent","Congruent","Incongruent",43.999591,44.199591,"4$",0.772626,"Correct","Correct","Correct","Correct"
"2",23,"5_6_stimuli","5_6","Incongruent","Incongruent","Congruent","Congruent",45.999577,46.199575,"6^",1.060876,"Correct","Correct","Correct","Correct"
"2",24,"7_8_stimuli","8_8","Congruent","Incongruent","Incongruent","Congruent",47.99955,48.199551,"8*",0.644981,"Correct","Correct","Correct","Correct"
"2",25,"1_2_stimuli","1_1","Congruent","Congruent","Incongruent","Incongruent",49.999533,50.199525,"1!",0.580607,"Correct","Correct","Correct","Correct"
"2",26,"3_4_stimuli","3_3","Congruent","Congruent","Congruent","Incongruent",51.999517,52.199511,"3#",0.628645,"Correct","Correct","Correct","Correct"
"2",27,"5_6_stimuli","6_6","Congruent","Congruent","Congruent","Congruent",53.999507,54.199501,"6^",1.076607,"Correct","Correct","Correct","Correct"
"2",28,"7_8_stimuli","7_7","Congruent","Congruent","Congruent","Congruent",55.999484,56.199483,"7&",0.66065,"Correct","Correct","Correct","Correct"
"2",29,"1_2_stimuli","1_1","Congruent","Congruent","Congruent","Congruent",57.999461,58.199446,"1!",0.596871,"Correct","Correct","Correct","Correct"
"2",30,"3_4_stimuli","4_3","Incongruent","Congruent","Congruent","Congruent",59.999444,60.199441,"3#",0.613068,"Correct","Correct","Correct","Correct"
"2",31,"5_6_stimuli","5_5","Congruent","Incongruent","Congruent","Congruent",61.99942,62.199446,"6^",1.077021,"Error","Correct","Correct","Correct"
"2",32,"7_8_stimuli","7_7","Congruent","Congruent","Incongruent","Congruent",63.999404,64.199402,"7&",0.900765,"Correct","Error","Correct","Correct"
"2",33,"1_2_stimuli","1_2","Incongruent","Congruent","Congruent","Incongruent",65.999394,66.199389,"2@",0.981005,"Correct","Correct","Error","Correct"
"2",34,"3_4_stimuli","4_3","Incongruent","Incongruent","Congruent","Congruent",67.999359,68.199362,"3#",0.789069,"Correct","Correct","Correct","Error"
"2",35,"5_6_stimuli","5_6","Incongruent","Incongruent","Incongruent","Congruent",69.999357,70.199349,"6^",1.205249,"Correct","Correct","Correct","Correct"
"2",36,"7_8_stimuli","8_7","Incongruent","Incongruent","Incongruent","Incongruent",71.99934,72.199326,"7&",0.548723,"Correct","Correct","Correct","Correct"
"2",37,"1_2_stimuli","2_2","Congruent","Incongruent","Incongruent","Incongruent",73.999313,74.199311,"2@",1.205099,"Correct","Correct","Correct","Correct"
"2",38,"3_4_stimuli","4_3","Incongruent","Congruent","Incongruent","Incongruent",75.999297,76.199285,"3#",0.693477,"Correct","Correct","Correct","Correct"
"2",39,"5_6_stimuli","5_5","Congruent","Incongruent","Congruent","Incongruent",77.999286,78.199279,"5%",1.140776,"Correct","Correct","Correct","Correct"
"2",40,"7_8_stimuli","7_8","Incongruent","Congruent","Incongruent","Congruent",79.999255,80.199246,"8*",0.948839,"Correct","Correct","Correct","Correct"
"2",41,"1_2_stimuli","2_1","Incongruent","Incongruent","Congruent","Incongruent",81.99923,82.199243,"1!",0.740847,"Correct","Correct","Correct","Correct"
"2",42,"3_4_stimuli","4_3","Incongruent","Incongruent","Incongruent","Congruent",83.999213,84.199217,"3#",0.644819,"Correct","Correct","Correct","Correct"
"2",43,"5_6_stimuli","5_5","Congruent","Incongruent","Incongruent","Incongruent",85.999202,86.19919,"5%",1.397351,"Correct","Correct","Correct","Correct"
"2",44,"7_8_stimuli","8_7","Incongruent","Congruent","Incongruent","Incongruent",87.999185,88.199171,"7&",1.093174,"Correct","Correct","Correct","Correct"
"2",45,"1_2_stimuli","1_1","Congruent","Incongruent","Congruent","Incongruent",89.999161,90.199161,"1!",0.773527,"Correct","Correct","Correct","Correct"
"2",46,"3_4_stimuli","3_4","Incongruent","Congruent","Incongruent","Congruent",91.999143,92.19915,"4$",1.077365,"Correct","Correct","Correct","Correct"
"2",47,"5_6_stimuli","5_6","Incongruent","Incongruent","Congruent","Incongruent",93.999122,94.199122,"7&",0.997145,"Error","Correct","Correct","Correct"
"2",48,"7_8_stimuli","7_8","Incongruent","Incongruent","Incongruent","Congruent",95.999113,96.199102,"8*",0.741639,"Correct","Error","Correct","Correct"
"2",49,"1_2_stimuli","2_1","Incongruent","Incongruent","Incongruent","Incongruent",97.999083,98.199085,"1!",0.917355,"Correct","Correct","Error","Correct"
"2",50,"3_4_stimuli","3_4","Incongruent","Incongruent","Incongruent","Incongruent",99.999075,100.19906,"4$",0.901375,"Correct","Correct","Correct","Error"
"2",51,"5_6_stimuli","6_5","Incongruent","Incongruent","Incongruent","Incongruent",101.999046,102.19905,"5%",0.821068,"Correct","Correct","Correct","Correct"
"2",52,"7_8_stimuli","8_8","Congruent","Incongruent","Incongruent","Incongruent",103.999043,104.199026,"8*",0.853263,"Correct","Correct","Correct","Correct"
"2",53,"1_2_stimuli","2_1","Incongruent","Congruent","Incongruent","Incongruent",105.999043,106.199008,"1!",0.805478,"Correct","Correct","Correct","Correct"
"2",54,"3_4_stimuli","3_4","Incongruent","Incongruent","Congruent","Incongruent",107.998996,108.198987,"4$",0.773533,"Correct","Correct","Correct","Correct"
"2",55,"5_6_stimuli","6_6","Congruent","Incongruent","Incongruent","Congruent",109.998976,110.198978,"6^",1.221551,"Correct","Correct","Correct","Correct"
"2",56,"7_8_stimuli","7_7","Congruent","Congruent","Incongruent","Incongruent",111.998963,112.198958,"7&",0.757129,"Correct","Correct","Correct","Correct"
"2",57,"1_2_stimuli","2_2","Congruent","Congruent","Congruent","Incongruent",113.998937,114.198936,"2@",0.709196,"Correct","Correct","Correct","Correct"
"2",58,"3_4_stimuli","4_4","Congruent","Congruent","Congruent","Congruent",115.998922,116.198912,"5%",0.853171,"Error","Correct","Correct","Correct"
"2",59,"5_6_stimuli","6_5","Incongruent","Congruent","Congruent","Congruent",117.998899,118.198894,"5%",0.805452,"Correct","Error","Correct","Correct"
"2",60,"7_8_stimuli","8_7","Incongruent","Incongruent","Congruent","Congruent",119.998878,120.198875,"7&",1.173138,"Correct","Correct","Error","Correct"
"2",61,"1_2_stimuli","2_2","Congruent","Incongruent","Incongruent","Congruent",121.998866,122.198861,"2@",1.25322,"Correct","Correct","Correct","Error"
"2",62,"3_4_stimuli","3_3","Congruent","Congruent","Incongruent","Incongruent",123.998848,124.198853,"3#",0.69326,"Correct","Correct","Correct","Correct"
"2",63,"5_6_stimuli","5_5","Congruent","Congruent","Congruent","Incongruent",125.998833,126.198831,"5%",0.901706,"Correct","Correct","Correct","Correct"
"2",64,"7_8_stimuli","8_7","Incongruent","Congruent","Congruent","Congruent",127.998806,128.198804,"7&",0.949588,"Correct","Correct","Correct","Correct"
"2",65,"1_2_stimuli","2_1","Incongruent","Incongruent","Congruent","Congruent",129.998785,130.198794,"1!",0.869838,"Correct","Correct","Correct","Correct"
"2",66,"3_4_stimuli","4_4","Congruent","Incongruent","Incongruent","Congruent",131.998779,132.198768,"4$",0.949739,"Correct","Correct","Correct","Correct"
"2",67,"5_6_stimuli","6_6","Congruent","Congruent","Incongruent","Incongruent",133.998754,134.198756,"6^",1.205767,"Correct","Correct","Correct","Correct"
"2",68,"7_8_stimuli","7_8","Incongruent","Congruent","Congruent","Incongruent",135.998737,136.19874,"8*",0.805636,"Correct","Correct","Correct","Correct"
"3",1,"1_2_stimuli","1_2","Incongruent",NA,NA,NA,1.999991,2.200004,"2@",0.940506,"Correct",NA,NA,NA
"3",2,"3_4_stimuli","4_4","Congruent","Incongruent",NA,NA,3.999981,4.199987,"4$",0.716252,"Correct","Correct",NA,NA
"3",3,"5_6_stimuli","6_5","Incongruent","Congruent","Incongruent",NA,5.999957,6.199963,"5%",0.764679,"Correct","Correct","Correct",NA
"3",4,"7_8_stimuli","7_7","Congruent","Incongruent","Congruent","Incongruent",7.99994,8.199949,"7&",1.132569,"Correct","Correct","Correct","Correct"
"3",5,"1_2_stimuli","2_1","Incongruent","Congruent","Incongruent","Congruent",9.999921,10.199929,"1!",0.844262,"Correct","Correct","Correct","Correct"
"3",6,"3_4_stimuli","4_3","Incongruent","Incongruent","Congruent","Incongruent",11.999904,12.199909,"3#",0.732236,"Correct","Correct","Correct","Correct"
"3",7,"5_6_stimuli","6_6","Congruent","Incongruent","Incongruent","Congruent",13.999897,14.199878,"6^",1.084264,"Correct","Correct","Correct","Correct"
"3",8,"7_8_stimuli","7_8","Incongruent","Congruent","Incongruent","Incongruent",15.999861,16.199872,"8*",0.76429,"Correct","Correct","Correct","Correct"
"3",9,"1_2_stimuli","2_1","Incongruent","Incongruent","Congruent","Incongruent",17.999851,18.199853,"1!",0.636733,"Correct","Correct","Correct","Correct"
"3",10,"3_4_stimuli","4_4","Congruent","Incongruent","Incongruent","Congruent",19.999839,20.199837,"4$",0.764337,"Correct","Correct","Correct","Correct"
"3",11,"5_6_stimuli","6_6","Congruent","Congruent","Incongruent","Incongruent",21.99981,22.199809,"6^",1.004308,"Correct","Correct","Correct","Correct"
"3",12,"7_8_stimuli","7_7","Congruent","Congruent","Congruent","Incongruent",23.999794,24.199796,"7&",0.716365,"Correct","Correct","Correct","Correct"
"3",13,"1_2_stimuli","1_2","Incongruent","Congruent","Congruent","Congruent",25.999779,26.199773,"2@",0.74868,"Correct","Correct","Correct","Correct"
"3",14,"3_4_stimuli","4_4","Congruent","Incongruent","Congruent","Congruent",27.999756,28.199766,"4$",0.780368,"Correct","Correct","Correct","Correct"
"3",15,"5_6_stimuli","5_5","Congruent","Congruent","Incongruent","Congruent",29.999745,30.199746,"5%",0.988948,"Correct","Correct","Correct","Correct"
"3",16,"7_8_stimuli","7_8","Incongruent","Congruent","Congruent","Incongruent",31.99972,32.199719,"8*",0.813046,"Correct","Correct","Correct","Correct"
"3",17,"1_2_stimuli","2_2","Congruent","Incongruent","Congruent","Congruent",33.9997,34.199697,"2@",0.748452,"Correct","Correct","Correct","Correct"
"3",18,"3_4_stimuli","4_3","Incongruent","Congruent","Incongruent","Congruent",35.999683,36.199685,"3#",0.63646,"Correct","Correct","Correct","Correct"
"3",19,"5_6_stimuli","5_5","Congruent","Incongruent","Congruent","Incongruent",37.999669,38.199661,"5%",0.956492,"Correct","Correct","Correct","Correct"
"3",20,"7_8_stimuli","8_8","Congruent","Congruent","Incongruent","Congruent",39.999645,40.199654,"8*",0.716939,"Correct","Correct","Correct","Correct"
"3",21,"1_2_stimuli","1_1","Congruent","Congruent","Congruent","Incongruent",41.999625,42.199627,"1!",0.717031,"Correct","Correct","Correct","Correct"
"3",22,"3_4_stimuli","3_3","Congruent","Congruent","Congruent","Congruent",43.999612,44.199606,"3#",0.557186,"Correct","Correct","Correct","Correct"
"3",23,"5_6_stimuli","5_5","Congruent","Congruent","Congruent","Congruent",45.999585,46.199592,"5%",0.876977,"Correct","Correct","Correct","Correct"
"3",24,"7_8_stimuli","8_8","Congruent","Congruent","Congruent","Congruent",47.999571,48.199565,"8*",0.653132,"Correct","Correct","Correct","Correct"
"3",25,"1_2_stimuli","2_2","Congruent","Congruent","Congruent","Congruent",49.999553,50.199545,"2@",0.860634,"Correct","Correct","Correct","Correct"
"3",26,"3_4_stimuli","4_3","Incongruent","Congruent","Congruent","Congruent",51.999544,52.199537,"3#",0.589072,"Correct","Correct","Correct","Correct"
"3",27,"5_6_stimuli","5_6","Incongruent","Incongruent","Congruent","Congruent",53.999526,54.199508,"5%",1.165063,"Error","Correct","Correct","Correct"
"3",28,"7_8_stimuli","8_8","Congruent","Incongruent","Incongruent","Congruent",55.999503,56.199494,"Omission",5000,"Omission","Error","Correct","Correct"
"3",29,"1_2_stimuli","2_1","Incongruent","Congruent","Incongruent","Incongruent",57.999478,58.199488,"1!",0.765164,"Correct","Omission","Error","Correct"
"3",30,"3_4_stimuli","4_4","Congruent","Incongruent","Congruent","Incongruent",59.999466,60.199459,"4$",0.957131,"Correct","Correct","Omission","Error"
"3",31,"5_6_stimuli","6_5","Incongruent","Congruent","Incongruent","Congruent",61.999443,62.199439,"5%",1.405093,"Correct","Correct","Correct","Omission"
"3",32,"7_8_stimuli","8_7","Incongruent","Incongruent","Congruent","Incongruent",63.999419,64.19943,"7&",1.037092,"Correct","Correct","Correct","Correct"
"3",33,"1_2_stimuli","1_1","Congruent","Incongruent","Incongruent","Congruent",65.9994,66.199394,"1!",0.748697,"Correct","Correct","Correct","Correct"
"3",34,"3_4_stimuli","4_3","Incongruent","Congruent","Incongruent","Incongruent",67.999389,68.199382,"3#",1.052715,"Correct","Correct","Correct","Correct"
"3",35,"5_6_stimuli","5_6","Incongruent","Incongruent","Congruent","Incongruent",69.999377,70.199371,"6^",1.292961,"Correct","Correct","Correct","Correct"
"3",36,"7_8_stimuli","8_7","Incongruent","Incongruent","Incongruent","Congruent",71.999345,72.199346,"7&",0.74876,"Correct","Correct","Correct","Correct"
"3",37,"1_2_stimuli","2_2","Congruent","Incongruent","Incongruent","Incongruent",73.99934,74.199329,"2@",0.748772,"Correct","Correct","Correct","Correct"
"3",38,"3_4_stimuli","3_3","Congruent","Congruent","Incongruent","Incongruent",75.999322,76.199317,"3#",0.620817,"Correct","Correct","Correct","Correct"
"3",39,"5_6_stimuli","6_6","Congruent","Congruent","Congruent","Incongruent",77.999289,78.199297,"6^",1.052884,"Correct","Correct","Correct","Correct"
"3",40,"7_8_stimuli","7_8","Incongruent","Congruent","Congruent","Congruent",79.999277,80.199269,"8*",0.685257,"Correct","Correct","Correct","Correct"
"3",41,"1_2_stimuli","1_2","Incongruent","Incongruent","Congruent","Congruent",81.999257,82.199252,"2@",0.845273,"Correct","Correct","Correct","Correct"
"3",42,"3_4_stimuli","3_4","Incongruent","Incongruent","Incongruent","Congruent",83.999238,84.199232,"4$",1.181006,"Correct","Correct","Correct","Correct"
"3",43,"5_6_stimuli","6_5","Incongruent","Incongruent","Incongruent","Incongruent",85.999213,86.199224,"5%",1.388876,"Correct","Correct","Correct","Correct"
"3",44,"7_8_stimuli","8_7","Incongruent","Incongruent","Incongruent","Incongruent",87.999198,88.199204,"7&",1.053481,"Correct","Correct","Correct","Correct"
"3",45,"1_2_stimuli","2_1","Incongruent","Incongruent","Incongruent","Incongruent",89.999179,90.199184,"1!",1.068914,"Correct","Correct","Correct","Correct"
"3",46,"3_4_stimuli","3_4","Incongruent","Incongruent","Incongruent","Incongruent",91.999165,92.199144,"4$",0.860927,"Correct","Correct","Correct","Correct"
"3",47,"5_6_stimuli","5_5","Congruent","Incongruent","Incongruent","Incongruent",93.999142,94.199149,"5%",1.292924,"Correct","Correct","Correct","Correct"
"3",48,"7_8_stimuli","7_7","Congruent","Congruent","Incongruent","Incongruent",95.999122,96.199121,"7&",1.197526,"Correct","Correct","Correct","Correct"
"3",49,"1_2_stimuli","1_2","Incongruent","Congruent","Congruent","Incongruent",97.999114,98.199118,"2@",0.97297,"Correct","Correct","Correct","Correct"
"3",50,"3_4_stimuli","3_4","Incongruent","Incongruent","Congruent","Congruent",99.999088,100.199094,"4$",0.829011,"Correct","Correct","Correct","Correct"
"3",51,"5_6_stimuli","5_6","Incongruent","Incongruent","Incongruent","Congruent",101.999067,102.199065,"6^",1.389552,"Correct","Correct","Correct","Correct"
"3",52,"7_8_stimuli","7_7","Congruent","Incongruent","Incongruent","Incongruent",103.999045,104.199046,"7&",0.781046,"Correct","Correct","Correct","Correct"
"3",53,"1_2_stimuli","1_1","Congruent","Congruent","Incongruent","Incongruent",105.999036,106.199038,"1!",0.525488,"Correct","Correct","Correct","Correct"
"3",54,"3_4_stimuli","3_3","Congruent","Congruent","Congruent","Incongruent",107.999012,108.199015,"3#",0.845483,"Correct","Correct","Correct","Correct"
"3",55,"5_6_stimuli","6_5","Incongruent","Congruent","Congruent","Congruent",109.999,110.198993,"5%",1.037493,"Correct","Correct","Correct","Correct"
"3",56,"7_8_stimuli","8_8","Congruent","Incongruent","Congruent","Congruent",111.998979,112.198969,"8*",0.973409,"Correct","Correct","Correct","Correct"
"3",57,"1_2_stimuli","1_1","Congruent","Congruent","Incongruent","Congruent",113.99896,114.198957,"1!",0.669467,"Correct","Correct","Correct","Correct"
"3",58,"3_4_stimuli","3_4","Incongruent","Congruent","Congruent","Incongruent",115.998947,116.198933,"4$",1.085423,"Correct","Correct","Correct","Correct"
"3",59,"5_6_stimuli","6_6","Congruent","Incongruent","Congruent","Congruent",117.998916,118.198925,"7&",0.973746,"Error","Correct","Correct","Correct"
"3",60,"7_8_stimuli","7_8","Incongruent","Congruent","Incongruent","Congruent",119.998903,120.198904,"8*",0.925181,"Correct","Error","Correct","Correct"
"3",61,"1_2_stimuli","2_2","Congruent","Incongruent","Congruent","Incongruent",121.998887,122.198886,"2@",1.293349,"Correct","Correct","Error","Correct"
"3",62,"3_4_stimuli","4_4","Congruent","Congruent","Incongruent","Congruent",123.998873,124.198867,"4$",1.021404,"Correct","Correct","Correct","Error"
"3",63,"5_6_stimuli","6_5","Incongruent","Congruent","Congruent","Incongruent",125.998857,126.198852,"5%",1.309606,"Correct","Correct","Correct","Correct"
"3",64,"7_8_stimuli","8_7","Incongruent","Incongruent","Congruent","Congruent",127.998823,128.198828,"7&",1.29349,"Correct","Correct","Correct","Correct"
"3",65,"1_2_stimuli","1_2","Incongruent","Incongruent","Incongruent","Congruent",129.998814,130.198804,"2@",0.685799,"Correct","Correct","Correct","Correct"
"3",66,"3_4_stimuli","3_3","Congruent","Incongruent","Incongruent","Incongruent",131.998791,132.198785,"3#",0.765234,"Correct","Correct","Correct","Correct"
"3",67,"5_6_stimuli","5_6","Incongruent","Congruent","Incongruent","Incongruent",133.998776,134.198773,"Omission",5000,"Omission","Correct","Correct","Correct"
"3",68,"7_8_stimuli","7_7","Congruent","Incongruent","Congruent","Incongruent",135.998765,136.19876,"7&",0.861295,"Correct","Omission","Correct","Correct"
"4",1,"1_2_stimuli","2_1","Incongruent",NA,NA,NA,1.999976,2.199986,"1!",0.844072,"Correct",NA,NA,NA
"4",2,"3_4_stimuli","4_4","Congruent","Incongruent",NA,NA,3.999963,4.199963,"4$",0.796126,"Correct","Correct",NA,NA
"4",3,"5_6_stimuli","6_5","Incongruent","Congruent","Incongruent",NA,5.999934,6.199944,"5%",0.972117,"Correct","Correct","Correct",NA
"4",4,"7_8_stimuli","8_8","Congruent","Incongruent","Congruent","Incongruent",7.999923,8.19992,"8*",0.700354,"Correct","Correct","Correct","Correct"
"4",5,"1_2_stimuli","1_1","Congruent","Congruent","Incongruent","Congruent",9.999906,10.199911,"1!",0.684529,"Correct","Correct","Correct","Correct"
"4",6,"3_4_stimuli","3_4","Incongruent","Congruent","Congruent","Incongruent",11.99989,12.199885,"4$",0.748162,"Correct","Correct","Correct","Correct"
"4",7,"5_6_stimuli","5_5","Congruent","Incongruent","Congruent","Congruent",13.99987,14.199877,"5%",0.780168,"Correct","Correct","Correct","Correct"
"4",8,"7_8_stimuli","7_8","Incongruent","Congruent","Incongruent","Congruent",15.99985,16.199856,"8*",0.876457,"Correct","Correct","Correct","Correct"
"4",9,"1_2_stimuli","1_1","Congruent","Incongruent","Congruent","Incongruent",17.999836,18.199829,"1!",0.620665,"Correct","Correct","Correct","Correct"
"4",10,"3_4_stimuli","3_3","Congruent","Congruent","Incongruent","Congruent",19.999825,20.199817,"3#",0.716725,"Correct","Correct","Correct","Correct"
"4",11,"5_6_stimuli","5_6","Incongruent","Congruent","Congruent","Incongruent",21.999807,22.199806,"7&",0.844784,"Error","Correct","Correct","Correct"
"4",12,"7_8_stimuli","7_7","Congruent","Incongruent","Congruent","Congruent",23.999781,24.199771,"7&",0.476804,"Correct","Error","Correct","Correct"
"4",13,"1_2_stimuli","2_1","Incongruent","Congruent","Incongruent","Congruent",25.999758,26.199767,"1!",0.908447,"Correct","Correct","Error","Correct"
"4",14,"3_4_stimuli","4_3","Incongruent","Incongruent","Congruent","Incongruent",27.99975,28.199745,"3#",0.652737,"Correct","Correct","Correct","Error"
"4",15,"5_6_stimuli","6_6","Congruent","Incongruent","Incongruent","Congruent",29.999728,30.199729,"6^",1.004713,"Correct","Correct","Correct","Correct"
"4",16,"7_8_stimuli","8_8","Congruent","Congruent","Incongruent","Incongruent",31.999711,32.19971,"8*",0.620752,"Correct","Correct","Correct","Correct"
"4",17,"1_2_stimuli","2_2","Congruent","Congruent","Congruent","Incongruent",33.999686,34.199688,"2@",0.78083,"Correct","Correct","Correct","Correct"
"4",18,"3_4_stimuli","4_4","Congruent","Congruent","Congruent","Congruent",35.999674,36.199675,"4$",0.684913,"Correct","Correct","Correct","Correct"
"4",19,"5_6_stimuli","6_5","Incongruent","Congruent","Congruent","Congruent",37.999652,38.199656,"5%",0.908675,"Correct","Correct","Correct","Correct"
"4",20,"7_8_stimuli","8_7","Incongruent","Incongruent","Congruent","Congruent",39.999641,40.199646,"7&",0.764914,"Correct","Correct","Correct","Correct"
"4",21,"1_2_stimuli","2_1","Incongruent","Incongruent","Incongruent","Congruent",41.999616,42.199605,"1!",0.812379,"Correct","Correct","Correct","Correct"
"4",22,"3_4_stimuli","4_4","Congruent","Incongruent","Incongruent","Incongruent",43.999594,44.1996,"4$",0.732728,"Correct","Correct","Correct","Correct"
"4",23,"5_6_stimuli","6_6","Congruent","Congruent","Incongruent","Incongruent",45.999568,46.199584,"6^",1.052703,"Correct","Correct","Correct","Correct"
"4",24,"7_8_stimuli","7_8","Incongruent","Congruent","Congruent","Incongruent",47.999557,48.199559,"8*",0.636449,"Correct","Correct","Correct","Correct"
"4",25,"1_2_stimuli","1_1","Congruent","Incongruent","Congruent","Congruent",49.999536,50.199543,"1!",0.732484,"Correct","Correct","Correct","Correct"
"4",26,"3_4_stimuli","4_3","Incongruent","Congruent","Incongruent","Congruent",51.999528,52.19952,"3#",0.620444,"Correct","Correct","Correct","Correct"
"4",27,"5_6_stimuli","6_6","Congruent","Incongruent","Congruent","Incongruent",53.999507,54.199504,"6^",0.972903,"Correct","Correct","Correct","Correct"
"4",28,"7_8_stimuli","8_8","Congruent","Congruent","Incongruent","Congruent",55.999477,56.199476,"8*",0.764755,"Correct","Correct","Correct","Correct"
"4",29,"1_2_stimuli","1_2","Incongruent","Congruent","Congruent","Incongruent",57.999467,58.199462,"2@",0.748565,"Correct","Correct","Correct","Correct"
"4",30,"3_4_stimuli","4_4","Congruent","Incongruent","Congruent","Congruent",59.99944,60.19944,"4$",0.956537,"Correct","Correct","Correct","Correct"
"4",31,"5_6_stimuli","6_5","Incongruent","Congruent","Incongruent","Congruent",61.999437,62.199418,"5%",0.652551,"Correct","Correct","Correct","Correct"
"4",32,"7_8_stimuli","7_8","Incongruent","Incongruent","Congruent","Incongruent",63.999414,64.199404,"8*",0.669061,"Correct","Correct","Correct","Correct"
"4",33,"1_2_stimuli","2_2","Congruent","Incongruent","Incongruent","Congruent",65.999384,66.19939,"2@",0.71658,"Correct","Correct","Correct","Correct"
"4",34,"3_4_stimuli","4_3","Incongruent","Congruent","Incongruent","Incongruent",67.999381,68.199363,"3#",0.71677,"Correct","Correct","Correct","Correct"
"4",35,"5_6_stimuli","5_6","Incongruent","Incongruent","Congruent","Incongruent",69.999352,70.199352,"6^",0.988631,"Correct","Correct","Correct","Correct"
"4",36,"7_8_stimuli","8_8","Congruent","Incongruent","Incongruent","Congruent",71.999336,72.199329,"8*",0.796931,"Correct","Correct","Correct","Correct"
"4",37,"1_2_stimuli","1_2","Incongruent","Congruent","Incongruent","Incongruent",73.999321,74.199319,"2@",0.572619,"Correct","Correct","Correct","Correct"
"4",38,"3_4_stimuli","3_3","Congruent","Incongruent","Congruent","Incongruent",75.99929,76.199296,"3#",0.781159,"Correct","Correct","Correct","Correct"
"4",39,"5_6_stimuli","5_5","Congruent","Congruent","Incongruent","Congruent",77.999277,78.199276,"5%",0.844706,"Correct","Correct","Correct","Correct"
"4",40,"7_8_stimuli","7_7","Congruent","Congruent","Congruent","Incongruent",79.999256,80.199265,"7&",0.925245,"Correct","Correct","Correct","Correct"
"4",41,"1_2_stimuli","2_2","Congruent","Congruent","Congruent","Congruent",81.999239,82.199244,"2@",0.637167,"Correct","Correct","Correct","Correct"
"4",42,"3_4_stimuli","3_4","Incongruent","Congruent","Congruent","Congruent",83.999222,84.199217,"4$",0.796731,"Correct","Correct","Correct","Correct"
"4",43,"5_6_stimuli","6_5","Incongruent","Incongruent","Congruent","Congruent",85.999203,86.199198,"6^",0.669241,"Error","Correct","Correct","Correct"
"4",44,"7_8_stimuli","8_7","Incongruent","Incongruent","Incongruent","Congruent",87.999182,88.199181,"7&",0.733318,"Correct","Error","Correct","Correct"
"4",45,"1_2_stimuli","1_1","Congruent","Incongruent","Incongruent","Incongruent",89.999174,90.199168,"1!",0.877315,"Correct","Correct","Error","Correct"
"4",46,"3_4_stimuli","3_3","Congruent","Congruent","Incongruent","Incongruent",91.999153,92.199144,"3#",0.669225,"Correct","Correct","Correct","Error"
"4",47,"5_6_stimuli","6_6","Congruent","Congruent","Congruent","Incongruent",93.999132,94.199129,"5%",1.148812,"Error","Correct","Correct","Correct"
"4",48,"7_8_stimuli","7_7","Congruent","Congruent","Congruent","Congruent",95.999106,96.199115,"7&",1.005022,"Correct","Error","Correct","Correct"
"4",49,"1_2_stimuli","1_2","Incongruent","Congruent","Congruent","Congruent",97.999089,98.199091,"2@",0.828866,"Correct","Correct","Error","Correct"
"4",50,"3_4_stimuli","3_4","Incongruent","Incongruent","Congruent","Congruent",99.999076,100.199075,"4$",1.068861,"Correct","Correct","Correct","Error"
"4",51,"5_6_stimuli","6_5","Incongruent","Incongruent","Incongruent","Congruent",101.999056,102.19905,"5%",0.765118,"Correct","Correct","Correct","Correct"
"4",52,"7_8_stimuli","8_7","Incongruent","Incongruent","Incongruent","Incongruent",103.999036,104.199039,"7&",0.92533,"Correct","Correct","Correct","Correct"
"4",53,"1_2_stimuli","2_1","Incongruent","Incongruent","Incongruent","Incongruent",105.999021,106.199023,"1!",0.893392,"Correct","Correct","Correct","Correct"
"4",54,"3_4_stimuli","3_4","Incongruent","Incongruent","Incongruent","Incongruent",107.999003,108.19901,"4$",1.020999,"Correct","Correct","Correct","Correct"
"4",55,"5_6_stimuli","5_5","Congruent","Incongruent","Incongruent","Incongruent",109.998989,110.198977,"5%",0.781362,"Correct","Correct","Correct","Correct"
"4",56,"7_8_stimuli","8_7","Incongruent","Congruent","Incongruent","Incongruent",111.99896,112.198971,"7&",1.357199,"Correct","Correct","Correct","Correct"
"4",57,"1_2_stimuli","2_1","Incongruent","Incongruent","Congruent","Incongruent",113.998942,114.198951,"1!",0.861308,"Correct","Correct","Correct","Correct"
"4",58,"3_4_stimuli","4_3","Incongruent","Incongruent","Incongruent","Congruent",115.998924,116.198923,"3#",0.733518,"Correct","Correct","Correct","Correct"
"4",59,"5_6_stimuli","5_6","Incongruent","Incongruent","Incongruent","Incongruent",117.998905,118.198913,"6^",1.35721,"Correct","Correct","Correct","Correct"
"4",60,"7_8_stimuli","7_7","Congruent","Incongruent","Incongruent","Incongruent",119.998891,120.198886,"7&",0.685527,"Correct","Correct","Correct","Correct"
"4",61,"1_2_stimuli","2_2","Congruent","Congruent","Incongruent","Incongruent",121.998874,122.198868,"2@",0.749134,"Correct","Correct","Correct","Correct"
"4",62,"3_4_stimuli","4_4","Congruent","Congruent","Congruent","Incongruent",123.998859,124.198852,"4$",0.925024,"Correct","Correct","Correct","Correct"
"4",63,"5_6_stimuli","5_5","Congruent","Congruent","Congruent","Congruent",125.998841,126.198839,"5%",0.797073,"Correct","Correct","Correct","Correct"
"4",64,"7_8_stimuli","7_8","Incongruent","Congruent","Congruent","Congruent",127.998819,128.19881,"8*",0.877486,"Correct","Correct","Correct","Correct"
"4",65,"1_2_stimuli","1_2","Incongruent","Incongruent","Congruent","Congruent",129.998793,130.198799,"2@",0.781521,"Correct","Correct","Correct","Correct"
"4",66,"3_4_stimuli","3_3","Congruent","Incongruent","Incongruent","Congruent",131.99878,132.198785,"3#",0.957127,"Correct","Correct","Correct","Correct"
"4",67,"5_6_stimuli","5_6","Incongruent","Congruent","Incongruent","Incongruent",133.998767,134.198765,"6^",0.989379,"Correct","Correct","Correct","Correct"
"4",68,"7_8_stimuli","8_8","Congruent","Incongruent","Congruent","Incongruent",135.998743,136.198746,"8*",0.781688,"Correct","Correct","Correct","Correct"
"5",1,"1_2_stimuli","1_1","Congruent",NA,NA,NA,1.999978,2.199984,"1!",0.694627,"Correct",NA,NA,NA
"5",2,"3_4_stimuli","4_3","Incongruent","Congruent",NA,NA,3.999959,4.199952,"3#",0.550629,"Correct","Correct",NA,NA
"5",3,"5_6_stimuli","5_5","Congruent","Incongruent","Congruent",NA,5.999945,6.199937,"5%",0.966677,"Correct","Correct","Correct",NA
"5",4,"7_8_stimuli","8_8","Congruent","Congruent","Incongruent","Congruent",7.999931,8.199921,"8*",0.614652,"Correct","Correct","Correct","Correct"
"5",5,"1_2_stimuli","1_1","Congruent","Congruent","Congruent","Incongruent",9.999899,10.199909,"1!",0.630638,"Correct","Correct","Correct","Correct"
"5",6,"3_4_stimuli","4_4","Congruent","Congruent","Congruent","Congruent",11.999884,12.199895,"4$",0.822695,"Correct","Correct","Correct","Correct"
"5",7,"5_6_stimuli","6_6","Congruent","Congruent","Congruent","Congruent",13.999874,14.199876,"6^",1.111346,"Correct","Correct","Correct","Correct"
"5",8,"7_8_stimuli","7_8","Incongruent","Congruent","Congruent","Congruent",15.999881,16.199857,"8*",0.759141,"Correct","Correct","Correct","Correct"
"5",9,"1_2_stimuli","2_2","Congruent","Incongruent","Congruent","Congruent",17.999832,18.199829,"2@",0.631057,"Correct","Correct","Correct","Correct"
"5",10,"3_4_stimuli","4_3","Incongruent","Congruent","Incongruent","Congruent",19.999812,20.19982,"3#",0.407211,"Correct","Correct","Correct","Correct"
"5",11,"5_6_stimuli","5_5","Congruent","Incongruent","Congruent","Incongruent",21.999803,22.199801,"6^",0.774943,"Error","Correct","Correct","Correct"
"5",12,"7_8_stimuli","8_7","Incongruent","Congruent","Incongruent","Congruent",23.999774,24.199778,"7&",0.743276,"Correct","Error","Correct","Correct"
"5",13,"1_2_stimuli","2_1","Incongruent","Incongruent","Congruent","Incongruent",25.999763,26.199764,"1!",0.727308,"Correct","Correct","Error","Correct"
"5",14,"3_4_stimuli","3_3","Congruent","Incongruent","Incongruent","Congruent",27.99974,28.199747,"3#",0.902817,"Correct","Correct","Correct","Error"
"5",15,"5_6_stimuli","6_5","Incongruent","Congruent","Incongruent","Incongruent",29.999716,30.199713,"5%",1.271266,"Correct","Correct","Correct","Correct"
"5",16,"7_8_stimuli","8_8","Congruent","Incongruent","Congruent","Incongruent",31.999703,32.199705,"8*",0.775275,"Correct","Correct","Correct","Correct"
"5",17,"1_2_stimuli","2_2","Congruent","Congruent","Incongruent","Congruent",33.999695,34.199691,"2@",0.64734,"Correct","Correct","Correct","Correct"
"5",18,"3_4_stimuli","3_3","Congruent","Congruent","Congruent","Incongruent",35.999662,36.199666,"3#",0.535339,"Correct","Correct","Correct","Correct"
"5",19,"5_6_stimuli","6_5","Incongruent","Congruent","Congruent","Congruent",37.999649,38.199642,"5%",1.110897,"Correct","Correct","Correct","Correct"
"5",20,"7_8_stimuli","8_7","Incongruent","Incongruent","Congruent","Congruent",39.999634,40.199636,"7&",0.695116,"Correct","Correct","Correct","Correct"
"5",21,"1_2_stimuli","1_2","Incongruent","Incongruent","Incongruent","Congruent",41.999612,42.199604,"2@",0.759368,"Correct","Correct","Correct","Correct"
"5",22,"3_4_stimuli","4_3","Incongruent","Incongruent","Incongruent","Incongruent",43.999596,44.199587,"3#",0.582995,"Correct","Correct","Correct","Correct"
"5",23,"5_6_stimuli","6_5","Incongruent","Incongruent","Incongruent","Incongruent",45.999573,46.199581,"5%",1.143749,"Correct","Correct","Correct","Correct"
"5",24,"7_8_stimuli","8_7","Incongruent","Incongruent","Incongruent","Incongruent",47.999549,48.199552,"7&",0.903514,"Correct","Correct","Correct","Correct"
"5",25,"1_2_stimuli","1_1","Congruent","Incongruent","Incongruent","Incongruent",49.999534,50.199536,"1!",0.823316,"Correct","Correct","Correct","Correct"
"5",26,"3_4_stimuli","3_3","Congruent","Congruent","Incongruent","Incongruent",51.999518,52.199518,"3#",0.72749,"Correct","Correct","Correct","Correct"
"5",27,"5_6_stimuli","5_6","Incongruent","Congruent","Congruent","Incongruent",53.999498,54.199494,"6^",1.223046,"Correct","Correct","Correct","Correct"
"5",28,"7_8_stimuli","8_8","Congruent","Incongruent","Congruent","Congruent",55.999477,56.199481,"8*",0.64734,"Correct","Correct","Correct","Correct"
"5",29,"1_2_stimuli","1_2","Incongruent","Congruent","Incongruent","Congruent",57.99947,58.199465,"2@",0.74304,"Correct","Correct","Correct","Correct"
"5",30,"3_4_stimuli","3_4","Incongruent","Incongruent","Congruent","Incongruent",59.999436,60.19945,"4$",0.839341,"Correct","Correct","Correct","Correct"
"5",31,"5_6_stimuli","5_6","Incongruent","Incongruent","Incongruent","Congruent",61.999425,62.199424,"6^",0.983087,"Correct","Correct","Correct","Correct"
"5",32,"7_8_stimuli","7_7","Congruent","Incongruent","Incongruent","Incongruent",63.999405,64.1994,"7&",0.663113,"Correct","Correct","Correct","Correct"
"5",33,"1_2_stimuli","2_2","Congruent","Congruent","Incongruent","Incongruent",65.999381,66.199381,"2@",0.58331,"Correct","Correct","Correct","Correct"
"5",34,"3_4_stimuli","3_4","Incongruent","Congruent","Congruent","Incongruent",67.999378,68.199368,"4$",0.95114,"Correct","Correct","Correct","Correct"
"5",35,"5_6_stimuli","5_5","Congruent","Incongruent","Congruent","Congruent",69.999349,70.199355,"5%",0.743175,"Correct","Correct","Correct","Correct"
"5",36,"7_8_stimuli","7_7","Congruent","Congruent","Incongruent","Congruent",71.999328,72.19933,"7&",0.887236,"Correct","Correct","Correct","Correct"
"5",37,"1_2_stimuli","1_2","Incongruent","Congruent","Congruent","Incongruent",73.99932,74.199313,"2@",0.631671,"Correct","Correct","Correct","Correct"
"5",38,"3_4_stimuli","3_3","Congruent","Incongruent","Congruent","Congruent",75.999304,76.199291,"3#",0.455222,"Correct","Correct","Correct","Correct"
"5",39,"5_6_stimuli","6_6","Congruent","Congruent","Incongruent","Congruent",77.999275,78.199268,"6^",1.239736,"Correct","Correct","Correct","Correct"
"5",40,"7_8_stimuli","7_7","Congruent","Congruent","Congruent","Incongruent",79.999251,80.199259,"7&",0.599254,"Correct","Correct","Correct","Correct"
"5",41,"1_2_stimuli","2_2","Congruent","Congruent","Congruent","Congruent",81.999238,82.199241,"2@",0.63175,"Correct","Correct","Correct","Correct"
"5",42,"3_4_stimuli","4_3","Incongruent","Congruent","Congruent","Congruent",83.99922,84.199225,"3#",0.631507,"Correct","Correct","Correct","Correct"
"5",43,"5_6_stimuli","5_6","Incongruent","Incongruent","Congruent","Congruent",85.999199,86.199207,"5%",1.031897,"Error","Correct","Correct","Correct"
"5",44,"7_8_stimuli","8_8","Congruent","Incongruent","Incongruent","Congruent",87.999188,88.199181,"8*",0.791757,"Correct","Error","Correct","Correct"
"5",45,"1_2_stimuli","1_2","Incongruent","Congruent","Incongruent","Incongruent",89.999179,90.199158,"2@",0.839589,"Correct","Correct","Error","Correct"
"5",46,"3_4_stimuli","4_4","Congruent","Incongruent","Congruent","Incongruent",91.999148,92.199142,"4$",0.807549,"Correct","Correct","Correct","Error"
"5",47,"5_6_stimuli","5_6","Incongruent","Congruent","Incongruent","Congruent",93.99913,94.199126,"Omission",5000,"Omission","Correct","Correct","Correct"
"5",48,"7_8_stimuli","8_7","Incongruent","Incongruent","Congruent","Incongruent",95.999112,96.199114,"7&",0.759395,"Correct","Omission","Correct","Correct"
"5",49,"1_2_stimuli","1_1","Congruent","Incongruent","Incongruent","Congruent",97.999086,98.199085,"1!",0.903726,"Correct","Correct","Omission","Correct"
"5",50,"3_4_stimuli","3_4","Incongruent","Congruent","Incongruent","Incongruent",99.999079,100.199074,"4$",0.743402,"Correct","Correct","Correct","Omission"
"5",51,"5_6_stimuli","6_5","Incongruent","Incongruent","Congruent","Incongruent",101.999055,102.199049,"5%",0.775802,"Correct","Correct","Correct","Correct"
"5",52,"7_8_stimuli","7_8","Incongruent","Incongruent","Incongruent","Congruent",103.99904,104.19903,"Omission",5000,"Omission","Correct","Correct","Correct"
"5",53,"1_2_stimuli","2_1","Incongruent","Incongruent","Incongruent","Incongruent",105.999014,106.199018,"1!",0.69549,"Correct","Omission","Correct","Correct"
"5",54,"3_4_stimuli","4_4","Congruent","Incongruent","Incongruent","Incongruent",107.999003,108.198999,"4$",0.839485,"Correct","Correct","Omission","Correct"
"5",55,"5_6_stimuli","6_6","Congruent","Congruent","Incongruent","Incongruent",109.998978,110.198978,"6^",1.079412,"Correct","Correct","Correct","Omission"
"5",56,"7_8_stimuli","7_8","Incongruent","Congruent","Congruent","Incongruent",111.998964,112.198957,"8*",0.792104,"Correct","Correct","Correct","Correct"
"5",57,"1_2_stimuli","2_1","Incongruent","Incongruent","Congruent","Congruent",113.998943,114.198942,"1!",0.695856,"Correct","Correct","Correct","Correct"
"5",58,"3_4_stimuli","4_3","Incongruent","Incongruent","Incongruent","Congruent",115.998924,116.198928,"3#",0.583948,"Correct","Correct","Correct","Correct"
"5",59,"5_6_stimuli","5_5","Congruent","Incongruent","Incongruent","Incongruent",117.998915,118.198913,"6^",1.047537,"Error","Correct","Correct","Correct"
"5",60,"7_8_stimuli","7_8","Incongruent","Congruent","Incongruent","Incongruent",119.998886,120.198894,"8*",0.967913,"Correct","Error","Correct","Correct"
"5",61,"1_2_stimuli","1_1","Congruent","Incongruent","Congruent","Incongruent",121.99887,122.19887,"1!",0.583574,"Correct","Correct","Error","Correct"
"5",62,"3_4_stimuli","4_4","Congruent","Congruent","Incongruent","Congruent",123.998854,124.198852,"4$",0.82414,"Correct","Correct","Correct","Error"
"5",63,"5_6_stimuli","6_6","Congruent","Congruent","Congruent","Incongruent",125.998829,126.198835,"6^",1.448164,"Correct","Correct","Correct","Correct"
"5",64,"7_8_stimuli","7_7","Congruent","Congruent","Congruent","Congruent",127.998815,128.198814,"7&",0.584045,"Correct","Correct","Correct","Correct"
"5",65,"1_2_stimuli","2_1","Incongruent","Congruent","Congruent","Congruent",129.998802,130.198803,"1!",0.567651,"Correct","Correct","Correct","Correct"
"5",66,"3_4_stimuli","3_4","Incongruent","Incongruent","Congruent","Congruent",131.998777,132.198782,"4$",0.791645,"Correct","Correct","Correct","Correct"
"5",67,"5_6_stimuli","5_5","Congruent","Incongruent","Incongruent","Congruent",133.998761,134.198764,"5%",0.776029,"Correct","Correct","Correct","Correct"
"5",68,"7_8_stimuli","8_8","Congruent","Congruent","Incongruent","Incongruent",135.99875,136.198745,"8*",0.584137,"Correct","Correct","Correct","Correct"
"6",1,"1_2_stimuli","1_2","Incongruent",NA,NA,NA,1.999973,2.199971,"2@",0.959356,"Correct",NA,NA,NA
"6",2,"3_4_stimuli","3_4","Incongruent","Incongruent",NA,NA,3.999966,4.199968,"4$",0.671171,"Correct","Correct",NA,NA
"6",3,"5_6_stimuli","5_6","Incongruent","Incongruent","Incongruent",NA,5.99994,6.19995,"6^",0.943136,"Correct","Correct","Correct",NA
"6",4,"7_8_stimuli","8_7","Incongruent","Incongruent","Incongruent","Incongruent",7.999931,8.19992,"7&",0.718802,"Correct","Correct","Correct","Correct"
"6",5,"1_2_stimuli","1_1","Congruent","Incongruent","Incongruent","Incongruent",9.999914,10.19992,"1!",0.639121,"Correct","Correct","Correct","Correct"
"6",6,"3_4_stimuli","4_3","Incongruent","Congruent","Incongruent","Incongruent",11.999881,12.19989,"3#",0.607326,"Correct","Correct","Correct","Correct"
"6",7,"5_6_stimuli","5_6","Incongruent","Incongruent","Congruent","Incongruent",13.999874,14.199864,"6^",1.10322,"Correct","Correct","Correct","Correct"
"6",8,"7_8_stimuli","7_7","Congruent","Incongruent","Incongruent","Congruent",15.999846,16.199849,"7&",0.446907,"Correct","Correct","Correct","Correct"
"6",9,"1_2_stimuli","1_2","Incongruent","Congruent","Incongruent","Incongruent",17.999843,18.19983,"2@",0.639263,"Correct","Correct","Correct","Correct"
"6",10,"3_4_stimuli","3_3","Congruent","Incongruent","Congruent","Incongruent",19.999809,20.19981,"3#",0.559386,"Correct","Correct","Correct","Correct"
"6",11,"5_6_stimuli","5_5","Congruent","Congruent","Incongruent","Congruent",21.999799,22.199804,"5%",0.943163,"Correct","Correct","Correct","Correct"
"6",12,"7_8_stimuli","7_8","Incongruent","Congruent","Congruent","Incongruent",23.999766,24.199777,"7&",0.879709,"Error","Correct","Correct","Correct"
"6",13,"1_2_stimuli","2_2","Congruent","Incongruent","Congruent","Congruent",25.999765,26.199764,"2@",0.59102,"Correct","Error","Correct","Correct"
"6",14,"3_4_stimuli","3_4","Incongruent","Congruent","Incongruent","Congruent",27.999746,28.199745,"4$",0.815326,"Correct","Correct","Error","Correct"
"6",15,"5_6_stimuli","6_6","Congruent","Incongruent","Congruent","Incongruent",29.999718,30.199723,"6^",1.087043,"Correct","Correct","Correct","Error"
"6",16,"7_8_stimuli","8_8","Congruent","Congruent","Incongruent","Congruent",31.999709,32.199693,"8*",0.591402,"Correct","Correct","Correct","Correct"
"6",17,"1_2_stimuli","2_1","Incongruent","Congruent","Congruent","Incongruent",33.999685,34.199688,"1!",0.751477,"Correct","Correct","Correct","Correct"
"6",18,"3_4_stimuli","3_4","Incongruent","Incongruent","Congruent","Congruent",35.999675,36.199667,"4$",0.703051,"Correct","Correct","Correct","Correct"
"6",19,"5_6_stimuli","6_5","Incongruent","Incongruent","Incongruent","Congruent",37.999654,38.199649,"5%",0.799471,"Correct","Correct","Correct","Correct"
"6",20,"7_8_stimuli","8_7","Incongruent","Incongruent","Incongruent","Incongruent",39.999621,40.19962,"7&",1.055244,"Correct","Correct","Correct","Correct"
"6",21,"1_2_stimuli","2_1","Incongruent","Incongruent","Incongruent","Incongruent",41.999609,42.199608,"1!",0.687077,"Correct","Correct","Correct","Correct"
"6",22,"3_4_stimuli","3_3","Congruent","Incongruent","Incongruent","Incongruent",43.999591,44.199592,"3#",0.975145,"Correct","Correct","Correct","Correct"
"6",23,"5_6_stimuli","5_6","Incongruent","Congruent","Incongruent","Incongruent",45.999585,46.199582,"6^",1.199213,"Correct","Correct","Correct","Correct"
"6",24,"7_8_stimuli","8_8","Congruent","Incongruent","Congruent","Incongruent",47.999559,48.19955,"8*",0.719164,"Correct","Correct","Correct","Correct"
"6",25,"1_2_stimuli","1_1","Congruent","Congruent","Incongruent","Congruent",49.999546,50.199535,"1!",0.607147,"Correct","Correct","Correct","Correct"
"6",26,"3_4_stimuli","4_4","Congruent","Congruent","Congruent","Incongruent",51.999527,52.199509,"4$",0.735627,"Correct","Correct","Correct","Correct"
"6",27,"5_6_stimuli","5_5","Congruent","Congruent","Congruent","Congruent",53.999512,54.199502,"5%",0.799189,"Correct","Correct","Correct","Correct"
"6",28,"7_8_stimuli","7_7","Congruent","Congruent","Congruent","Congruent",55.999488,56.199489,"7&",0.95964,"Correct","Correct","Correct","Correct"
"6",29,"1_2_stimuli","2_1","Incongruent","Congruent","Congruent","Congruent",57.999467,58.199461,"1!",0.751358,"Correct","Correct","Correct","Correct"
"6",30,"3_4_stimuli","4_4","Congruent","Incongruent","Congruent","Congruent",59.999452,60.199441,"4$",0.735674,"Correct","Correct","Correct","Correct"
"6",31,"5_6_stimuli","6_5","Incongruent","Congruent","Incongruent","Congruent",61.999436,62.199433,"5%",0.751765,"Correct","Correct","Correct","Correct"
"6",32,"7_8_stimuli","7_8","Incongruent","Incongruent","Congruent","Incongruent",63.999419,64.1994,"8*",0.687602,"Correct","Correct","Correct","Correct"
"6",33,"1_2_stimuli","1_2","Incongruent","Incongruent","Incongruent","Congruent",65.999385,66.199389,"2@",1.023894,"Correct","Correct","Correct","Correct"
"6",34,"3_4_stimuli","4_3","Incongruent","Incongruent","Incongruent","Incongruent",67.999372,68.199365,"3#",0.559318,"Correct","Correct","Correct","Correct"
"6",35,"5_6_stimuli","5_5","Congruent","Incongruent","Incongruent","Incongruent",69.999357,70.199344,"5%",0.911323,"Correct","Correct","Correct","Correct"
"6",36,"7_8_stimuli","8_7","Incongruent","Congruent","Incongruent","Incongruent",71.999339,72.199327,"7&",0.719306,"Correct","Correct","Correct","Correct"
"6",37,"1_2_stimuli","2_1","Incongruent","Incongruent","Congruent","Incongruent",73.999311,74.199314,"1!",0.671426,"Correct","Correct","Correct","Correct"
"6",38,"3_4_stimuli","3_4","Incongruent","Incongruent","Incongruent","Congruent",75.999294,76.199306,"4$",0.719391,"Correct","Correct","Correct","Correct"
"6",39,"5_6_stimuli","6_5","Incongruent","Incongruent","Incongruent","Incongruent",77.999277,78.199278,"5%",0.623446,"Correct","Correct","Correct","Correct"
"6",40,"7_8_stimuli","7_7","Congruent","Incongruent","Incongruent","Incongruent",79.999257,80.19927,"7&",0.831981,"Correct","Correct","Correct","Correct"
"6",41,"1_2_stimuli","2_2","Congruent","Congruent","Incongruent","Incongruent",81.999237,82.199236,"2@",0.799836,"Correct","Correct","Correct","Correct"
"6",42,"3_4_stimuli","4_3","Incongruent","Congruent","Congruent","Incongruent",83.999228,84.199226,"3#",0.623682,"Correct","Correct","Correct","Correct"
"6",43,"5_6_stimuli","6_6","Congruent","Incongruent","Congruent","Congruent",85.999217,86.199216,"6^",1.231474,"Correct","Correct","Correct","Correct"
"6",44,"7_8_stimuli","8_7","Incongruent","Congruent","Incongruent","Congruent",87.99918,88.199189,"7&",0.63981,"Correct","Correct","Correct","Correct"
"6",45,"1_2_stimuli","1_1","Congruent","Incongruent","Congruent","Incongruent",89.999162,90.199162,"1!",0.655449,"Correct","Correct","Correct","Correct"
"6",46,"3_4_stimuli","4_4","Congruent","Congruent","Incongruent","Congruent",91.999153,92.199144,"4$",0.944087,"Correct","Correct","Correct","Correct"
"6",47,"5_6_stimuli","6_6","Congruent","Congruent","Congruent","Incongruent",93.999128,94.199126,"6^",0.896023,"Correct","Correct","Correct","Correct"
"6",48,"7_8_stimuli","8_7","Incongruent","Congruent","Congruent","Congruent",95.999109,96.199112,"7&",0.607729,"Correct","Correct","Correct","Correct"
"6",49,"1_2_stimuli","1_2","Incongruent","Incongruent","Congruent","Congruent",97.99909,98.19909,"2@",0.591548,"Correct","Correct","Correct","Correct"
"6",50,"3_4_stimuli","3_3","Congruent","Incongruent","Incongruent","Congruent",99.999083,100.19907,"3#",0.656135,"Correct","Correct","Correct","Correct"
"6",51,"5_6_stimuli","6_6","Congruent","Congruent","Incongruent","Incongruent",101.99906,102.199056,"6^",1.264342,"Correct","Correct","Correct","Correct"
"6",52,"7_8_stimuli","7_7","Congruent","Congruent","Congruent","Incongruent",103.999044,104.199037,"7&",0.62403,"Correct","Correct","Correct","Correct"
"6",53,"1_2_stimuli","2_2","Congruent","Congruent","Congruent","Congruent",105.999021,106.199015,"2@",0.559612,"Correct","Correct","Correct","Correct"
"6",54,"3_4_stimuli","3_3","Congruent","Congruent","Congruent","Congruent",107.999,108.198995,"3#",0.527884,"Correct","Correct","Correct","Correct"
"6",55,"5_6_stimuli","6_5","Incongruent","Congruent","Congruent","Congruent",109.99898,110.198978,"5%",0.783656,"Correct","Correct","Correct","Correct"
"6",56,"7_8_stimuli","7_8","Incongruent","Incongruent","Congruent","Congruent",111.998961,112.198957,"8*",0.624006,"Correct","Correct","Correct","Correct"
"6",57,"1_2_stimuli","1_1","Congruent","Incongruent","Incongruent","Congruent",113.998941,114.198921,"1!",0.783729,"Correct","Correct","Correct","Correct"
"6",58,"3_4_stimuli","4_4","Congruent","Congruent","Incongruent","Incongruent",115.998935,116.198935,"4$",0.799851,"Correct","Correct","Correct","Correct"
"6",59,"5_6_stimuli","5_6","Incongruent","Congruent","Congruent","Incongruent",117.998909,118.198916,"6^",0.71974,"Correct","Correct","Correct","Correct"
"6",60,"7_8_stimuli","8_8","Congruent","Incongruent","Congruent","Congruent",119.998908,120.198887,"8*",0.687956,"Correct","Correct","Correct","Correct"
"6",61,"1_2_stimuli","1_2","Incongruent","Congruent","Incongruent","Congruent",121.99888,122.19887,"2@",0.559786,"Correct","Correct","Correct","Correct"
"6",62,"3_4_stimuli","3_4","Incongruent","Incongruent","Congruent","Incongruent",123.998857,124.198847,"4$",0.672044,"Correct","Correct","Correct","Correct"
"6",63,"5_6_stimuli","5_5","Congruent","Incongruent","Incongruent","Congruent",125.998835,126.198839,"5%",0.672141,"Correct","Correct","Correct","Correct"
"6",64,"7_8_stimuli","8_8","Congruent","Congruent","Incongruent","Incongruent",127.998815,128.19882,"8*",0.559816,"Correct","Correct","Correct","Correct"
"6",65,"1_2_stimuli","2_2","Congruent","Congruent","Congruent","Incongruent",129.998795,130.198795,"2@",0.59183,"Correct","Correct","Correct","Correct"
"6",66,"3_4_stimuli","4_3","Incongruent","Congruent","Congruent","Congruent",131.998775,132.198781,"3#",0.528291,"Correct","Correct","Correct","Correct"
"6",67,"5_6_stimuli","5_6","Incongruent","Incongruent","Congruent","Congruent",133.998758,134.198758,"6^",1.055875,"Correct","Correct","Correct","Correct"
"6",68,"7_8_stimuli","7_8","Incongruent","Incongruent","Incongruent","Congruent",135.998739,136.19874,"8*",0.623924,"Correct","Correct","Correct","Correct"
"7",1,"1_2_stimuli","2_2","Congruent",NA,NA,NA,1.999971,2.199967,"2@",0.893105,"Correct",NA,NA,NA
"7",2,"3_4_stimuli","3_3","Congruent","Congruent",NA,NA,3.999952,4.19996,"3#",0.54066,"Correct","Correct",NA,NA
"7",3,"5_6_stimuli","6_5","Incongruent","Congruent","Congruent",NA,5.999937,6.199925,"5%",1.133111,"Correct","Correct","Correct",NA
"7",4,"7_8_stimuli","8_7","Incongruent","Incongruent","Congruent","Congruent",7.999927,8.199914,"7&",0.685135,"Correct","Correct","Correct","Correct"
"7",5,"1_2_stimuli","2_2","Congruent","Incongruent","Incongruent","Congruent",9.999908,10.199904,"2@",0.589098,"Correct","Correct","Correct","Correct"
"7",6,"3_4_stimuli","4_3","Incongruent","Congruent","Incongruent","Incongruent",11.999879,12.199877,"3#",0.621193,"Correct","Correct","Correct","Correct"
"7",7,"5_6_stimuli","6_6","Congruent","Incongruent","Congruent","Incongruent",13.999869,14.19987,"6^",1.148942,"Correct","Correct","Correct","Correct"
"7",8,"7_8_stimuli","7_8","Incongruent","Congruent","Incongruent","Congruent",15.999846,16.199839,"8*",1.084772,"Correct","Correct","Correct","Correct"
"7",9,"1_2_stimuli","1_2","Incongruent","Incongruent","Congruent","Incongruent",17.999828,18.199825,"2@",0.669223,"Correct","Correct","Correct","Correct"
"7",10,"3_4_stimuli","3_3","Congruent","Incongruent","Incongruent","Congruent",19.999808,20.199813,"3#",0.572933,"Correct","Correct","Correct","Correct"
"7",11,"5_6_stimuli","6_5","Incongruent","Congruent","Incongruent","Incongruent",21.99979,22.199792,"6^",1.052804,"Error","Correct","Correct","Correct"
"7",12,"7_8_stimuli","8_7","Incongruent","Incongruent","Congruent","Incongruent",23.999776,24.199762,"7&",0.7011,"Correct","Error","Correct","Correct"
"7",13,"1_2_stimuli","1_2","Incongruent","Incongruent","Incongruent","Congruent",25.999757,26.199747,"2@",0.668793,"Correct","Correct","Error","Correct"
"7",14,"3_4_stimuli","3_3","Congruent","Incongruent","Incongruent","Incongruent",27.999737,28.199741,"3#",0.605216,"Correct","Correct","Correct","Error"
"7",15,"5_6_stimuli","6_6","Congruent","Congruent","Incongruent","Incongruent",29.999719,30.199738,"6^",1.020843,"Correct","Correct","Correct","Correct"
"7",16,"7_8_stimuli","8_8","Congruent","Congruent","Congruent","Incongruent",31.999704,32.199689,"8*",0.58885,"Correct","Correct","Correct","Correct"
"7",17,"1_2_stimuli","2_2","Congruent","Congruent","Congruent","Congruent",33.999677,34.199685,"2@",0.669283,"Correct","Correct","Correct","Correct"
"7",18,"3_4_stimuli","3_4","Incongruent","Congruent","Congruent","Congruent",35.999665,36.199656,"4$",1.164849,"Correct","Correct","Correct","Correct"
"7",19,"5_6_stimuli","5_6","Incongruent","Incongruent","Congruent","Congruent",37.999642,38.199643,"6^",0.764897,"Correct","Correct","Correct","Correct"
"7",20,"7_8_stimuli","7_8","Incongruent","Incongruent","Incongruent","Congruent",39.999621,40.199625,"8*",0.620898,"Correct","Correct","Correct","Correct"
"7",21,"1_2_stimuli","1_1","Congruent","Incongruent","Incongruent","Incongruent",41.99961,42.199613,"1!",0.669441,"Correct","Correct","Correct","Correct"
"7",22,"3_4_stimuli","4_4","Congruent","Congruent","Incongruent","Incongruent",43.999592,44.199584,"4$",0.717278,"Correct","Correct","Correct","Correct"
"7",23,"5_6_stimuli","5_5","Congruent","Congruent","Congruent","Incongruent",45.999571,46.199568,"5%",0.780944,"Correct","Correct","Correct","Correct"
"7",24,"7_8_stimuli","8_7","Incongruent","Congruent","Congruent","Congruent",47.999551,48.199553,"7&",1.196978,"Correct","Correct","Correct","Correct"
"7",25,"1_2_stimuli","2_1","Incongruent","Incongruent","Congruent","Congruent",49.999542,50.199527,"1!",0.765045,"Correct","Correct","Correct","Correct"
"7",26,"3_4_stimuli","4_3","Incongruent","Incongruent","Incongruent","Congruent",51.99951,52.199514,"3#",0.733041,"Correct","Correct","Correct","Correct"
"7",27,"5_6_stimuli","6_5","Incongruent","Incongruent","Incongruent","Incongruent",53.999499,54.199493,"5%",0.782514,"Correct","Correct","Correct","Correct"
"7",28,"7_8_stimuli","8_7","Incongruent","Incongruent","Incongruent","Incongruent",55.999482,56.199475,"7&",0.829026,"Correct","Correct","Correct","Correct"
"7",29,"1_2_stimuli","2_1","Incongruent","Incongruent","Incongruent","Incongruent",57.999454,58.199461,"1!",0.84538,"Correct","Correct","Correct","Correct"
"7",30,"3_4_stimuli","3_4","Incongruent","Incongruent","Incongruent","Incongruent",59.999442,60.199447,"4$",1.053334,"Correct","Correct","Correct","Correct"
"7",31,"5_6_stimuli","5_5","Congruent","Incongruent","Incongruent","Incongruent",61.999414,62.199418,"5%",0.780786,"Correct","Correct","Correct","Correct"
"7",32,"7_8_stimuli","8_7","Incongruent","Congruent","Incongruent","Incongruent",63.999404,64.199395,"7&",1.053528,"Correct","Correct","Correct","Correct"
"7",33,"1_2_stimuli","1_1","Congruent","Incongruent","Congruent","Incongruent",65.999383,66.199375,"1!",0.782574,"Correct","Correct","Correct","Correct"
"7",34,"3_4_stimuli","3_3","Congruent","Congruent","Incongruent","Congruent",67.999368,68.199359,"3#",0.957373,"Correct","Correct","Correct","Correct"
"7",35,"5_6_stimuli","6_5","Incongruent","Congruent","Congruent","Incongruent",69.999341,70.19935,"5%",0.84517,"Correct","Correct","Correct","Correct"
"7",36,"7_8_stimuli","8_8","Congruent","Incongruent","Congruent","Congruent",71.999332,72.199322,"8*",0.701484,"Correct","Correct","Correct","Correct"
"7",37,"1_2_stimuli","1_2","Incongruent","Congruent","Incongruent","Congruent",73.999306,74.199306,"2@",0.861723,"Correct","Correct","Correct","Correct"
"7",38,"3_4_stimuli","4_3","Incongruent","Incongruent","Congruent","Incongruent",75.999287,76.19929,"3#",0.621227,"Correct","Correct","Correct","Correct"
"7",39,"5_6_stimuli","5_6","Incongruent","Incongruent","Incongruent","Congruent",77.99927,78.199275,"Omission",5000,"Omission","Correct","Correct","Correct"
"7",40,"7_8_stimuli","7_7","Congruent","Incongruent","Incongruent","Incongruent",79.999248,80.199249,"7&",0.669252,"Correct","Omission","Correct","Correct"
"7",41,"1_2_stimuli","2_1","Incongruent","Congruent","Incongruent","Incongruent",81.999232,82.199238,"1!",0.717298,"Correct","Correct","Omission","Correct"
"7",42,"3_4_stimuli","4_4","Congruent","Incongruent","Congruent","Incongruent",83.999229,84.199214,"4$",0.813453,"Correct","Correct","Correct","Omission"
"7",43,"5_6_stimuli","5_6","Incongruent","Congruent","Incongruent","Congruent",85.999204,86.1992,"6^",0.957916,"Correct","Correct","Correct","Correct"
"7",44,"7_8_stimuli","8_8","Congruent","Incongruent","Congruent","Incongruent",87.999183,88.199181,"8*",0.605811,"Correct","Correct","Correct","Correct"
"7",45,"1_2_stimuli","2_2","Congruent","Congruent","Incongruent","Congruent",89.999161,90.199155,"2@",0.541309,"Correct","Correct","Correct","Correct"
"7",46,"3_4_stimuli","3_4","Incongruent","Congruent","Congruent","Incongruent",91.999142,92.199148,"4$",0.477782,"Correct","Correct","Correct","Correct"
"7",47,"5_6_stimuli","6_6","Congruent","Incongruent","Congruent","Congruent",93.99912,94.199119,"6^",1.005572,"Correct","Correct","Correct","Correct"
"7",48,"7_8_stimuli","8_8","Congruent","Congruent","Incongruent","Congruent",95.999103,96.199103,"8*",0.653474,"Correct","Correct","Correct","Correct"
"7",49,"1_2_stimuli","1_1","Congruent","Congruent","Congruent","Incongruent",97.999094,98.199093,"1!",0.542083,"Correct","Correct","Correct","Correct"
"7",50,"3_4_stimuli","4_4","Congruent","Congruent","Congruent","Congruent",99.999064,100.199066,"4$",0.685403,"Correct","Correct","Correct","Correct"
"7",51,"5_6_stimuli","5_5","Congruent","Congruent","Congruent","Congruent",101.999058,102.199045,"5%",0.765956,"Correct","Correct","Correct","Correct"
"7",52,"7_8_stimuli","7_7","Congruent","Congruent","Congruent","Congruent",103.999028,104.199029,"7&",0.845413,"Correct","Correct","Correct","Correct"
"7",53,"1_2_stimuli","1_2","Incongruent","Congruent","Congruent","Congruent",105.999014,106.199012,"2@",0.653439,"Correct","Correct","Correct","Correct"
"7",54,"3_4_stimuli","3_4","Incongruent","Incongruent","Congruent","Congruent",107.998997,108.19899,"4$",0.557483,"Correct","Correct","Correct","Correct"
"7",55,"5_6_stimuli","6_6","Congruent","Incongruent","Incongruent","Congruent",109.998975,110.198973,"6^",1.038055,"Correct","Correct","Correct","Correct"
"7",56,"7_8_stimuli","7_7","Congruent","Congruent","Incongruent","Incongruent",111.99896,112.198952,"7&",0.541977,"Correct","Correct","Correct","Correct"
"7",57,"1_2_stimuli","2_1","Incongruent","Congruent","Congruent","Incongruent",113.998949,114.198949,"1!",0.398046,"Correct","Correct","Correct","Correct"
"7",58,"3_4_stimuli","4_4","Congruent","Incongruent","Congruent","Congruent",115.998917,116.198921,"4$",0.749927,"Correct","Correct","Correct","Correct"
"7",59,"5_6_stimuli","5_5","Congruent","Congruent","Incongruent","Congruent",117.998908,118.198909,"5%",0.557895,"Correct","Correct","Correct","Correct"
"7",60,"7_8_stimuli","7_8","Incongruent","Congruent","Congruent","Incongruent",119.998889,120.198892,"8*",0.718288,"Correct","Correct","Correct","Correct"
"7",61,"1_2_stimuli","2_2","Congruent","Incongruent","Congruent","Congruent",121.998875,122.19887,"2@",0.573875,"Correct","Correct","Correct","Correct"
"7",62,"3_4_stimuli","4_3","Incongruent","Congruent","Incongruent","Congruent",123.998854,124.198849,"3#",0.605595,"Correct","Correct","Correct","Correct"
"7",63,"5_6_stimuli","6_5","Incongruent","Incongruent","Congruent","Incongruent",125.998836,126.198835,"6^",0.989948,"Error","Correct","Correct","Correct"
"7",64,"7_8_stimuli","7_7","Congruent","Incongruent","Incongruent","Congruent",127.998808,128.198816,"7&",0.68565,"Correct","Error","Correct","Correct"
"7",65,"1_2_stimuli","1_1","Congruent","Congruent","Incongruent","Incongruent",129.998805,130.198801,"1!",1.485643,"Correct","Correct","Error","Correct"
"7",66,"3_4_stimuli","3_3","Congruent","Congruent","Congruent","Incongruent",131.99878,132.198777,"3#",0.621657,"Correct","Correct","Correct","Error"
"7",67,"5_6_stimuli","5_6","Incongruent","Congruent","Congruent","Congruent",133.998761,134.198757,"6^",1.197832,"Correct","Correct","Correct","Correct"
"7",68,"7_8_stimuli","7_8","Incongruent","Incongruent","Congruent","Congruent",135.998736,136.198741,"8*",0.670137,"Correct","Correct","Correct","Correct"
"8",1,"1_2_stimuli","2_1","Incongruent",NA,NA,NA,1.999983,2.199986,"1!",0.957193,"Correct",NA,NA,NA
"8",2,"3_4_stimuli","4_3","Incongruent","Incongruent",NA,NA,3.999963,4.199965,"3#",0.829361,"Correct","Correct",NA,NA
"8",3,"5_6_stimuli","6_5","Incongruent","Incongruent","Incongruent",NA,5.999963,6.199949,"5%",0.909756,"Correct","Correct","Correct",NA
"8",4,"7_8_stimuli","7_8","Incongruent","Incongruent","Incongruent","Incongruent",7.999932,8.199937,"8*",0.573216,"Correct","Correct","Correct","Correct"
"8",5,"1_2_stimuli","1_2","Incongruent","Incongruent","Incongruent","Incongruent",9.999911,10.199906,"2@",0.669744,"Correct","Correct","Correct","Correct"
"8",6,"3_4_stimuli","3_4","Incongruent","Incongruent","Incongruent","Incongruent",11.999889,12.199892,"4$",0.621855,"Correct","Correct","Correct","Correct"
"8",7,"5_6_stimuli","5_6","Incongruent","Incongruent","Incongruent","Incongruent",13.999888,14.199881,"6^",1.133743,"Correct","Correct","Correct","Correct"
"8",8,"7_8_stimuli","7_8","Incongruent","Incongruent","Incongruent","Incongruent",15.999864,16.199865,"8*",0.685321,"Correct","Correct","Correct","Correct"
"8",9,"1_2_stimuli","1_1","Congruent","Incongruent","Incongruent","Incongruent",17.999839,18.199839,"1!",0.797548,"Correct","Correct","Correct","Correct"
"8",10,"3_4_stimuli","4_3","Incongruent","Congruent","Incongruent","Incongruent",19.99983,20.19982,"3#",0.57374,"Correct","Correct","Correct","Correct"
"8",11,"5_6_stimuli","6_6","Congruent","Incongruent","Congruent","Incongruent",21.999798,22.199804,"6^",1.053505,"Correct","Correct","Correct","Correct"
"8",12,"7_8_stimuli","7_8","Incongruent","Congruent","Incongruent","Congruent",23.999794,24.199793,"8*",0.653379,"Correct","Correct","Correct","Correct"
"8",13,"1_2_stimuli","2_2","Congruent","Incongruent","Congruent","Incongruent",25.999778,26.199767,"2@",0.65388,"Correct","Correct","Correct","Correct"
"8",14,"3_4_stimuli","4_3","Incongruent","Congruent","Incongruent","Congruent",27.999751,28.199758,"3#",0.749395,"Correct","Correct","Correct","Correct"
"8",15,"5_6_stimuli","6_5","Incongruent","Incongruent","Congruent","Incongruent",29.999732,30.199739,"5%",1.11769,"Correct","Correct","Correct","Correct"
"8",16,"7_8_stimuli","8_8","Congruent","Incongruent","Incongruent","Congruent",31.999713,32.199718,"8*",0.637446,"Correct","Correct","Correct","Correct"
"8",17,"1_2_stimuli","1_2","Incongruent","Congruent","Incongruent","Incongruent",33.999701,34.19969,"2@",0.701459,"Correct","Correct","Correct","Correct"
"8",18,"3_4_stimuli","3_4","Incongruent","Incongruent","Congruent","Incongruent",35.999687,36.199675,"4$",0.734116,"Correct","Correct","Correct","Correct"
"8",19,"5_6_stimuli","5_6","Incongruent","Incongruent","Incongruent","Congruent",37.999661,38.199663,"6^",0.862207,"Correct","Correct","Correct","Correct"
"8",20,"7_8_stimuli","7_7","Congruent","Incongruent","Incongruent","Incongruent",39.999642,40.199648,"7&",0.573981,"Correct","Correct","Correct","Correct"
"8",21,"1_2_stimuli","2_2","Congruent","Congruent","Incongruent","Incongruent",41.99962,42.199628,"2@",0.605816,"Correct","Correct","Correct","Correct"
"8",22,"3_4_stimuli","3_3","Congruent","Congruent","Congruent","Incongruent",43.999601,44.1996,"3#",0.558087,"Correct","Correct","Correct","Correct"
"8",23,"5_6_stimuli","5_6","Incongruent","Congruent","Congruent","Congruent",45.999579,46.199586,"6^",0.893897,"Correct","Correct","Correct","Correct"
"8",24,"7_8_stimuli","8_8","Congruent","Incongruent","Congruent","Congruent",47.99957,48.199567,"8*",0.57357,"Correct","Correct","Correct","Correct"
"8",25,"1_2_stimuli","2_1","Incongruent","Congruent","Incongruent","Congruent",49.999559,50.19955,"1!",0.79842,"Correct","Correct","Correct","Correct"
"8",26,"3_4_stimuli","4_4","Congruent","Incongruent","Congruent","Incongruent",51.999533,52.199543,"4$",0.76553,"Correct","Correct","Correct","Correct"
"8",27,"5_6_stimuli","5_5","Congruent","Congruent","Incongruent","Congruent",53.99951,54.199517,"5%",1.037756,"Correct","Correct","Correct","Correct"
"8",28,"7_8_stimuli","8_7","Incongruent","Congruent","Congruent","Incongruent",55.9995,56.199489,"7&",0.893725,"Correct","Correct","Correct","Correct"
"8",29,"1_2_stimuli","1_1","Congruent","Incongruent","Congruent","Congruent",57.999474,58.199473,"1!",0.669973,"Correct","Correct","Correct","Correct"
"8",30,"3_4_stimuli","4_4","Congruent","Congruent","Incongruent","Congruent",59.999452,60.199462,"4$",0.686333,"Correct","Correct","Correct","Correct"
"8",31,"5_6_stimuli","6_6","Congruent","Congruent","Congruent","Incongruent",61.999432,62.199436,"6^",1.165691,"Correct","Correct","Correct","Correct"
"8",32,"7_8_stimuli","8_8","Congruent","Congruent","Congruent","Congruent",63.999414,64.199426,"8*",0.701655,"Correct","Correct","Correct","Correct"
"8",33,"1_2_stimuli","2_1","Incongruent","Congruent","Congruent","Congruent",65.9994,66.199409,"1!",0.782299,"Correct","Correct","Correct","Correct"
"8",34,"3_4_stimuli","3_4","Incongruent","Incongruent","Congruent","Congruent",67.999387,68.19938,"4$",0.686011,"Correct","Correct","Correct","Correct"
"8",35,"5_6_stimuli","6_6","Congruent","Incongruent","Incongruent","Congruent",69.999363,70.199357,"6^",1.133744,"Correct","Correct","Correct","Correct"
"8",36,"7_8_stimuli","7_7","Congruent","Congruent","Incongruent","Incongruent",71.999342,72.199344,"7&",0.814203,"Correct","Correct","Correct","Correct"
"8",37,"1_2_stimuli","2_2","Congruent","Congruent","Congruent","Incongruent",73.999323,74.19932,"2@",0.638463,"Correct","Correct","Correct","Correct"
"8",38,"3_4_stimuli","4_3","Incongruent","Congruent","Congruent","Congruent",75.999315,76.199306,"3#",0.557929,"Correct","Correct","Correct","Correct"
"8",39,"5_6_stimuli","6_6","Congruent","Incongruent","Congruent","Congruent",77.999285,78.199284,"6^",1.117804,"Correct","Correct","Correct","Correct"
"8",40,"7_8_stimuli","8_8","Congruent","Congruent","Incongruent","Congruent",79.999276,80.199276,"8*",0.526303,"Correct","Correct","Correct","Correct"
"8",41,"1_2_stimuli","1_2","Incongruent","Congruent","Congruent","Incongruent",81.999258,82.199249,"2@",0.622285,"Correct","Correct","Correct","Correct"
"8",42,"3_4_stimuli","3_3","Congruent","Incongruent","Congruent","Congruent",83.999233,84.199229,"3#",0.526302,"Correct","Correct","Correct","Correct"
"8",43,"5_6_stimuli","6_5","Incongruent","Congruent","Incongruent","Congruent",85.999213,86.199216,"5%",0.893858,"Correct","Correct","Correct","Correct"
"8",44,"7_8_stimuli","8_7","Incongruent","Incongruent","Congruent","Incongruent",87.999202,88.199203,"7&",0.974362,"Correct","Correct","Correct","Correct"
"8",45,"1_2_stimuli","1_1","Congruent","Incongruent","Incongruent","Congruent",89.999189,90.199184,"1!",0.750359,"Correct","Correct","Correct","Correct"
"8",46,"3_4_stimuli","3_3","Congruent","Congruent","Incongruent","Incongruent",91.999167,92.19916,"3#",0.573896,"Correct","Correct","Correct","Correct"
"8",47,"5_6_stimuli","6_5","Incongruent","Congruent","Congruent","Incongruent",93.999149,94.199139,"5%",1.03814,"Correct","Correct","Correct","Correct"
"8",48,"7_8_stimuli","8_7","Incongruent","Incongruent","Congruent","Congruent",95.999121,96.199129,"7&",0.781929,"Correct","Correct","Correct","Correct"
"8",49,"1_2_stimuli","2_1","Incongruent","Incongruent","Incongruent","Congruent",97.999115,98.199104,"1!",0.75043,"Correct","Correct","Correct","Correct"
"8",50,"3_4_stimuli","4_4","Congruent","Incongruent","Incongruent","Incongruent",99.999087,100.199093,"4$",0.974443,"Correct","Correct","Correct","Correct"
"8",51,"5_6_stimuli","5_5","Congruent","Congruent","Incongruent","Incongruent",101.999065,102.199063,"5%",0.798283,"Correct","Correct","Correct","Correct"
"8",52,"7_8_stimuli","7_7","Congruent","Congruent","Congruent","Incongruent",103.999052,104.199051,"7&",0.622084,"Correct","Correct","Correct","Correct"
"8",53,"1_2_stimuli","2_2","Congruent","Congruent","Congruent","Congruent",105.999029,106.199037,"2@",0.622641,"Correct","Correct","Correct","Correct"
"8",54,"3_4_stimuli","3_3","Congruent","Congruent","Congruent","Congruent",107.999016,108.19902,"3#",0.574025,"Correct","Correct","Correct","Correct"
"8",55,"5_6_stimuli","5_5","Congruent","Congruent","Congruent","Congruent",109.998995,110.198997,"5%",0.990257,"Correct","Correct","Correct","Correct"
"8",56,"7_8_stimuli","8_7","Incongruent","Congruent","Congruent","Congruent",111.998983,112.198982,"7&",0.926515,"Correct","Correct","Correct","Correct"
"8",57,"1_2_stimuli","1_2","Incongruent","Incongruent","Congruent","Congruent",113.998965,114.198965,"2@",0.654495,"Correct","Correct","Correct","Correct"
"8",58,"3_4_stimuli","3_4","Incongruent","Incongruent","Incongruent","Congruent",115.998943,116.198941,"4$",0.750716,"Correct","Correct","Correct","Correct"
"8",59,"5_6_stimuli","5_5","Congruent","Incongruent","Incongruent","Incongruent",117.998933,118.198925,"5%",1.006539,"Correct","Correct","Correct","Correct"
"8",60,"7_8_stimuli","7_8","Incongruent","Congruent","Incongruent","Incongruent",119.998903,120.198909,"8*",0.830131,"Correct","Correct","Correct","Correct"
"8",61,"1_2_stimuli","2_1","Incongruent","Incongruent","Congruent","Incongruent",121.998884,122.198892,"1!",0.798322,"Correct","Correct","Correct","Correct"
"8",62,"3_4_stimuli","4_4","Congruent","Incongruent","Incongruent","Congruent",123.99887,124.198872,"4$",0.68658,"Correct","Correct","Correct","Correct"
"8",63,"5_6_stimuli","5_6","Incongruent","Congruent","Incongruent","Incongruent",125.998847,126.198848,"6^",0.910334,"Correct","Correct","Correct","Correct"
"8",64,"7_8_stimuli","7_7","Congruent","Incongruent","Congruent","Incongruent",127.998827,128.198827,"7&",0.59024,"Correct","Correct","Correct","Correct"
"8",65,"1_2_stimuli","1_1","Congruent","Congruent","Incongruent","Congruent",129.998817,130.198813,"1!",0.81468,"Correct","Correct","Correct","Correct"
"8",66,"3_4_stimuli","4_3","Incongruent","Congruent","Congruent","Incongruent",131.998793,132.198799,"3#",0.782781,"Correct","Correct","Correct","Correct"
"8",67,"5_6_stimuli","6_5","Incongruent","Incongruent","Congruent","Congruent",133.998779,134.198773,"5%",0.990246,"Correct","Correct","Correct","Correct"
"8",68,"7_8_stimuli","7_8","Incongruent","Incongruent","Incongruent","Congruent",135.998745,136.198762,"8*",0.622302,"Correct","Correct","Correct","Correct"
"9",1,"1_2_stimuli","2_1","Incongruent",NA,NA,NA,1.99996,2.19996,"1!",0.735124,"Correct",NA,NA,NA
"9",2,"3_4_stimuli","3_4","Incongruent","Incongruent",NA,NA,3.999951,4.199942,"5%",0.734361,"Error","Correct",NA,NA
"9",3,"5_6_stimuli","6_5","Incongruent","Incongruent","Incongruent",NA,5.999925,6.199929,"5%",0.670861,"Correct","Error","Correct",NA
"9",4,"7_8_stimuli","7_7","Congruent","Incongruent","Incongruent","Incongruent",7.999913,8.199907,"7&",0.606552,"Correct","Correct","Error","Correct"
"9",5,"1_2_stimuli","2_2","Congruent","Congruent","Incongruent","Incongruent",9.999891,10.199895,"2@",0.654719,"Correct","Correct","Correct","Error"
"9",6,"3_4_stimuli","4_3","Incongruent","Congruent","Congruent","Incongruent",11.999881,12.199874,"3#",0.543028,"Correct","Correct","Correct","Correct"
"9",7,"5_6_stimuli","5_6","Incongruent","Incongruent","Congruent","Congruent",13.99986,14.19986,"6^",1.118476,"Correct","Correct","Correct","Correct"
"9",8,"7_8_stimuli","8_7","Incongruent","Incongruent","Incongruent","Congruent",15.99984,16.199837,"7&",0.750849,"Correct","Correct","Correct","Correct"
"9",9,"1_2_stimuli","1_2","Incongruent","Incongruent","Incongruent","Incongruent",17.999826,18.199823,"2@",0.574953,"Correct","Correct","Correct","Correct"
"9",10,"3_4_stimuli","4_3","Incongruent","Incongruent","Incongruent","Incongruent",19.999806,20.199799,"3#",0.494675,"Correct","Correct","Correct","Correct"
"9",11,"5_6_stimuli","5_5","Congruent","Incongruent","Incongruent","Incongruent",21.999784,22.199792,"5%",0.799014,"Correct","Correct","Correct","Correct"
"9",12,"7_8_stimuli","7_7","Congruent","Congruent","Incongruent","Incongruent",23.999769,24.199765,"7&",0.830999,"Correct","Correct","Correct","Correct"
"9",13,"1_2_stimuli","1_2","Incongruent","Congruent","Congruent","Incongruent",25.999751,26.199746,"2@",0.655759,"Correct","Correct","Correct","Correct"
"9",14,"3_4_stimuli","3_3","Congruent","Incongruent","Congruent","Congruent",27.999729,28.199727,"3#",0.559077,"Correct","Correct","Correct","Correct"
"9",15,"5_6_stimuli","5_6","Incongruent","Congruent","Incongruent","Congruent",29.999709,30.199713,"6^",1.134832,"Correct","Correct","Correct","Correct"
"9",16,"7_8_stimuli","8_7","Incongruent","Incongruent","Congruent","Incongruent",31.999698,32.19969,"7&",0.574973,"Correct","Correct","Correct","Correct"
"9",17,"1_2_stimuli","1_2","Incongruent","Incongruent","Incongruent","Congruent",33.999678,34.199673,"2@",0.702615,"Correct","Correct","Correct","Correct"
"9",18,"3_4_stimuli","4_4","Congruent","Incongruent","Incongruent","Incongruent",35.999659,36.199653,"4$",0.558641,"Correct","Correct","Correct","Correct"
"9",19,"5_6_stimuli","6_6","Congruent","Congruent","Incongruent","Incongruent",37.99964,38.199634,"6^",0.927039,"Correct","Correct","Correct","Correct"
"9",20,"7_8_stimuli","7_8","Incongruent","Congruent","Congruent","Incongruent",39.99962,40.199618,"8*",0.654907,"Correct","Correct","Correct","Correct"
"9",21,"1_2_stimuli","1_1","Congruent","Incongruent","Congruent","Congruent",41.999597,42.199604,"1!",0.655547,"Correct","Correct","Correct","Correct"
"9",22,"3_4_stimuli","3_3","Congruent","Congruent","Incongruent","Congruent",43.99959,44.19958,"3#",0.655339,"Correct","Correct","Correct","Correct"
"9",23,"5_6_stimuli","6_6","Congruent","Congruent","Congruent","Incongruent",45.999566,46.199572,"6^",1.007255,"Correct","Correct","Correct","Correct"
"9",24,"7_8_stimuli","7_8","Incongruent","Congruent","Congruent","Congruent",47.999544,48.199545,"8*",0.590686,"Correct","Correct","Correct","Correct"
"9",25,"1_2_stimuli","2_1","Incongruent","Incongruent","Congruent","Congruent",49.999541,50.199533,"1!",0.687052,"Correct","Correct","Correct","Correct"
"9",26,"3_4_stimuli","4_3","Incongruent","Incongruent","Incongruent","Congruent",51.999507,52.199499,"3#",0.798787,"Correct","Correct","Correct","Correct"
"9",27,"5_6_stimuli","6_5","Incongruent","Incongruent","Incongruent","Incongruent",53.999485,54.199492,"5%",0.975261,"Correct","Correct","Correct","Correct"
"9",28,"7_8_stimuli","8_7","Incongruent","Incongruent","Incongruent","Incongruent",55.999465,56.199469,"7&",1.406996,"Correct","Correct","Correct","Correct"
"9",29,"1_2_stimuli","2_2","Congruent","Incongruent","Incongruent","Incongruent",57.999457,58.199447,"2@",0.574833,"Correct","Correct","Correct","Correct"
"9",30,"3_4_stimuli","3_3","Congruent","Congruent","Incongruent","Incongruent",59.999441,60.19944,"3#",0.511071,"Correct","Correct","Correct","Correct"
"9",31,"5_6_stimuli","6_5","Incongruent","Congruent","Congruent","Incongruent",61.99942,62.199406,"5%",0.495248,"Correct","Correct","Correct","Correct"
"9",32,"7_8_stimuli","8_8","Congruent","Incongruent","Congruent","Congruent",63.999402,64.19939,"8*",0.798874,"Correct","Correct","Correct","Correct"
"9",33,"1_2_stimuli","2_2","Congruent","Congruent","Incongruent","Congruent",65.999379,66.199381,"2@",0.622891,"Correct","Correct","Correct","Correct"
"9",34,"3_4_stimuli","4_4","Congruent","Congruent","Congruent","Incongruent",67.999368,68.19937,"4$",0.638868,"Correct","Correct","Correct","Correct"
"9",35,"5_6_stimuli","5_5","Congruent","Congruent","Congruent","Congruent",69.99934,70.199353,"5%",0.718935,"Correct","Correct","Correct","Correct"
"9",36,"7_8_stimuli","7_7","Congruent","Congruent","Congruent","Congruent",71.999327,72.199322,"7&",0.799601,"Correct","Correct","Correct","Correct"
"9",37,"1_2_stimuli","1_1","Congruent","Congruent","Congruent","Congruent",73.999305,74.199307,"1!",0.830935,"Correct","Correct","Correct","Correct"
"9",38,"3_4_stimuli","3_4","Incongruent","Congruent","Congruent","Congruent",75.999287,76.19928,"4$",0.639513,"Correct","Correct","Correct","Correct"
"9",39,"5_6_stimuli","6_6","Congruent","Incongruent","Congruent","Congruent",77.999268,78.199268,"6^",0.975433,"Correct","Correct","Correct","Correct"
"9",40,"7_8_stimuli","7_7","Congruent","Congruent","Incongruent","Congruent",79.999253,80.199246,"7&",0.656242,"Correct","Correct","Correct","Correct"
"9",41,"1_2_stimuli","1_1","Congruent","Congruent","Congruent","Incongruent",81.999235,82.199226,"1!",0.607247,"Correct","Correct","Correct","Correct"
"9",42,"3_4_stimuli","4_4","Congruent","Congruent","Congruent","Congruent",83.999211,84.199211,"4$",0.575093,"Correct","Correct","Correct","Correct"
"9",43,"5_6_stimuli","5_6","Incongruent","Congruent","Congruent","Congruent",85.999197,86.199194,"6^",1.087622,"Correct","Correct","Correct","Correct"
"9",44,"7_8_stimuli","7_8","Incongruent","Incongruent","Congruent","Congruent",87.999184,88.19917,"8*",0.68743,"Correct","Correct","Correct","Correct"
"9",45,"1_2_stimuli","2_2","Congruent","Incongruent","Incongruent","Congruent",89.999163,90.199156,"2@",0.575245,"Correct","Correct","Correct","Correct"
"9",46,"3_4_stimuli","3_4","Incongruent","Congruent","Incongruent","Incongruent",91.999141,92.199135,"4$",0.656177,"Correct","Correct","Correct","Correct"
"9",47,"5_6_stimuli","5_5","Congruent","Incongruent","Congruent","Incongruent",93.999129,94.199116,"5%",0.479455,"Correct","Correct","Correct","Correct"
"9",48,"7_8_stimuli","7_8","Incongruent","Congruent","Incongruent","Congruent",95.999111,96.199104,"8*",0.591505,"Correct","Correct","Correct","Correct"
"9",49,"1_2_stimuli","2_1","Incongruent","Incongruent","Congruent","Incongruent",97.999087,98.199086,"1!",0.783118,"Correct","Correct","Correct","Correct"
"9",50,"3_4_stimuli","4_4","Congruent","Incongruent","Incongruent","Congruent",99.999071,100.199062,"4$",0.559874,"Correct","Correct","Correct","Correct"
"9",51,"5_6_stimuli","6_5","Incongruent","Congruent","Incongruent","Incongruent",101.99905,102.199045,"4$",0.703457,"Error","Correct","Correct","Correct"
"9",52,"7_8_stimuli","7_7","Congruent","Incongruent","Congruent","Incongruent",103.999038,104.199029,"7&",1.167707,"Correct","Error","Correct","Correct"
"9",53,"1_2_stimuli","2_1","Incongruent","Congruent","Incongruent","Congruent",105.999011,106.19901,"1!",0.799229,"Correct","Correct","Error","Correct"
"9",54,"3_4_stimuli","3_3","Congruent","Incongruent","Congruent","Incongruent",107.998996,108.198993,"3#",0.575252,"Correct","Correct","Correct","Error"
"9",55,"5_6_stimuli","5_5","Congruent","Congruent","Incongruent","Congruent",109.99897,110.198974,"5%",1.135238,"Correct","Correct","Correct","Correct"
"9",56,"7_8_stimuli","8_8","Congruent","Congruent","Congruent","Incongruent",111.998959,112.198955,"8*",0.70372,"Correct","Correct","Correct","Correct"
"9",57,"1_2_stimuli","2_1","Incongruent","Congruent","Congruent","Congruent",113.998938,114.198934,"1!",0.543709,"Correct","Correct","Correct","Correct"
"9",58,"3_4_stimuli","3_4","Incongruent","Incongruent","Congruent","Congruent",115.998923,116.198928,"4$",0.879219,"Correct","Correct","Correct","Correct"
"9",59,"5_6_stimuli","6_6","Congruent","Incongruent","Incongruent","Congruent",117.998905,118.198899,"6^",0.943716,"Correct","Correct","Correct","Correct"
"9",60,"7_8_stimuli","8_7","Incongruent","Congruent","Incongruent","Incongruent",119.998882,120.19889,"7&",0.83138,"Correct","Correct","Correct","Correct"
"9",61,"1_2_stimuli","1_1","Congruent","Incongruent","Congruent","Incongruent",121.998863,122.198863,"1!",0.76735,"Correct","Correct","Correct","Correct"
"9",62,"3_4_stimuli","4_3","Incongruent","Congruent","Incongruent","Congruent",123.998849,124.198843,"3#",0.65537,"Correct","Correct","Correct","Correct"
"9",63,"5_6_stimuli","6_5","Incongruent","Incongruent","Congruent","Incongruent",125.998831,126.198831,"5%",1.279334,"Correct","Correct","Correct","Correct"
"9",64,"7_8_stimuli","8_8","Congruent","Incongruent","Incongruent","Congruent",127.998812,128.198809,"8*",0.575454,"Correct","Correct","Correct","Correct"
"9",65,"1_2_stimuli","1_2","Incongruent","Congruent","Incongruent","Incongruent",129.998788,130.198797,"2@",0.527866,"Correct","Correct","Correct","Correct"
"9",66,"3_4_stimuli","3_4","Incongruent","Incongruent","Congruent","Incongruent",131.998776,132.198769,"4$",0.495829,"Correct","Correct","Correct","Correct"
"9",67,"5_6_stimuli","5_6","Incongruent","Incongruent","Incongruent","Congruent",133.998763,134.198755,"6^",0.831588,"Correct","Correct","Correct","Correct"
"9",68,"7_8_stimuli","8_8","Congruent","Incongruent","Incongruent","Incongruent",135.998751,136.198735,"8*",0.639639,"Correct","Correct","Correct","Correct"
"10",1,"1_2_stimuli","2_2","Congruent",NA,NA,NA,1.999976,2.199984,"2@",0.666293,"Correct",NA,NA,NA
"10",2,"3_4_stimuli","3_3","Congruent","Congruent",NA,NA,3.999962,4.199961,"3#",0.554178,"Correct","Correct",NA,NA
"10",3,"5_6_stimuli","6_5","Incongruent","Congruent","Congruent",NA,5.999939,6.199944,"5%",1.098229,"Correct","Correct","Correct",NA
"10",4,"7_8_stimuli","8_7","Incongruent","Incongruent","Congruent","Congruent",7.999931,8.199916,"7&",0.858495,"Correct","Correct","Correct","Correct"
"10",5,"1_2_stimuli","1_1","Congruent","Incongruent","Incongruent","Congruent",9.99991,10.199905,"1!",0.714245,"Correct","Correct","Correct","Correct"
"10",6,"3_4_stimuli","4_4","Congruent","Congruent","Incongruent","Incongruent",11.999891,12.199896,"4$",0.938272,"Correct","Correct","Correct","Correct"
"10",7,"5_6_stimuli","6_6","Congruent","Congruent","Congruent","Incongruent",13.999873,14.199871,"7&",0.874296,"Error","Correct","Correct","Correct"
"10",8,"7_8_stimuli","8_8","Congruent","Congruent","Congruent","Congruent",15.999864,16.199856,"8*",0.602303,"Correct","Error","Correct","Correct"
"10",9,"1_2_stimuli","1_1","Congruent","Congruent","Congruent","Congruent",17.99983,18.199841,"1!",0.570977,"Correct","Correct","Error","Correct"
"10",10,"3_4_stimuli","3_3","Congruent","Congruent","Congruent","Congruent",19.999815,20.199824,"3#",0.587076,"Correct","Correct","Correct","Error"
"10",11,"5_6_stimuli","5_5","Congruent","Congruent","Congruent","Congruent",21.999796,22.199799,"6^",1.018343,"Error","Correct","Correct","Correct"
"10",12,"7_8_stimuli","8_7","Incongruent","Congruent","Congruent","Congruent",23.99978,24.199775,"7&",0.650618,"Correct","Error","Correct","Correct"
"10",13,"1_2_stimuli","2_1","Incongruent","Incongruent","Congruent","Congruent",25.999755,26.199765,"1!",0.570341,"Correct","Correct","Error","Correct"
"10",14,"3_4_stimuli","3_4","Incongruent","Incongruent","Incongruent","Congruent",27.999741,28.199741,"4$",0.762887,"Correct","Correct","Correct","Error"
"10",15,"5_6_stimuli","6_5","Incongruent","Incongruent","Incongruent","Incongruent",29.99973,30.199725,"5%",0.746612,"Correct","Correct","Correct","Correct"
"10",16,"7_8_stimuli","8_7","Incongruent","Incongruent","Incongruent","Incongruent",31.999704,32.199707,"7&",0.650455,"Correct","Correct","Correct","Correct"
"10",17,"1_2_stimuli","1_2","Incongruent","Incongruent","Incongruent","Incongruent",33.999695,34.199694,"2@",1.034499,"Correct","Correct","Correct","Correct"
"10",18,"3_4_stimuli","4_3","Incongruent","Incongruent","Incongruent","Incongruent",35.999676,36.199676,"3#",0.618916,"Correct","Correct","Correct","Correct"
"10",19,"5_6_stimuli","6_6","Congruent","Incongruent","Incongruent","Incongruent",37.999656,38.199649,"6^",1.227239,"Correct","Correct","Correct","Correct"
"10",20,"7_8_stimuli","7_7","Congruent","Congruent","Incongruent","Incongruent",39.999642,40.199632,"7&",0.619797,"Correct","Correct","Correct","Correct"
"10",21,"1_2_stimuli","2_2","Congruent","Congruent","Congruent","Incongruent",41.999617,42.199606,"2@",0.698515,"Correct","Correct","Correct","Correct"
"10",22,"3_4_stimuli","4_3","Incongruent","Congruent","Congruent","Congruent",43.999602,44.199599,"3#",0.587004,"Correct","Correct","Correct","Correct"
"10",23,"5_6_stimuli","5_5","Congruent","Incongruent","Congruent","Congruent",45.999577,46.199571,"5%",0.906554,"Correct","Correct","Correct","Correct"
"10",24,"7_8_stimuli","8_7","Incongruent","Congruent","Incongruent","Congruent",47.999557,48.19955,"7&",0.698552,"Correct","Correct","Correct","Correct"
"10",25,"1_2_stimuli","1_1","Congruent","Incongruent","Congruent","Incongruent",49.999539,50.199532,"1!",0.810613,"Correct","Correct","Correct","Correct"
"10",26,"3_4_stimuli","4_4","Congruent","Congruent","Incongruent","Congruent",51.999534,52.199522,"4$",0.683097,"Correct","Correct","Correct","Correct"
"10",27,"5_6_stimuli","5_6","Incongruent","Congruent","Congruent","Incongruent",53.999509,54.199497,"6^",0.906622,"Correct","Correct","Correct","Correct"
"10",28,"7_8_stimuli","8_7","Incongruent","Incongruent","Congruent","Congruent",55.999495,56.199485,"7&",0.522617,"Correct","Correct","Correct","Correct"
"10",29,"1_2_stimuli","2_1","Incongruent","Incongruent","Incongruent","Congruent",57.999476,58.199459,"1!",0.698635,"Correct","Correct","Correct","Correct"
"10",30,"3_4_stimuli","4_4","Congruent","Incongruent","Incongruent","Incongruent",59.999444,60.199453,"4$",0.795083,"Correct","Correct","Correct","Correct"
"10",31,"5_6_stimuli","5_6","Incongruent","Congruent","Incongruent","Incongruent",61.99943,62.199431,"6^",0.987085,"Correct","Correct","Correct","Correct"
"10",32,"7_8_stimuli","7_7","Congruent","Incongruent","Congruent","Incongruent",63.999411,64.199406,"7&",0.667228,"Correct","Correct","Correct","Correct"
"10",33,"1_2_stimuli","1_1","Congruent","Congruent","Incongruent","Congruent",65.999391,66.199397,"1!",0.603026,"Correct","Correct","Correct","Correct"
"10",34,"3_4_stimuli","3_4","Incongruent","Congruent","Congruent","Incongruent",67.99938,68.199379,"4$",0.85871,"Correct","Correct","Correct","Correct"
"10",35,"5_6_stimuli","5_6","Incongruent","Incongruent","Congruent","Congruent",69.999363,70.199356,"6^",0.826732,"Correct","Correct","Correct","Correct"
"10",36,"7_8_stimuli","7_8","Incongruent","Incongruent","Incongruent","Congruent",71.999332,72.199348,"8*",0.522773,"Correct","Correct","Correct","Correct"
"10",37,"1_2_stimuli","2_2","Congruent","Incongruent","Incongruent","Incongruent",73.999316,74.19933,"2@",0.570836,"Correct","Correct","Correct","Correct"
"10",38,"3_4_stimuli","4_3","Incongruent","Congruent","Incongruent","Incongruent",75.999299,76.199303,"3#",0.60336,"Correct","Correct","Correct","Correct"
"10",39,"5_6_stimuli","6_5","Incongruent","Incongruent","Congruent","Incongruent",77.999281,78.19928,"5%",0.794814,"Correct","Correct","Correct","Correct"
"10",40,"7_8_stimuli","8_8","Congruent","Incongruent","Incongruent","Congruent",79.999261,80.199259,"8*",0.651362,"Correct","Correct","Correct","Correct"
"10",41,"1_2_stimuli","2_2","Congruent","Congruent","Incongruent","Incongruent",81.999248,82.199243,"2@",0.506999,"Correct","Correct","Correct","Correct"
"10",42,"3_4_stimuli","3_3","Congruent","Congruent","Congruent","Incongruent",83.999232,84.199226,"3#",0.554859,"Correct","Correct","Correct","Correct"
"10",43,"5_6_stimuli","6_5","Incongruent","Congruent","Congruent","Congruent",85.99921,86.199209,"5%",1.034872,"Correct","Correct","Correct","Correct"
"10",44,"7_8_stimuli","8_8","Congruent","Incongruent","Congruent","Congruent",87.999189,88.199192,"8*",0.682975,"Correct","Correct","Correct","Correct"
"10",45,"1_2_stimuli","1_2","Incongruent","Congruent","Incongruent","Congruent",89.99918,90.199176,"2@",0.459326,"Correct","Correct","Correct","Correct"
"10",46,"3_4_stimuli","4_4","Congruent","Incongruent","Congruent","Incongruent",91.999154,92.19916,"4$",0.763411,"Correct","Correct","Correct","Correct"
"10",47,"5_6_stimuli","5_5","Congruent","Congruent","Incongruent","Congruent",93.999132,94.199139,"5%",0.68324,"Correct","Correct","Correct","Correct"
"10",48,"7_8_stimuli","7_8","Incongruent","Congruent","Congruent","Incongruent",95.999122,96.199125,"8*",0.634967,"Correct","Correct","Correct","Correct"
"10",49,"1_2_stimuli","2_2","Congruent","Incongruent","Congruent","Congruent",97.999097,98.199103,"2@",0.587504,"Correct","Correct","Correct","Correct"
"10",50,"3_4_stimuli","3_4","Incongruent","Congruent","Incongruent","Congruent",99.999094,100.199083,"4$",0.730968,"Correct","Correct","Correct","Correct"
"10",51,"5_6_stimuli","6_6","Congruent","Incongruent","Congruent","Incongruent",101.999064,102.19906,"6^",1.083247,"Correct","Correct","Correct","Correct"
"10",52,"7_8_stimuli","7_7","Congruent","Congruent","Incongruent","Congruent",103.999043,104.199047,"7&",0.491584,"Correct","Correct","Correct","Correct"
"10",53,"1_2_stimuli","2_1","Incongruent","Congruent","Congruent","Incongruent",105.999022,106.199019,"1!",0.779082,"Correct","Correct","Correct","Correct"
"10",54,"3_4_stimuli","4_3","Incongruent","Incongruent","Congruent","Congruent",107.999011,108.199005,"3#",0.587455,"Correct","Correct","Correct","Correct"
"10",55,"5_6_stimuli","5_6","Incongruent","Incongruent","Incongruent","Congruent",109.99899,110.198989,"6^",0.971101,"Correct","Correct","Correct","Correct"
"10",56,"7_8_stimuli","8_8","Congruent","Incongruent","Incongruent","Incongruent",111.998967,112.198975,"8*",0.923257,"Correct","Correct","Correct","Correct"
"10",57,"1_2_stimuli","1_2","Incongruent","Congruent","Incongruent","Incongruent",113.998954,114.198957,"2@",0.571091,"Correct","Correct","Correct","Correct"
"10",58,"3_4_stimuli","3_4","Incongruent","Incongruent","Congruent","Incongruent",115.998943,116.198939,"4$",0.587434,"Correct","Correct","Correct","Correct"
"10",59,"5_6_stimuli","5_5","Congruent","Incongruent","Incongruent","Congruent",117.998914,118.198914,"6^",1.163182,"Error","Correct","Correct","Correct"
"10",60,"7_8_stimuli","7_8","Incongruent","Congruent","Incongruent","Incongruent",119.998907,120.198899,"8*",0.683735,"Correct","Error","Correct","Correct"
"10",61,"1_2_stimuli","2_1","Incongruent","Incongruent","Congruent","Incongruent",121.998884,122.198875,"1!",0.699736,"Correct","Correct","Error","Correct"
"10",62,"3_4_stimuli","3_3","Congruent","Incongruent","Incongruent","Congruent",123.998858,124.198857,"3#",0.635484,"Correct","Correct","Correct","Error"
"10",63,"5_6_stimuli","6_6","Congruent","Congruent","Incongruent","Incongruent",125.998846,126.198843,"6^",1.243766,"Correct","Correct","Correct","Correct"
"10",64,"7_8_stimuli","7_7","Congruent","Congruent","Congruent","Incongruent",127.998821,128.198821,"7&",0.603296,"Correct","Correct","Correct","Correct"
"10",65,"1_2_stimuli","1_2","Incongruent","Congruent","Congruent","Congruent",129.998805,130.198814,"2@",0.699746,"Correct","Correct","Correct","Correct"
"10",66,"3_4_stimuli","3_3","Congruent","Incongruent","Congruent","Congruent",131.998786,132.1988,"3#",0.73172,"Correct","Correct","Correct","Correct"
"10",67,"5_6_stimuli","6_5","Incongruent","Congruent","Incongruent","Congruent",133.998778,134.198766,"6^",1.131549,"Error","Correct","Correct","Correct"
"10",68,"7_8_stimuli","7_8","Incongruent","Incongruent","Congruent","Incongruent",135.998754,136.198754,"8*",1.163729,"Correct","Error","Correct","Correct"
"11",1,"1_2_stimuli","1_1","Congruent",NA,NA,NA,1.999978,2.199979,"1!",0.862507,"Correct",NA,NA,NA
"11",2,"3_4_stimuli","3_3","Congruent","Congruent",NA,NA,3.999974,4.199973,"3#",0.606522,"Correct","Correct",NA,NA
"11",3,"5_6_stimuli","6_6","Congruent","Congruent","Congruent",NA,5.999943,6.199946,"6^",1.086759,"Correct","Correct","Correct",NA
"11",4,"7_8_stimuli","7_8","Incongruent","Congruent","Congruent","Congruent",7.999934,8.199931,"8*",0.68682,"Correct","Correct","Correct","Correct"
"11",5,"1_2_stimuli","2_1","Incongruent","Incongruent","Congruent","Congruent",9.999918,10.19991,"1!",0.718166,"Correct","Correct","Correct","Correct"
"11",6,"3_4_stimuli","4_4","Congruent","Incongruent","Incongruent","Congruent",11.999898,12.199893,"4$",0.718314,"Correct","Correct","Correct","Correct"
"11",7,"5_6_stimuli","6_6","Congruent","Congruent","Incongruent","Incongruent",13.999878,14.199865,"6^",0.734189,"Correct","Correct","Correct","Correct"
"11",8,"7_8_stimuli","7_8","Incongruent","Congruent","Congruent","Incongruent",15.999857,16.199854,"8*",0.558227,"Correct","Correct","Correct","Correct"
"11",9,"1_2_stimuli","2_2","Congruent","Incongruent","Congruent","Congruent",17.999836,18.19983,"2@",0.462237,"Correct","Correct","Correct","Correct"
"11",10,"3_4_stimuli","4_4","Congruent","Congruent","Incongruent","Congruent",19.99982,20.199809,"4$",0.478239,"Correct","Correct","Correct","Correct"
"11",11,"5_6_stimuli","6_5","Incongruent","Congruent","Congruent","Incongruent",21.999804,22.199799,"5%",0.767266,"Correct","Correct","Correct","Correct"
"11",12,"7_8_stimuli","8_7","Incongruent","Incongruent","Congruent","Congruent",23.999783,24.199779,"7&",0.686713,"Correct","Correct","Correct","Correct"
"11",13,"1_2_stimuli","1_2","Incongruent","Incongruent","Incongruent","Congruent",25.999762,26.199762,"2@",0.686622,"Correct","Correct","Correct","Correct"
"11",14,"3_4_stimuli","4_3","Incongruent","Incongruent","Incongruent","Incongruent",27.99974,28.199778,"3#",0.558704,"Correct","Correct","Correct","Correct"
"11",15,"5_6_stimuli","5_6","Incongruent","Incongruent","Incongruent","Incongruent",29.999737,30.199726,"6^",1.278539,"Correct","Correct","Correct","Correct"
"11",16,"7_8_stimuli","8_7","Incongruent","Incongruent","Incongruent","Incongruent",31.999712,32.199705,"7&",0.622872,"Correct","Correct","Correct","Correct"
"11",17,"1_2_stimuli","1_1","Congruent","Incongruent","Incongruent","Incongruent",33.9997,34.199698,"1!",0.910742,"Correct","Correct","Correct","Correct"
"11",18,"3_4_stimuli","3_4","Incongruent","Congruent","Incongruent","Incongruent",35.999676,36.199668,"4$",0.590677,"Correct","Correct","Correct","Correct"
"11",19,"5_6_stimuli","5_5","Congruent","Incongruent","Congruent","Incongruent",37.999665,38.199663,"5%",1.05458,"Correct","Correct","Correct","Correct"
"11",20,"7_8_stimuli","7_7","Congruent","Congruent","Incongruent","Congruent",39.999644,40.199628,"7&",0.926855,"Correct","Correct","Correct","Correct"
"11",21,"1_2_stimuli","2_2","Congruent","Congruent","Congruent","Incongruent",41.999626,42.199614,"2@",1.134388,"Correct","Correct","Correct","Correct"
"11",22,"3_4_stimuli","3_3","Congruent","Congruent","Congruent","Congruent",43.999601,44.199605,"3#",0.542958,"Correct","Correct","Correct","Correct"
"11",23,"5_6_stimuli","5_5","Congruent","Congruent","Congruent","Congruent",45.999579,46.199575,"5%",0.830438,"Correct","Correct","Correct","Correct"
"11",24,"7_8_stimuli","8_8","Congruent","Congruent","Congruent","Congruent",47.999572,48.199559,"8*",0.671152,"Correct","Correct","Correct","Correct"
"11",25,"1_2_stimuli","1_1","Congruent","Congruent","Congruent","Congruent",49.999543,50.199548,"1!",0.718473,"Correct","Correct","Correct","Correct"
"11",26,"3_4_stimuli","4_3","Incongruent","Congruent","Congruent","Congruent",51.999526,52.199532,"3#",0.655244,"Correct","Correct","Correct","Correct"
"11",27,"5_6_stimuli","5_6","Incongruent","Incongruent","Congruent","Congruent",53.999507,54.199506,"6^",1.231083,"Correct","Correct","Correct","Correct"
"11",28,"7_8_stimuli","7_7","Congruent","Incongruent","Incongruent","Congruent",55.99949,56.199497,"7&",0.39882,"Correct","Correct","Correct","Correct"
"11",29,"1_2_stimuli","2_1","Incongruent","Congruent","Incongruent","Incongruent",57.999475,58.199468,"1!",0.654562,"Correct","Correct","Correct","Correct"
"11",30,"3_4_stimuli","4_3","Incongruent","Incongruent","Congruent","Incongruent",59.999455,60.199444,"3#",0.462764,"Correct","Correct","Correct","Correct"
"11",31,"5_6_stimuli","6_6","Congruent","Incongruent","Incongruent","Congruent",61.999434,62.199437,"6^",1.118544,"Correct","Correct","Correct","Correct"
"11",32,"7_8_stimuli","7_8","Incongruent","Congruent","Incongruent","Incongruent",63.999424,64.199423,"8*",0.702638,"Correct","Correct","Correct","Correct"
"11",33,"1_2_stimuli","2_1","Incongruent","Incongruent","Congruent","Incongruent",65.999407,66.199397,"1!",0.766568,"Correct","Correct","Correct","Correct"
"11",34,"3_4_stimuli","3_4","Incongruent","Incongruent","Incongruent","Congruent",67.999387,68.199379,"4$",0.703071,"Correct","Correct","Correct","Correct"
"11",35,"5_6_stimuli","5_5","Congruent","Incongruent","Incongruent","Incongruent",69.999369,70.199342,"5%",0.718627,"Correct","Correct","Correct","Correct"
"11",36,"7_8_stimuli","8_8","Congruent","Congruent","Incongruent","Incongruent",71.999351,72.199336,"8*",0.68732,"Correct","Correct","Correct","Correct"
"11",37,"1_2_stimuli","2_1","Incongruent","Congruent","Congruent","Incongruent",73.999324,74.199325,"1!",0.687284,"Correct","Correct","Correct","Correct"
"11",38,"3_4_stimuli","4_3","Incongruent","Incongruent","Congruent","Congruent",75.999308,76.199302,"3#",0.494671,"Correct","Correct","Correct","Correct"
"11",39,"5_6_stimuli","6_5","Incongruent","Incongruent","Incongruent","Congruent",77.999284,78.199283,"5%",0.783259,"Correct","Correct","Correct","Correct"
"11",40,"7_8_stimuli","7_7","Congruent","Incongruent","Incongruent","Incongruent",79.99927,80.199261,"7&",1.087024,"Correct","Correct","Correct","Correct"
"11",41,"1_2_stimuli","1_1","Congruent","Congruent","Incongruent","Incongruent",81.999251,82.199254,"1!",0.735023,"Correct","Correct","Correct","Correct"
"11",42,"3_4_stimuli","4_4","Congruent","Congruent","Congruent","Incongruent",83.999236,84.199225,"4$",0.734974,"Correct","Correct","Correct","Correct"
"11",43,"5_6_stimuli","5_6","Incongruent","Congruent","Congruent","Congruent",85.999212,86.199206,"6^",0.846812,"Correct","Correct","Correct","Correct"
"11",44,"7_8_stimuli","8_8","Congruent","Incongruent","Congruent","Congruent",87.999192,88.199199,"8*",0.798829,"Correct","Correct","Correct","Correct"
"11",45,"1_2_stimuli","1_2","Incongruent","Congruent","Incongruent","Congruent",89.999182,90.199175,"2@",0.687365,"Correct","Correct","Correct","Correct"
"11",46,"3_4_stimuli","4_4","Congruent","Incongruent","Congruent","Incongruent",91.999155,92.199165,"4$",0.591008,"Correct","Correct","Correct","Correct"
"11",47,"5_6_stimuli","5_5","Congruent","Congruent","Incongruent","Congruent",93.99914,94.199132,"5%",0.799301,"Correct","Correct","Correct","Correct"
"11",48,"7_8_stimuli","8_8","Congruent","Congruent","Congruent","Incongruent",95.999119,96.199121,"8*",0.607062,"Correct","Correct","Correct","Correct"
"11",49,"1_2_stimuli","1_2","Incongruent","Congruent","Congruent","Congruent",97.999112,98.199096,"2@",0.607191,"Correct","Correct","Correct","Correct"
"11",50,"3_4_stimuli","3_3","Congruent","Incongruent","Congruent","Congruent",99.999087,100.199086,"3#",0.607406,"Correct","Correct","Correct","Correct"
"11",51,"5_6_stimuli","6_5","Incongruent","Congruent","Incongruent","Congruent",101.999075,102.199071,"5%",0.76705,"Correct","Correct","Correct","Correct"
"11",52,"7_8_stimuli","7_7","Congruent","Incongruent","Congruent","Incongruent",103.999046,104.199046,"7&",0.831357,"Correct","Correct","Correct","Correct"
"11",53,"1_2_stimuli","2_2","Congruent","Congruent","Incongruent","Congruent",105.999033,106.199023,"2@",0.654936,"Correct","Correct","Correct","Correct"
"11",54,"3_4_stimuli","3_4","Incongruent","Congruent","Congruent","Incongruent",107.999009,108.199011,"4$",0.511557,"Correct","Correct","Correct","Correct"
"11",55,"5_6_stimuli","6_6","Congruent","Incongruent","Congruent","Congruent",109.998991,110.199003,"6^",0.958947,"Correct","Correct","Correct","Correct"
"11",56,"7_8_stimuli","7_8","Incongruent","Congruent","Incongruent","Congruent",111.99898,112.198975,"8*",0.622966,"Correct","Correct","Correct","Correct"
"11",57,"1_2_stimuli","1_1","Congruent","Incongruent","Congruent","Incongruent",113.998961,114.198961,"1!",0.655769,"Correct","Correct","Correct","Correct"
"11",58,"3_4_stimuli","3_4","Incongruent","Congruent","Incongruent","Congruent",115.99894,116.198933,"4$",0.991057,"Correct","Correct","Correct","Correct"
"11",59,"5_6_stimuli","5_6","Incongruent","Incongruent","Congruent","Incongruent",117.99892,118.198918,"6^",0.751445,"Correct","Correct","Correct","Correct"
"11",60,"7_8_stimuli","8_7","Incongruent","Incongruent","Incongruent","Congruent",119.998897,120.198898,"7&",0.431014,"Correct","Correct","Correct","Correct"
"11",61,"1_2_stimuli","1_2","Incongruent","Incongruent","Incongruent","Incongruent",121.998884,122.198891,"2@",0.607072,"Correct","Correct","Correct","Correct"
"11",62,"3_4_stimuli","3_3","Congruent","Incongruent","Incongruent","Incongruent",123.998872,124.19887,"3#",0.591219,"Correct","Correct","Correct","Correct"
"11",63,"5_6_stimuli","6_5","Incongruent","Congruent","Incongruent","Incongruent",125.998847,126.198846,"5%",0.815495,"Correct","Correct","Correct","Correct"
"11",64,"7_8_stimuli","7_8","Incongruent","Incongruent","Congruent","Incongruent",127.99883,128.198834,"8*",0.751667,"Correct","Correct","Correct","Correct"
"11",65,"1_2_stimuli","2_2","Congruent","Incongruent","Incongruent","Congruent",129.998809,130.198813,"2@",0.703119,"Correct","Correct","Correct","Correct"
"11",66,"3_4_stimuli","3_3","Congruent","Congruent","Incongruent","Incongruent",131.998789,132.19879,"3#",0.623155,"Correct","Correct","Correct","Correct"
"11",67,"5_6_stimuli","6_6","Congruent","Congruent","Congruent","Incongruent",133.998775,134.19877,"6^",0.943126,"Correct","Correct","Correct","Correct"
"11",68,"7_8_stimuli","8_7","Incongruent","Congruent","Congruent","Congruent",135.998769,136.198758,"7&",0.67173,"Correct","Correct","Correct","Correct"
"12",1,"1_2_stimuli","2_1","Incongruent",NA,NA,NA,1.999981,2.199971,"1!",1.331639,"Correct",NA,NA,NA
"12",2,"3_4_stimuli","4_4","Congruent","Incongruent",NA,NA,3.999965,4.199956,"4$",0.947415,"Correct","Correct",NA,NA
"12",3,"5_6_stimuli","6_5","Incongruent","Congruent","Incongruent",NA,5.999938,6.199933,"5%",0.81986,"Correct","Correct","Correct",NA
"12",4,"7_8_stimuli","8_8","Congruent","Incongruent","Congruent","Incongruent",7.999918,8.199922,"8*",0.563975,"Correct","Correct","Correct","Correct"
"12",5,"1_2_stimuli","1_1","Congruent","Congruent","Incongruent","Congruent",9.999901,10.199899,"1!",0.627665,"Correct","Correct","Correct","Correct"
"12",6,"3_4_stimuli","3_4","Incongruent","Congruent","Congruent","Incongruent",11.999887,12.199893,"4$",0.596085,"Correct","Correct","Correct","Correct"
"12",7,"5_6_stimuli","5_6","Incongruent","Incongruent","Congruent","Congruent",13.999876,14.199875,"6^",1.05945,"Correct","Correct","Correct","Correct"
"12",8,"7_8_stimuli","7_8","Incongruent","Incongruent","Incongruent","Congruent",15.999851,16.199839,"8*",0.691985,"Correct","Correct","Correct","Correct"
"12",9,"1_2_stimuli","1_2","Incongruent","Incongruent","Incongruent","Incongruent",17.999836,18.199828,"2@",0.579511,"Correct","Correct","Correct","Correct"
"12",10,"3_4_stimuli","3_4","Incongruent","Incongruent","Incongruent","Incongruent",19.999812,20.199813,"4$",0.547611,"Correct","Correct","Correct","Correct"
"12",11,"5_6_stimuli","6_5","Incongruent","Incongruent","Incongruent","Incongruent",21.999793,22.199785,"5%",0.660036,"Correct","Correct","Correct","Correct"
"12",12,"7_8_stimuli","7_7","Congruent","Incongruent","Incongruent","Incongruent",23.99977,24.199774,"7&",0.676093,"Correct","Correct","Correct","Correct"
"12",13,"1_2_stimuli","2_1","Incongruent","Congruent","Incongruent","Incongruent",25.999761,26.199756,"1!",0.548187,"Correct","Correct","Correct","Correct"
"12",14,"3_4_stimuli","4_3","Incongruent","Incongruent","Congruent","Incongruent",27.999737,28.199741,"2@",0.643894,"Error","Correct","Correct","Correct"
"12",15,"5_6_stimuli","6_6","Congruent","Incongruent","Incongruent","Congruent",29.999717,30.199724,"6^",1.076457,"Correct","Error","Correct","Correct"
"12",16,"7_8_stimuli","8_8","Congruent","Congruent","Incongruent","Incongruent",31.99971,32.199702,"8*",1.204147,"Correct","Correct","Error","Correct"
"12",17,"1_2_stimuli","2_1","Incongruent","Congruent","Congruent","Incongruent",33.999684,34.199691,"1!",0.596005,"Correct","Correct","Correct","Error"
"12",18,"3_4_stimuli","4_4","Congruent","Incongruent","Congruent","Congruent",35.999659,36.199675,"4$",0.659657,"Correct","Correct","Correct","Correct"
"12",19,"5_6_stimuli","6_6","Congruent","Congruent","Incongruent","Congruent",37.999656,38.199656,"6^",0.97963,"Correct","Correct","Correct","Correct"
"12",20,"7_8_stimuli","7_7","Congruent","Congruent","Congruent","Incongruent",39.999611,40.199634,"7&",0.692038,"Correct","Correct","Correct","Correct"
"12",21,"1_2_stimuli","1_1","Congruent","Congruent","Congruent","Congruent",41.999614,42.199617,"1!",0.740188,"Correct","Correct","Correct","Correct"
"12",22,"3_4_stimuli","4_3","Incongruent","Congruent","Congruent","Congruent",43.999612,44.19959,"3#",0.5957,"Correct","Correct","Correct","Correct"
"12",23,"5_6_stimuli","6_6","Congruent","Incongruent","Congruent","Congruent",45.999572,46.19957,"6^",1.028186,"Correct","Correct","Correct","Correct"
"12",24,"7_8_stimuli","8_8","Congruent","Congruent","Incongruent","Congruent",47.999558,48.199563,"8*",0.707751,"Correct","Correct","Correct","Correct"
"12",25,"1_2_stimuli","2_2","Congruent","Congruent","Congruent","Incongruent",49.999549,50.199534,"2@",0.644097,"Correct","Correct","Correct","Correct"
"12",26,"3_4_stimuli","4_4","Congruent","Congruent","Congruent","Congruent",51.999524,52.199527,"4$",0.644084,"Correct","Correct","Correct","Correct"
"12",27,"5_6_stimuli","5_5","Congruent","Congruent","Congruent","Congruent",53.99951,54.199498,"5%",0.660153,"Correct","Correct","Correct","Correct"
"12",28,"7_8_stimuli","7_8","Incongruent","Congruent","Congruent","Congruent",55.99949,56.199493,"8*",0.676358,"Correct","Correct","Correct","Correct"
"12",29,"1_2_stimuli","2_2","Congruent","Incongruent","Congruent","Congruent",57.999474,58.199465,"2@",0.580418,"Correct","Correct","Correct","Correct"
"12",30,"3_4_stimuli","4_4","Congruent","Congruent","Incongruent","Congruent",59.999444,60.199449,"4$",0.548292,"Correct","Correct","Correct","Correct"
"12",31,"5_6_stimuli","5_5","Congruent","Congruent","Congruent","Incongruent",61.999427,62.199422,"5%",0.788358,"Correct","Correct","Correct","Correct"
"12",32,"7_8_stimuli","8_8","Congruent","Congruent","Congruent","Congruent",63.999421,64.199414,"8*",0.772098,"Correct","Correct","Correct","Correct"
"12",33,"1_2_stimuli","1_2","Incongruent","Congruent","Congruent","Congruent",65.999394,66.199392,"2@",0.516169,"Correct","Correct","Correct","Correct"
"12",34,"3_4_stimuli","3_4","Incongruent","Incongruent","Congruent","Congruent",67.999369,68.199371,"4$",0.515982,"Correct","Correct","Correct","Correct"
"12",35,"5_6_stimuli","6_5","Incongruent","Incongruent","Incongruent","Congruent",69.99936,70.199357,"5%",1.171908,"Correct","Correct","Correct","Correct"
"12",36,"7_8_stimuli","8_7","Incongruent","Incongruent","Incongruent","Incongruent",71.999346,72.199335,"7&",0.580425,"Correct","Correct","Correct","Correct"
"12",37,"1_2_stimuli","1_1","Congruent","Incongruent","Incongruent","Incongruent",73.999317,74.199321,"1!",0.947987,"Correct","Correct","Correct","Correct"
"12",38,"3_4_stimuli","4_3","Incongruent","Congruent","Incongruent","Incongruent",75.999299,76.199298,"3#",0.516225,"Correct","Correct","Correct","Correct"
"12",39,"5_6_stimuli","5_5","Congruent","Incongruent","Congruent","Incongruent",77.999279,78.199285,"5%",0.707996,"Correct","Correct","Correct","Correct"
"12",40,"7_8_stimuli","7_8","Incongruent","Congruent","Incongruent","Congruent",79.999268,80.199256,"8*",0.596558,"Correct","Correct","Correct","Correct"
"12",41,"1_2_stimuli","2_1","Incongruent","Incongruent","Congruent","Incongruent",81.999245,82.199244,"1!",0.804545,"Correct","Correct","Correct","Correct"
"12",42,"3_4_stimuli","3_3","Congruent","Incongruent","Incongruent","Congruent",83.999228,84.199224,"3#",0.596041,"Correct","Correct","Correct","Correct"
"12",43,"5_6_stimuli","6_5","Incongruent","Congruent","Incongruent","Incongruent",85.999201,86.199206,"5%",0.836388,"Correct","Correct","Correct","Correct"
"12",44,"7_8_stimuli","8_8","Congruent","Incongruent","Congruent","Incongruent",87.99919,88.199189,"8*",0.612851,"Correct","Correct","Correct","Correct"
"12",45,"1_2_stimuli","1_2","Incongruent","Congruent","Incongruent","Congruent",89.999168,90.199176,"2@",0.404114,"Correct","Correct","Correct","Correct"
"12",46,"3_4_stimuli","4_4","Congruent","Incongruent","Congruent","Incongruent",91.999171,92.19915,"4$",0.644105,"Correct","Correct","Correct","Correct"
"12",47,"5_6_stimuli","5_6","Incongruent","Congruent","Incongruent","Congruent",93.99914,94.199134,"7&",0.964135,"Error","Correct","Correct","Correct"
"12",48,"7_8_stimuli","7_8","Incongruent","Incongruent","Congruent","Incongruent",95.999124,96.199122,"8*",0.500153,"Correct","Error","Correct","Correct"
"12",49,"1_2_stimuli","2_2","Congruent","Incongruent","Incongruent","Congruent",97.999101,98.199104,"2@",0.596733,"Correct","Correct","Error","Correct"
"12",50,"3_4_stimuli","3_3","Congruent","Congruent","Incongruent","Incongruent",99.999076,100.199074,"3#",0.580202,"Correct","Correct","Correct","Error"
"12",51,"5_6_stimuli","5_6","Incongruent","Congruent","Congruent","Incongruent",101.999059,102.19906,"6^",0.900522,"Correct","Correct","Correct","Correct"
"12",52,"7_8_stimuli","8_7","Incongruent","Incongruent","Congruent","Congruent",103.999036,104.19905,"7&",0.596805,"Correct","Correct","Correct","Correct"
"12",53,"1_2_stimuli","2_1","Incongruent","Incongruent","Incongruent","Congruent",105.999029,106.199019,"1!",0.804649,"Correct","Correct","Correct","Correct"
"12",54,"3_4_stimuli","3_3","Congruent","Incongruent","Incongruent","Incongruent",107.999012,108.199003,"3#",0.548394,"Correct","Correct","Correct","Correct"
"12",55,"5_6_stimuli","6_6","Congruent","Congruent","Incongruent","Incongruent",109.998985,110.198991,"5%",0.948408,"Error","Correct","Correct","Correct"
"12",56,"7_8_stimuli","8_7","Incongruent","Congruent","Congruent","Incongruent",111.998977,112.198974,"7&",0.820608,"Correct","Error","Correct","Correct"
"12",57,"1_2_stimuli","1_2","Incongruent","Incongruent","Congruent","Congruent",113.998957,114.198949,"2@",0.772282,"Correct","Correct","Error","Correct"
"12",58,"3_4_stimuli","3_4","Incongruent","Incongruent","Incongruent","Congruent",115.998929,116.198931,"4$",0.564848,"Correct","Correct","Correct","Error"
"12",59,"5_6_stimuli","5_5","Congruent","Incongruent","Incongruent","Incongruent",117.998918,118.19892,"5%",1.428313,"Correct","Correct","Correct","Correct"
"12",60,"7_8_stimuli","8_7","Incongruent","Congruent","Incongruent","Incongruent",119.998894,120.198891,"7&",0.612401,"Correct","Correct","Correct","Correct"
"12",61,"1_2_stimuli","1_1","Congruent","Incongruent","Congruent","Incongruent",121.998881,122.198872,"1!",0.868679,"Correct","Correct","Correct","Correct"
"12",62,"3_4_stimuli","4_3","Incongruent","Congruent","Incongruent","Congruent",123.998857,124.198854,"3#",0.58084,"Correct","Correct","Correct","Correct"
"12",63,"5_6_stimuli","5_6","Incongruent","Incongruent","Congruent","Incongruent",125.998839,126.198844,"6^",1.108382,"Correct","Correct","Correct","Correct"
"12",64,"7_8_stimuli","7_7","Congruent","Incongruent","Incongruent","Congruent",127.998827,128.198818,"7&",0.740866,"Correct","Correct","Correct","Correct"
"12",65,"1_2_stimuli","2_2","Congruent","Congruent","Incongruent","Incongruent",129.998805,130.19881,"2@",0.612809,"Correct","Correct","Correct","Correct"
"12",66,"3_4_stimuli","3_3","Congruent","Congruent","Congruent","Incongruent",131.998785,132.198783,"3#",0.692656,"Correct","Correct","Correct","Correct"
"12",67,"5_6_stimuli","6_5","Incongruent","Congruent","Congruent","Congruent",133.998763,134.198773,"5%",0.885083,"Correct","Correct","Correct","Correct"
"12",68,"7_8_stimuli","7_7","Congruent","Incongruent","Congruent","Congruent",135.998747,136.198753,"7&",0.980748,"Correct","Correct","Correct","Correct"
"13",1,"1_2_stimuli","1_1","Congruent",NA,NA,NA,1.999953,2.199964,"1!",0.790963,"Correct",NA,NA,NA
"13",2,"3_4_stimuli","3_3","Congruent","Congruent",NA,NA,3.999945,4.199932,"3#",0.551116,"Correct","Correct",NA,NA
"13",3,"5_6_stimuli","6_5","Incongruent","Congruent","Congruent",NA,5.999923,6.199915,"5%",0.982869,"Correct","Correct","Correct",NA
"13",4,"7_8_stimuli","8_7","Incongruent","Incongruent","Congruent","Congruent",7.999897,8.1999,"7&",0.662622,"Correct","Correct","Correct","Correct"
"13",5,"1_2_stimuli","1_2","Incongruent","Incongruent","Incongruent","Congruent",9.999885,10.199875,"3#",0.630992,"Error","Correct","Correct","Correct"
"13",6,"3_4_stimuli","3_3","Congruent","Incongruent","Incongruent","Incongruent",11.999876,12.199875,"3#",0.583024,"Correct","Error","Correct","Correct"
"13",7,"5_6_stimuli","6_6","Congruent","Congruent","Incongruent","Incongruent",13.999853,14.199846,"6^",1.046672,"Correct","Correct","Error","Correct"
"13",8,"7_8_stimuli","8_8","Congruent","Congruent","Congruent","Incongruent",15.999828,16.199832,"8*",0.934857,"Correct","Correct","Correct","Error"
"13",9,"1_2_stimuli","1_2","Incongruent","Congruent","Congruent","Congruent",17.999812,18.19981,"2@",0.599216,"Correct","Correct","Correct","Correct"
"13",10,"3_4_stimuli","4_3","Incongruent","Incongruent","Congruent","Congruent",19.999788,20.199791,"3#",0.727046,"Correct","Correct","Correct","Correct"
"13",11,"5_6_stimuli","6_5","Incongruent","Incongruent","Incongruent","Congruent",21.99978,22.199774,"5%",0.903327,"Correct","Correct","Correct","Correct"
"13",12,"7_8_stimuli","8_8","Congruent","Incongruent","Incongruent","Incongruent",23.999758,24.19976,"8*",0.630892,"Correct","Correct","Correct","Correct"
"13",13,"1_2_stimuli","1_1","Congruent","Congruent","Incongruent","Incongruent",25.999739,26.199734,"1!",0.518719,"Correct","Correct","Correct","Correct"
"13",14,"3_4_stimuli","4_4","Congruent","Congruent","Congruent","Incongruent",27.999714,28.199724,"4$",0.662775,"Correct","Correct","Correct","Correct"
"13",15,"5_6_stimuli","6_5","Incongruent","Congruent","Congruent","Congruent",29.999709,30.199702,"5%",0.759196,"Correct","Correct","Correct","Correct"
"13",16,"7_8_stimuli","7_7","Congruent","Incongruent","Congruent","Congruent",31.999686,32.19968,"7&",0.599117,"Correct","Correct","Correct","Correct"
"13",17,"1_2_stimuli","1_2","Incongruent","Congruent","Incongruent","Congruent",33.999665,34.199674,"2@",0.534828,"Correct","Correct","Correct","Correct"
"13",18,"3_4_stimuli","3_3","Congruent","Incongruent","Congruent","Incongruent",35.999647,36.199653,"3#",0.535303,"Correct","Correct","Correct","Correct"
"13",19,"5_6_stimuli","5_5","Congruent","Congruent","Incongruent","Congruent",37.999636,38.199626,"5%",0.886803,"Correct","Correct","Correct","Correct"
"13",20,"7_8_stimuli","7_8","Incongruent","Congruent","Congruent","Incongruent",39.999608,40.199617,"8*",0.647432,"Correct","Correct","Correct","Correct"
"13",21,"1_2_stimuli","2_1","Incongruent","Incongruent","Congruent","Congruent",41.999601,42.19959,"1!",0.919036,"Correct","Correct","Correct","Correct"
"13",22,"3_4_stimuli","4_4","Congruent","Incongruent","Incongruent","Congruent",43.999568,44.19958,"4$",0.63089,"Correct","Correct","Correct","Correct"
"13",23,"5_6_stimuli","6_5","Incongruent","Congruent","Incongruent","Incongruent",45.999565,46.199548,"5%",0.583355,"Correct","Correct","Correct","Correct"
"13",24,"7_8_stimuli","7_8","Incongruent","Incongruent","Congruent","Incongruent",47.999546,48.199539,"8*",0.646987,"Correct","Correct","Correct","Correct"
"13",25,"1_2_stimuli","2_2","Congruent","Incongruent","Incongruent","Congruent",49.999543,50.199529,"2@",0.951295,"Correct","Correct","Correct","Correct"
"13",26,"3_4_stimuli","3_4","Incongruent","Congruent","Incongruent","Incongruent",51.999499,52.199501,"4$",0.679698,"Correct","Correct","Correct","Correct"
"13",27,"5_6_stimuli","5_5","Congruent","Incongruent","Congruent","Incongruent",53.999483,54.199473,"5%",0.839761,"Correct","Correct","Correct","Correct"
"13",28,"7_8_stimuli","8_8","Congruent","Congruent","Incongruent","Congruent",55.999465,56.19946,"8*",0.599193,"Correct","Correct","Correct","Correct"
"13",29,"1_2_stimuli","1_2","Incongruent","Congruent","Congruent","Incongruent",57.999455,58.199443,"2@",0.679514,"Correct","Correct","Correct","Correct"
"13",30,"3_4_stimuli","3_3","Congruent","Incongruent","Congruent","Congruent",59.99943,60.199423,"3#",0.471665,"Correct","Correct","Correct","Correct"
"13",31,"5_6_stimuli","5_6","Incongruent","Congruent","Incongruent","Congruent",61.999407,62.199411,"6^",1.127041,"Correct","Correct","Correct","Correct"
"13",32,"7_8_stimuli","7_7","Congruent","Incongruent","Congruent","Incongruent",63.999392,64.199384,"7&",0.503082,"Correct","Correct","Correct","Correct"
"13",33,"1_2_stimuli","1_1","Congruent","Congruent","Incongruent","Congruent",65.999372,66.19938,"1!",0.535747,"Correct","Correct","Correct","Correct"
"13",34,"3_4_stimuli","3_4","Incongruent","Congruent","Congruent","Incongruent",67.99936,68.199351,"4$",0.631496,"Correct","Correct","Correct","Correct"
"13",35,"5_6_stimuli","5_5","Congruent","Incongruent","Congruent","Congruent",69.99933,70.199333,"5%",0.743539,"Correct","Correct","Correct","Correct"
"13",36,"7_8_stimuli","8_7","Incongruent","Congruent","Incongruent","Congruent",71.999323,72.19931,"7&",0.935603,"Correct","Correct","Correct","Correct"
"13",37,"1_2_stimuli","2_2","Congruent","Incongruent","Congruent","Incongruent",73.99931,74.199299,"2@",0.615428,"Correct","Correct","Correct","Correct"
"13",38,"3_4_stimuli","3_4","Incongruent","Congruent","Incongruent","Congruent",75.999286,76.199276,"4$",0.647337,"Correct","Correct","Correct","Correct"
"13",39,"5_6_stimuli","5_6","Incongruent","Incongruent","Congruent","Incongruent",77.999257,78.199264,"6^",1.415686,"Correct","Correct","Correct","Correct"
"13",40,"7_8_stimuli","7_7","Congruent","Incongruent","Incongruent","Congruent",79.99925,80.199236,"7&",0.535567,"Correct","Correct","Correct","Correct"
"13",41,"1_2_stimuli","2_1","Incongruent","Congruent","Incongruent","Incongruent",81.999224,82.199224,"1!",0.759491,"Correct","Correct","Correct","Correct"
"13",42,"3_4_stimuli","3_4","Incongruent","Incongruent","Congruent","Incongruent",83.999202,84.1992,"4$",0.663459,"Correct","Correct","Correct","Correct"
"13",43,"5_6_stimuli","6_6","Congruent","Incongruent","Incongruent","Congruent",85.99919,86.199187,"6^",1.191215,"Correct","Correct","Correct","Correct"
"13",44,"7_8_stimuli","8_7","Incongruent","Congruent","Incongruent","Incongruent",87.999177,88.199163,"7&",0.871556,"Correct","Correct","Correct","Correct"
"13",45,"1_2_stimuli","2_1","Incongruent","Incongruent","Congruent","Incongruent",89.999155,90.199145,"1!",0.711261,"Correct","Correct","Correct","Correct"
"13",46,"3_4_stimuli","4_3","Incongruent","Incongruent","Incongruent","Congruent",91.999137,92.199131,"3#",0.535278,"Correct","Correct","Correct","Correct"
"13",47,"5_6_stimuli","6_6","Congruent","Incongruent","Incongruent","Incongruent",93.999115,94.199107,"6^",1.063325,"Correct","Correct","Correct","Correct"
"13",48,"7_8_stimuli","7_7","Congruent","Congruent","Incongruent","Incongruent",95.999106,96.199103,"7&",0.487468,"Correct","Correct","Correct","Correct"
"13",49,"1_2_stimuli","1_1","Congruent","Congruent","Congruent","Incongruent",97.999082,98.199072,"1!",0.64754,"Correct","Correct","Correct","Correct"
"13",50,"3_4_stimuli","4_3","Incongruent","Congruent","Congruent","Congruent",99.999068,100.199066,"4$",0.935336,"Error","Correct","Correct","Correct"
"13",51,"5_6_stimuli","6_5","Incongruent","Incongruent","Congruent","Congruent",101.99905,102.199045,"5%",0.871358,"Correct","Error","Correct","Correct"
"13",52,"7_8_stimuli","7_8","Incongruent","Incongruent","Incongruent","Congruent",103.99902,104.199022,"8*",0.663753,"Correct","Correct","Error","Correct"
"13",53,"1_2_stimuli","2_1","Incongruent","Incongruent","Incongruent","Incongruent",105.999004,106.19901,"1!",0.807838,"Correct","Correct","Correct","Error"
"13",54,"3_4_stimuli","4_3","Incongruent","Incongruent","Incongruent","Incongruent",107.998983,108.198983,"3#",0.567848,"Correct","Correct","Correct","Correct"
"13",55,"5_6_stimuli","5_6","Incongruent","Incongruent","Incongruent","Incongruent",109.998971,110.198968,"6^",0.935417,"Correct","Correct","Correct","Correct"
"13",56,"7_8_stimuli","8_7","Incongruent","Incongruent","Incongruent","Incongruent",111.998953,112.198958,"7&",0.583432,"Correct","Correct","Correct","Correct"
"13",57,"1_2_stimuli","2_2","Congruent","Incongruent","Incongruent","Incongruent",113.998932,114.198932,"2@",0.488033,"Correct","Correct","Correct","Correct"
"13",58,"3_4_stimuli","4_4","Congruent","Congruent","Incongruent","Incongruent",115.998922,116.19892,"4$",0.455427,"Correct","Correct","Correct","Correct"
"13",59,"5_6_stimuli","5_5","Congruent","Congruent","Congruent","Incongruent",117.998903,118.1989,"6^",0.487471,"Error","Correct","Correct","Correct"
"13",60,"7_8_stimuli","8_8","Congruent","Congruent","Congruent","Congruent",119.998874,120.198878,"8*",0.599731,"Correct","Error","Correct","Correct"
"13",61,"1_2_stimuli","2_2","Congruent","Congruent","Congruent","Congruent",121.998869,122.198864,"2@",0.471505,"Correct","Correct","Error","Correct"
"13",62,"3_4_stimuli","4_4","Congruent","Congruent","Congruent","Congruent",123.998847,124.198835,"4$",0.455554,"Correct","Correct","Correct","Error"
"13",63,"5_6_stimuli","6_6","Congruent","Congruent","Congruent","Congruent",125.998822,126.198829,"6^",1.047586,"Correct","Correct","Correct","Correct"
"13",64,"7_8_stimuli","7_8","Incongruent","Congruent","Congruent","Congruent",127.99881,128.198803,"8*",0.680071,"Correct","Correct","Correct","Correct"
"13",65,"1_2_stimuli","1_1","Congruent","Incongruent","Congruent","Congruent",129.998786,130.198785,"1!",0.791577,"Correct","Correct","Correct","Correct"
"13",66,"3_4_stimuli","3_3","Congruent","Congruent","Incongruent","Congruent",131.998764,132.198752,"3#",0.600384,"Correct","Correct","Correct","Correct"
"13",67,"5_6_stimuli","5_6","Incongruent","Congruent","Congruent","Incongruent",133.998749,134.198755,"6^",1.368215,"Correct","Correct","Correct","Correct"
"13",68,"7_8_stimuli","8_7","Incongruent","Incongruent","Congruent","Congruent",135.998745,136.198736,"7&",0.53617,"Correct","Correct","Correct","Correct"
