"Run.Number","Trial.Number","Task","Stimulus","Current.Trial.Type","Previous.Trial.Type","Previous.Trial.Type.N2","Previous.Trial.Type.N3","StimulusOnsetTime","StimulusOffsetTime","Response","RT","Accuracy","PreviousAccuracy","PreviousAccuracy.N2","Previous.Accuracy.N3"
"practice",1,"1_2_stimuli","2_1","Incongruent",NA,NA,NA,1.999979,2.199987,"Omission",5000,"Omission",NA,NA,NA
"practice",2,"3_4_stimuli","4_4","Congruent","Incongruent",NA,NA,3.999965,4.199968,"Omission",5000,"Omission","Omission",NA,NA
"practice",3,"5_6_stimuli","5_5","Congruent","Congruent","Incongruent",NA,5.999951,6.199946,"5%",1.160306,"Correct","Omission","Omission",NA
"practice",4,"7_8_stimuli","8_7","Incongruent","Congruent","Congruent","Incongruent",7.999943,8.199934,"Omission",5000,"Omission","Correct","Omission","Omission"
"practice",5,"1_2_stimuli","2_1","Incongruent","Incongruent","Congruent","Congruent",9.999911,10.199908,"1!",0.920041,"Correct","Omission","Correct","Omission"
"practice",6,"3_4_stimuli","4_3","Incongruent","Incongruent","Incongruent","Congruent",11.999894,12.199901,"3#",1.176172,"Correct","Correct","Omission","Correct"
"practice",7,"5_6_stimuli","6_5","Incongruent","Incongruent","Incongruent","Incongruent",13.999873,14.199889,"5%",1.112162,"Correct","Correct","Correct","Omission"
"practice",8,"7_8_stimuli","7_8","Incongruent","Incongruent","Incongruent","Incongruent",15.999867,16.199868,"7&",1.016272,"Error","Correct","Correct","Correct"
"practice",9,"1_2_stimuli","2_2","Congruent","Incongruent","Incongruent","Incongruent",17.999856,18.199847,"2@",0.855754,"Correct","Error","Correct","Correct"
"practice",10,"3_4_stimuli","4_3","Incongruent","Congruent","Incongruent","Incongruent",19.999821,20.199829,"4$",1.208201,"Error","Correct","Error","Correct"
"practice",11,"5_6_stimuli","6_6","Congruent","Incongruent","Congruent","Incongruent",21.999813,22.199817,"6^",1.143735,"Correct","Error","Correct","Error"
"practice",12,"7_8_stimuli","7_8","Incongruent","Congruent","Incongruent","Congruent",23.999793,24.199801,"7&",0.952405,"Error","Correct","Error","Correct"
"practice",13,"1_2_stimuli","2_2","Congruent","Incongruent","Congruent","Incongruent",25.999775,26.199784,"2@",0.83996,"Correct","Error","Correct","Error"
"practice",14,"3_4_stimuli","4_4","Congruent","Congruent","Incongruent","Congruent",27.999761,28.199757,"4$",1.079789,"Correct","Correct","Error","Correct"
"practice",15,"5_6_stimuli","6_6","Congruent","Congruent","Congruent","Incongruent",29.999752,30.199745,"6^",1.351847,"Correct","Correct","Correct","Error"
"practice",16,"7_8_stimuli","8_8","Congruent","Congruent","Congruent","Congruent",31.999732,32.199722,"7&",0.967821,"Error","Correct","Correct","Correct"
"practice",17,"1_2_stimuli","2_1","Incongruent","Congruent","Congruent","Congruent",33.99972,34.199716,"1!",0.792267,"Correct","Error","Correct","Correct"
"practice",18,"3_4_stimuli","3_4","Incongruent","Incongruent","Congruent","Congruent",35.999693,36.199701,"4$",1.080485,"Correct","Correct","Error","Correct"
"practice",19,"5_6_stimuli","6_6","Congruent","Incongruent","Incongruent","Congruent",37.999685,38.199671,"Omission",5000,"Omission","Correct","Correct","Error"
"practice",20,"7_8_stimuli","8_7","Incongruent","Congruent","Incongruent","Incongruent",39.999657,40.199661,"Omission",5000,"Omission","Omission","Correct","Correct"
"practice",21,"1_2_stimuli","1_2","Incongruent","Incongruent","Congruent","Incongruent",41.999637,42.199642,"2@",0.791913,"Correct","Omission","Omission","Correct"
"practice",22,"3_4_stimuli","3_3","Congruent","Incongruent","Incongruent","Congruent",43.999622,44.199619,"3#",0.904078,"Correct","Correct","Omission","Omission"
"practice",23,"5_6_stimuli","6_6","Congruent","Congruent","Incongruent","Incongruent",45.999609,46.199603,"7&",1.496349,"Error","Correct","Correct","Omission"
"practice",24,"7_8_stimuli","8_7","Incongruent","Congruent","Congruent","Incongruent",47.999593,48.199585,"7&",0.984339,"Correct","Error","Correct","Correct"
"practice",25,"1_2_stimuli","2_2","Congruent","Incongruent","Congruent","Congruent",49.999568,50.19957,"2@",0.888122,"Correct","Correct","Error","Correct"
"practice",26,"3_4_stimuli","4_3","Incongruent","Congruent","Incongruent","Congruent",51.999558,52.199558,"3#",1.208181,"Correct","Correct","Correct","Error"
"practice",27,"5_6_stimuli","5_6","Incongruent","Incongruent","Congruent","Incongruent",53.999537,54.199537,"6^",1.08017,"Correct","Correct","Correct","Correct"
"practice",28,"7_8_stimuli","8_8","Congruent","Incongruent","Incongruent","Congruent",55.999517,56.199511,"8*",1.048043,"Correct","Correct","Correct","Correct"
"practice",29,"1_2_stimuli","1_2","Incongruent","Congruent","Incongruent","Incongruent",57.999495,58.199504,"2@",0.840418,"Correct","Correct","Correct","Correct"
"practice",30,"3_4_stimuli","4_3","Incongruent","Incongruent","Congruent","Incongruent",59.999489,60.199484,"3#",1.240079,"Correct","Correct","Correct","Correct"
"practice",31,"5_6_stimuli","6_5","Incongruent","Incongruent","Incongruent","Congruent",61.999462,62.199469,"6^",1.06455,"Error","Correct","Correct","Correct"
"practice",32,"7_8_stimuli","7_7","Congruent","Incongruent","Incongruent","Incongruent",63.999451,64.199447,"7&",1.384838,"Correct","Error","Correct","Correct"
"practice",33,"1_2_stimuli","2_2","Congruent","Congruent","Incongruent","Incongruent",65.999443,66.199436,"2@",0.888431,"Correct","Correct","Error","Correct"
"practice",34,"3_4_stimuli","3_4","Incongruent","Congruent","Congruent","Incongruent",67.999416,68.199417,"4$",1.176126,"Correct","Correct","Correct","Error"
"practice",35,"5_6_stimuli","5_5","Congruent","Incongruent","Congruent","Congruent",69.999392,70.199407,"5%",0.968158,"Correct","Correct","Correct","Correct"
"practice",36,"7_8_stimuli","7_7","Congruent","Congruent","Incongruent","Congruent",71.999386,72.199376,"7&",0.904799,"Correct","Correct","Correct","Correct"
"practice",37,"1_2_stimuli","2_1","Incongruent","Congruent","Congruent","Incongruent",73.999367,74.199364,"1!",0.77615,"Correct","Correct","Correct","Correct"
"practice",38,"3_4_stimuli","4_4","Congruent","Incongruent","Congruent","Congruent",75.999346,76.199338,"4$",0.952497,"Correct","Correct","Correct","Correct"
"practice",39,"5_6_stimuli","5_5","Congruent","Congruent","Incongruent","Congruent",77.999326,78.199331,"6^",0.920901,"Error","Correct","Correct","Correct"
"practice",40,"7_8_stimuli","7_7","Congruent","Congruent","Congruent","Incongruent",79.999306,80.199324,"6^",1.352461,"Error","Error","Correct","Correct"
"practice",41,"1_2_stimuli","1_1","Congruent","Congruent","Congruent","Congruent",81.999297,82.199297,"1!",0.888227,"Correct","Error","Error","Correct"
"practice",42,"3_4_stimuli","3_4","Incongruent","Congruent","Congruent","Congruent",83.999279,84.19927,"4$",0.984251,"Correct","Correct","Error","Error"
"practice",43,"5_6_stimuli","6_5","Incongruent","Incongruent","Congruent","Congruent",85.999258,86.199258,"5%",0.984847,"Correct","Correct","Correct","Error"
"practice",44,"7_8_stimuli","8_7","Incongruent","Incongruent","Incongruent","Congruent",87.999243,88.199245,"7&",1.208804,"Correct","Correct","Correct","Correct"
"practice",45,"1_2_stimuli","1_2","Incongruent","Incongruent","Incongruent","Incongruent",89.999231,90.199229,"2@",0.920854,"Correct","Correct","Correct","Correct"
"practice",46,"3_4_stimuli","3_4","Incongruent","Incongruent","Incongruent","Incongruent",91.999221,92.199211,"4$",1.17707,"Correct","Correct","Correct","Correct"
"practice",47,"5_6_stimuli","5_5","Congruent","Incongruent","Incongruent","Incongruent",93.999193,94.199186,"5%",1.240689,"Correct","Correct","Correct","Correct"
"practice",48,"7_8_stimuli","8_8","Congruent","Congruent","Incongruent","Incongruent",95.99917,96.199172,"8*",1.160794,"Correct","Correct","Correct","Correct"
"practice",49,"1_2_stimuli","1_1","Congruent","Congruent","Congruent","Incongruent",97.999157,98.199154,"1!",0.776895,"Correct","Correct","Correct","Correct"
"practice",50,"3_4_stimuli","3_3","Congruent","Congruent","Congruent","Congruent",99.999147,100.199136,"3#",1.128828,"Correct","Correct","Correct","Correct"
"practice",51,"5_6_stimuli","5_6","Incongruent","Congruent","Congruent","Congruent",101.999119,102.199123,"6^",1.368849,"Correct","Correct","Correct","Correct"
"practice",52,"7_8_stimuli","7_8","Incongruent","Incongruent","Congruent","Congruent",103.9991,104.199098,"8*",0.968446,"Correct","Correct","Correct","Correct"
"practice",53,"1_2_stimuli","1_1","Congruent","Incongruent","Incongruent","Congruent",105.999088,106.199086,"1!",0.664958,"Correct","Correct","Correct","Correct"
"practice",54,"3_4_stimuli","3_3","Congruent","Congruent","Incongruent","Incongruent",107.999072,108.199081,"3#",1.096538,"Correct","Correct","Correct","Correct"
"practice",55,"5_6_stimuli","6_5","Incongruent","Congruent","Congruent","Incongruent",109.999051,110.199055,"5%",1.176861,"Correct","Correct","Correct","Correct"
"practice",56,"7_8_stimuli","7_7","Congruent","Incongruent","Congruent","Congruent",111.999036,112.199038,"7&",1.304634,"Correct","Correct","Correct","Correct"
"practice",57,"1_2_stimuli","2_1","Incongruent","Congruent","Incongruent","Congruent",113.999018,114.199017,"1!",0.728778,"Correct","Correct","Correct","Correct"
"practice",58,"3_4_stimuli","4_4","Congruent","Incongruent","Congruent","Incongruent",115.999006,116.198998,"4$",1.289049,"Correct","Correct","Correct","Correct"
"practice",59,"5_6_stimuli","5_6","Incongruent","Congruent","Incongruent","Congruent",117.998982,118.198986,"6^",1.049088,"Correct","Correct","Correct","Correct"
"practice",60,"7_8_stimuli","7_8","Incongruent","Incongruent","Congruent","Incongruent",119.998965,120.198964,"8*",0.66453,"Correct","Correct","Correct","Correct"
"practice",61,"1_2_stimuli","1_2","Incongruent","Incongruent","Incongruent","Congruent",121.99895,122.198957,"2@",1.208962,"Correct","Correct","Correct","Correct"
"practice",62,"3_4_stimuli","4_4","Congruent","Incongruent","Incongruent","Incongruent",123.998942,124.198938,"4$",1.129303,"Correct","Correct","Correct","Correct"
"practice",63,"5_6_stimuli","5_6","Incongruent","Congruent","Incongruent","Incongruent",125.998916,126.19892,"6^",1.096765,"Correct","Correct","Correct","Correct"
"practice",64,"7_8_stimuli","8_8","Congruent","Incongruent","Congruent","Incongruent",127.998906,128.198895,"8*",0.872578,"Correct","Correct","Correct","Correct"
"practice",65,"1_2_stimuli","1_1","Congruent","Congruent","Incongruent","Congruent",129.998884,130.198885,"1!",0.600615,"Correct","Correct","Correct","Correct"
"practice",66,"3_4_stimuli","3_3","Congruent","Congruent","Congruent","Incongruent",131.998864,132.198865,"3#",0.936649,"Correct","Correct","Correct","Correct"
"practice",67,"5_6_stimuli","5_5","Congruent","Congruent","Congruent","Congruent",133.998857,134.198845,"5%",1.161106,"Correct","Correct","Correct","Correct"
"practice",68,"7_8_stimuli","8_7","Incongruent","Congruent","Congruent","Congruent",135.998832,136.198832,"7&",1.273241,"Correct","Correct","Correct","Correct"
"1",1,"1_2_stimuli","1_2","Incongruent",NA,NA,NA,1.999984,2.199988,"3#",0.956973,"Error",NA,NA,NA
"1",2,"3_4_stimuli","3_4","Incongruent","Incongruent",NA,NA,3.999975,4.199971,"Omission",5000,"Omission","Error",NA,NA
"1",3,"5_6_stimuli","5_5","Congruent","Incongruent","Incongruent",NA,5.999962,6.199947,"5%",0.988813,"Correct","Omission","Error",NA
"1",4,"7_8_stimuli","8_8","Congruent","Congruent","Incongruent","Incongruent",7.999943,8.19993,"8*",0.876755,"Correct","Correct","Omission","Error"
"1",5,"1_2_stimuli","1_2","Incongruent","Congruent","Congruent","Incongruent",9.99992,10.199909,"2@",0.748419,"Correct","Correct","Correct","Omission"
"1",6,"3_4_stimuli","3_3","Congruent","Incongruent","Congruent","Congruent",11.999907,12.199906,"3#",0.941084,"Correct","Correct","Correct","Correct"
"1",7,"5_6_stimuli","5_6","Incongruent","Congruent","Incongruent","Congruent",13.999884,14.199886,"Omission",5000,"Omission","Correct","Correct","Correct"
"1",8,"7_8_stimuli","7_8","Incongruent","Incongruent","Congruent","Incongruent",15.999865,16.199872,"Omission",5000,"Omission","Omission","Correct","Correct"
"1",9,"1_2_stimuli","2_1","Incongruent","Incongruent","Incongruent","Congruent",17.999853,18.199844,"1!",0.796921,"Correct","Omission","Omission","Correct"
"1",10,"3_4_stimuli","3_4","Incongruent","Incongruent","Incongruent","Incongruent",19.999824,20.199827,"4$",1.213042,"Correct","Correct","Omission","Omission"
"1",11,"5_6_stimuli","6_6","Congruent","Incongruent","Incongruent","Incongruent",21.999814,22.199821,"7&",0.925192,"Error","Correct","Correct","Omission"
"1",12,"7_8_stimuli","8_8","Congruent","Congruent","Incongruent","Incongruent",23.999799,24.199801,"8*",0.796613,"Correct","Error","Correct","Correct"
"1",13,"1_2_stimuli","2_2","Congruent","Congruent","Congruent","Incongruent",25.99978,26.199787,"2@",0.86122,"Correct","Correct","Error","Correct"
"1",14,"3_4_stimuli","4_3","Incongruent","Congruent","Congruent","Congruent",27.999767,28.199761,"3#",1.46879,"Correct","Correct","Correct","Error"
"1",15,"5_6_stimuli","5_5","Congruent","Incongruent","Congruent","Congruent",29.999758,30.199751,"5%",1.132916,"Correct","Correct","Correct","Correct"
"1",16,"7_8_stimuli","8_7","Incongruent","Congruent","Incongruent","Congruent",31.999729,32.199732,"7&",1.068884,"Correct","Correct","Correct","Correct"
"1",17,"1_2_stimuli","2_1","Incongruent","Incongruent","Congruent","Incongruent",33.999712,34.199719,"1!",0.684757,"Correct","Correct","Correct","Correct"
"1",18,"3_4_stimuli","3_4","Incongruent","Incongruent","Incongruent","Congruent",35.999706,36.199691,"4$",1.229122,"Correct","Correct","Correct","Correct"
"1",19,"5_6_stimuli","6_5","Incongruent","Incongruent","Incongruent","Incongruent",37.999673,38.199678,"5%",1.197278,"Correct","Correct","Correct","Correct"
"1",20,"7_8_stimuli","8_8","Congruent","Incongruent","Incongruent","Incongruent",39.999668,40.199661,"8*",1.100832,"Correct","Correct","Correct","Correct"
"1",21,"1_2_stimuli","1_1","Congruent","Congruent","Incongruent","Incongruent",41.999647,42.19965,"1!",0.701334,"Correct","Correct","Correct","Correct"
"1",22,"3_4_stimuli","3_4","Incongruent","Congruent","Congruent","Incongruent",43.99963,44.199623,"4$",1.068883,"Correct","Correct","Correct","Correct"
"1",23,"5_6_stimuli","5_6","Incongruent","Incongruent","Congruent","Congruent",45.99961,46.199603,"6^",1.100777,"Correct","Correct","Correct","Correct"
"1",24,"7_8_stimuli","7_7","Congruent","Incongruent","Incongruent","Congruent",47.999585,48.199595,"7&",1.084739,"Correct","Correct","Correct","Correct"
"1",25,"1_2_stimuli","2_1","Incongruent","Congruent","Incongruent","Incongruent",49.999576,50.199579,"1!",0.653482,"Correct","Correct","Correct","Correct"
"1",26,"3_4_stimuli","4_4","Congruent","Incongruent","Congruent","Incongruent",51.999556,52.199552,"4$",0.908748,"Correct","Correct","Correct","Correct"
"1",27,"5_6_stimuli","5_5","Congruent","Congruent","Incongruent","Congruent",53.999551,54.199536,"5%",0.892782,"Correct","Correct","Correct","Correct"
"1",28,"7_8_stimuli","8_8","Congruent","Congruent","Congruent","Incongruent",55.999534,56.199525,"8*",0.861144,"Correct","Correct","Correct","Correct"
"1",29,"1_2_stimuli","2_1","Incongruent","Congruent","Congruent","Congruent",57.99951,58.199511,"1!",0.748775,"Correct","Correct","Correct","Correct"
"1",30,"3_4_stimuli","3_4","Incongruent","Incongruent","Congruent","Congruent",59.999483,60.199481,"5%",1.037025,"Error","Correct","Correct","Correct"
"1",31,"5_6_stimuli","6_5","Incongruent","Incongruent","Incongruent","Congruent",61.999485,62.199476,"5%",1.116848,"Correct","Error","Correct","Correct"
"1",32,"7_8_stimuli","8_7","Incongruent","Incongruent","Incongruent","Incongruent",63.999463,64.199456,"7&",1.437232,"Correct","Correct","Error","Correct"
"1",33,"1_2_stimuli","1_2","Incongruent","Incongruent","Incongruent","Incongruent",65.999441,66.199438,"Omission",5000,"Omission","Correct","Correct","Error"
"1",34,"3_4_stimuli","3_3","Congruent","Incongruent","Incongruent","Incongruent",67.999428,68.19942,"3#",1.036871,"Correct","Omission","Correct","Correct"
"1",35,"5_6_stimuli","6_6","Congruent","Congruent","Incongruent","Incongruent",69.999397,70.199409,"Omission",5000,"Omission","Correct","Omission","Correct"
"1",36,"7_8_stimuli","8_7","Incongruent","Congruent","Congruent","Incongruent",71.99938,72.199395,"7&",0.892929,"Correct","Omission","Correct","Omission"
"1",37,"1_2_stimuli","1_1","Congruent","Incongruent","Congruent","Congruent",73.999376,74.199366,"1!",0.557315,"Correct","Correct","Omission","Correct"
"1",38,"3_4_stimuli","4_3","Incongruent","Congruent","Incongruent","Congruent",75.999351,76.199352,"3#",1.277168,"Correct","Correct","Correct","Omission"
"1",39,"5_6_stimuli","5_6","Incongruent","Incongruent","Congruent","Incongruent",77.999329,78.19934,"Omission",5000,"Omission","Correct","Correct","Correct"
"1",40,"7_8_stimuli","7_8","Incongruent","Incongruent","Incongruent","Congruent",79.999314,80.199319,"Omission",5000,"Omission","Omission","Correct","Correct"
"1",41,"1_2_stimuli","1_1","Congruent","Incongruent","Incongruent","Incongruent",81.999301,82.199301,"1!",0.589357,"Correct","Omission","Omission","Correct"
"1",42,"3_4_stimuli","3_3","Congruent","Congruent","Incongruent","Incongruent",83.999292,84.199287,"Omission",5000,"Omission","Correct","Omission","Omission"
"1",43,"5_6_stimuli","5_5","Congruent","Congruent","Congruent","Incongruent",85.999274,86.19927,"5%",1.181029,"Correct","Omission","Correct","Omission"
"1",44,"7_8_stimuli","7_8","Incongruent","Congruent","Congruent","Congruent",87.99925,88.19925,"8*",0.717051,"Correct","Correct","Omission","Correct"
"1",45,"1_2_stimuli","1_2","Incongruent","Incongruent","Congruent","Congruent",89.999229,90.199214,"Omission",5000,"Omission","Correct","Correct","Omission"
"1",46,"3_4_stimuli","4_4","Congruent","Incongruent","Incongruent","Congruent",91.999214,92.199217,"4$",1.437098,"Correct","Omission","Correct","Correct"
"1",47,"5_6_stimuli","6_5","Incongruent","Congruent","Incongruent","Incongruent",93.999198,94.199193,"5%",1.261176,"Correct","Correct","Omission","Correct"
"1",48,"7_8_stimuli","7_7","Congruent","Incongruent","Congruent","Incongruent",95.999186,96.199182,"7&",1.373795,"Correct","Correct","Correct","Omission"
"1",49,"1_2_stimuli","1_2","Incongruent","Congruent","Incongruent","Congruent",97.999163,98.19916,"2@",0.813562,"Correct","Correct","Correct","Correct"
"1",50,"3_4_stimuli","4_3","Incongruent","Incongruent","Congruent","Incongruent",99.999149,100.199143,"3#",0.877911,"Correct","Correct","Correct","Correct"
"1",51,"5_6_stimuli","6_6","Congruent","Incongruent","Incongruent","Congruent",101.999125,102.199134,"6^",1.021173,"Correct","Correct","Correct","Correct"
"1",52,"7_8_stimuli","8_7","Incongruent","Congruent","Incongruent","Incongruent",103.999109,104.199113,"7&",0.637507,"Correct","Correct","Correct","Correct"
"1",53,"1_2_stimuli","2_2","Congruent","Incongruent","Congruent","Incongruent",105.999098,106.19909,"2@",0.749668,"Correct","Correct","Correct","Correct"
"1",54,"3_4_stimuli","3_3","Congruent","Congruent","Incongruent","Congruent",107.999075,108.199084,"3#",0.781231,"Correct","Correct","Correct","Correct"
"1",55,"5_6_stimuli","6_5","Incongruent","Congruent","Congruent","Incongruent",109.999057,110.199061,"5%",1.005694,"Correct","Correct","Correct","Correct"
"1",56,"7_8_stimuli","7_7","Congruent","Incongruent","Congruent","Congruent",111.999048,112.199038,"Omission",5000,"Omission","Correct","Correct","Correct"
"1",57,"1_2_stimuli","2_2","Congruent","Congruent","Incongruent","Congruent",113.999025,114.199028,"2@",0.925297,"Correct","Omission","Correct","Correct"
"1",58,"3_4_stimuli","4_4","Congruent","Congruent","Congruent","Incongruent",115.999016,116.199014,"5%",1.00622,"Error","Correct","Omission","Correct"
"1",59,"5_6_stimuli","5_5","Congruent","Congruent","Congruent","Congruent",117.998995,118.198995,"Omission",5000,"Omission","Error","Correct","Omission"
"1",60,"7_8_stimuli","7_7","Congruent","Congruent","Congruent","Congruent",119.998972,120.198975,"7&",0.925328,"Correct","Omission","Error","Correct"
"1",61,"1_2_stimuli","2_2","Congruent","Congruent","Congruent","Congruent",121.998962,122.198957,"2@",0.797709,"Correct","Correct","Omission","Error"
"1",62,"3_4_stimuli","4_4","Congruent","Congruent","Congruent","Congruent",123.998943,124.198939,"4$",1.021798,"Correct","Correct","Correct","Omission"
"1",63,"5_6_stimuli","5_6","Incongruent","Congruent","Congruent","Congruent",125.99892,126.198919,"6^",1.325427,"Correct","Correct","Correct","Correct"
"1",64,"7_8_stimuli","7_8","Incongruent","Incongruent","Congruent","Congruent",127.998904,128.198908,"8*",0.6854,"Correct","Correct","Correct","Correct"
"1",65,"1_2_stimuli","1_1","Congruent","Incongruent","Incongruent","Congruent",129.998892,130.198888,"1!",0.638012,"Correct","Correct","Correct","Correct"
"1",66,"3_4_stimuli","4_3","Incongruent","Congruent","Incongruent","Incongruent",131.998876,132.198867,"3#",1.022095,"Correct","Correct","Correct","Correct"
"1",67,"5_6_stimuli","6_6","Congruent","Incongruent","Congruent","Incongruent",133.998859,134.198858,"6^",0.910061,"Correct","Correct","Correct","Correct"
"1",68,"7_8_stimuli","8_8","Congruent","Congruent","Incongruent","Congruent",135.998842,136.19884,"8*",0.621462,"Correct","Correct","Correct","Correct"
"2",1,"1_2_stimuli","1_2","Incongruent",NA,NA,NA,1.999986,2.19998,"Omission",5000,"Omission",NA,NA,NA
"2",2,"3_4_stimuli","4_3","Incongruent","Incongruent",NA,NA,3.999969,4.199966,"4$",0.988934,"Error","Omission",NA,NA
"2",3,"5_6_stimuli","6_6","Congruent","Incongruent","Incongruent",NA,5.999942,6.199948,"6^",1.036332,"Correct","Error","Omission",NA
"2",4,"7_8_stimuli","8_8","Congruent","Congruent","Incongruent","Incongruent",7.999935,8.199937,"8*",0.716594,"Correct","Correct","Error","Omission"
"2",5,"1_2_stimuli","1_1","Congruent","Congruent","Congruent","Incongruent",9.999915,10.199905,"1!",0.572721,"Correct","Correct","Correct","Error"
"2",6,"3_4_stimuli","4_4","Congruent","Congruent","Congruent","Congruent",11.999896,12.199894,"4$",1.10032,"Correct","Correct","Correct","Correct"
"2",7,"5_6_stimuli","5_6","Incongruent","Congruent","Congruent","Congruent",13.999879,14.199887,"6^",0.812422,"Correct","Correct","Correct","Correct"
"2",8,"7_8_stimuli","7_7","Congruent","Incongruent","Congruent","Congruent",15.999865,16.199866,"7&",0.556846,"Correct","Correct","Correct","Correct"
"2",9,"1_2_stimuli","1_2","Incongruent","Congruent","Incongruent","Congruent",17.99984,18.199846,"2@",0.700387,"Correct","Correct","Correct","Correct"
"2",10,"3_4_stimuli","4_4","Congruent","Incongruent","Congruent","Incongruent",19.999834,20.199834,"4$",1.148417,"Correct","Correct","Correct","Correct"
"2",11,"5_6_stimuli","6_5","Incongruent","Congruent","Incongruent","Congruent",21.999816,22.199807,"5%",1.100473,"Correct","Correct","Correct","Correct"
"2",12,"7_8_stimuli","8_7","Incongruent","Incongruent","Congruent","Incongruent",23.999795,24.199796,"7&",0.653051,"Correct","Correct","Correct","Correct"
"2",13,"1_2_stimuli","2_2","Congruent","Incongruent","Incongruent","Congruent",25.999787,26.199776,"2@",0.58911,"Correct","Correct","Correct","Correct"
"2",14,"3_4_stimuli","4_3","Incongruent","Congruent","Incongruent","Incongruent",27.999766,28.199762,"3#",0.764461,"Correct","Correct","Correct","Correct"
"2",15,"5_6_stimuli","5_6","Incongruent","Incongruent","Congruent","Incongruent",29.999744,30.199746,"7&",1.021136,"Error","Correct","Correct","Correct"
"2",16,"7_8_stimuli","7_7","Congruent","Incongruent","Incongruent","Congruent",31.999721,32.199736,"7&",0.493032,"Correct","Error","Correct","Correct"
"2",17,"1_2_stimuli","1_1","Congruent","Congruent","Incongruent","Incongruent",33.999721,34.199708,"1!",0.557029,"Correct","Correct","Error","Correct"
"2",18,"3_4_stimuli","4_4","Congruent","Congruent","Congruent","Incongruent",35.999689,36.199703,"4$",0.957238,"Correct","Correct","Correct","Error"
"2",19,"5_6_stimuli","5_5","Congruent","Congruent","Congruent","Congruent",37.999674,38.199677,"5%",0.796615,"Correct","Correct","Correct","Correct"
"2",20,"7_8_stimuli","8_8","Congruent","Congruent","Congruent","Congruent",39.999668,40.199661,"8*",0.749294,"Correct","Correct","Correct","Correct"
"2",21,"1_2_stimuli","2_2","Congruent","Congruent","Congruent","Congruent",41.999641,42.199644,"2@",0.668704,"Correct","Correct","Correct","Correct"
"2",22,"3_4_stimuli","4_3","Incongruent","Congruent","Congruent","Congruent",43.999628,44.199619,"3#",0.685342,"Correct","Correct","Correct","Correct"
"2",23,"5_6_stimuli","5_6","Incongruent","Incongruent","Congruent","Congruent",45.99961,46.199601,"7&",0.988719,"Error","Correct","Correct","Correct"
"2",24,"7_8_stimuli","8_7","Incongruent","Incongruent","Incongruent","Congruent",47.99959,48.199592,"7&",0.620678,"Correct","Error","Correct","Correct"
"2",25,"1_2_stimuli","1_2","Incongruent","Incongruent","Incongruent","Incongruent",49.999579,50.199575,"2@",0.63661,"Correct","Correct","Error","Correct"
"2",26,"3_4_stimuli","4_3","Incongruent","Incongruent","Incongruent","Incongruent",51.999565,52.199565,"Omission",5000,"Omission","Correct","Correct","Error"
"2",27,"5_6_stimuli","6_5","Incongruent","Incongruent","Incongruent","Incongruent",53.999541,54.19954,"5%",1.004675,"Correct","Omission","Correct","Correct"
"2",28,"7_8_stimuli","7_7","Congruent","Incongruent","Incongruent","Incongruent",55.999528,56.199517,"7&",1.420738,"Correct","Correct","Omission","Correct"
"2",29,"1_2_stimuli","1_2","Incongruent","Congruent","Incongruent","Incongruent",57.999505,58.199507,"2@",0.636805,"Correct","Correct","Correct","Omission"
"2",30,"3_4_stimuli","3_4","Incongruent","Incongruent","Congruent","Incongruent",59.999486,60.199493,"4$",0.813163,"Correct","Correct","Correct","Correct"
"2",31,"5_6_stimuli","6_6","Congruent","Incongruent","Incongruent","Congruent",61.999468,62.199475,"6^",0.97309,"Correct","Correct","Correct","Correct"
"2",32,"7_8_stimuli","8_7","Incongruent","Congruent","Incongruent","Incongruent",63.999447,64.199452,"7&",0.749152,"Correct","Correct","Correct","Correct"
"2",33,"1_2_stimuli","1_1","Congruent","Incongruent","Congruent","Incongruent",65.999432,66.199439,"1!",0.493629,"Correct","Correct","Correct","Correct"
"2",34,"3_4_stimuli","3_3","Congruent","Congruent","Incongruent","Congruent",67.999428,68.199427,"3#",0.828819,"Correct","Correct","Correct","Correct"
"2",35,"5_6_stimuli","6_6","Congruent","Congruent","Congruent","Incongruent",69.999409,70.199399,"6^",0.796858,"Correct","Correct","Correct","Correct"
"2",36,"7_8_stimuli","8_7","Incongruent","Congruent","Congruent","Congruent",71.999397,72.199386,"7&",0.508833,"Correct","Correct","Correct","Correct"
"2",37,"1_2_stimuli","1_1","Congruent","Incongruent","Congruent","Congruent",73.999372,74.199371,"1!",0.461424,"Correct","Correct","Correct","Correct"
"2",38,"3_4_stimuli","4_3","Incongruent","Congruent","Incongruent","Congruent",75.999358,76.199347,"3#",0.68492,"Correct","Correct","Correct","Correct"
"2",39,"5_6_stimuli","5_5","Congruent","Incongruent","Congruent","Incongruent",77.999342,78.199332,"5%",1.165311,"Correct","Correct","Correct","Correct"
"2",40,"7_8_stimuli","7_8","Incongruent","Congruent","Incongruent","Congruent",79.999317,80.199319,"7&",0.669267,"Error","Correct","Correct","Correct"
"2",41,"1_2_stimuli","2_1","Incongruent","Incongruent","Congruent","Incongruent",81.999299,82.1993,"1!",0.605157,"Correct","Error","Correct","Correct"
"2",42,"3_4_stimuli","3_4","Incongruent","Incongruent","Incongruent","Congruent",83.999285,84.199294,"4$",0.925511,"Correct","Correct","Error","Correct"
"2",43,"5_6_stimuli","6_6","Congruent","Incongruent","Incongruent","Incongruent",85.999264,86.199268,"7&",0.797032,"Error","Correct","Correct","Error"
"2",44,"7_8_stimuli","7_7","Congruent","Congruent","Incongruent","Incongruent",87.999254,88.199247,"7&",0.557271,"Correct","Error","Correct","Correct"
"2",45,"1_2_stimuli","2_1","Incongruent","Congruent","Congruent","Incongruent",89.999231,90.199231,"1!",0.620994,"Correct","Correct","Error","Correct"
"2",46,"3_4_stimuli","3_4","Incongruent","Incongruent","Congruent","Congruent",91.999217,92.199218,"Omission",5000,"Omission","Correct","Correct","Error"
"2",47,"5_6_stimuli","5_6","Incongruent","Incongruent","Incongruent","Congruent",93.999198,94.199195,"6^",1.357033,"Correct","Omission","Correct","Correct"
"2",48,"7_8_stimuli","7_8","Incongruent","Incongruent","Incongruent","Incongruent",95.99918,96.199183,"8*",0.652985,"Correct","Correct","Omission","Correct"
"2",49,"1_2_stimuli","2_2","Congruent","Incongruent","Incongruent","Incongruent",97.999169,98.199178,"2@",0.765274,"Correct","Correct","Correct","Omission"
"2",50,"3_4_stimuli","3_3","Congruent","Congruent","Incongruent","Incongruent",99.999154,100.199149,"3#",1.02107,"Correct","Correct","Correct","Correct"
"2",51,"5_6_stimuli","6_5","Incongruent","Congruent","Congruent","Incongruent",101.99914,102.199126,"5%",0.829399,"Correct","Correct","Correct","Correct"
"2",52,"7_8_stimuli","7_8","Incongruent","Incongruent","Congruent","Congruent",103.999124,104.199114,"8*",0.70179,"Correct","Correct","Correct","Correct"
"2",53,"1_2_stimuli","2_1","Incongruent","Incongruent","Incongruent","Congruent",105.999094,106.199105,"1!",0.637663,"Correct","Correct","Correct","Correct"
"2",54,"3_4_stimuli","4_4","Congruent","Incongruent","Incongruent","Incongruent",107.99908,108.19908,"5%",1.134257,"Error","Correct","Correct","Correct"
"2",55,"5_6_stimuli","6_6","Congruent","Congruent","Incongruent","Incongruent",109.999064,110.19907,"6^",1.149424,"Correct","Error","Correct","Correct"
"2",56,"7_8_stimuli","8_8","Congruent","Congruent","Congruent","Incongruent",111.999043,112.199045,"8*",0.509585,"Correct","Correct","Error","Correct"
"2",57,"1_2_stimuli","2_1","Incongruent","Congruent","Congruent","Congruent",113.999034,114.199032,"1!",0.541342,"Correct","Correct","Correct","Error"
"2",58,"3_4_stimuli","3_3","Congruent","Incongruent","Congruent","Congruent",115.999011,116.199018,"3#",0.717657,"Correct","Correct","Correct","Correct"
"2",59,"5_6_stimuli","5_5","Congruent","Congruent","Incongruent","Congruent",117.999007,118.199001,"6^",0.74948,"Error","Correct","Correct","Correct"
"2",60,"7_8_stimuli","7_8","Incongruent","Congruent","Congruent","Incongruent",119.99898,120.198978,"8*",0.589772,"Correct","Error","Correct","Correct"
"2",61,"1_2_stimuli","1_2","Incongruent","Incongruent","Congruent","Congruent",121.998963,122.198957,"2@",0.797284,"Correct","Correct","Error","Correct"
"2",62,"3_4_stimuli","3_3","Congruent","Incongruent","Incongruent","Congruent",123.998944,124.19895,"3#",0.813683,"Correct","Correct","Correct","Error"
"2",63,"5_6_stimuli","6_5","Incongruent","Congruent","Incongruent","Incongruent",125.998935,126.198932,"5%",1.133307,"Correct","Correct","Correct","Correct"
"2",64,"7_8_stimuli","8_8","Congruent","Incongruent","Congruent","Incongruent",127.998915,128.198908,"8*",0.97351,"Correct","Correct","Correct","Correct"
"2",65,"1_2_stimuli","2_2","Congruent","Congruent","Incongruent","Congruent",129.998895,130.198891,"2@",0.685491,"Correct","Correct","Correct","Correct"
"2",66,"3_4_stimuli","3_4","Incongruent","Congruent","Congruent","Incongruent",131.998879,132.198874,"4$",0.893988,"Correct","Correct","Correct","Correct"
"2",67,"5_6_stimuli","5_5","Congruent","Incongruent","Congruent","Congruent",133.998865,134.198861,"5%",1.053835,"Correct","Correct","Correct","Correct"
"2",68,"7_8_stimuli","8_8","Congruent","Congruent","Incongruent","Congruent",135.998854,136.198841,"8*",0.701524,"Correct","Correct","Correct","Correct"
"3",1,"1_2_stimuli","1_2","Incongruent",NA,NA,NA,1.999985,2.199982,"2@",0.724319,"Correct",NA,NA,NA
"3",2,"3_4_stimuli","3_3","Congruent","Incongruent",NA,NA,3.999971,4.199973,"3#",1.011961,"Correct","Correct",NA,NA
"3",3,"5_6_stimuli","5_6","Incongruent","Congruent","Incongruent",NA,5.999961,6.199965,"6^",0.900348,"Correct","Correct","Correct",NA
"3",4,"7_8_stimuli","8_7","Incongruent","Incongruent","Congruent","Incongruent",7.999947,8.199936,"7&",1.284006,"Correct","Correct","Correct","Correct"
"3",5,"1_2_stimuli","2_1","Incongruent","Incongruent","Incongruent","Congruent",9.999919,10.199913,"1!",0.692129,"Correct","Correct","Correct","Correct"
"3",6,"3_4_stimuli","3_3","Congruent","Incongruent","Incongruent","Incongruent",11.999913,12.199906,"3#",0.979694,"Correct","Correct","Correct","Correct"
"3",7,"5_6_stimuli","5_6","Incongruent","Congruent","Incongruent","Incongruent",13.999899,14.199897,"6^",1.123657,"Correct","Correct","Correct","Correct"
"3",8,"7_8_stimuli","8_8","Congruent","Incongruent","Congruent","Incongruent",15.999877,16.199877,"8*",1.140173,"Correct","Correct","Correct","Correct"
"3",9,"1_2_stimuli","2_1","Incongruent","Congruent","Incongruent","Congruent",17.999853,18.199857,"1!",0.948787,"Correct","Correct","Correct","Correct"
"3",10,"3_4_stimuli","4_3","Incongruent","Incongruent","Congruent","Incongruent",19.999846,20.199834,"3#",1.460712,"Correct","Correct","Correct","Correct"
"3",11,"5_6_stimuli","5_6","Incongruent","Incongruent","Incongruent","Congruent",21.999824,22.199828,"6^",1.219781,"Correct","Correct","Correct","Correct"
"3",12,"7_8_stimuli","8_8","Congruent","Incongruent","Incongruent","Incongruent",23.999809,24.19981,"8*",1.316321,"Correct","Correct","Correct","Correct"
"3",13,"1_2_stimuli","1_1","Congruent","Congruent","Incongruent","Incongruent",25.99979,26.199787,"1!",0.852235,"Correct","Correct","Correct","Correct"
"3",14,"3_4_stimuli","3_4","Incongruent","Congruent","Congruent","Incongruent",27.999769,28.199768,"4$",1.124152,"Correct","Correct","Correct","Correct"
"3",15,"5_6_stimuli","6_6","Congruent","Incongruent","Congruent","Congruent",29.999762,30.199754,"6^",1.140403,"Correct","Correct","Correct","Correct"
"3",16,"7_8_stimuli","7_8","Incongruent","Congruent","Incongruent","Congruent",31.999747,32.199728,"8*",0.804031,"Correct","Correct","Correct","Correct"
"3",17,"1_2_stimuli","2_2","Congruent","Incongruent","Congruent","Incongruent",33.999721,34.199719,"2@",0.532649,"Correct","Correct","Correct","Correct"
"3",18,"3_4_stimuli","3_4","Incongruent","Congruent","Incongruent","Congruent",35.99972,36.199698,"4$",1.027882,"Correct","Correct","Correct","Correct"
"3",19,"5_6_stimuli","5_5","Congruent","Incongruent","Congruent","Incongruent",37.999684,38.199681,"5%",1.188071,"Correct","Correct","Correct","Correct"
"3",20,"7_8_stimuli","7_7","Congruent","Congruent","Incongruent","Congruent",39.999677,40.19966,"7&",1.092436,"Correct","Correct","Correct","Correct"
"3",21,"1_2_stimuli","1_2","Incongruent","Congruent","Congruent","Incongruent",41.99966,42.199643,"2@",0.692613,"Correct","Correct","Correct","Correct"
"3",22,"3_4_stimuli","4_4","Congruent","Incongruent","Congruent","Congruent",43.999646,44.199631,"4$",0.819897,"Correct","Correct","Correct","Correct"
"3",23,"5_6_stimuli","5_5","Congruent","Congruent","Incongruent","Congruent",45.999621,46.199639,"5%",0.659963,"Correct","Correct","Correct","Correct"
"3",24,"7_8_stimuli","8_7","Incongruent","Congruent","Congruent","Incongruent",47.99961,48.19961,"7&",0.772515,"Correct","Correct","Correct","Correct"
"3",25,"1_2_stimuli","1_2","Incongruent","Incongruent","Congruent","Congruent",49.999588,50.199581,"2@",0.516016,"Correct","Correct","Correct","Correct"
"3",26,"3_4_stimuli","4_3","Incongruent","Incongruent","Incongruent","Congruent",51.999571,52.199576,"4$",0.724527,"Error","Correct","Correct","Correct"
"3",27,"5_6_stimuli","5_6","Incongruent","Incongruent","Incongruent","Incongruent",53.999545,54.199547,"6^",1.188278,"Correct","Error","Correct","Correct"
"3",28,"7_8_stimuli","8_7","Incongruent","Incongruent","Incongruent","Incongruent",55.999539,56.199526,"7&",1.300213,"Correct","Correct","Error","Correct"
"3",29,"1_2_stimuli","2_1","Incongruent","Incongruent","Incongruent","Incongruent",57.999528,58.199515,"1!",0.916204,"Correct","Correct","Correct","Error"
"3",30,"3_4_stimuli","4_3","Incongruent","Incongruent","Incongruent","Incongruent",59.999498,60.199509,"3#",1.26859,"Correct","Correct","Correct","Correct"
"3",31,"5_6_stimuli","6_6","Congruent","Incongruent","Incongruent","Incongruent",61.999489,62.199476,"6^",1.380098,"Correct","Correct","Correct","Correct"
"3",32,"7_8_stimuli","7_8","Incongruent","Congruent","Incongruent","Incongruent",63.999459,64.199466,"8*",1.252096,"Correct","Correct","Correct","Correct"
"3",33,"1_2_stimuli","2_1","Incongruent","Incongruent","Congruent","Incongruent",65.99945,66.199448,"1!",0.644144,"Correct","Correct","Correct","Correct"
"3",34,"3_4_stimuli","4_4","Congruent","Incongruent","Incongruent","Congruent",67.999431,68.199431,"3#",1.252422,"Error","Correct","Correct","Correct"
"3",35,"5_6_stimuli","6_6","Congruent","Congruent","Incongruent","Incongruent",69.999418,70.199424,"7&",0.756474,"Error","Error","Correct","Correct"
"3",36,"7_8_stimuli","8_8","Congruent","Congruent","Congruent","Incongruent",71.999407,72.199391,"8*",0.596199,"Correct","Error","Error","Correct"
"3",37,"1_2_stimuli","1_1","Congruent","Congruent","Congruent","Congruent",73.999378,74.199377,"1!",0.900711,"Correct","Correct","Error","Error"
"3",38,"3_4_stimuli","3_3","Congruent","Congruent","Congruent","Congruent",75.999369,76.199372,"4$",0.852174,"Error","Correct","Correct","Error"
"3",39,"5_6_stimuli","5_5","Congruent","Congruent","Congruent","Congruent",77.999348,78.199351,"5%",1.092527,"Correct","Error","Correct","Correct"
"3",40,"7_8_stimuli","7_7","Congruent","Congruent","Congruent","Congruent",79.999326,80.199323,"7&",0.836538,"Correct","Correct","Error","Correct"
"3",41,"1_2_stimuli","1_2","Incongruent","Congruent","Congruent","Congruent",81.999317,82.199314,"2@",0.532626,"Correct","Correct","Correct","Error"
"3",42,"3_4_stimuli","3_4","Incongruent","Incongruent","Congruent","Congruent",83.999306,84.19929,"4$",1.060586,"Correct","Correct","Correct","Correct"
"3",43,"5_6_stimuli","5_5","Congruent","Incongruent","Incongruent","Congruent",85.999285,86.199271,"5%",0.596268,"Correct","Correct","Correct","Correct"
"3",44,"7_8_stimuli","7_7","Congruent","Congruent","Incongruent","Incongruent",87.999269,88.19926,"8*",1.348813,"Error","Correct","Correct","Correct"
"3",45,"1_2_stimuli","1_1","Congruent","Congruent","Congruent","Incongruent",89.999253,90.199244,"1!",0.516489,"Correct","Error","Correct","Correct"
"3",46,"3_4_stimuli","3_4","Incongruent","Congruent","Congruent","Congruent",91.999225,92.199226,"4$",1.044369,"Correct","Correct","Error","Correct"
"3",47,"5_6_stimuli","6_5","Incongruent","Incongruent","Congruent","Congruent",93.999226,94.199212,"5%",0.788557,"Correct","Correct","Correct","Error"
"3",48,"7_8_stimuli","8_8","Congruent","Incongruent","Incongruent","Congruent",95.999197,96.199188,"8*",0.596724,"Correct","Correct","Correct","Correct"
"3",49,"1_2_stimuli","1_2","Incongruent","Congruent","Incongruent","Incongruent",97.999183,98.199178,"2@",0.708347,"Correct","Correct","Correct","Correct"
"3",50,"3_4_stimuli","3_3","Congruent","Incongruent","Congruent","Incongruent",99.999156,100.199161,"3#",0.724428,"Correct","Correct","Correct","Correct"
"3",51,"5_6_stimuli","6_5","Incongruent","Congruent","Incongruent","Congruent",101.999147,102.199142,"5%",1.252847,"Correct","Correct","Correct","Correct"
"3",52,"7_8_stimuli","8_7","Incongruent","Incongruent","Congruent","Incongruent",103.999129,104.199123,"7&",0.756916,"Correct","Correct","Correct","Correct"
"3",53,"1_2_stimuli","2_2","Congruent","Incongruent","Incongruent","Congruent",105.99911,106.199107,"2@",0.708432,"Correct","Correct","Correct","Correct"
"3",54,"3_4_stimuli","4_3","Incongruent","Congruent","Incongruent","Incongruent",107.999096,108.199096,"3#",0.74109,"Correct","Correct","Correct","Correct"
"3",55,"5_6_stimuli","6_5","Incongruent","Incongruent","Congruent","Incongruent",109.999079,110.199076,"5%",0.708417,"Correct","Correct","Correct","Correct"
"3",56,"7_8_stimuli","8_7","Incongruent","Incongruent","Incongruent","Congruent",111.999061,112.199059,"7&",1.284708,"Correct","Correct","Correct","Correct"
"3",57,"1_2_stimuli","2_2","Congruent","Incongruent","Incongruent","Incongruent",113.999045,114.199041,"2@",0.820893,"Correct","Correct","Correct","Correct"
"3",58,"3_4_stimuli","3_3","Congruent","Congruent","Incongruent","Incongruent",115.999034,116.199024,"3#",1.300506,"Correct","Correct","Correct","Correct"
"3",59,"5_6_stimuli","6_6","Congruent","Congruent","Congruent","Incongruent",117.99901,118.199009,"6^",1.140516,"Correct","Correct","Correct","Correct"
"3",60,"7_8_stimuli","7_8","Incongruent","Congruent","Congruent","Congruent",119.998992,120.19899,"8*",0.644985,"Correct","Correct","Correct","Correct"
"3",61,"1_2_stimuli","1_1","Congruent","Incongruent","Congruent","Congruent",121.998979,122.198972,"1!",0.485068,"Correct","Correct","Correct","Correct"
"3",62,"3_4_stimuli","4_4","Congruent","Congruent","Incongruent","Congruent",123.99896,124.198959,"4$",0.964896,"Correct","Correct","Correct","Correct"
"3",63,"5_6_stimuli","6_5","Incongruent","Congruent","Congruent","Incongruent",125.998937,126.19894,"5%",0.916883,"Correct","Correct","Correct","Correct"
"3",64,"7_8_stimuli","7_7","Congruent","Incongruent","Congruent","Congruent",127.998921,128.198923,"7&",1.156605,"Correct","Correct","Correct","Correct"
"3",65,"1_2_stimuli","2_2","Congruent","Congruent","Incongruent","Congruent",129.998905,130.198907,"2@",0.628869,"Correct","Correct","Correct","Correct"
"3",66,"3_4_stimuli","4_4","Congruent","Congruent","Congruent","Incongruent",131.998888,132.198885,"4$",0.90101,"Correct","Correct","Correct","Correct"
"3",67,"5_6_stimuli","5_6","Incongruent","Congruent","Congruent","Congruent",133.998878,134.198871,"6^",0.821048,"Correct","Correct","Correct","Correct"
"3",68,"7_8_stimuli","7_8","Incongruent","Incongruent","Congruent","Congruent",135.998857,136.198862,"8*",0.661031,"Correct","Correct","Correct","Correct"
"4",1,"1_2_stimuli","1_1","Congruent",NA,NA,NA,1.99999,2.199972,"1!",0.57275,"Correct",NA,NA,NA
"4",2,"3_4_stimuli","3_3","Congruent","Congruent",NA,NA,3.999971,4.199973,"3#",1.197188,"Correct","Correct",NA,NA
"4",3,"5_6_stimuli","6_5","Incongruent","Congruent","Congruent",NA,5.99994,6.199948,"5%",1.35719,"Correct","Correct","Correct",NA
"4",4,"7_8_stimuli","7_7","Congruent","Incongruent","Congruent","Congruent",7.999932,8.199933,"7&",1.421251,"Correct","Correct","Correct","Correct"
"4",5,"1_2_stimuli","2_2","Congruent","Congruent","Incongruent","Congruent",9.999922,10.199916,"2@",0.685087,"Correct","Correct","Correct","Correct"
"4",6,"3_4_stimuli","4_3","Incongruent","Congruent","Congruent","Incongruent",11.999903,12.199893,"3#",1.18148,"Correct","Correct","Correct","Correct"
"4",7,"5_6_stimuli","5_5","Congruent","Incongruent","Congruent","Congruent",13.999881,14.19988,"5%",1.212838,"Correct","Correct","Correct","Correct"
"4",8,"7_8_stimuli","7_8","Incongruent","Congruent","Incongruent","Congruent",15.999874,16.199867,"8*",0.669519,"Correct","Correct","Correct","Correct"
"4",9,"1_2_stimuli","2_1","Incongruent","Incongruent","Congruent","Incongruent",17.999847,18.199846,"1!",0.524851,"Correct","Correct","Correct","Correct"
"4",10,"3_4_stimuli","3_3","Congruent","Incongruent","Incongruent","Congruent",19.999832,20.199821,"3#",1.117569,"Correct","Correct","Correct","Correct"
"4",11,"5_6_stimuli","6_5","Incongruent","Congruent","Incongruent","Incongruent",21.999822,22.199817,"5%",0.813516,"Correct","Correct","Correct","Correct"
"4",12,"7_8_stimuli","7_8","Incongruent","Incongruent","Congruent","Incongruent",23.999809,24.199795,"8*",0.701275,"Correct","Correct","Correct","Correct"
"4",13,"1_2_stimuli","1_2","Incongruent","Incongruent","Incongruent","Congruent",25.999792,26.199778,"2@",0.652939,"Correct","Correct","Correct","Correct"
"4",14,"3_4_stimuli","4_3","Incongruent","Incongruent","Incongruent","Incongruent",27.999763,28.199774,"3#",1.260896,"Correct","Correct","Correct","Correct"
"4",15,"5_6_stimuli","6_5","Incongruent","Incongruent","Incongruent","Incongruent",29.999749,30.199747,"5%",0.860958,"Correct","Correct","Correct","Correct"
"4",16,"7_8_stimuli","8_7","Incongruent","Incongruent","Incongruent","Incongruent",31.99973,32.19973,"7&",0.63696,"Correct","Correct","Correct","Correct"
"4",17,"1_2_stimuli","1_1","Congruent","Incongruent","Incongruent","Incongruent",33.999718,34.199721,"1!",0.589487,"Correct","Correct","Correct","Correct"
"4",18,"3_4_stimuli","4_4","Congruent","Congruent","Incongruent","Incongruent",35.9997,36.19969,"4$",1.117382,"Correct","Correct","Correct","Correct"
"4",19,"5_6_stimuli","6_6","Congruent","Congruent","Congruent","Incongruent",37.999683,38.199687,"6^",1.165052,"Correct","Correct","Correct","Correct"
"4",20,"7_8_stimuli","8_8","Congruent","Congruent","Congruent","Congruent",39.999671,40.199665,"8*",0.701477,"Correct","Correct","Correct","Correct"
"4",21,"1_2_stimuli","1_2","Incongruent","Congruent","Congruent","Congruent",41.999653,42.199642,"2@",0.637049,"Correct","Correct","Correct","Correct"
"4",22,"3_4_stimuli","4_4","Congruent","Incongruent","Congruent","Congruent",43.999632,44.199631,"4$",0.781049,"Correct","Correct","Correct","Correct"
"4",23,"5_6_stimuli","5_6","Incongruent","Congruent","Incongruent","Congruent",45.999618,46.199613,"6^",0.829507,"Correct","Correct","Correct","Correct"
"4",24,"7_8_stimuli","7_7","Congruent","Incongruent","Congruent","Incongruent",47.999592,48.199586,"7&",0.573604,"Correct","Correct","Correct","Correct"
"4",25,"1_2_stimuli","1_2","Incongruent","Congruent","Incongruent","Congruent",49.99958,50.199578,"2@",0.509119,"Correct","Correct","Correct","Correct"
"4",26,"3_4_stimuli","3_4","Incongruent","Incongruent","Congruent","Incongruent",51.999572,52.199556,"4$",0.957689,"Correct","Correct","Correct","Correct"
"4",27,"5_6_stimuli","5_5","Congruent","Incongruent","Incongruent","Congruent",53.999551,54.199539,"5%",0.877189,"Correct","Correct","Correct","Correct"
"4",28,"7_8_stimuli","8_8","Congruent","Congruent","Incongruent","Incongruent",55.999531,56.199532,"7&",0.509519,"Error","Correct","Correct","Correct"
"4",29,"1_2_stimuli","2_1","Incongruent","Congruent","Congruent","Incongruent",57.999505,58.199497,"1!",0.605416,"Correct","Error","Correct","Correct"
"4",30,"3_4_stimuli","4_3","Incongruent","Incongruent","Congruent","Congruent",59.999506,60.199494,"3#",1.341966,"Correct","Correct","Error","Correct"
"4",31,"5_6_stimuli","6_5","Incongruent","Incongruent","Incongruent","Congruent",61.99948,62.199482,"5%",0.925944,"Correct","Correct","Correct","Error"
"4",32,"7_8_stimuli","7_7","Congruent","Incongruent","Incongruent","Incongruent",63.999472,64.199462,"7&",0.861499,"Correct","Correct","Correct","Correct"
"4",33,"1_2_stimuli","2_2","Congruent","Congruent","Incongruent","Incongruent",65.99944,66.199443,"2@",0.765686,"Correct","Correct","Correct","Correct"
"4",34,"3_4_stimuli","4_4","Congruent","Congruent","Congruent","Incongruent",67.999431,68.199437,"4$",0.877317,"Correct","Correct","Correct","Correct"
"4",35,"5_6_stimuli","5_6","Incongruent","Congruent","Congruent","Congruent",69.999409,70.199402,"6^",0.909918,"Correct","Correct","Correct","Correct"
"4",36,"7_8_stimuli","7_8","Incongruent","Incongruent","Congruent","Congruent",71.999397,72.19939,"8*",0.605264,"Correct","Correct","Correct","Correct"
"4",37,"1_2_stimuli","1_1","Congruent","Incongruent","Incongruent","Congruent",73.999389,74.199378,"1!",0.541629,"Correct","Correct","Correct","Correct"
"4",38,"3_4_stimuli","3_4","Incongruent","Congruent","Incongruent","Incongruent",75.999363,76.199361,"4$",0.941863,"Correct","Correct","Correct","Correct"
"4",39,"5_6_stimuli","5_6","Incongruent","Incongruent","Congruent","Incongruent",77.999356,78.199338,"6^",0.717345,"Correct","Correct","Correct","Correct"
"4",40,"7_8_stimuli","7_7","Congruent","Incongruent","Incongruent","Congruent",79.999328,80.19933,"7&",0.701641,"Correct","Correct","Correct","Correct"
"4",41,"1_2_stimuli","2_1","Incongruent","Congruent","Incongruent","Incongruent",81.999303,82.19932,"1!",0.589334,"Correct","Correct","Correct","Correct"
"4",42,"3_4_stimuli","3_3","Congruent","Incongruent","Congruent","Incongruent",83.999297,84.199293,"3#",1.325442,"Correct","Correct","Correct","Correct"
"4",43,"5_6_stimuli","6_6","Congruent","Congruent","Incongruent","Congruent",85.999294,86.199278,"6^",1.245662,"Correct","Correct","Correct","Correct"
"4",44,"7_8_stimuli","7_7","Congruent","Congruent","Congruent","Incongruent",87.999254,88.199266,"7&",1.037993,"Correct","Correct","Correct","Correct"
"4",45,"1_2_stimuli","2_2","Congruent","Congruent","Congruent","Congruent",89.999239,90.199234,"2@",0.765407,"Correct","Correct","Correct","Correct"
"4",46,"3_4_stimuli","3_3","Congruent","Congruent","Congruent","Congruent",91.999228,92.199231,"3#",0.877456,"Correct","Correct","Correct","Correct"
"4",47,"5_6_stimuli","5_5","Congruent","Congruent","Congruent","Congruent",93.99921,94.199201,"5%",1.022004,"Correct","Correct","Correct","Correct"
"4",48,"7_8_stimuli","8_7","Incongruent","Congruent","Congruent","Congruent",95.999196,96.199185,"7&",0.49403,"Correct","Correct","Correct","Correct"
"4",49,"1_2_stimuli","2_2","Congruent","Incongruent","Congruent","Congruent",97.99917,98.199167,"2@",0.509834,"Correct","Correct","Correct","Correct"
"4",50,"3_4_stimuli","4_3","Incongruent","Congruent","Incongruent","Congruent",99.999152,100.19915,"3#",0.814023,"Correct","Correct","Correct","Correct"
"4",51,"5_6_stimuli","6_6","Congruent","Incongruent","Congruent","Incongruent",101.999138,102.199146,"6^",0.621625,"Correct","Correct","Correct","Correct"
"4",52,"7_8_stimuli","8_8","Congruent","Congruent","Incongruent","Congruent",103.999121,104.19912,"8*",0.541585,"Correct","Correct","Correct","Correct"
"4",53,"1_2_stimuli","1_1","Congruent","Congruent","Congruent","Incongruent",105.999109,106.19911,"1!",0.60558,"Correct","Correct","Correct","Correct"
"4",54,"3_4_stimuli","3_4","Incongruent","Congruent","Congruent","Congruent",107.999103,108.199084,"4$",1.037849,"Correct","Correct","Correct","Correct"
"4",55,"5_6_stimuli","6_5","Incongruent","Incongruent","Congruent","Congruent",109.999073,110.199078,"Omission",5000,"Omission","Correct","Correct","Correct"
"4",56,"7_8_stimuli","8_7","Incongruent","Incongruent","Incongruent","Congruent",111.999056,112.199059,"Omission",5000,"Omission","Omission","Correct","Correct"
"4",57,"1_2_stimuli","1_2","Incongruent","Incongruent","Incongruent","Incongruent",113.999036,114.199042,"2@",0.621796,"Correct","Omission","Omission","Correct"
"4",58,"3_4_stimuli","3_3","Congruent","Incongruent","Incongruent","Incongruent",115.999019,116.199018,"3#",1.261958,"Correct","Correct","Omission","Omission"
"4",59,"5_6_stimuli","6_6","Congruent","Congruent","Incongruent","Incongruent",117.999012,118.199003,"6^",1.486981,"Correct","Correct","Correct","Omission"
"4",60,"7_8_stimuli","8_7","Incongruent","Congruent","Congruent","Incongruent",119.998996,120.198988,"7&",1.102228,"Correct","Correct","Correct","Correct"
"4",61,"1_2_stimuli","2_1","Incongruent","Incongruent","Congruent","Congruent",121.998975,122.198971,"1!",0.653836,"Correct","Correct","Correct","Correct"
"4",62,"3_4_stimuli","3_4","Incongruent","Incongruent","Incongruent","Congruent",123.998951,124.198949,"4$",1.229889,"Correct","Correct","Correct","Correct"
"4",63,"5_6_stimuli","5_5","Congruent","Incongruent","Incongruent","Incongruent",125.998947,126.198936,"5%",1.19825,"Correct","Correct","Correct","Correct"
"4",64,"7_8_stimuli","7_8","Incongruent","Congruent","Incongruent","Incongruent",127.998926,128.198923,"8*",1.26235,"Correct","Correct","Correct","Correct"
"4",65,"1_2_stimuli","1_1","Congruent","Incongruent","Congruent","Incongruent",129.998901,130.19891,"1!",0.622013,"Correct","Correct","Correct","Correct"
"4",66,"3_4_stimuli","4_4","Congruent","Congruent","Incongruent","Congruent",131.998891,132.198889,"5%",1.21429,"Error","Correct","Correct","Correct"
"4",67,"5_6_stimuli","5_6","Incongruent","Congruent","Congruent","Incongruent",133.998877,134.198873,"7&",0.734177,"Error","Error","Correct","Correct"
"4",68,"7_8_stimuli","8_8","Congruent","Incongruent","Congruent","Congruent",135.998852,136.19885,"8*",0.685847,"Correct","Error","Error","Correct"
"5",1,"1_2_stimuli","1_2","Incongruent",NA,NA,NA,1.999986,2.199983,"2@",0.728188,"Correct",NA,NA,NA
"5",2,"3_4_stimuli","4_4","Congruent","Incongruent",NA,NA,3.999975,4.19997,"4$",0.936275,"Correct","Correct",NA,NA
"5",3,"5_6_stimuli","5_5","Congruent","Congruent","Incongruent",NA,5.999952,6.199959,"5%",0.647872,"Correct","Correct","Correct",NA
"5",4,"7_8_stimuli","8_7","Incongruent","Congruent","Congruent","Incongruent",7.999943,8.199946,"7&",0.6006,"Correct","Correct","Correct","Correct"
"5",5,"1_2_stimuli","1_1","Congruent","Incongruent","Congruent","Congruent",9.999916,10.199923,"1!",0.616453,"Correct","Correct","Correct","Correct"
"5",6,"3_4_stimuli","3_4","Incongruent","Congruent","Incongruent","Congruent",11.999908,12.199903,"4$",0.903939,"Correct","Correct","Correct","Correct"
"5",7,"5_6_stimuli","6_6","Congruent","Incongruent","Congruent","Incongruent",13.999888,14.199897,"7&",1.063942,"Error","Correct","Correct","Correct"
"5",8,"7_8_stimuli","8_7","Incongruent","Congruent","Incongruent","Congruent",15.999872,16.199876,"7&",0.551906,"Correct","Error","Correct","Correct"
"5",9,"1_2_stimuli","2_1","Incongruent","Incongruent","Congruent","Incongruent",17.999862,18.199851,"1!",0.552341,"Correct","Correct","Error","Correct"
"5",10,"3_4_stimuli","4_3","Incongruent","Incongruent","Incongruent","Congruent",19.999844,20.199847,"3#",1.048642,"Correct","Correct","Correct","Error"
"5",11,"5_6_stimuli","5_6","Incongruent","Incongruent","Incongruent","Incongruent",21.999826,22.199817,"6^",1.160402,"Correct","Correct","Correct","Correct"
"5",12,"7_8_stimuli","7_7","Congruent","Incongruent","Incongruent","Incongruent",23.99981,24.199802,"7&",0.680387,"Correct","Correct","Correct","Correct"
"5",13,"1_2_stimuli","1_2","Incongruent","Congruent","Incongruent","Incongruent",25.999793,26.199784,"2@",0.537247,"Correct","Correct","Correct","Correct"
"5",14,"3_4_stimuli","4_4","Congruent","Incongruent","Congruent","Incongruent",27.999771,28.199771,"4$",0.42411,"Correct","Correct","Correct","Correct"
"5",15,"5_6_stimuli","6_5","Incongruent","Congruent","Incongruent","Congruent",29.999759,30.199752,"5%",0.584082,"Correct","Correct","Correct","Correct"
"5",16,"7_8_stimuli","7_7","Congruent","Incongruent","Congruent","Incongruent",31.999736,32.199745,"8*",0.60009,"Error","Correct","Correct","Correct"
"5",17,"1_2_stimuli","1_1","Congruent","Congruent","Incongruent","Congruent",33.999726,34.199719,"1!",0.584132,"Correct","Error","Correct","Correct"
"5",18,"3_4_stimuli","4_4","Congruent","Congruent","Congruent","Incongruent",35.999713,36.199711,"4$",0.984643,"Correct","Correct","Error","Correct"
"5",19,"5_6_stimuli","5_5","Congruent","Congruent","Congruent","Congruent",37.999692,38.199684,"5%",0.696125,"Correct","Correct","Correct","Error"
"5",20,"7_8_stimuli","8_8","Congruent","Congruent","Congruent","Congruent",39.999675,40.199672,"8*",0.600068,"Correct","Correct","Correct","Correct"
"5",21,"1_2_stimuli","2_2","Congruent","Congruent","Congruent","Congruent",41.999648,42.199654,"2@",0.632744,"Correct","Correct","Correct","Correct"
"5",22,"3_4_stimuli","3_4","Incongruent","Congruent","Congruent","Congruent",43.999644,44.199638,"4$",1.096213,"Correct","Correct","Correct","Correct"
"5",23,"5_6_stimuli","5_5","Congruent","Incongruent","Congruent","Congruent",45.99962,46.199617,"5%",0.664241,"Correct","Correct","Correct","Correct"
"5",24,"7_8_stimuli","7_7","Congruent","Congruent","Incongruent","Congruent",47.999614,48.199605,"Omission",5000,"Omission","Correct","Correct","Correct"
"5",25,"1_2_stimuli","2_1","Incongruent","Congruent","Congruent","Incongruent",49.999584,50.199577,"1!",0.760865,"Correct","Omission","Correct","Correct"
"5",26,"3_4_stimuli","4_4","Congruent","Incongruent","Congruent","Congruent",51.999568,52.199567,"Omission",5000,"Omission","Correct","Omission","Correct"
"5",27,"5_6_stimuli","6_6","Congruent","Congruent","Incongruent","Congruent",53.999554,54.199559,"5%",0.792522,"Error","Omission","Correct","Omission"
"5",28,"7_8_stimuli","8_8","Congruent","Congruent","Congruent","Incongruent",55.999539,56.199538,"8*",0.648554,"Correct","Error","Omission","Correct"
"5",29,"1_2_stimuli","2_1","Incongruent","Congruent","Congruent","Congruent",57.999519,58.199515,"1!",0.536757,"Correct","Correct","Error","Omission"
"5",30,"3_4_stimuli","3_4","Incongruent","Incongruent","Congruent","Congruent",59.999512,60.199505,"4$",0.904502,"Correct","Correct","Correct","Error"
"5",31,"5_6_stimuli","5_5","Congruent","Incongruent","Incongruent","Congruent",61.999488,62.199489,"5%",0.856696,"Correct","Correct","Correct","Correct"
"5",32,"7_8_stimuli","8_8","Congruent","Congruent","Incongruent","Incongruent",63.999477,64.199466,"8*",0.584887,"Correct","Correct","Correct","Correct"
"5",33,"1_2_stimuli","2_2","Congruent","Congruent","Congruent","Incongruent",65.99946,66.199456,"2@",0.600839,"Correct","Correct","Correct","Correct"
"5",34,"3_4_stimuli","3_3","Congruent","Congruent","Congruent","Congruent",67.999446,68.199431,"3#",1.112645,"Correct","Correct","Correct","Correct"
"5",35,"5_6_stimuli","6_5","Incongruent","Congruent","Congruent","Congruent",69.999419,70.199415,"5%",0.760404,"Correct","Correct","Correct","Correct"
"5",36,"7_8_stimuli","7_8","Incongruent","Incongruent","Congruent","Congruent",71.999405,72.199401,"8*",0.664704,"Correct","Correct","Correct","Correct"
"5",37,"1_2_stimuli","1_1","Congruent","Incongruent","Incongruent","Congruent",73.999393,74.199393,"1!",0.504959,"Correct","Correct","Correct","Correct"
"5",38,"3_4_stimuli","4_3","Incongruent","Congruent","Incongruent","Incongruent",75.999366,76.199367,"3#",0.74479,"Correct","Correct","Correct","Correct"
"5",39,"5_6_stimuli","5_6","Incongruent","Incongruent","Congruent","Incongruent",77.999358,78.199349,"7&",1.016862,"Error","Correct","Correct","Correct"
"5",40,"7_8_stimuli","8_8","Congruent","Incongruent","Incongruent","Congruent",79.999337,80.199335,"8*",0.600817,"Correct","Error","Correct","Correct"
"5",41,"1_2_stimuli","1_1","Congruent","Congruent","Incongruent","Incongruent",81.999314,82.199319,"1!",0.520833,"Correct","Correct","Error","Correct"
"5",42,"3_4_stimuli","3_4","Incongruent","Congruent","Congruent","Incongruent",83.999302,84.199302,"Omission",5000,"Omission","Correct","Correct","Error"
"5",43,"5_6_stimuli","6_5","Incongruent","Incongruent","Congruent","Congruent",85.999283,86.199278,"Omission",5000,"Omission","Omission","Correct","Correct"
"5",44,"7_8_stimuli","8_7","Incongruent","Incongruent","Incongruent","Congruent",87.999267,88.199268,"7&",0.744538,"Correct","Omission","Omission","Correct"
"5",45,"1_2_stimuli","1_2","Incongruent","Incongruent","Incongruent","Incongruent",89.99925,90.199249,"2@",0.648944,"Correct","Correct","Omission","Omission"
"5",46,"3_4_stimuli","4_3","Incongruent","Incongruent","Incongruent","Incongruent",91.999236,92.199227,"3#",0.664882,"Correct","Correct","Correct","Omission"
"5",47,"5_6_stimuli","6_6","Congruent","Incongruent","Incongruent","Incongruent",93.999227,94.199222,"7&",1.35299,"Error","Correct","Correct","Correct"
"5",48,"7_8_stimuli","8_7","Incongruent","Congruent","Incongruent","Incongruent",95.999195,96.199199,"Omission",5000,"Omission","Error","Correct","Correct"
"5",49,"1_2_stimuli","2_2","Congruent","Incongruent","Congruent","Incongruent",97.999183,98.19918,"Omission",5000,"Omission","Omission","Error","Correct"
"5",50,"3_4_stimuli","3_3","Congruent","Congruent","Incongruent","Congruent",99.999174,100.199166,"3#",0.824917,"Correct","Omission","Omission","Error"
"5",51,"5_6_stimuli","6_5","Incongruent","Congruent","Congruent","Incongruent",101.999151,102.199145,"6^",0.873293,"Error","Correct","Omission","Omission"
"5",52,"7_8_stimuli","7_7","Congruent","Incongruent","Congruent","Congruent",103.99914,104.199126,"7&",1.177196,"Correct","Error","Correct","Omission"
"5",53,"1_2_stimuli","1_2","Incongruent","Congruent","Incongruent","Congruent",105.999114,106.199109,"2@",0.633137,"Correct","Correct","Error","Correct"
"5",54,"3_4_stimuli","4_3","Incongruent","Incongruent","Congruent","Incongruent",107.999097,108.199098,"4$",0.792706,"Error","Correct","Correct","Error"
"5",55,"5_6_stimuli","5_6","Incongruent","Incongruent","Incongruent","Congruent",109.999072,110.199078,"6^",1.129136,"Correct","Error","Correct","Correct"
"5",56,"7_8_stimuli","8_7","Incongruent","Incongruent","Incongruent","Incongruent",111.999067,112.199073,"7&",0.664745,"Correct","Correct","Error","Correct"
"5",57,"1_2_stimuli","2_2","Congruent","Incongruent","Incongruent","Incongruent",113.999044,114.199046,"2@",0.520702,"Correct","Correct","Correct","Error"
"5",58,"3_4_stimuli","3_3","Congruent","Congruent","Incongruent","Incongruent",115.999034,116.199033,"3#",0.60154,"Correct","Correct","Correct","Correct"
"5",59,"5_6_stimuli","6_6","Congruent","Congruent","Congruent","Incongruent",117.999011,118.199022,"6^",0.681139,"Correct","Correct","Correct","Correct"
"5",60,"7_8_stimuli","7_8","Incongruent","Congruent","Congruent","Congruent",119.998996,120.198999,"8*",0.777221,"Correct","Correct","Correct","Correct"
"5",61,"1_2_stimuli","2_1","Incongruent","Incongruent","Congruent","Congruent",121.998987,122.19898,"1!",0.5688,"Correct","Correct","Correct","Correct"
"5",62,"3_4_stimuli","4_4","Congruent","Incongruent","Incongruent","Congruent",123.998959,124.198962,"3#",0.585252,"Error","Correct","Correct","Correct"
"5",63,"5_6_stimuli","5_6","Incongruent","Congruent","Incongruent","Incongruent",125.998946,126.198947,"6^",0.728852,"Correct","Error","Correct","Correct"
"5",64,"7_8_stimuli","7_8","Incongruent","Incongruent","Congruent","Incongruent",127.998935,128.198929,"8*",0.617349,"Correct","Correct","Error","Correct"
"5",65,"1_2_stimuli","1_2","Incongruent","Incongruent","Incongruent","Congruent",129.998915,130.198918,"2@",0.857441,"Correct","Correct","Correct","Error"
"5",66,"3_4_stimuli","3_3","Congruent","Incongruent","Incongruent","Incongruent",131.998906,132.198899,"3#",0.616975,"Correct","Correct","Correct","Correct"
"5",67,"5_6_stimuli","5_5","Congruent","Congruent","Incongruent","Incongruent",133.998878,134.198879,"6^",1.481099,"Error","Correct","Correct","Correct"
"5",68,"7_8_stimuli","7_8","Incongruent","Congruent","Congruent","Incongruent",135.998859,136.198869,"Omission",5000,"Omission","Error","Correct","Correct"
"6",1,"1_2_stimuli","2_1","Incongruent",NA,NA,NA,1.999986,2.199985,"Omission",5000,"Omission",NA,NA,NA
"6",2,"3_4_stimuli","4_3","Incongruent","Incongruent",NA,NA,3.999976,4.199974,"3#",0.928538,"Correct","Omission",NA,NA
"6",3,"5_6_stimuli","5_5","Congruent","Incongruent","Incongruent",NA,5.99996,6.199954,"5%",0.832533,"Correct","Correct","Omission",NA
"6",4,"7_8_stimuli","7_7","Congruent","Congruent","Incongruent","Incongruent",7.999935,8.199942,"7&",1.072647,"Correct","Correct","Correct","Omission"
"6",5,"1_2_stimuli","2_1","Incongruent","Congruent","Congruent","Incongruent",9.999926,10.199921,"1!",0.89698,"Correct","Correct","Correct","Correct"
"6",6,"3_4_stimuli","4_3","Incongruent","Incongruent","Congruent","Congruent",11.999898,12.199882,"3#",0.896476,"Correct","Correct","Correct","Correct"
"6",7,"5_6_stimuli","5_5","Congruent","Incongruent","Incongruent","Congruent",13.99989,14.19988,"5%",0.752543,"Correct","Correct","Correct","Correct"
"6",8,"7_8_stimuli","7_8","Incongruent","Congruent","Incongruent","Incongruent",15.999867,16.199876,"8*",0.848759,"Correct","Correct","Correct","Correct"
"6",9,"1_2_stimuli","2_1","Incongruent","Incongruent","Congruent","Incongruent",17.999859,18.199859,"1!",0.897097,"Correct","Correct","Correct","Correct"
"6",10,"3_4_stimuli","4_4","Congruent","Incongruent","Incongruent","Congruent",19.999839,20.199847,"4$",1.136563,"Correct","Correct","Correct","Correct"
"6",11,"5_6_stimuli","5_6","Incongruent","Congruent","Incongruent","Incongruent",21.999827,22.199817,"6^",0.976563,"Correct","Correct","Correct","Correct"
"6",12,"7_8_stimuli","8_7","Incongruent","Incongruent","Congruent","Incongruent",23.999806,24.199811,"7&",1.02531,"Correct","Correct","Correct","Correct"
"6",13,"1_2_stimuli","1_2","Incongruent","Incongruent","Incongruent","Congruent",25.999788,26.199781,"2@",0.753049,"Correct","Correct","Correct","Correct"
"6",14,"3_4_stimuli","3_4","Incongruent","Incongruent","Incongruent","Incongruent",27.999779,28.199772,"4$",1.249181,"Correct","Correct","Correct","Correct"
"6",15,"5_6_stimuli","5_5","Congruent","Incongruent","Incongruent","Incongruent",29.999756,30.199745,"5%",0.896971,"Correct","Correct","Correct","Correct"
"6",16,"7_8_stimuli","7_7","Congruent","Congruent","Incongruent","Incongruent",31.999738,32.19974,"7&",1.392627,"Correct","Correct","Correct","Correct"
"6",17,"1_2_stimuli","2_2","Congruent","Congruent","Congruent","Incongruent",33.999729,34.199718,"2@",0.657262,"Correct","Correct","Correct","Correct"
"6",18,"3_4_stimuli","4_3","Incongruent","Congruent","Congruent","Congruent",35.999704,36.199702,"3#",1.409244,"Correct","Correct","Correct","Correct"
"6",19,"5_6_stimuli","6_6","Congruent","Incongruent","Congruent","Congruent",37.999696,38.19968,"6^",0.75309,"Correct","Correct","Correct","Correct"
"6",20,"7_8_stimuli","7_8","Incongruent","Congruent","Incongruent","Congruent",39.999674,40.19967,"7&",0.896677,"Error","Correct","Correct","Correct"
"6",21,"1_2_stimuli","2_2","Congruent","Incongruent","Congruent","Incongruent",41.999665,42.19966,"2@",0.560886,"Correct","Error","Correct","Correct"
"6",22,"3_4_stimuli","4_4","Congruent","Congruent","Incongruent","Congruent",43.999638,44.199639,"4$",0.976749,"Correct","Correct","Error","Correct"
"6",23,"5_6_stimuli","6_6","Congruent","Congruent","Congruent","Incongruent",45.999618,46.199618,"6^",0.816785,"Correct","Correct","Correct","Error"
"6",24,"7_8_stimuli","8_8","Congruent","Congruent","Congruent","Congruent",47.99961,48.199606,"8*",0.593484,"Correct","Correct","Correct","Correct"
"6",25,"1_2_stimuli","2_1","Incongruent","Congruent","Congruent","Congruent",49.999584,50.19959,"2@",0.497135,"Error","Correct","Correct","Correct"
"6",26,"3_4_stimuli","3_3","Congruent","Incongruent","Congruent","Congruent",51.999568,52.199564,"3#",0.672829,"Correct","Error","Correct","Correct"
"6",27,"5_6_stimuli","6_5","Incongruent","Congruent","Incongruent","Congruent",53.99955,54.199557,"5%",1.169162,"Correct","Correct","Error","Correct"
"6",28,"7_8_stimuli","8_8","Congruent","Incongruent","Congruent","Incongruent",55.999543,56.199544,"7&",0.624816,"Error","Correct","Correct","Error"
"6",29,"1_2_stimuli","1_2","Incongruent","Congruent","Incongruent","Congruent",57.999524,58.199512,"2@",0.62549,"Correct","Error","Correct","Correct"
"6",30,"3_4_stimuli","3_4","Incongruent","Incongruent","Congruent","Incongruent",59.9995,60.199512,"4$",1.057307,"Correct","Correct","Error","Correct"
"6",31,"5_6_stimuli","5_6","Incongruent","Incongruent","Incongruent","Congruent",61.999488,62.199496,"6^",1.089093,"Correct","Correct","Correct","Error"
"6",32,"7_8_stimuli","7_7","Congruent","Incongruent","Incongruent","Incongruent",63.999472,64.19947,"7&",0.769546,"Correct","Correct","Correct","Correct"
"6",33,"1_2_stimuli","1_1","Congruent","Congruent","Incongruent","Incongruent",65.999458,66.19946,"1!",0.592914,"Correct","Correct","Correct","Correct"
"6",34,"3_4_stimuli","4_4","Congruent","Congruent","Congruent","Incongruent",67.999432,68.199444,"4$",1.009322,"Correct","Correct","Correct","Correct"
"6",35,"5_6_stimuli","5_6","Incongruent","Congruent","Congruent","Congruent",69.999422,70.199422,"6^",0.913639,"Correct","Correct","Correct","Correct"
"6",36,"7_8_stimuli","7_8","Incongruent","Incongruent","Congruent","Congruent",71.999404,72.199412,"8*",1.457325,"Correct","Correct","Correct","Correct"
"6",37,"1_2_stimuli","1_1","Congruent","Incongruent","Incongruent","Congruent",73.999386,74.199384,"1!",0.529042,"Correct","Correct","Correct","Correct"
"6",38,"3_4_stimuli","4_3","Incongruent","Congruent","Incongruent","Incongruent",75.99937,76.199368,"3#",1.153482,"Correct","Correct","Correct","Correct"
"6",39,"5_6_stimuli","6_5","Incongruent","Incongruent","Congruent","Incongruent",77.999357,78.199357,"5%",0.801072,"Correct","Correct","Correct","Correct"
"6",40,"7_8_stimuli","8_7","Incongruent","Incongruent","Incongruent","Congruent",79.999334,80.19934,"7&",0.753482,"Correct","Correct","Correct","Correct"
"6",41,"1_2_stimuli","1_2","Incongruent","Incongruent","Incongruent","Incongruent",81.999328,82.199315,"2@",0.657301,"Correct","Correct","Correct","Correct"
"6",42,"3_4_stimuli","3_3","Congruent","Incongruent","Incongruent","Incongruent",83.999308,84.199301,"3#",0.737235,"Correct","Correct","Correct","Correct"
"6",43,"5_6_stimuli","6_6","Congruent","Congruent","Incongruent","Incongruent",85.999291,86.19929,"7&",0.929767,"Error","Correct","Correct","Correct"
"6",44,"7_8_stimuli","7_7","Congruent","Congruent","Congruent","Incongruent",87.999264,88.199273,"7&",0.593192,"Correct","Error","Correct","Correct"
"6",45,"1_2_stimuli","2_2","Congruent","Congruent","Congruent","Congruent",89.999264,90.199267,"2@",0.833472,"Correct","Correct","Error","Correct"
"6",46,"3_4_stimuli","3_3","Congruent","Congruent","Congruent","Congruent",91.999231,92.199227,"3#",0.705549,"Correct","Correct","Correct","Error"
"6",47,"5_6_stimuli","5_5","Congruent","Congruent","Congruent","Congruent",93.999217,94.199219,"5%",0.977803,"Correct","Correct","Correct","Correct"
"6",48,"7_8_stimuli","8_7","Incongruent","Congruent","Congruent","Congruent",95.999208,96.19921,"7&",0.785099,"Correct","Correct","Correct","Correct"
"6",49,"1_2_stimuli","1_2","Incongruent","Incongruent","Congruent","Congruent",97.999185,98.199184,"2@",0.753827,"Correct","Correct","Correct","Correct"
"6",50,"3_4_stimuli","3_4","Incongruent","Incongruent","Incongruent","Congruent",99.999167,100.199164,"3#",1.265193,"Error","Correct","Correct","Correct"
"6",51,"5_6_stimuli","5_6","Incongruent","Incongruent","Incongruent","Incongruent",101.999146,102.199144,"6^",0.961572,"Correct","Error","Correct","Correct"
"6",52,"7_8_stimuli","7_8","Incongruent","Incongruent","Incongruent","Incongruent",103.999141,104.199139,"8*",0.817796,"Correct","Correct","Error","Correct"
"6",53,"1_2_stimuli","1_1","Congruent","Incongruent","Incongruent","Incongruent",105.999122,106.199118,"1!",0.562647,"Correct","Correct","Correct","Error"
"6",54,"3_4_stimuli","4_4","Congruent","Congruent","Incongruent","Incongruent",107.999101,108.199103,"4$",0.993969,"Correct","Correct","Correct","Correct"
"6",55,"5_6_stimuli","6_5","Incongruent","Congruent","Congruent","Incongruent",109.999085,110.199077,"5%",1.073685,"Correct","Correct","Correct","Correct"
"6",56,"7_8_stimuli","7_7","Congruent","Incongruent","Congruent","Congruent",111.999068,112.199063,"7&",0.961373,"Correct","Correct","Correct","Correct"
"6",57,"1_2_stimuli","1_1","Congruent","Congruent","Incongruent","Congruent",113.999052,114.19905,"1!",0.529729,"Correct","Correct","Correct","Correct"
"6",58,"3_4_stimuli","3_4","Incongruent","Congruent","Congruent","Incongruent",115.999069,116.199027,"4$",0.92994,"Correct","Correct","Correct","Correct"
"6",59,"5_6_stimuli","6_5","Incongruent","Incongruent","Congruent","Congruent",117.999026,118.199016,"5%",0.977732,"Correct","Correct","Correct","Correct"
"6",60,"7_8_stimuli","8_8","Congruent","Incongruent","Incongruent","Congruent",119.998984,120.198993,"7&",0.577373,"Error","Correct","Correct","Correct"
"6",61,"1_2_stimuli","2_1","Incongruent","Congruent","Incongruent","Incongruent",121.999007,122.198982,"1!",0.56235,"Correct","Error","Correct","Correct"
"6",62,"3_4_stimuli","3_3","Congruent","Incongruent","Congruent","Incongruent",123.998963,124.198968,"3#",0.833865,"Correct","Correct","Error","Correct"
"6",63,"5_6_stimuli","6_6","Congruent","Congruent","Incongruent","Congruent",125.998951,126.198944,"7&",0.817439,"Error","Correct","Correct","Error"
"6",64,"7_8_stimuli","8_7","Incongruent","Congruent","Congruent","Incongruent",127.998932,128.198928,"7&",0.561417,"Correct","Error","Correct","Correct"
"6",65,"1_2_stimuli","2_2","Congruent","Incongruent","Congruent","Congruent",129.998915,130.198917,"2@",0.833992,"Correct","Correct","Error","Correct"
"6",66,"3_4_stimuli","4_3","Incongruent","Congruent","Incongruent","Congruent",131.998899,132.198907,"6^",1.185505,"Error","Correct","Correct","Error"
"6",67,"5_6_stimuli","5_5","Congruent","Incongruent","Congruent","Incongruent",133.99888,134.198885,"5%",1.281903,"Correct","Error","Correct","Correct"
"6",68,"7_8_stimuli","8_8","Congruent","Congruent","Incongruent","Congruent",135.998875,136.198874,"8*",0.657931,"Correct","Correct","Error","Correct"
"7",1,"1_2_stimuli","1_2","Incongruent",NA,NA,NA,1.999993,2.19999,"2@",0.657929,"Correct",NA,NA,NA
"7",2,"3_4_stimuli","4_3","Incongruent","Incongruent",NA,NA,3.999974,4.19997,"3#",0.945581,"Correct","Correct",NA,NA
"7",3,"5_6_stimuli","5_6","Incongruent","Incongruent","Incongruent",NA,5.999964,6.19995,"6^",1.009986,"Correct","Correct","Correct",NA
"7",4,"7_8_stimuli","7_7","Congruent","Incongruent","Incongruent","Incongruent",7.999941,8.199942,"7&",0.657633,"Correct","Correct","Correct","Correct"
"7",5,"1_2_stimuli","1_1","Congruent","Congruent","Incongruent","Incongruent",9.999932,10.199929,"1!",0.52972,"Correct","Correct","Correct","Correct"
"7",6,"3_4_stimuli","4_4","Congruent","Congruent","Congruent","Incongruent",11.999916,12.199906,"5%",0.882062,"Error","Correct","Correct","Correct"
"7",7,"5_6_stimuli","5_5","Congruent","Congruent","Congruent","Congruent",13.999889,14.19991,"5%",0.513663,"Correct","Error","Correct","Correct"
"7",8,"7_8_stimuli","8_7","Incongruent","Congruent","Congruent","Congruent",15.999879,16.199878,"7&",0.898674,"Correct","Correct","Error","Correct"
"7",9,"1_2_stimuli","2_2","Congruent","Incongruent","Congruent","Congruent",17.999867,18.199859,"2@",0.610435,"Correct","Correct","Correct","Error"
"7",10,"3_4_stimuli","3_3","Congruent","Congruent","Incongruent","Congruent",19.999841,20.199845,"3#",0.978366,"Correct","Correct","Correct","Correct"
"7",11,"5_6_stimuli","6_5","Incongruent","Congruent","Congruent","Incongruent",21.999826,22.199821,"5%",0.866408,"Correct","Correct","Correct","Correct"
"7",12,"7_8_stimuli","7_7","Congruent","Incongruent","Congruent","Congruent",23.999811,24.199809,"7&",0.913702,"Correct","Correct","Correct","Correct"
"7",13,"1_2_stimuli","2_1","Incongruent","Congruent","Incongruent","Congruent",25.999793,26.199786,"1!",0.641669,"Correct","Correct","Correct","Correct"
"7",14,"3_4_stimuli","4_4","Congruent","Incongruent","Congruent","Incongruent",27.999783,28.199779,"4$",0.929661,"Correct","Correct","Correct","Correct"
"7",15,"5_6_stimuli","6_6","Congruent","Congruent","Incongruent","Congruent",29.999766,30.199756,"6^",1.042105,"Correct","Correct","Correct","Correct"
"7",16,"7_8_stimuli","8_7","Incongruent","Congruent","Congruent","Incongruent",31.999738,32.199735,"7&",0.690575,"Correct","Correct","Correct","Correct"
"7",17,"1_2_stimuli","1_2","Incongruent","Incongruent","Congruent","Congruent",33.999721,34.199724,"2@",0.610179,"Correct","Correct","Correct","Correct"
"7",18,"3_4_stimuli","3_4","Incongruent","Incongruent","Incongruent","Congruent",35.999707,36.199707,"4$",0.929967,"Correct","Correct","Correct","Correct"
"7",19,"5_6_stimuli","5_5","Congruent","Incongruent","Incongruent","Incongruent",37.999687,38.199683,"5%",0.89825,"Correct","Correct","Correct","Correct"
"7",20,"7_8_stimuli","8_8","Congruent","Congruent","Incongruent","Incongruent",39.999683,40.199672,"7&",0.706377,"Error","Correct","Correct","Correct"
"7",21,"1_2_stimuli","2_2","Congruent","Congruent","Congruent","Incongruent",41.999658,42.199647,"2@",0.529784,"Correct","Error","Correct","Correct"
"7",22,"3_4_stimuli","4_4","Congruent","Congruent","Congruent","Congruent",43.999637,44.199644,"4$",0.961844,"Correct","Correct","Error","Correct"
"7",23,"5_6_stimuli","5_6","Incongruent","Congruent","Congruent","Congruent",45.999626,46.199618,"6^",0.930251,"Correct","Correct","Correct","Error"
"7",24,"7_8_stimuli","7_8","Incongruent","Incongruent","Congruent","Congruent",47.999616,48.199604,"8*",0.674391,"Correct","Correct","Correct","Correct"
"7",25,"1_2_stimuli","1_1","Congruent","Incongruent","Incongruent","Congruent",49.999594,50.199581,"1!",0.594337,"Correct","Correct","Correct","Correct"
"7",26,"3_4_stimuli","3_3","Congruent","Congruent","Incongruent","Incongruent",51.999578,52.199569,"3#",1.186335,"Correct","Correct","Correct","Correct"
"7",27,"5_6_stimuli","6_6","Congruent","Congruent","Congruent","Incongruent",53.999562,54.199565,"6^",1.490332,"Correct","Correct","Correct","Correct"
"7",28,"7_8_stimuli","8_8","Congruent","Congruent","Congruent","Congruent",55.999538,56.199531,"7&",0.83401,"Error","Correct","Correct","Correct"
"7",29,"1_2_stimuli","1_1","Congruent","Congruent","Congruent","Congruent",57.999526,58.199526,"Omission",5000,"Omission","Error","Correct","Correct"
"7",30,"3_4_stimuli","3_4","Incongruent","Congruent","Congruent","Congruent",59.999498,60.199511,"4$",1.105938,"Correct","Omission","Error","Correct"
"7",31,"5_6_stimuli","5_6","Incongruent","Incongruent","Congruent","Congruent",61.999492,62.199495,"6^",1.234466,"Correct","Correct","Omission","Error"
"7",32,"7_8_stimuli","7_8","Incongruent","Incongruent","Incongruent","Congruent",63.999477,64.19947,"8*",0.738553,"Correct","Correct","Correct","Omission"
"7",33,"1_2_stimuli","2_1","Incongruent","Incongruent","Incongruent","Incongruent",65.999454,66.199457,"1!",0.578516,"Correct","Correct","Correct","Correct"
"7",34,"3_4_stimuli","4_3","Incongruent","Incongruent","Incongruent","Incongruent",67.999438,68.19944,"3#",0.930074,"Correct","Correct","Correct","Correct"
"7",35,"5_6_stimuli","6_5","Incongruent","Incongruent","Incongruent","Incongruent",69.999432,70.199417,"6^",1.234362,"Error","Correct","Correct","Correct"
"7",36,"7_8_stimuli","8_7","Incongruent","Incongruent","Incongruent","Incongruent",71.999403,72.199405,"7&",0.802117,"Correct","Error","Correct","Correct"
"7",37,"1_2_stimuli","2_2","Congruent","Incongruent","Incongruent","Incongruent",73.999396,74.199393,"2@",0.626416,"Correct","Correct","Error","Correct"
"7",38,"3_4_stimuli","4_3","Incongruent","Congruent","Incongruent","Incongruent",75.999378,76.199376,"3#",0.899358,"Correct","Correct","Correct","Error"
"7",39,"5_6_stimuli","6_6","Congruent","Incongruent","Congruent","Incongruent",77.999365,78.199348,"6^",1.186078,"Correct","Correct","Correct","Correct"
"7",40,"7_8_stimuli","8_7","Incongruent","Congruent","Incongruent","Congruent",79.999343,80.199339,"7&",0.658167,"Correct","Correct","Correct","Correct"
"7",41,"1_2_stimuli","2_1","Incongruent","Incongruent","Congruent","Incongruent",81.999319,82.199314,"1!",0.498189,"Correct","Correct","Correct","Correct"
"7",42,"3_4_stimuli","3_3","Congruent","Incongruent","Incongruent","Congruent",83.99931,84.199302,"3#",0.770496,"Correct","Correct","Correct","Correct"
"7",43,"5_6_stimuli","5_6","Incongruent","Congruent","Incongruent","Incongruent",85.999293,86.199283,"6^",0.834237,"Correct","Correct","Correct","Correct"
"7",44,"7_8_stimuli","7_8","Incongruent","Incongruent","Congruent","Incongruent",87.999284,88.199263,"8*",0.578489,"Correct","Correct","Correct","Correct"
"7",45,"1_2_stimuli","1_2","Incongruent","Incongruent","Incongruent","Congruent",89.999252,90.199254,"2@",0.755319,"Correct","Correct","Correct","Correct"
"7",46,"3_4_stimuli","4_4","Congruent","Incongruent","Incongruent","Incongruent",91.999238,92.199241,"4$",1.346437,"Correct","Correct","Correct","Correct"
"7",47,"5_6_stimuli","6_6","Congruent","Congruent","Incongruent","Incongruent",93.99922,94.199222,"6^",0.786245,"Correct","Correct","Correct","Correct"
"7",48,"7_8_stimuli","7_7","Congruent","Congruent","Congruent","Incongruent",95.99921,96.199207,"7&",0.674267,"Correct","Correct","Correct","Correct"
"7",49,"1_2_stimuli","1_2","Incongruent","Congruent","Congruent","Congruent",97.999182,98.199186,"2@",0.514983,"Correct","Correct","Correct","Correct"
"7",50,"3_4_stimuli","3_3","Congruent","Incongruent","Congruent","Congruent",99.999179,100.199166,"3#",0.802331,"Correct","Correct","Correct","Correct"
"7",51,"5_6_stimuli","6_5","Incongruent","Congruent","Incongruent","Congruent",101.999152,102.199151,"5%",1.458309,"Correct","Correct","Correct","Correct"
"7",52,"7_8_stimuli","8_8","Congruent","Incongruent","Congruent","Incongruent",103.999142,104.199133,"7&",0.994735,"Error","Correct","Correct","Correct"
"7",53,"1_2_stimuli","2_2","Congruent","Congruent","Incongruent","Congruent",105.999128,106.199115,"2@",0.61091,"Correct","Error","Correct","Correct"
"7",54,"3_4_stimuli","4_3","Incongruent","Congruent","Congruent","Incongruent",107.999112,108.199105,"3#",0.642369,"Correct","Correct","Error","Correct"
"7",55,"5_6_stimuli","5_5","Congruent","Incongruent","Congruent","Congruent",109.999089,110.19909,"5%",1.043108,"Correct","Correct","Correct","Error"
"7",56,"7_8_stimuli","7_7","Congruent","Congruent","Incongruent","Congruent",111.999079,112.199077,"7&",0.690657,"Correct","Correct","Correct","Correct"
"7",57,"1_2_stimuli","1_2","Incongruent","Congruent","Congruent","Incongruent",113.99906,114.199053,"2@",0.626787,"Correct","Correct","Correct","Correct"
"7",58,"3_4_stimuli","3_4","Incongruent","Incongruent","Congruent","Congruent",115.999036,116.199044,"4$",1.267035,"Correct","Correct","Correct","Correct"
"7",59,"5_6_stimuli","5_5","Congruent","Incongruent","Incongruent","Congruent",117.999018,118.199014,"5%",0.818508,"Correct","Correct","Correct","Correct"
"7",60,"7_8_stimuli","7_8","Incongruent","Congruent","Incongruent","Incongruent",119.998999,120.199005,"8*",0.722818,"Correct","Correct","Correct","Correct"
"7",61,"1_2_stimuli","1_1","Congruent","Incongruent","Congruent","Incongruent",121.998992,122.198988,"1!",0.578788,"Correct","Correct","Correct","Correct"
"7",62,"3_4_stimuli","4_3","Incongruent","Congruent","Incongruent","Congruent",123.998977,124.198974,"3#",1.314623,"Correct","Correct","Correct","Correct"
"7",63,"5_6_stimuli","5_6","Incongruent","Incongruent","Congruent","Incongruent",125.998949,126.198948,"5%",0.819061,"Error","Correct","Correct","Correct"
"7",64,"7_8_stimuli","7_7","Congruent","Incongruent","Incongruent","Congruent",127.998932,128.198935,"7&",0.72319,"Correct","Error","Correct","Correct"
"7",65,"1_2_stimuli","2_1","Incongruent","Congruent","Incongruent","Incongruent",129.998924,130.198916,"1!",0.626574,"Correct","Correct","Error","Correct"
"7",66,"3_4_stimuli","3_4","Incongruent","Incongruent","Congruent","Incongruent",131.998911,132.198905,"4$",0.962546,"Correct","Correct","Correct","Error"
"7",67,"5_6_stimuli","6_5","Incongruent","Incongruent","Incongruent","Congruent",133.998889,134.198897,"5%",0.963474,"Correct","Correct","Correct","Correct"
"7",68,"7_8_stimuli","8_8","Congruent","Incongruent","Incongruent","Incongruent",135.998875,136.198866,"8*",0.706595,"Correct","Correct","Correct","Correct"
"8",1,"1_2_stimuli","1_2","Incongruent",NA,NA,NA,1.999982,2.199984,"2@",0.610617,"Correct",NA,NA,NA
"8",2,"3_4_stimuli","3_3","Congruent","Incongruent",NA,NA,3.999968,4.199964,"3#",0.882372,"Correct","Correct",NA,NA
"8",3,"5_6_stimuli","5_6","Incongruent","Congruent","Incongruent",NA,5.99995,6.199947,"6^",0.898644,"Correct","Correct","Correct",NA
"8",4,"7_8_stimuli","7_7","Congruent","Incongruent","Congruent","Incongruent",7.999931,8.199941,"7&",0.722337,"Correct","Correct","Correct","Correct"
"8",5,"1_2_stimuli","2_2","Congruent","Congruent","Incongruent","Congruent",9.999919,10.199923,"2@",0.771198,"Correct","Correct","Correct","Correct"
"8",6,"3_4_stimuli","3_4","Incongruent","Congruent","Congruent","Incongruent",11.9999,12.199896,"4$",1.283023,"Correct","Correct","Correct","Correct"
"8",7,"5_6_stimuli","5_5","Congruent","Incongruent","Congruent","Congruent",13.999887,14.19988,"5%",0.706361,"Correct","Correct","Correct","Correct"
"8",8,"7_8_stimuli","8_7","Incongruent","Congruent","Incongruent","Congruent",15.999861,16.199865,"7&",0.962821,"Correct","Correct","Correct","Correct"
"8",9,"1_2_stimuli","2_1","Incongruent","Incongruent","Congruent","Incongruent",17.999853,18.199842,"1!",0.562833,"Correct","Correct","Correct","Correct"
"8",10,"3_4_stimuli","3_4","Incongruent","Incongruent","Incongruent","Congruent",19.999837,20.199828,"3#",0.978833,"Error","Correct","Correct","Correct"
"8",11,"5_6_stimuli","6_6","Congruent","Incongruent","Incongruent","Incongruent",21.999818,22.199823,"6^",0.818427,"Correct","Error","Correct","Correct"
"8",12,"7_8_stimuli","8_8","Congruent","Congruent","Incongruent","Incongruent",23.999808,24.199797,"8*",0.642658,"Correct","Correct","Error","Correct"
"8",13,"1_2_stimuli","1_2","Incongruent","Congruent","Congruent","Incongruent",25.99978,26.19978,"2@",0.674907,"Correct","Correct","Correct","Error"
"8",14,"3_4_stimuli","3_3","Congruent","Incongruent","Congruent","Congruent",27.999764,28.199772,"3#",1.138875,"Correct","Correct","Correct","Correct"
"8",15,"5_6_stimuli","5_6","Incongruent","Congruent","Incongruent","Congruent",29.999752,30.199754,"Omission",5000,"Omission","Correct","Correct","Correct"
"8",16,"7_8_stimuli","7_7","Congruent","Incongruent","Congruent","Incongruent",31.999726,32.199733,"7&",0.642552,"Correct","Omission","Correct","Correct"
"8",17,"1_2_stimuli","2_1","Incongruent","Congruent","Incongruent","Congruent",33.999717,34.199716,"1!",0.56254,"Correct","Correct","Omission","Correct"
"8",18,"3_4_stimuli","4_3","Incongruent","Incongruent","Congruent","Incongruent",35.9997,36.199697,"3#",0.882588,"Correct","Correct","Correct","Omission"
"8",19,"5_6_stimuli","6_5","Incongruent","Incongruent","Incongruent","Congruent",37.999693,38.199684,"5%",1.362574,"Correct","Correct","Correct","Correct"
"8",20,"7_8_stimuli","7_7","Congruent","Incongruent","Incongruent","Incongruent",39.999671,40.199664,"7&",0.722575,"Correct","Correct","Correct","Correct"
"8",21,"1_2_stimuli","1_2","Incongruent","Congruent","Incongruent","Incongruent",41.999676,42.199641,"2@",0.483149,"Correct","Correct","Correct","Correct"
"8",22,"3_4_stimuli","3_3","Congruent","Incongruent","Congruent","Incongruent",43.999643,44.199636,"3#",0.674595,"Correct","Correct","Correct","Correct"
"8",23,"5_6_stimuli","6_6","Congruent","Congruent","Incongruent","Congruent",45.999615,46.19962,"6^",0.930617,"Correct","Correct","Correct","Correct"
"8",24,"7_8_stimuli","8_7","Incongruent","Congruent","Congruent","Incongruent",47.999598,48.199592,"7&",1.138676,"Correct","Correct","Correct","Correct"
"8",25,"1_2_stimuli","1_1","Congruent","Incongruent","Congruent","Congruent",49.99958,50.199583,"1!",0.594682,"Correct","Correct","Correct","Correct"
"8",26,"3_4_stimuli","4_4","Congruent","Congruent","Incongruent","Congruent",51.999574,52.199568,"4$",0.962644,"Correct","Correct","Correct","Correct"
"8",27,"5_6_stimuli","5_6","Incongruent","Congruent","Congruent","Incongruent",53.999545,54.199556,"6^",1.10695,"Correct","Correct","Correct","Correct"
"8",28,"7_8_stimuli","7_8","Incongruent","Incongruent","Congruent","Congruent",55.999543,56.199528,"8*",0.722701,"Correct","Correct","Correct","Correct"
"8",29,"1_2_stimuli","2_2","Congruent","Incongruent","Incongruent","Congruent",57.999524,58.199507,"2@",0.659361,"Correct","Correct","Correct","Correct"
"8",30,"3_4_stimuli","3_4","Incongruent","Congruent","Incongruent","Incongruent",59.999496,60.199495,"4$",1.091304,"Correct","Correct","Correct","Correct"
"8",31,"5_6_stimuli","6_6","Congruent","Incongruent","Congruent","Incongruent",61.999482,62.199489,"6^",1.010748,"Correct","Correct","Correct","Correct"
"8",32,"7_8_stimuli","8_8","Congruent","Congruent","Incongruent","Congruent",63.999465,64.199461,"8*",0.722858,"Correct","Correct","Correct","Correct"
"8",33,"1_2_stimuli","2_2","Congruent","Congruent","Congruent","Incongruent",65.999449,66.19945,"2@",0.594996,"Correct","Correct","Correct","Correct"
"8",34,"3_4_stimuli","4_4","Congruent","Congruent","Congruent","Congruent",67.999435,68.199436,"4$",1.01121,"Correct","Correct","Correct","Correct"
"8",35,"5_6_stimuli","5_5","Congruent","Congruent","Congruent","Congruent",69.999411,70.199424,"5%",0.674837,"Correct","Correct","Correct","Correct"
"8",36,"7_8_stimuli","7_7","Congruent","Congruent","Congruent","Congruent",71.999394,72.199403,"7&",0.995239,"Correct","Correct","Correct","Correct"
"8",37,"1_2_stimuli","1_1","Congruent","Congruent","Congruent","Congruent",73.999379,74.199386,"1!",0.531181,"Correct","Correct","Correct","Correct"
"8",38,"3_4_stimuli","4_3","Incongruent","Congruent","Congruent","Congruent",75.999368,76.19936,"3#",1.043014,"Correct","Correct","Correct","Correct"
"8",39,"5_6_stimuli","5_6","Incongruent","Incongruent","Congruent","Congruent",77.99935,78.199354,"6^",1.026905,"Correct","Correct","Correct","Correct"
"8",40,"7_8_stimuli","7_8","Incongruent","Incongruent","Incongruent","Congruent",79.999336,80.199327,"7&",0.787588,"Error","Correct","Correct","Correct"
"8",41,"1_2_stimuli","1_1","Congruent","Incongruent","Incongruent","Incongruent",81.999315,82.199317,"1!",0.627065,"Correct","Error","Correct","Correct"
"8",42,"3_4_stimuli","4_4","Congruent","Congruent","Incongruent","Incongruent",83.999303,84.199296,"4$",1.251111,"Correct","Correct","Error","Correct"
"8",43,"5_6_stimuli","5_5","Congruent","Congruent","Congruent","Incongruent",85.999285,86.199287,"6^",0.723112,"Error","Correct","Correct","Error"
"8",44,"7_8_stimuli","8_7","Incongruent","Congruent","Congruent","Congruent",87.999272,88.19929,"7&",0.755477,"Correct","Error","Correct","Correct"
"8",45,"1_2_stimuli","1_2","Incongruent","Incongruent","Congruent","Congruent",89.999254,90.199244,"2@",0.626969,"Correct","Correct","Error","Correct"
"8",46,"3_4_stimuli","4_4","Congruent","Incongruent","Incongruent","Congruent",91.999244,92.199226,"4$",1.187442,"Correct","Correct","Correct","Error"
"8",47,"5_6_stimuli","6_5","Incongruent","Congruent","Incongruent","Incongruent",93.99922,94.199214,"5%",1.203563,"Correct","Correct","Correct","Correct"
"8",48,"7_8_stimuli","8_7","Incongruent","Incongruent","Congruent","Incongruent",95.999206,96.199204,"7&",0.963017,"Correct","Correct","Correct","Correct"
"8",49,"1_2_stimuli","2_1","Incongruent","Incongruent","Incongruent","Congruent",97.999195,98.199188,"1!",0.771289,"Correct","Correct","Correct","Correct"
"8",50,"3_4_stimuli","3_4","Incongruent","Incongruent","Incongruent","Incongruent",99.999191,100.199164,"4$",1.059019,"Correct","Correct","Correct","Correct"
"8",51,"5_6_stimuli","5_6","Incongruent","Incongruent","Incongruent","Incongruent",101.999152,102.199154,"6^",1.283405,"Correct","Correct","Correct","Correct"
"8",52,"7_8_stimuli","7_8","Incongruent","Incongruent","Incongruent","Incongruent",103.999129,104.199125,"8*",0.788439,"Correct","Correct","Correct","Correct"
"8",53,"1_2_stimuli","1_2","Incongruent","Incongruent","Incongruent","Incongruent",105.999123,106.199109,"2@",0.595777,"Correct","Correct","Correct","Correct"
"8",54,"3_4_stimuli","3_3","Congruent","Incongruent","Incongruent","Incongruent",107.999096,108.199095,"3#",1.203292,"Correct","Correct","Correct","Correct"
"8",55,"5_6_stimuli","5_5","Congruent","Congruent","Incongruent","Incongruent",109.999071,110.199085,"5%",1.315434,"Correct","Correct","Correct","Correct"
"8",56,"7_8_stimuli","8_8","Congruent","Congruent","Congruent","Incongruent",111.99906,112.199062,"8*",1.315811,"Correct","Correct","Correct","Correct"
"8",57,"1_2_stimuli","2_1","Incongruent","Congruent","Congruent","Congruent",113.999051,114.199052,"1!",0.723364,"Correct","Correct","Correct","Correct"
"8",58,"3_4_stimuli","4_3","Incongruent","Incongruent","Congruent","Congruent",115.999034,116.199043,"3#",1.283145,"Correct","Correct","Correct","Correct"
"8",59,"5_6_stimuli","6_6","Congruent","Incongruent","Incongruent","Congruent",117.999017,118.199019,"6^",1.075598,"Correct","Correct","Correct","Correct"
"8",60,"7_8_stimuli","7_8","Incongruent","Congruent","Incongruent","Incongruent",119.999001,120.198993,"8*",1.219576,"Correct","Correct","Correct","Correct"
"8",61,"1_2_stimuli","1_1","Congruent","Incongruent","Congruent","Incongruent",121.998991,122.198977,"1!",0.595851,"Correct","Correct","Correct","Correct"
"8",62,"3_4_stimuli","4_3","Incongruent","Congruent","Incongruent","Congruent",123.998978,124.198963,"3#",1.107938,"Correct","Correct","Correct","Correct"
"8",63,"5_6_stimuli","6_5","Incongruent","Incongruent","Congruent","Incongruent",125.998956,126.198955,"5%",0.851586,"Correct","Correct","Correct","Correct"
"8",64,"7_8_stimuli","8_8","Congruent","Incongruent","Incongruent","Congruent",127.998934,128.198932,"7&",0.611753,"Error","Correct","Correct","Correct"
"8",65,"1_2_stimuli","2_2","Congruent","Congruent","Incongruent","Incongruent",129.998912,130.198917,"2@",0.73972,"Correct","Error","Correct","Correct"
"8",66,"3_4_stimuli","3_3","Congruent","Congruent","Congruent","Incongruent",131.998903,132.198909,"3#",0.67536,"Correct","Correct","Error","Correct"
"8",67,"5_6_stimuli","6_5","Incongruent","Congruent","Congruent","Congruent",133.99888,134.198886,"5%",0.851687,"Correct","Correct","Correct","Error"
"8",68,"7_8_stimuli","7_7","Congruent","Incongruent","Congruent","Congruent",135.998866,136.19886,"7&",0.691849,"Correct","Correct","Correct","Correct"
"9",1,"1_2_stimuli","1_1","Congruent",NA,NA,NA,1.999974,2.199981,"1!",0.502625,"Correct",NA,NA,NA
"9",2,"3_4_stimuli","4_3","Incongruent","Congruent",NA,NA,3.999965,4.199964,"3#",0.935141,"Correct","Correct",NA,NA
"9",3,"5_6_stimuli","6_5","Incongruent","Incongruent","Congruent",NA,5.999941,6.199953,"6^",0.646774,"Error","Correct","Correct",NA
"9",4,"7_8_stimuli","8_8","Congruent","Incongruent","Incongruent","Congruent",7.999927,8.199929,"8*",0.535082,"Correct","Error","Correct","Correct"
"9",5,"1_2_stimuli","1_2","Incongruent","Congruent","Incongruent","Incongruent",9.999918,10.199911,"2@",0.599409,"Correct","Correct","Error","Correct"
"9",6,"3_4_stimuli","4_3","Incongruent","Incongruent","Congruent","Incongruent",11.999893,12.199897,"3#",1.015371,"Correct","Correct","Correct","Error"
"9",7,"5_6_stimuli","5_6","Incongruent","Incongruent","Incongruent","Congruent",13.999875,14.199886,"Omission",5000,"Omission","Correct","Correct","Correct"
"9",8,"7_8_stimuli","7_7","Congruent","Incongruent","Incongruent","Incongruent",15.999868,16.199865,"7&",0.870991,"Correct","Omission","Correct","Correct"
"9",9,"1_2_stimuli","1_1","Congruent","Congruent","Incongruent","Incongruent",17.999866,18.199846,"1!",0.599345,"Correct","Correct","Omission","Correct"
"9",10,"3_4_stimuli","3_3","Congruent","Congruent","Congruent","Incongruent",19.999822,20.199827,"3#",1.143296,"Correct","Correct","Correct","Omission"
"9",11,"5_6_stimuli","6_6","Congruent","Congruent","Congruent","Congruent",21.999806,22.199819,"6^",1.190853,"Correct","Correct","Correct","Correct"
"9",12,"7_8_stimuli","7_7","Congruent","Congruent","Congruent","Congruent",23.999795,24.19979,"7&",0.662892,"Correct","Correct","Correct","Correct"
"9",13,"1_2_stimuli","2_1","Incongruent","Congruent","Congruent","Congruent",25.999778,26.199772,"1!",0.630917,"Correct","Correct","Correct","Correct"
"9",14,"3_4_stimuli","3_3","Congruent","Incongruent","Congruent","Congruent",27.999762,28.199759,"3#",0.758894,"Correct","Correct","Correct","Correct"
"9",15,"5_6_stimuli","6_6","Congruent","Congruent","Incongruent","Congruent",29.999756,30.199747,"6^",0.678936,"Correct","Correct","Correct","Correct"
"9",16,"7_8_stimuli","7_7","Congruent","Congruent","Congruent","Incongruent",31.999729,32.199733,"7&",0.647066,"Correct","Correct","Correct","Correct"
"9",17,"1_2_stimuli","2_2","Congruent","Congruent","Congruent","Congruent",33.999712,34.199713,"2@",0.759492,"Correct","Correct","Correct","Correct"
"9",18,"3_4_stimuli","4_4","Congruent","Congruent","Congruent","Congruent",35.999697,36.199695,"4$",0.951353,"Correct","Correct","Correct","Correct"
"9",19,"5_6_stimuli","5_6","Incongruent","Congruent","Congruent","Congruent",37.999683,38.199679,"5%",0.695408,"Error","Correct","Correct","Correct"
"9",20,"7_8_stimuli","7_8","Incongruent","Incongruent","Congruent","Congruent",39.99967,40.199666,"8*",0.614994,"Correct","Error","Correct","Correct"
"9",21,"1_2_stimuli","1_2","Incongruent","Incongruent","Incongruent","Congruent",41.999644,42.199648,"2@",0.631455,"Correct","Correct","Error","Correct"
"9",22,"3_4_stimuli","4_4","Congruent","Incongruent","Incongruent","Incongruent",43.999635,44.199627,"4$",1.191752,"Correct","Correct","Correct","Error"
"9",23,"5_6_stimuli","5_5","Congruent","Congruent","Incongruent","Incongruent",45.999617,46.199613,"5%",0.567061,"Correct","Correct","Correct","Correct"
"9",24,"7_8_stimuli","7_8","Incongruent","Congruent","Congruent","Incongruent",47.999606,48.1996,"8*",0.55144,"Correct","Correct","Correct","Correct"
"9",25,"1_2_stimuli","1_1","Congruent","Incongruent","Congruent","Congruent",49.999578,50.199576,"1!",0.551651,"Correct","Correct","Correct","Correct"
"9",26,"3_4_stimuli","4_3","Incongruent","Congruent","Incongruent","Congruent",51.999575,52.199569,"3#",1.031557,"Correct","Correct","Correct","Correct"
"9",27,"5_6_stimuli","6_5","Incongruent","Incongruent","Congruent","Incongruent",53.999548,54.199546,"5%",0.871434,"Correct","Correct","Correct","Correct"
"9",28,"7_8_stimuli","8_7","Incongruent","Incongruent","Incongruent","Congruent",55.999532,56.19953,"6^",1.271465,"Error","Correct","Correct","Correct"
"9",29,"1_2_stimuli","2_1","Incongruent","Incongruent","Incongruent","Incongruent",57.999512,58.199515,"1!",0.567676,"Correct","Error","Correct","Correct"
"9",30,"3_4_stimuli","3_4","Incongruent","Incongruent","Incongruent","Incongruent",59.999505,60.199487,"4$",1.159809,"Correct","Correct","Error","Correct"
"9",31,"5_6_stimuli","6_5","Incongruent","Incongruent","Incongruent","Incongruent",61.999479,62.199482,"5%",0.551174,"Correct","Correct","Correct","Error"
"9",32,"7_8_stimuli","8_7","Incongruent","Incongruent","Incongruent","Incongruent",63.99947,64.199469,"7&",0.951368,"Correct","Correct","Correct","Correct"
"9",33,"1_2_stimuli","1_1","Congruent","Incongruent","Incongruent","Incongruent",65.999446,66.199465,"1!",0.663716,"Correct","Correct","Correct","Correct"
"9",34,"3_4_stimuli","3_4","Incongruent","Congruent","Incongruent","Incongruent",67.999431,68.199432,"4$",0.823262,"Correct","Correct","Correct","Correct"
"9",35,"5_6_stimuli","6_6","Congruent","Incongruent","Congruent","Incongruent",69.999435,70.199413,"6^",0.983724,"Correct","Correct","Correct","Correct"
"9",36,"7_8_stimuli","7_8","Incongruent","Congruent","Incongruent","Congruent",71.999403,72.199394,"8*",1.143201,"Correct","Correct","Correct","Correct"
"9",37,"1_2_stimuli","1_2","Incongruent","Incongruent","Congruent","Incongruent",73.99938,74.199373,"2@",0.72759,"Correct","Correct","Correct","Correct"
"9",38,"3_4_stimuli","4_4","Congruent","Incongruent","Incongruent","Congruent",75.999368,76.199359,"4$",0.791893,"Correct","Correct","Correct","Correct"
"9",39,"5_6_stimuli","6_5","Incongruent","Congruent","Incongruent","Incongruent",77.999345,78.199347,"5%",1.04769,"Correct","Correct","Correct","Correct"
"9",40,"7_8_stimuli","8_8","Congruent","Incongruent","Congruent","Incongruent",79.999325,80.199324,"8*",0.583732,"Correct","Correct","Correct","Correct"
"9",41,"1_2_stimuli","1_2","Incongruent","Congruent","Incongruent","Congruent",81.999318,82.199307,"2@",0.56736,"Correct","Correct","Correct","Correct"
"9",42,"3_4_stimuli","4_4","Congruent","Incongruent","Congruent","Incongruent",83.999298,84.199296,"4$",0.791652,"Correct","Correct","Correct","Correct"
"9",43,"5_6_stimuli","5_6","Incongruent","Congruent","Incongruent","Congruent",85.999277,86.199277,"5%",0.647862,"Error","Correct","Correct","Correct"
"9",44,"7_8_stimuli","7_8","Incongruent","Incongruent","Congruent","Incongruent",87.999266,88.199263,"8*",0.583688,"Correct","Error","Correct","Correct"
"9",45,"1_2_stimuli","2_2","Congruent","Incongruent","Incongruent","Congruent",89.999246,90.199244,"2@",0.663725,"Correct","Correct","Error","Correct"
"9",46,"3_4_stimuli","3_3","Congruent","Congruent","Incongruent","Incongruent",91.999232,92.199222,"4$",0.727415,"Error","Correct","Correct","Error"
"9",47,"5_6_stimuli","5_5","Congruent","Congruent","Congruent","Incongruent",93.999217,94.199207,"5%",0.839862,"Correct","Error","Correct","Correct"
"9",48,"7_8_stimuli","8_7","Incongruent","Congruent","Congruent","Congruent",95.999192,96.199192,"Omission",5000,"Omission","Correct","Error","Correct"
"9",49,"1_2_stimuli","2_1","Incongruent","Incongruent","Congruent","Congruent",97.999198,98.199176,"1!",0.616126,"Correct","Omission","Correct","Error"
"9",50,"3_4_stimuli","3_4","Incongruent","Incongruent","Incongruent","Congruent",99.999159,100.199168,"Omission",5000,"Omission","Correct","Omission","Correct"
"9",51,"5_6_stimuli","5_5","Congruent","Incongruent","Incongruent","Incongruent",101.999146,102.19915,"5%",1.23988,"Correct","Omission","Correct","Omission"
"9",52,"7_8_stimuli","8_8","Congruent","Congruent","Incongruent","Incongruent",103.999129,104.199129,"8*",0.583634,"Correct","Correct","Omission","Correct"
"9",53,"1_2_stimuli","2_1","Incongruent","Congruent","Congruent","Incongruent",105.999114,106.199114,"1!",0.599755,"Correct","Correct","Correct","Omission"
"9",54,"3_4_stimuli","4_3","Incongruent","Incongruent","Congruent","Congruent",107.999099,108.199099,"3#",0.823562,"Correct","Correct","Correct","Correct"
"9",55,"5_6_stimuli","6_6","Congruent","Incongruent","Incongruent","Congruent",109.999082,110.199076,"6^",0.887959,"Correct","Correct","Correct","Correct"
"9",56,"7_8_stimuli","8_7","Incongruent","Congruent","Incongruent","Incongruent",111.999058,112.19906,"7&",0.728258,"Correct","Correct","Correct","Correct"
"9",57,"1_2_stimuli","2_2","Congruent","Incongruent","Congruent","Incongruent",113.999051,114.199041,"2@",0.567877,"Correct","Correct","Correct","Correct"
"9",58,"3_4_stimuli","3_3","Congruent","Congruent","Incongruent","Congruent",115.999033,116.199032,"3#",1.04761,"Correct","Correct","Correct","Correct"
"9",59,"5_6_stimuli","5_6","Incongruent","Congruent","Congruent","Incongruent",117.999019,118.199011,"6^",1.352107,"Correct","Correct","Correct","Correct"
"9",60,"7_8_stimuli","7_7","Congruent","Incongruent","Congruent","Congruent",119.999,120.199,"7&",0.647977,"Correct","Correct","Correct","Correct"
"9",61,"1_2_stimuli","1_1","Congruent","Congruent","Incongruent","Congruent",121.998986,122.198976,"1!",0.759606,"Correct","Correct","Correct","Correct"
"9",62,"3_4_stimuli","4_3","Incongruent","Congruent","Congruent","Incongruent",123.998965,124.198961,"Omission",5000,"Omission","Correct","Correct","Correct"
"9",63,"5_6_stimuli","5_5","Congruent","Incongruent","Congruent","Congruent",125.998947,126.198949,"Omission",5000,"Omission","Omission","Correct","Correct"
"9",64,"7_8_stimuli","8_8","Congruent","Congruent","Incongruent","Congruent",127.998928,128.198939,"8*",0.583687,"Correct","Omission","Omission","Correct"
"9",65,"1_2_stimuli","2_2","Congruent","Congruent","Congruent","Incongruent",129.998916,130.198913,"2@",0.551771,"Correct","Correct","Omission","Omission"
"9",66,"3_4_stimuli","3_4","Incongruent","Congruent","Congruent","Congruent",131.998895,132.198891,"4$",0.855757,"Correct","Correct","Correct","Omission"
"9",67,"5_6_stimuli","6_5","Incongruent","Incongruent","Congruent","Congruent",133.998877,134.198882,"5%",0.840031,"Correct","Correct","Correct","Correct"
"9",68,"7_8_stimuli","8_8","Congruent","Incongruent","Incongruent","Congruent",135.998868,136.198864,"8*",0.567785,"Correct","Correct","Correct","Correct"
"10",1,"1_2_stimuli","1_2","Incongruent",NA,NA,NA,2.000007,2.199998,"2@",0.833423,"Correct",NA,NA,NA
"10",2,"3_4_stimuli","3_4","Incongruent","Incongruent",NA,NA,3.999973,4.19997,"4$",1.057257,"Correct","Correct",NA,NA
"10",3,"5_6_stimuli","6_6","Congruent","Incongruent","Incongruent",NA,5.999955,6.199953,"5%",1.057678,"Error","Correct","Correct",NA
"10",4,"7_8_stimuli","7_7","Congruent","Congruent","Incongruent","Incongruent",7.999945,8.199933,"6^",1.217892,"Error","Error","Correct","Correct"
"10",5,"1_2_stimuli","1_2","Incongruent","Congruent","Congruent","Incongruent",9.999926,10.199925,"2@",0.753275,"Correct","Error","Error","Correct"
"10",6,"3_4_stimuli","3_4","Incongruent","Incongruent","Congruent","Congruent",11.999907,12.199904,"4$",1.073964,"Correct","Correct","Error","Error"
"10",7,"5_6_stimuli","5_6","Incongruent","Incongruent","Incongruent","Congruent",13.999899,14.199896,"6^",0.913963,"Correct","Correct","Correct","Error"
"10",8,"7_8_stimuli","8_8","Congruent","Incongruent","Incongruent","Incongruent",15.99987,16.199878,"8*",0.849298,"Correct","Correct","Correct","Correct"
"10",9,"1_2_stimuli","1_2","Incongruent","Congruent","Incongruent","Incongruent",17.999851,18.199856,"2@",0.881586,"Correct","Correct","Correct","Correct"
"10",10,"3_4_stimuli","3_3","Congruent","Incongruent","Congruent","Incongruent",19.999837,20.199845,"3#",0.833866,"Correct","Correct","Correct","Correct"
"10",11,"5_6_stimuli","6_5","Incongruent","Congruent","Incongruent","Congruent",21.999835,22.199824,"5%",0.913348,"Correct","Correct","Correct","Correct"
"10",12,"7_8_stimuli","8_8","Congruent","Incongruent","Congruent","Incongruent",23.999804,24.199801,"8*",0.721874,"Correct","Correct","Correct","Correct"
"10",13,"1_2_stimuli","2_2","Congruent","Congruent","Incongruent","Congruent",25.999796,26.1998,"2@",0.657763,"Correct","Correct","Correct","Correct"
"10",14,"3_4_stimuli","3_4","Incongruent","Congruent","Congruent","Incongruent",27.999785,28.19977,"4$",0.961415,"Correct","Correct","Correct","Correct"
"10",15,"5_6_stimuli","6_5","Incongruent","Incongruent","Congruent","Congruent",29.999751,30.199751,"5%",0.689427,"Correct","Correct","Correct","Correct"
"10",16,"7_8_stimuli","7_8","Incongruent","Incongruent","Incongruent","Congruent",31.99975,32.199748,"8*",0.689378,"Correct","Correct","Correct","Correct"
"10",17,"1_2_stimuli","1_1","Congruent","Incongruent","Incongruent","Incongruent",33.999734,34.199725,"1!",0.673996,"Correct","Correct","Correct","Correct"
"10",18,"3_4_stimuli","3_4","Incongruent","Congruent","Incongruent","Incongruent",35.999717,36.199709,"Omission",5000,"Omission","Correct","Correct","Correct"
"10",19,"5_6_stimuli","6_6","Congruent","Incongruent","Congruent","Incongruent",37.999696,38.199698,"6^",0.946163,"Correct","Omission","Correct","Correct"
"10",20,"7_8_stimuli","8_8","Congruent","Congruent","Incongruent","Congruent",39.999676,40.199678,"8*",0.56182,"Correct","Correct","Omission","Correct"
"10",21,"1_2_stimuli","1_1","Congruent","Congruent","Congruent","Incongruent",41.999669,42.199655,"1!",0.529571,"Correct","Correct","Correct","Omission"
"10",22,"3_4_stimuli","4_4","Congruent","Congruent","Congruent","Congruent",43.999643,44.199648,"4$",0.802099,"Correct","Correct","Correct","Correct"
"10",23,"5_6_stimuli","5_5","Congruent","Congruent","Congruent","Congruent",45.999624,46.199634,"5%",0.850077,"Correct","Correct","Correct","Correct"
"10",24,"7_8_stimuli","8_7","Incongruent","Congruent","Congruent","Congruent",47.999616,48.199606,"7&",0.801551,"Correct","Correct","Correct","Correct"
"10",25,"1_2_stimuli","2_1","Incongruent","Incongruent","Congruent","Congruent",49.999596,50.19959,"1!",0.865849,"Correct","Correct","Correct","Correct"
"10",26,"3_4_stimuli","4_4","Congruent","Incongruent","Incongruent","Congruent",51.999579,52.199574,"Omission",5000,"Omission","Correct","Correct","Correct"
"10",27,"5_6_stimuli","6_5","Incongruent","Congruent","Incongruent","Incongruent",53.999567,54.199558,"5%",1.089591,"Correct","Omission","Correct","Correct"
"10",28,"7_8_stimuli","8_7","Incongruent","Incongruent","Congruent","Incongruent",55.999546,56.199533,"7&",0.721817,"Correct","Correct","Omission","Correct"
"10",29,"1_2_stimuli","2_1","Incongruent","Incongruent","Incongruent","Congruent",57.999528,58.199525,"1!",0.594185,"Correct","Correct","Correct","Omission"
"10",30,"3_4_stimuli","4_3","Incongruent","Incongruent","Incongruent","Incongruent",59.99952,60.19951,"3#",0.75366,"Correct","Correct","Correct","Correct"
"10",31,"5_6_stimuli","5_6","Incongruent","Incongruent","Incongruent","Incongruent",61.999488,62.199496,"5%",1.010067,"Error","Correct","Correct","Correct"
"10",32,"7_8_stimuli","8_7","Incongruent","Incongruent","Incongruent","Incongruent",63.999473,64.199471,"7&",0.593656,"Correct","Error","Correct","Correct"
"10",33,"1_2_stimuli","1_2","Incongruent","Incongruent","Incongruent","Incongruent",65.999463,66.19946,"2@",0.625955,"Correct","Correct","Error","Correct"
"10",34,"3_4_stimuli","3_3","Congruent","Incongruent","Incongruent","Incongruent",67.99944,68.199443,"3#",0.977752,"Correct","Correct","Correct","Error"
"10",35,"5_6_stimuli","5_5","Congruent","Congruent","Incongruent","Incongruent",69.999424,70.199421,"5%",0.993757,"Correct","Correct","Correct","Correct"
"10",36,"7_8_stimuli","7_7","Congruent","Congruent","Congruent","Incongruent",71.999408,72.199405,"7&",0.658052,"Correct","Correct","Correct","Correct"
"10",37,"1_2_stimuli","2_1","Incongruent","Congruent","Congruent","Congruent",73.999386,74.199389,"Omission",5000,"Omission","Correct","Correct","Correct"
"10",38,"3_4_stimuli","4_4","Congruent","Incongruent","Congruent","Congruent",75.999382,76.199373,"4$",1.026224,"Correct","Omission","Correct","Correct"
"10",39,"5_6_stimuli","5_5","Congruent","Congruent","Incongruent","Congruent",77.999357,78.199359,"5%",0.833809,"Correct","Correct","Omission","Correct"
"10",40,"7_8_stimuli","8_7","Incongruent","Congruent","Congruent","Incongruent",79.999367,80.199345,"7&",0.689813,"Correct","Correct","Correct","Omission"
"10",41,"1_2_stimuli","2_2","Congruent","Incongruent","Congruent","Congruent",81.999326,82.199332,"2@",0.466209,"Correct","Correct","Correct","Correct"
"10",42,"3_4_stimuli","3_3","Congruent","Congruent","Incongruent","Congruent",83.999306,84.199313,"3#",1.10583,"Correct","Correct","Correct","Correct"
"10",43,"5_6_stimuli","5_6","Incongruent","Congruent","Congruent","Incongruent",85.999287,86.199298,"6^",0.914198,"Correct","Correct","Correct","Correct"
"10",44,"7_8_stimuli","7_8","Incongruent","Incongruent","Congruent","Congruent",87.999282,88.199269,"8*",0.706093,"Correct","Correct","Correct","Correct"
"10",45,"1_2_stimuli","2_2","Congruent","Incongruent","Incongruent","Congruent",89.999255,90.19926,"2@",0.65842,"Correct","Correct","Correct","Correct"
"10",46,"3_4_stimuli","3_3","Congruent","Congruent","Incongruent","Incongruent",91.999236,92.199245,"3#",0.770595,"Correct","Correct","Correct","Correct"
"10",47,"5_6_stimuli","6_6","Congruent","Congruent","Congruent","Incongruent",93.999223,94.199236,"7&",0.802693,"Error","Correct","Correct","Correct"
"10",48,"7_8_stimuli","7_7","Congruent","Congruent","Congruent","Congruent",95.999203,96.199203,"7&",0.610138,"Correct","Error","Correct","Correct"
"10",49,"1_2_stimuli","1_1","Congruent","Congruent","Congruent","Congruent",97.999199,98.199193,"2@",0.546342,"Error","Correct","Error","Correct"
"10",50,"3_4_stimuli","4_3","Incongruent","Congruent","Congruent","Congruent",99.999174,100.199177,"3#",0.882479,"Correct","Error","Correct","Error"
"10",51,"5_6_stimuli","5_5","Congruent","Incongruent","Congruent","Congruent",101.999165,102.19916,"5%",0.897985,"Correct","Correct","Error","Correct"
"10",52,"7_8_stimuli","7_8","Incongruent","Congruent","Incongruent","Congruent",103.999138,104.199135,"8*",0.754595,"Correct","Correct","Correct","Error"
"10",53,"1_2_stimuli","2_1","Incongruent","Incongruent","Congruent","Incongruent",105.999134,106.199118,"1!",0.86622,"Correct","Correct","Correct","Correct"
"10",54,"3_4_stimuli","4_3","Incongruent","Incongruent","Incongruent","Congruent",107.999115,108.199103,"3#",1.010584,"Correct","Correct","Correct","Correct"
"10",55,"5_6_stimuli","6_6","Congruent","Incongruent","Incongruent","Incongruent",109.999093,110.19909,"6^",1.202063,"Correct","Correct","Correct","Correct"
"10",56,"7_8_stimuli","7_8","Incongruent","Congruent","Incongruent","Incongruent",111.999075,112.199077,"7&",1.21845,"Error","Correct","Correct","Correct"
"10",57,"1_2_stimuli","2_2","Congruent","Incongruent","Congruent","Incongruent",113.99906,114.19906,"2@",0.562134,"Correct","Error","Correct","Correct"
"10",58,"3_4_stimuli","3_4","Incongruent","Congruent","Incongruent","Congruent",115.999048,116.199035,"4$",1.074276,"Correct","Correct","Error","Correct"
"10",59,"5_6_stimuli","5_6","Incongruent","Incongruent","Congruent","Incongruent",117.999037,118.199025,"6^",1.026064,"Correct","Correct","Correct","Error"
"10",60,"7_8_stimuli","8_8","Congruent","Incongruent","Incongruent","Congruent",119.99901,120.199003,"8*",0.579077,"Correct","Correct","Correct","Correct"
"10",61,"1_2_stimuli","1_1","Congruent","Congruent","Incongruent","Incongruent",121.998993,122.19899,"1!",0.786522,"Correct","Correct","Correct","Correct"
"10",62,"3_4_stimuli","4_4","Congruent","Congruent","Congruent","Incongruent",123.998995,124.198973,"4$",1.122378,"Correct","Correct","Correct","Correct"
"10",63,"5_6_stimuli","6_5","Incongruent","Congruent","Congruent","Congruent",125.998956,126.198963,"7&",1.266628,"Error","Correct","Correct","Correct"
"10",64,"7_8_stimuli","7_7","Congruent","Incongruent","Congruent","Congruent",127.998942,128.198937,"7&",0.530315,"Correct","Error","Correct","Correct"
"10",65,"1_2_stimuli","1_2","Incongruent","Congruent","Incongruent","Congruent",129.998925,130.198921,"2@",0.562909,"Correct","Correct","Error","Correct"
"10",66,"3_4_stimuli","4_3","Incongruent","Incongruent","Congruent","Incongruent",131.998906,132.198912,"3#",0.882212,"Correct","Correct","Correct","Error"
"10",67,"5_6_stimuli","6_6","Congruent","Incongruent","Incongruent","Congruent",133.998893,134.198897,"6^",0.946363,"Correct","Correct","Correct","Correct"
"10",68,"7_8_stimuli","7_7","Congruent","Congruent","Incongruent","Incongruent",135.998886,136.19887,"7&",0.962769,"Correct","Correct","Correct","Correct"
"11",1,"1_2_stimuli","1_2","Incongruent",NA,NA,NA,1.999986,2.199987,"2@",0.64997,"Correct",NA,NA,NA
"11",2,"3_4_stimuli","3_4","Incongruent","Incongruent",NA,NA,3.999971,4.199973,"4$",0.873666,"Correct","Correct",NA,NA
"11",3,"5_6_stimuli","6_6","Congruent","Incongruent","Incongruent",NA,5.999955,6.199949,"7&",0.377651,"Error","Correct","Correct",NA
"11",4,"7_8_stimuli","7_7","Congruent","Congruent","Incongruent","Incongruent",7.999942,8.199932,"7&",0.762284,"Correct","Error","Correct","Correct"
"11",5,"1_2_stimuli","2_1","Incongruent","Congruent","Congruent","Incongruent",9.999913,10.199914,"1!",0.570081,"Correct","Correct","Error","Correct"
"11",6,"3_4_stimuli","3_3","Congruent","Incongruent","Congruent","Congruent",11.999899,12.1999,"3#",1.305687,"Correct","Correct","Correct","Error"
"11",7,"5_6_stimuli","5_6","Incongruent","Congruent","Incongruent","Congruent",13.999883,14.199885,"6^",1.258042,"Correct","Correct","Correct","Correct"
"11",8,"7_8_stimuli","8_8","Congruent","Incongruent","Congruent","Incongruent",15.999863,16.199873,"8*",0.554134,"Correct","Correct","Correct","Correct"
"11",9,"1_2_stimuli","2_1","Incongruent","Congruent","Incongruent","Congruent",17.999861,18.199854,"1!",0.538423,"Correct","Correct","Correct","Correct"
"11",10,"3_4_stimuli","3_3","Congruent","Incongruent","Congruent","Incongruent",19.999834,20.199847,"4$",0.345744,"Error","Correct","Correct","Correct"
"11",11,"5_6_stimuli","6_6","Congruent","Congruent","Incongruent","Congruent",21.999818,22.199817,"6^",0.794319,"Correct","Error","Correct","Correct"
"11",12,"7_8_stimuli","7_7","Congruent","Congruent","Congruent","Incongruent",23.999806,24.199803,"7&",0.649748,"Correct","Correct","Error","Correct"
"11",13,"1_2_stimuli","2_1","Incongruent","Congruent","Congruent","Congruent",25.999797,26.199793,"1!",0.554034,"Correct","Correct","Correct","Error"
"11",14,"3_4_stimuli","3_4","Incongruent","Incongruent","Congruent","Congruent",27.99977,28.199769,"3#",0.362402,"Error","Correct","Correct","Correct"
"11",15,"5_6_stimuli","5_5","Congruent","Incongruent","Incongruent","Congruent",29.999758,30.199762,"4$",1.130237,"Error","Error","Correct","Correct"
"11",16,"7_8_stimuli","7_8","Incongruent","Congruent","Incongruent","Incongruent",31.999742,32.199736,"8*",0.650935,"Correct","Error","Error","Correct"
"11",17,"1_2_stimuli","1_1","Congruent","Incongruent","Congruent","Incongruent",33.999724,34.19972,"1!",0.58647,"Correct","Correct","Error","Error"
"11",18,"3_4_stimuli","3_4","Incongruent","Congruent","Incongruent","Congruent",35.999703,36.199694,"4$",1.002303,"Correct","Correct","Correct","Error"
"11",19,"5_6_stimuli","5_6","Incongruent","Incongruent","Congruent","Incongruent",37.999686,38.19968,"6^",1.25792,"Correct","Correct","Correct","Correct"
"11",20,"7_8_stimuli","8_8","Congruent","Incongruent","Incongruent","Congruent",39.999676,40.199674,"8*",0.37786,"Correct","Correct","Correct","Correct"
"11",21,"1_2_stimuli","2_2","Congruent","Congruent","Incongruent","Incongruent",41.999663,42.199656,"2@",0.345879,"Correct","Correct","Correct","Correct"
"11",22,"3_4_stimuli","4_4","Congruent","Congruent","Congruent","Incongruent",43.999637,44.199647,"4$",0.905905,"Correct","Correct","Correct","Correct"
"11",23,"5_6_stimuli","5_5","Congruent","Congruent","Congruent","Congruent",45.999615,46.199623,"5%",0.425996,"Correct","Correct","Correct","Correct"
"11",24,"7_8_stimuli","7_7","Congruent","Congruent","Congruent","Congruent",47.999614,48.1996,"7&",0.570365,"Correct","Correct","Correct","Correct"
"11",25,"1_2_stimuli","2_2","Congruent","Congruent","Congruent","Congruent",49.999587,50.199592,"2@",0.538374,"Correct","Correct","Correct","Correct"
"11",26,"3_4_stimuli","3_3","Congruent","Congruent","Congruent","Congruent",51.999581,52.199567,"3#",0.69831,"Correct","Correct","Correct","Correct"
"11",27,"5_6_stimuli","6_5","Incongruent","Congruent","Congruent","Congruent",53.99956,54.199565,"5%",0.906647,"Correct","Correct","Correct","Correct"
"11",28,"7_8_stimuli","7_7","Congruent","Incongruent","Congruent","Congruent",55.999547,56.199547,"7&",0.698062,"Correct","Correct","Correct","Correct"
"11",29,"1_2_stimuli","1_1","Congruent","Congruent","Incongruent","Congruent",57.999531,58.199518,"1!",0.570745,"Correct","Correct","Correct","Correct"
"11",30,"3_4_stimuli","4_3","Incongruent","Congruent","Congruent","Incongruent",59.999512,60.199514,"3#",0.79464,"Correct","Correct","Correct","Correct"
"11",31,"5_6_stimuli","5_5","Congruent","Incongruent","Congruent","Congruent",61.999496,62.199481,"5%",0.79469,"Correct","Correct","Correct","Correct"
"11",32,"7_8_stimuli","7_8","Incongruent","Congruent","Incongruent","Congruent",63.99948,64.199474,"8*",0.587062,"Correct","Correct","Correct","Correct"
"11",33,"1_2_stimuli","1_2","Incongruent","Incongruent","Congruent","Incongruent",65.999452,66.199457,"2@",0.602136,"Correct","Correct","Correct","Correct"
"11",34,"3_4_stimuli","3_3","Congruent","Incongruent","Incongruent","Congruent",67.999439,68.199449,"3#",1.082464,"Correct","Correct","Correct","Correct"
"11",35,"5_6_stimuli","6_6","Congruent","Congruent","Incongruent","Incongruent",69.999419,70.199424,"6^",0.906626,"Correct","Correct","Correct","Correct"
"11",36,"7_8_stimuli","8_7","Incongruent","Congruent","Congruent","Incongruent",71.99941,72.199405,"7&",0.522162,"Correct","Correct","Correct","Correct"
"11",37,"1_2_stimuli","1_1","Congruent","Incongruent","Congruent","Congruent",73.999398,74.199384,"1!",0.50618,"Correct","Correct","Correct","Correct"
"11",38,"3_4_stimuli","4_4","Congruent","Congruent","Incongruent","Congruent",75.999382,76.199373,"4$",0.874498,"Correct","Correct","Correct","Correct"
"11",39,"5_6_stimuli","6_5","Incongruent","Congruent","Congruent","Incongruent",77.999362,78.199352,"5%",0.778609,"Correct","Correct","Correct","Correct"
"11",40,"7_8_stimuli","8_7","Incongruent","Incongruent","Congruent","Congruent",79.999339,80.199331,"6^",0.682672,"Error","Correct","Correct","Correct"
"11",41,"1_2_stimuli","1_2","Incongruent","Incongruent","Incongruent","Congruent",81.999328,82.199321,"2@",0.826837,"Correct","Error","Correct","Correct"
"11",42,"3_4_stimuli","4_3","Incongruent","Incongruent","Incongruent","Incongruent",83.999304,84.199303,"3#",0.986342,"Correct","Correct","Error","Correct"
"11",43,"5_6_stimuli","6_6","Congruent","Incongruent","Incongruent","Incongruent",85.999288,86.199282,"6^",0.730551,"Correct","Correct","Correct","Error"
"11",44,"7_8_stimuli","7_7","Congruent","Congruent","Incongruent","Incongruent",87.99927,88.19927,"7&",0.362849,"Correct","Correct","Correct","Correct"
"11",45,"1_2_stimuli","2_2","Congruent","Congruent","Congruent","Incongruent",89.999254,90.199248,"2@",0.474376,"Correct","Correct","Correct","Correct"
"11",46,"3_4_stimuli","4_3","Incongruent","Congruent","Congruent","Congruent",91.999233,92.199235,"3#",0.698869,"Correct","Correct","Correct","Correct"
"11",47,"5_6_stimuli","6_5","Incongruent","Incongruent","Congruent","Congruent",93.999218,94.199234,"3#",0.602585,"Error","Correct","Correct","Correct"
"11",48,"7_8_stimuli","8_7","Incongruent","Incongruent","Incongruent","Congruent",95.999207,96.19921,"7&",0.794354,"Correct","Error","Correct","Correct"
"11",49,"1_2_stimuli","1_1","Congruent","Incongruent","Incongruent","Incongruent",97.999193,98.199182,"1!",0.938317,"Correct","Correct","Error","Correct"
"11",50,"3_4_stimuli","4_4","Congruent","Congruent","Incongruent","Incongruent",99.999168,100.199173,"4$",1.082845,"Correct","Correct","Correct","Error"
"11",51,"5_6_stimuli","6_6","Congruent","Congruent","Congruent","Incongruent",101.99916,102.199158,"7&",0.66657,"Error","Correct","Correct","Correct"
"11",52,"7_8_stimuli","7_8","Incongruent","Congruent","Congruent","Congruent",103.999147,104.199133,"8*",0.618806,"Correct","Error","Correct","Correct"
"11",53,"1_2_stimuli","1_2","Incongruent","Incongruent","Congruent","Congruent",105.999119,106.199122,"2@",0.634819,"Correct","Correct","Error","Correct"
"11",54,"3_4_stimuli","3_4","Incongruent","Incongruent","Incongruent","Congruent",107.999115,108.199113,"6^",1.210932,"Error","Correct","Correct","Error"
"11",55,"5_6_stimuli","5_6","Incongruent","Incongruent","Incongruent","Incongruent",109.999085,110.199089,"6^",1.227152,"Correct","Error","Correct","Correct"
"11",56,"7_8_stimuli","8_8","Congruent","Incongruent","Incongruent","Incongruent",111.999074,112.199069,"8*",0.635158,"Correct","Correct","Error","Correct"
"11",57,"1_2_stimuli","2_1","Incongruent","Congruent","Incongruent","Incongruent",113.999059,114.199055,"1!",0.619059,"Correct","Correct","Correct","Error"
"11",58,"3_4_stimuli","4_3","Incongruent","Incongruent","Congruent","Incongruent",115.999042,116.199034,"3#",1.082552,"Correct","Correct","Correct","Correct"
"11",59,"5_6_stimuli","5_6","Incongruent","Incongruent","Incongruent","Congruent",117.999018,118.199023,"6^",0.986725,"Correct","Correct","Correct","Correct"
"11",60,"7_8_stimuli","8_7","Incongruent","Incongruent","Incongruent","Incongruent",119.999009,120.199009,"7&",0.890616,"Correct","Correct","Correct","Correct"
"11",61,"1_2_stimuli","1_2","Incongruent","Incongruent","Incongruent","Incongruent",121.998988,122.198987,"2@",0.602592,"Correct","Correct","Correct","Correct"
"11",62,"3_4_stimuli","4_4","Congruent","Incongruent","Incongruent","Incongruent",123.998978,124.198967,"4$",0.939268,"Correct","Correct","Correct","Correct"
"11",63,"5_6_stimuli","6_5","Incongruent","Congruent","Incongruent","Incongruent",125.998961,126.198962,"5%",1.242838,"Correct","Correct","Correct","Correct"
"11",64,"7_8_stimuli","7_8","Incongruent","Incongruent","Congruent","Incongruent",127.998944,128.198936,"7&",1.066591,"Error","Correct","Correct","Correct"
"11",65,"1_2_stimuli","2_2","Congruent","Incongruent","Incongruent","Congruent",129.99892,130.198926,"2@",0.586658,"Correct","Error","Correct","Correct"
"11",66,"3_4_stimuli","3_4","Incongruent","Congruent","Incongruent","Incongruent",131.998911,132.198907,"4$",1.003122,"Correct","Correct","Error","Correct"
"11",67,"5_6_stimuli","5_5","Congruent","Incongruent","Congruent","Incongruent",133.99889,134.198885,"5%",0.811346,"Correct","Correct","Correct","Error"
"11",68,"7_8_stimuli","8_8","Congruent","Congruent","Incongruent","Congruent",135.998868,136.198874,"8*",0.554679,"Correct","Correct","Correct","Correct"
"12",1,"1_2_stimuli","1_1","Congruent",NA,NA,NA,2.000012,2.199987,"1!",0.53985,"Correct",NA,NA,NA
"12",2,"3_4_stimuli","4_4","Congruent","Congruent",NA,NA,3.999973,4.19997,"4$",0.891389,"Correct","Correct",NA,NA
"12",3,"5_6_stimuli","5_5","Congruent","Congruent","Congruent",NA,5.999954,6.199958,"5%",0.667479,"Correct","Correct","Correct",NA
"12",4,"7_8_stimuli","8_8","Congruent","Congruent","Congruent","Congruent",7.999942,8.199947,"8*",0.571349,"Correct","Correct","Correct","Correct"
"12",5,"1_2_stimuli","1_2","Incongruent","Congruent","Congruent","Congruent",9.99993,10.19993,"2@",0.587468,"Correct","Correct","Correct","Correct"
"12",6,"3_4_stimuli","4_4","Congruent","Incongruent","Congruent","Congruent",11.999907,12.199917,"4$",0.87551,"Correct","Correct","Correct","Correct"
"12",7,"5_6_stimuli","5_5","Congruent","Congruent","Incongruent","Congruent",13.999887,14.199899,"5%",0.619932,"Correct","Correct","Correct","Correct"
"12",8,"7_8_stimuli","8_7","Incongruent","Congruent","Congruent","Incongruent",15.99989,16.199881,"7&",0.63581,"Correct","Correct","Correct","Correct"
"12",9,"1_2_stimuli","1_1","Congruent","Incongruent","Congruent","Congruent",17.999872,18.199858,"1!",0.555527,"Correct","Correct","Correct","Correct"
"12",10,"3_4_stimuli","3_3","Congruent","Congruent","Incongruent","Congruent",19.999836,20.19985,"3#",1.052012,"Correct","Correct","Correct","Correct"
"12",11,"5_6_stimuli","6_5","Incongruent","Congruent","Congruent","Incongruent",21.999838,22.19983,"6^",0.8439,"Error","Correct","Correct","Correct"
"12",12,"7_8_stimuli","8_7","Incongruent","Incongruent","Congruent","Congruent",23.99982,24.199817,"7&",0.700204,"Correct","Error","Correct","Correct"
"12",13,"1_2_stimuli","2_2","Congruent","Incongruent","Incongruent","Congruent",25.999796,26.199784,"2@",0.523577,"Correct","Correct","Error","Correct"
"12",14,"3_4_stimuli","4_3","Incongruent","Congruent","Incongruent","Incongruent",27.999778,28.199775,"3#",1.148321,"Correct","Correct","Correct","Error"
"12",15,"5_6_stimuli","5_6","Incongruent","Incongruent","Congruent","Incongruent",29.999768,30.199767,"6^",1.003722,"Correct","Correct","Correct","Correct"
"12",16,"7_8_stimuli","8_7","Incongruent","Incongruent","Incongruent","Congruent",31.999737,32.199751,"7&",0.70031,"Correct","Correct","Correct","Correct"
"12",17,"1_2_stimuli","1_2","Incongruent","Incongruent","Incongruent","Incongruent",33.999732,34.199733,"2@",0.540028,"Correct","Correct","Correct","Correct"
"12",18,"3_4_stimuli","3_4","Incongruent","Incongruent","Incongruent","Incongruent",35.999715,36.199715,"4$",0.972097,"Correct","Correct","Correct","Correct"
"12",19,"5_6_stimuli","5_6","Incongruent","Incongruent","Incongruent","Incongruent",37.999704,38.19969,"6^",1.132061,"Correct","Correct","Correct","Correct"
"12",20,"7_8_stimuli","7_7","Congruent","Incongruent","Incongruent","Incongruent",39.999679,40.199675,"7&",1.036224,"Correct","Correct","Correct","Correct"
"12",21,"1_2_stimuli","1_1","Congruent","Congruent","Incongruent","Incongruent",41.999663,42.199661,"1!",0.635677,"Correct","Correct","Correct","Correct"
"12",22,"3_4_stimuli","4_4","Congruent","Congruent","Congruent","Incongruent",43.999655,44.199661,"4$",1.068105,"Correct","Correct","Correct","Correct"
"12",23,"5_6_stimuli","6_5","Incongruent","Congruent","Congruent","Congruent",45.99963,46.199628,"6^",0.795926,"Error","Correct","Correct","Correct"
"12",24,"7_8_stimuli","7_7","Congruent","Incongruent","Congruent","Congruent",47.999618,48.199616,"7&",0.635756,"Correct","Error","Correct","Correct"
"12",25,"1_2_stimuli","1_1","Congruent","Congruent","Incongruent","Congruent",49.999596,50.199598,"1!",0.556678,"Correct","Correct","Error","Correct"
"12",26,"3_4_stimuli","4_3","Incongruent","Congruent","Congruent","Incongruent",51.999579,52.199571,"3#",0.684235,"Correct","Correct","Correct","Error"
"12",27,"5_6_stimuli","5_6","Incongruent","Incongruent","Congruent","Congruent",53.999559,54.199566,"6^",1.212173,"Correct","Correct","Correct","Correct"
"12",28,"7_8_stimuli","8_8","Congruent","Incongruent","Incongruent","Congruent",55.999556,56.199548,"8*",0.68395,"Correct","Correct","Correct","Correct"
"12",29,"1_2_stimuli","2_1","Incongruent","Congruent","Incongruent","Incongruent",57.999526,58.199529,"1!",0.572257,"Correct","Correct","Correct","Correct"
"12",30,"3_4_stimuli","3_3","Congruent","Incongruent","Congruent","Incongruent",59.999517,60.199511,"3#",0.731868,"Correct","Correct","Correct","Correct"
"12",31,"5_6_stimuli","6_5","Incongruent","Congruent","Incongruent","Congruent",61.999495,62.199487,"6^",0.651871,"Error","Correct","Correct","Correct"
"12",32,"7_8_stimuli","8_8","Congruent","Incongruent","Congruent","Incongruent",63.999476,64.199481,"8*",0.58833,"Correct","Error","Correct","Correct"
"12",33,"1_2_stimuli","2_1","Incongruent","Congruent","Incongruent","Congruent",65.999468,66.199471,"1!",0.604382,"Correct","Correct","Error","Correct"
"12",34,"3_4_stimuli","3_4","Incongruent","Incongruent","Congruent","Incongruent",67.999448,68.199445,"Omission",5000,"Omission","Correct","Correct","Error"
"12",35,"5_6_stimuli","6_6","Congruent","Incongruent","Incongruent","Congruent",69.999427,70.199424,"6^",0.603959,"Correct","Omission","Correct","Correct"
"12",36,"7_8_stimuli","7_8","Incongruent","Congruent","Incongruent","Incongruent",71.99942,72.199414,"8*",0.603948,"Correct","Correct","Omission","Correct"
"12",37,"1_2_stimuli","2_2","Congruent","Incongruent","Congruent","Incongruent",73.999396,74.199398,"2@",0.443996,"Correct","Correct","Correct","Omission"
"12",38,"3_4_stimuli","4_3","Incongruent","Congruent","Incongruent","Congruent",75.99939,76.199378,"3#",0.875959,"Correct","Correct","Correct","Correct"
"12",39,"5_6_stimuli","5_5","Congruent","Incongruent","Congruent","Incongruent",77.999365,78.199355,"5%",0.811995,"Correct","Correct","Correct","Correct"
"12",40,"7_8_stimuli","8_8","Congruent","Congruent","Incongruent","Congruent",79.999356,80.199347,"8*",0.523962,"Correct","Correct","Correct","Correct"
"12",41,"1_2_stimuli","1_1","Congruent","Congruent","Congruent","Incongruent",81.999335,82.199329,"1!",0.508165,"Correct","Correct","Correct","Correct"
"12",42,"3_4_stimuli","3_4","Incongruent","Congruent","Congruent","Congruent",83.999313,84.199321,"4$",0.892044,"Correct","Correct","Correct","Correct"
"12",43,"5_6_stimuli","5_5","Congruent","Incongruent","Congruent","Congruent",85.999288,86.199288,"5%",1.068035,"Correct","Correct","Correct","Correct"
"12",44,"7_8_stimuli","7_8","Incongruent","Congruent","Incongruent","Congruent",87.999275,88.199274,"8*",0.540689,"Correct","Correct","Correct","Correct"
"12",45,"1_2_stimuli","1_2","Incongruent","Incongruent","Congruent","Incongruent",89.999259,90.199274,"2@",0.684081,"Correct","Correct","Correct","Correct"
"12",46,"3_4_stimuli","3_3","Congruent","Incongruent","Incongruent","Congruent",91.999246,92.19924,"3#",1.100739,"Correct","Correct","Correct","Correct"
"12",47,"5_6_stimuli","5_6","Incongruent","Congruent","Incongruent","Incongruent",93.999238,94.199228,"Omission",5000,"Omission","Correct","Correct","Correct"
"12",48,"7_8_stimuli","7_8","Incongruent","Incongruent","Congruent","Incongruent",95.999215,96.199213,"7&",1.036858,"Error","Omission","Correct","Correct"
"12",49,"1_2_stimuli","2_1","Incongruent","Incongruent","Incongruent","Congruent",97.999195,98.1992,"1!",0.556221,"Correct","Error","Omission","Correct"
"12",50,"3_4_stimuli","3_3","Congruent","Incongruent","Incongruent","Incongruent",99.999178,100.199181,"3#",0.828488,"Correct","Correct","Error","Omission"
"12",51,"5_6_stimuli","5_5","Congruent","Congruent","Incongruent","Incongruent",101.999158,102.19916,"5%",1.052828,"Correct","Correct","Correct","Error"
"12",52,"7_8_stimuli","8_8","Congruent","Congruent","Congruent","Incongruent",103.999149,104.19914,"8*",0.49259,"Correct","Correct","Correct","Correct"
"12",53,"1_2_stimuli","2_2","Congruent","Congruent","Congruent","Congruent",105.999126,106.199125,"2@",0.588508,"Correct","Correct","Correct","Correct"
"12",54,"3_4_stimuli","4_4","Congruent","Congruent","Congruent","Congruent",107.999108,108.199119,"4$",1.004588,"Correct","Correct","Correct","Correct"
"12",55,"5_6_stimuli","6_6","Congruent","Congruent","Congruent","Congruent",109.999094,110.199093,"6^",0.908769,"Correct","Correct","Correct","Correct"
"12",56,"7_8_stimuli","8_7","Incongruent","Congruent","Congruent","Congruent",111.999074,112.199076,"7&",0.716877,"Correct","Correct","Correct","Correct"
"12",57,"1_2_stimuli","1_2","Incongruent","Incongruent","Congruent","Congruent",113.999071,114.199057,"2@",0.796926,"Correct","Correct","Correct","Correct"
"12",58,"3_4_stimuli","4_3","Incongruent","Incongruent","Incongruent","Congruent",115.999042,116.199054,"3#",0.764237,"Correct","Correct","Correct","Correct"
"12",59,"5_6_stimuli","6_6","Congruent","Incongruent","Incongruent","Incongruent",117.999026,118.199043,"6^",1.100309,"Correct","Correct","Correct","Correct"
"12",60,"7_8_stimuli","7_7","Congruent","Congruent","Incongruent","Incongruent",119.999015,120.199009,"7&",0.525001,"Correct","Correct","Correct","Correct"
"12",61,"1_2_stimuli","2_1","Incongruent","Congruent","Congruent","Incongruent",121.998999,122.198997,"1!",0.540674,"Correct","Correct","Correct","Correct"
"12",62,"3_4_stimuli","3_4","Incongruent","Incongruent","Congruent","Congruent",123.998979,124.198986,"4$",1.19638,"Correct","Correct","Correct","Correct"
"12",63,"5_6_stimuli","6_5","Incongruent","Incongruent","Incongruent","Congruent",125.998964,126.198966,"5%",1.276887,"Correct","Correct","Correct","Correct"
"12",64,"7_8_stimuli","7_8","Incongruent","Incongruent","Incongruent","Incongruent",127.998947,128.198952,"7&",0.780396,"Error","Correct","Correct","Correct"
"12",65,"1_2_stimuli","2_2","Congruent","Incongruent","Incongruent","Incongruent",129.998929,130.198928,"2@",0.588374,"Correct","Error","Correct","Correct"
"12",66,"3_4_stimuli","4_4","Congruent","Congruent","Incongruent","Incongruent",131.99891,132.19891,"3#",0.844421,"Error","Correct","Error","Correct"
"12",67,"5_6_stimuli","6_6","Congruent","Congruent","Congruent","Incongruent",133.998901,134.198904,"5%",0.972567,"Error","Error","Correct","Error"
"12",68,"7_8_stimuli","7_7","Congruent","Congruent","Congruent","Congruent",135.998885,136.198878,"7&",0.652427,"Correct","Error","Error","Correct"
"13",1,"1_2_stimuli","1_2","Incongruent",NA,NA,NA,1.999983,2.199978,"2@",0.81448,"Correct",NA,NA,NA
"13",2,"3_4_stimuli","3_3","Congruent","Incongruent",NA,NA,3.999973,4.19996,"4$",0.702867,"Error","Correct",NA,NA
"13",3,"5_6_stimuli","6_5","Incongruent","Congruent","Incongruent",NA,5.999951,6.199943,"5%",1.054485,"Correct","Error","Correct",NA
"13",4,"7_8_stimuli","7_7","Congruent","Incongruent","Congruent","Incongruent",7.999936,8.199935,"7&",0.894942,"Correct","Correct","Error","Correct"
"13",5,"1_2_stimuli","2_1","Incongruent","Congruent","Incongruent","Congruent",9.999921,10.199913,"1!",0.622752,"Correct","Correct","Correct","Error"
"13",6,"3_4_stimuli","4_3","Incongruent","Incongruent","Congruent","Incongruent",11.999904,12.199895,"3#",0.846572,"Correct","Correct","Correct","Correct"
"13",7,"5_6_stimuli","5_5","Congruent","Incongruent","Incongruent","Congruent",13.999879,14.199884,"5%",0.927305,"Correct","Correct","Correct","Correct"
"13",8,"7_8_stimuli","8_8","Congruent","Congruent","Incongruent","Incongruent",15.999867,16.199868,"8*",0.734576,"Correct","Correct","Correct","Correct"
"13",9,"1_2_stimuli","1_1","Congruent","Congruent","Congruent","Incongruent",17.999855,18.199845,"1!",0.558835,"Correct","Correct","Correct","Correct"
"13",10,"3_4_stimuli","3_3","Congruent","Congruent","Congruent","Congruent",19.999843,20.199831,"3#",0.926606,"Correct","Correct","Correct","Correct"
"13",11,"5_6_stimuli","6_6","Congruent","Congruent","Congruent","Congruent",21.999823,22.199825,"5%",1.214661,"Error","Correct","Correct","Correct"
"13",12,"7_8_stimuli","8_7","Incongruent","Congruent","Congruent","Congruent",23.999796,24.199803,"7&",0.735254,"Correct","Error","Correct","Correct"
"13",13,"1_2_stimuli","1_2","Incongruent","Incongruent","Congruent","Congruent",25.999791,26.199784,"2@",0.607345,"Correct","Correct","Error","Correct"
"13",14,"3_4_stimuli","3_3","Congruent","Incongruent","Incongruent","Congruent",27.999767,28.199764,"3#",1.247105,"Correct","Correct","Correct","Error"
"13",15,"5_6_stimuli","6_5","Incongruent","Congruent","Incongruent","Incongruent",29.999755,30.199746,"6^",1.102705,"Error","Correct","Correct","Correct"
"13",16,"7_8_stimuli","7_7","Congruent","Incongruent","Congruent","Incongruent",31.999738,32.199738,"7&",0.654692,"Correct","Error","Correct","Correct"
"13",17,"1_2_stimuli","2_2","Congruent","Congruent","Incongruent","Congruent",33.999724,34.199721,"2@",0.782719,"Correct","Correct","Error","Correct"
"13",18,"3_4_stimuli","4_3","Incongruent","Congruent","Congruent","Incongruent",35.9997,36.199706,"3#",0.814727,"Correct","Correct","Correct","Error"
"13",19,"5_6_stimuli","5_6","Incongruent","Incongruent","Congruent","Congruent",37.999685,38.199689,"5%",0.815148,"Error","Correct","Correct","Correct"
"13",20,"7_8_stimuli","7_8","Incongruent","Incongruent","Incongruent","Congruent",39.999664,40.199672,"8*",0.639063,"Correct","Error","Correct","Correct"
"13",21,"1_2_stimuli","2_2","Congruent","Incongruent","Incongruent","Incongruent",41.999654,42.199655,"2@",0.718887,"Correct","Correct","Error","Correct"
"13",22,"3_4_stimuli","4_4","Congruent","Congruent","Incongruent","Incongruent",43.999635,44.19963,"4$",1.055504,"Correct","Correct","Correct","Error"
"13",23,"5_6_stimuli","5_5","Congruent","Congruent","Congruent","Incongruent",45.999615,46.199616,"5%",1.167434,"Correct","Correct","Correct","Correct"
"13",24,"7_8_stimuli","7_7","Congruent","Congruent","Congruent","Congruent",47.999608,48.199607,"7&",0.927125,"Correct","Correct","Correct","Correct"
"13",25,"1_2_stimuli","2_2","Congruent","Congruent","Congruent","Congruent",49.999578,50.199587,"2@",0.68743,"Correct","Correct","Correct","Correct"
"13",26,"3_4_stimuli","3_4","Incongruent","Congruent","Congruent","Congruent",51.999568,52.19956,"4$",1.055044,"Correct","Correct","Correct","Correct"
"13",27,"5_6_stimuli","5_5","Congruent","Incongruent","Congruent","Congruent",53.999553,54.199554,"5%",0.910847,"Correct","Correct","Correct","Correct"
"13",28,"7_8_stimuli","8_8","Congruent","Congruent","Incongruent","Congruent",55.999538,56.199542,"8*",0.623054,"Correct","Correct","Correct","Correct"
"13",29,"1_2_stimuli","1_2","Incongruent","Congruent","Congruent","Incongruent",57.999511,58.199504,"2@",0.782952,"Correct","Correct","Correct","Correct"
"13",30,"3_4_stimuli","4_3","Incongruent","Incongruent","Congruent","Congruent",59.999505,60.199502,"3#",1.006949,"Correct","Correct","Correct","Correct"
"13",31,"5_6_stimuli","5_6","Incongruent","Incongruent","Incongruent","Congruent",61.999496,62.199487,"5%",0.974889,"Error","Correct","Correct","Correct"
"13",32,"7_8_stimuli","8_7","Incongruent","Incongruent","Incongruent","Incongruent",63.999472,64.199465,"7&",0.687326,"Correct","Error","Correct","Correct"
"13",33,"1_2_stimuli","1_2","Incongruent","Incongruent","Incongruent","Incongruent",65.999454,66.199445,"2@",0.639047,"Correct","Correct","Error","Correct"
"13",34,"3_4_stimuli","3_4","Incongruent","Incongruent","Incongruent","Incongruent",67.999445,68.199439,"4$",0.911414,"Correct","Correct","Correct","Error"
"13",35,"5_6_stimuli","6_6","Congruent","Incongruent","Incongruent","Incongruent",69.999424,70.199423,"7&",0.590949,"Error","Correct","Correct","Correct"
"13",36,"7_8_stimuli","7_8","Incongruent","Congruent","Incongruent","Incongruent",71.999404,72.199406,"8*",0.575703,"Correct","Error","Correct","Correct"
"13",37,"1_2_stimuli","2_2","Congruent","Incongruent","Congruent","Incongruent",73.999378,74.19938,"2@",0.687026,"Correct","Correct","Error","Correct"
"13",38,"3_4_stimuli","4_4","Congruent","Congruent","Incongruent","Congruent",75.999369,76.199367,"4$",0.99134,"Correct","Correct","Correct","Error"
"13",39,"5_6_stimuli","6_5","Incongruent","Congruent","Congruent","Incongruent",77.999356,78.199346,"5%",1.247175,"Correct","Correct","Correct","Correct"
"13",40,"7_8_stimuli","7_8","Incongruent","Incongruent","Congruent","Congruent",79.999348,80.199342,"8*",0.655047,"Correct","Correct","Correct","Correct"
"13",41,"1_2_stimuli","1_2","Incongruent","Incongruent","Incongruent","Congruent",81.999323,82.199319,"2@",0.735719,"Correct","Correct","Correct","Correct"
"13",42,"3_4_stimuli","3_3","Congruent","Incongruent","Incongruent","Incongruent",83.999309,84.199313,"3#",1.151051,"Correct","Correct","Correct","Correct"
"13",43,"5_6_stimuli","6_6","Congruent","Congruent","Incongruent","Incongruent",85.999281,86.199296,"6^",1.056041,"Correct","Correct","Correct","Correct"
"13",44,"7_8_stimuli","8_8","Congruent","Congruent","Congruent","Incongruent",87.99928,88.199271,"8*",0.575442,"Correct","Correct","Correct","Correct"
"13",45,"1_2_stimuli","2_1","Incongruent","Congruent","Congruent","Congruent",89.999253,90.199245,"1!",0.735233,"Correct","Correct","Correct","Correct"
"13",46,"3_4_stimuli","4_4","Congruent","Incongruent","Congruent","Congruent",91.999236,92.19924,"4$",1.47158,"Correct","Correct","Correct","Correct"
"13",47,"5_6_stimuli","5_5","Congruent","Congruent","Incongruent","Congruent",93.999224,94.199218,"5%",1.183886,"Correct","Correct","Correct","Correct"
"13",48,"7_8_stimuli","7_8","Incongruent","Congruent","Congruent","Incongruent",95.999205,96.199205,"8*",0.703176,"Correct","Correct","Correct","Correct"
"13",49,"1_2_stimuli","1_1","Congruent","Incongruent","Congruent","Congruent",97.999187,98.199182,"1!",0.463265,"Correct","Correct","Correct","Correct"
"13",50,"3_4_stimuli","3_4","Incongruent","Congruent","Incongruent","Congruent",99.999172,100.199167,"3#",0.655462,"Error","Correct","Correct","Correct"
"13",51,"5_6_stimuli","5_6","Incongruent","Incongruent","Congruent","Incongruent",101.999157,102.19916,"6^",0.639297,"Correct","Error","Correct","Correct"
"13",52,"7_8_stimuli","8_8","Congruent","Incongruent","Incongruent","Congruent",103.999136,104.199138,"8*",0.479311,"Correct","Correct","Error","Correct"
"13",53,"1_2_stimuli","2_1","Incongruent","Congruent","Incongruent","Incongruent",105.999127,106.199122,"1!",0.511509,"Correct","Correct","Correct","Error"
"13",54,"3_4_stimuli","3_3","Congruent","Incongruent","Congruent","Incongruent",107.999101,108.199095,"3#",0.959321,"Correct","Correct","Correct","Correct"
"13",55,"5_6_stimuli","5_6","Incongruent","Congruent","Incongruent","Congruent",109.999091,110.19909,"6^",1.151504,"Correct","Correct","Correct","Correct"
"13",56,"7_8_stimuli","8_7","Incongruent","Incongruent","Congruent","Incongruent",111.999064,112.199075,"7&",0.52732,"Correct","Correct","Correct","Correct"
"13",57,"1_2_stimuli","1_1","Congruent","Incongruent","Incongruent","Congruent",113.999052,114.199057,"1!",0.511275,"Correct","Correct","Correct","Correct"
"13",58,"3_4_stimuli","3_4","Incongruent","Congruent","Incongruent","Incongruent",115.999043,116.199034,"4$",1.119762,"Correct","Correct","Correct","Correct"
"13",59,"5_6_stimuli","6_6","Congruent","Incongruent","Congruent","Incongruent",117.999024,118.199018,"7&",0.991346,"Error","Correct","Correct","Correct"
"13",60,"7_8_stimuli","8_7","Incongruent","Congruent","Incongruent","Congruent",119.999,120.19901,"7&",0.560035,"Correct","Error","Correct","Correct"
"13",61,"1_2_stimuli","2_1","Incongruent","Incongruent","Congruent","Incongruent",121.998991,122.19899,"1!",0.495925,"Correct","Correct","Error","Correct"
"13",62,"3_4_stimuli","4_3","Incongruent","Incongruent","Incongruent","Congruent",123.998974,124.19898,"3#",0.719423,"Correct","Correct","Correct","Error"
"13",63,"5_6_stimuli","6_5","Incongruent","Incongruent","Incongruent","Incongruent",125.998951,126.198947,"5%",0.735609,"Correct","Correct","Correct","Correct"
"13",64,"7_8_stimuli","7_7","Congruent","Incongruent","Incongruent","Incongruent",127.998944,128.198944,"7&",0.687568,"Correct","Correct","Correct","Correct"
"13",65,"1_2_stimuli","1_1","Congruent","Congruent","Incongruent","Incongruent",129.998922,130.198924,"1!",0.559408,"Correct","Correct","Correct","Correct"
"13",66,"3_4_stimuli","4_4","Congruent","Congruent","Congruent","Incongruent",131.998908,132.198911,"3#",0.799651,"Error","Correct","Correct","Correct"
"13",67,"5_6_stimuli","6_5","Incongruent","Congruent","Congruent","Congruent",133.998892,134.198882,"5%",0.831807,"Correct","Error","Correct","Correct"
"13",68,"7_8_stimuli","7_7","Congruent","Incongruent","Congruent","Congruent",135.998867,136.198868,"7&",0.959832,"Correct","Correct","Error","Correct"
