"Run.Number","Trial.Number","Task","Stimulus","Current.Trial.Type","Previous.Trial.Type","Previous.Trial.Type.N2","Previous.Trial.Type.N3","StimulusOnsetTime","StimulusOffsetTime","Response","RT","Accuracy","PreviousAccuracy","PreviousAccuracy.N2","Previous.Accuracy.N3"
"practice",1,"1_2_stimuli","2_2","Congruent",NA,NA,NA,1.999967,2.199955,"2@",1.174191,"Correct",NA,NA,NA
"practice",2,"3_4_stimuli","3_4","Incongruent","Congruent",NA,NA,3.999961,4.199959,"3#",1.11014,"Error","Correct",NA,NA
"practice",3,"5_6_stimuli","5_6","Incongruent","Incongruent","Congruent",NA,5.99993,6.199944,"Omission",5000,"Omission","Error","Correct",NA
"practice",4,"7_8_stimuli","8_7","Incongruent","Incongruent","Incongruent","Congruent",7.999926,8.199926,"6^",0.200158,"Error","Omission","Error","Correct"
"practice",5,"1_2_stimuli","1_2","Incongruent","Incongruent","Incongruent","Incongruent",9.999907,10.199901,"Omission",5000,"Omission","Error","Omission","Error"
"practice",6,"3_4_stimuli","4_3","Incongruent","Incongruent","Incongruent","Incongruent",11.999897,12.199894,"2@",0.200123,"Error","Omission","Error","Omission"
"practice",7,"5_6_stimuli","5_5","Congruent","Incongruent","Incongruent","Incongruent",13.999886,14.199877,"5%",1.174278,"Correct","Error","Omission","Error"
"practice",8,"7_8_stimuli","8_8","Congruent","Congruent","Incongruent","Incongruent",15.999863,16.19987,"8*",0.902311,"Correct","Correct","Error","Omission"
"practice",9,"1_2_stimuli","2_2","Congruent","Congruent","Congruent","Incongruent",17.999842,18.199848,"2@",1.062554,"Correct","Correct","Correct","Error"
"practice",10,"3_4_stimuli","4_3","Incongruent","Congruent","Congruent","Congruent",19.999835,20.19984,"Omission",5000,"Omission","Correct","Correct","Correct"
"practice",11,"5_6_stimuli","5_5","Congruent","Incongruent","Congruent","Congruent",21.999815,22.199815,"5%",1.286721,"Correct","Omission","Correct","Correct"
"practice",12,"7_8_stimuli","8_8","Congruent","Congruent","Incongruent","Congruent",23.999801,24.19981,"8*",0.758634,"Correct","Correct","Omission","Correct"
"practice",13,"1_2_stimuli","1_2","Incongruent","Congruent","Congruent","Incongruent",25.999787,26.19979,"2@",1.222334,"Correct","Correct","Correct","Omission"
"practice",14,"3_4_stimuli","4_4","Congruent","Incongruent","Congruent","Congruent",27.999781,28.199769,"4$",1.014525,"Correct","Correct","Correct","Correct"
"practice",15,"5_6_stimuli","6_6","Congruent","Congruent","Incongruent","Congruent",29.999757,30.199759,"6^",1.222596,"Correct","Correct","Correct","Correct"
"practice",16,"7_8_stimuli","8_7","Incongruent","Congruent","Congruent","Incongruent",31.999737,32.199739,"7&",0.870911,"Correct","Correct","Correct","Correct"
"practice",17,"1_2_stimuli","2_1","Incongruent","Incongruent","Congruent","Congruent",33.999728,34.199728,"1!",0.854675,"Correct","Correct","Correct","Correct"
"practice",18,"3_4_stimuli","4_3","Incongruent","Incongruent","Incongruent","Congruent",35.999711,36.199712,"3#",1.110428,"Correct","Correct","Correct","Correct"
"practice",19,"5_6_stimuli","5_6","Incongruent","Incongruent","Incongruent","Incongruent",37.9997,38.199694,"Omission",5000,"Omission","Correct","Correct","Correct"
"practice",20,"7_8_stimuli","8_8","Congruent","Incongruent","Incongruent","Incongruent",39.999675,40.199681,"8*",0.743018,"Correct","Omission","Correct","Correct"
"practice",21,"1_2_stimuli","1_1","Congruent","Congruent","Incongruent","Incongruent",41.999666,42.199677,"1!",0.743195,"Correct","Correct","Omission","Correct"
"practice",22,"3_4_stimuli","3_4","Incongruent","Congruent","Congruent","Incongruent",43.999654,44.199648,"4$",1.078512,"Correct","Correct","Correct","Omission"
"practice",23,"5_6_stimuli","6_5","Incongruent","Incongruent","Congruent","Congruent",45.999636,46.199646,"5%",0.678748,"Correct","Correct","Correct","Correct"
"practice",24,"7_8_stimuli","8_8","Congruent","Incongruent","Incongruent","Congruent",47.99963,48.199633,"8*",0.711087,"Correct","Correct","Correct","Correct"
"practice",25,"1_2_stimuli","2_1","Incongruent","Congruent","Incongruent","Incongruent",49.9996,50.199607,"1!",0.615004,"Correct","Correct","Correct","Correct"
"practice",26,"3_4_stimuli","3_4","Incongruent","Incongruent","Congruent","Incongruent",51.999593,52.199591,"4$",0.918764,"Correct","Correct","Correct","Correct"
"practice",27,"5_6_stimuli","5_5","Congruent","Incongruent","Incongruent","Congruent",53.999582,54.199573,"5%",0.598593,"Correct","Correct","Correct","Correct"
"practice",28,"7_8_stimuli","8_7","Incongruent","Congruent","Incongruent","Incongruent",55.999562,56.199565,"7&",1.463081,"Correct","Correct","Correct","Correct"
"practice",29,"1_2_stimuli","1_1","Congruent","Incongruent","Congruent","Incongruent",57.999549,58.199546,"1!",0.854636,"Correct","Correct","Correct","Correct"
"practice",30,"3_4_stimuli","3_3","Congruent","Congruent","Incongruent","Congruent",59.999537,60.199542,"3#",1.270641,"Correct","Correct","Correct","Correct"
"practice",31,"5_6_stimuli","6_6","Congruent","Congruent","Congruent","Incongruent",61.999525,62.199517,"6^",1.350679,"Correct","Correct","Correct","Correct"
"practice",32,"7_8_stimuli","7_8","Incongruent","Congruent","Congruent","Congruent",63.999506,64.199501,"8*",0.711035,"Correct","Correct","Correct","Correct"
"practice",33,"1_2_stimuli","2_2","Congruent","Incongruent","Congruent","Congruent",65.999488,66.199482,"2@",0.934676,"Correct","Correct","Correct","Correct"
"practice",34,"3_4_stimuli","3_4","Incongruent","Congruent","Incongruent","Congruent",67.999475,68.199474,"4$",0.887177,"Correct","Correct","Correct","Correct"
"practice",35,"5_6_stimuli","5_5","Congruent","Incongruent","Congruent","Incongruent",69.999459,70.199463,"5%",0.679072,"Correct","Correct","Correct","Correct"
"practice",36,"7_8_stimuli","7_8","Incongruent","Congruent","Incongruent","Congruent",71.999437,72.199455,"8*",0.711222,"Correct","Correct","Correct","Correct"
"practice",37,"1_2_stimuli","2_1","Incongruent","Incongruent","Congruent","Incongruent",73.999426,74.199429,"1!",0.678764,"Correct","Correct","Correct","Correct"
"practice",38,"3_4_stimuli","4_4","Congruent","Incongruent","Incongruent","Congruent",75.999419,76.199409,"4$",0.742817,"Correct","Correct","Correct","Correct"
"practice",39,"5_6_stimuli","6_6","Congruent","Congruent","Incongruent","Incongruent",77.999399,78.199394,"6^",1.014992,"Correct","Correct","Correct","Correct"
"practice",40,"7_8_stimuli","7_7","Congruent","Congruent","Congruent","Incongruent",79.99938,80.199391,"7&",0.614835,"Correct","Correct","Correct","Correct"
"practice",41,"1_2_stimuli","1_1","Congruent","Congruent","Congruent","Congruent",81.999376,82.199363,"1!",0.58331,"Correct","Correct","Correct","Correct"
"practice",42,"3_4_stimuli","3_3","Congruent","Congruent","Congruent","Congruent",83.999361,84.199362,"3#",1.094858,"Correct","Correct","Correct","Correct"
"practice",43,"5_6_stimuli","6_6","Congruent","Congruent","Congruent","Congruent",85.999337,86.199333,"6^",1.255417,"Correct","Correct","Correct","Correct"
"practice",44,"7_8_stimuli","7_7","Congruent","Congruent","Congruent","Congruent",87.999329,88.19936,"7&",1.127421,"Correct","Correct","Correct","Correct"
"practice",45,"1_2_stimuli","1_2","Incongruent","Congruent","Congruent","Congruent",89.999311,90.199306,"2@",0.983186,"Correct","Correct","Correct","Correct"
"practice",46,"3_4_stimuli","4_3","Incongruent","Incongruent","Congruent","Congruent",91.999297,92.199305,"3#",0.99893,"Correct","Correct","Correct","Correct"
"practice",47,"5_6_stimuli","5_6","Incongruent","Incongruent","Incongruent","Congruent",93.999284,94.19929,"6^",1.46337,"Correct","Correct","Correct","Correct"
"practice",48,"7_8_stimuli","8_7","Incongruent","Incongruent","Incongruent","Incongruent",95.999262,96.199275,"1!",0.935146,"Error","Correct","Correct","Correct"
"practice",49,"1_2_stimuli","2_2","Congruent","Incongruent","Incongruent","Incongruent",97.999246,98.19925,"2@",0.887527,"Correct","Error","Correct","Correct"
"practice",50,"3_4_stimuli","3_3","Congruent","Congruent","Incongruent","Incongruent",99.999238,100.199235,"3#",1.0155,"Correct","Correct","Error","Correct"
"practice",51,"5_6_stimuli","5_6","Incongruent","Congruent","Congruent","Incongruent",101.999223,102.199216,"6^",0.983468,"Correct","Correct","Correct","Error"
"practice",52,"7_8_stimuli","7_7","Congruent","Incongruent","Congruent","Congruent",103.999204,104.199209,"7&",0.935045,"Correct","Correct","Correct","Correct"
"practice",53,"1_2_stimuli","1_2","Incongruent","Congruent","Incongruent","Congruent",105.999191,106.199186,"2@",1.079168,"Correct","Correct","Correct","Correct"
"practice",54,"3_4_stimuli","4_4","Congruent","Incongruent","Congruent","Incongruent",107.999183,108.199174,"4$",0.982961,"Correct","Correct","Correct","Correct"
"practice",55,"5_6_stimuli","6_5","Incongruent","Congruent","Incongruent","Congruent",109.999162,110.199157,"5%",0.79104,"Correct","Correct","Correct","Correct"
"practice",56,"7_8_stimuli","7_7","Congruent","Incongruent","Congruent","Incongruent",111.99914,112.199141,"6^",1.351424,"Error","Correct","Correct","Correct"
"practice",57,"1_2_stimuli","1_1","Congruent","Congruent","Incongruent","Congruent",113.999129,114.199127,"1!",0.599808,"Correct","Error","Correct","Correct"
"practice",58,"3_4_stimuli","3_3","Congruent","Congruent","Congruent","Incongruent",115.999121,116.199114,"3#",0.98315,"Correct","Correct","Error","Correct"
"practice",59,"5_6_stimuli","5_6","Incongruent","Congruent","Congruent","Congruent",117.999102,118.199098,"5%",1.223087,"Error","Correct","Correct","Error"
"practice",60,"7_8_stimuli","7_8","Incongruent","Incongruent","Congruent","Congruent",119.99909,120.199081,"8*",0.695474,"Correct","Error","Correct","Correct"
"practice",61,"1_2_stimuli","2_1","Incongruent","Incongruent","Incongruent","Congruent",121.999069,122.199069,"1!",0.743191,"Correct","Correct","Error","Correct"
"practice",62,"3_4_stimuli","4_4","Congruent","Incongruent","Incongruent","Incongruent",123.999058,124.199059,"3#",0.759204,"Error","Correct","Correct","Error"
"practice",63,"5_6_stimuli","6_5","Incongruent","Congruent","Incongruent","Incongruent",125.999044,126.199043,"5%",0.871225,"Correct","Error","Correct","Correct"
"practice",64,"7_8_stimuli","8_7","Incongruent","Incongruent","Congruent","Incongruent",127.999028,128.199032,"7&",0.999565,"Correct","Correct","Error","Correct"
"practice",65,"1_2_stimuli","2_2","Congruent","Incongruent","Incongruent","Congruent",129.999021,130.199006,"2@",0.871545,"Correct","Correct","Correct","Error"
"practice",66,"3_4_stimuli","3_4","Incongruent","Congruent","Incongruent","Incongruent",131.999001,132.198996,"4$",1.127286,"Correct","Correct","Correct","Correct"
"practice",67,"5_6_stimuli","6_5","Incongruent","Incongruent","Congruent","Incongruent",133.998985,134.198978,"5%",0.647471,"Correct","Correct","Correct","Correct"
"practice",68,"7_8_stimuli","7_8","Incongruent","Incongruent","Incongruent","Congruent",135.998969,136.19897,"7&",0.823269,"Error","Correct","Correct","Correct"
"1",1,"1_2_stimuli","2_2","Congruent",NA,NA,NA,1.99996,2.199962,"2@",0.773852,"Correct",NA,NA,NA
"1",2,"3_4_stimuli","4_4","Congruent","Congruent",NA,NA,3.999951,4.199946,"4$",0.725867,"Correct","Correct",NA,NA
"1",3,"5_6_stimuli","5_5","Congruent","Congruent","Congruent",NA,5.999936,6.199943,"5%",0.389887,"Correct","Correct","Correct",NA
"1",4,"7_8_stimuli","7_7","Congruent","Congruent","Congruent","Congruent",7.999915,8.199927,"7&",0.725904,"Correct","Correct","Correct","Correct"
"1",5,"1_2_stimuli","1_1","Congruent","Congruent","Congruent","Congruent",9.999913,10.199905,"1!",0.614449,"Correct","Correct","Correct","Correct"
"1",6,"3_4_stimuli","4_3","Incongruent","Congruent","Congruent","Congruent",11.999894,12.199884,"3#",1.349987,"Correct","Correct","Correct","Correct"
"1",7,"5_6_stimuli","5_5","Congruent","Incongruent","Congruent","Congruent",13.99988,14.199869,"5%",0.981955,"Correct","Correct","Correct","Correct"
"1",8,"7_8_stimuli","7_7","Congruent","Congruent","Incongruent","Congruent",15.999854,16.199855,"7&",1.030435,"Correct","Correct","Correct","Correct"
"1",9,"1_2_stimuli","1_2","Incongruent","Congruent","Congruent","Incongruent",17.999858,18.199838,"2@",0.902004,"Correct","Correct","Correct","Correct"
"1",10,"3_4_stimuli","3_4","Incongruent","Incongruent","Congruent","Congruent",19.999829,20.199827,"4$",0.934432,"Correct","Correct","Correct","Correct"
"1",11,"5_6_stimuli","6_5","Incongruent","Incongruent","Incongruent","Congruent",21.999825,22.199819,"5%",0.694305,"Correct","Correct","Correct","Correct"
"1",12,"7_8_stimuli","8_8","Congruent","Incongruent","Incongruent","Incongruent",23.999799,24.199797,"8*",0.630064,"Correct","Correct","Correct","Correct"
"1",13,"1_2_stimuli","1_1","Congruent","Congruent","Incongruent","Incongruent",25.999784,26.199794,"1!",0.662293,"Correct","Correct","Correct","Correct"
"1",14,"3_4_stimuli","4_4","Congruent","Congruent","Congruent","Incongruent",27.999783,28.199786,"4$",0.806505,"Correct","Correct","Correct","Correct"
"1",15,"5_6_stimuli","6_5","Incongruent","Congruent","Congruent","Congruent",29.999766,30.199769,"5%",0.630532,"Correct","Correct","Correct","Correct"
"1",16,"7_8_stimuli","8_8","Congruent","Incongruent","Congruent","Congruent",31.999755,32.199753,"8*",0.662029,"Correct","Correct","Correct","Correct"
"1",17,"1_2_stimuli","2_2","Congruent","Congruent","Incongruent","Congruent",33.999727,34.199732,"2@",1.094758,"Correct","Correct","Correct","Correct"
"1",18,"3_4_stimuli","4_3","Incongruent","Congruent","Congruent","Incongruent",35.999726,36.199731,"3#",1.046639,"Correct","Correct","Correct","Correct"
"1",19,"5_6_stimuli","5_6","Incongruent","Incongruent","Congruent","Congruent",37.999701,38.199713,"5%",1.014401,"Error","Correct","Correct","Correct"
"1",20,"7_8_stimuli","7_8","Incongruent","Incongruent","Incongruent","Congruent",39.999691,40.199695,"8*",1.222761,"Correct","Error","Correct","Correct"
"1",21,"1_2_stimuli","2_1","Incongruent","Incongruent","Incongruent","Incongruent",41.999683,42.199671,"1!",0.69474,"Correct","Correct","Error","Correct"
"1",22,"3_4_stimuli","4_3","Incongruent","Incongruent","Incongruent","Incongruent",43.999666,44.199667,"3#",1.318766,"Correct","Correct","Correct","Error"
"1",23,"5_6_stimuli","5_6","Incongruent","Incongruent","Incongruent","Incongruent",45.99965,46.199653,"7&",1.270696,"Error","Correct","Correct","Correct"
"1",24,"7_8_stimuli","8_7","Incongruent","Incongruent","Incongruent","Incongruent",47.999638,48.199639,"7&",0.950738,"Correct","Error","Correct","Correct"
"1",25,"1_2_stimuli","2_2","Congruent","Incongruent","Incongruent","Incongruent",49.999625,50.199624,"2@",1.078313,"Correct","Correct","Error","Correct"
"1",26,"3_4_stimuli","4_4","Congruent","Congruent","Incongruent","Incongruent",51.999614,52.199613,"4$",1.110438,"Correct","Correct","Correct","Error"
"1",27,"5_6_stimuli","5_6","Incongruent","Congruent","Congruent","Incongruent",53.999606,54.199587,"6^",1.078299,"Correct","Correct","Correct","Correct"
"1",28,"7_8_stimuli","8_7","Incongruent","Incongruent","Congruent","Congruent",55.999592,56.199578,"7&",0.966789,"Correct","Correct","Correct","Correct"
"1",29,"1_2_stimuli","2_1","Incongruent","Incongruent","Incongruent","Congruent",57.999578,58.199564,"1!",0.726763,"Correct","Correct","Correct","Correct"
"1",30,"3_4_stimuli","3_3","Congruent","Incongruent","Incongruent","Incongruent",59.999559,60.199564,"3#",1.110373,"Correct","Correct","Correct","Correct"
"1",31,"5_6_stimuli","6_6","Congruent","Congruent","Incongruent","Incongruent",61.999545,62.199547,"6^",1.302556,"Correct","Correct","Correct","Correct"
"1",32,"7_8_stimuli","7_8","Incongruent","Congruent","Congruent","Incongruent",63.99953,64.199526,"8*",0.726862,"Correct","Correct","Correct","Correct"
"1",33,"1_2_stimuli","2_1","Incongruent","Incongruent","Congruent","Congruent",65.99951,66.199508,"1!",0.774817,"Correct","Correct","Correct","Correct"
"1",34,"3_4_stimuli","4_4","Congruent","Incongruent","Incongruent","Congruent",67.999496,68.199504,"4$",1.222855,"Correct","Correct","Correct","Correct"
"1",35,"5_6_stimuli","6_5","Incongruent","Congruent","Incongruent","Incongruent",69.999479,70.199486,"5%",0.80648,"Correct","Correct","Correct","Correct"
"1",36,"7_8_stimuli","8_8","Congruent","Incongruent","Congruent","Incongruent",71.999475,72.199474,"8*",0.662837,"Correct","Correct","Correct","Correct"
"1",37,"1_2_stimuli","1_2","Incongruent","Congruent","Incongruent","Congruent",73.999448,74.199444,"2@",0.934881,"Correct","Correct","Correct","Correct"
"1",38,"3_4_stimuli","3_3","Congruent","Incongruent","Congruent","Incongruent",75.999447,76.199431,"3#",1.206507,"Correct","Correct","Correct","Correct"
"1",39,"5_6_stimuli","6_6","Congruent","Congruent","Incongruent","Congruent",77.999429,78.19942,"6^",0.918854,"Correct","Correct","Correct","Correct"
"1",40,"7_8_stimuli","7_7","Congruent","Congruent","Congruent","Incongruent",79.999409,80.199403,"8*",1.254428,"Error","Correct","Correct","Correct"
"1",41,"1_2_stimuli","1_2","Incongruent","Congruent","Congruent","Congruent",81.9994,82.1994,"2@",0.998517,"Correct","Error","Correct","Correct"
"1",42,"3_4_stimuli","4_4","Congruent","Incongruent","Congruent","Congruent",83.99939,84.199385,"4$",1.206979,"Correct","Correct","Error","Correct"
"1",43,"5_6_stimuli","5_6","Incongruent","Congruent","Incongruent","Congruent",85.999373,86.199361,"6^",1.254568,"Correct","Correct","Correct","Error"
"1",44,"7_8_stimuli","7_8","Incongruent","Incongruent","Congruent","Incongruent",87.999358,88.199343,"8*",0.791048,"Correct","Correct","Correct","Correct"
"1",45,"1_2_stimuli","1_1","Congruent","Incongruent","Incongruent","Congruent",89.999343,90.199335,"1!",0.662604,"Correct","Correct","Correct","Correct"
"1",46,"3_4_stimuli","3_4","Incongruent","Congruent","Incongruent","Incongruent",91.999331,92.199319,"4$",1.174608,"Correct","Correct","Correct","Correct"
"1",47,"5_6_stimuli","5_5","Congruent","Incongruent","Congruent","Incongruent",93.99931,94.199309,"5%",0.566619,"Correct","Correct","Correct","Correct"
"1",48,"7_8_stimuli","8_7","Incongruent","Congruent","Incongruent","Congruent",95.999296,96.199302,"7&",1.01496,"Correct","Correct","Correct","Correct"
"1",49,"1_2_stimuli","2_2","Congruent","Incongruent","Congruent","Incongruent",97.999277,98.199289,"2@",0.870672,"Correct","Correct","Correct","Correct"
"1",50,"3_4_stimuli","3_3","Congruent","Congruent","Incongruent","Congruent",99.999262,100.19927,"3#",1.174899,"Correct","Correct","Correct","Correct"
"1",51,"5_6_stimuli","6_6","Congruent","Congruent","Congruent","Incongruent",101.999256,102.199244,"Omission",5000,"Omission","Correct","Correct","Correct"
"1",52,"7_8_stimuli","7_8","Incongruent","Congruent","Congruent","Congruent",103.999231,104.199236,"8*",0.823543,"Correct","Omission","Correct","Correct"
"1",53,"1_2_stimuli","2_2","Congruent","Incongruent","Congruent","Congruent",105.999227,106.199232,"2@",0.934727,"Correct","Correct","Omission","Correct"
"1",54,"3_4_stimuli","3_4","Incongruent","Congruent","Incongruent","Congruent",107.999208,108.199199,"4$",0.854768,"Correct","Correct","Correct","Omission"
"1",55,"5_6_stimuli","6_5","Incongruent","Incongruent","Congruent","Incongruent",109.99919,110.199194,"5%",0.87077,"Correct","Correct","Correct","Correct"
"1",56,"7_8_stimuli","7_7","Congruent","Incongruent","Incongruent","Congruent",111.999175,112.199175,"7&",0.886968,"Correct","Correct","Correct","Correct"
"1",57,"1_2_stimuli","2_1","Incongruent","Congruent","Incongruent","Incongruent",113.999162,114.199159,"1!",0.727221,"Correct","Correct","Correct","Correct"
"1",58,"3_4_stimuli","3_4","Incongruent","Incongruent","Congruent","Incongruent",115.999149,116.199149,"4$",1.079417,"Correct","Correct","Correct","Correct"
"1",59,"5_6_stimuli","6_6","Congruent","Incongruent","Incongruent","Congruent",117.99913,118.199136,"6^",1.11085,"Correct","Correct","Correct","Correct"
"1",60,"7_8_stimuli","8_7","Incongruent","Congruent","Incongruent","Incongruent",119.999121,120.19912,"7&",0.695324,"Correct","Correct","Correct","Correct"
"1",61,"1_2_stimuli","1_2","Incongruent","Incongruent","Congruent","Incongruent",121.999105,122.19911,"2@",1.031248,"Correct","Correct","Correct","Correct"
"1",62,"3_4_stimuli","4_3","Incongruent","Incongruent","Incongruent","Congruent",123.999089,124.19909,"3#",0.998988,"Correct","Correct","Correct","Correct"
"1",63,"5_6_stimuli","5_5","Congruent","Incongruent","Incongruent","Incongruent",125.999076,126.199072,"5%",1.063206,"Correct","Correct","Correct","Correct"
"1",64,"7_8_stimuli","8_8","Congruent","Congruent","Incongruent","Incongruent",127.999064,128.199056,"7&",1.303097,"Error","Correct","Correct","Correct"
"1",65,"1_2_stimuli","1_1","Congruent","Congruent","Congruent","Incongruent",129.999048,130.199041,"1!",0.6154,"Correct","Error","Correct","Correct"
"1",66,"3_4_stimuli","3_3","Congruent","Congruent","Congruent","Congruent",131.999027,132.199031,"3#",1.111358,"Correct","Correct","Error","Correct"
"1",67,"5_6_stimuli","5_5","Congruent","Congruent","Congruent","Congruent",133.999014,134.199019,"6^",0.998979,"Error","Correct","Correct","Error"
"1",68,"7_8_stimuli","7_7","Congruent","Congruent","Congruent","Congruent",135.999011,136.199004,"7&",1.238971,"Correct","Error","Correct","Correct"
"2",1,"1_2_stimuli","2_1","Incongruent",NA,NA,NA,1.999976,2.199975,"1!",0.798437,"Correct",NA,NA,NA
"2",2,"3_4_stimuli","4_4","Congruent","Incongruent",NA,NA,3.999964,4.199959,"4$",1.022483,"Correct","Correct",NA,NA
"2",3,"5_6_stimuli","6_6","Congruent","Congruent","Incongruent",NA,5.999945,6.199938,"6^",0.910467,"Correct","Correct","Correct",NA
"2",4,"7_8_stimuli","7_7","Congruent","Congruent","Congruent","Incongruent",7.999928,8.199928,"7&",0.750842,"Correct","Correct","Correct","Correct"
"2",5,"1_2_stimuli","1_2","Incongruent","Congruent","Congruent","Congruent",9.999924,10.199921,"2@",0.750754,"Correct","Correct","Correct","Correct"
"2",6,"3_4_stimuli","3_4","Incongruent","Incongruent","Congruent","Congruent",11.9999,12.199905,"4$",1.086497,"Correct","Correct","Correct","Correct"
"2",7,"5_6_stimuli","5_6","Incongruent","Incongruent","Incongruent","Congruent",13.999894,14.199887,"6^",0.895075,"Correct","Correct","Correct","Correct"
"2",8,"7_8_stimuli","7_8","Incongruent","Incongruent","Incongruent","Incongruent",15.999872,16.199875,"8*",0.734933,"Correct","Correct","Correct","Correct"
"2",9,"1_2_stimuli","2_1","Incongruent","Incongruent","Incongruent","Incongruent",17.999857,18.199859,"1!",0.686527,"Correct","Correct","Correct","Correct"
"2",10,"3_4_stimuli","4_4","Congruent","Incongruent","Incongruent","Incongruent",19.999847,20.199837,"4$",0.910528,"Correct","Correct","Correct","Correct"
"2",11,"5_6_stimuli","5_5","Congruent","Congruent","Incongruent","Incongruent",21.999832,22.199825,"5%",0.846866,"Correct","Correct","Correct","Correct"
"2",12,"7_8_stimuli","7_8","Incongruent","Congruent","Congruent","Incongruent",23.999819,24.199812,"8*",0.862953,"Correct","Correct","Correct","Correct"
"2",13,"1_2_stimuli","2_1","Incongruent","Incongruent","Congruent","Congruent",25.999807,26.1998,"1!",0.606621,"Correct","Correct","Correct","Correct"
"2",14,"3_4_stimuli","3_3","Congruent","Incongruent","Incongruent","Congruent",27.999792,28.199791,"3#",1.118613,"Correct","Correct","Correct","Correct"
"2",15,"5_6_stimuli","5_6","Incongruent","Congruent","Incongruent","Incongruent",29.999766,30.199778,"6^",0.974623,"Correct","Correct","Correct","Correct"
"2",16,"7_8_stimuli","7_7","Congruent","Incongruent","Congruent","Incongruent",31.999749,32.199752,"8*",1.183318,"Error","Correct","Correct","Correct"
"2",17,"1_2_stimuli","2_1","Incongruent","Congruent","Incongruent","Congruent",33.99974,34.199739,"1!",0.591121,"Correct","Error","Correct","Correct"
"2",18,"3_4_stimuli","4_3","Incongruent","Incongruent","Congruent","Incongruent",35.999729,36.199723,"4$",1.19926,"Error","Correct","Error","Correct"
"2",19,"5_6_stimuli","5_5","Congruent","Incongruent","Incongruent","Congruent",37.999719,38.199711,"5%",1.10269,"Correct","Error","Correct","Error"
"2",20,"7_8_stimuli","8_8","Congruent","Congruent","Incongruent","Incongruent",39.999699,40.199705,"8*",0.703203,"Correct","Correct","Error","Correct"
"2",21,"1_2_stimuli","2_2","Congruent","Congruent","Congruent","Incongruent",41.999682,42.199683,"2@",0.910723,"Correct","Correct","Correct","Error"
"2",22,"3_4_stimuli","3_3","Congruent","Congruent","Congruent","Congruent",43.999667,44.199665,"3#",0.782891,"Correct","Correct","Correct","Correct"
"2",23,"5_6_stimuli","6_6","Congruent","Congruent","Congruent","Congruent",45.999654,46.199661,"6^",0.927209,"Correct","Correct","Correct","Correct"
"2",24,"7_8_stimuli","8_7","Incongruent","Congruent","Congruent","Congruent",47.999647,48.199643,"7&",1.262853,"Correct","Correct","Correct","Correct"
"2",25,"1_2_stimuli","1_1","Congruent","Incongruent","Congruent","Congruent",49.999626,50.199625,"1!",0.670788,"Correct","Correct","Correct","Correct"
"2",26,"3_4_stimuli","3_4","Incongruent","Congruent","Incongruent","Congruent",51.999608,52.19961,"4$",1.486774,"Correct","Correct","Correct","Correct"
"2",27,"5_6_stimuli","5_6","Incongruent","Incongruent","Congruent","Incongruent",53.999599,54.199599,"6^",0.863124,"Correct","Correct","Correct","Correct"
"2",28,"7_8_stimuli","8_7","Incongruent","Incongruent","Incongruent","Congruent",55.999576,56.199586,"7&",1.022776,"Correct","Correct","Correct","Correct"
"2",29,"1_2_stimuli","1_1","Congruent","Incongruent","Incongruent","Incongruent",57.999568,58.199564,"1!",0.671286,"Correct","Correct","Correct","Correct"
"2",30,"3_4_stimuli","3_4","Incongruent","Congruent","Incongruent","Incongruent",59.999551,60.199546,"4$",1.215078,"Correct","Correct","Correct","Correct"
"2",31,"5_6_stimuli","6_6","Congruent","Incongruent","Congruent","Incongruent",61.99954,62.199536,"7&",0.718937,"Error","Correct","Correct","Correct"
"2",32,"7_8_stimuli","8_7","Incongruent","Congruent","Incongruent","Congruent",63.999525,64.199523,"6^",0.846925,"Error","Error","Correct","Correct"
"2",33,"1_2_stimuli","1_2","Incongruent","Incongruent","Congruent","Incongruent",65.999514,66.199503,"2@",0.879361,"Correct","Error","Error","Correct"
"2",34,"3_4_stimuli","4_3","Incongruent","Incongruent","Incongruent","Congruent",67.999495,68.199487,"3#",0.639292,"Correct","Correct","Error","Error"
"2",35,"5_6_stimuli","5_5","Congruent","Incongruent","Incongruent","Incongruent",69.999475,70.199479,"6^",0.911017,"Error","Correct","Correct","Error"
"2",36,"7_8_stimuli","8_7","Incongruent","Congruent","Incongruent","Incongruent",71.999463,72.199463,"7&",1.32746,"Correct","Error","Correct","Correct"
"2",37,"1_2_stimuli","2_2","Congruent","Incongruent","Congruent","Incongruent",73.999427,74.199446,"Omission",5000,"Omission","Correct","Error","Correct"
"2",38,"3_4_stimuli","3_3","Congruent","Congruent","Incongruent","Congruent",75.999435,76.199441,"3#",1.391443,"Correct","Omission","Correct","Error"
"2",39,"5_6_stimuli","6_5","Incongruent","Congruent","Congruent","Incongruent",77.999415,78.199425,"6^",0.87952,"Error","Correct","Omission","Correct"
"2",40,"7_8_stimuli","7_8","Incongruent","Incongruent","Congruent","Congruent",79.9994,80.199406,"8*",0.70335,"Correct","Error","Correct","Omission"
"2",41,"1_2_stimuli","2_2","Congruent","Incongruent","Incongruent","Congruent",81.999395,82.199384,"2@",0.991072,"Correct","Correct","Error","Correct"
"2",42,"3_4_stimuli","4_4","Congruent","Congruent","Incongruent","Incongruent",83.999377,84.19937,"4$",0.89549,"Correct","Correct","Correct","Error"
"2",43,"5_6_stimuli","6_6","Congruent","Congruent","Congruent","Incongruent",85.999363,86.199353,"6^",0.815539,"Correct","Correct","Correct","Correct"
"2",44,"7_8_stimuli","7_7","Congruent","Congruent","Congruent","Congruent",87.999339,88.199342,"7&",0.591293,"Correct","Correct","Correct","Correct"
"2",45,"1_2_stimuli","2_2","Congruent","Congruent","Congruent","Congruent",89.999331,90.199334,"2@",0.959707,"Correct","Correct","Correct","Correct"
"2",46,"3_4_stimuli","3_4","Incongruent","Congruent","Congruent","Congruent",91.999315,92.199307,"4$",1.455134,"Correct","Correct","Correct","Correct"
"2",47,"5_6_stimuli","6_5","Incongruent","Incongruent","Congruent","Congruent",93.9993,94.199298,"5%",0.831383,"Correct","Correct","Correct","Correct"
"2",48,"7_8_stimuli","8_8","Congruent","Incongruent","Incongruent","Congruent",95.999286,96.199275,"8*",0.671173,"Correct","Correct","Correct","Correct"
"2",49,"1_2_stimuli","1_2","Incongruent","Congruent","Incongruent","Incongruent",97.999275,98.199265,"2@",0.991197,"Correct","Correct","Correct","Correct"
"2",50,"3_4_stimuli","4_4","Congruent","Incongruent","Congruent","Incongruent",99.999252,100.199257,"4$",0.719777,"Correct","Correct","Correct","Correct"
"2",51,"5_6_stimuli","6_5","Incongruent","Congruent","Incongruent","Congruent",101.999244,102.199233,"5%",0.7676,"Correct","Correct","Correct","Correct"
"2",52,"7_8_stimuli","7_8","Incongruent","Incongruent","Congruent","Incongruent",103.99923,104.199224,"7&",1.135268,"Error","Correct","Correct","Correct"
"2",53,"1_2_stimuli","1_2","Incongruent","Incongruent","Incongruent","Congruent",105.999215,106.199207,"2@",0.975488,"Correct","Error","Correct","Correct"
"2",54,"3_4_stimuli","4_3","Incongruent","Incongruent","Incongruent","Incongruent",107.999202,108.199194,"3#",0.831638,"Correct","Correct","Error","Correct"
"2",55,"5_6_stimuli","5_6","Incongruent","Incongruent","Incongruent","Incongruent",109.999181,110.199183,"6^",0.92727,"Correct","Correct","Correct","Error"
"2",56,"7_8_stimuli","8_8","Congruent","Incongruent","Incongruent","Incongruent",111.999171,112.199171,"8*",0.86353,"Correct","Correct","Correct","Correct"
"2",57,"1_2_stimuli","1_1","Congruent","Congruent","Incongruent","Incongruent",113.999153,114.19915,"1!",0.703406,"Correct","Correct","Correct","Correct"
"2",58,"3_4_stimuli","3_3","Congruent","Congruent","Congruent","Incongruent",115.99914,116.199134,"4$",1.215862,"Error","Correct","Correct","Correct"
"2",59,"5_6_stimuli","6_5","Incongruent","Congruent","Congruent","Congruent",117.999124,118.199124,"6^",0.831388,"Error","Error","Correct","Correct"
"2",60,"7_8_stimuli","7_7","Congruent","Incongruent","Congruent","Congruent",119.999103,120.199112,"7&",0.943694,"Correct","Error","Error","Correct"
"2",61,"1_2_stimuli","1_1","Congruent","Congruent","Incongruent","Congruent",121.99909,122.199087,"1!",0.783968,"Correct","Correct","Error","Error"
"2",62,"3_4_stimuli","4_3","Incongruent","Congruent","Congruent","Incongruent",123.999076,124.199073,"3#",1.023936,"Correct","Correct","Correct","Error"
"2",63,"5_6_stimuli","5_5","Congruent","Incongruent","Congruent","Congruent",125.999065,126.199054,"6^",1.231974,"Error","Correct","Correct","Correct"
"2",64,"7_8_stimuli","8_8","Congruent","Congruent","Incongruent","Congruent",127.999047,128.199045,"8*",0.671921,"Correct","Error","Correct","Correct"
"2",65,"1_2_stimuli","2_1","Incongruent","Congruent","Congruent","Incongruent",129.999032,130.199034,"1!",0.79991,"Correct","Correct","Error","Correct"
"2",66,"3_4_stimuli","4_4","Congruent","Incongruent","Congruent","Congruent",131.999019,132.199016,"4$",0.943593,"Correct","Correct","Correct","Error"
"2",67,"5_6_stimuli","6_6","Congruent","Congruent","Incongruent","Congruent",133.999004,134.199001,"7&",0.751998,"Error","Correct","Correct","Correct"
"2",68,"7_8_stimuli","7_7","Congruent","Congruent","Congruent","Incongruent",135.998996,136.198992,"Omission",5000,"Omission","Error","Correct","Correct"
"3",1,"1_2_stimuli","1_1","Congruent",NA,NA,NA,1.999996,2.199992,"1!",0.664278,"Correct",NA,NA,NA
"3",2,"3_4_stimuli","4_3","Incongruent","Congruent",NA,NA,3.99998,4.199975,"3#",1.303049,"Correct","Correct",NA,NA
"3",3,"5_6_stimuli","5_5","Congruent","Incongruent","Congruent",NA,5.999962,6.199961,"5%",0.791288,"Correct","Correct","Correct",NA
"3",4,"7_8_stimuli","8_7","Incongruent","Congruent","Incongruent","Congruent",7.999944,8.199954,"7&",0.855049,"Correct","Correct","Correct","Correct"
"3",5,"1_2_stimuli","1_1","Congruent","Incongruent","Congruent","Incongruent",9.99993,10.19994,"1!",0.631626,"Correct","Correct","Correct","Correct"
"3",6,"3_4_stimuli","3_3","Congruent","Congruent","Incongruent","Congruent",11.999923,12.199912,"3#",0.951502,"Correct","Correct","Correct","Correct"
"3",7,"5_6_stimuli","5_5","Congruent","Congruent","Congruent","Incongruent",13.999899,14.199913,"5%",1.143176,"Correct","Correct","Correct","Correct"
"3",8,"7_8_stimuli","7_7","Congruent","Congruent","Congruent","Congruent",15.999895,16.199888,"6^",0.871132,"Error","Correct","Correct","Correct"
"3",9,"1_2_stimuli","2_2","Congruent","Congruent","Congruent","Congruent",17.99987,18.199873,"2@",1.015558,"Correct","Error","Correct","Correct"
"3",10,"3_4_stimuli","3_4","Incongruent","Congruent","Congruent","Congruent",19.999859,20.199859,"4$",1.11177,"Correct","Correct","Error","Correct"
"3",11,"5_6_stimuli","6_6","Congruent","Incongruent","Congruent","Congruent",21.999849,22.19985,"6^",1.319504,"Correct","Correct","Correct","Error"
"3",12,"7_8_stimuli","7_7","Congruent","Congruent","Incongruent","Congruent",23.999828,24.19983,"7&",0.615612,"Correct","Correct","Correct","Correct"
"3",13,"1_2_stimuli","1_2","Incongruent","Congruent","Congruent","Incongruent",25.999815,26.199815,"2@",1.143738,"Correct","Correct","Correct","Correct"
"3",14,"3_4_stimuli","3_3","Congruent","Incongruent","Congruent","Congruent",27.999809,28.199808,"3#",0.695661,"Correct","Correct","Correct","Correct"
"3",15,"5_6_stimuli","6_5","Incongruent","Congruent","Incongruent","Congruent",29.999787,30.199792,"5%",0.999279,"Correct","Correct","Correct","Correct"
"3",16,"7_8_stimuli","7_7","Congruent","Incongruent","Congruent","Incongruent",31.99978,32.199772,"7&",0.823275,"Correct","Correct","Correct","Correct"
"3",17,"1_2_stimuli","2_2","Congruent","Congruent","Incongruent","Congruent",33.999759,34.199763,"2@",0.967842,"Correct","Correct","Correct","Correct"
"3",18,"3_4_stimuli","3_3","Congruent","Congruent","Congruent","Incongruent",35.999739,36.199746,"3#",0.615839,"Correct","Correct","Correct","Correct"
"3",19,"5_6_stimuli","5_6","Incongruent","Congruent","Congruent","Congruent",37.999736,38.199726,"5%",1.159765,"Error","Correct","Correct","Correct"
"3",20,"7_8_stimuli","7_8","Incongruent","Incongruent","Congruent","Congruent",39.999723,40.199719,"8*",1.047534,"Correct","Error","Correct","Correct"
"3",21,"1_2_stimuli","2_1","Incongruent","Incongruent","Incongruent","Congruent",41.999709,42.199701,"1!",0.759989,"Correct","Correct","Error","Correct"
"3",22,"3_4_stimuli","4_3","Incongruent","Incongruent","Incongruent","Incongruent",43.999692,44.199683,"Omission",5000,"Omission","Correct","Correct","Error"
"3",23,"5_6_stimuli","6_6","Congruent","Incongruent","Incongruent","Incongruent",45.999666,46.199661,"6^",1.11197,"Correct","Omission","Correct","Correct"
"3",24,"7_8_stimuli","7_8","Incongruent","Congruent","Incongruent","Incongruent",47.999658,48.199665,"8*",0.759723,"Correct","Correct","Omission","Correct"
"3",25,"1_2_stimuli","2_1","Incongruent","Incongruent","Congruent","Incongruent",49.999643,50.199638,"1!",0.759703,"Correct","Correct","Correct","Omission"
"3",26,"3_4_stimuli","4_3","Incongruent","Incongruent","Incongruent","Congruent",51.999627,52.199623,"3#",1.175471,"Correct","Correct","Correct","Correct"
"3",27,"5_6_stimuli","5_6","Incongruent","Incongruent","Incongruent","Incongruent",53.99961,54.199613,"6^",1.079379,"Correct","Correct","Correct","Correct"
"3",28,"7_8_stimuli","8_8","Congruent","Incongruent","Incongruent","Incongruent",55.999604,56.199604,"8*",0.712122,"Correct","Correct","Correct","Correct"
"3",29,"1_2_stimuli","1_1","Congruent","Congruent","Incongruent","Incongruent",57.99958,58.199587,"1!",0.743563,"Correct","Correct","Correct","Correct"
"3",30,"3_4_stimuli","3_4","Incongruent","Congruent","Congruent","Incongruent",59.999566,60.19957,"4$",0.887853,"Correct","Correct","Correct","Correct"
"3",31,"5_6_stimuli","6_5","Incongruent","Incongruent","Congruent","Congruent",61.999557,62.199558,"5%",0.679563,"Correct","Correct","Correct","Correct"
"3",32,"7_8_stimuli","8_8","Congruent","Incongruent","Incongruent","Congruent",63.999535,64.199534,"8*",0.535898,"Correct","Correct","Correct","Correct"
"3",33,"1_2_stimuli","2_1","Incongruent","Congruent","Incongruent","Incongruent",65.999512,66.199528,"1!",0.711641,"Correct","Correct","Correct","Correct"
"3",34,"3_4_stimuli","4_4","Congruent","Incongruent","Congruent","Incongruent",67.999501,68.199507,"4$",0.903856,"Correct","Correct","Correct","Correct"
"3",35,"5_6_stimuli","5_5","Congruent","Congruent","Incongruent","Congruent",69.999497,70.1995,"5%",0.807627,"Correct","Correct","Correct","Correct"
"3",36,"7_8_stimuli","8_7","Incongruent","Congruent","Congruent","Incongruent",71.999481,72.199476,"7&",0.935638,"Correct","Correct","Correct","Correct"
"3",37,"1_2_stimuli","1_2","Incongruent","Incongruent","Congruent","Congruent",73.999462,74.199463,"2@",0.919981,"Correct","Correct","Correct","Correct"
"3",38,"3_4_stimuli","4_4","Congruent","Incongruent","Incongruent","Congruent",75.999448,76.199456,"4$",0.808155,"Correct","Correct","Correct","Correct"
"3",39,"5_6_stimuli","5_5","Congruent","Congruent","Incongruent","Incongruent",77.999436,78.199438,"5%",0.631689,"Correct","Correct","Correct","Correct"
"3",40,"7_8_stimuli","8_8","Congruent","Congruent","Congruent","Incongruent",79.999418,80.199416,"8*",0.647704,"Correct","Correct","Correct","Correct"
"3",41,"1_2_stimuli","1_2","Incongruent","Congruent","Congruent","Congruent",81.999406,82.199409,"2@",1.063693,"Correct","Correct","Correct","Correct"
"3",42,"3_4_stimuli","4_3","Incongruent","Incongruent","Congruent","Congruent",83.999393,84.199389,"3#",0.551768,"Correct","Correct","Correct","Correct"
"3",43,"5_6_stimuli","6_6","Congruent","Incongruent","Incongruent","Congruent",85.999384,86.199377,"5%",0.904185,"Error","Correct","Correct","Correct"
"3",44,"7_8_stimuli","7_7","Congruent","Congruent","Incongruent","Incongruent",87.999361,88.199365,"Omission",5000,"Omission","Error","Correct","Correct"
"3",45,"1_2_stimuli","1_1","Congruent","Congruent","Congruent","Incongruent",89.99934,90.199352,"1!",0.648348,"Correct","Omission","Error","Correct"
"3",46,"3_4_stimuli","3_3","Congruent","Congruent","Congruent","Congruent",91.999327,92.199334,"3#",0.952253,"Correct","Correct","Omission","Error"
"3",47,"5_6_stimuli","6_6","Congruent","Congruent","Congruent","Congruent",93.999318,94.199311,"7&",0.775821,"Error","Correct","Correct","Omission"
"3",48,"7_8_stimuli","8_7","Incongruent","Congruent","Congruent","Congruent",95.999295,96.199293,"7&",1.207857,"Correct","Error","Correct","Correct"
"3",49,"1_2_stimuli","2_2","Congruent","Incongruent","Congruent","Congruent",97.999279,98.19928,"2@",0.872013,"Correct","Correct","Error","Correct"
"3",50,"3_4_stimuli","4_3","Incongruent","Congruent","Incongruent","Congruent",99.99927,100.199264,"3#",0.935938,"Correct","Correct","Correct","Error"
"3",51,"5_6_stimuli","6_5","Incongruent","Incongruent","Congruent","Incongruent",101.999249,102.199247,"6^",1.080513,"Error","Correct","Correct","Correct"
"3",52,"7_8_stimuli","8_7","Incongruent","Incongruent","Incongruent","Congruent",103.999234,104.199242,"7&",0.871933,"Correct","Error","Correct","Correct"
"3",53,"1_2_stimuli","2_1","Incongruent","Incongruent","Incongruent","Incongruent",105.999223,106.199219,"1!",0.680456,"Correct","Correct","Error","Correct"
"3",54,"3_4_stimuli","4_4","Congruent","Incongruent","Incongruent","Incongruent",107.999206,108.199207,"4$",0.904518,"Correct","Correct","Correct","Error"
"3",55,"5_6_stimuli","5_6","Incongruent","Congruent","Incongruent","Incongruent",109.999196,110.19919,"6^",1.031992,"Correct","Correct","Correct","Correct"
"3",56,"7_8_stimuli","7_8","Incongruent","Incongruent","Congruent","Incongruent",111.999181,112.199175,"8*",0.855969,"Correct","Correct","Correct","Correct"
"3",57,"1_2_stimuli","2_2","Congruent","Incongruent","Incongruent","Congruent",113.999161,114.199159,"2@",1.048581,"Correct","Correct","Correct","Correct"
"3",58,"3_4_stimuli","4_4","Congruent","Congruent","Incongruent","Incongruent",115.999154,116.19915,"4$",1.016459,"Correct","Correct","Correct","Correct"
"3",59,"5_6_stimuli","5_6","Incongruent","Congruent","Congruent","Incongruent",117.999141,118.199133,"6^",1.272627,"Correct","Correct","Correct","Correct"
"3",60,"7_8_stimuli","8_8","Congruent","Incongruent","Congruent","Congruent",119.99913,120.199117,"8*",0.680637,"Correct","Correct","Correct","Correct"
"3",61,"1_2_stimuli","1_2","Incongruent","Congruent","Incongruent","Congruent",121.999101,122.1991,"2@",1.160292,"Correct","Correct","Correct","Correct"
"3",62,"3_4_stimuli","3_4","Incongruent","Incongruent","Congruent","Incongruent",123.9991,124.199088,"4$",0.904635,"Correct","Correct","Correct","Correct"
"3",63,"5_6_stimuli","6_5","Incongruent","Incongruent","Incongruent","Congruent",125.999074,126.199082,"5%",0.840394,"Correct","Correct","Correct","Correct"
"3",64,"7_8_stimuli","7_8","Incongruent","Incongruent","Incongruent","Incongruent",127.999063,128.199056,"8*",0.968157,"Correct","Correct","Correct","Correct"
"3",65,"1_2_stimuli","1_1","Congruent","Incongruent","Incongruent","Incongruent",129.999051,130.199044,"2@",0.584717,"Error","Correct","Correct","Correct"
"3",66,"3_4_stimuli","3_4","Incongruent","Congruent","Incongruent","Incongruent",131.999045,132.199018,"4$",0.888147,"Correct","Error","Correct","Correct"
"3",67,"5_6_stimuli","5_5","Congruent","Incongruent","Congruent","Incongruent",133.999017,134.199016,"6^",1.192593,"Error","Correct","Error","Correct"
"3",68,"7_8_stimuli","8_7","Incongruent","Congruent","Incongruent","Congruent",135.999005,136.199018,"Omission",5000,"Omission","Error","Correct","Error"
"4",1,"1_2_stimuli","2_2","Congruent",NA,NA,NA,1.999979,2.199977,"2@",0.846354,"Correct",NA,NA,NA
"4",2,"3_4_stimuli","4_4","Congruent","Congruent",NA,NA,3.99997,4.199963,"4$",1.262716,"Correct","Correct",NA,NA
"4",3,"5_6_stimuli","5_5","Congruent","Congruent","Congruent",NA,5.999947,6.199957,"5%",0.414984,"Correct","Correct","Correct",NA
"4",4,"7_8_stimuli","8_7","Incongruent","Congruent","Congruent","Congruent",7.999944,8.199939,"7&",0.86261,"Correct","Correct","Correct","Correct"
"4",5,"1_2_stimuli","2_1","Incongruent","Incongruent","Congruent","Congruent",9.999927,10.199918,"Omission",5000,"Omission","Correct","Correct","Correct"
"4",6,"3_4_stimuli","4_4","Congruent","Incongruent","Incongruent","Congruent",11.999906,12.199906,"4$",0.782745,"Correct","Omission","Correct","Correct"
"4",7,"5_6_stimuli","5_5","Congruent","Congruent","Incongruent","Incongruent",13.99989,14.199894,"5%",0.415067,"Correct","Correct","Omission","Correct"
"4",8,"7_8_stimuli","7_8","Incongruent","Congruent","Congruent","Incongruent",15.999877,16.199884,"8*",0.766893,"Correct","Correct","Correct","Omission"
"4",9,"1_2_stimuli","2_2","Congruent","Incongruent","Congruent","Congruent",17.999861,18.199868,"2@",1.038473,"Correct","Correct","Correct","Correct"
"4",10,"3_4_stimuli","4_4","Congruent","Congruent","Incongruent","Congruent",19.999842,20.199845,"4$",0.638951,"Correct","Correct","Correct","Correct"
"4",11,"5_6_stimuli","5_6","Incongruent","Congruent","Congruent","Incongruent",21.999836,22.199824,"6^",1.038888,"Correct","Correct","Correct","Correct"
"4",12,"7_8_stimuli","8_7","Incongruent","Incongruent","Congruent","Congruent",23.999821,24.199817,"6^",0.927398,"Error","Correct","Correct","Correct"
"4",13,"1_2_stimuli","1_2","Incongruent","Incongruent","Incongruent","Congruent",25.999806,26.199801,"2@",0.831006,"Correct","Error","Correct","Correct"
"4",14,"3_4_stimuli","3_3","Congruent","Incongruent","Incongruent","Incongruent",27.999793,28.199795,"3#",0.878766,"Correct","Correct","Error","Correct"
"4",15,"5_6_stimuli","6_5","Incongruent","Congruent","Incongruent","Incongruent",29.999777,30.199774,"6^",0.879018,"Error","Correct","Correct","Error"
"4",16,"7_8_stimuli","8_8","Congruent","Incongruent","Congruent","Incongruent",31.999765,32.199753,"8*",0.654586,"Correct","Error","Correct","Correct"
"4",17,"1_2_stimuli","2_1","Incongruent","Congruent","Incongruent","Congruent",33.999751,34.19974,"1!",0.87863,"Correct","Correct","Error","Correct"
"4",18,"3_4_stimuli","3_3","Congruent","Incongruent","Congruent","Incongruent",35.99973,36.199735,"3#",1.086823,"Correct","Correct","Correct","Error"
"4",19,"5_6_stimuli","5_6","Incongruent","Congruent","Incongruent","Congruent",37.999715,38.199714,"6^",1.310639,"Correct","Correct","Correct","Correct"
"4",20,"7_8_stimuli","8_7","Incongruent","Incongruent","Congruent","Incongruent",39.999708,40.19971,"7&",0.959005,"Correct","Correct","Correct","Correct"
"4",21,"1_2_stimuli","2_2","Congruent","Incongruent","Incongruent","Congruent",41.999683,42.199693,"2@",0.798692,"Correct","Correct","Correct","Correct"
"4",22,"3_4_stimuli","4_3","Incongruent","Congruent","Incongruent","Incongruent",43.999666,44.199669,"3#",0.671175,"Correct","Correct","Correct","Correct"
"4",23,"5_6_stimuli","5_6","Incongruent","Incongruent","Congruent","Incongruent",45.999659,46.199664,"6^",0.7509,"Correct","Correct","Correct","Correct"
"4",24,"7_8_stimuli","8_8","Congruent","Incongruent","Incongruent","Congruent",47.999639,48.199637,"8*",0.959093,"Correct","Correct","Correct","Correct"
"4",25,"1_2_stimuli","1_2","Incongruent","Congruent","Incongruent","Incongruent",49.999635,50.199626,"3#",1.006794,"Error","Correct","Correct","Correct"
"4",26,"3_4_stimuli","4_3","Incongruent","Incongruent","Congruent","Incongruent",51.999604,52.199619,"3#",1.103269,"Correct","Error","Correct","Correct"
"4",27,"5_6_stimuli","6_6","Congruent","Incongruent","Incongruent","Congruent",53.999594,54.199605,"6^",1.134799,"Correct","Correct","Error","Correct"
"4",28,"7_8_stimuli","7_7","Congruent","Congruent","Incongruent","Incongruent",55.999588,56.199582,"7&",0.878804,"Correct","Correct","Correct","Error"
"4",29,"1_2_stimuli","2_2","Congruent","Congruent","Congruent","Incongruent",57.999573,58.199573,"2@",0.702835,"Correct","Correct","Correct","Correct"
"4",30,"3_4_stimuli","3_3","Congruent","Congruent","Congruent","Congruent",59.99956,60.199547,"3#",0.559198,"Correct","Correct","Correct","Correct"
"4",31,"5_6_stimuli","5_6","Incongruent","Congruent","Congruent","Congruent",61.999538,62.199541,"6^",1.103156,"Correct","Correct","Correct","Correct"
"4",32,"7_8_stimuli","8_8","Congruent","Incongruent","Congruent","Congruent",63.999529,64.199554,"8*",0.750821,"Correct","Correct","Correct","Correct"
"4",33,"1_2_stimuli","1_1","Congruent","Congruent","Incongruent","Congruent",65.999515,66.199515,"1!",0.71928,"Correct","Correct","Correct","Correct"
"4",34,"3_4_stimuli","3_3","Congruent","Congruent","Congruent","Incongruent",67.999491,68.1995,"3#",1.166929,"Correct","Correct","Correct","Correct"
"4",35,"5_6_stimuli","6_6","Congruent","Congruent","Congruent","Congruent",69.999483,70.199484,"6^",0.799276,"Correct","Correct","Correct","Correct"
"4",36,"7_8_stimuli","7_7","Congruent","Congruent","Congruent","Congruent",71.999473,72.199466,"7&",0.879324,"Correct","Correct","Correct","Correct"
"4",37,"1_2_stimuli","2_1","Incongruent","Congruent","Congruent","Congruent",73.99946,74.199448,"8*",0.670961,"Error","Correct","Correct","Correct"
"4",38,"3_4_stimuli","4_4","Congruent","Incongruent","Congruent","Congruent",75.999435,76.199434,"4$",1.118989,"Correct","Error","Correct","Correct"
"4",39,"5_6_stimuli","5_5","Congruent","Congruent","Incongruent","Congruent",77.99943,78.199424,"5%",0.735393,"Correct","Correct","Error","Correct"
"4",40,"7_8_stimuli","8_8","Congruent","Congruent","Congruent","Incongruent",79.999403,80.199407,"8*",0.767579,"Correct","Correct","Correct","Error"
"4",41,"1_2_stimuli","1_1","Congruent","Congruent","Congruent","Congruent",81.999394,82.199383,"1!",0.655094,"Correct","Correct","Correct","Correct"
"4",42,"3_4_stimuli","3_4","Incongruent","Congruent","Congruent","Congruent",83.999378,84.199369,"4$",0.991081,"Correct","Correct","Correct","Correct"
"4",43,"5_6_stimuli","6_6","Congruent","Incongruent","Congruent","Congruent",85.99936,86.199363,"6^",0.959063,"Correct","Correct","Correct","Correct"
"4",44,"7_8_stimuli","7_8","Incongruent","Congruent","Incongruent","Congruent",87.999343,88.199354,"8*",1.167137,"Correct","Correct","Correct","Correct"
"4",45,"1_2_stimuli","2_1","Incongruent","Incongruent","Congruent","Incongruent",89.999339,90.199334,"1!",0.735091,"Correct","Correct","Correct","Correct"
"4",46,"3_4_stimuli","4_3","Incongruent","Incongruent","Incongruent","Congruent",91.99932,92.199317,"3#",1.13563,"Correct","Correct","Correct","Correct"
"4",47,"5_6_stimuli","6_6","Congruent","Incongruent","Incongruent","Incongruent",93.999313,94.199312,"6^",1.05567,"Correct","Correct","Correct","Correct"
"4",48,"7_8_stimuli","7_8","Incongruent","Congruent","Incongruent","Incongruent",95.999291,96.199283,"8*",0.815346,"Correct","Correct","Correct","Correct"
"4",49,"1_2_stimuli","2_2","Congruent","Incongruent","Congruent","Incongruent",97.999276,98.199276,"3#",1.19991,"Error","Correct","Correct","Correct"
"4",50,"3_4_stimuli","3_4","Incongruent","Congruent","Incongruent","Congruent",99.999264,100.199256,"4$",1.119233,"Correct","Error","Correct","Correct"
"4",51,"5_6_stimuli","5_5","Congruent","Incongruent","Congruent","Incongruent",101.999249,102.19924,"5%",0.943249,"Correct","Correct","Error","Correct"
"4",52,"7_8_stimuli","7_7","Congruent","Congruent","Incongruent","Congruent",103.99923,104.199233,"7&",1.135365,"Correct","Correct","Correct","Error"
"4",53,"1_2_stimuli","1_2","Incongruent","Congruent","Congruent","Incongruent",105.999222,106.199227,"2@",1.087772,"Correct","Correct","Correct","Correct"
"4",54,"3_4_stimuli","3_4","Incongruent","Incongruent","Congruent","Congruent",107.999203,108.1992,"3#",0.97522,"Error","Correct","Correct","Correct"
"4",55,"5_6_stimuli","6_5","Incongruent","Incongruent","Incongruent","Congruent",109.999194,110.199195,"5%",0.927599,"Correct","Error","Correct","Correct"
"4",56,"7_8_stimuli","7_7","Congruent","Incongruent","Incongruent","Incongruent",111.999178,112.199172,"7&",1.071799,"Correct","Correct","Error","Correct"
"4",57,"1_2_stimuli","1_1","Congruent","Congruent","Incongruent","Incongruent",113.999159,114.199163,"1!",0.687744,"Correct","Correct","Correct","Error"
"4",58,"3_4_stimuli","4_3","Incongruent","Congruent","Congruent","Incongruent",115.99915,116.199149,"3#",1.327613,"Correct","Correct","Correct","Correct"
"4",59,"5_6_stimuli","6_5","Incongruent","Incongruent","Congruent","Congruent",117.999136,118.199136,"6^",0.767333,"Error","Correct","Correct","Correct"
"4",60,"7_8_stimuli","8_7","Incongruent","Incongruent","Incongruent","Congruent",119.999124,120.199135,"7&",0.9439,"Correct","Error","Correct","Correct"
"4",61,"1_2_stimuli","1_2","Incongruent","Incongruent","Incongruent","Incongruent",121.999101,122.199105,"2@",0.799775,"Correct","Correct","Error","Correct"
"4",62,"3_4_stimuli","3_4","Incongruent","Incongruent","Incongruent","Incongruent",123.99909,124.199099,"4$",1.007751,"Correct","Correct","Correct","Error"
"4",63,"5_6_stimuli","6_5","Incongruent","Incongruent","Incongruent","Incongruent",125.999078,126.19908,"5%",0.703972,"Correct","Correct","Correct","Correct"
"4",64,"7_8_stimuli","8_7","Incongruent","Incongruent","Incongruent","Incongruent",127.999068,128.199065,"7&",0.895954,"Correct","Correct","Correct","Correct"
"4",65,"1_2_stimuli","1_1","Congruent","Incongruent","Incongruent","Incongruent",129.999053,130.199049,"1!",0.783789,"Correct","Correct","Correct","Correct"
"4",66,"3_4_stimuli","4_4","Congruent","Congruent","Incongruent","Incongruent",131.999039,132.199034,"4$",0.911465,"Correct","Correct","Correct","Correct"
"4",67,"5_6_stimuli","5_5","Congruent","Congruent","Congruent","Incongruent",133.999025,134.19903,"5%",0.87989,"Correct","Correct","Correct","Correct"
"4",68,"7_8_stimuli","7_8","Incongruent","Congruent","Congruent","Congruent",135.999018,136.199011,"8*",0.639985,"Correct","Correct","Correct","Correct"
"5",1,"1_2_stimuli","1_2","Incongruent",NA,NA,NA,1.999973,2.199982,"2@",1.003745,"Correct",NA,NA,NA
"5",2,"3_4_stimuli","4_4","Congruent","Incongruent",NA,NA,3.999965,4.199965,"4$",0.731512,"Correct","Correct",NA,NA
"5",3,"5_6_stimuli","6_6","Congruent","Congruent","Incongruent",NA,5.999949,6.199951,"6^",0.875806,"Correct","Correct","Correct",NA
"5",4,"7_8_stimuli","8_7","Incongruent","Congruent","Congruent","Incongruent",7.999927,8.199939,"7&",0.635634,"Correct","Correct","Correct","Correct"
"5",5,"1_2_stimuli","2_2","Congruent","Incongruent","Congruent","Congruent",9.999927,10.199918,"2@",0.684012,"Correct","Correct","Correct","Correct"
"5",6,"3_4_stimuli","3_4","Incongruent","Congruent","Incongruent","Congruent",11.999909,12.1999,"4$",0.795981,"Correct","Correct","Correct","Correct"
"5",7,"5_6_stimuli","6_5","Incongruent","Incongruent","Congruent","Incongruent",13.999894,14.199886,"5%",0.667692,"Correct","Correct","Correct","Correct"
"5",8,"7_8_stimuli","7_8","Incongruent","Incongruent","Incongruent","Congruent",15.999873,16.199874,"8*",0.764255,"Correct","Correct","Correct","Correct"
"5",9,"1_2_stimuli","1_2","Incongruent","Incongruent","Incongruent","Incongruent",17.999865,18.199869,"2@",0.763698,"Correct","Correct","Correct","Correct"
"5",10,"3_4_stimuli","4_3","Incongruent","Incongruent","Incongruent","Incongruent",19.999848,20.199853,"3#",0.396191,"Correct","Correct","Correct","Correct"
"5",11,"5_6_stimuli","5_6","Incongruent","Incongruent","Incongruent","Incongruent",21.999835,22.199832,"6^",1.147939,"Correct","Correct","Correct","Correct"
"5",12,"7_8_stimuli","7_7","Congruent","Incongruent","Incongruent","Incongruent",23.999829,24.199812,"7&",0.683682,"Correct","Correct","Correct","Correct"
"5",13,"1_2_stimuli","2_2","Congruent","Congruent","Incongruent","Incongruent",25.999807,26.199799,"2@",0.716431,"Correct","Correct","Correct","Correct"
"5",14,"3_4_stimuli","3_4","Incongruent","Congruent","Congruent","Incongruent",27.999793,28.199796,"4$",0.892201,"Correct","Correct","Correct","Correct"
"5",15,"5_6_stimuli","5_5","Congruent","Incongruent","Congruent","Congruent",29.999781,30.199777,"5%",0.620235,"Correct","Correct","Correct","Correct"
"5",16,"7_8_stimuli","8_7","Incongruent","Congruent","Incongruent","Congruent",31.999757,32.199763,"7&",0.683823,"Correct","Correct","Correct","Correct"
"5",17,"1_2_stimuli","1_2","Incongruent","Incongruent","Congruent","Incongruent",33.999749,34.199756,"2@",0.748245,"Correct","Correct","Correct","Correct"
"5",18,"3_4_stimuli","4_4","Congruent","Incongruent","Incongruent","Congruent",35.999728,36.199742,"4$",0.827854,"Correct","Correct","Correct","Correct"
"5",19,"5_6_stimuli","5_6","Incongruent","Congruent","Incongruent","Incongruent",37.999721,38.199718,"6^",0.956013,"Correct","Correct","Correct","Correct"
"5",20,"7_8_stimuli","8_8","Congruent","Incongruent","Congruent","Incongruent",39.999705,40.199707,"8*",0.812077,"Correct","Correct","Correct","Correct"
"5",21,"1_2_stimuli","2_2","Congruent","Congruent","Incongruent","Congruent",41.999698,42.199694,"2@",0.796063,"Correct","Correct","Correct","Correct"
"5",22,"3_4_stimuli","3_3","Congruent","Congruent","Congruent","Incongruent",43.999688,44.199678,"3#",0.668288,"Correct","Correct","Correct","Correct"
"5",23,"5_6_stimuli","6_5","Incongruent","Congruent","Congruent","Congruent",45.999663,46.199658,"5%",1.34055,"Correct","Correct","Correct","Correct"
"5",24,"7_8_stimuli","7_7","Congruent","Incongruent","Congruent","Congruent",47.999647,48.199649,"7&",1.052493,"Correct","Correct","Correct","Correct"
"5",25,"1_2_stimuli","2_1","Incongruent","Congruent","Incongruent","Congruent",49.999641,50.199633,"Omission",5000,"Omission","Correct","Correct","Correct"
"5",26,"3_4_stimuli","4_4","Congruent","Incongruent","Congruent","Incongruent",51.99962,52.199617,"Omission",5000,"Omission","Omission","Correct","Correct"
"5",27,"5_6_stimuli","6_6","Congruent","Congruent","Incongruent","Congruent",53.999603,54.199608,"Omission",5000,"Omission","Omission","Omission","Correct"
"5",28,"7_8_stimuli","7_8","Incongruent","Congruent","Congruent","Incongruent",55.999601,56.199593,"8*",0.748573,"Correct","Omission","Omission","Omission"
"5",29,"1_2_stimuli","1_2","Incongruent","Incongruent","Congruent","Congruent",57.999581,58.199573,"2@",0.859994,"Correct","Correct","Omission","Omission"
"5",30,"3_4_stimuli","3_4","Incongruent","Incongruent","Incongruent","Congruent",59.999559,60.199559,"4$",0.892464,"Correct","Correct","Correct","Omission"
"5",31,"5_6_stimuli","6_6","Congruent","Incongruent","Incongruent","Incongruent",61.999558,62.199549,"6^",0.956152,"Correct","Correct","Correct","Correct"
"5",32,"7_8_stimuli","8_7","Incongruent","Congruent","Incongruent","Incongruent",63.999534,64.19954,"7&",0.716081,"Correct","Correct","Correct","Correct"
"5",33,"1_2_stimuli","1_1","Congruent","Incongruent","Congruent","Incongruent",65.99951,66.19952,"2@",0.732957,"Error","Correct","Correct","Correct"
"5",34,"3_4_stimuli","4_4","Congruent","Congruent","Incongruent","Congruent",67.999503,68.199496,"4$",0.860131,"Correct","Error","Correct","Correct"
"5",35,"5_6_stimuli","5_5","Congruent","Congruent","Congruent","Incongruent",69.999493,70.199485,"5%",0.604343,"Correct","Correct","Error","Correct"
"5",36,"7_8_stimuli","8_8","Congruent","Congruent","Congruent","Congruent",71.999476,72.199477,"7&",1.148633,"Error","Correct","Correct","Error"
"5",37,"1_2_stimuli","2_1","Incongruent","Congruent","Congruent","Congruent",73.999455,74.199458,"1!",0.716657,"Correct","Error","Correct","Correct"
"5",38,"3_4_stimuli","3_3","Congruent","Incongruent","Congruent","Congruent",75.999452,76.199438,"3#",1.068128,"Correct","Correct","Error","Correct"
"5",39,"5_6_stimuli","6_5","Incongruent","Congruent","Incongruent","Congruent",77.999431,78.199442,"5%",1.1165,"Correct","Correct","Correct","Error"
"5",40,"7_8_stimuli","8_7","Incongruent","Incongruent","Congruent","Incongruent",79.999421,80.199406,"7&",0.780252,"Correct","Correct","Correct","Correct"
"5",41,"1_2_stimuli","1_1","Congruent","Incongruent","Incongruent","Congruent",81.999407,82.199412,"1!",0.588249,"Correct","Correct","Correct","Correct"
"5",42,"3_4_stimuli","4_3","Incongruent","Congruent","Incongruent","Incongruent",83.999385,84.199387,"3#",0.924194,"Correct","Correct","Correct","Correct"
"5",43,"5_6_stimuli","5_5","Congruent","Incongruent","Congruent","Incongruent",85.999368,86.199375,"5%",0.988284,"Correct","Correct","Correct","Correct"
"5",44,"7_8_stimuli","7_7","Congruent","Congruent","Incongruent","Congruent",87.99936,88.199352,"7&",0.780649,"Correct","Correct","Correct","Correct"
"5",45,"1_2_stimuli","1_1","Congruent","Congruent","Congruent","Incongruent",89.999338,90.199352,"1!",0.556636,"Correct","Correct","Correct","Correct"
"5",46,"3_4_stimuli","3_4","Incongruent","Congruent","Congruent","Congruent",91.99934,92.199327,"4$",0.780628,"Correct","Correct","Correct","Correct"
"5",47,"5_6_stimuli","5_6","Incongruent","Incongruent","Congruent","Congruent",93.999316,94.19931,"6^",0.988804,"Correct","Correct","Correct","Correct"
"5",48,"7_8_stimuli","7_7","Congruent","Incongruent","Incongruent","Congruent",95.999305,96.199301,"7&",0.444365,"Correct","Correct","Correct","Correct"
"5",49,"1_2_stimuli","2_1","Incongruent","Congruent","Incongruent","Incongruent",97.999282,98.199295,"1!",0.636683,"Correct","Correct","Correct","Correct"
"5",50,"3_4_stimuli","4_3","Incongruent","Incongruent","Congruent","Incongruent",99.999266,100.199281,"4$",0.86061,"Error","Correct","Correct","Correct"
"5",51,"5_6_stimuli","6_6","Congruent","Incongruent","Incongruent","Congruent",101.999266,102.199265,"6^",0.924839,"Correct","Error","Correct","Correct"
"5",52,"7_8_stimuli","8_8","Congruent","Congruent","Incongruent","Incongruent",103.999245,104.199244,"8*",0.68462,"Correct","Correct","Error","Correct"
"5",53,"1_2_stimuli","2_1","Incongruent","Congruent","Congruent","Incongruent",105.999235,106.199223,"1!",0.796424,"Correct","Correct","Correct","Error"
"5",54,"3_4_stimuli","4_3","Incongruent","Incongruent","Congruent","Congruent",107.999216,108.199211,"3#",1.165108,"Correct","Correct","Correct","Correct"
"5",55,"5_6_stimuli","5_6","Incongruent","Incongruent","Incongruent","Congruent",109.999196,110.199195,"6^",0.716947,"Correct","Correct","Correct","Correct"
"5",56,"7_8_stimuli","8_7","Incongruent","Incongruent","Incongruent","Incongruent",111.999176,112.199192,"7&",0.668479,"Correct","Correct","Correct","Correct"
"5",57,"1_2_stimuli","1_1","Congruent","Incongruent","Incongruent","Incongruent",113.999165,114.199163,"1!",0.652929,"Correct","Correct","Correct","Correct"
"5",58,"3_4_stimuli","3_3","Congruent","Congruent","Incongruent","Incongruent",115.999154,116.199149,"3#",0.860714,"Correct","Correct","Correct","Correct"
"5",59,"5_6_stimuli","6_5","Incongruent","Congruent","Congruent","Incongruent",117.99914,118.199133,"5%",0.876544,"Correct","Correct","Correct","Correct"
"5",60,"7_8_stimuli","7_8","Incongruent","Incongruent","Congruent","Congruent",119.999129,120.199119,"7&",1.004975,"Error","Correct","Correct","Correct"
"5",61,"1_2_stimuli","1_2","Incongruent","Incongruent","Incongruent","Congruent",121.999104,122.199112,"2@",0.780598,"Correct","Error","Correct","Correct"
"5",62,"3_4_stimuli","4_4","Congruent","Incongruent","Incongruent","Incongruent",123.999092,124.199092,"4$",0.972618,"Correct","Correct","Error","Correct"
"5",63,"5_6_stimuli","6_6","Congruent","Congruent","Incongruent","Incongruent",125.999084,126.199086,"6^",1.021046,"Correct","Correct","Correct","Error"
"5",64,"7_8_stimuli","8_8","Congruent","Congruent","Congruent","Incongruent",127.999066,128.199068,"8*",0.653207,"Correct","Correct","Correct","Correct"
"5",65,"1_2_stimuli","2_2","Congruent","Congruent","Congruent","Congruent",129.999056,130.199046,"2@",0.812702,"Correct","Correct","Correct","Correct"
"5",66,"3_4_stimuli","3_3","Congruent","Congruent","Congruent","Congruent",131.999032,132.199031,"3#",0.588685,"Correct","Correct","Correct","Correct"
"5",67,"5_6_stimuli","5_5","Congruent","Congruent","Congruent","Congruent",133.999028,134.199019,"5%",0.844874,"Correct","Correct","Correct","Correct"
"5",68,"7_8_stimuli","7_8","Incongruent","Congruent","Congruent","Congruent",135.99901,136.199006,"8*",0.748912,"Correct","Correct","Correct","Correct"
"6",1,"1_2_stimuli","1_2","Incongruent",NA,NA,NA,1.999979,2.199984,"3#",0.974434,"Error",NA,NA,NA
"6",2,"3_4_stimuli","3_4","Incongruent","Incongruent",NA,NA,3.999973,4.199965,"4$",0.798153,"Correct","Error",NA,NA
"6",3,"5_6_stimuli","5_5","Congruent","Incongruent","Incongruent",NA,5.99996,6.199951,"5%",0.670149,"Correct","Correct","Error",NA
"6",4,"7_8_stimuli","8_8","Congruent","Congruent","Incongruent","Incongruent",7.999941,8.199936,"7&",0.734346,"Error","Correct","Correct","Error"
"6",5,"1_2_stimuli","2_1","Incongruent","Congruent","Congruent","Incongruent",9.999936,10.199928,"1!",0.63866,"Correct","Error","Correct","Correct"
"6",6,"3_4_stimuli","3_3","Congruent","Incongruent","Congruent","Congruent",11.999906,12.199915,"3#",0.910204,"Correct","Correct","Error","Correct"
"6",7,"5_6_stimuli","5_5","Congruent","Congruent","Incongruent","Congruent",13.999894,14.199904,"5%",0.862619,"Correct","Correct","Correct","Error"
"6",8,"7_8_stimuli","7_7","Congruent","Congruent","Congruent","Incongruent",15.999894,16.199887,"7&",0.750404,"Correct","Correct","Correct","Correct"
"6",9,"1_2_stimuli","2_2","Congruent","Congruent","Congruent","Congruent",17.999873,18.199861,"2@",0.718425,"Correct","Correct","Correct","Correct"
"6",10,"3_4_stimuli","4_3","Incongruent","Congruent","Congruent","Congruent",19.999856,20.199852,"3#",0.686716,"Correct","Correct","Correct","Correct"
"6",11,"5_6_stimuli","6_5","Incongruent","Incongruent","Congruent","Congruent",21.999842,22.199833,"5%",0.750297,"Correct","Correct","Correct","Correct"
"6",12,"7_8_stimuli","8_7","Incongruent","Incongruent","Incongruent","Congruent",23.999829,24.199831,"7&",1.07048,"Correct","Correct","Correct","Correct"
"6",13,"1_2_stimuli","1_1","Congruent","Incongruent","Incongruent","Incongruent",25.999809,26.199811,"1!",0.606802,"Correct","Correct","Correct","Correct"
"6",14,"3_4_stimuli","4_4","Congruent","Congruent","Incongruent","Incongruent",27.999794,28.199797,"4$",0.766307,"Correct","Correct","Correct","Correct"
"6",15,"5_6_stimuli","6_5","Incongruent","Congruent","Congruent","Incongruent",29.999786,30.199784,"5%",0.846714,"Correct","Correct","Correct","Correct"
"6",16,"7_8_stimuli","7_7","Congruent","Incongruent","Congruent","Congruent",31.99976,32.199775,"7&",1.214429,"Correct","Correct","Correct","Correct"
"6",17,"1_2_stimuli","1_1","Congruent","Congruent","Incongruent","Congruent",33.999762,34.199757,"1!",0.574362,"Correct","Correct","Correct","Correct"
"6",18,"3_4_stimuli","3_4","Incongruent","Congruent","Congruent","Incongruent",35.999742,36.199734,"4$",0.94286,"Correct","Correct","Correct","Correct"
"6",19,"5_6_stimuli","6_6","Congruent","Incongruent","Congruent","Congruent",37.999716,38.199723,"6^",0.990342,"Correct","Correct","Correct","Correct"
"6",20,"7_8_stimuli","8_8","Congruent","Congruent","Incongruent","Congruent",39.999706,40.199706,"8*",0.654683,"Correct","Correct","Correct","Correct"
"6",21,"1_2_stimuli","1_1","Congruent","Congruent","Congruent","Incongruent",41.999696,42.199702,"1!",0.607004,"Correct","Correct","Correct","Correct"
"6",22,"3_4_stimuli","3_3","Congruent","Congruent","Congruent","Congruent",43.999678,44.199669,"4$",0.654908,"Error","Correct","Correct","Correct"
"6",23,"5_6_stimuli","6_6","Congruent","Congruent","Congruent","Congruent",45.999658,46.199657,"6^",0.926803,"Correct","Error","Correct","Correct"
"6",24,"7_8_stimuli","7_7","Congruent","Congruent","Congruent","Congruent",47.999655,48.199647,"7&",0.894928,"Correct","Correct","Error","Correct"
"6",25,"1_2_stimuli","1_2","Incongruent","Congruent","Congruent","Congruent",49.999636,50.199631,"2@",0.958482,"Correct","Correct","Correct","Error"
"6",26,"3_4_stimuli","3_4","Incongruent","Incongruent","Congruent","Congruent",51.999623,52.199626,"3#",0.974554,"Error","Correct","Correct","Correct"
"6",27,"5_6_stimuli","5_5","Congruent","Incongruent","Incongruent","Congruent",53.999607,54.199604,"5%",1.054909,"Correct","Error","Correct","Correct"
"6",28,"7_8_stimuli","7_8","Incongruent","Congruent","Incongruent","Incongruent",55.999588,56.199598,"8*",0.67103,"Correct","Correct","Error","Correct"
"6",29,"1_2_stimuli","1_2","Incongruent","Incongruent","Congruent","Incongruent",57.999578,58.199577,"2@",0.942781,"Correct","Correct","Correct","Error"
"6",30,"3_4_stimuli","3_3","Congruent","Incongruent","Incongruent","Congruent",59.999565,60.199551,"3#",0.62306,"Correct","Correct","Correct","Correct"
"6",31,"5_6_stimuli","6_6","Congruent","Congruent","Incongruent","Incongruent",61.999555,62.199536,"6^",1.070608,"Correct","Correct","Correct","Correct"
"6",32,"7_8_stimuli","8_7","Incongruent","Congruent","Congruent","Incongruent",63.999527,64.199531,"7&",1.054614,"Correct","Correct","Correct","Correct"
"6",33,"1_2_stimuli","1_2","Incongruent","Incongruent","Congruent","Congruent",65.999517,66.199516,"3#",1.086666,"Error","Correct","Correct","Correct"
"6",34,"3_4_stimuli","4_3","Incongruent","Incongruent","Incongruent","Congruent",67.9995,68.199496,"3#",0.927104,"Correct","Error","Correct","Correct"
"6",35,"5_6_stimuli","5_6","Incongruent","Incongruent","Incongruent","Incongruent",69.999482,70.199489,"6^",1.214997,"Correct","Correct","Error","Correct"
"6",36,"7_8_stimuli","8_8","Congruent","Incongruent","Incongruent","Incongruent",71.999476,72.19947,"8*",0.814704,"Correct","Correct","Correct","Error"
"6",37,"1_2_stimuli","2_1","Incongruent","Congruent","Incongruent","Incongruent",73.999468,74.199463,"2@",0.831169,"Error","Correct","Correct","Correct"
"6",38,"3_4_stimuli","4_4","Congruent","Incongruent","Congruent","Incongruent",75.999452,76.199443,"4$",1.054991,"Correct","Error","Correct","Correct"
"6",39,"5_6_stimuli","5_6","Incongruent","Congruent","Incongruent","Congruent",77.999431,78.199438,"6^",1.439193,"Correct","Correct","Error","Correct"
"6",40,"7_8_stimuli","7_8","Incongruent","Incongruent","Congruent","Incongruent",79.999409,80.19941,"8*",0.671183,"Correct","Correct","Correct","Error"
"6",41,"1_2_stimuli","2_2","Congruent","Incongruent","Incongruent","Congruent",81.999402,82.199395,"2@",1.119318,"Correct","Correct","Correct","Correct"
"6",42,"3_4_stimuli","3_4","Incongruent","Congruent","Incongruent","Incongruent",83.999394,84.199377,"4$",0.846841,"Correct","Correct","Correct","Correct"
"6",43,"5_6_stimuli","6_6","Congruent","Incongruent","Congruent","Incongruent",85.999367,86.199375,"6^",1.054882,"Correct","Correct","Correct","Correct"
"6",44,"7_8_stimuli","8_7","Incongruent","Congruent","Incongruent","Congruent",87.999347,88.199354,"7&",0.639287,"Correct","Correct","Correct","Correct"
"6",45,"1_2_stimuli","2_2","Congruent","Incongruent","Congruent","Incongruent",89.999344,90.199336,"2@",1.039148,"Correct","Correct","Correct","Correct"
"6",46,"3_4_stimuli","3_3","Congruent","Congruent","Incongruent","Congruent",91.999331,92.19932,"3#",0.495198,"Correct","Correct","Correct","Correct"
"6",47,"5_6_stimuli","5_5","Congruent","Congruent","Congruent","Incongruent",93.99931,94.199311,"5%",0.878903,"Correct","Correct","Correct","Correct"
"6",48,"7_8_stimuli","7_8","Incongruent","Congruent","Congruent","Congruent",95.999291,96.199291,"8*",0.751109,"Correct","Correct","Correct","Correct"
"6",49,"1_2_stimuli","2_2","Congruent","Incongruent","Congruent","Congruent",97.999285,98.199275,"2@",0.862932,"Correct","Correct","Correct","Correct"
"6",50,"3_4_stimuli","3_4","Incongruent","Congruent","Incongruent","Congruent",99.999265,100.199262,"4$",1.006958,"Correct","Correct","Correct","Correct"
"6",51,"5_6_stimuli","6_5","Incongruent","Incongruent","Congruent","Incongruent",101.999258,102.199256,"5%",0.735527,"Correct","Correct","Correct","Correct"
"6",52,"7_8_stimuli","8_8","Congruent","Incongruent","Incongruent","Congruent",103.999231,104.199231,"8*",0.639184,"Correct","Correct","Correct","Correct"
"6",53,"1_2_stimuli","1_1","Congruent","Congruent","Incongruent","Incongruent",105.99922,106.199225,"1!",0.926989,"Correct","Correct","Correct","Correct"
"6",54,"3_4_stimuli","4_4","Congruent","Congruent","Congruent","Incongruent",107.999208,108.1992,"4$",0.751617,"Correct","Correct","Correct","Correct"
"6",55,"5_6_stimuli","5_6","Incongruent","Congruent","Congruent","Congruent",109.99919,110.199187,"6^",0.927048,"Correct","Correct","Correct","Correct"
"6",56,"7_8_stimuli","7_8","Incongruent","Incongruent","Congruent","Congruent",111.999175,112.199179,"8*",0.671458,"Correct","Correct","Correct","Correct"
"6",57,"1_2_stimuli","1_2","Incongruent","Incongruent","Incongruent","Congruent",113.999165,114.199155,"3#",1.071597,"Error","Correct","Correct","Correct"
"6",58,"3_4_stimuli","4_4","Congruent","Incongruent","Incongruent","Incongruent",115.999152,116.199144,"4$",0.879324,"Correct","Error","Correct","Correct"
"6",59,"5_6_stimuli","6_5","Incongruent","Congruent","Incongruent","Incongruent",117.99914,118.199135,"5%",0.623145,"Correct","Correct","Error","Correct"
"6",60,"7_8_stimuli","7_7","Congruent","Incongruent","Congruent","Incongruent",119.99912,120.199113,"7&",0.895101,"Correct","Correct","Correct","Error"
"6",61,"1_2_stimuli","2_1","Incongruent","Congruent","Incongruent","Congruent",121.999104,122.199097,"2@",0.831693,"Error","Correct","Correct","Correct"
"6",62,"3_4_stimuli","4_3","Incongruent","Incongruent","Congruent","Incongruent",123.99909,124.199094,"3#",0.767788,"Correct","Error","Correct","Correct"
"6",63,"5_6_stimuli","5_6","Incongruent","Incongruent","Incongruent","Congruent",125.999077,126.199081,"6^",1.18368,"Correct","Correct","Error","Correct"
"6",64,"7_8_stimuli","8_7","Incongruent","Incongruent","Incongruent","Incongruent",127.999067,128.199056,"7&",0.543561,"Correct","Correct","Correct","Error"
"6",65,"1_2_stimuli","2_1","Incongruent","Incongruent","Incongruent","Incongruent",129.999047,130.199043,"2@",0.991265,"Error","Correct","Correct","Correct"
"6",66,"3_4_stimuli","4_3","Incongruent","Incongruent","Incongruent","Incongruent",131.999039,132.199026,"3#",1.103193,"Correct","Error","Correct","Correct"
"6",67,"5_6_stimuli","5_5","Congruent","Incongruent","Incongruent","Incongruent",133.999021,134.199013,"5%",1.183242,"Correct","Correct","Error","Correct"
"6",68,"7_8_stimuli","8_8","Congruent","Congruent","Incongruent","Incongruent",135.999004,136.199017,"8*",0.863247,"Correct","Correct","Correct","Error"
"7",1,"1_2_stimuli","1_2","Incongruent",NA,NA,NA,1.999993,2.199991,"2@",0.917346,"Correct",NA,NA,NA
"7",2,"3_4_stimuli","4_4","Congruent","Incongruent",NA,NA,3.999981,4.19998,"4$",0.709549,"Correct","Correct",NA,NA
"7",3,"5_6_stimuli","6_6","Congruent","Congruent","Incongruent",NA,5.99996,6.199972,"6^",0.741786,"Correct","Correct","Correct",NA
"7",4,"7_8_stimuli","8_7","Incongruent","Congruent","Congruent","Incongruent",7.999951,8.199939,"7&",0.741748,"Correct","Correct","Correct","Correct"
"7",5,"1_2_stimuli","2_2","Congruent","Incongruent","Congruent","Congruent",9.999933,10.199936,"2@",0.853879,"Correct","Correct","Correct","Correct"
"7",6,"3_4_stimuli","3_4","Incongruent","Congruent","Incongruent","Congruent",11.999918,12.199913,"3#",0.854053,"Error","Correct","Correct","Correct"
"7",7,"5_6_stimuli","5_5","Congruent","Incongruent","Congruent","Incongruent",13.999906,14.199912,"5%",0.741465,"Correct","Error","Correct","Correct"
"7",8,"7_8_stimuli","7_7","Congruent","Congruent","Incongruent","Congruent",15.999898,16.19989,"7&",0.773473,"Correct","Correct","Error","Correct"
"7",9,"1_2_stimuli","1_1","Congruent","Congruent","Congruent","Incongruent",17.999887,18.199889,"1!",0.677841,"Correct","Correct","Correct","Error"
"7",10,"3_4_stimuli","3_3","Congruent","Congruent","Congruent","Congruent",19.999864,20.199867,"3#",1.013681,"Correct","Correct","Correct","Correct"
"7",11,"5_6_stimuli","5_6","Incongruent","Congruent","Congruent","Congruent",21.999858,22.19985,"6^",0.94982,"Correct","Correct","Correct","Correct"
"7",12,"7_8_stimuli","7_8","Incongruent","Incongruent","Congruent","Congruent",23.999837,24.199844,"8*",0.773833,"Correct","Correct","Correct","Correct"
"7",13,"1_2_stimuli","1_1","Congruent","Incongruent","Incongruent","Congruent",25.999825,26.199831,"1!",0.56597,"Correct","Correct","Correct","Correct"
"7",14,"3_4_stimuli","4_4","Congruent","Congruent","Incongruent","Incongruent",27.999818,28.19982,"4$",1.077979,"Correct","Correct","Correct","Correct"
"7",15,"5_6_stimuli","5_6","Incongruent","Congruent","Congruent","Incongruent",29.99979,30.199803,"6^",0.725622,"Correct","Correct","Correct","Correct"
"7",16,"7_8_stimuli","8_8","Congruent","Incongruent","Congruent","Congruent",31.999787,32.199782,"8*",0.630021,"Correct","Correct","Correct","Correct"
"7",17,"1_2_stimuli","2_2","Congruent","Congruent","Incongruent","Congruent",33.999773,34.199776,"2@",0.773638,"Correct","Correct","Correct","Correct"
"7",18,"3_4_stimuli","3_4","Incongruent","Congruent","Congruent","Incongruent",35.99975,36.199764,"4$",1.013862,"Correct","Correct","Correct","Correct"
"7",19,"5_6_stimuli","6_6","Congruent","Incongruent","Congruent","Congruent",37.999745,38.199737,"6^",0.646071,"Correct","Correct","Correct","Correct"
"7",20,"7_8_stimuli","8_7","Incongruent","Congruent","Incongruent","Congruent",39.999738,40.199719,"7&",1.33418,"Correct","Correct","Correct","Correct"
"7",21,"1_2_stimuli","1_1","Congruent","Incongruent","Congruent","Incongruent",41.99971,42.199707,"1!",0.630164,"Correct","Correct","Correct","Correct"
"7",22,"3_4_stimuli","3_3","Congruent","Congruent","Incongruent","Congruent",43.999699,44.199705,"3#",1.014208,"Correct","Correct","Correct","Correct"
"7",23,"5_6_stimuli","6_6","Congruent","Congruent","Congruent","Incongruent",45.999696,46.199689,"6^",1.078163,"Correct","Correct","Correct","Correct"
"7",24,"7_8_stimuli","7_7","Congruent","Congruent","Congruent","Congruent",47.999668,48.199668,"7&",0.630074,"Correct","Correct","Correct","Correct"
"7",25,"1_2_stimuli","1_2","Incongruent","Congruent","Congruent","Congruent",49.999654,50.199655,"2@",0.741989,"Correct","Correct","Correct","Correct"
"7",26,"3_4_stimuli","4_3","Incongruent","Incongruent","Congruent","Congruent",51.999639,52.199643,"3#",0.709787,"Correct","Correct","Correct","Correct"
"7",27,"5_6_stimuli","6_5","Incongruent","Incongruent","Incongruent","Congruent",53.999631,54.199629,"6^",0.77442,"Error","Correct","Correct","Correct"
"7",28,"7_8_stimuli","8_7","Incongruent","Incongruent","Incongruent","Incongruent",55.999613,56.199612,"7&",0.949995,"Correct","Error","Correct","Correct"
"7",29,"1_2_stimuli","2_2","Congruent","Incongruent","Incongruent","Incongruent",57.999612,58.1996,"2@",0.917818,"Correct","Correct","Error","Correct"
"7",30,"3_4_stimuli","4_3","Incongruent","Congruent","Incongruent","Incongruent",59.999593,60.199588,"3#",1.158279,"Correct","Correct","Correct","Error"
"7",31,"5_6_stimuli","6_5","Incongruent","Incongruent","Congruent","Incongruent",61.999574,62.19958,"5%",0.997878,"Correct","Correct","Correct","Correct"
"7",32,"7_8_stimuli","8_8","Congruent","Incongruent","Incongruent","Congruent",63.999563,64.199562,"8*",0.630181,"Correct","Correct","Correct","Correct"
"7",33,"1_2_stimuli","1_2","Incongruent","Congruent","Incongruent","Incongruent",65.999549,66.199546,"2@",0.837819,"Correct","Correct","Correct","Correct"
"7",34,"3_4_stimuli","4_4","Congruent","Incongruent","Congruent","Incongruent",67.999529,68.199526,"4$",0.72611,"Correct","Correct","Correct","Correct"
"7",35,"5_6_stimuli","5_6","Incongruent","Congruent","Incongruent","Congruent",69.99952,70.199523,"6^",1.046081,"Correct","Correct","Correct","Correct"
"7",36,"7_8_stimuli","8_8","Congruent","Incongruent","Congruent","Incongruent",71.999495,72.199508,"8*",0.838427,"Correct","Correct","Correct","Correct"
"7",37,"1_2_stimuli","2_1","Incongruent","Congruent","Incongruent","Congruent",73.999481,74.199485,"1!",0.67848,"Correct","Correct","Correct","Correct"
"7",38,"3_4_stimuli","3_4","Incongruent","Incongruent","Congruent","Incongruent",75.999472,76.199464,"4$",0.821987,"Correct","Correct","Correct","Correct"
"7",39,"5_6_stimuli","5_5","Congruent","Incongruent","Incongruent","Congruent",77.999463,78.199448,"5%",0.726339,"Correct","Correct","Correct","Correct"
"7",40,"7_8_stimuli","8_7","Incongruent","Congruent","Incongruent","Incongruent",79.999447,80.199436,"7&",0.870343,"Correct","Correct","Correct","Correct"
"7",41,"1_2_stimuli","2_1","Incongruent","Incongruent","Congruent","Incongruent",81.999428,82.19943,"1!",0.710047,"Correct","Correct","Correct","Correct"
"7",42,"3_4_stimuli","3_4","Incongruent","Incongruent","Incongruent","Congruent",83.999423,84.199406,"4$",0.837834,"Correct","Correct","Correct","Correct"
"7",43,"5_6_stimuli","5_6","Incongruent","Incongruent","Incongruent","Incongruent",85.999395,86.199394,"6^",1.030013,"Correct","Correct","Correct","Correct"
"7",44,"7_8_stimuli","8_8","Congruent","Incongruent","Incongruent","Incongruent",87.999391,88.199389,"8*",0.630517,"Correct","Correct","Correct","Correct"
"7",45,"1_2_stimuli","2_2","Congruent","Congruent","Incongruent","Incongruent",89.999368,90.199373,"2@",0.822429,"Correct","Correct","Correct","Correct"
"7",46,"3_4_stimuli","3_3","Congruent","Congruent","Congruent","Incongruent",91.99936,92.199358,"3#",0.870697,"Correct","Correct","Correct","Correct"
"7",47,"5_6_stimuli","5_5","Congruent","Congruent","Congruent","Congruent",93.999342,94.199335,"5%",1.07837,"Correct","Correct","Correct","Correct"
"7",48,"7_8_stimuli","7_8","Incongruent","Congruent","Congruent","Congruent",95.99932,96.199321,"8*",1.43062,"Correct","Correct","Correct","Correct"
"7",49,"1_2_stimuli","2_1","Incongruent","Incongruent","Congruent","Congruent",97.999308,98.199316,"1!",1.030199,"Correct","Correct","Correct","Correct"
"7",50,"3_4_stimuli","3_3","Congruent","Incongruent","Incongruent","Congruent",99.999298,100.199292,"3#",0.950528,"Correct","Correct","Correct","Correct"
"7",51,"5_6_stimuli","6_5","Incongruent","Congruent","Incongruent","Incongruent",101.999283,102.199292,"Omission",5000,"Omission","Correct","Correct","Correct"
"7",52,"7_8_stimuli","8_7","Incongruent","Incongruent","Congruent","Incongruent",103.999269,104.199273,"7&",0.854522,"Correct","Omission","Correct","Correct"
"7",53,"1_2_stimuli","2_1","Incongruent","Incongruent","Incongruent","Congruent",105.999253,106.199254,"1!",0.678599,"Correct","Correct","Omission","Correct"
"7",54,"3_4_stimuli","4_3","Incongruent","Incongruent","Incongruent","Incongruent",107.999237,108.199237,"3#",0.918519,"Correct","Correct","Correct","Omission"
"7",55,"5_6_stimuli","6_6","Congruent","Incongruent","Incongruent","Incongruent",109.999225,110.199222,"6^",1.190719,"Correct","Correct","Correct","Correct"
"7",56,"7_8_stimuli","7_7","Congruent","Congruent","Incongruent","Incongruent",111.999212,112.199199,"7&",0.646346,"Correct","Correct","Correct","Correct"
"7",57,"1_2_stimuli","1_2","Incongruent","Congruent","Congruent","Incongruent",113.999202,114.199194,"2@",0.790792,"Correct","Correct","Correct","Correct"
"7",58,"3_4_stimuli","4_4","Congruent","Incongruent","Congruent","Congruent",115.999187,116.199177,"4$",1.350651,"Correct","Correct","Correct","Correct"
"7",59,"5_6_stimuli","6_6","Congruent","Congruent","Incongruent","Congruent",117.999171,118.199162,"6^",1.014822,"Correct","Correct","Correct","Correct"
"7",60,"7_8_stimuli","7_7","Congruent","Congruent","Congruent","Incongruent",119.999152,120.199149,"7&",1.030563,"Correct","Correct","Correct","Correct"
"7",61,"1_2_stimuli","1_1","Congruent","Congruent","Congruent","Congruent",121.999139,122.199135,"1!",0.582891,"Correct","Correct","Correct","Correct"
"7",62,"3_4_stimuli","4_3","Incongruent","Congruent","Congruent","Congruent",123.999125,124.199123,"3#",1.158571,"Correct","Correct","Correct","Correct"
"7",63,"5_6_stimuli","6_5","Incongruent","Incongruent","Congruent","Congruent",125.999108,126.199112,"5%",1.222461,"Correct","Correct","Correct","Correct"
"7",64,"7_8_stimuli","7_8","Incongruent","Incongruent","Incongruent","Congruent",127.999093,128.19909,"8*",0.662985,"Correct","Correct","Correct","Correct"
"7",65,"1_2_stimuli","1_2","Incongruent","Incongruent","Incongruent","Incongruent",129.999083,130.199071,"2@",0.758425,"Correct","Correct","Correct","Correct"
"7",66,"3_4_stimuli","4_4","Congruent","Incongruent","Incongruent","Incongruent",131.999064,132.19906,"3#",0.838516,"Error","Correct","Correct","Correct"
"7",67,"5_6_stimuli","5_5","Congruent","Congruent","Incongruent","Incongruent",133.999052,134.199048,"4$",0.598886,"Error","Error","Correct","Correct"
"7",68,"7_8_stimuli","7_8","Incongruent","Congruent","Congruent","Incongruent",135.999045,136.199035,"8*",0.807006,"Correct","Error","Error","Correct"
"8",1,"1_2_stimuli","2_2","Congruent",NA,NA,NA,2.00021,2.200208,"Omission",5000,"Omission",NA,NA,NA
"8",2,"3_4_stimuli","4_4","Congruent","Congruent",NA,NA,4.000196,4.200198,"4$",0.861877,"Correct","Omission",NA,NA
"8",3,"5_6_stimuli","6_6","Congruent","Congruent","Congruent",NA,6.00019,6.200184,"6^",0.653286,"Correct","Correct","Omission",NA
"8",4,"7_8_stimuli","8_7","Incongruent","Congruent","Congruent","Congruent",8.000175,8.200169,"7&",0.557827,"Correct","Correct","Correct","Omission"
"8",5,"1_2_stimuli","1_1","Congruent","Incongruent","Congruent","Congruent",10.000165,10.200163,"1!",0.589471,"Correct","Correct","Correct","Correct"
"8",6,"3_4_stimuli","4_4","Congruent","Congruent","Incongruent","Congruent",12.000139,12.200142,"4$",0.989714,"Correct","Correct","Correct","Correct"
"8",7,"5_6_stimuli","5_6","Incongruent","Congruent","Congruent","Incongruent",14.000133,14.20012,"6^",1.02149,"Correct","Correct","Correct","Correct"
"8",8,"7_8_stimuli","7_7","Congruent","Incongruent","Congruent","Congruent",16.000108,16.200115,"7&",0.541865,"Correct","Correct","Correct","Correct"
"8",9,"1_2_stimuli","2_2","Congruent","Congruent","Incongruent","Congruent",18.0001,18.200094,"2@",0.717838,"Correct","Correct","Correct","Correct"
"8",10,"3_4_stimuli","3_3","Congruent","Congruent","Congruent","Incongruent",20.000077,20.200079,"3#",0.589469,"Correct","Correct","Correct","Correct"
"8",11,"5_6_stimuli","6_6","Congruent","Congruent","Congruent","Congruent",22.00007,22.200065,"6^",1.037442,"Correct","Correct","Correct","Correct"
"8",12,"7_8_stimuli","7_8","Incongruent","Congruent","Congruent","Congruent",24.000051,24.200053,"7&",0.877474,"Error","Correct","Correct","Correct"
"8",13,"1_2_stimuli","2_1","Incongruent","Incongruent","Congruent","Congruent",26.000042,26.200033,"1!",0.62203,"Correct","Error","Correct","Correct"
"8",14,"3_4_stimuli","3_3","Congruent","Incongruent","Incongruent","Congruent",28.000023,28.200013,"3#",0.893467,"Correct","Correct","Error","Correct"
"8",15,"5_6_stimuli","5_5","Congruent","Congruent","Incongruent","Incongruent",30.000009,30.200011,"5%",1.037803,"Correct","Correct","Correct","Error"
"8",16,"7_8_stimuli","8_8","Congruent","Congruent","Congruent","Incongruent",31.999993,32.199999,"8*",0.653504,"Correct","Correct","Correct","Correct"
"8",17,"1_2_stimuli","1_2","Incongruent","Congruent","Congruent","Congruent",33.999985,34.199982,"3#",0.845817,"Error","Correct","Correct","Correct"
"8",18,"3_4_stimuli","4_4","Congruent","Incongruent","Congruent","Congruent",35.999964,36.199963,"4$",0.797523,"Correct","Error","Correct","Correct"
"8",19,"5_6_stimuli","6_5","Incongruent","Congruent","Incongruent","Congruent",37.999958,38.199954,"5%",0.830108,"Correct","Correct","Error","Correct"
"8",20,"7_8_stimuli","7_8","Incongruent","Incongruent","Congruent","Incongruent",39.99993,40.199943,"8*",0.733767,"Correct","Correct","Correct","Error"
"8",21,"1_2_stimuli","2_2","Congruent","Incongruent","Incongruent","Congruent",41.999917,42.199923,"2@",0.829776,"Correct","Correct","Correct","Correct"
"8",22,"3_4_stimuli","3_3","Congruent","Congruent","Incongruent","Incongruent",43.99991,44.199899,"3#",0.429781,"Correct","Correct","Correct","Correct"
"8",23,"5_6_stimuli","6_6","Congruent","Congruent","Congruent","Incongruent",45.999899,46.199899,"6^",0.941992,"Correct","Correct","Correct","Correct"
"8",24,"7_8_stimuli","8_8","Congruent","Congruent","Congruent","Congruent",47.999875,48.199873,"8*",0.605825,"Correct","Correct","Correct","Correct"
"8",25,"1_2_stimuli","1_1","Congruent","Congruent","Congruent","Congruent",49.999863,50.19986,"1!",0.702181,"Correct","Correct","Correct","Correct"
"8",26,"3_4_stimuli","4_4","Congruent","Congruent","Congruent","Congruent",51.999859,52.19985,"4$",1.42167,"Correct","Correct","Correct","Correct"
"8",27,"5_6_stimuli","5_6","Incongruent","Congruent","Congruent","Congruent",53.999828,54.199837,"5%",1.054267,"Error","Correct","Correct","Correct"
"8",28,"7_8_stimuli","8_7","Incongruent","Incongruent","Congruent","Congruent",55.999824,56.199815,"7&",0.7017,"Correct","Error","Correct","Correct"
"8",29,"1_2_stimuli","2_1","Incongruent","Incongruent","Incongruent","Congruent",57.99981,58.199814,"1!",0.446186,"Correct","Correct","Error","Correct"
"8",30,"3_4_stimuli","3_4","Incongruent","Incongruent","Incongruent","Incongruent",59.999785,60.199791,"4$",0.813764,"Correct","Correct","Correct","Error"
"8",31,"5_6_stimuli","6_6","Congruent","Incongruent","Incongruent","Incongruent",61.999779,62.199783,"6^",0.925749,"Correct","Correct","Correct","Correct"
"8",32,"7_8_stimuli","8_8","Congruent","Congruent","Incongruent","Incongruent",63.99976,64.199766,"8*",0.750268,"Correct","Correct","Correct","Correct"
"8",33,"1_2_stimuli","1_2","Incongruent","Congruent","Congruent","Incongruent",65.999748,66.199744,"2@",0.862093,"Correct","Correct","Correct","Correct"
"8",34,"3_4_stimuli","3_4","Incongruent","Incongruent","Congruent","Congruent",67.999736,68.199729,"5%",0.926403,"Error","Correct","Correct","Correct"
"8",35,"5_6_stimuli","6_5","Incongruent","Incongruent","Incongruent","Congruent",69.999713,70.199719,"5%",0.622272,"Correct","Error","Correct","Correct"
"8",36,"7_8_stimuli","7_7","Congruent","Incongruent","Incongruent","Incongruent",71.999707,72.199694,"7&",0.750238,"Correct","Correct","Error","Correct"
"8",37,"1_2_stimuli","2_1","Incongruent","Congruent","Incongruent","Incongruent",73.99969,74.199694,"1!",0.894258,"Correct","Correct","Correct","Error"
"8",38,"3_4_stimuli","3_4","Incongruent","Incongruent","Congruent","Incongruent",75.999672,76.199679,"4$",0.766196,"Correct","Correct","Correct","Correct"
"8",39,"5_6_stimuli","5_5","Congruent","Incongruent","Incongruent","Congruent",77.999668,78.19967,"5%",0.462353,"Correct","Correct","Correct","Correct"
"8",40,"7_8_stimuli","8_7","Incongruent","Congruent","Incongruent","Incongruent",79.999645,80.199649,"7&",0.829905,"Correct","Correct","Correct","Correct"
"8",41,"1_2_stimuli","1_1","Congruent","Incongruent","Congruent","Incongruent",81.999634,82.19963,"1!",0.621935,"Correct","Correct","Correct","Correct"
"8",42,"3_4_stimuli","4_3","Incongruent","Congruent","Incongruent","Congruent",83.999624,84.199615,"3#",1.278011,"Correct","Correct","Correct","Correct"
"8",43,"5_6_stimuli","6_5","Incongruent","Incongruent","Congruent","Incongruent",85.999611,86.199605,"5%",0.669998,"Correct","Correct","Correct","Correct"
"8",44,"7_8_stimuli","8_8","Congruent","Incongruent","Incongruent","Congruent",87.999594,88.199586,"8*",1.006049,"Correct","Correct","Correct","Correct"
"8",45,"1_2_stimuli","2_2","Congruent","Congruent","Incongruent","Incongruent",89.999577,90.199568,"2@",0.878286,"Correct","Correct","Correct","Correct"
"8",46,"3_4_stimuli","3_4","Incongruent","Congruent","Congruent","Incongruent",91.999558,92.199553,"4$",0.798576,"Correct","Correct","Correct","Correct"
"8",47,"5_6_stimuli","5_6","Incongruent","Incongruent","Congruent","Congruent",93.999537,94.199548,"6^",1.022359,"Correct","Correct","Correct","Correct"
"8",48,"7_8_stimuli","7_8","Incongruent","Incongruent","Incongruent","Congruent",95.999536,96.199518,"8*",0.830043,"Correct","Correct","Correct","Correct"
"8",49,"1_2_stimuli","2_2","Congruent","Incongruent","Incongruent","Incongruent",97.999513,98.199508,"2@",0.654539,"Correct","Correct","Correct","Correct"
"8",50,"3_4_stimuli","4_3","Incongruent","Congruent","Incongruent","Incongruent",99.999498,100.199499,"3#",0.686281,"Correct","Correct","Correct","Correct"
"8",51,"5_6_stimuli","5_5","Congruent","Incongruent","Congruent","Incongruent",101.999483,102.199483,"5%",1.150144,"Correct","Correct","Correct","Correct"
"8",52,"7_8_stimuli","7_7","Congruent","Congruent","Incongruent","Congruent",103.999461,104.19947,"7&",1.070593,"Correct","Correct","Correct","Correct"
"8",53,"1_2_stimuli","1_1","Congruent","Congruent","Congruent","Incongruent",105.999453,106.199463,"1!",0.654186,"Correct","Correct","Correct","Correct"
"8",54,"3_4_stimuli","4_3","Incongruent","Congruent","Congruent","Congruent",107.999449,108.19944,"3#",1.054156,"Correct","Correct","Correct","Correct"
"8",55,"5_6_stimuli","6_6","Congruent","Incongruent","Congruent","Congruent",109.999424,110.1994,"6^",0.814666,"Correct","Correct","Correct","Correct"
"8",56,"7_8_stimuli","8_7","Incongruent","Congruent","Incongruent","Congruent",111.999408,112.199401,"7&",0.99075,"Correct","Correct","Correct","Correct"
"8",57,"1_2_stimuli","1_2","Incongruent","Incongruent","Congruent","Incongruent",113.999397,114.199392,"2@",0.702646,"Correct","Correct","Correct","Correct"
"8",58,"3_4_stimuli","4_3","Incongruent","Incongruent","Incongruent","Congruent",115.999374,116.199373,"3#",0.702744,"Correct","Correct","Correct","Correct"
"8",59,"5_6_stimuli","6_5","Incongruent","Incongruent","Incongruent","Incongruent",117.999365,118.199374,"5%",1.022726,"Correct","Correct","Correct","Correct"
"8",60,"7_8_stimuli","8_7","Incongruent","Incongruent","Incongruent","Incongruent",119.999351,120.199353,"7&",0.830707,"Correct","Correct","Correct","Correct"
"8",61,"1_2_stimuli","2_1","Incongruent","Incongruent","Incongruent","Incongruent",121.999338,122.199344,"1!",0.798575,"Correct","Correct","Correct","Correct"
"8",62,"3_4_stimuli","4_4","Congruent","Incongruent","Incongruent","Incongruent",123.999321,124.199313,"4$",0.990885,"Correct","Correct","Correct","Correct"
"8",63,"5_6_stimuli","5_6","Incongruent","Congruent","Incongruent","Incongruent",125.999304,126.199308,"6^",0.89464,"Correct","Correct","Correct","Correct"
"8",64,"7_8_stimuli","7_7","Congruent","Incongruent","Congruent","Incongruent",127.999291,128.199286,"7&",0.670353,"Correct","Correct","Correct","Correct"
"8",65,"1_2_stimuli","1_2","Incongruent","Congruent","Incongruent","Congruent",129.999285,130.199276,"2@",0.830448,"Correct","Correct","Correct","Correct"
"8",66,"3_4_stimuli","3_3","Congruent","Incongruent","Congruent","Incongruent",131.999262,132.199276,"3#",0.814614,"Correct","Correct","Correct","Correct"
"8",67,"5_6_stimuli","5_5","Congruent","Congruent","Incongruent","Congruent",133.999249,134.199246,"5%",1.054887,"Correct","Correct","Correct","Correct"
"8",68,"7_8_stimuli","7_8","Incongruent","Congruent","Congruent","Incongruent",135.999235,136.199235,"7&",0.878421,"Error","Correct","Correct","Correct"
"9",1,"1_2_stimuli","2_1","Incongruent",NA,NA,NA,1.999981,2.199998,"1!",0.711187,"Correct",NA,NA,NA
"9",2,"3_4_stimuli","4_4","Congruent","Incongruent",NA,NA,3.999968,4.19997,"4$",0.967319,"Correct","Correct",NA,NA
"9",3,"5_6_stimuli","5_5","Congruent","Congruent","Incongruent",NA,5.999961,6.199947,"5%",0.455259,"Correct","Correct","Correct",NA
"9",4,"7_8_stimuli","8_7","Incongruent","Congruent","Congruent","Incongruent",7.999946,8.199933,"7&",0.775279,"Correct","Correct","Correct","Correct"
"9",5,"1_2_stimuli","2_2","Congruent","Incongruent","Congruent","Congruent",9.999927,10.199929,"2@",0.743681,"Correct","Correct","Correct","Correct"
"9",6,"3_4_stimuli","3_4","Incongruent","Congruent","Incongruent","Congruent",11.999914,12.199903,"4$",0.99967,"Correct","Correct","Correct","Correct"
"9",7,"5_6_stimuli","5_5","Congruent","Incongruent","Congruent","Incongruent",13.999894,14.199895,"5%",0.439325,"Correct","Correct","Correct","Correct"
"9",8,"7_8_stimuli","7_8","Incongruent","Congruent","Incongruent","Congruent",15.999882,16.19988,"7&",0.711699,"Error","Correct","Correct","Correct"
"9",9,"1_2_stimuli","2_2","Congruent","Incongruent","Congruent","Incongruent",17.999873,18.199858,"2@",0.727565,"Correct","Error","Correct","Correct"
"9",10,"3_4_stimuli","3_3","Congruent","Congruent","Incongruent","Congruent",19.999849,20.199848,"3#",0.455459,"Correct","Correct","Error","Correct"
"9",11,"5_6_stimuli","5_6","Incongruent","Congruent","Congruent","Incongruent",21.999836,22.199842,"6^",1.095825,"Correct","Correct","Correct","Error"
"9",12,"7_8_stimuli","7_7","Congruent","Incongruent","Congruent","Congruent",23.999821,24.199817,"7&",0.74343,"Correct","Correct","Correct","Correct"
"9",13,"1_2_stimuli","1_1","Congruent","Congruent","Incongruent","Congruent",25.999805,26.199813,"1!",0.663879,"Correct","Correct","Correct","Correct"
"9",14,"3_4_stimuli","4_3","Incongruent","Congruent","Congruent","Incongruent",27.999795,28.199787,"3#",1.031996,"Correct","Correct","Correct","Correct"
"9",15,"5_6_stimuli","6_5","Incongruent","Incongruent","Congruent","Congruent",29.999776,30.199772,"5%",0.999759,"Correct","Correct","Correct","Correct"
"9",16,"7_8_stimuli","7_8","Incongruent","Incongruent","Incongruent","Congruent",31.999767,32.199754,"8*",0.807976,"Correct","Correct","Correct","Correct"
"9",17,"1_2_stimuli","1_2","Incongruent","Incongruent","Incongruent","Incongruent",33.999752,34.199746,"2@",0.663559,"Correct","Correct","Correct","Correct"
"9",18,"3_4_stimuli","4_4","Congruent","Incongruent","Incongruent","Incongruent",35.999739,36.199726,"3#",0.791513,"Error","Correct","Correct","Correct"
"9",19,"5_6_stimuli","5_6","Incongruent","Congruent","Incongruent","Incongruent",37.999733,38.199725,"6^",0.952094,"Correct","Error","Correct","Correct"
"9",20,"7_8_stimuli","8_7","Incongruent","Incongruent","Congruent","Incongruent",39.999703,40.199699,"7&",0.727874,"Correct","Correct","Error","Correct"
"9",21,"1_2_stimuli","1_2","Incongruent","Incongruent","Incongruent","Congruent",41.999699,42.199685,"2@",0.727593,"Correct","Correct","Correct","Error"
"9",22,"3_4_stimuli","4_3","Incongruent","Incongruent","Incongruent","Incongruent",43.99968,44.199678,"3#",0.711991,"Correct","Correct","Correct","Correct"
"9",23,"5_6_stimuli","6_5","Incongruent","Incongruent","Incongruent","Incongruent",45.999658,46.199665,"5%",0.728187,"Correct","Correct","Correct","Correct"
"9",24,"7_8_stimuli","8_7","Incongruent","Incongruent","Incongruent","Incongruent",47.999644,48.199644,"7&",1.399629,"Correct","Correct","Correct","Correct"
"9",25,"1_2_stimuli","2_2","Congruent","Incongruent","Incongruent","Incongruent",49.999632,50.199636,"2@",0.791666,"Correct","Correct","Correct","Correct"
"9",26,"3_4_stimuli","3_3","Congruent","Congruent","Incongruent","Incongruent",51.999618,52.199617,"3#",0.536194,"Correct","Correct","Correct","Correct"
"9",27,"5_6_stimuli","6_6","Congruent","Congruent","Congruent","Incongruent",53.999603,54.199599,"6^",1.335874,"Correct","Correct","Correct","Correct"
"9",28,"7_8_stimuli","8_8","Congruent","Congruent","Congruent","Congruent",55.999585,56.199592,"8*",0.663744,"Correct","Correct","Correct","Correct"
"9",29,"1_2_stimuli","1_2","Incongruent","Congruent","Congruent","Congruent",57.999576,58.199579,"2@",0.743905,"Correct","Correct","Correct","Correct"
"9",30,"3_4_stimuli","3_4","Incongruent","Incongruent","Congruent","Congruent",59.999566,60.199556,"4$",0.824231,"Correct","Correct","Correct","Correct"
"9",31,"5_6_stimuli","5_5","Congruent","Incongruent","Incongruent","Congruent",61.99954,62.199563,"5%",0.535765,"Correct","Correct","Correct","Correct"
"9",32,"7_8_stimuli","7_8","Incongruent","Congruent","Incongruent","Incongruent",63.999532,64.199522,"8*",0.695799,"Correct","Correct","Correct","Correct"
"9",33,"1_2_stimuli","2_1","Incongruent","Incongruent","Congruent","Incongruent",65.999519,66.199514,"1!",0.680442,"Correct","Correct","Correct","Correct"
"9",34,"3_4_stimuli","4_4","Congruent","Incongruent","Incongruent","Congruent",67.999496,68.199498,"4$",0.711794,"Correct","Correct","Correct","Correct"
"9",35,"5_6_stimuli","6_6","Congruent","Congruent","Incongruent","Incongruent",69.999483,70.199479,"6^",0.952087,"Correct","Correct","Correct","Correct"
"9",36,"7_8_stimuli","8_7","Incongruent","Congruent","Congruent","Incongruent",71.999478,72.199464,"7&",0.63228,"Correct","Correct","Correct","Correct"
"9",37,"1_2_stimuli","2_1","Incongruent","Incongruent","Congruent","Congruent",73.999457,74.199455,"1!",0.648387,"Correct","Correct","Correct","Correct"
"9",38,"3_4_stimuli","3_4","Incongruent","Incongruent","Incongruent","Congruent",75.999434,76.199435,"4$",1.271854,"Correct","Correct","Correct","Correct"
"9",39,"5_6_stimuli","5_5","Congruent","Incongruent","Incongruent","Incongruent",77.999436,78.199422,"5%",1.480287,"Correct","Correct","Correct","Correct"
"9",40,"7_8_stimuli","7_7","Congruent","Congruent","Incongruent","Incongruent",79.999407,80.199403,"7&",0.792075,"Correct","Correct","Correct","Correct"
"9",41,"1_2_stimuli","1_1","Congruent","Congruent","Congruent","Incongruent",81.999389,82.199396,"1!",0.600405,"Correct","Correct","Correct","Correct"
"9",42,"3_4_stimuli","3_4","Incongruent","Congruent","Congruent","Congruent",83.999377,84.199379,"2@",0.904376,"Error","Correct","Correct","Correct"
"9",43,"5_6_stimuli","6_6","Congruent","Incongruent","Congruent","Congruent",85.999365,86.199409,"6^",1.095961,"Correct","Error","Correct","Correct"
"9",44,"7_8_stimuli","8_8","Congruent","Congruent","Incongruent","Congruent",87.999355,88.199349,"8*",0.536267,"Correct","Correct","Error","Correct"
"9",45,"1_2_stimuli","2_1","Incongruent","Congruent","Congruent","Incongruent",89.999335,90.199331,"1!",0.567987,"Correct","Correct","Correct","Error"
"9",46,"3_4_stimuli","4_4","Congruent","Incongruent","Congruent","Congruent",91.999321,92.199319,"4$",0.728442,"Correct","Correct","Correct","Correct"
"9",47,"5_6_stimuli","6_5","Incongruent","Congruent","Incongruent","Congruent",93.99931,94.199318,"6^",1.304028,"Error","Correct","Correct","Correct"
"9",48,"7_8_stimuli","8_8","Congruent","Incongruent","Congruent","Incongruent",95.999289,96.199285,"8*",0.680034,"Correct","Error","Correct","Correct"
"9",49,"1_2_stimuli","2_1","Incongruent","Congruent","Incongruent","Congruent",97.999272,98.199282,"1!",0.664025,"Correct","Correct","Error","Correct"
"9",50,"3_4_stimuli","4_3","Incongruent","Incongruent","Congruent","Incongruent",99.99927,100.199259,"3#",0.792554,"Correct","Correct","Correct","Error"
"9",51,"5_6_stimuli","5_6","Incongruent","Incongruent","Incongruent","Congruent",101.999247,102.199245,"6^",1.448111,"Correct","Correct","Correct","Correct"
"9",52,"7_8_stimuli","8_8","Congruent","Incongruent","Incongruent","Incongruent",103.999237,104.199227,"8*",1.000103,"Correct","Correct","Correct","Correct"
"9",53,"1_2_stimuli","1_2","Incongruent","Congruent","Incongruent","Incongruent",105.999223,106.199216,"2@",0.808123,"Correct","Correct","Correct","Correct"
"9",54,"3_4_stimuli","3_3","Congruent","Incongruent","Congruent","Incongruent",107.999206,108.199203,"3#",0.584624,"Correct","Correct","Correct","Correct"
"9",55,"5_6_stimuli","6_6","Congruent","Congruent","Incongruent","Congruent",109.999192,110.199193,"6^",1.000145,"Correct","Correct","Correct","Correct"
"9",56,"7_8_stimuli","7_7","Congruent","Congruent","Congruent","Incongruent",111.99917,112.199174,"7&",0.680723,"Correct","Correct","Correct","Correct"
"9",57,"1_2_stimuli","1_1","Congruent","Congruent","Congruent","Congruent",113.999165,114.199154,"1!",0.680533,"Correct","Correct","Correct","Correct"
"9",58,"3_4_stimuli","4_4","Congruent","Congruent","Congruent","Congruent",115.999147,116.199155,"4$",0.744279,"Correct","Correct","Correct","Correct"
"9",59,"5_6_stimuli","6_5","Incongruent","Congruent","Congruent","Congruent",117.999135,118.199124,"5%",1.208695,"Correct","Correct","Correct","Correct"
"9",60,"7_8_stimuli","7_8","Incongruent","Incongruent","Congruent","Congruent",119.999115,120.199117,"7&",0.88869,"Error","Correct","Correct","Correct"
"9",61,"1_2_stimuli","2_2","Congruent","Incongruent","Incongruent","Congruent",121.999099,122.199106,"3#",0.664326,"Error","Error","Correct","Correct"
"9",62,"3_4_stimuli","4_3","Incongruent","Congruent","Incongruent","Incongruent",123.999089,124.199084,"3#",0.520475,"Correct","Error","Error","Correct"
"9",63,"5_6_stimuli","5_6","Incongruent","Incongruent","Congruent","Incongruent",125.999068,126.199074,"6^",0.936355,"Correct","Correct","Error","Error"
"9",64,"7_8_stimuli","7_7","Congruent","Incongruent","Incongruent","Congruent",127.999066,128.199062,"7&",1.000575,"Correct","Correct","Correct","Error"
"9",65,"1_2_stimuli","1_1","Congruent","Congruent","Incongruent","Incongruent",129.999051,130.199051,"1!",0.648637,"Correct","Correct","Correct","Correct"
"9",66,"3_4_stimuli","3_3","Congruent","Congruent","Congruent","Incongruent",131.999033,132.199035,"4$",0.936822,"Error","Correct","Correct","Correct"
"9",67,"5_6_stimuli","5_5","Congruent","Congruent","Congruent","Congruent",133.999012,134.199014,"5%",0.840377,"Correct","Error","Correct","Correct"
"9",68,"7_8_stimuli","8_7","Incongruent","Congruent","Congruent","Congruent",135.999008,136.199006,"7&",1.00068,"Correct","Correct","Error","Correct"
"10",1,"1_2_stimuli","2_1","Incongruent",NA,NA,NA,1.999988,2.199979,"1!",0.627604,"Correct",NA,NA,NA
"10",2,"3_4_stimuli","3_3","Congruent","Incongruent",NA,NA,3.999975,4.199964,"3#",0.819217,"Correct","Correct",NA,NA
"10",3,"5_6_stimuli","5_6","Incongruent","Congruent","Incongruent",NA,5.999952,6.199953,"6^",1.123728,"Correct","Correct","Correct",NA
"10",4,"7_8_stimuli","7_8","Incongruent","Incongruent","Congruent","Incongruent",7.99995,8.199937,"7&",1.075576,"Error","Correct","Correct","Correct"
"10",5,"1_2_stimuli","1_1","Congruent","Incongruent","Incongruent","Congruent",9.999926,10.199935,"1!",0.595216,"Correct","Error","Correct","Correct"
"10",6,"3_4_stimuli","4_3","Incongruent","Congruent","Incongruent","Incongruent",11.99991,12.199905,"3#",1.027661,"Correct","Correct","Error","Correct"
"10",7,"5_6_stimuli","6_5","Incongruent","Incongruent","Congruent","Incongruent",13.999904,14.199893,"5%",1.027328,"Correct","Correct","Correct","Error"
"10",8,"7_8_stimuli","7_7","Congruent","Incongruent","Incongruent","Congruent",15.999879,16.199884,"7&",0.723845,"Correct","Correct","Correct","Correct"
"10",9,"1_2_stimuli","1_1","Congruent","Congruent","Incongruent","Incongruent",17.99987,18.199872,"1!",0.723793,"Correct","Correct","Correct","Correct"
"10",10,"3_4_stimuli","4_3","Incongruent","Congruent","Congruent","Incongruent",19.999854,20.199858,"3#",1.059313,"Correct","Correct","Correct","Correct"
"10",11,"5_6_stimuli","5_6","Incongruent","Incongruent","Congruent","Congruent",21.999834,22.199838,"6^",1.091441,"Correct","Correct","Correct","Correct"
"10",12,"7_8_stimuli","7_8","Incongruent","Incongruent","Incongruent","Congruent",23.99982,24.199826,"7&",1.107374,"Error","Correct","Correct","Correct"
"10",13,"1_2_stimuli","2_2","Congruent","Incongruent","Incongruent","Incongruent",25.999814,26.199807,"2@",0.707563,"Correct","Error","Correct","Correct"
"10",14,"3_4_stimuli","4_4","Congruent","Congruent","Incongruent","Incongruent",27.999798,28.199792,"4$",0.7878,"Correct","Correct","Error","Correct"
"10",15,"5_6_stimuli","6_6","Congruent","Congruent","Congruent","Incongruent",29.999782,30.199772,"6^",0.899784,"Correct","Correct","Correct","Error"
"10",16,"7_8_stimuli","7_7","Congruent","Congruent","Congruent","Congruent",31.999768,32.199764,"7&",0.499835,"Correct","Correct","Correct","Correct"
"10",17,"1_2_stimuli","1_1","Congruent","Congruent","Congruent","Congruent",33.999763,34.199748,"1!",0.659848,"Correct","Correct","Correct","Correct"
"10",18,"3_4_stimuli","4_4","Congruent","Congruent","Congruent","Congruent",35.999734,36.199741,"4$",0.707705,"Correct","Correct","Correct","Correct"
"10",19,"5_6_stimuli","5_6","Incongruent","Congruent","Congruent","Congruent",37.999728,38.199715,"6^",0.803494,"Correct","Correct","Correct","Correct"
"10",20,"7_8_stimuli","7_7","Congruent","Incongruent","Congruent","Congruent",39.99971,40.199704,"7&",0.611828,"Correct","Correct","Correct","Correct"
"10",21,"1_2_stimuli","1_2","Incongruent","Congruent","Incongruent","Congruent",41.999691,42.199698,"2@",0.980109,"Correct","Correct","Correct","Correct"
"10",22,"3_4_stimuli","3_4","Incongruent","Incongruent","Congruent","Incongruent",43.999678,44.199675,"4$",0.723534,"Correct","Correct","Correct","Correct"
"10",23,"5_6_stimuli","5_6","Incongruent","Incongruent","Incongruent","Congruent",45.999666,46.199662,"6^",1.027692,"Correct","Correct","Correct","Correct"
"10",24,"7_8_stimuli","7_8","Incongruent","Incongruent","Incongruent","Incongruent",47.999647,48.199654,"8*",0.803555,"Correct","Correct","Correct","Correct"
"10",25,"1_2_stimuli","2_1","Incongruent","Incongruent","Incongruent","Incongruent",49.999631,50.199634,"1!",0.996159,"Correct","Correct","Correct","Correct"
"10",26,"3_4_stimuli","3_3","Congruent","Incongruent","Incongruent","Incongruent",51.999621,52.199629,"3#",0.948222,"Correct","Correct","Correct","Correct"
"10",27,"5_6_stimuli","6_6","Congruent","Congruent","Incongruent","Incongruent",53.999601,54.199603,"6^",1.203651,"Correct","Correct","Correct","Correct"
"10",28,"7_8_stimuli","8_7","Incongruent","Congruent","Congruent","Incongruent",55.999586,56.199581,"7&",0.467606,"Correct","Correct","Correct","Correct"
"10",29,"1_2_stimuli","1_2","Incongruent","Incongruent","Congruent","Congruent",57.999583,58.199574,"2@",0.788283,"Correct","Correct","Correct","Correct"
"10",30,"3_4_stimuli","3_4","Incongruent","Incongruent","Incongruent","Congruent",59.999558,60.199553,"4$",0.995793,"Correct","Correct","Correct","Correct"
"10",31,"5_6_stimuli","5_5","Congruent","Incongruent","Incongruent","Incongruent",61.99955,62.199548,"5%",0.755988,"Correct","Correct","Correct","Correct"
"10",32,"7_8_stimuli","8_7","Incongruent","Congruent","Incongruent","Incongruent",63.999527,64.199532,"7&",1.22025,"Correct","Correct","Correct","Correct"
"10",33,"1_2_stimuli","2_1","Incongruent","Incongruent","Congruent","Incongruent",65.999523,66.199525,"1!",0.771931,"Correct","Correct","Correct","Correct"
"10",34,"3_4_stimuli","4_4","Congruent","Incongruent","Incongruent","Congruent",67.999511,68.199498,"4$",0.707728,"Correct","Correct","Correct","Correct"
"10",35,"5_6_stimuli","6_5","Incongruent","Congruent","Incongruent","Incongruent",69.999493,70.199495,"5%",0.883768,"Correct","Correct","Correct","Correct"
"10",36,"7_8_stimuli","8_8","Congruent","Incongruent","Congruent","Incongruent",71.999478,72.199473,"8*",0.980068,"Correct","Correct","Correct","Correct"
"10",37,"1_2_stimuli","2_2","Congruent","Congruent","Incongruent","Congruent",73.999464,74.199456,"2@",0.73978,"Correct","Correct","Correct","Correct"
"10",38,"3_4_stimuli","3_3","Congruent","Congruent","Congruent","Incongruent",75.999445,76.199435,"3#",0.660116,"Correct","Correct","Correct","Correct"
"10",39,"5_6_stimuli","6_6","Congruent","Congruent","Congruent","Congruent",77.999427,78.199429,"6^",1.04389,"Correct","Correct","Correct","Correct"
"10",40,"7_8_stimuli","8_7","Incongruent","Congruent","Congruent","Congruent",79.999422,80.199415,"7&",0.724438,"Correct","Correct","Correct","Correct"
"10",41,"1_2_stimuli","2_2","Congruent","Incongruent","Congruent","Congruent",81.999407,82.199409,"2@",0.772351,"Correct","Correct","Correct","Correct"
"10",42,"3_4_stimuli","3_4","Incongruent","Congruent","Incongruent","Congruent",83.999382,84.199388,"4$",0.836364,"Correct","Correct","Correct","Correct"
"10",43,"5_6_stimuli","5_5","Congruent","Incongruent","Congruent","Incongruent",85.999368,86.19938,"5%",0.867895,"Correct","Correct","Correct","Correct"
"10",44,"7_8_stimuli","8_8","Congruent","Congruent","Incongruent","Congruent",87.99936,88.199349,"7&",1.108443,"Error","Correct","Correct","Correct"
"10",45,"1_2_stimuli","2_2","Congruent","Congruent","Congruent","Incongruent",89.999334,90.199331,"2@",0.61195,"Correct","Error","Correct","Correct"
"10",46,"3_4_stimuli","4_3","Incongruent","Congruent","Congruent","Congruent",91.999326,92.199324,"3#",0.724145,"Correct","Correct","Error","Correct"
"10",47,"5_6_stimuli","6_6","Congruent","Incongruent","Congruent","Congruent",93.99931,94.199307,"6^",0.740518,"Correct","Correct","Correct","Error"
"10",48,"7_8_stimuli","7_8","Incongruent","Congruent","Incongruent","Congruent",95.999302,96.199295,"7&",1.108333,"Error","Correct","Correct","Correct"
"10",49,"1_2_stimuli","1_1","Congruent","Incongruent","Congruent","Incongruent",97.999288,98.199293,"1!",0.916286,"Correct","Error","Correct","Correct"
"10",50,"3_4_stimuli","3_3","Congruent","Congruent","Incongruent","Congruent",99.999269,100.199267,"3#",1.348496,"Correct","Correct","Error","Correct"
"10",51,"5_6_stimuli","6_5","Incongruent","Congruent","Congruent","Incongruent",101.99925,102.199255,"5%",1.188037,"Correct","Correct","Correct","Error"
"10",52,"7_8_stimuli","7_8","Incongruent","Incongruent","Congruent","Congruent",103.999233,104.19924,"Omission",5000,"Omission","Correct","Correct","Correct"
"10",53,"1_2_stimuli","1_2","Incongruent","Incongruent","Incongruent","Congruent",105.999225,106.199237,"1!",1.204031,"Error","Omission","Correct","Correct"
"10",54,"3_4_stimuli","3_4","Incongruent","Incongruent","Incongruent","Incongruent",107.999213,108.199208,"4$",0.836513,"Correct","Error","Omission","Correct"
"10",55,"5_6_stimuli","5_6","Incongruent","Incongruent","Incongruent","Incongruent",109.999192,110.199189,"6^",1.028616,"Correct","Correct","Error","Omission"
"10",56,"7_8_stimuli","8_8","Congruent","Incongruent","Incongruent","Incongruent",111.999173,112.199188,"8*",0.548137,"Correct","Correct","Correct","Error"
"10",57,"1_2_stimuli","2_1","Incongruent","Congruent","Incongruent","Incongruent",113.999161,114.199159,"1!",0.612157,"Correct","Correct","Correct","Correct"
"10",58,"3_4_stimuli","4_4","Congruent","Incongruent","Congruent","Incongruent",115.999158,116.199155,"4$",0.804564,"Correct","Correct","Correct","Correct"
"10",59,"5_6_stimuli","5_5","Congruent","Congruent","Incongruent","Congruent",117.999139,118.199145,"5%",0.756727,"Correct","Correct","Correct","Correct"
"10",60,"7_8_stimuli","8_8","Congruent","Congruent","Congruent","Incongruent",119.999126,120.199116,"8*",0.788174,"Correct","Correct","Correct","Correct"
"10",61,"1_2_stimuli","1_2","Incongruent","Congruent","Congruent","Congruent",121.999105,122.199106,"2@",0.756674,"Correct","Correct","Correct","Correct"
"10",62,"3_4_stimuli","4_3","Incongruent","Incongruent","Congruent","Congruent",123.999097,124.199095,"3#",0.692277,"Correct","Correct","Correct","Correct"
"10",63,"5_6_stimuli","5_5","Congruent","Incongruent","Incongruent","Congruent",125.999074,126.199081,"5%",1.060762,"Correct","Correct","Correct","Correct"
"10",64,"7_8_stimuli","7_7","Congruent","Congruent","Incongruent","Incongruent",127.999064,128.199063,"7&",0.756479,"Correct","Correct","Correct","Correct"
"10",65,"1_2_stimuli","2_1","Incongruent","Congruent","Congruent","Incongruent",129.999044,130.199041,"1!",0.820611,"Correct","Correct","Correct","Correct"
"10",66,"3_4_stimuli","3_3","Congruent","Incongruent","Congruent","Congruent",131.999033,132.199038,"3#",0.788313,"Correct","Correct","Correct","Correct"
"10",67,"5_6_stimuli","6_5","Incongruent","Congruent","Incongruent","Congruent",133.999013,134.199015,"5%",1.140337,"Correct","Correct","Correct","Correct"
"10",68,"7_8_stimuli","8_7","Incongruent","Incongruent","Congruent","Incongruent",135.99901,136.199009,"7&",0.980847,"Correct","Correct","Correct","Correct"
"11",1,"1_2_stimuli","2_2","Congruent",NA,NA,NA,1.999989,2.19999,"2@",1.016413,"Correct",NA,NA,NA
"11",2,"3_4_stimuli","3_4","Incongruent","Congruent",NA,NA,3.999975,4.199981,"4$",0.664807,"Correct","Correct",NA,NA
"11",3,"5_6_stimuli","6_5","Incongruent","Incongruent","Congruent",NA,5.999961,6.199958,"5%",0.376421,"Correct","Correct","Correct",NA
"11",4,"7_8_stimuli","8_7","Incongruent","Incongruent","Incongruent","Congruent",7.999949,8.19995,"6^",0.76046,"Error","Correct","Correct","Correct"
"11",5,"1_2_stimuli","2_2","Congruent","Incongruent","Incongruent","Incongruent",9.999927,10.199929,"2@",0.87286,"Correct","Error","Correct","Correct"
"11",6,"3_4_stimuli","3_3","Congruent","Congruent","Incongruent","Incongruent",11.999922,12.199913,"3#",0.584511,"Correct","Correct","Error","Correct"
"11",7,"5_6_stimuli","6_5","Incongruent","Congruent","Congruent","Incongruent",13.999901,14.199893,"5%",0.776696,"Correct","Correct","Correct","Error"
"11",8,"7_8_stimuli","8_8","Congruent","Incongruent","Congruent","Congruent",15.999885,16.199882,"8*",0.824488,"Correct","Correct","Correct","Correct"
"11",9,"1_2_stimuli","1_2","Incongruent","Congruent","Incongruent","Congruent",17.999866,18.199872,"2@",0.888697,"Correct","Correct","Correct","Correct"
"11",10,"3_4_stimuli","3_4","Incongruent","Incongruent","Congruent","Incongruent",19.999855,20.199858,"3#",0.792842,"Error","Correct","Correct","Correct"
"11",11,"5_6_stimuli","5_5","Congruent","Incongruent","Incongruent","Congruent",21.99984,22.199839,"5%",1.225,"Correct","Error","Correct","Correct"
"11",12,"7_8_stimuli","8_8","Congruent","Congruent","Incongruent","Incongruent",23.999834,24.199835,"8*",0.648976,"Correct","Correct","Error","Correct"
"11",13,"1_2_stimuli","2_2","Congruent","Congruent","Congruent","Incongruent",25.99981,26.199815,"2@",0.808566,"Correct","Correct","Correct","Error"
"11",14,"3_4_stimuli","4_3","Incongruent","Congruent","Congruent","Congruent",27.999796,28.199798,"3#",0.792478,"Correct","Correct","Correct","Correct"
"11",15,"5_6_stimuli","5_6","Incongruent","Incongruent","Congruent","Congruent",29.999787,30.19978,"6^",0.824946,"Correct","Correct","Correct","Correct"
"11",16,"7_8_stimuli","7_8","Incongruent","Incongruent","Incongruent","Congruent",31.999765,32.199758,"7&",1.161157,"Error","Correct","Correct","Correct"
"11",17,"1_2_stimuli","1_2","Incongruent","Incongruent","Incongruent","Incongruent",33.999746,34.19976,"Omission",5000,"Omission","Error","Correct","Correct"
"11",18,"3_4_stimuli","4_4","Congruent","Incongruent","Incongruent","Incongruent",35.999741,36.199738,"4$",0.79348,"Correct","Omission","Error","Correct"
"11",19,"5_6_stimuli","6_6","Congruent","Congruent","Incongruent","Incongruent",37.999735,38.19972,"6^",1.000876,"Correct","Correct","Omission","Error"
"11",20,"7_8_stimuli","7_7","Congruent","Congruent","Congruent","Incongruent",39.999722,40.19971,"7&",0.808924,"Correct","Correct","Correct","Omission"
"11",21,"1_2_stimuli","2_1","Incongruent","Congruent","Congruent","Congruent",41.999696,42.199697,"1!",0.713156,"Correct","Correct","Correct","Correct"
"11",22,"3_4_stimuli","3_3","Congruent","Incongruent","Congruent","Congruent",43.999681,44.19969,"3#",0.904901,"Correct","Correct","Correct","Correct"
"11",23,"5_6_stimuli","5_6","Incongruent","Congruent","Incongruent","Congruent",45.999665,46.199668,"6^",0.968927,"Correct","Correct","Correct","Correct"
"11",24,"7_8_stimuli","7_8","Incongruent","Incongruent","Congruent","Incongruent",47.999659,48.19965,"8*",0.729234,"Correct","Correct","Correct","Correct"
"11",25,"1_2_stimuli","1_1","Congruent","Incongruent","Incongruent","Congruent",49.999638,50.199635,"1!",0.664828,"Correct","Correct","Correct","Correct"
"11",26,"3_4_stimuli","4_3","Incongruent","Congruent","Incongruent","Incongruent",51.999624,52.199613,"3#",0.809358,"Correct","Correct","Correct","Correct"
"11",27,"5_6_stimuli","6_5","Incongruent","Incongruent","Congruent","Incongruent",53.999619,54.199613,"5%",0.857181,"Correct","Correct","Correct","Correct"
"11",28,"7_8_stimuli","7_7","Congruent","Incongruent","Incongruent","Congruent",55.999587,56.199601,"7&",0.712935,"Correct","Correct","Correct","Correct"
"11",29,"1_2_stimuli","2_2","Congruent","Congruent","Incongruent","Incongruent",57.999585,58.199586,"2@",0.649036,"Correct","Correct","Correct","Correct"
"11",30,"3_4_stimuli","3_4","Incongruent","Congruent","Congruent","Incongruent",59.999565,60.199571,"4$",0.745427,"Correct","Correct","Correct","Correct"
"11",31,"5_6_stimuli","5_5","Congruent","Incongruent","Congruent","Congruent",61.999552,62.19956,"6^",0.921236,"Error","Correct","Correct","Correct"
"11",32,"7_8_stimuli","8_8","Congruent","Congruent","Incongruent","Congruent",63.99954,64.199531,"8*",0.473487,"Correct","Error","Correct","Correct"
"11",33,"1_2_stimuli","2_1","Incongruent","Congruent","Congruent","Incongruent",65.99952,66.19952,"1!",0.5852,"Correct","Correct","Error","Correct"
"11",34,"3_4_stimuli","4_3","Incongruent","Incongruent","Congruent","Congruent",67.999506,68.199512,"3#",0.857233,"Correct","Correct","Correct","Error"
"11",35,"5_6_stimuli","6_5","Incongruent","Incongruent","Incongruent","Congruent",69.999485,70.199485,"5%",0.85698,"Correct","Correct","Correct","Correct"
"11",36,"7_8_stimuli","7_7","Congruent","Incongruent","Incongruent","Incongruent",71.999484,72.199475,"7&",0.809527,"Correct","Correct","Correct","Correct"
"11",37,"1_2_stimuli","2_1","Incongruent","Congruent","Incongruent","Incongruent",73.999472,74.199464,"1!",0.584959,"Correct","Correct","Correct","Correct"
"11",38,"3_4_stimuli","3_3","Congruent","Incongruent","Congruent","Incongruent",75.999448,76.199455,"3#",0.681933,"Correct","Correct","Correct","Correct"
"11",39,"5_6_stimuli","6_6","Congruent","Congruent","Incongruent","Congruent",77.999434,78.199444,"5%",0.778227,"Error","Correct","Correct","Correct"
"11",40,"7_8_stimuli","8_7","Incongruent","Congruent","Congruent","Incongruent",79.999427,80.19942,"7&",0.808939,"Correct","Error","Correct","Correct"
"11",41,"1_2_stimuli","1_2","Incongruent","Incongruent","Congruent","Congruent",81.9994,82.199413,"2@",0.857044,"Correct","Correct","Error","Correct"
"11",42,"3_4_stimuli","4_4","Congruent","Incongruent","Incongruent","Congruent",83.999392,84.199395,"4$",0.985417,"Correct","Correct","Correct","Error"
"11",43,"5_6_stimuli","5_6","Incongruent","Congruent","Incongruent","Incongruent",85.999373,86.199375,"6^",1.321678,"Correct","Correct","Correct","Correct"
"11",44,"7_8_stimuli","7_7","Congruent","Incongruent","Congruent","Incongruent",87.999364,88.199361,"7&",0.585273,"Correct","Correct","Correct","Correct"
"11",45,"1_2_stimuli","1_1","Congruent","Congruent","Incongruent","Congruent",89.999358,90.199351,"1!",0.553306,"Correct","Correct","Correct","Correct"
"11",46,"3_4_stimuli","4_4","Congruent","Congruent","Congruent","Incongruent",91.999341,92.199335,"4$",0.969721,"Correct","Correct","Correct","Correct"
"11",47,"5_6_stimuli","6_5","Incongruent","Congruent","Congruent","Congruent",93.99932,94.199332,"5%",0.649473,"Correct","Correct","Correct","Correct"
"11",48,"7_8_stimuli","8_7","Incongruent","Incongruent","Congruent","Congruent",95.999314,96.199309,"7&",1.001603,"Correct","Correct","Correct","Correct"
"11",49,"1_2_stimuli","1_2","Incongruent","Incongruent","Incongruent","Congruent",97.999292,98.199292,"2@",0.82524,"Correct","Correct","Correct","Correct"
"11",50,"3_4_stimuli","4_3","Incongruent","Incongruent","Incongruent","Incongruent",99.999286,100.19928,"3#",0.64968,"Correct","Correct","Correct","Correct"
"11",51,"5_6_stimuli","6_6","Congruent","Incongruent","Incongruent","Incongruent",101.999274,102.199264,"6^",0.921196,"Correct","Correct","Correct","Correct"
"11",52,"7_8_stimuli","7_8","Incongruent","Congruent","Incongruent","Incongruent",103.999256,104.199246,"8*",0.745626,"Correct","Correct","Correct","Correct"
"11",53,"1_2_stimuli","1_1","Congruent","Incongruent","Congruent","Incongruent",105.999245,106.199243,"1!",0.553724,"Correct","Correct","Correct","Correct"
"11",54,"3_4_stimuli","4_4","Congruent","Congruent","Incongruent","Congruent",107.999231,108.199232,"4$",0.873701,"Correct","Correct","Correct","Correct"
"11",55,"5_6_stimuli","5_5","Congruent","Congruent","Congruent","Incongruent",109.99921,110.199206,"5%",0.553858,"Correct","Correct","Correct","Correct"
"11",56,"7_8_stimuli","8_8","Congruent","Congruent","Congruent","Congruent",111.999197,112.199201,"8*",0.761746,"Correct","Correct","Correct","Correct"
"11",57,"1_2_stimuli","1_1","Congruent","Congruent","Congruent","Congruent",113.999182,114.199185,"1!",0.585784,"Correct","Correct","Correct","Correct"
"11",58,"3_4_stimuli","3_3","Congruent","Congruent","Congruent","Congruent",115.999167,116.199165,"3#",0.793315,"Correct","Correct","Correct","Correct"
"11",59,"5_6_stimuli","5_5","Congruent","Congruent","Congruent","Congruent",117.999158,118.199159,"5%",0.793779,"Correct","Correct","Correct","Correct"
"11",60,"7_8_stimuli","8_7","Incongruent","Congruent","Congruent","Congruent",119.99915,120.199148,"7&",0.905738,"Correct","Correct","Correct","Correct"
"11",61,"1_2_stimuli","2_2","Congruent","Incongruent","Congruent","Congruent",121.999137,122.199134,"2@",0.665423,"Correct","Correct","Correct","Correct"
"11",62,"3_4_stimuli","3_4","Incongruent","Congruent","Incongruent","Congruent",123.999114,124.199115,"3#",0.826097,"Error","Correct","Correct","Correct"
"11",63,"5_6_stimuli","6_6","Congruent","Incongruent","Congruent","Incongruent",125.99911,126.19912,"6^",1.049801,"Correct","Error","Correct","Correct"
"11",64,"7_8_stimuli","7_8","Incongruent","Congruent","Incongruent","Congruent",127.999087,128.19909,"8*",0.713874,"Correct","Correct","Error","Correct"
"11",65,"1_2_stimuli","2_1","Incongruent","Incongruent","Congruent","Incongruent",129.999075,130.199075,"1!",0.681454,"Correct","Correct","Correct","Error"
"11",66,"3_4_stimuli","3_4","Incongruent","Incongruent","Incongruent","Congruent",131.999065,132.199057,"3#",1.145475,"Error","Correct","Correct","Correct"
"11",67,"5_6_stimuli","5_6","Incongruent","Incongruent","Incongruent","Incongruent",133.999048,134.199052,"7&",1.226003,"Error","Error","Correct","Correct"
"11",68,"7_8_stimuli","8_7","Incongruent","Incongruent","Incongruent","Incongruent",135.999036,136.199035,"7&",1.065811,"Correct","Error","Error","Correct"
"12",1,"1_2_stimuli","1_1","Congruent",NA,NA,NA,2.000482,2.200477,"1!",0.57287,"Correct",NA,NA,NA
"12",2,"3_4_stimuli","3_3","Congruent","Congruent",NA,NA,4.00046,4.200459,"3#",0.797113,"Correct","Correct",NA,NA
"12",3,"5_6_stimuli","6_6","Congruent","Congruent","Congruent",NA,6.000444,6.200445,"5%",0.620963,"Error","Correct","Correct",NA
"12",4,"7_8_stimuli","8_7","Incongruent","Congruent","Congruent","Congruent",8.00044,8.200438,"7&",0.684929,"Correct","Error","Correct","Correct"
"12",5,"1_2_stimuli","2_2","Congruent","Incongruent","Congruent","Congruent",10.000428,10.20042,"2@",0.684941,"Correct","Correct","Error","Correct"
"12",6,"3_4_stimuli","3_3","Congruent","Congruent","Incongruent","Congruent",12.000413,12.200409,"3#",0.653232,"Correct","Correct","Correct","Error"
"12",7,"5_6_stimuli","5_6","Incongruent","Congruent","Congruent","Incongruent",14.000398,14.20039,"6^",0.860962,"Correct","Correct","Correct","Correct"
"12",8,"7_8_stimuli","7_8","Incongruent","Incongruent","Congruent","Congruent",16.000377,16.200382,"8*",0.668988,"Correct","Correct","Correct","Correct"
"12",9,"1_2_stimuli","2_2","Congruent","Incongruent","Incongruent","Congruent",18.000365,18.200365,"2@",0.717018,"Correct","Correct","Correct","Correct"
"12",10,"3_4_stimuli","3_4","Incongruent","Congruent","Incongruent","Incongruent",20.000361,20.200365,"3#",0.909435,"Error","Correct","Correct","Correct"
"12",11,"5_6_stimuli","5_5","Congruent","Incongruent","Congruent","Incongruent",22.000345,22.200352,"5%",0.653525,"Correct","Error","Correct","Correct"
"12",12,"7_8_stimuli","8_8","Congruent","Congruent","Incongruent","Congruent",24.000322,24.200325,"8*",0.781692,"Correct","Correct","Error","Correct"
"12",13,"1_2_stimuli","1_2","Incongruent","Congruent","Congruent","Incongruent",26.000316,26.200318,"2@",0.653087,"Correct","Correct","Correct","Error"
"12",14,"3_4_stimuli","4_3","Incongruent","Incongruent","Congruent","Congruent",28.000303,28.200308,"3#",0.525418,"Correct","Correct","Correct","Correct"
"12",15,"5_6_stimuli","5_6","Incongruent","Incongruent","Incongruent","Congruent",30.000287,30.2003,"6^",1.021058,"Correct","Correct","Correct","Correct"
"12",16,"7_8_stimuli","8_7","Incongruent","Incongruent","Incongruent","Incongruent",32.000283,32.200277,"7&",0.557257,"Correct","Correct","Correct","Correct"
"12",17,"1_2_stimuli","1_1","Congruent","Incongruent","Incongruent","Incongruent",34.00026,34.200262,"1!",0.509607,"Correct","Correct","Correct","Correct"
"12",18,"3_4_stimuli","4_4","Congruent","Congruent","Incongruent","Incongruent",36.000244,36.20026,"4$",0.797718,"Correct","Correct","Correct","Correct"
"12",19,"5_6_stimuli","6_6","Congruent","Congruent","Congruent","Incongruent",38.000236,38.200237,"6^",0.749094,"Correct","Correct","Correct","Correct"
"12",20,"7_8_stimuli","8_8","Congruent","Congruent","Congruent","Congruent",40.000217,40.200219,"8*",0.541673,"Correct","Correct","Correct","Correct"
"12",21,"1_2_stimuli","1_1","Congruent","Congruent","Congruent","Congruent",42.000218,42.200216,"1!",0.653732,"Correct","Correct","Correct","Correct"
"12",22,"3_4_stimuli","4_3","Incongruent","Congruent","Congruent","Congruent",44.000195,44.200194,"3#",0.909672,"Correct","Correct","Correct","Correct"
"12",23,"5_6_stimuli","6_6","Congruent","Incongruent","Congruent","Congruent",46.000185,46.200188,"7&",1.053244,"Error","Correct","Correct","Correct"
"12",24,"7_8_stimuli","8_7","Incongruent","Congruent","Incongruent","Congruent",48.000174,48.200174,"7&",0.765732,"Correct","Error","Correct","Correct"
"12",25,"1_2_stimuli","2_1","Incongruent","Incongruent","Congruent","Incongruent",50.000155,50.200161,"1!",0.701795,"Correct","Correct","Error","Correct"
"12",26,"3_4_stimuli","4_4","Congruent","Incongruent","Incongruent","Congruent",52.000149,52.200139,"4$",1.165906,"Correct","Correct","Correct","Error"
"12",27,"5_6_stimuli","6_6","Congruent","Congruent","Incongruent","Incongruent",54.000132,54.200134,"6^",1.08528,"Correct","Correct","Correct","Correct"
"12",28,"7_8_stimuli","7_7","Congruent","Congruent","Congruent","Incongruent",56.000116,56.200123,"7&",0.589768,"Correct","Correct","Correct","Correct"
"12",29,"1_2_stimuli","2_1","Incongruent","Congruent","Congruent","Congruent",58.00011,58.200104,"1!",0.717631,"Correct","Correct","Correct","Correct"
"12",30,"3_4_stimuli","3_3","Congruent","Incongruent","Congruent","Congruent",60.000095,60.200089,"3#",0.973306,"Correct","Correct","Correct","Correct"
"12",31,"5_6_stimuli","5_5","Congruent","Congruent","Incongruent","Congruent",62.00008,62.200078,"5%",0.941589,"Correct","Correct","Correct","Correct"
"12",32,"7_8_stimuli","7_8","Incongruent","Congruent","Congruent","Incongruent",64.00006,64.200058,"8*",0.71765,"Correct","Correct","Correct","Correct"
"12",33,"1_2_stimuli","1_2","Incongruent","Incongruent","Congruent","Congruent",66.000048,66.200048,"2@",0.717703,"Correct","Correct","Correct","Correct"
"12",34,"3_4_stimuli","4_3","Incongruent","Incongruent","Incongruent","Congruent",68.000042,68.200043,"3#",0.6056,"Correct","Correct","Correct","Correct"
"12",35,"5_6_stimuli","6_6","Congruent","Incongruent","Incongruent","Incongruent",70.000021,70.200019,"7&",0.89401,"Error","Correct","Correct","Correct"
"12",36,"7_8_stimuli","8_7","Incongruent","Congruent","Incongruent","Incongruent",72.000011,72.200023,"7&",0.861627,"Correct","Error","Correct","Correct"
"12",37,"1_2_stimuli","1_1","Congruent","Incongruent","Congruent","Incongruent",73.999994,74.2,"1!",0.57345,"Correct","Correct","Error","Correct"
"12",38,"3_4_stimuli","3_4","Incongruent","Congruent","Incongruent","Congruent",75.999987,76.199984,"3#",1.085507,"Error","Correct","Correct","Error"
"12",39,"5_6_stimuli","5_6","Incongruent","Incongruent","Congruent","Incongruent",77.999975,78.199987,"6^",0.941714,"Correct","Error","Correct","Correct"
"12",40,"7_8_stimuli","8_8","Congruent","Incongruent","Incongruent","Congruent",79.999967,80.199962,"8*",0.749684,"Correct","Correct","Error","Correct"
"12",41,"1_2_stimuli","1_1","Congruent","Congruent","Incongruent","Incongruent",81.99995,82.199951,"1!",0.653524,"Correct","Correct","Correct","Error"
"12",42,"3_4_stimuli","3_4","Incongruent","Congruent","Congruent","Incongruent",83.999941,84.199934,"4$",0.733508,"Correct","Correct","Correct","Correct"
"12",43,"5_6_stimuli","6_5","Incongruent","Incongruent","Congruent","Congruent",85.999926,86.199918,"5%",0.97378,"Correct","Correct","Correct","Correct"
"12",44,"7_8_stimuli","7_8","Incongruent","Incongruent","Incongruent","Congruent",87.999914,88.199909,"8*",0.941551,"Correct","Correct","Correct","Correct"
"12",45,"1_2_stimuli","2_1","Incongruent","Incongruent","Incongruent","Incongruent",89.9999,90.199895,"1!",0.637751,"Correct","Correct","Correct","Correct"
"12",46,"3_4_stimuli","4_3","Incongruent","Incongruent","Incongruent","Incongruent",91.999883,92.199885,"3#",1.021599,"Correct","Correct","Correct","Correct"
"12",47,"5_6_stimuli","6_5","Incongruent","Incongruent","Incongruent","Incongruent",93.999873,94.199868,"5%",0.989954,"Correct","Correct","Correct","Correct"
"12",48,"7_8_stimuli","7_7","Congruent","Incongruent","Incongruent","Incongruent",95.999854,96.199859,"7&",0.781971,"Correct","Correct","Correct","Correct"
"12",49,"1_2_stimuli","2_1","Incongruent","Congruent","Incongruent","Incongruent",97.999853,98.19985,"1!",0.622022,"Correct","Correct","Correct","Correct"
"12",50,"3_4_stimuli","4_4","Congruent","Incongruent","Congruent","Incongruent",99.999831,100.19983,"4$",0.989655,"Correct","Correct","Correct","Correct"
"12",51,"5_6_stimuli","6_5","Incongruent","Congruent","Incongruent","Congruent",101.999823,102.199818,"5%",0.910091,"Correct","Correct","Correct","Correct"
"12",52,"7_8_stimuli","8_7","Incongruent","Incongruent","Congruent","Incongruent",103.999811,104.199802,"7&",0.862072,"Correct","Correct","Correct","Correct"
"12",53,"1_2_stimuli","1_2","Incongruent","Incongruent","Incongruent","Congruent",105.999795,106.199786,"2@",0.878135,"Correct","Correct","Correct","Correct"
"12",54,"3_4_stimuli","4_4","Congruent","Incongruent","Incongruent","Incongruent",107.999784,108.199781,"4$",0.813648,"Correct","Correct","Correct","Correct"
"12",55,"5_6_stimuli","5_6","Incongruent","Congruent","Incongruent","Incongruent",109.999768,110.199767,"6^",1.150139,"Correct","Correct","Correct","Correct"
"12",56,"7_8_stimuli","8_8","Congruent","Incongruent","Congruent","Incongruent",111.999759,112.199751,"7&",0.91034,"Error","Correct","Correct","Correct"
"12",57,"1_2_stimuli","1_2","Incongruent","Congruent","Incongruent","Congruent",113.999737,114.199736,"2@",0.701957,"Correct","Error","Correct","Correct"
"12",58,"3_4_stimuli","3_4","Incongruent","Incongruent","Congruent","Incongruent",115.99973,116.199724,"4$",1.1662,"Correct","Correct","Error","Correct"
"12",59,"5_6_stimuli","5_5","Congruent","Incongruent","Incongruent","Congruent",117.999716,118.199709,"5%",0.781816,"Correct","Correct","Correct","Error"
"12",60,"7_8_stimuli","7_7","Congruent","Congruent","Incongruent","Incongruent",119.999709,120.199698,"7&",0.605794,"Correct","Correct","Correct","Correct"
"12",61,"1_2_stimuli","2_2","Congruent","Congruent","Congruent","Incongruent",121.999689,122.199689,"2@",0.637842,"Correct","Correct","Correct","Correct"
"12",62,"3_4_stimuli","3_3","Congruent","Congruent","Congruent","Congruent",123.99968,124.199681,"3#",0.49401,"Correct","Correct","Correct","Correct"
"12",63,"5_6_stimuli","6_5","Incongruent","Congruent","Congruent","Congruent",125.999657,126.199655,"5%",0.846169,"Correct","Correct","Correct","Correct"
"12",64,"7_8_stimuli","7_7","Congruent","Incongruent","Congruent","Congruent",127.999643,128.199651,"6^",0.910498,"Error","Correct","Correct","Correct"
"12",65,"1_2_stimuli","2_2","Congruent","Congruent","Incongruent","Congruent",129.999636,130.199641,"3#",0.845873,"Error","Error","Correct","Correct"
"12",66,"3_4_stimuli","3_3","Congruent","Congruent","Congruent","Incongruent",131.999626,132.19962,"3#",0.957992,"Correct","Error","Error","Correct"
"12",67,"5_6_stimuli","5_5","Congruent","Congruent","Congruent","Congruent",133.999611,134.199606,"5%",0.654331,"Correct","Correct","Error","Error"
"12",68,"7_8_stimuli","7_8","Incongruent","Congruent","Congruent","Congruent",135.9996,136.199604,"7&",0.973923,"Error","Correct","Correct","Error"
"13",1,"1_2_stimuli","1_2","Incongruent",NA,NA,NA,1.999986,2.199982,"2@",1.008623,"Correct",NA,NA,NA
"13",2,"3_4_stimuli","3_3","Congruent","Incongruent",NA,NA,3.999964,4.199967,"3#",0.433073,"Correct","Correct",NA,NA
"13",3,"5_6_stimuli","6_5","Incongruent","Congruent","Incongruent",NA,5.999952,6.199957,"5%",1.009199,"Correct","Correct","Correct",NA
"13",4,"7_8_stimuli","8_8","Congruent","Incongruent","Congruent","Incongruent",7.999946,8.199943,"8*",0.688674,"Correct","Correct","Correct","Correct"
"13",5,"1_2_stimuli","2_1","Incongruent","Congruent","Incongruent","Congruent",9.99993,10.199926,"1!",0.769018,"Correct","Correct","Correct","Correct"
"13",6,"3_4_stimuli","4_4","Congruent","Incongruent","Congruent","Incongruent",11.999923,12.199925,"4$",0.769155,"Correct","Correct","Correct","Correct"
"13",7,"5_6_stimuli","5_6","Incongruent","Congruent","Incongruent","Congruent",13.999911,14.199899,"6^",0.897271,"Correct","Correct","Correct","Correct"
"13",8,"7_8_stimuli","8_8","Congruent","Incongruent","Congruent","Incongruent",15.999891,16.19989,"8*",0.673298,"Correct","Correct","Correct","Correct"
"13",9,"1_2_stimuli","1_1","Congruent","Congruent","Incongruent","Congruent",17.999888,18.199881,"1!",0.528745,"Correct","Correct","Correct","Correct"
"13",10,"3_4_stimuli","3_3","Congruent","Congruent","Congruent","Incongruent",19.999861,20.199871,"3#",0.816851,"Correct","Correct","Correct","Correct"
"13",11,"5_6_stimuli","6_6","Congruent","Congruent","Congruent","Congruent",21.999851,22.199844,"6^",0.849327,"Correct","Correct","Correct","Correct"
"13",12,"7_8_stimuli","7_8","Incongruent","Congruent","Congruent","Congruent",23.999851,24.199845,"7&",0.816741,"Error","Correct","Correct","Correct"
"13",13,"1_2_stimuli","1_2","Incongruent","Incongruent","Congruent","Congruent",25.999833,26.199835,"2@",0.737255,"Correct","Error","Correct","Correct"
"13",14,"3_4_stimuli","4_4","Congruent","Incongruent","Incongruent","Congruent",27.99981,28.19982,"4$",0.929061,"Correct","Correct","Error","Correct"
"13",15,"5_6_stimuli","5_5","Congruent","Congruent","Incongruent","Incongruent",29.999813,30.199799,"5%",0.801087,"Correct","Correct","Correct","Error"
"13",16,"7_8_stimuli","8_7","Incongruent","Congruent","Congruent","Incongruent",31.999792,32.199772,"7&",0.993187,"Correct","Correct","Correct","Correct"
"13",17,"1_2_stimuli","1_1","Congruent","Incongruent","Congruent","Congruent",33.999774,34.199777,"1!",0.640915,"Correct","Correct","Correct","Correct"
"13",18,"3_4_stimuli","4_3","Incongruent","Congruent","Incongruent","Congruent",35.999762,36.199764,"3#",1.0409,"Correct","Correct","Correct","Correct"
"13",19,"5_6_stimuli","5_6","Incongruent","Incongruent","Congruent","Incongruent",37.99975,38.199758,"6^",1.32934,"Correct","Correct","Correct","Correct"
"13",20,"7_8_stimuli","7_8","Incongruent","Incongruent","Incongruent","Congruent",39.999738,40.199735,"8*",0.68943,"Correct","Correct","Correct","Correct"
"13",21,"1_2_stimuli","2_2","Congruent","Incongruent","Incongruent","Incongruent",41.999723,42.199727,"2@",0.593411,"Correct","Correct","Correct","Correct"
"13",22,"3_4_stimuli","4_3","Incongruent","Congruent","Incongruent","Incongruent",43.999712,44.19971,"3#",0.449487,"Correct","Correct","Correct","Correct"
"13",23,"5_6_stimuli","6_6","Congruent","Incongruent","Congruent","Incongruent",45.999703,46.199695,"6^",0.785392,"Correct","Correct","Correct","Correct"
"13",24,"7_8_stimuli","7_7","Congruent","Congruent","Incongruent","Congruent",47.999692,48.199686,"8*",0.577547,"Error","Correct","Correct","Correct"
"13",25,"1_2_stimuli","1_2","Incongruent","Congruent","Congruent","Incongruent",49.999674,50.199666,"2@",0.993325,"Correct","Error","Correct","Correct"
"13",26,"3_4_stimuli","4_3","Incongruent","Incongruent","Congruent","Congruent",51.999656,52.199669,"3#",0.497551,"Correct","Correct","Error","Correct"
"13",27,"5_6_stimuli","5_5","Congruent","Incongruent","Incongruent","Congruent",53.999645,54.199646,"5%",0.865077,"Correct","Correct","Correct","Error"
"13",28,"7_8_stimuli","7_8","Incongruent","Congruent","Incongruent","Incongruent",55.99964,56.199634,"8*",0.673579,"Correct","Correct","Correct","Correct"
"13",29,"1_2_stimuli","2_1","Incongruent","Incongruent","Congruent","Incongruent",57.999622,58.199629,"1!",0.849271,"Correct","Correct","Correct","Correct"
"13",30,"3_4_stimuli","3_4","Incongruent","Incongruent","Incongruent","Congruent",59.999617,60.199611,"4$",0.865247,"Correct","Correct","Correct","Correct"
"13",31,"5_6_stimuli","6_5","Incongruent","Incongruent","Incongruent","Incongruent",61.9996,62.199604,"5%",0.513123,"Correct","Correct","Correct","Correct"
"13",32,"7_8_stimuli","7_7","Congruent","Incongruent","Incongruent","Incongruent",63.999584,64.199573,"7&",0.481548,"Correct","Correct","Correct","Correct"
"13",33,"1_2_stimuli","1_2","Incongruent","Congruent","Incongruent","Incongruent",65.999569,66.199568,"2@",0.65765,"Correct","Correct","Correct","Correct"
"13",34,"3_4_stimuli","4_3","Incongruent","Incongruent","Congruent","Incongruent",67.999556,68.199547,"3#",0.625719,"Correct","Correct","Correct","Correct"
"13",35,"5_6_stimuli","6_5","Incongruent","Incongruent","Incongruent","Congruent",69.999555,70.199542,"6^",0.769083,"Error","Correct","Correct","Correct"
"13",36,"7_8_stimuli","8_7","Incongruent","Incongruent","Incongruent","Incongruent",71.999528,72.199531,"7&",0.769227,"Correct","Error","Correct","Correct"
"13",37,"1_2_stimuli","1_2","Incongruent","Incongruent","Incongruent","Incongruent",73.999518,74.199511,"2@",0.913391,"Correct","Correct","Error","Correct"
"13",38,"3_4_stimuli","3_4","Incongruent","Incongruent","Incongruent","Incongruent",75.999515,76.199509,"4$",0.753242,"Correct","Correct","Correct","Error"
"13",39,"5_6_stimuli","5_5","Congruent","Incongruent","Incongruent","Incongruent",77.999502,78.19949,"5%",0.577497,"Correct","Correct","Correct","Correct"
"13",40,"7_8_stimuli","7_7","Congruent","Congruent","Incongruent","Incongruent",79.999479,80.199476,"7&",0.769259,"Correct","Correct","Correct","Correct"
"13",41,"1_2_stimuli","2_2","Congruent","Congruent","Congruent","Incongruent",81.999464,82.199461,"2@",0.769671,"Correct","Correct","Correct","Correct"
"13",42,"3_4_stimuli","3_4","Incongruent","Congruent","Congruent","Congruent",83.999472,84.199458,"4$",0.769254,"Correct","Correct","Correct","Correct"
"13",43,"5_6_stimuli","5_6","Incongruent","Incongruent","Congruent","Congruent",85.999442,86.199436,"6^",0.801264,"Correct","Correct","Correct","Correct"
"13",44,"7_8_stimuli","8_8","Congruent","Incongruent","Incongruent","Congruent",87.99942,88.19942,"8*",0.57765,"Correct","Correct","Correct","Correct"
"13",45,"1_2_stimuli","2_2","Congruent","Congruent","Incongruent","Incongruent",89.999425,90.199422,"2@",0.68933,"Correct","Correct","Correct","Correct"
"13",46,"3_4_stimuli","3_4","Incongruent","Congruent","Congruent","Incongruent",91.999409,92.199402,"4$",0.865525,"Correct","Correct","Correct","Correct"
"13",47,"5_6_stimuli","6_6","Congruent","Incongruent","Congruent","Congruent",93.999388,94.199381,"6^",0.977579,"Correct","Correct","Correct","Correct"
"13",48,"7_8_stimuli","7_8","Incongruent","Congruent","Incongruent","Congruent",95.999375,96.199372,"8*",0.689927,"Correct","Correct","Correct","Correct"
"13",49,"1_2_stimuli","1_1","Congruent","Incongruent","Congruent","Incongruent",97.999358,98.199357,"1!",0.641399,"Correct","Correct","Correct","Correct"
"13",50,"3_4_stimuli","3_3","Congruent","Congruent","Incongruent","Congruent",99.99935,100.199342,"3#",1.137648,"Correct","Correct","Correct","Correct"
"13",51,"5_6_stimuli","6_5","Incongruent","Congruent","Congruent","Incongruent",101.999341,102.19933,"5%",0.977896,"Correct","Correct","Correct","Correct"
"13",52,"7_8_stimuli","8_7","Incongruent","Incongruent","Congruent","Congruent",103.999315,104.199317,"6^",0.929945,"Error","Correct","Correct","Correct"
"13",53,"1_2_stimuli","2_1","Incongruent","Incongruent","Incongruent","Congruent",105.999308,106.199318,"1!",0.625416,"Correct","Error","Correct","Correct"
"13",54,"3_4_stimuli","3_3","Congruent","Incongruent","Incongruent","Incongruent",107.999292,108.199291,"3#",0.961481,"Correct","Correct","Error","Correct"
"13",55,"5_6_stimuli","5_6","Incongruent","Congruent","Incongruent","Incongruent",109.99929,110.199287,"6^",0.817983,"Correct","Correct","Correct","Error"
"13",56,"7_8_stimuli","8_7","Incongruent","Incongruent","Congruent","Incongruent",111.999268,112.199264,"7&",0.465888,"Correct","Correct","Correct","Correct"
"13",57,"1_2_stimuli","1_1","Congruent","Incongruent","Incongruent","Congruent",113.999254,114.199253,"1!",0.497686,"Correct","Correct","Correct","Correct"
"13",58,"3_4_stimuli","3_3","Congruent","Congruent","Incongruent","Incongruent",115.999245,116.199244,"3#",0.737973,"Correct","Correct","Correct","Correct"
"13",59,"5_6_stimuli","6_6","Congruent","Congruent","Congruent","Incongruent",117.999244,118.199225,"6^",1.105545,"Correct","Correct","Correct","Correct"
"13",60,"7_8_stimuli","8_8","Congruent","Congruent","Congruent","Congruent",119.999221,120.199215,"8*",0.593786,"Correct","Correct","Correct","Correct"
"13",61,"1_2_stimuli","2_1","Incongruent","Congruent","Congruent","Congruent",121.999209,122.199208,"1!",0.657592,"Correct","Correct","Correct","Correct"
"13",62,"3_4_stimuli","4_4","Congruent","Incongruent","Congruent","Congruent",123.999189,124.199188,"4$",0.785819,"Correct","Correct","Correct","Correct"
"13",63,"5_6_stimuli","5_5","Congruent","Congruent","Incongruent","Congruent",125.999187,126.19918,"5%",0.593933,"Correct","Correct","Correct","Correct"
"13",64,"7_8_stimuli","8_8","Congruent","Congruent","Congruent","Incongruent",127.999169,128.199162,"8*",0.594012,"Correct","Correct","Correct","Correct"
"13",65,"1_2_stimuli","2_2","Congruent","Congruent","Congruent","Congruent",129.999152,130.199148,"2@",0.850074,"Correct","Correct","Correct","Correct"
"13",66,"3_4_stimuli","4_4","Congruent","Congruent","Congruent","Congruent",131.999137,132.19914,"4$",0.689999,"Correct","Correct","Correct","Correct"
"13",67,"5_6_stimuli","6_5","Incongruent","Congruent","Congruent","Congruent",133.999124,134.199128,"5%",0.722025,"Correct","Correct","Correct","Correct"
"13",68,"7_8_stimuli","7_7","Congruent","Incongruent","Congruent","Congruent",135.999112,136.19911,"7&",0.978034,"Correct","Correct","Correct","Correct"
